layer_index,item_index,image_word,condition,pass,probability_congruent
0,0,library,congruent,✅,0.5112555684430179
0,0,refrigerator,congruent,✅,0.5177174620992088
0,0,library,incongruent,❌,0.5167957185924297
0,0,refrigerator,incongruent,❌,0.5111002560411562
0,1,disappointment,congruent,✅,0.5472929664855277
0,1,delight,congruent,✅,0.5207481913423275
0,1,disappointment,incongruent,❌,0.5207868588450018
0,1,delight,incongruent,❌,0.5471806000219054
0,10,cash,congruent,✅,0.5037018329944549
0,10,groceries,congruent,❌,0.4710565469483187
0,10,cash,incongruent,✅,0.4693519699737089
0,10,groceries,incongruent,❌,0.5028984568988775
0,11,lonely,congruent,✅,0.5236538357568618
0,11,confident,congruent,✅,0.5143494941977765
0,11,lonely,incongruent,❌,0.514797008126815
0,11,confident,incongruent,❌,0.5239155438776205
0,12,joy,congruent,❌,0.47738201659112744
0,12,outrage,congruent,❌,0.4835126305673241
0,12,joy,incongruent,✅,0.48370952197780104
0,12,outrage,incongruent,✅,0.477348513152366
0,13,traffic,congruent,✅,0.5181086336983909
0,13,snowstorm,congruent,✅,0.5329655378991824
0,13,traffic,incongruent,❌,0.5327221520422555
0,13,snowstorm,incongruent,❌,0.5183963603872989
0,14,laughter,congruent,❌,0.4828774659788093
0,14,frustration,congruent,✅,0.5052770393509254
0,14,laughter,incongruent,❌,0.5066715559224124
0,14,frustration,incongruent,✅,0.48173372778112716
0,15,calculator,congruent,❌,0.4861813789233271
0,15,instrument,congruent,✅,0.521707743027219
0,15,calculator,incongruent,❌,0.5218190788513908
0,15,instrument,incongruent,✅,0.4861729113164872
0,16,orchestra,congruent,✅,0.5187472441067081
0,16,racers,congruent,✅,0.5116802283467466
0,16,orchestra,incongruent,❌,0.5109769167218672
0,16,racers,incongruent,❌,0.5180429964850974
0,17,retirement,congruent,✅,0.5002524478786803
0,17,playdate,congruent,✅,0.5197079187922137
0,17,retirement,incongruent,❌,0.5176370361524086
0,17,playdate,incongruent,❌,0.5033015034915815
0,18,relieved,congruent,✅,0.5344752864495751
0,18,depressed,congruent,✅,0.5310766174214496
0,18,relieved,incongruent,❌,0.5308194362664876
0,18,depressed,incongruent,❌,0.5336674963906864
0,19,friends,congruent,✅,0.5048747625627162
0,19,weight,congruent,✅,0.5070155325254252
0,19,friends,incongruent,❌,0.508516325448595
0,19,weight,incongruent,❌,0.5042903627757642
0,2,overcoat,congruent,✅,0.5076167056371671
0,2,sandals,congruent,✅,0.5371431410003422
0,2,overcoat,incongruent,❌,0.5364560409721133
0,2,sandals,incongruent,❌,0.5070801572659352
0,20,lipstick,congruent,✅,0.5112852418610321
0,20,song,congruent,❌,0.4964619669137447
0,20,lipstick,incongruent,✅,0.49701636735123544
0,20,song,incongruent,❌,0.5111017857894816
0,21,fought,congruent,✅,0.5391581502460743
0,21,sang,congruent,✅,0.5229636303277578
0,21,fought,incongruent,❌,0.520901590978155
0,21,sang,incongruent,❌,0.5411478522202346
0,22,skeptical,congruent,❌,0.49535903902893663
0,22,reassured,congruent,❌,0.4976010697601149
0,22,skeptical,incongruent,✅,0.49414221847070056
0,22,reassured,incongruent,✅,0.49825295206239834
0,23,graduation,congruent,❌,0.49806239733978536
0,23,operation,congruent,✅,0.5080870441592453
0,23,graduation,incongruent,❌,0.5078365703692772
0,23,operation,incongruent,✅,0.49945940044776116
0,24,bride,congruent,✅,0.5010735420106632
0,24,aftermath,congruent,✅,0.512078722556101
0,24,bride,incongruent,❌,0.512162423754343
0,24,aftermath,incongruent,❌,0.5011889216030112
0,25,teacher,congruent,❌,0.46764721764301215
0,25,daughter,congruent,❌,0.48619152341448335
0,25,teacher,incongruent,✅,0.4857487848281106
0,25,daughter,incongruent,✅,0.4679847101451761
0,26,roommate,congruent,❌,0.48555444419625393
0,26,grandma,congruent,❌,0.48852387968540417
0,26,roommate,incongruent,✅,0.4888726222766634
0,26,grandma,incongruent,✅,0.48561026941764
0,27,brother,congruent,✅,0.5171099160979176
0,27,mother,congruent,✅,0.5000204092079609
0,27,brother,incongruent,❌,0.5003060105493349
0,27,mother,incongruent,❌,0.5172584164246851
0,28,preschool,congruent,✅,0.5010772103218167
0,28,prison,congruent,❌,0.4761441851781001
0,28,preschool,incongruent,✅,0.47896091903730464
0,28,prison,incongruent,✅,0.4951822374369931
0,29,hopeful,congruent,✅,0.5013437865543613
0,29,hopeless,congruent,✅,0.5461979756187422
0,29,hopeful,incongruent,❌,0.5445306426329851
0,29,hopeless,incongruent,❌,0.5035436615699036
0,3,marathon,congruent,❌,0.48476521073326384
0,3,exam,congruent,✅,0.511365974282397
0,3,marathon,incongruent,❌,0.5112323495734044
0,3,exam,incongruent,✅,0.48430231692444625
0,30,appalled,congruent,✅,0.509852361005678
0,30,overjoyed,congruent,✅,0.5171544540445906
0,30,appalled,incongruent,❌,0.5154877566695962
0,30,overjoyed,incongruent,❌,0.510676211226711
0,31,reprimand,congruent,❌,0.46903838079537824
0,31,encouragement,congruent,❌,0.4777617028610856
0,31,reprimand,incongruent,✅,0.4778629296594145
0,31,encouragement,incongruent,✅,0.47207265055211023
0,32,angrily,congruent,❌,0.4837209160905023
0,32,cordially,congruent,✅,0.531431113127195
0,32,angrily,incongruent,❌,0.5308057212281388
0,32,cordially,incongruent,✅,0.48471172197016393
0,33,accusatory,congruent,❌,0.4839385464645446
0,33,flirtatious,congruent,✅,0.5190610770728095
0,33,accusatory,incongruent,❌,0.5201340027647059
0,33,flirtatious,incongruent,✅,0.48327984744092595
0,34,disapprovingly,congruent,❌,0.46569904465112544
0,34,lovingly,congruent,✅,0.5348619221683654
0,34,disapprovingly,incongruent,❌,0.536094824114002
0,34,lovingly,incongruent,✅,0.4912008234470475
0,35,playful,congruent,✅,0.5456237678462768
0,35,distant,congruent,✅,0.5233689844514966
0,35,playful,incongruent,❌,0.5235181230698042
0,35,distant,incongruent,❌,0.5449196817383497
0,36,headphones,congruent,❌,0.4688705743376908
0,36,mangoes,congruent,❌,0.46593746273711195
0,36,headphones,incongruent,✅,0.4794847118440276
0,36,mangoes,incongruent,✅,0.4683842991310503
0,37,playroom,congruent,✅,0.509667042133491
0,37,park,congruent,❌,0.4881830711822156
0,37,playroom,incongruent,✅,0.48762772761604545
0,37,park,incongruent,❌,0.5094472197373088
0,38,bedroom,congruent,✅,0.5056959198119754
0,38,backyard,congruent,✅,0.5221182661666588
0,38,bedroom,incongruent,❌,0.5229324329979784
0,38,backyard,incongruent,❌,0.5050164343058281
0,39,solemnly,congruent,✅,0.5267099351486667
0,39,excitedly,congruent,❌,0.47311321160928993
0,39,solemnly,incongruent,✅,0.4749369248698424
0,39,excitedly,incongruent,❌,0.5268838174779977
0,4,menu,congruent,❌,0.49573373384950387
0,4,prescription,congruent,✅,0.5005483108602884
0,4,menu,incongruent,✅,0.4958003226856483
0,4,prescription,incongruent,✅,0.49868038830764294
0,40,car,congruent,❌,0.4900555212235165
0,40,sock,congruent,❌,0.48050447951371633
0,40,car,incongruent,✅,0.48031739354013375
0,40,sock,incongruent,✅,0.48802086834770936
0,41,overdressed,congruent,❌,0.45087365401308394
0,41,naked,congruent,❌,0.44359265413780785
0,41,overdressed,incongruent,✅,0.44518744948089173
0,41,naked,incongruent,✅,0.449877564324854
0,42,shy,congruent,❌,0.48210978394577036
0,42,lively,congruent,❌,0.486213662963431
0,42,shy,incongruent,✅,0.4853044602634882
0,42,lively,incongruent,✅,0.4817812957619261
0,43,offended,congruent,❌,0.48314869555709966
0,43,flattered,congruent,❌,0.47438680013146317
0,43,offended,incongruent,✅,0.47565410564100963
0,43,flattered,incongruent,✅,0.48679248556205323
0,44,grandkid,congruent,❌,0.46596920993357643
0,44,cellmate,congruent,✅,0.5084090481164714
0,44,grandkid,incongruent,❌,0.5098859802753724
0,44,cellmate,incongruent,✅,0.46594872403999454
0,45,promoted,congruent,❌,0.4826387086480744
0,45,fired,congruent,❌,0.49637500062769374
0,45,promoted,incongruent,✅,0.4970555989667342
0,45,fired,incongruent,✅,0.4832878893066995
0,46,shooting,congruent,❌,0.4594378805746746
0,46,celebration,congruent,✅,0.5028938681739088
0,46,shooting,incongruent,❌,0.5031092127353434
0,46,celebration,incongruent,✅,0.4589964469087701
0,47,crayon,congruent,❌,0.4934504500080424
0,47,beer,congruent,✅,0.5133987651505898
0,47,crayon,incongruent,❌,0.5148908468260506
0,47,beer,incongruent,✅,0.49250793941963117
0,48,waiter,congruent,✅,0.5120002447283318
0,48,taxi,congruent,✅,0.5227122953991888
0,48,waiter,incongruent,❌,0.5234907799306661
0,48,taxi,incongruent,❌,0.5115813992167205
0,49,parents,congruent,❌,0.49545235781771296
0,49,keys,congruent,❌,0.45645285519024825
0,49,parents,incongruent,✅,0.456279449315743
0,49,keys,incongruent,✅,0.4956564878391952
0,5,distress,congruent,❌,0.44324628764400664
0,5,tranquility,congruent,❌,0.4776806006918911
0,5,distress,incongruent,✅,0.47695743293043896
0,5,tranquility,incongruent,✅,0.4444845215866077
0,50,sofa,congruent,✅,0.5098052531045719
0,50,sky,congruent,✅,0.5394063737958156
0,50,sofa,incongruent,❌,0.5373088714868383
0,50,sky,incongruent,❌,0.5114313851034491
0,51,obesity,congruent,❌,0.498464848572592
0,51,homework,congruent,❌,0.4765942176202109
0,51,obesity,incongruent,✅,0.47651114213001006
0,51,homework,incongruent,✅,0.4975961955406768
0,52,quiz,congruent,✅,0.5461628916441996
0,52,commute,congruent,✅,0.516578794520243
0,52,quiz,incongruent,❌,0.5159498364803727
0,52,commute,incongruent,❌,0.5469802368011335
0,53,migraine,congruent,✅,0.5035588368699793
0,53,excitement,congruent,✅,0.5206539212986152
0,53,migraine,incongruent,❌,0.5209754282691558
0,53,excitement,incongruent,❌,0.5028444654353704
0,54,niece,congruent,✅,0.505278667290561
0,54,husband,congruent,✅,0.5171908865274737
0,54,niece,incongruent,❌,0.5167627301258065
0,54,husband,incongruent,❌,0.505031095211703
0,55,film,congruent,❌,0.4778789931041982
0,55,sunrise,congruent,❌,0.4577632467809175
0,55,film,incongruent,✅,0.4573301719637636
0,55,sunrise,incongruent,✅,0.48023767193558153
0,56,lecture,congruent,✅,0.5585777339497877
0,56,banquet,congruent,✅,0.5115702919774737
0,56,lecture,incongruent,❌,0.5103522357164489
0,56,banquet,incongruent,❌,0.55963672400947
0,57,drink,congruent,✅,0.5352722026290638
0,57,textbook,congruent,✅,0.513129399980841
0,57,drink,incongruent,❌,0.5129856905683957
0,57,textbook,incongruent,❌,0.5355530431521538
0,58,pool,congruent,❌,0.49853553175590065
0,58,snow,congruent,✅,0.5070594886199626
0,58,pool,incongruent,❌,0.5075009042255841
0,58,snow,incongruent,✅,0.4977736179396044
0,59,passport,congruent,❌,0.4984383469257091
0,59,plushy,congruent,✅,0.509427218967701
0,59,passport,incongruent,❌,0.511221516092627
0,59,plushy,incongruent,✅,0.4979546468326104
0,6,patients,congruent,❌,0.49665755226600666
0,6,students,congruent,❌,0.4861673271238641
0,6,patients,incongruent,✅,0.4867253421364035
0,6,students,incongruent,✅,0.49645663824891983
0,60,sister,congruent,❌,0.4797937170782659
0,60,father,congruent,✅,0.5179112881722342
0,60,sister,incongruent,❌,0.5164454581214755
0,60,father,incongruent,✅,0.4803693882214563
0,61,game,congruent,✅,0.5115946192849598
0,61,sunset,congruent,❌,0.49375260573190016
0,61,game,incongruent,✅,0.4927548639492711
0,61,sunset,incongruent,❌,0.511400530366823
0,62,holidays,congruent,❌,0.49996074203010804
0,62,funeral,congruent,✅,0.5070000596524754
0,62,holidays,incongruent,❌,0.5072057514130923
0,62,funeral,incongruent,❌,0.5006215400047184
0,63,grades,congruent,✅,0.5214331043397625
0,63,affair,congruent,❌,0.474252832187589
0,63,grades,incongruent,✅,0.476025892071533
0,63,affair,incongruent,❌,0.5208647379678913
0,64,arrest,congruent,❌,0.4545904685706806
0,64,stroke,congruent,❌,0.4780290261410923
0,64,arrest,incongruent,✅,0.47926457143950435
0,64,stroke,incongruent,✅,0.4536173134755791
0,65,pacifier,congruent,❌,0.45768485731844766
0,65,coffee,congruent,❌,0.48908084042097394
0,65,pacifier,incongruent,✅,0.4898815321538362
0,65,coffee,incongruent,✅,0.45751615402313806
0,66,sweets,congruent,❌,0.4833729293976695
0,66,sentencing,congruent,✅,0.5162832474447121
0,66,sweets,incongruent,❌,0.5164059114317046
0,66,sentencing,incongruent,✅,0.48809309737415646
0,67,nap,congruent,❌,0.4698755693002072
0,67,selfie,congruent,❌,0.48084018665067024
0,67,nap,incongruent,✅,0.48294371906318734
0,67,selfie,incongruent,✅,0.46945274508589385
0,68,diaper,congruent,✅,0.5091971384443712
0,68,tire,congruent,✅,0.5008378522368075
0,68,diaper,incongruent,❌,0.5007417009599455
0,68,tire,incongruent,❌,0.5094829809489412
0,69,chemotherapy,congruent,✅,0.5134390441931637
0,69,golf,congruent,✅,0.5180954779674514
0,69,chemotherapy,incongruent,❌,0.5177533937418467
0,69,golf,incongruent,❌,0.5128467342307365
0,7,consensus,congruent,✅,0.5698101211746622
0,7,deadlock,congruent,✅,0.5163561198913499
0,7,consensus,incongruent,❌,0.5172221197075656
0,7,deadlock,incongruent,❌,0.5693329460062158
0,70,thunder,congruent,✅,0.5047721706231009
0,70,lullaby,congruent,✅,0.5035237264730894
0,70,thunder,incongruent,❌,0.5070984682734911
0,70,lullaby,incongruent,❌,0.5030978036578317
0,71,pajamas,congruent,✅,0.5231806421056553
0,71,uniform,congruent,❌,0.4896906460847862
0,71,pajamas,incongruent,✅,0.49131508443783967
0,71,uniform,incongruent,❌,0.518548573165279
0,72,gown,congruent,❌,0.49206125790038996
0,72,sweats,congruent,❌,0.4869299273223142
0,72,gown,incongruent,✅,0.48622762969726685
0,72,sweats,incongruent,✅,0.49166769275946787
0,73,deadline,congruent,❌,0.48473381713174296
0,73,bed,congruent,❌,0.48846685002135254
0,73,deadline,incongruent,✅,0.48943563306307564
0,73,bed,incongruent,✅,0.48512056718365276
0,74,kindergarten,congruent,❌,0.48665534345569983
0,74,jail,congruent,❌,0.4983209411019051
0,74,kindergarten,incongruent,✅,0.49985431160242255
0,74,jail,incongruent,✅,0.48628302152076525
0,75,interrogated,congruent,✅,0.5007294240033326
0,75,tickled,congruent,❌,0.476563186403544
0,75,interrogated,incongruent,✅,0.4757882819880507
0,75,tickled,incongruent,❌,0.5023571697177601
0,76,sandcastle,congruent,✅,0.5162671889175803
0,76,snowman,congruent,❌,0.48970418708722396
0,76,sandcastle,incongruent,✅,0.4904662258724064
0,76,snowman,incongruent,❌,0.5160651452723094
0,77,music,congruent,❌,0.49417796189099716
0,77,pizza,congruent,❌,0.47422928899765326
0,77,music,incongruent,✅,0.47008831192551115
0,77,pizza,incongruent,✅,0.4958853167728071
0,78,playoffs,congruent,❌,0.4815333970306431
0,78,cartoon,congruent,❌,0.4903429115187099
0,78,playoffs,incongruent,✅,0.489967541385251
0,78,cartoon,incongruent,✅,0.4811157184290642
0,79,alcoholism,congruent,✅,0.5033622959408302
0,79,academics,congruent,✅,0.5252299256013984
0,79,alcoholism,incongruent,❌,0.5246190085475702
0,79,academics,incongruent,❌,0.5042343406504608
0,8,engagement,congruent,❌,0.47496008977714244
0,8,cancer,congruent,❌,0.4773156935726787
0,8,engagement,incongruent,✅,0.475863702236516
0,8,cancer,incongruent,✅,0.476263582423316
0,9,terminal,congruent,✅,0.5112708071070965
0,9,classroom,congruent,✅,0.5109599461387558
0,9,terminal,incongruent,❌,0.5110527460791701
0,9,classroom,incongruent,❌,0.5121540387968677
1,0,library,congruent,✅,0.5237897580041837
1,0,refrigerator,congruent,✅,0.5070372972847363
1,0,library,incongruent,❌,0.5035080336798003
1,0,refrigerator,incongruent,❌,0.5312423272174843
1,1,disappointment,congruent,❌,0.48305090219578906
1,1,delight,congruent,❌,0.44271309194490055
1,1,disappointment,incongruent,✅,0.4500830332355197
1,1,delight,incongruent,✅,0.480190663270029
1,10,cash,congruent,❌,0.4673594332819711
1,10,groceries,congruent,❌,0.4705570208197434
1,10,cash,incongruent,✅,0.48023192556583244
1,10,groceries,incongruent,✅,0.465189669292851
1,11,lonely,congruent,❌,0.49437618332700406
1,11,confident,congruent,❌,0.49266066941184894
1,11,lonely,incongruent,✅,0.493488978434504
1,11,confident,incongruent,✅,0.48261537067169935
1,12,joy,congruent,✅,0.514309805567017
1,12,outrage,congruent,✅,0.527586451517832
1,12,joy,incongruent,❌,0.5186527530569943
1,12,outrage,incongruent,❌,0.5212460512755648
1,13,traffic,congruent,❌,0.47356903163187414
1,13,snowstorm,congruent,❌,0.40123974665049683
1,13,traffic,incongruent,✅,0.41065249015566757
1,13,snowstorm,incongruent,✅,0.4681679428133025
1,14,laughter,congruent,❌,0.49245397480099745
1,14,frustration,congruent,❌,0.48318102698368803
1,14,laughter,incongruent,✅,0.4757037979275159
1,14,frustration,incongruent,✅,0.4947905348302262
1,15,calculator,congruent,❌,0.44339833507109094
1,15,instrument,congruent,✅,0.5906061226310062
1,15,calculator,incongruent,❌,0.5794749839027661
1,15,instrument,incongruent,✅,0.45500222844757676
1,16,orchestra,congruent,❌,0.4981985101886822
1,16,racers,congruent,✅,0.5298617306288835
1,16,orchestra,incongruent,❌,0.507169841422713
1,16,racers,incongruent,❌,0.503097803407705
1,17,retirement,congruent,✅,0.5259803378735094
1,17,playdate,congruent,✅,0.5083922654884558
1,17,retirement,incongruent,❌,0.5015548465548247
1,17,playdate,incongruent,❌,0.5257393040707548
1,18,relieved,congruent,❌,0.48461851375790876
1,18,depressed,congruent,❌,0.4933690753989278
1,18,relieved,incongruent,✅,0.4964548803571132
1,18,depressed,incongruent,✅,0.4778585383675342
1,19,friends,congruent,❌,0.46054657115623815
1,19,weight,congruent,❌,0.46560300776749175
1,19,friends,incongruent,✅,0.44032938162118274
1,19,weight,incongruent,✅,0.4724497744658064
1,2,overcoat,congruent,✅,0.5726757370496858
1,2,sandals,congruent,✅,0.5655390893164757
1,2,overcoat,incongruent,❌,0.5676600950876446
1,2,sandals,incongruent,❌,0.5714521725149153
1,20,lipstick,congruent,❌,0.4414232796732577
1,20,song,congruent,❌,0.4626663932044546
1,20,lipstick,incongruent,✅,0.4587248266333477
1,20,song,incongruent,✅,0.44697482418736917
1,21,fought,congruent,❌,0.49073952972672696
1,21,sang,congruent,❌,0.45477511890882705
1,21,fought,incongruent,✅,0.45651720844263916
1,21,sang,incongruent,✅,0.49708119649880705
1,22,skeptical,congruent,✅,0.5377217099892905
1,22,reassured,congruent,❌,0.4969204560791738
1,22,skeptical,incongruent,❌,0.5012440234907886
1,22,reassured,incongruent,❌,0.5343939777121547
1,23,graduation,congruent,❌,0.4560455623643056
1,23,operation,congruent,❌,0.4742155168313559
1,23,graduation,incongruent,✅,0.47186527986368654
1,23,operation,incongruent,✅,0.46323132652771937
1,24,bride,congruent,❌,0.48156482999513844
1,24,aftermath,congruent,✅,0.5714520208534887
1,24,bride,incongruent,❌,0.5442387228523371
1,24,aftermath,incongruent,✅,0.48551268638032935
1,25,teacher,congruent,❌,0.49285743444368957
1,25,daughter,congruent,✅,0.5453080281396223
1,25,teacher,incongruent,❌,0.5496507270273282
1,25,daughter,incongruent,✅,0.4934064432863289
1,26,roommate,congruent,✅,0.52638400750184
1,26,grandma,congruent,✅,0.5539124098974805
1,26,roommate,incongruent,❌,0.5535358126047628
1,26,grandma,incongruent,❌,0.5295804933890941
1,27,brother,congruent,✅,0.5018881583109817
1,27,mother,congruent,❌,0.49539375837517924
1,27,brother,incongruent,❌,0.5008004301421908
1,27,mother,incongruent,✅,0.49728945687953297
1,28,preschool,congruent,❌,0.4885747070178158
1,28,prison,congruent,❌,0.48172477777513495
1,28,preschool,incongruent,✅,0.4913075029268483
1,28,prison,incongruent,✅,0.4772597300386761
1,29,hopeful,congruent,✅,0.5115786697075887
1,29,hopeless,congruent,✅,0.5375622875805162
1,29,hopeful,incongruent,❌,0.5375139490961512
1,29,hopeless,incongruent,❌,0.5104546165286319
1,3,marathon,congruent,✅,0.5061027907921042
1,3,exam,congruent,✅,0.5443457209919762
1,3,marathon,incongruent,❌,0.5467684058290933
1,3,exam,incongruent,✅,0.4987436867396762
1,30,appalled,congruent,❌,0.4834644329023749
1,30,overjoyed,congruent,❌,0.48390698699204737
1,30,appalled,incongruent,✅,0.49145279736038994
1,30,overjoyed,incongruent,✅,0.4783302835013078
1,31,reprimand,congruent,✅,0.5430348720219395
1,31,encouragement,congruent,❌,0.49047830225756317
1,31,reprimand,incongruent,✅,0.48683243294003686
1,31,encouragement,incongruent,❌,0.5326077676100842
1,32,angrily,congruent,❌,0.49659372646177646
1,32,cordially,congruent,❌,0.46544328727488593
1,32,angrily,incongruent,✅,0.49841021411892544
1,32,cordially,incongruent,✅,0.48733291892204705
1,33,accusatory,congruent,❌,0.4480631833824873
1,33,flirtatious,congruent,✅,0.5460609002140372
1,33,accusatory,incongruent,❌,0.5498125925080558
1,33,flirtatious,incongruent,✅,0.4478010376564625
1,34,disapprovingly,congruent,✅,0.5240740225522291
1,34,lovingly,congruent,✅,0.5032923468751028
1,34,disapprovingly,incongruent,❌,0.5041368005323552
1,34,lovingly,incongruent,❌,0.5406263375918722
1,35,playful,congruent,❌,0.4404785348537217
1,35,distant,congruent,❌,0.49756333647166845
1,35,playful,incongruent,✅,0.49967413642811626
1,35,distant,incongruent,✅,0.4326216040077753
1,36,headphones,congruent,❌,0.4251685493278087
1,36,mangoes,congruent,✅,0.5962590016140501
1,36,headphones,incongruent,❌,0.5893224022739258
1,36,mangoes,incongruent,✅,0.41130245323154524
1,37,playroom,congruent,✅,0.5821670332141026
1,37,park,congruent,❌,0.47282272428836386
1,37,playroom,incongruent,✅,0.48245439885076624
1,37,park,incongruent,❌,0.570569999514039
1,38,bedroom,congruent,✅,0.5008147695343868
1,38,backyard,congruent,❌,0.4412956395155967
1,38,bedroom,incongruent,✅,0.446528524240784
1,38,backyard,incongruent,✅,0.4912158632431432
1,39,solemnly,congruent,❌,0.48363851953112724
1,39,excitedly,congruent,✅,0.533598707026786
1,39,solemnly,incongruent,❌,0.518438652211686
1,39,excitedly,incongruent,✅,0.4839478323115596
1,4,menu,congruent,❌,0.47250183179480426
1,4,prescription,congruent,❌,0.4891133851949231
1,4,menu,incongruent,✅,0.4940354522042432
1,4,prescription,incongruent,✅,0.4666201834506541
1,40,car,congruent,❌,0.46132659883496474
1,40,sock,congruent,❌,0.45452008380090825
1,40,car,incongruent,✅,0.45951799915642744
1,40,sock,incongruent,✅,0.4544158631332387
1,41,overdressed,congruent,✅,0.5914359417392503
1,41,naked,congruent,✅,0.5043873527060179
1,41,overdressed,incongruent,❌,0.5351857257872069
1,41,naked,incongruent,❌,0.5739179258218162
1,42,shy,congruent,❌,0.491594548722532
1,42,lively,congruent,✅,0.5290019144007465
1,42,shy,incongruent,❌,0.5266899689309095
1,42,lively,incongruent,✅,0.4941468332701934
1,43,offended,congruent,❌,0.47477566089461537
1,43,flattered,congruent,❌,0.4772292716416294
1,43,offended,incongruent,✅,0.4674186829260763
1,43,flattered,incongruent,✅,0.48867820586225796
1,44,grandkid,congruent,✅,0.5016628043644574
1,44,cellmate,congruent,❌,0.4792726984120347
1,44,grandkid,incongruent,✅,0.4959985990927792
1,44,cellmate,incongruent,✅,0.48255541101113447
1,45,promoted,congruent,❌,0.46550547407952364
1,45,fired,congruent,❌,0.4558573277286404
1,45,promoted,incongruent,✅,0.4533759547566152
1,45,fired,incongruent,✅,0.4636055540015524
1,46,shooting,congruent,❌,0.47043510925929694
1,46,celebration,congruent,✅,0.5170723005608256
1,46,shooting,incongruent,❌,0.5171984636548125
1,46,celebration,incongruent,✅,0.4857592302521582
1,47,crayon,congruent,✅,0.5083582647895886
1,47,beer,congruent,✅,0.528737103242996
1,47,crayon,incongruent,❌,0.5009628841350954
1,47,beer,incongruent,❌,0.5146667215887133
1,48,waiter,congruent,✅,0.531409991030656
1,48,taxi,congruent,✅,0.5283779244426655
1,48,waiter,incongruent,❌,0.5154570700081234
1,48,taxi,incongruent,❌,0.548351916867739
1,49,parents,congruent,❌,0.4887717514322148
1,49,keys,congruent,❌,0.38963682733074007
1,49,parents,incongruent,✅,0.3949507800869329
1,49,keys,incongruent,✅,0.48993483595540704
1,5,distress,congruent,✅,0.5117260172358656
1,5,tranquility,congruent,✅,0.5032888429664958
1,5,distress,incongruent,❌,0.5176085917117108
1,5,tranquility,incongruent,❌,0.5123851556023377
1,50,sofa,congruent,❌,0.4629972967976227
1,50,sky,congruent,✅,0.5235398913720275
1,50,sofa,incongruent,❌,0.5270968288852007
1,50,sky,incongruent,✅,0.4533973127074677
1,51,obesity,congruent,❌,0.46401776980226717
1,51,homework,congruent,✅,0.5125766680313636
1,51,obesity,incongruent,❌,0.5134074108681465
1,51,homework,incongruent,✅,0.46476581617475154
1,52,quiz,congruent,❌,0.4944683948283972
1,52,commute,congruent,✅,0.5116516936411268
1,52,quiz,incongruent,❌,0.5043098303397784
1,52,commute,incongruent,❌,0.5101158381609538
1,53,migraine,congruent,✅,0.5485430013694925
1,53,excitement,congruent,❌,0.4987970502759371
1,53,migraine,incongruent,❌,0.5038256273741784
1,53,excitement,incongruent,❌,0.5440132783598581
1,54,niece,congruent,❌,0.4619466901145715
1,54,husband,congruent,❌,0.46120732423384203
1,54,niece,incongruent,✅,0.4564088983498363
1,54,husband,incongruent,✅,0.4656932292690801
1,55,film,congruent,✅,0.5450715854030569
1,55,sunrise,congruent,❌,0.44559112753488334
1,55,film,incongruent,✅,0.42054273651205354
1,55,sunrise,incongruent,❌,0.5666953047776271
1,56,lecture,congruent,❌,0.4852839954630341
1,56,banquet,congruent,✅,0.5172317547907199
1,56,lecture,incongruent,❌,0.5124536283502847
1,56,banquet,incongruent,✅,0.4999812006733851
1,57,drink,congruent,✅,0.5252863725167655
1,57,textbook,congruent,✅,0.5306738378112573
1,57,drink,incongruent,❌,0.5248556137109724
1,57,textbook,incongruent,❌,0.5248599404932857
1,58,pool,congruent,✅,0.5372263197916248
1,58,snow,congruent,❌,0.49364522236352976
1,58,pool,incongruent,✅,0.48545331052856194
1,58,snow,incongruent,❌,0.5398275342171861
1,59,passport,congruent,✅,0.5380620744044903
1,59,plushy,congruent,✅,0.5121081735455368
1,59,passport,incongruent,✅,0.49039767520355315
1,59,plushy,incongruent,❌,0.558916365574332
1,6,patients,congruent,✅,0.520463916448788
1,6,students,congruent,✅,0.5734545207554126
1,6,patients,incongruent,❌,0.568205574846905
1,6,students,incongruent,❌,0.5237380601996343
1,60,sister,congruent,❌,0.47684884545022604
1,60,father,congruent,✅,0.5007898173646639
1,60,sister,incongruent,❌,0.5035848325429967
1,60,father,incongruent,✅,0.47380812967867475
1,61,game,congruent,❌,0.4875451553005204
1,61,sunset,congruent,✅,0.5171533672150858
1,61,game,incongruent,❌,0.5206499958289501
1,61,sunset,incongruent,✅,0.4720360070952424
1,62,holidays,congruent,❌,0.4638964721114839
1,62,funeral,congruent,✅,0.5323483827829137
1,62,holidays,incongruent,❌,0.5335422792820796
1,62,funeral,incongruent,✅,0.45789689437120956
1,63,grades,congruent,❌,0.4934511997968575
1,63,affair,congruent,❌,0.4659149865021813
1,63,grades,incongruent,✅,0.4840343816151531
1,63,affair,incongruent,✅,0.4621562328802029
1,64,arrest,congruent,✅,0.5044305934631853
1,64,stroke,congruent,✅,0.5087976163357734
1,64,arrest,incongruent,❌,0.5121758071571544
1,64,stroke,incongruent,❌,0.5012329760887788
1,65,pacifier,congruent,✅,0.5085447935940901
1,65,coffee,congruent,✅,0.5071840608311925
1,65,pacifier,incongruent,❌,0.5098244851672398
1,65,coffee,incongruent,✅,0.4987430963460112
1,66,sweets,congruent,✅,0.5048577255455144
1,66,sentencing,congruent,✅,0.5238709125406451
1,66,sweets,incongruent,❌,0.5415881985950888
1,66,sentencing,incongruent,✅,0.4970388892403135
1,67,nap,congruent,❌,0.44721443056700516
1,67,selfie,congruent,❌,0.479428791793514
1,67,nap,incongruent,✅,0.4702796688132395
1,67,selfie,incongruent,✅,0.4597951984919285
1,68,diaper,congruent,❌,0.4607974140743271
1,68,tire,congruent,❌,0.4434843284243766
1,68,diaper,incongruent,✅,0.4389420464937123
1,68,tire,incongruent,✅,0.46450283399566333
1,69,chemotherapy,congruent,✅,0.546685004636114
1,69,golf,congruent,❌,0.4639654770213363
1,69,chemotherapy,incongruent,✅,0.48180793128518384
1,69,golf,incongruent,❌,0.5435724829755454
1,7,consensus,congruent,❌,0.47521611987554563
1,7,deadlock,congruent,✅,0.5354577931143053
1,7,consensus,incongruent,❌,0.5334205800629271
1,7,deadlock,incongruent,✅,0.4768553515438145
1,70,thunder,congruent,✅,0.5349249920007217
1,70,lullaby,congruent,❌,0.4820207451483816
1,70,thunder,incongruent,✅,0.49426962836595073
1,70,lullaby,incongruent,❌,0.5196159830717394
1,71,pajamas,congruent,✅,0.5438312506667891
1,71,uniform,congruent,✅,0.5220802721615163
1,71,pajamas,incongruent,❌,0.5329764077279957
1,71,uniform,incongruent,❌,0.5397655387089315
1,72,gown,congruent,✅,0.5366980716184009
1,72,sweats,congruent,✅,0.5090789989177278
1,72,gown,incongruent,❌,0.5055681947745914
1,72,sweats,incongruent,❌,0.5426194188358535
1,73,deadline,congruent,❌,0.43119421821600634
1,73,bed,congruent,✅,0.534758140134795
1,73,deadline,incongruent,❌,0.5349283591709854
1,73,bed,incongruent,✅,0.42803061505293355
1,74,kindergarten,congruent,❌,0.4838077236242715
1,74,jail,congruent,❌,0.4640124017656185
1,74,kindergarten,incongruent,✅,0.47677903161493
1,74,jail,incongruent,✅,0.45695858534468986
1,75,interrogated,congruent,✅,0.5047521629921103
1,75,tickled,congruent,❌,0.4368470398677784
1,75,interrogated,incongruent,✅,0.43327673753508067
1,75,tickled,incongruent,❌,0.5028418489845768
1,76,sandcastle,congruent,❌,0.470347832348948
1,76,snowman,congruent,❌,0.49234712647235573
1,76,sandcastle,incongruent,❌,0.5022474170738355
1,76,snowman,incongruent,✅,0.45768530559290865
1,77,music,congruent,✅,0.5015793776650095
1,77,pizza,congruent,✅,0.529343839464766
1,77,music,incongruent,❌,0.5434386356209636
1,77,pizza,incongruent,✅,0.4949939987683897
1,78,playoffs,congruent,✅,0.5284714926502934
1,78,cartoon,congruent,✅,0.5471125512812522
1,78,playoffs,incongruent,❌,0.5619248334597111
1,78,cartoon,incongruent,❌,0.5134909935804187
1,79,alcoholism,congruent,✅,0.5294622074081445
1,79,academics,congruent,❌,0.45644710885641554
1,79,alcoholism,incongruent,✅,0.4601304283029153
1,79,academics,incongruent,❌,0.5236301407358206
1,8,engagement,congruent,❌,0.4636553715206765
1,8,cancer,congruent,❌,0.48469651392753293
1,8,engagement,incongruent,✅,0.4887245703544496
1,8,cancer,incongruent,✅,0.449817422547172
1,9,terminal,congruent,✅,0.5708089597544822
1,9,classroom,congruent,✅,0.513838583947951
1,9,terminal,incongruent,❌,0.5126305355640692
1,9,classroom,incongruent,❌,0.5755390471842511
2,0,library,congruent,❌,0.45628310409718736
2,0,refrigerator,congruent,❌,0.4915699911138696
2,0,library,incongruent,✅,0.48925933485207934
2,0,refrigerator,incongruent,✅,0.4639880558792045
2,1,disappointment,congruent,❌,0.4146999443928806
2,1,delight,congruent,❌,0.4366595150885586
2,1,disappointment,incongruent,✅,0.4427336131486598
2,1,delight,incongruent,✅,0.4107989170474436
2,10,cash,congruent,✅,0.5465901085174871
2,10,groceries,congruent,❌,0.4683355464264764
2,10,cash,incongruent,✅,0.47546550209629124
2,10,groceries,incongruent,❌,0.5369978043598288
2,11,lonely,congruent,✅,0.5510825910428974
2,11,confident,congruent,✅,0.5641218748602091
2,11,lonely,incongruent,❌,0.5708514247647214
2,11,confident,incongruent,❌,0.5432377187514533
2,12,joy,congruent,✅,0.5959254161158564
2,12,outrage,congruent,✅,0.5055185547834902
2,12,joy,incongruent,✅,0.4991772300799622
2,12,outrage,incongruent,❌,0.6123523710808949
2,13,traffic,congruent,❌,0.46628046530777084
2,13,snowstorm,congruent,❌,0.48740538000708306
2,13,traffic,incongruent,✅,0.4868879978368755
2,13,snowstorm,incongruent,✅,0.46477914412514576
2,14,laughter,congruent,❌,0.49368364047787816
2,14,frustration,congruent,✅,0.5155011675600295
2,14,laughter,incongruent,❌,0.5226930121603837
2,14,frustration,incongruent,✅,0.48362327957620815
2,15,calculator,congruent,❌,0.45589996279480904
2,15,instrument,congruent,✅,0.5036276664161421
2,15,calculator,incongruent,❌,0.5091698846522564
2,15,instrument,incongruent,✅,0.4603551316085779
2,16,orchestra,congruent,✅,0.5130470880894051
2,16,racers,congruent,❌,0.47978665530149595
2,16,orchestra,incongruent,✅,0.4671058441448709
2,16,racers,incongruent,❌,0.5135329393068684
2,17,retirement,congruent,✅,0.5204800119878552
2,17,playdate,congruent,❌,0.4524651472663536
2,17,retirement,incongruent,✅,0.44003083907747104
2,17,playdate,incongruent,❌,0.5242226840967235
2,18,relieved,congruent,❌,0.41522191434695177
2,18,depressed,congruent,❌,0.4143198650079913
2,18,relieved,incongruent,✅,0.4206043679747653
2,18,depressed,incongruent,✅,0.41112374196960494
2,19,friends,congruent,✅,0.5332028677855112
2,19,weight,congruent,✅,0.5102742811306819
2,19,friends,incongruent,❌,0.5071058566149544
2,19,weight,incongruent,❌,0.5289956952622835
2,2,overcoat,congruent,✅,0.526140278048804
2,2,sandals,congruent,✅,0.5402719915837655
2,2,overcoat,incongruent,❌,0.5422105896082843
2,2,sandals,incongruent,❌,0.5176719061949195
2,20,lipstick,congruent,❌,0.4367581364820148
2,20,song,congruent,✅,0.5034622968582547
2,20,lipstick,incongruent,✅,0.4985837225351871
2,20,song,incongruent,✅,0.4466823822467434
2,21,fought,congruent,❌,0.4847524029165668
2,21,sang,congruent,❌,0.469524209197564
2,21,fought,incongruent,✅,0.4487289938966912
2,21,sang,incongruent,✅,0.49670144132290567
2,22,skeptical,congruent,✅,0.5407092863586216
2,22,reassured,congruent,❌,0.46393212277485274
2,22,skeptical,incongruent,✅,0.4570801821145633
2,22,reassured,incongruent,❌,0.5456907132315909
2,23,graduation,congruent,❌,0.4610626517949496
2,23,operation,congruent,✅,0.5405429439687081
2,23,graduation,incongruent,❌,0.5365636092535969
2,23,operation,incongruent,✅,0.4697141451461117
2,24,bride,congruent,❌,0.46339681142915123
2,24,aftermath,congruent,❌,0.4237083502248792
2,24,bride,incongruent,✅,0.4179585008162491
2,24,aftermath,incongruent,✅,0.468140741000071
2,25,teacher,congruent,✅,0.5028292351367333
2,25,daughter,congruent,✅,0.539391180618237
2,25,teacher,incongruent,❌,0.5368012664146851
2,25,daughter,incongruent,✅,0.4977555403392885
2,26,roommate,congruent,❌,0.48724445825817153
2,26,grandma,congruent,✅,0.5355750358618279
2,26,roommate,incongruent,❌,0.5399782775192267
2,26,grandma,incongruent,✅,0.4946734477417003
2,27,brother,congruent,✅,0.5050213555332111
2,27,mother,congruent,❌,0.4899933926996029
2,27,brother,incongruent,✅,0.4865251401867095
2,27,mother,incongruent,❌,0.5079997309080907
2,28,preschool,congruent,✅,0.5396407091477244
2,28,prison,congruent,❌,0.46708896934149335
2,28,preschool,incongruent,✅,0.4767456843047622
2,28,prison,incongruent,❌,0.5212983298252923
2,29,hopeful,congruent,❌,0.43731281861138865
2,29,hopeless,congruent,✅,0.5284724276214596
2,29,hopeful,incongruent,❌,0.5295843271413052
2,29,hopeless,incongruent,✅,0.4336658952276021
2,3,marathon,congruent,✅,0.5480519067110393
2,3,exam,congruent,✅,0.575623425262049
2,3,marathon,incongruent,❌,0.5812274228607183
2,3,exam,incongruent,❌,0.5342151348813368
2,30,appalled,congruent,✅,0.5037352554991723
2,30,overjoyed,congruent,❌,0.4513437075865019
2,30,appalled,incongruent,✅,0.45167986505379687
2,30,overjoyed,incongruent,❌,0.5060997996377394
2,31,reprimand,congruent,❌,0.38994271205359904
2,31,encouragement,congruent,✅,0.5041552587535528
2,31,reprimand,incongruent,❌,0.5148310209258551
2,31,encouragement,incongruent,✅,0.38695489366644714
2,32,angrily,congruent,❌,0.49275515868564057
2,32,cordially,congruent,❌,0.46538727535670943
2,32,angrily,incongruent,✅,0.4833009329615664
2,32,cordially,incongruent,✅,0.48821021183079344
2,33,accusatory,congruent,✅,0.5546067619456678
2,33,flirtatious,congruent,❌,0.48740228975462474
2,33,accusatory,incongruent,✅,0.4990733534978194
2,33,flirtatious,incongruent,❌,0.5476510875642322
2,34,disapprovingly,congruent,✅,0.5605443567397616
2,34,lovingly,congruent,❌,0.49078846823851296
2,34,disapprovingly,incongruent,✅,0.4945036894507634
2,34,lovingly,incongruent,❌,0.5598435501053293
2,35,playful,congruent,❌,0.46673404275870495
2,35,distant,congruent,❌,0.47834728442533353
2,35,playful,incongruent,✅,0.48798892234895713
2,35,distant,incongruent,✅,0.4495146657441343
2,36,headphones,congruent,✅,0.5337771323345684
2,36,mangoes,congruent,✅,0.7046606636354446
2,36,headphones,incongruent,❌,0.6914650036958258
2,36,mangoes,incongruent,❌,0.5316997342864542
2,37,playroom,congruent,✅,0.565099123406796
2,37,park,congruent,❌,0.4707048436312349
2,37,playroom,incongruent,✅,0.4687410401597469
2,37,park,incongruent,❌,0.5531807135612308
2,38,bedroom,congruent,✅,0.5569797225848344
2,38,backyard,congruent,❌,0.4781078125398177
2,38,bedroom,incongruent,✅,0.4844360360450104
2,38,backyard,incongruent,❌,0.5492917259799767
2,39,solemnly,congruent,❌,0.44908961504117395
2,39,excitedly,congruent,✅,0.5014419949555454
2,39,solemnly,incongruent,✅,0.4947293470879883
2,39,excitedly,incongruent,✅,0.4496720681574927
2,4,menu,congruent,✅,0.5266648820842885
2,4,prescription,congruent,❌,0.48404658153699787
2,4,menu,incongruent,❌,0.5017956739353169
2,4,prescription,incongruent,❌,0.5018332563915413
2,40,car,congruent,❌,0.45967689501589803
2,40,sock,congruent,❌,0.47165030616891546
2,40,car,incongruent,✅,0.46597218381024835
2,40,sock,incongruent,✅,0.4672868736143179
2,41,overdressed,congruent,✅,0.5782503420898956
2,41,naked,congruent,✅,0.507238401564836
2,41,overdressed,incongruent,❌,0.5335295554334238
2,41,naked,incongruent,❌,0.5522585829689703
2,42,shy,congruent,❌,0.43507293621901505
2,42,lively,congruent,✅,0.5072092564534979
2,42,shy,incongruent,❌,0.5005009523659394
2,42,lively,incongruent,✅,0.44941930998690516
2,43,offended,congruent,✅,0.5602449751737182
2,43,flattered,congruent,✅,0.5753484743491232
2,43,offended,incongruent,❌,0.571806119018269
2,43,flattered,incongruent,❌,0.5687246793771071
2,44,grandkid,congruent,❌,0.46006196228858753
2,44,cellmate,congruent,❌,0.41736943540217825
2,44,grandkid,incongruent,✅,0.4232368553240981
2,44,cellmate,incongruent,✅,0.44823137779023636
2,45,promoted,congruent,❌,0.48207443315251003
2,45,fired,congruent,✅,0.587949590297423
2,45,promoted,incongruent,❌,0.5860921413922996
2,45,fired,incongruent,✅,0.47127064090123616
2,46,shooting,congruent,❌,0.4683558326783033
2,46,celebration,congruent,✅,0.5323924668046806
2,46,shooting,incongruent,❌,0.531968719997775
2,46,celebration,incongruent,✅,0.4642742501124185
2,47,crayon,congruent,❌,0.46707250202574924
2,47,beer,congruent,✅,0.5129657073629608
2,47,crayon,incongruent,✅,0.48776334298740137
2,47,beer,incongruent,❌,0.506073160443336
2,48,waiter,congruent,✅,0.5231435167991861
2,48,taxi,congruent,❌,0.47097466004506855
2,48,waiter,incongruent,✅,0.4804677070410233
2,48,taxi,incongruent,❌,0.5350608615872577
2,49,parents,congruent,✅,0.5115095611312183
2,49,keys,congruent,❌,0.47432505238108835
2,49,parents,incongruent,✅,0.46874448555908577
2,49,keys,incongruent,❌,0.5088811872953977
2,5,distress,congruent,✅,0.6322827054904102
2,5,tranquility,congruent,✅,0.5176424679673554
2,5,distress,incongruent,❌,0.5203210880284445
2,5,tranquility,incongruent,❌,0.6359417759026437
2,50,sofa,congruent,❌,0.43902613409653735
2,50,sky,congruent,✅,0.5210634366063147
2,50,sofa,incongruent,❌,0.5496137400776354
2,50,sky,incongruent,✅,0.4333018633093497
2,51,obesity,congruent,❌,0.49543590721179986
2,51,homework,congruent,✅,0.5518045804033848
2,51,obesity,incongruent,❌,0.5566141817177056
2,51,homework,incongruent,✅,0.493700462114763
2,52,quiz,congruent,❌,0.4491625965239363
2,52,commute,congruent,✅,0.5212546460319296
2,52,quiz,incongruent,❌,0.5185992067625106
2,52,commute,incongruent,✅,0.45991989719654763
2,53,migraine,congruent,✅,0.5766952777181871
2,53,excitement,congruent,✅,0.5702361233071743
2,53,migraine,incongruent,❌,0.5714184875095948
2,53,excitement,incongruent,❌,0.5796601160252297
2,54,niece,congruent,✅,0.5015485591686255
2,54,husband,congruent,✅,0.5146621454001852
2,54,niece,incongruent,❌,0.5177110081515639
2,54,husband,incongruent,✅,0.4999174367082892
2,55,film,congruent,✅,0.5118983033432799
2,55,sunrise,congruent,❌,0.4071395706322321
2,55,film,incongruent,✅,0.40076816327350756
2,55,sunrise,incongruent,❌,0.5325945830386639
2,56,lecture,congruent,❌,0.48809251598374015
2,56,banquet,congruent,✅,0.5430044967663532
2,56,lecture,incongruent,❌,0.5366980823192267
2,56,banquet,incongruent,✅,0.49467804034269514
2,57,drink,congruent,❌,0.4655565160937642
2,57,textbook,congruent,❌,0.4737745780455842
2,57,drink,incongruent,✅,0.46821472876512343
2,57,textbook,incongruent,✅,0.4687964508413318
2,58,pool,congruent,✅,0.5347352397052698
2,58,snow,congruent,❌,0.46165557959259784
2,58,pool,incongruent,✅,0.4563003283548541
2,58,snow,incongruent,❌,0.5329376243953812
2,59,passport,congruent,❌,0.4847114326395649
2,59,plushy,congruent,✅,0.6872910274541595
2,59,passport,incongruent,❌,0.6804251938554895
2,59,plushy,incongruent,✅,0.4779541343624322
2,6,patients,congruent,✅,0.5027887982738117
2,6,students,congruent,✅,0.6181537976560791
2,6,patients,incongruent,❌,0.6080132803630836
2,6,students,incongruent,❌,0.5052004840450245
2,60,sister,congruent,❌,0.43936781832973726
2,60,father,congruent,✅,0.5154104507924203
2,60,sister,incongruent,❌,0.5105718011924566
2,60,father,incongruent,✅,0.44329206327079596
2,61,game,congruent,✅,0.5328478820947965
2,61,sunset,congruent,✅,0.5241916825168674
2,61,game,incongruent,❌,0.5246187972716695
2,61,sunset,incongruent,❌,0.5172549743155344
2,62,holidays,congruent,❌,0.44956065046198823
2,62,funeral,congruent,✅,0.5235915073758883
2,62,holidays,incongruent,❌,0.5244385475045544
2,62,funeral,incongruent,✅,0.4413453770387801
2,63,grades,congruent,❌,0.45132323727915347
2,63,affair,congruent,✅,0.5538557008980434
2,63,grades,incongruent,❌,0.5674986740993673
2,63,affair,incongruent,✅,0.43931386343906775
2,64,arrest,congruent,❌,0.4544657722353704
2,64,stroke,congruent,❌,0.4111017139678145
2,64,arrest,incongruent,✅,0.4087149954564098
2,64,stroke,incongruent,✅,0.46077178245478473
2,65,pacifier,congruent,❌,0.47471543390932075
2,65,coffee,congruent,❌,0.4979709486310335
2,65,pacifier,incongruent,✅,0.48709606091065677
2,65,coffee,incongruent,✅,0.47771880397889427
2,66,sweets,congruent,❌,0.4334104007103426
2,66,sentencing,congruent,✅,0.5190914295947088
2,66,sweets,incongruent,❌,0.5267321176094433
2,66,sentencing,incongruent,✅,0.426004734704097
2,67,nap,congruent,✅,0.5416400400226055
2,67,selfie,congruent,❌,0.44241667347572367
2,67,nap,incongruent,✅,0.44153824782519363
2,67,selfie,incongruent,❌,0.548336819621358
2,68,diaper,congruent,✅,0.5287697337155635
2,68,tire,congruent,❌,0.4318986937095458
2,68,diaper,incongruent,✅,0.4158333013604159
2,68,tire,incongruent,❌,0.5443802302854406
2,69,chemotherapy,congruent,✅,0.5128827484596234
2,69,golf,congruent,✅,0.6397203317361946
2,69,chemotherapy,incongruent,❌,0.6326373117888957
2,69,golf,incongruent,❌,0.5163066668281342
2,7,consensus,congruent,❌,0.4359506375605489
2,7,deadlock,congruent,❌,0.4557157074146112
2,7,consensus,incongruent,✅,0.4472789292461316
2,7,deadlock,incongruent,✅,0.44175296940020004
2,70,thunder,congruent,❌,0.48597026835065116
2,70,lullaby,congruent,❌,0.36288325979819697
2,70,thunder,incongruent,✅,0.3741318810679199
2,70,lullaby,incongruent,✅,0.47943387347281946
2,71,pajamas,congruent,✅,0.5009252210398601
2,71,uniform,congruent,✅,0.555397448403014
2,71,pajamas,incongruent,❌,0.5499912631537979
2,71,uniform,incongruent,❌,0.5061687594102973
2,72,gown,congruent,✅,0.5670247106948423
2,72,sweats,congruent,✅,0.5167377215081606
2,72,gown,incongruent,❌,0.5151224452581773
2,72,sweats,incongruent,❌,0.5661097932530725
2,73,deadline,congruent,❌,0.4672790240892089
2,73,bed,congruent,❌,0.4512639366276669
2,73,deadline,incongruent,✅,0.4643463860160677
2,73,bed,incongruent,✅,0.43876950343073967
2,74,kindergarten,congruent,❌,0.45469627783563005
2,74,jail,congruent,❌,0.429092338077899
2,74,kindergarten,incongruent,✅,0.4476917361024754
2,74,jail,incongruent,✅,0.43251163143944155
2,75,interrogated,congruent,❌,0.4861988831325373
2,75,tickled,congruent,❌,0.41828533499880816
2,75,interrogated,incongruent,✅,0.4086974913965647
2,75,tickled,incongruent,✅,0.49917030652123884
2,76,sandcastle,congruent,✅,0.5531437488899466
2,76,snowman,congruent,❌,0.4846373915480121
2,76,sandcastle,incongruent,✅,0.49752265541464064
2,76,snowman,incongruent,❌,0.5421744906328246
2,77,music,congruent,❌,0.4853269969671574
2,77,pizza,congruent,✅,0.5439169365471667
2,77,music,incongruent,❌,0.5641473282719822
2,77,pizza,incongruent,✅,0.4744086804091695
2,78,playoffs,congruent,❌,0.4656501869910212
2,78,cartoon,congruent,✅,0.6246297434750204
2,78,playoffs,incongruent,❌,0.6316389369609968
2,78,cartoon,incongruent,✅,0.45642058297212335
2,79,alcoholism,congruent,✅,0.564807178964554
2,79,academics,congruent,✅,0.5338551550496812
2,79,alcoholism,incongruent,❌,0.5323151994682344
2,79,academics,incongruent,❌,0.5561066909047345
2,8,engagement,congruent,❌,0.4651226684259358
2,8,cancer,congruent,❌,0.45638206541581894
2,8,engagement,incongruent,✅,0.47136578088086184
2,8,cancer,incongruent,✅,0.4536740954177016
2,9,terminal,congruent,✅,0.5281318604245727
2,9,classroom,congruent,❌,0.4850869132356362
2,9,terminal,incongruent,✅,0.47274673603830114
2,9,classroom,incongruent,❌,0.5257431196162994
3,0,library,congruent,❌,0.49465565343826395
3,0,refrigerator,congruent,✅,0.5909082164065013
3,0,library,incongruent,❌,0.5970542062434594
3,0,refrigerator,incongruent,✅,0.49969389573256656
3,1,disappointment,congruent,❌,0.4426999368838496
3,1,delight,congruent,✅,0.5356288562373481
3,1,disappointment,incongruent,❌,0.53266765791073
3,1,delight,incongruent,✅,0.44079972421608493
3,10,cash,congruent,❌,0.4008028188873568
3,10,groceries,congruent,❌,0.44111614152208545
3,10,cash,incongruent,✅,0.43711044968765916
3,10,groceries,incongruent,✅,0.40460671851168667
3,11,lonely,congruent,✅,0.5941437441656777
3,11,confident,congruent,❌,0.4324237213247158
3,11,lonely,incongruent,✅,0.42542032709514815
3,11,confident,incongruent,❌,0.6103175950132945
3,12,joy,congruent,❌,0.47272149877622255
3,12,outrage,congruent,✅,0.5640747182605089
3,12,joy,incongruent,❌,0.5655510620706813
3,12,outrage,incongruent,✅,0.49331317735303926
3,13,traffic,congruent,✅,0.5121549079495479
3,13,snowstorm,congruent,✅,0.5035111243699295
3,13,traffic,incongruent,❌,0.510092182016893
3,13,snowstorm,incongruent,❌,0.5181588389410465
3,14,laughter,congruent,✅,0.6021521654083979
3,14,frustration,congruent,✅,0.5756687752782681
3,14,laughter,incongruent,❌,0.5939362063340902
3,14,frustration,incongruent,❌,0.591346495620291
3,15,calculator,congruent,❌,0.4418664212683597
3,15,instrument,congruent,❌,0.44084679347524336
3,15,calculator,incongruent,✅,0.3824295603209172
3,15,instrument,incongruent,✅,0.4608345887771072
3,16,orchestra,congruent,✅,0.5634684921576102
3,16,racers,congruent,✅,0.5806756814306591
3,16,orchestra,incongruent,❌,0.5924815372185985
3,16,racers,incongruent,❌,0.5242750076292783
3,17,retirement,congruent,✅,0.5262003788149195
3,17,playdate,congruent,✅,0.6675974045395823
3,17,retirement,incongruent,❌,0.6639491678151893
3,17,playdate,incongruent,❌,0.5155133955744078
3,18,relieved,congruent,✅,0.5837923188985958
3,18,depressed,congruent,❌,0.4272488139762516
3,18,relieved,incongruent,✅,0.4412949427709956
3,18,depressed,incongruent,❌,0.5820494080247067
3,19,friends,congruent,❌,0.4955924698194938
3,19,weight,congruent,❌,0.4867694004004256
3,19,friends,incongruent,✅,0.49974606479946315
3,19,weight,incongruent,✅,0.47789889487181364
3,2,overcoat,congruent,❌,0.3856543745161173
3,2,sandals,congruent,✅,0.5086990902129809
3,2,overcoat,incongruent,✅,0.48906253094206414
3,2,sandals,incongruent,✅,0.3990645426559364
3,20,lipstick,congruent,❌,0.41981363174844133
3,20,song,congruent,❌,0.4923437481486242
3,20,lipstick,incongruent,❌,0.5070830085201888
3,20,song,incongruent,✅,0.4181244136437852
3,21,fought,congruent,❌,0.49806872402672925
3,21,sang,congruent,✅,0.5582051427147605
3,21,fought,incongruent,❌,0.5450487602474481
3,21,sang,incongruent,❌,0.5093929401532452
3,22,skeptical,congruent,❌,0.4650256663768493
3,22,reassured,congruent,✅,0.6154546410264717
3,22,skeptical,incongruent,❌,0.6126027025439553
3,22,reassured,incongruent,✅,0.46693719154942975
3,23,graduation,congruent,✅,0.5807279165684714
3,23,operation,congruent,✅,0.5212036242941532
3,23,graduation,incongruent,❌,0.5260663597103402
3,23,operation,incongruent,❌,0.5952127908821446
3,24,bride,congruent,✅,0.5322860461053638
3,24,aftermath,congruent,✅,0.5276449747616364
3,24,bride,incongruent,❌,0.5462514961576787
3,24,aftermath,incongruent,✅,0.49845749204375256
3,25,teacher,congruent,❌,0.4098716305571619
3,25,daughter,congruent,✅,0.5717572369807402
3,25,teacher,incongruent,❌,0.5723797136988756
3,25,daughter,incongruent,✅,0.40106151985286725
3,26,roommate,congruent,❌,0.49062096233897545
3,26,grandma,congruent,✅,0.5322450316129026
3,26,roommate,incongruent,❌,0.5320526840501344
3,26,grandma,incongruent,✅,0.4824254284739728
3,27,brother,congruent,❌,0.4229056445892445
3,27,mother,congruent,❌,0.3594649921628866
3,27,brother,incongruent,✅,0.35329479256662677
3,27,mother,incongruent,✅,0.4293604982359629
3,28,preschool,congruent,❌,0.48747921744989203
3,28,prison,congruent,✅,0.5739891084265978
3,28,preschool,incongruent,❌,0.5972356496893982
3,28,prison,incongruent,✅,0.44186252262961895
3,29,hopeful,congruent,❌,0.3606986262115179
3,29,hopeless,congruent,✅,0.5262478633980816
3,29,hopeful,incongruent,❌,0.5179923536708465
3,29,hopeless,incongruent,✅,0.3704627773246929
3,3,marathon,congruent,❌,0.4641783994167478
3,3,exam,congruent,❌,0.4585586343208934
3,3,marathon,incongruent,✅,0.43487024733763247
3,3,exam,incongruent,✅,0.48089566200908557
3,30,appalled,congruent,✅,0.5406073343443583
3,30,overjoyed,congruent,✅,0.5013845085360104
3,30,appalled,incongruent,❌,0.5059624930824901
3,30,overjoyed,incongruent,❌,0.5352090854377972
3,31,reprimand,congruent,❌,0.4674612584710629
3,31,encouragement,congruent,✅,0.6133961715844051
3,31,reprimand,incongruent,❌,0.582561396621263
3,31,encouragement,incongruent,✅,0.4850405017411728
3,32,angrily,congruent,✅,0.5691964705562735
3,32,cordially,congruent,❌,0.4036710631761213
3,32,angrily,incongruent,✅,0.3957309395626134
3,32,cordially,incongruent,❌,0.5589404549350536
3,33,accusatory,congruent,✅,0.6361716021495506
3,33,flirtatious,congruent,✅,0.5824223536392744
3,33,accusatory,incongruent,❌,0.5724597067702053
3,33,flirtatious,incongruent,❌,0.6708176431074807
3,34,disapprovingly,congruent,✅,0.63283746048171
3,34,lovingly,congruent,❌,0.3999329029855148
3,34,disapprovingly,incongruent,✅,0.3877284573622695
3,34,lovingly,incongruent,❌,0.6171133828443345
3,35,playful,congruent,✅,0.5430943067722768
3,35,distant,congruent,✅,0.6325982534058733
3,35,playful,incongruent,❌,0.6741566676466568
3,35,distant,incongruent,❌,0.5076267411364865
3,36,headphones,congruent,❌,0.41240393608146375
3,36,mangoes,congruent,✅,0.5429776186573883
3,36,headphones,incongruent,❌,0.5442843738407965
3,36,mangoes,incongruent,✅,0.3968565727446673
3,37,playroom,congruent,✅,0.5495312932951588
3,37,park,congruent,✅,0.5382042731682206
3,37,playroom,incongruent,❌,0.5373056622264825
3,37,park,incongruent,❌,0.5411328504527346
3,38,bedroom,congruent,✅,0.6080199979384155
3,38,backyard,congruent,✅,0.5034148667889002
3,38,bedroom,incongruent,❌,0.5177511828768996
3,38,backyard,incongruent,❌,0.6036801297574917
3,39,solemnly,congruent,✅,0.5217515605943092
3,39,excitedly,congruent,❌,0.46001180290926885
3,39,solemnly,incongruent,✅,0.4167136618546142
3,39,excitedly,incongruent,❌,0.5527671926771782
3,4,menu,congruent,✅,0.5211804822144509
3,4,prescription,congruent,❌,0.4689973348845338
3,4,menu,incongruent,✅,0.4619573707788791
3,4,prescription,incongruent,❌,0.5073170929540224
3,40,car,congruent,❌,0.4264114212748848
3,40,sock,congruent,✅,0.5805321759275548
3,40,car,incongruent,❌,0.5615927340180076
3,40,sock,incongruent,✅,0.42917707483205186
3,41,overdressed,congruent,✅,0.5806252091720475
3,41,naked,congruent,❌,0.4447408932865663
3,41,overdressed,incongruent,❌,0.5032712676185123
3,41,naked,incongruent,❌,0.5715624893100559
3,42,shy,congruent,❌,0.4073546969951676
3,42,lively,congruent,❌,0.478504679746728
3,42,shy,incongruent,✅,0.48596527803055156
3,42,lively,incongruent,✅,0.41037377083966103
3,43,offended,congruent,✅,0.5594399565642892
3,43,flattered,congruent,❌,0.4893888728364726
3,43,offended,incongruent,✅,0.4713937705367099
3,43,flattered,incongruent,❌,0.5796621414462301
3,44,grandkid,congruent,✅,0.52605637079626
3,44,cellmate,congruent,❌,0.49783903205068464
3,44,grandkid,incongruent,❌,0.5007638703821934
3,44,cellmate,incongruent,❌,0.5175687523783503
3,45,promoted,congruent,❌,0.37289903914384015
3,45,fired,congruent,✅,0.5008593100136685
3,45,promoted,incongruent,❌,0.5049516618204826
3,45,fired,incongruent,✅,0.3780763656509958
3,46,shooting,congruent,❌,0.3911233506248214
3,46,celebration,congruent,❌,0.3700298266295568
3,46,shooting,incongruent,✅,0.3799217094936691
3,46,celebration,incongruent,✅,0.4063361640738757
3,47,crayon,congruent,✅,0.5926758132916552
3,47,beer,congruent,❌,0.38860733745970055
3,47,crayon,incongruent,✅,0.3969758773550905
3,47,beer,incongruent,❌,0.6026370260543767
3,48,waiter,congruent,❌,0.3811541995698993
3,48,taxi,congruent,❌,0.4624958211545883
3,48,waiter,incongruent,✅,0.488725263983694
3,48,taxi,incongruent,✅,0.39156509485077007
3,49,parents,congruent,❌,0.49038799504232045
3,49,keys,congruent,✅,0.5003025829203338
3,49,parents,incongruent,✅,0.47992654329303835
3,49,keys,incongruent,✅,0.48337208276103955
3,5,distress,congruent,✅,0.5804774121070869
3,5,tranquility,congruent,❌,0.48008731534849386
3,5,distress,incongruent,✅,0.4634038298055098
3,5,tranquility,incongruent,❌,0.5881016958980319
3,50,sofa,congruent,✅,0.5494875706564296
3,50,sky,congruent,❌,0.4158603273536804
3,50,sofa,incongruent,✅,0.41005225233398973
3,50,sky,incongruent,❌,0.5536981681179638
3,51,obesity,congruent,❌,0.34610931192732164
3,51,homework,congruent,✅,0.5055706221953239
3,51,obesity,incongruent,❌,0.5203719195081513
3,51,homework,incongruent,✅,0.3424005804963546
3,52,quiz,congruent,❌,0.456592992099089
3,52,commute,congruent,❌,0.44469524258735116
3,52,quiz,incongruent,✅,0.459078201650039
3,52,commute,incongruent,✅,0.4539550488102523
3,53,migraine,congruent,✅,0.5069242642584643
3,53,excitement,congruent,✅,0.5125972879507122
3,53,migraine,incongruent,❌,0.5241423759835013
3,53,excitement,incongruent,✅,0.4870896497327654
3,54,niece,congruent,✅,0.5256619115469241
3,54,husband,congruent,❌,0.41017319049726314
3,54,niece,incongruent,✅,0.4110107927813008
3,54,husband,incongruent,❌,0.524171044602067
3,55,film,congruent,❌,0.3761003577216591
3,55,sunrise,congruent,❌,0.3927668739255927
3,55,film,incongruent,✅,0.3842853808267332
3,55,sunrise,incongruent,✅,0.399400129339891
3,56,lecture,congruent,❌,0.4550981109414137
3,56,banquet,congruent,✅,0.5827370236189795
3,56,lecture,incongruent,❌,0.5722131167693952
3,56,banquet,incongruent,✅,0.48466632322434505
3,57,drink,congruent,✅,0.5542946566224729
3,57,textbook,congruent,✅,0.5143151917452172
3,57,drink,incongruent,✅,0.44635035459860184
3,57,textbook,incongruent,❌,0.5727436881456595
3,58,pool,congruent,✅,0.5399074548041431
3,58,snow,congruent,✅,0.5184551367748108
3,58,pool,incongruent,❌,0.5166102723000734
3,58,snow,incongruent,❌,0.5416740805321717
3,59,passport,congruent,✅,0.6287079823240126
3,59,plushy,congruent,❌,0.38912011234177857
3,59,passport,incongruent,✅,0.4235592179154689
3,59,plushy,incongruent,❌,0.5950245228932678
3,6,patients,congruent,❌,0.49231741152833197
3,6,students,congruent,❌,0.4813130947488933
3,6,patients,incongruent,✅,0.47281357858804257
3,6,students,incongruent,✅,0.4886291920449597
3,60,sister,congruent,❌,0.4932646407100276
3,60,father,congruent,✅,0.619599901955888
3,60,sister,incongruent,❌,0.6227584692680637
3,60,father,incongruent,✅,0.49689699781028496
3,61,game,congruent,❌,0.3721742504814418
3,61,sunset,congruent,❌,0.4176750379585583
3,61,game,incongruent,✅,0.4068669348477028
3,61,sunset,incongruent,✅,0.3497434785105916
3,62,holidays,congruent,❌,0.38246917821635795
3,62,funeral,congruent,❌,0.4852937164184008
3,62,holidays,incongruent,✅,0.4479663537569615
3,62,funeral,incongruent,✅,0.3960696772602873
3,63,grades,congruent,❌,0.42339581153249833
3,63,affair,congruent,❌,0.39310814674535005
3,63,grades,incongruent,✅,0.39806545486495115
3,63,affair,incongruent,✅,0.415079377736373
3,64,arrest,congruent,❌,0.4349851146190703
3,64,stroke,congruent,✅,0.5197585724319631
3,64,arrest,incongruent,❌,0.5166421121357759
3,64,stroke,incongruent,✅,0.4433060387164955
3,65,pacifier,congruent,✅,0.5351210107807283
3,65,coffee,congruent,✅,0.5911108635286061
3,65,pacifier,incongruent,❌,0.6097411312353144
3,65,coffee,incongruent,❌,0.5334974362172805
3,66,sweets,congruent,❌,0.4686469386775833
3,66,sentencing,congruent,❌,0.4736875197257124
3,66,sweets,incongruent,✅,0.4856722219854164
3,66,sentencing,incongruent,✅,0.4710273999534187
3,67,nap,congruent,❌,0.40239986244794845
3,67,selfie,congruent,❌,0.47563342643937867
3,67,nap,incongruent,✅,0.47717347098993024
3,67,selfie,incongruent,✅,0.40854324677608
3,68,diaper,congruent,❌,0.47481674484288766
3,68,tire,congruent,❌,0.4846576854010232
3,68,diaper,incongruent,❌,0.5050162732627003
3,68,tire,incongruent,✅,0.45565934275506575
3,69,chemotherapy,congruent,✅,0.5560573490104569
3,69,golf,congruent,❌,0.4515584991800068
3,69,chemotherapy,incongruent,✅,0.4256746385280543
3,69,golf,incongruent,❌,0.5796550563896892
3,7,consensus,congruent,✅,0.5102133863982654
3,7,deadlock,congruent,❌,0.3495684545037842
3,7,consensus,incongruent,✅,0.3079999523555087
3,7,deadlock,incongruent,❌,0.5288474958267206
3,70,thunder,congruent,✅,0.5652376055424227
3,70,lullaby,congruent,✅,0.5034510470339563
3,70,thunder,incongruent,✅,0.49399829845404586
3,70,lullaby,incongruent,❌,0.5389577658366814
3,71,pajamas,congruent,❌,0.47419080736664104
3,71,uniform,congruent,❌,0.4741633222026381
3,71,pajamas,incongruent,✅,0.41020910649442793
3,71,uniform,incongruent,❌,0.5203053299211449
3,72,gown,congruent,✅,0.5198527740450999
3,72,sweats,congruent,✅,0.6223456226683071
3,72,gown,incongruent,❌,0.6372756382090162
3,72,sweats,incongruent,✅,0.4986966154572143
3,73,deadline,congruent,❌,0.48955351640953765
3,73,bed,congruent,✅,0.5085694578027601
3,73,deadline,incongruent,❌,0.5270815643581461
3,73,bed,incongruent,✅,0.46645541600871526
3,74,kindergarten,congruent,❌,0.4353002703609372
3,74,jail,congruent,❌,0.4200257953623264
3,74,kindergarten,incongruent,✅,0.4001537695511354
3,74,jail,incongruent,✅,0.4142369432361433
3,75,interrogated,congruent,✅,0.533302491029641
3,75,tickled,congruent,❌,0.41928121871016816
3,75,interrogated,incongruent,✅,0.41567828456011985
3,75,tickled,incongruent,❌,0.5514536954631268
3,76,sandcastle,congruent,✅,0.6199745362265308
3,76,snowman,congruent,❌,0.486587537127669
3,76,sandcastle,incongruent,❌,0.5112334081903385
3,76,snowman,incongruent,❌,0.5972412442844934
3,77,music,congruent,✅,0.5843044828538669
3,77,pizza,congruent,❌,0.3581949076288289
3,77,music,incongruent,✅,0.3891429440142667
3,77,pizza,incongruent,❌,0.5412641676147314
3,78,playoffs,congruent,✅,0.5743147242626193
3,78,cartoon,congruent,✅,0.6228490426239783
3,78,playoffs,incongruent,❌,0.6194749666489542
3,78,cartoon,incongruent,❌,0.567787838849433
3,79,alcoholism,congruent,✅,0.5422458661791816
3,79,academics,congruent,✅,0.5622316317150436
3,79,alcoholism,incongruent,❌,0.5833909516037645
3,79,academics,incongruent,❌,0.5374664026165201
3,8,engagement,congruent,✅,0.5235062204368766
3,8,cancer,congruent,✅,0.5180333275463214
3,8,engagement,incongruent,❌,0.5020626150499867
3,8,cancer,incongruent,❌,0.5368472876805611
3,9,terminal,congruent,❌,0.4786794205780459
3,9,classroom,congruent,❌,0.47926522152338324
3,9,terminal,incongruent,✅,0.47960509343067925
3,9,classroom,incongruent,✅,0.4782554509083291
4,0,library,congruent,❌,0.4536521006824012
4,0,refrigerator,congruent,✅,0.5333336548301496
4,0,library,incongruent,❌,0.5511437524381272
4,0,refrigerator,incongruent,✅,0.44305673390205824
4,1,disappointment,congruent,❌,0.44218312477232413
4,1,delight,congruent,❌,0.4750254475590068
4,1,disappointment,incongruent,✅,0.4842822398418104
4,1,delight,incongruent,✅,0.435175385611302
4,10,cash,congruent,❌,0.3863236959480124
4,10,groceries,congruent,❌,0.4603365815616428
4,10,cash,incongruent,✅,0.4132176826602802
4,10,groceries,incongruent,✅,0.443965741699278
4,11,lonely,congruent,✅,0.5667093772553535
4,11,confident,congruent,✅,0.5496596761601775
4,11,lonely,incongruent,❌,0.5426218891080089
4,11,confident,incongruent,❌,0.5529204811996898
4,12,joy,congruent,✅,0.5364183303340723
4,12,outrage,congruent,✅,0.6595436630514793
4,12,joy,incongruent,❌,0.6541629238075051
4,12,outrage,incongruent,❌,0.5337151199637453
4,13,traffic,congruent,✅,0.5036639565817814
4,13,snowstorm,congruent,❌,0.36924015386601533
4,13,traffic,incongruent,✅,0.3616543904893621
4,13,snowstorm,incongruent,❌,0.5347374002491008
4,14,laughter,congruent,✅,0.6453933492780383
4,14,frustration,congruent,✅,0.5927381253928303
4,14,laughter,incongruent,❌,0.6179183080638111
4,14,frustration,incongruent,❌,0.6167522800878139
4,15,calculator,congruent,✅,0.5123529627876344
4,15,instrument,congruent,❌,0.4559780289430092
4,15,calculator,incongruent,✅,0.39050351148463064
4,15,instrument,incongruent,❌,0.5377776793995809
4,16,orchestra,congruent,✅,0.594688719225728
4,16,racers,congruent,✅,0.6523431357686128
4,16,orchestra,incongruent,❌,0.6199852744522653
4,16,racers,incongruent,❌,0.5606205898782575
4,17,retirement,congruent,❌,0.4026401022771647
4,17,playdate,congruent,❌,0.48836004356464247
4,17,retirement,incongruent,❌,0.5179441377146845
4,17,playdate,incongruent,✅,0.4056918782115241
4,18,relieved,congruent,✅,0.6469151542756696
4,18,depressed,congruent,✅,0.6104103671605321
4,18,relieved,incongruent,❌,0.6600533518782609
4,18,depressed,incongruent,❌,0.5879812942142272
4,19,friends,congruent,❌,0.49248606372189896
4,19,weight,congruent,❌,0.452005031716163
4,19,friends,incongruent,✅,0.460797885065718
4,19,weight,incongruent,✅,0.4494323025742813
4,2,overcoat,congruent,❌,0.4710796044149361
4,2,sandals,congruent,❌,0.33192054603155324
4,2,overcoat,incongruent,✅,0.37952981397772034
4,2,sandals,incongruent,✅,0.4632645177293435
4,20,lipstick,congruent,❌,0.4407251904988061
4,20,song,congruent,✅,0.631329992041431
4,20,lipstick,incongruent,❌,0.6281391168913604
4,20,song,incongruent,✅,0.4482610838593423
4,21,fought,congruent,❌,0.4803890546463157
4,21,sang,congruent,✅,0.6070427216293377
4,21,fought,incongruent,❌,0.613941714749595
4,21,sang,incongruent,✅,0.48362380445734127
4,22,skeptical,congruent,❌,0.47022715174459545
4,22,reassured,congruent,✅,0.5849313355519087
4,22,skeptical,incongruent,❌,0.5950048129962788
4,22,reassured,incongruent,✅,0.4604632837092827
4,23,graduation,congruent,✅,0.5037262615856701
4,23,operation,congruent,✅,0.5001024961442332
4,23,graduation,incongruent,✅,0.4862452334818425
4,23,operation,incongruent,❌,0.5188974733687793
4,24,bride,congruent,✅,0.5033757115605055
4,24,aftermath,congruent,✅,0.6000909503139316
4,24,bride,incongruent,❌,0.5782173255217763
4,24,aftermath,incongruent,❌,0.5046216665917805
4,25,teacher,congruent,❌,0.3820143096065884
4,25,daughter,congruent,✅,0.5280701654989451
4,25,teacher,incongruent,❌,0.5075794889054588
4,25,daughter,incongruent,✅,0.374058162191167
4,26,roommate,congruent,✅,0.5458387900876907
4,26,grandma,congruent,✅,0.5915631292339085
4,26,roommate,incongruent,❌,0.6168971522236989
4,26,grandma,incongruent,❌,0.5268762723964809
4,27,brother,congruent,❌,0.47206859264165235
4,27,mother,congruent,❌,0.4968151742395516
4,27,brother,incongruent,✅,0.4887796944847413
4,27,mother,incongruent,✅,0.46202564081588915
4,28,preschool,congruent,❌,0.49456430888881936
4,28,prison,congruent,❌,0.4445418866110401
4,28,preschool,incongruent,✅,0.4380012876341113
4,28,prison,incongruent,✅,0.4692651145735425
4,29,hopeful,congruent,❌,0.39392996690317783
4,29,hopeless,congruent,✅,0.5742470458535255
4,29,hopeful,incongruent,❌,0.5444167896563987
4,29,hopeless,incongruent,✅,0.410374749446048
4,3,marathon,congruent,❌,0.44709718850379915
4,3,exam,congruent,❌,0.3857448570992333
4,3,marathon,incongruent,✅,0.39006159163686
4,3,exam,incongruent,✅,0.4542727768534075
4,30,appalled,congruent,❌,0.4981092170444267
4,30,overjoyed,congruent,✅,0.5003671888508358
4,30,appalled,incongruent,❌,0.5054018280216659
4,30,overjoyed,incongruent,✅,0.4890654155530546
4,31,reprimand,congruent,❌,0.47222258799119377
4,31,encouragement,congruent,✅,0.602467923821504
4,31,reprimand,incongruent,❌,0.557992345283632
4,31,encouragement,incongruent,❌,0.5112134269744997
4,32,angrily,congruent,❌,0.48860779077876076
4,32,cordially,congruent,✅,0.5991071360867343
4,32,angrily,incongruent,❌,0.5821208268961159
4,32,cordially,incongruent,✅,0.49186812161214766
4,33,accusatory,congruent,✅,0.7399223769002649
4,33,flirtatious,congruent,✅,0.6263845678557091
4,33,accusatory,incongruent,❌,0.6035759961208044
4,33,flirtatious,incongruent,❌,0.7602293866466143
4,34,disapprovingly,congruent,✅,0.689322439908605
4,34,lovingly,congruent,❌,0.4355965465161385
4,34,disapprovingly,incongruent,✅,0.47661148840059825
4,34,lovingly,incongruent,❌,0.630785946155486
4,35,playful,congruent,✅,0.5940004868954428
4,35,distant,congruent,✅,0.5949896162202738
4,35,playful,incongruent,❌,0.6133012734863775
4,35,distant,incongruent,❌,0.5795041204071137
4,36,headphones,congruent,❌,0.4803751187650933
4,36,mangoes,congruent,❌,0.32591894230974244
4,36,headphones,incongruent,✅,0.32984137183718626
4,36,mangoes,incongruent,✅,0.42956919281668615
4,37,playroom,congruent,✅,0.5084799412672284
4,37,park,congruent,❌,0.4912519976178408
4,37,playroom,incongruent,✅,0.46165090887172977
4,37,park,incongruent,❌,0.5125702911742228
4,38,bedroom,congruent,✅,0.5384089516619436
4,38,backyard,congruent,❌,0.48449060832532487
4,38,bedroom,incongruent,❌,0.5224999200849868
4,38,backyard,incongruent,❌,0.5779831744119686
4,39,solemnly,congruent,❌,0.4853014860003217
4,39,excitedly,congruent,❌,0.4923798754461755
4,39,solemnly,incongruent,✅,0.4433483228212739
4,39,excitedly,incongruent,✅,0.4896018520091875
4,4,menu,congruent,✅,0.6513256906906407
4,4,prescription,congruent,✅,0.5636292623214916
4,4,menu,incongruent,❌,0.5702260481817841
4,4,prescription,incongruent,❌,0.6222516562859546
4,40,car,congruent,❌,0.49753831546801847
4,40,sock,congruent,❌,0.4972917435476394
4,40,car,incongruent,✅,0.49176904938667754
4,40,sock,incongruent,✅,0.47016268787134957
4,41,overdressed,congruent,❌,0.32465655642866686
4,41,naked,congruent,❌,0.4196361072581703
4,41,overdressed,incongruent,✅,0.3946775338560047
4,41,naked,incongruent,✅,0.35350381224309746
4,42,shy,congruent,❌,0.4691813495650854
4,42,lively,congruent,✅,0.5864828481343118
4,42,shy,incongruent,❌,0.5943774352081524
4,42,lively,incongruent,✅,0.47220607870405595
4,43,offended,congruent,✅,0.6946029136095423
4,43,flattered,congruent,❌,0.45198050468361683
4,43,offended,incongruent,✅,0.45085269139160566
4,43,flattered,incongruent,❌,0.6845784384786598
4,44,grandkid,congruent,✅,0.5146633125010779
4,44,cellmate,congruent,✅,0.6231220827912828
4,44,grandkid,incongruent,❌,0.6393329688740671
4,44,cellmate,incongruent,✅,0.4916537375159744
4,45,promoted,congruent,❌,0.42551387245180117
4,45,fired,congruent,❌,0.4351437905607935
4,45,promoted,incongruent,✅,0.42000510366637267
4,45,fired,incongruent,✅,0.4385181786985162
4,46,shooting,congruent,✅,0.5315260290799175
4,46,celebration,congruent,✅,0.5542323326082121
4,46,shooting,incongruent,❌,0.5545836079184874
4,46,celebration,incongruent,❌,0.5155222478720205
4,47,crayon,congruent,✅,0.5032658856361757
4,47,beer,congruent,✅,0.5134522563271031
4,47,crayon,incongruent,❌,0.5203355440337816
4,47,beer,incongruent,❌,0.5372486293955624
4,48,waiter,congruent,❌,0.4150468218400645
4,48,taxi,congruent,✅,0.5118703190241995
4,48,waiter,incongruent,❌,0.5356174205579117
4,48,taxi,incongruent,✅,0.3989419424152462
4,49,parents,congruent,❌,0.42535884020971554
4,49,keys,congruent,❌,0.43645293183798495
4,49,parents,incongruent,✅,0.4351622857281557
4,49,keys,incongruent,✅,0.39251791897192595
4,5,distress,congruent,✅,0.6080031651069383
4,5,tranquility,congruent,❌,0.4426873656760168
4,5,distress,incongruent,✅,0.4109972796814479
4,5,tranquility,incongruent,❌,0.5939861325617846
4,50,sofa,congruent,❌,0.4701042147376807
4,50,sky,congruent,✅,0.6272490978219603
4,50,sofa,incongruent,❌,0.5922513455648121
4,50,sky,incongruent,✅,0.47940801024249663
4,51,obesity,congruent,❌,0.42314258746926914
4,51,homework,congruent,✅,0.533257002004001
4,51,obesity,incongruent,❌,0.530138185060764
4,51,homework,incongruent,✅,0.4244552222824373
4,52,quiz,congruent,❌,0.40865546191436886
4,52,commute,congruent,❌,0.4919734503888631
4,52,quiz,incongruent,✅,0.4602934018346619
4,52,commute,incongruent,✅,0.4288753660693635
4,53,migraine,congruent,✅,0.5269073772482616
4,53,excitement,congruent,✅,0.5397963465031489
4,53,migraine,incongruent,❌,0.5153981850963478
4,53,excitement,incongruent,❌,0.5371932533701538
4,54,niece,congruent,✅,0.6661438472095433
4,54,husband,congruent,❌,0.40971120991492144
4,54,niece,incongruent,✅,0.449125686886028
4,54,husband,incongruent,❌,0.6428119173966258
4,55,film,congruent,❌,0.4849876930175254
4,55,sunrise,congruent,❌,0.3830182225742191
4,55,film,incongruent,✅,0.35664517840442855
4,55,sunrise,incongruent,❌,0.5258022616919436
4,56,lecture,congruent,❌,0.4854818090777394
4,56,banquet,congruent,✅,0.6185965254293624
4,56,lecture,incongruent,❌,0.6134021680181233
4,56,banquet,incongruent,❌,0.5336590704361401
4,57,drink,congruent,✅,0.6173883062601413
4,57,textbook,congruent,✅,0.6097689345639394
4,57,drink,incongruent,❌,0.5459219314680962
4,57,textbook,incongruent,❌,0.6150357367839786
4,58,pool,congruent,❌,0.4732463368010693
4,58,snow,congruent,❌,0.46466465713060495
4,58,pool,incongruent,✅,0.4557146803014386
4,58,snow,incongruent,✅,0.4847137578993513
4,59,passport,congruent,✅,0.623529353869709
4,59,plushy,congruent,❌,0.38781691494045994
4,59,passport,incongruent,✅,0.3798013204850518
4,59,plushy,incongruent,❌,0.5542197004938959
4,6,patients,congruent,✅,0.5692545711757901
4,6,students,congruent,✅,0.5009625170136626
4,6,patients,incongruent,❌,0.5307172412632665
4,6,students,incongruent,✅,0.4992503077410888
4,60,sister,congruent,❌,0.3988091619216299
4,60,father,congruent,✅,0.640106421905871
4,60,sister,incongruent,❌,0.6537646316589549
4,60,father,incongruent,✅,0.38937478943081794
4,61,game,congruent,❌,0.36978982565559465
4,61,sunset,congruent,❌,0.497519338359746
4,61,game,incongruent,✅,0.46727804932305195
4,61,sunset,incongruent,✅,0.4085196662857513
4,62,holidays,congruent,✅,0.5664065546600856
4,62,funeral,congruent,❌,0.4732793421357558
4,62,holidays,incongruent,✅,0.4660212705061142
4,62,funeral,incongruent,❌,0.5490575046999402
4,63,grades,congruent,❌,0.47883952852862155
4,63,affair,congruent,❌,0.41736098566415564
4,63,grades,incongruent,✅,0.4264681272931902
4,63,affair,incongruent,✅,0.4733516233788762
4,64,arrest,congruent,✅,0.5898686069508294
4,64,stroke,congruent,❌,0.4040445302769323
4,64,arrest,incongruent,✅,0.3863037727183542
4,64,stroke,incongruent,❌,0.6017078661765032
4,65,pacifier,congruent,❌,0.44701117654774025
4,65,coffee,congruent,❌,0.42304660234090713
4,65,pacifier,incongruent,✅,0.41228971935113884
4,65,coffee,incongruent,✅,0.43571152272165203
4,66,sweets,congruent,❌,0.46779293505239883
4,66,sentencing,congruent,❌,0.3503925981155012
4,66,sweets,incongruent,✅,0.35459513590144015
4,66,sentencing,incongruent,✅,0.45534288158474334
4,67,nap,congruent,✅,0.5150848870214632
4,67,selfie,congruent,❌,0.41437530040544274
4,67,nap,incongruent,✅,0.4482893583389554
4,67,selfie,incongruent,✅,0.4888320266304332
4,68,diaper,congruent,❌,0.4953098101739702
4,68,tire,congruent,✅,0.5663531085439497
4,68,diaper,incongruent,❌,0.5528177340200958
4,68,tire,incongruent,✅,0.46308657308453066
4,69,chemotherapy,congruent,✅,0.5585523953905972
4,69,golf,congruent,✅,0.6552100018120449
4,69,chemotherapy,incongruent,❌,0.6320541185900266
4,69,golf,incongruent,❌,0.5980120648855081
4,7,consensus,congruent,❌,0.4042184066058822
4,7,deadlock,congruent,❌,0.4509614032495869
4,7,consensus,incongruent,✅,0.4353867524536068
4,7,deadlock,incongruent,✅,0.39326448264965136
4,70,thunder,congruent,❌,0.47816152817948787
4,70,lullaby,congruent,❌,0.426334376039792
4,70,thunder,incongruent,✅,0.4516733784060375
4,70,lullaby,incongruent,✅,0.42182255186883083
4,71,pajamas,congruent,✅,0.5991046924475749
4,71,uniform,congruent,✅,0.5358347185199004
4,71,pajamas,incongruent,✅,0.4734052035317747
4,71,uniform,incongruent,❌,0.6424509543189294
4,72,gown,congruent,✅,0.5670660369036239
4,72,sweats,congruent,✅,0.6135379449148858
4,72,gown,incongruent,❌,0.6297175903572995
4,72,sweats,incongruent,❌,0.5489840163416726
4,73,deadline,congruent,❌,0.40424949970901997
4,73,bed,congruent,✅,0.5844080659932346
4,73,deadline,incongruent,❌,0.571320886701941
4,73,bed,incongruent,✅,0.3832355581048571
4,74,kindergarten,congruent,❌,0.4577286629005827
4,74,jail,congruent,❌,0.44410061506915055
4,74,kindergarten,incongruent,✅,0.46981787845210143
4,74,jail,incongruent,✅,0.4104586366673653
4,75,interrogated,congruent,❌,0.4630771682954867
4,75,tickled,congruent,❌,0.47071742824523083
4,75,interrogated,incongruent,✅,0.48713404005285654
4,75,tickled,incongruent,✅,0.48960171890708043
4,76,sandcastle,congruent,✅,0.7513488992474346
4,76,snowman,congruent,❌,0.4588986357770939
4,76,sandcastle,incongruent,✅,0.48457713576083356
4,76,snowman,incongruent,❌,0.7577700020647271
4,77,music,congruent,❌,0.4997845971012878
4,77,pizza,congruent,❌,0.41187579821195436
4,77,music,incongruent,✅,0.4797535105181755
4,77,pizza,incongruent,✅,0.4661239895050981
4,78,playoffs,congruent,❌,0.4413793131960932
4,78,cartoon,congruent,✅,0.5058747062726598
4,78,playoffs,incongruent,✅,0.48055012917661155
4,78,cartoon,incongruent,✅,0.47464199209406277
4,79,alcoholism,congruent,✅,0.5123001111142633
4,79,academics,congruent,✅,0.5659123610446752
4,79,alcoholism,incongruent,❌,0.5312932963885617
4,79,academics,incongruent,❌,0.5169015880123548
4,8,engagement,congruent,❌,0.4986148818362437
4,8,cancer,congruent,❌,0.4548331243258491
4,8,engagement,incongruent,✅,0.40359947510259103
4,8,cancer,incongruent,✅,0.4916099331951194
4,9,terminal,congruent,❌,0.4537402002381636
4,9,classroom,congruent,❌,0.4586106459754472
4,9,terminal,incongruent,✅,0.4463017064073869
4,9,classroom,incongruent,✅,0.43267602291895574
5,0,library,congruent,❌,0.4880243735387735
5,0,refrigerator,congruent,✅,0.5419816899746221
5,0,library,incongruent,❌,0.5406846770090451
5,0,refrigerator,incongruent,✅,0.49919963682876944
5,1,disappointment,congruent,❌,0.4139417762884424
5,1,delight,congruent,❌,0.46469817784369377
5,1,disappointment,incongruent,✅,0.46499302444438123
5,1,delight,incongruent,✅,0.4064028792810479
5,10,cash,congruent,❌,0.4247426894778292
5,10,groceries,congruent,✅,0.5023212490202312
5,10,cash,incongruent,✅,0.49042591429111226
5,10,groceries,incongruent,✅,0.4536444505147981
5,11,lonely,congruent,✅,0.5019108656284552
5,11,confident,congruent,❌,0.4494392989023359
5,11,lonely,incongruent,✅,0.43661067974185447
5,11,confident,incongruent,❌,0.5139959863281955
5,12,joy,congruent,❌,0.48864437868159555
5,12,outrage,congruent,✅,0.5908484934194029
5,12,joy,incongruent,❌,0.5941708669389367
5,12,outrage,incongruent,✅,0.4903111109707946
5,13,traffic,congruent,✅,0.5133784743299467
5,13,snowstorm,congruent,❌,0.4236273036905814
5,13,traffic,incongruent,✅,0.42280989860600865
5,13,snowstorm,incongruent,❌,0.5233241850125766
5,14,laughter,congruent,✅,0.5303396558565869
5,14,frustration,congruent,✅,0.5069486615726778
5,14,laughter,incongruent,❌,0.5023484445358952
5,14,frustration,incongruent,❌,0.5290875231792265
5,15,calculator,congruent,✅,0.5854153971703042
5,15,instrument,congruent,✅,0.5321458964822139
5,15,calculator,incongruent,❌,0.5321492924064813
5,15,instrument,incongruent,❌,0.5673470355896161
5,16,orchestra,congruent,❌,0.46207852475253014
5,16,racers,congruent,❌,0.4627887362242009
5,16,orchestra,incongruent,✅,0.4768007123904515
5,16,racers,incongruent,✅,0.45736059554954583
5,17,retirement,congruent,❌,0.48278372523760915
5,17,playdate,congruent,✅,0.5653508859828795
5,17,retirement,incongruent,❌,0.5461746379637449
5,17,playdate,incongruent,✅,0.49249463773342406
5,18,relieved,congruent,❌,0.4817315323278825
5,18,depressed,congruent,✅,0.537940753854979
5,18,relieved,incongruent,❌,0.547969852953928
5,18,depressed,incongruent,✅,0.46270976096745775
5,19,friends,congruent,❌,0.4486453182311817
5,19,weight,congruent,❌,0.4076571052302107
5,19,friends,incongruent,✅,0.43505557372880244
5,19,weight,incongruent,✅,0.4303877385176065
5,2,overcoat,congruent,❌,0.4930291873678066
5,2,sandals,congruent,❌,0.3021833981474312
5,2,overcoat,incongruent,✅,0.32953180062696563
5,2,sandals,incongruent,✅,0.4777392414107855
5,20,lipstick,congruent,❌,0.35373658977691924
5,20,song,congruent,✅,0.6083072565224826
5,20,lipstick,incongruent,❌,0.6387253042267089
5,20,song,incongruent,✅,0.33735285704117646
5,21,fought,congruent,❌,0.4669365879523763
5,21,sang,congruent,✅,0.5781122919518644
5,21,fought,incongruent,❌,0.5703462558856572
5,21,sang,incongruent,✅,0.4756182711060825
5,22,skeptical,congruent,✅,0.5573838662231164
5,22,reassured,congruent,❌,0.38786795022742254
5,22,skeptical,incongruent,✅,0.38935156064347587
5,22,reassured,incongruent,❌,0.5542347384448373
5,23,graduation,congruent,❌,0.46242670883191017
5,23,operation,congruent,❌,0.42214795920544396
5,23,graduation,incongruent,✅,0.4188911998443218
5,23,operation,incongruent,✅,0.47154155131850595
5,24,bride,congruent,✅,0.5209584084176547
5,24,aftermath,congruent,✅,0.5769804288798362
5,24,bride,incongruent,❌,0.5762978758477502
5,24,aftermath,incongruent,❌,0.5055893635049004
5,25,teacher,congruent,❌,0.4275032290406842
5,25,daughter,congruent,✅,0.5848955010081347
5,25,teacher,incongruent,❌,0.5960617681161254
5,25,daughter,incongruent,✅,0.3888246808883358
5,26,roommate,congruent,✅,0.5607332454850777
5,26,grandma,congruent,✅,0.6105872917828739
5,26,roommate,incongruent,❌,0.6234721406876866
5,26,grandma,incongruent,❌,0.5539586855578194
5,27,brother,congruent,❌,0.49320839568035246
5,27,mother,congruent,❌,0.4637803627206894
5,27,brother,incongruent,✅,0.46262615941715285
5,27,mother,incongruent,✅,0.49003350842263826
5,28,preschool,congruent,❌,0.3771756963454183
5,28,prison,congruent,✅,0.5884622570636886
5,28,preschool,incongruent,❌,0.5863794119323593
5,28,prison,incongruent,✅,0.36665317031177086
5,29,hopeful,congruent,❌,0.38833820934965974
5,29,hopeless,congruent,✅,0.5413331967459375
5,29,hopeful,incongruent,❌,0.5427684012869815
5,29,hopeless,incongruent,✅,0.3789655912152135
5,3,marathon,congruent,✅,0.6007123162482424
5,3,exam,congruent,❌,0.41162372940764896
5,3,marathon,incongruent,✅,0.43054520312016964
5,3,exam,incongruent,❌,0.6045723417224331
5,30,appalled,congruent,✅,0.5972855729989562
5,30,overjoyed,congruent,❌,0.4467627360775627
5,30,appalled,incongruent,✅,0.4361606694054997
5,30,overjoyed,incongruent,❌,0.6011632633248252
5,31,reprimand,congruent,❌,0.4375386727500475
5,31,encouragement,congruent,✅,0.5893887870143614
5,31,reprimand,incongruent,❌,0.5864313942793247
5,31,encouragement,incongruent,✅,0.44561435011042266
5,32,angrily,congruent,✅,0.5223000211803732
5,32,cordially,congruent,✅,0.6522503430827041
5,32,angrily,incongruent,❌,0.6579416491239408
5,32,cordially,incongruent,❌,0.5150472680171312
5,33,accusatory,congruent,❌,0.4799979352587084
5,33,flirtatious,congruent,✅,0.5421003541920728
5,33,accusatory,incongruent,❌,0.5510149527894617
5,33,flirtatious,incongruent,✅,0.482375505061613
5,34,disapprovingly,congruent,❌,0.3842829312669018
5,34,lovingly,congruent,❌,0.3840090213227933
5,34,disapprovingly,incongruent,✅,0.4006673853301571
5,34,lovingly,incongruent,✅,0.3633749078919471
5,35,playful,congruent,✅,0.5829247717166822
5,35,distant,congruent,✅,0.5151162270346418
5,35,playful,incongruent,❌,0.5116244857827125
5,35,distant,incongruent,❌,0.5888938431158064
5,36,headphones,congruent,✅,0.5481693443302726
5,36,mangoes,congruent,✅,0.6211749892819397
5,36,headphones,incongruent,❌,0.6245199592219136
5,36,mangoes,incongruent,❌,0.5384012585055435
5,37,playroom,congruent,✅,0.5955296219260263
5,37,park,congruent,✅,0.5655381547959821
5,37,playroom,incongruent,❌,0.5472089981945989
5,37,park,incongruent,❌,0.6109865904702634
5,38,bedroom,congruent,✅,0.5101362296238743
5,38,backyard,congruent,❌,0.39980856450721614
5,38,bedroom,incongruent,✅,0.40736244550036715
5,38,backyard,incongruent,❌,0.5271743662081995
5,39,solemnly,congruent,❌,0.49566004815570935
5,39,excitedly,congruent,✅,0.5956778700560702
5,39,solemnly,incongruent,❌,0.5656604880967314
5,39,excitedly,incongruent,❌,0.5154375388004426
5,4,menu,congruent,✅,0.51594607889428
5,4,prescription,congruent,❌,0.4515291307156662
5,4,menu,incongruent,✅,0.4525658957898659
5,4,prescription,incongruent,✅,0.4792034205596025
5,40,car,congruent,✅,0.5171846126733437
5,40,sock,congruent,✅,0.5953792834013737
5,40,car,incongruent,❌,0.5909001509247328
5,40,sock,incongruent,❌,0.527866793595553
5,41,overdressed,congruent,✅,0.5006769768063226
5,41,naked,congruent,❌,0.47115274173673316
5,41,overdressed,incongruent,✅,0.48736708516639227
5,41,naked,incongruent,✅,0.488103282355566
5,42,shy,congruent,❌,0.45097941824879284
5,42,lively,congruent,❌,0.48107738675510214
5,42,shy,incongruent,✅,0.4757730966614637
5,42,lively,incongruent,✅,0.46447745643560917
5,43,offended,congruent,✅,0.5382931619698218
5,43,flattered,congruent,✅,0.5100542735292682
5,43,offended,incongruent,❌,0.51709499283302
5,43,flattered,incongruent,❌,0.5340438017347948
5,44,grandkid,congruent,❌,0.3850704182982136
5,44,cellmate,congruent,✅,0.5199252289294041
5,44,grandkid,incongruent,❌,0.5301281163239856
5,44,cellmate,incongruent,✅,0.3799234201566919
5,45,promoted,congruent,❌,0.3647960944166415
5,45,fired,congruent,❌,0.35852715306236416
5,45,promoted,incongruent,✅,0.360459147552783
5,45,fired,incongruent,✅,0.37139922629691013
5,46,shooting,congruent,✅,0.5116143315277121
5,46,celebration,congruent,✅,0.5012980565479226
5,46,shooting,incongruent,❌,0.5086267923384171
5,46,celebration,incongruent,✅,0.4870315775370135
5,47,crayon,congruent,✅,0.5685087126977546
5,47,beer,congruent,✅,0.6602000090057334
5,47,crayon,incongruent,❌,0.6758332504507277
5,47,beer,incongruent,❌,0.578158433395163
5,48,waiter,congruent,❌,0.34675916630936454
5,48,taxi,congruent,✅,0.5571279153488201
5,48,waiter,incongruent,❌,0.5707117654679367
5,48,taxi,incongruent,✅,0.34459297359350244
5,49,parents,congruent,❌,0.4630607678750262
5,49,keys,congruent,✅,0.5349826261992966
5,49,parents,incongruent,❌,0.5133340920789563
5,49,keys,incongruent,✅,0.47245635537427977
5,5,distress,congruent,✅,0.5022716727523543
5,5,tranquility,congruent,✅,0.54224189530682
5,5,distress,incongruent,❌,0.5239493104763737
5,5,tranquility,incongruent,❌,0.5140554926519054
5,50,sofa,congruent,❌,0.4849495875628923
5,50,sky,congruent,✅,0.5187384950907582
5,50,sofa,incongruent,❌,0.520226080632758
5,50,sky,incongruent,✅,0.49233060165147396
5,51,obesity,congruent,✅,0.5068143806312777
5,51,homework,congruent,❌,0.4388466169312874
5,51,obesity,incongruent,✅,0.46748773326270743
5,51,homework,incongruent,❌,0.5050192003821679
5,52,quiz,congruent,❌,0.4471637779764516
5,52,commute,congruent,❌,0.4082147046617675
5,52,quiz,incongruent,✅,0.40294477644520066
5,52,commute,incongruent,✅,0.4535047622317172
5,53,migraine,congruent,❌,0.31591367617412197
5,53,excitement,congruent,✅,0.5469473409680484
5,53,migraine,incongruent,❌,0.5408691029630415
5,53,excitement,incongruent,✅,0.3274476904671304
5,54,niece,congruent,✅,0.5498303638212443
5,54,husband,congruent,❌,0.4345351161952324
5,54,niece,incongruent,✅,0.45055903985231716
5,54,husband,incongruent,❌,0.5402217840275552
5,55,film,congruent,❌,0.4624250685762987
5,55,sunrise,congruent,❌,0.39438962864590044
5,55,film,incongruent,✅,0.3848205787306893
5,55,sunrise,incongruent,✅,0.476851961793211
5,56,lecture,congruent,✅,0.5195715315088122
5,56,banquet,congruent,✅,0.5380838766111947
5,56,lecture,incongruent,❌,0.5286058209410329
5,56,banquet,incongruent,❌,0.5287912011973595
5,57,drink,congruent,❌,0.46685682614823876
5,57,textbook,congruent,✅,0.5854264141759133
5,57,drink,incongruent,❌,0.5631905519286623
5,57,textbook,incongruent,❌,0.506136487722186
5,58,pool,congruent,✅,0.5178942182913109
5,58,snow,congruent,✅,0.5444617980155809
5,58,pool,incongruent,❌,0.5305482911777563
5,58,snow,incongruent,❌,0.5335909163775072
5,59,passport,congruent,✅,0.636404401998886
5,59,plushy,congruent,❌,0.4410324028643081
5,59,passport,incongruent,✅,0.4537446470046727
5,59,plushy,incongruent,❌,0.6146266931754426
5,6,patients,congruent,❌,0.4194517373711344
5,6,students,congruent,❌,0.40227245002455475
5,6,patients,incongruent,✅,0.3779133307442047
5,6,students,incongruent,✅,0.44584504828765875
5,60,sister,congruent,❌,0.47912959424747553
5,60,father,congruent,❌,0.48451059359993176
5,60,sister,incongruent,✅,0.48045498345815957
5,60,father,incongruent,✅,0.4893140953338621
5,61,game,congruent,✅,0.5010782045465486
5,61,sunset,congruent,❌,0.4971493855076878
5,61,game,incongruent,❌,0.5111230277499148
5,61,sunset,incongruent,✅,0.49630049836463863
5,62,holidays,congruent,✅,0.6104540269598127
5,62,funeral,congruent,❌,0.43064879115351984
5,62,holidays,incongruent,✅,0.4155625483424395
5,62,funeral,incongruent,❌,0.6180941508181772
5,63,grades,congruent,❌,0.44915615871535153
5,63,affair,congruent,✅,0.5031300696289152
5,63,grades,incongruent,❌,0.5168013289607288
5,63,affair,incongruent,✅,0.4481731544075356
5,64,arrest,congruent,✅,0.5036755504344628
5,64,stroke,congruent,❌,0.4755425971507991
5,64,arrest,incongruent,✅,0.4749245219190631
5,64,stroke,incongruent,❌,0.5002527365096566
5,65,pacifier,congruent,❌,0.4798884295057698
5,65,coffee,congruent,❌,0.4235086810391414
5,65,pacifier,incongruent,✅,0.3991568691133526
5,65,coffee,incongruent,✅,0.4853072685505839
5,66,sweets,congruent,❌,0.4481499500452021
5,66,sentencing,congruent,❌,0.44948778184216526
5,66,sweets,incongruent,✅,0.4484411141763201
5,66,sentencing,incongruent,✅,0.4282645864854988
5,67,nap,congruent,❌,0.42207522297709543
5,67,selfie,congruent,❌,0.47599827947258044
5,67,nap,incongruent,❌,0.504079276921244
5,67,selfie,incongruent,✅,0.4189579976809533
5,68,diaper,congruent,❌,0.4956700369700127
5,68,tire,congruent,✅,0.5027834864491497
5,68,diaper,incongruent,❌,0.5005672362685767
5,68,tire,incongruent,✅,0.4914547875925849
5,69,chemotherapy,congruent,❌,0.3794404060629344
5,69,golf,congruent,❌,0.4869290994356063
5,69,chemotherapy,incongruent,✅,0.49130183328134375
5,69,golf,incongruent,✅,0.37913822948362624
5,7,consensus,congruent,✅,0.5481330717021855
5,7,deadlock,congruent,❌,0.4333152038107955
5,7,consensus,incongruent,✅,0.43034291939450203
5,7,deadlock,incongruent,❌,0.5385858068650534
5,70,thunder,congruent,✅,0.5063348261072775
5,70,lullaby,congruent,❌,0.41818248000787855
5,70,thunder,incongruent,✅,0.456361663335036
5,70,lullaby,incongruent,✅,0.47356969288503403
5,71,pajamas,congruent,❌,0.4754742570094852
5,71,uniform,congruent,✅,0.547125057264086
5,71,pajamas,incongruent,❌,0.5678963993907931
5,71,uniform,incongruent,✅,0.47347524619408055
5,72,gown,congruent,✅,0.5117067429109593
5,72,sweats,congruent,✅,0.6038451634927533
5,72,gown,incongruent,❌,0.6156228307945163
5,72,sweats,incongruent,❌,0.5075443301920712
5,73,deadline,congruent,❌,0.442490469152796
5,73,bed,congruent,✅,0.5857322456230958
5,73,deadline,incongruent,❌,0.6192551511839478
5,73,bed,incongruent,✅,0.4198840971572067
5,74,kindergarten,congruent,❌,0.4292620361517723
5,74,jail,congruent,❌,0.4234290417358575
5,74,kindergarten,incongruent,✅,0.45718620484481326
5,74,jail,incongruent,✅,0.403701893780329
5,75,interrogated,congruent,❌,0.48501350375329444
5,75,tickled,congruent,❌,0.4629156388871377
5,75,interrogated,incongruent,✅,0.43994374195361474
5,75,tickled,incongruent,✅,0.4859236046324117
5,76,sandcastle,congruent,✅,0.6789762022559337
5,76,snowman,congruent,❌,0.45836139389536873
5,76,sandcastle,incongruent,✅,0.48970328408766534
5,76,snowman,incongruent,❌,0.6706051982341578
5,77,music,congruent,✅,0.5468775460686723
5,77,pizza,congruent,❌,0.37858436750324326
5,77,music,incongruent,✅,0.429141347996743
5,77,pizza,incongruent,❌,0.5135061088670865
5,78,playoffs,congruent,❌,0.4986663854061102
5,78,cartoon,congruent,✅,0.5224182599488322
5,78,playoffs,incongruent,❌,0.5141013975313505
5,78,cartoon,incongruent,❌,0.5122717109841154
5,79,alcoholism,congruent,❌,0.4721330504026846
5,79,academics,congruent,✅,0.593195224794146
5,79,alcoholism,incongruent,❌,0.5850445638956715
5,79,academics,incongruent,✅,0.47344904760981493
5,8,engagement,congruent,❌,0.459878106450006
5,8,cancer,congruent,❌,0.41787774210348144
5,8,engagement,incongruent,✅,0.4181354591004804
5,8,cancer,incongruent,✅,0.47648426937338834
5,9,terminal,congruent,❌,0.49429126403967616
5,9,classroom,congruent,❌,0.43580251466368847
5,9,terminal,incongruent,✅,0.44128210464310635
5,9,classroom,incongruent,✅,0.4861662348639481
6,0,library,congruent,❌,0.4309579985298995
6,0,refrigerator,congruent,❌,0.4202149665406282
6,0,library,incongruent,✅,0.41595076568385947
6,0,refrigerator,incongruent,✅,0.41828265626333794
6,1,disappointment,congruent,❌,0.4655395099859302
6,1,delight,congruent,✅,0.5059731355209401
6,1,disappointment,incongruent,✅,0.4978072836613734
6,1,delight,incongruent,✅,0.47668879600375946
6,10,cash,congruent,❌,0.4966274066346582
6,10,groceries,congruent,✅,0.5676266231675204
6,10,cash,incongruent,❌,0.5653028561386177
6,10,groceries,incongruent,❌,0.5000307719230388
6,11,lonely,congruent,❌,0.44215012455545283
6,11,confident,congruent,✅,0.5785878468454267
6,11,lonely,incongruent,❌,0.5778232626606893
6,11,confident,incongruent,✅,0.4375063759847755
6,12,joy,congruent,❌,0.47153304379036637
6,12,outrage,congruent,✅,0.5296518487567102
6,12,joy,incongruent,❌,0.5400004909555269
6,12,outrage,incongruent,✅,0.4563826728488133
6,13,traffic,congruent,❌,0.4929562996520904
6,13,snowstorm,congruent,❌,0.3942913002054354
6,13,traffic,incongruent,✅,0.3844965622227379
6,13,snowstorm,incongruent,✅,0.49947730667752777
6,14,laughter,congruent,✅,0.5343295476344762
6,14,frustration,congruent,✅,0.5761143357329844
6,14,laughter,incongruent,❌,0.5718839066766251
6,14,frustration,incongruent,❌,0.5333982698288936
6,15,calculator,congruent,✅,0.5821801011055056
6,15,instrument,congruent,✅,0.616446112094313
6,15,calculator,incongruent,❌,0.6186899062583707
6,15,instrument,incongruent,❌,0.5726418786452617
6,16,orchestra,congruent,❌,0.42321684459400105
6,16,racers,congruent,✅,0.5013573507170329
6,16,orchestra,incongruent,❌,0.5071672762928493
6,16,racers,incongruent,✅,0.4392915836764012
6,17,retirement,congruent,❌,0.49187701614106993
6,17,playdate,congruent,✅,0.5728674519808299
6,17,retirement,incongruent,❌,0.5958085661153038
6,17,playdate,incongruent,❌,0.5149320216397416
6,18,relieved,congruent,✅,0.5130900964765114
6,18,depressed,congruent,✅,0.629815841034062
6,18,relieved,incongruent,❌,0.6312691947315804
6,18,depressed,incongruent,❌,0.5005306244456993
6,19,friends,congruent,❌,0.4886438201244652
6,19,weight,congruent,✅,0.5043971779536394
6,19,friends,incongruent,✅,0.4984960699893552
6,19,weight,incongruent,✅,0.47953028929408376
6,2,overcoat,congruent,✅,0.5004478814190271
6,2,sandals,congruent,❌,0.3124079872909508
6,2,overcoat,incongruent,✅,0.33376415599199666
6,2,sandals,incongruent,✅,0.48720443910115574
6,20,lipstick,congruent,❌,0.33863834458151837
6,20,song,congruent,✅,0.5502514604813894
6,20,lipstick,incongruent,❌,0.563339144717581
6,20,song,incongruent,✅,0.3283735994127563
6,21,fought,congruent,✅,0.5270633311283969
6,21,sang,congruent,✅,0.6544418973076923
6,21,fought,incongruent,❌,0.6246727283489073
6,21,sang,incongruent,❌,0.5336551712119642
6,22,skeptical,congruent,✅,0.6373175419531314
6,22,reassured,congruent,❌,0.43255992368801194
6,22,skeptical,incongruent,✅,0.43939632310559584
6,22,reassured,incongruent,❌,0.6337230607130127
6,23,graduation,congruent,✅,0.559689155972125
6,23,operation,congruent,✅,0.51622926975542
6,23,graduation,incongruent,❌,0.5110210595214533
6,23,operation,incongruent,❌,0.5512314825890209
6,24,bride,congruent,✅,0.5460479310189739
6,24,aftermath,congruent,❌,0.4685603720712835
6,24,bride,incongruent,✅,0.4602183523323167
6,24,aftermath,incongruent,❌,0.537174604771146
6,25,teacher,congruent,❌,0.4724111086024294
6,25,daughter,congruent,❌,0.45992695317123566
6,25,teacher,incongruent,✅,0.4657122994400271
6,25,daughter,incongruent,✅,0.44236523782218046
6,26,roommate,congruent,✅,0.5167972749280284
6,26,grandma,congruent,✅,0.5596244123858753
6,26,roommate,incongruent,❌,0.5683644097264386
6,26,grandma,incongruent,❌,0.507387560584719
6,27,brother,congruent,✅,0.5530513440781276
6,27,mother,congruent,✅,0.5385105559545632
6,27,brother,incongruent,❌,0.5441064283594076
6,27,mother,incongruent,❌,0.5571014715324174
6,28,preschool,congruent,✅,0.6133949200225419
6,28,prison,congruent,❌,0.46250840729658466
6,28,preschool,incongruent,✅,0.4739847467543458
6,28,prison,incongruent,❌,0.5808937202505021
6,29,hopeful,congruent,❌,0.3485114416027496
6,29,hopeless,congruent,❌,0.3455373991710968
6,29,hopeful,incongruent,✅,0.34684461563811714
6,29,hopeless,incongruent,✅,0.34440076247468104
6,3,marathon,congruent,❌,0.4013090222832029
6,3,exam,congruent,❌,0.4156962916035773
6,3,marathon,incongruent,✅,0.4427739820255931
6,3,exam,incongruent,✅,0.40024097423290583
6,30,appalled,congruent,✅,0.5860896543977807
6,30,overjoyed,congruent,❌,0.4008822183700879
6,30,appalled,incongruent,✅,0.3942929418837451
6,30,overjoyed,incongruent,❌,0.5887166111228597
6,31,reprimand,congruent,❌,0.20967866601933977
6,31,encouragement,congruent,✅,0.531824290364182
6,31,reprimand,incongruent,❌,0.5499961355330789
6,31,encouragement,incongruent,✅,0.20523290563216035
6,32,angrily,congruent,✅,0.5079684132432148
6,32,cordially,congruent,❌,0.4244602491720199
6,32,angrily,incongruent,✅,0.4106694916589709
6,32,cordially,incongruent,✅,0.49832246362719446
6,33,accusatory,congruent,❌,0.46173036038142234
6,33,flirtatious,congruent,✅,0.6743426823188207
6,33,accusatory,incongruent,❌,0.6750797272011094
6,33,flirtatious,incongruent,✅,0.47555267962453346
6,34,disapprovingly,congruent,✅,0.6547538390578155
6,34,lovingly,congruent,✅,0.5068031831982499
6,34,disapprovingly,incongruent,❌,0.5204882106786857
6,34,lovingly,incongruent,❌,0.6093621424362933
6,35,playful,congruent,✅,0.5238354190573414
6,35,distant,congruent,❌,0.47394457746408314
6,35,playful,incongruent,✅,0.4780954771313948
6,35,distant,incongruent,❌,0.518972630320812
6,36,headphones,congruent,✅,0.5717499848325209
6,36,mangoes,congruent,✅,0.5202459966777819
6,36,headphones,incongruent,✅,0.49969293990736346
6,36,mangoes,incongruent,❌,0.5717881338808476
6,37,playroom,congruent,✅,0.7336949772059772
6,37,park,congruent,✅,0.5668304186816374
6,37,playroom,incongruent,❌,0.5677856226330061
6,37,park,incongruent,❌,0.7439593192819036
6,38,bedroom,congruent,❌,0.49175418027856077
6,38,backyard,congruent,❌,0.38698025502572825
6,38,bedroom,incongruent,✅,0.3905429429896568
6,38,backyard,incongruent,✅,0.4986074851997729
6,39,solemnly,congruent,❌,0.49746646583943377
6,39,excitedly,congruent,❌,0.4688177425812291
6,39,solemnly,incongruent,✅,0.47291937735783285
6,39,excitedly,incongruent,❌,0.5114817499040379
6,4,menu,congruent,✅,0.5916104066465077
6,4,prescription,congruent,❌,0.43344947628626584
6,4,menu,incongruent,✅,0.41389715851725295
6,4,prescription,incongruent,❌,0.5864842452602244
6,40,car,congruent,✅,0.5597040538516719
6,40,sock,congruent,✅,0.5321090197620217
6,40,car,incongruent,❌,0.5517933084096646
6,40,sock,incongruent,❌,0.5499007622001955
6,41,overdressed,congruent,✅,0.5591219018959125
6,41,naked,congruent,❌,0.3750061224204476
6,41,overdressed,incongruent,✅,0.40427712241563507
6,41,naked,incongruent,❌,0.5367330901393187
6,42,shy,congruent,❌,0.4198472185988837
6,42,lively,congruent,✅,0.629499745762625
6,42,shy,incongruent,❌,0.6201176873880304
6,42,lively,incongruent,✅,0.4330679844276836
6,43,offended,congruent,✅,0.5555463538142545
6,43,flattered,congruent,✅,0.6123357556983017
6,43,offended,incongruent,❌,0.5999289875051125
6,43,flattered,incongruent,❌,0.5601161700941605
6,44,grandkid,congruent,❌,0.4577370040722119
6,44,cellmate,congruent,✅,0.7330346767615687
6,44,grandkid,incongruent,❌,0.7326470602540244
6,44,cellmate,incongruent,✅,0.4583889587062819
6,45,promoted,congruent,❌,0.36737399111421154
6,45,fired,congruent,❌,0.34995336640449015
6,45,promoted,incongruent,✅,0.3586644180846037
6,45,fired,incongruent,✅,0.35621064350585624
6,46,shooting,congruent,❌,0.4073904105323057
6,46,celebration,congruent,✅,0.5692862171632626
6,46,shooting,incongruent,❌,0.5686771894417938
6,46,celebration,incongruent,✅,0.3962669457834589
6,47,crayon,congruent,✅,0.5653585262545375
6,47,beer,congruent,✅,0.5603667605552995
6,47,crayon,incongruent,❌,0.5503993956727862
6,47,beer,incongruent,❌,0.5687781857633876
6,48,waiter,congruent,❌,0.45112112667090964
6,48,taxi,congruent,✅,0.7066570478754884
6,48,waiter,incongruent,❌,0.7082252191454742
6,48,taxi,incongruent,✅,0.44560444789819753
6,49,parents,congruent,❌,0.4419650077445218
6,49,keys,congruent,❌,0.45474497790014023
6,49,parents,incongruent,✅,0.45117290147471745
6,49,keys,incongruent,✅,0.45696692422233237
6,5,distress,congruent,✅,0.5915053016481983
6,5,tranquility,congruent,✅,0.5753210804972989
6,5,distress,incongruent,❌,0.5629993296386568
6,5,tranquility,incongruent,❌,0.5997623583671406
6,50,sofa,congruent,❌,0.4927066601163472
6,50,sky,congruent,✅,0.5730522675262446
6,50,sofa,incongruent,❌,0.5699022553777152
6,50,sky,incongruent,✅,0.49236137002420205
6,51,obesity,congruent,✅,0.5780683459166773
6,51,homework,congruent,✅,0.5789931775359691
6,51,obesity,incongruent,❌,0.5744292902537421
6,51,homework,incongruent,❌,0.5906786643114733
6,52,quiz,congruent,❌,0.4509889009747809
6,52,commute,congruent,❌,0.49743358324259046
6,52,quiz,incongruent,✅,0.49365509250111295
6,52,commute,incongruent,✅,0.45525178660835
6,53,migraine,congruent,❌,0.47238587795274495
6,53,excitement,congruent,❌,0.41150694375935887
6,53,migraine,incongruent,✅,0.4155518726152125
6,53,excitement,incongruent,✅,0.47687595388693427
6,54,niece,congruent,✅,0.5969632907573917
6,54,husband,congruent,✅,0.5361560926285213
6,54,niece,incongruent,❌,0.5412723810543228
6,54,husband,incongruent,❌,0.5821755572688252
6,55,film,congruent,✅,0.5713945056644038
6,55,sunrise,congruent,❌,0.3898504737428697
6,55,film,incongruent,✅,0.39992532401385644
6,55,sunrise,incongruent,❌,0.5688881216802971
6,56,lecture,congruent,✅,0.5082176030412061
6,56,banquet,congruent,✅,0.6335687344488491
6,56,lecture,incongruent,❌,0.6303061722818154
6,56,banquet,incongruent,❌,0.5174547767192043
6,57,drink,congruent,❌,0.48651391624846774
6,57,textbook,congruent,❌,0.4418181572161276
6,57,drink,incongruent,✅,0.42997829957464434
6,57,textbook,incongruent,❌,0.5184312268983086
6,58,pool,congruent,✅,0.6371530891408622
6,58,snow,congruent,❌,0.4296093558008087
6,58,pool,incongruent,✅,0.4208754195257073
6,58,snow,incongruent,❌,0.6423178408316464
6,59,passport,congruent,✅,0.5977470827394366
6,59,plushy,congruent,❌,0.44278809347746423
6,59,passport,incongruent,✅,0.4347210310705782
6,59,plushy,incongruent,❌,0.5588347293770153
6,6,patients,congruent,❌,0.4255230499319038
6,6,students,congruent,❌,0.47399983562132153
6,6,patients,incongruent,✅,0.41824524548026143
6,6,students,incongruent,✅,0.47041130564965816
6,60,sister,congruent,❌,0.41406324398251504
6,60,father,congruent,❌,0.42535185014169674
6,60,sister,incongruent,✅,0.4336267585070757
6,60,father,incongruent,✅,0.41942940697220576
6,61,game,congruent,✅,0.5618601190390697
6,61,sunset,congruent,✅,0.609346843100669
6,61,game,incongruent,❌,0.6166512786497319
6,61,sunset,incongruent,❌,0.5493103579534173
6,62,holidays,congruent,✅,0.582933656490833
6,62,funeral,congruent,❌,0.46423984681766206
6,62,holidays,incongruent,✅,0.4663077090309536
6,62,funeral,incongruent,❌,0.5824237898960384
6,63,grades,congruent,❌,0.4898317469613551
6,63,affair,congruent,✅,0.5357079195545129
6,63,grades,incongruent,❌,0.5247725733032509
6,63,affair,incongruent,❌,0.5096842182529762
6,64,arrest,congruent,✅,0.6214029041284411
6,64,stroke,congruent,✅,0.5065154666530128
6,64,arrest,incongruent,❌,0.5058814744247201
6,64,stroke,incongruent,❌,0.634955618014628
6,65,pacifier,congruent,✅,0.6619285869725431
6,65,coffee,congruent,❌,0.4935528971442967
6,65,pacifier,incongruent,✅,0.4551217478922859
6,65,coffee,incongruent,❌,0.6675707456160376
6,66,sweets,congruent,❌,0.48907615848238595
6,66,sentencing,congruent,❌,0.411036260419994
6,66,sweets,incongruent,✅,0.4142278464656967
6,66,sentencing,incongruent,✅,0.49333327026168833
6,67,nap,congruent,❌,0.27566503967856315
6,67,selfie,congruent,❌,0.4185510962689104
6,67,nap,incongruent,✅,0.42967553269361203
6,67,selfie,incongruent,✅,0.296180623060681
6,68,diaper,congruent,❌,0.4121038414776477
6,68,tire,congruent,❌,0.36575277152520663
6,68,diaper,incongruent,✅,0.3664059291851737
6,68,tire,incongruent,✅,0.4094467317972148
6,69,chemotherapy,congruent,✅,0.5994350188987808
6,69,golf,congruent,❌,0.4896846773017162
6,69,chemotherapy,incongruent,✅,0.48489437545181513
6,69,golf,incongruent,❌,0.6045111357233652
6,7,consensus,congruent,❌,0.4601075465842688
6,7,deadlock,congruent,❌,0.4621705918214977
6,7,consensus,incongruent,✅,0.4601044528601822
6,7,deadlock,incongruent,✅,0.4693939886117509
6,70,thunder,congruent,❌,0.4009234576833787
6,70,lullaby,congruent,❌,0.30299119241545874
6,70,thunder,incongruent,✅,0.3133202187491564
6,70,lullaby,incongruent,✅,0.3812668350789824
6,71,pajamas,congruent,❌,0.4808652489517556
6,71,uniform,congruent,✅,0.5379904136765324
6,71,pajamas,incongruent,❌,0.5379990308660082
6,71,uniform,incongruent,✅,0.49649284383731124
6,72,gown,congruent,❌,0.361637307487771
6,72,sweats,congruent,✅,0.5107926793693199
6,72,gown,incongruent,❌,0.5273915443587266
6,72,sweats,incongruent,✅,0.35568310190586155
6,73,deadline,congruent,❌,0.39631206405999836
6,73,bed,congruent,✅,0.534245060742296
6,73,deadline,incongruent,❌,0.551804732157009
6,73,bed,incongruent,✅,0.37778929625552304
6,74,kindergarten,congruent,✅,0.5589843789207336
6,74,jail,congruent,❌,0.44158617308488796
6,74,kindergarten,incongruent,✅,0.46164367510826065
6,74,jail,incongruent,❌,0.5576966222655726
6,75,interrogated,congruent,❌,0.4364579676868324
6,75,tickled,congruent,❌,0.39971933926867004
6,75,interrogated,incongruent,✅,0.38180839081583834
6,75,tickled,incongruent,✅,0.4481872673876795
6,76,sandcastle,congruent,❌,0.49218574339887333
6,76,snowman,congruent,✅,0.5008428951320147
6,76,sandcastle,incongruent,❌,0.5240407885340523
6,76,snowman,incongruent,✅,0.4892713036552269
6,77,music,congruent,❌,0.4873687034648609
6,77,pizza,congruent,✅,0.5147769044734478
6,77,music,incongruent,❌,0.539769902894054
6,77,pizza,incongruent,✅,0.4681394695023463
6,78,playoffs,congruent,❌,0.4864301752973773
6,78,cartoon,congruent,✅,0.5187586884167997
6,78,playoffs,incongruent,❌,0.5183813965995878
6,78,cartoon,incongruent,✅,0.4765421817688827
6,79,alcoholism,congruent,❌,0.39916240653536894
6,79,academics,congruent,✅,0.519657492705894
6,79,alcoholism,incongruent,❌,0.5276519969248152
6,79,academics,incongruent,✅,0.39960365524891195
6,8,engagement,congruent,❌,0.4740757142548588
6,8,cancer,congruent,❌,0.424238766009595
6,8,engagement,incongruent,✅,0.4004993278683112
6,8,cancer,incongruent,✅,0.48468793165108204
6,9,terminal,congruent,✅,0.533192183730984
6,9,classroom,congruent,❌,0.45038864906707804
6,9,terminal,incongruent,✅,0.44722576512620493
6,9,classroom,incongruent,❌,0.5496598945074144
7,0,library,congruent,✅,0.5190710911102581
7,0,refrigerator,congruent,✅,0.560785419644322
7,0,library,incongruent,❌,0.5643133311444309
7,0,refrigerator,incongruent,❌,0.513191739129158
7,1,disappointment,congruent,❌,0.47535600808361694
7,1,delight,congruent,❌,0.4378109757245374
7,1,disappointment,incongruent,✅,0.4373421016562168
7,1,delight,incongruent,✅,0.47625886708832593
7,10,cash,congruent,✅,0.5389432139058595
7,10,groceries,congruent,❌,0.49482018134756595
7,10,cash,incongruent,✅,0.49583010506652686
7,10,groceries,incongruent,❌,0.5432938710646078
7,11,lonely,congruent,✅,0.5085047917222076
7,11,confident,congruent,✅,0.6006668578555802
7,11,lonely,incongruent,❌,0.5957988013259538
7,11,confident,incongruent,❌,0.5093077632996224
7,12,joy,congruent,✅,0.5053417936371285
7,12,outrage,congruent,✅,0.5035944230000153
7,12,joy,incongruent,❌,0.5115024489437069
7,12,outrage,incongruent,✅,0.4965337386016384
7,13,traffic,congruent,✅,0.5367593345849804
7,13,snowstorm,congruent,✅,0.6207210782555483
7,13,traffic,incongruent,❌,0.6197479758468507
7,13,snowstorm,incongruent,❌,0.5379278119606655
7,14,laughter,congruent,✅,0.5088816798740076
7,14,frustration,congruent,❌,0.44989359802709405
7,14,laughter,incongruent,✅,0.44750581340108103
7,14,frustration,incongruent,❌,0.5105373419104862
7,15,calculator,congruent,❌,0.4873874096694375
7,15,instrument,congruent,✅,0.6043697664378817
7,15,calculator,incongruent,❌,0.616274479714937
7,15,instrument,incongruent,✅,0.47031798875298114
7,16,orchestra,congruent,❌,0.4851201872125813
7,16,racers,congruent,✅,0.6210532296071457
7,16,orchestra,incongruent,❌,0.6174879647287763
7,16,racers,incongruent,✅,0.4932926123329147
7,17,retirement,congruent,❌,0.4226878950991301
7,17,playdate,congruent,✅,0.6340995270076154
7,17,retirement,incongruent,❌,0.6431109194072314
7,17,playdate,incongruent,✅,0.42233062654328174
7,18,relieved,congruent,✅,0.5942633049941646
7,18,depressed,congruent,✅,0.538156374905247
7,18,relieved,incongruent,❌,0.5381297578794106
7,18,depressed,incongruent,❌,0.5969566392724801
7,19,friends,congruent,❌,0.40934888812886355
7,19,weight,congruent,✅,0.5123634341090577
7,19,friends,incongruent,❌,0.5166123379715569
7,19,weight,incongruent,✅,0.41030526106380855
7,2,overcoat,congruent,✅,0.5021647867907917
7,2,sandals,congruent,❌,0.36692332544849116
7,2,overcoat,incongruent,✅,0.3818683009472576
7,2,sandals,incongruent,✅,0.4945845231417295
7,20,lipstick,congruent,❌,0.39654733950019294
7,20,song,congruent,❌,0.4701739174708292
7,20,lipstick,incongruent,✅,0.46260616536693183
7,20,song,incongruent,✅,0.4002116389015434
7,21,fought,congruent,❌,0.4813945833485185
7,21,sang,congruent,✅,0.531377930423674
7,21,fought,incongruent,❌,0.524914827905663
7,21,sang,incongruent,✅,0.4847271677534768
7,22,skeptical,congruent,✅,0.5502406765521611
7,22,reassured,congruent,❌,0.433741815590552
7,22,skeptical,incongruent,✅,0.43251091471561587
7,22,reassured,incongruent,❌,0.5523712396954258
7,23,graduation,congruent,✅,0.5122264538542097
7,23,operation,congruent,✅,0.5316844163526828
7,23,graduation,incongruent,❌,0.5366982199147181
7,23,operation,incongruent,❌,0.5037070084933866
7,24,bride,congruent,❌,0.45664197077626995
7,24,aftermath,congruent,❌,0.4625010009901146
7,24,bride,incongruent,✅,0.458648823435405
7,24,aftermath,incongruent,✅,0.459535095878228
7,25,teacher,congruent,❌,0.49950786348921256
7,25,daughter,congruent,❌,0.46991840646978955
7,25,teacher,incongruent,✅,0.4722636497021911
7,25,daughter,incongruent,✅,0.4834068555928423
7,26,roommate,congruent,❌,0.445359380611399
7,26,grandma,congruent,❌,0.4396090964747375
7,26,roommate,incongruent,✅,0.4435166498988852
7,26,grandma,incongruent,✅,0.44073663142146763
7,27,brother,congruent,✅,0.5932226868860258
7,27,mother,congruent,✅,0.566887094160108
7,27,brother,incongruent,❌,0.5602046908551268
7,27,mother,incongruent,❌,0.5931733432747021
7,28,preschool,congruent,❌,0.44895289679816
7,28,prison,congruent,✅,0.6822012361869211
7,28,preschool,incongruent,❌,0.6888215804540998
7,28,prison,incongruent,✅,0.4444144144094313
7,29,hopeful,congruent,✅,0.5338125184256411
7,29,hopeless,congruent,❌,0.41900574540843666
7,29,hopeful,incongruent,✅,0.421653074623722
7,29,hopeless,incongruent,❌,0.5291611999500023
7,3,marathon,congruent,❌,0.3382101148802633
7,3,exam,congruent,✅,0.529952006403175
7,3,marathon,incongruent,❌,0.5444836031684341
7,3,exam,incongruent,✅,0.33395331917200616
7,30,appalled,congruent,❌,0.4529848231507141
7,30,overjoyed,congruent,❌,0.44239925339671776
7,30,appalled,incongruent,✅,0.4405288207946097
7,30,overjoyed,incongruent,✅,0.4540983132218734
7,31,reprimand,congruent,❌,0.47989049989928945
7,31,encouragement,congruent,❌,0.42878240170426185
7,31,reprimand,incongruent,✅,0.4331572494887379
7,31,encouragement,incongruent,✅,0.48222911325147577
7,32,angrily,congruent,✅,0.5427486768853824
7,32,cordially,congruent,❌,0.24226092437526503
7,32,angrily,incongruent,✅,0.2344907204009801
7,32,cordially,incongruent,❌,0.5380863662763999
7,33,accusatory,congruent,✅,0.5354194121020861
7,33,flirtatious,congruent,✅,0.6066965036427743
7,33,accusatory,incongruent,❌,0.6097478309971455
7,33,flirtatious,incongruent,❌,0.5437200091330254
7,34,disapprovingly,congruent,✅,0.5537307107413758
7,34,lovingly,congruent,✅,0.5350054810740231
7,34,disapprovingly,incongruent,❌,0.5416745281192396
7,34,lovingly,incongruent,❌,0.5292591207852935
7,35,playful,congruent,❌,0.4932827813768341
7,35,distant,congruent,❌,0.4809858899893488
7,35,playful,incongruent,✅,0.4733509447872901
7,35,distant,incongruent,✅,0.494901546657812
7,36,headphones,congruent,✅,0.5323322451200427
7,36,mangoes,congruent,❌,0.3498451104880352
7,36,headphones,incongruent,✅,0.3456759737293564
7,36,mangoes,incongruent,❌,0.5232135911875436
7,37,playroom,congruent,❌,0.46501753513132665
7,37,park,congruent,✅,0.5672696120798308
7,37,playroom,incongruent,❌,0.5583468260970438
7,37,park,incongruent,✅,0.47963084261812855
7,38,bedroom,congruent,❌,0.42923166562390347
7,38,backyard,congruent,✅,0.5782728080872952
7,38,bedroom,incongruent,❌,0.5839060797511966
7,38,backyard,incongruent,✅,0.4354683328926401
7,39,solemnly,congruent,✅,0.5693694805235056
7,39,excitedly,congruent,✅,0.5337348817885351
7,39,solemnly,incongruent,❌,0.5416014065961529
7,39,excitedly,incongruent,❌,0.5732620344321635
7,4,menu,congruent,❌,0.48769806187533404
7,4,prescription,congruent,✅,0.5382366323725286
7,4,menu,incongruent,❌,0.5262028298581262
7,4,prescription,incongruent,✅,0.4977127242337816
7,40,car,congruent,❌,0.46990105008833766
7,40,sock,congruent,✅,0.5204533364394559
7,40,car,incongruent,❌,0.531989902543107
7,40,sock,incongruent,✅,0.45490811694333205
7,41,overdressed,congruent,❌,0.49624466070768675
7,41,naked,congruent,❌,0.38871075773266833
7,41,overdressed,incongruent,✅,0.40202617682404806
7,41,naked,incongruent,✅,0.4917449007276696
7,42,shy,congruent,❌,0.49437763230270637
7,42,lively,congruent,❌,0.4761074291116912
7,42,shy,incongruent,✅,0.4679210892067663
7,42,lively,incongruent,❌,0.5008471342926202
7,43,offended,congruent,✅,0.6025417576727543
7,43,flattered,congruent,✅,0.5197963654231353
7,43,offended,incongruent,❌,0.5133052096752503
7,43,flattered,incongruent,❌,0.6062807666542781
7,44,grandkid,congruent,❌,0.4975342839830576
7,44,cellmate,congruent,✅,0.602878611894407
7,44,grandkid,incongruent,❌,0.6015543118209292
7,44,cellmate,incongruent,✅,0.49376472181457937
7,45,promoted,congruent,❌,0.43749972664936604
7,45,fired,congruent,❌,0.4825278634303508
7,45,promoted,incongruent,✅,0.48901943699206174
7,45,fired,incongruent,✅,0.4395227609557789
7,46,shooting,congruent,✅,0.5297532424308222
7,46,celebration,congruent,❌,0.44319308056450785
7,46,shooting,incongruent,✅,0.44030759503546646
7,46,celebration,incongruent,❌,0.5323902466460526
7,47,crayon,congruent,❌,0.4961442623281552
7,47,beer,congruent,✅,0.5822321019540404
7,47,crayon,incongruent,❌,0.5876211566064092
7,47,beer,incongruent,✅,0.4875663018173665
7,48,waiter,congruent,❌,0.4245487252988531
7,48,taxi,congruent,❌,0.4648285807045873
7,48,waiter,incongruent,✅,0.46351449762914515
7,48,taxi,incongruent,✅,0.4246817431043652
7,49,parents,congruent,❌,0.47833291900732794
7,49,keys,congruent,✅,0.556250764565239
7,49,parents,incongruent,❌,0.5474674823845801
7,49,keys,incongruent,✅,0.48211135131485416
7,5,distress,congruent,❌,0.4908172558013087
7,5,tranquility,congruent,✅,0.594337850808747
7,5,distress,incongruent,❌,0.5858856883286107
7,5,tranquility,incongruent,✅,0.4997477077123171
7,50,sofa,congruent,✅,0.5108680719932421
7,50,sky,congruent,✅,0.5434268701034177
7,50,sofa,incongruent,❌,0.5424088438568793
7,50,sky,incongruent,❌,0.5182936118438246
7,51,obesity,congruent,❌,0.46773679831028386
7,51,homework,congruent,❌,0.4271847278663528
7,51,obesity,incongruent,✅,0.43184094341678225
7,51,homework,incongruent,✅,0.46700799379969055
7,52,quiz,congruent,✅,0.5122528478453561
7,52,commute,congruent,✅,0.6500203744320413
7,52,quiz,incongruent,❌,0.6422853536447242
7,52,commute,incongruent,❌,0.5135752228018993
7,53,migraine,congruent,✅,0.5256924463537556
7,53,excitement,congruent,❌,0.4921888269846299
7,53,migraine,incongruent,❌,0.5018332389977824
7,53,excitement,incongruent,❌,0.5227635160431391
7,54,niece,congruent,✅,0.592052184398473
7,54,husband,congruent,❌,0.4511828262633768
7,54,niece,incongruent,✅,0.4542267696221479
7,54,husband,incongruent,❌,0.5925083268338552
7,55,film,congruent,✅,0.5098831824089962
7,55,sunrise,congruent,❌,0.47570480086928096
7,55,film,incongruent,✅,0.47492105147636543
7,55,sunrise,incongruent,❌,0.5107297644976387
7,56,lecture,congruent,✅,0.5021154630570513
7,56,banquet,congruent,✅,0.5133668432497654
7,56,lecture,incongruent,❌,0.5108558286763694
7,56,banquet,incongruent,❌,0.5005873856147053
7,57,drink,congruent,✅,0.6053187100829321
7,57,textbook,congruent,❌,0.48863327944748436
7,57,drink,incongruent,✅,0.4823962768038212
7,57,textbook,incongruent,❌,0.6080413622173039
7,58,pool,congruent,❌,0.43091347381585404
7,58,snow,congruent,✅,0.5087290939464979
7,58,pool,incongruent,❌,0.5075719197887624
7,58,snow,incongruent,✅,0.4400394300406543
7,59,passport,congruent,✅,0.6373951528696401
7,59,plushy,congruent,✅,0.5272018999842624
7,59,passport,incongruent,❌,0.5471914470974448
7,59,plushy,incongruent,❌,0.6219605214596969
7,6,patients,congruent,❌,0.4029159547616611
7,6,students,congruent,❌,0.4941241351429471
7,6,patients,incongruent,✅,0.4597518590524388
7,6,students,incongruent,✅,0.4288831928404365
7,60,sister,congruent,❌,0.422662995720965
7,60,father,congruent,❌,0.47806169042175717
7,60,sister,incongruent,✅,0.4813261622653466
7,60,father,incongruent,✅,0.42675657432398123
7,61,game,congruent,✅,0.5730935086481396
7,61,sunset,congruent,❌,0.4399270797858939
7,61,game,incongruent,✅,0.44341314819792066
7,61,sunset,incongruent,❌,0.5609642184350223
7,62,holidays,congruent,❌,0.4507322595782125
7,62,funeral,congruent,✅,0.5474955318521245
7,62,holidays,incongruent,❌,0.546389145352912
7,62,funeral,incongruent,✅,0.4443029003392271
7,63,grades,congruent,✅,0.5154704273759342
7,63,affair,congruent,❌,0.44040089467935334
7,63,grades,incongruent,✅,0.43125546277476406
7,63,affair,incongruent,❌,0.5295580228148962
7,64,arrest,congruent,✅,0.5920101072554326
7,64,stroke,congruent,❌,0.4829092147608592
7,64,arrest,incongruent,✅,0.4838719058225755
7,64,stroke,incongruent,❌,0.599478670209895
7,65,pacifier,congruent,❌,0.38994239122738544
7,65,coffee,congruent,❌,0.4493972545801801
7,65,pacifier,incongruent,✅,0.42178691853720185
7,65,coffee,incongruent,✅,0.3982209222876064
7,66,sweets,congruent,❌,0.43800103576053484
7,66,sentencing,congruent,❌,0.3957214990149822
7,66,sweets,incongruent,✅,0.38655291568122097
7,66,sentencing,incongruent,✅,0.4269185609343402
7,67,nap,congruent,❌,0.48452838142679266
7,67,selfie,congruent,❌,0.46547463282192825
7,67,nap,incongruent,✅,0.46623994436601085
7,67,selfie,incongruent,✅,0.4971183587727195
7,68,diaper,congruent,❌,0.4783613638256408
7,68,tire,congruent,❌,0.4047807369808342
7,68,diaper,incongruent,✅,0.40091432225671364
7,68,tire,incongruent,✅,0.4838279236116921
7,69,chemotherapy,congruent,❌,0.49330838023639334
7,69,golf,congruent,✅,0.6086917979196966
7,69,chemotherapy,incongruent,❌,0.6051075166226555
7,69,golf,incongruent,✅,0.4957899564828088
7,7,consensus,congruent,❌,0.481979287610018
7,7,deadlock,congruent,✅,0.5832189174389346
7,7,consensus,incongruent,❌,0.5779987374444606
7,7,deadlock,incongruent,✅,0.49162717114955706
7,70,thunder,congruent,❌,0.4291988386831931
7,70,lullaby,congruent,❌,0.40240830824717005
7,70,thunder,incongruent,✅,0.40300788196598886
7,70,lullaby,incongruent,✅,0.4118663772073777
7,71,pajamas,congruent,❌,0.3817007854582857
7,71,uniform,congruent,❌,0.4773772434183659
7,71,pajamas,incongruent,✅,0.4679318890376206
7,71,uniform,incongruent,✅,0.39103435347809445
7,72,gown,congruent,❌,0.46640153060415657
7,72,sweats,congruent,✅,0.5365274066621971
7,72,gown,incongruent,❌,0.5393050061091132
7,72,sweats,incongruent,✅,0.46340214376321076
7,73,deadline,congruent,❌,0.4072009761322822
7,73,bed,congruent,❌,0.489716719473745
7,73,deadline,incongruent,❌,0.5102258946056771
7,73,bed,incongruent,✅,0.39233830517661583
7,74,kindergarten,congruent,✅,0.5052790666593195
7,74,jail,congruent,✅,0.5418637684685431
7,74,kindergarten,incongruent,❌,0.553092461524112
7,74,jail,incongruent,✅,0.4964395729933366
7,75,interrogated,congruent,❌,0.4339488171785847
7,75,tickled,congruent,✅,0.6084246099029127
7,75,interrogated,incongruent,❌,0.6060119776902969
7,75,tickled,incongruent,✅,0.4366288290795831
7,76,sandcastle,congruent,❌,0.4604656719032656
7,76,snowman,congruent,✅,0.5274178791727931
7,76,sandcastle,incongruent,❌,0.5416828811325165
7,76,snowman,incongruent,✅,0.4531407191082647
7,77,music,congruent,✅,0.5091924855711164
7,77,pizza,congruent,✅,0.6529510023623399
7,77,music,incongruent,❌,0.6601393752646861
7,77,pizza,incongruent,✅,0.4997885338809392
7,78,playoffs,congruent,✅,0.5716394542771488
7,78,cartoon,congruent,✅,0.6039616736800006
7,78,playoffs,incongruent,❌,0.6048818344013969
7,78,cartoon,incongruent,❌,0.560890582628684
7,79,alcoholism,congruent,✅,0.544013059826866
7,79,academics,congruent,✅,0.5567065238397502
7,79,alcoholism,incongruent,❌,0.5532145311789076
7,79,academics,incongruent,❌,0.5484332364450142
7,8,engagement,congruent,✅,0.5198019421200208
7,8,cancer,congruent,❌,0.43475659554713436
7,8,engagement,incongruent,✅,0.43034820519458067
7,8,cancer,incongruent,❌,0.5243934767329554
7,9,terminal,congruent,❌,0.46612403050266776
7,9,classroom,congruent,✅,0.5911564436917973
7,9,terminal,incongruent,❌,0.5877647047403949
7,9,classroom,incongruent,✅,0.47869653376828625
8,0,library,congruent,✅,0.5928233706315924
8,0,refrigerator,congruent,✅,0.5564482074922065
8,0,library,incongruent,❌,0.5541079692870104
8,0,refrigerator,incongruent,❌,0.596636273774273
8,1,disappointment,congruent,❌,0.49911112870496027
8,1,delight,congruent,❌,0.4699410398395518
8,1,disappointment,incongruent,✅,0.4697624431631636
8,1,delight,incongruent,❌,0.5016179629932739
8,10,cash,congruent,❌,0.47747552021221523
8,10,groceries,congruent,❌,0.49245873401640083
8,10,cash,incongruent,✅,0.495002225797774
8,10,groceries,incongruent,✅,0.4792124890095655
8,11,lonely,congruent,✅,0.6116384722543432
8,11,confident,congruent,✅,0.5647916408491837
8,11,lonely,incongruent,❌,0.5646982348034724
8,11,confident,incongruent,❌,0.6121112798162585
8,12,joy,congruent,❌,0.4735436573130659
8,12,outrage,congruent,✅,0.5739199485852597
8,12,joy,incongruent,❌,0.5805132568020526
8,12,outrage,incongruent,✅,0.467885769974804
8,13,traffic,congruent,✅,0.5542077648987617
8,13,snowstorm,congruent,✅,0.5618226629626898
8,13,traffic,incongruent,❌,0.5634495819051142
8,13,snowstorm,incongruent,❌,0.5558153729294882
8,14,laughter,congruent,✅,0.53581622348628
8,14,frustration,congruent,❌,0.3668378287238392
8,14,laughter,incongruent,✅,0.36894890075856573
8,14,frustration,incongruent,❌,0.536095076479163
8,15,calculator,congruent,✅,0.5136853137546006
8,15,instrument,congruent,✅,0.5273286908458128
8,15,calculator,incongruent,❌,0.5342160922967555
8,15,instrument,incongruent,❌,0.5017028550270615
8,16,orchestra,congruent,❌,0.4533215703099226
8,16,racers,congruent,❌,0.478663544026331
8,16,orchestra,incongruent,✅,0.47059772886831747
8,16,racers,incongruent,✅,0.45664801636647134
8,17,retirement,congruent,❌,0.374877209212707
8,17,playdate,congruent,✅,0.5912186864896235
8,17,retirement,incongruent,❌,0.5947076660770966
8,17,playdate,incongruent,✅,0.3795295076928535
8,18,relieved,congruent,✅,0.59188335752824
8,18,depressed,congruent,✅,0.5455943838901091
8,18,relieved,incongruent,❌,0.5534485921261489
8,18,depressed,incongruent,❌,0.5871118279970674
8,19,friends,congruent,✅,0.5913696881961048
8,19,weight,congruent,✅,0.5375170849989999
8,19,friends,incongruent,❌,0.5398532055521362
8,19,weight,incongruent,❌,0.591657759592073
8,2,overcoat,congruent,❌,0.4390144565737685
8,2,sandals,congruent,❌,0.43187561597470364
8,2,overcoat,incongruent,✅,0.44151475926147876
8,2,sandals,incongruent,✅,0.4361691794561144
8,20,lipstick,congruent,✅,0.535429638394813
8,20,song,congruent,✅,0.5620487242744016
8,20,lipstick,incongruent,❌,0.5601765865162025
8,20,song,incongruent,❌,0.5394672935037325
8,21,fought,congruent,❌,0.3959106654738915
8,21,sang,congruent,✅,0.5533757374343937
8,21,fought,incongruent,❌,0.5492260851401976
8,21,sang,incongruent,✅,0.3961100911919787
8,22,skeptical,congruent,❌,0.43507418111403173
8,22,reassured,congruent,✅,0.5077645399553856
8,22,skeptical,incongruent,❌,0.5117436549582612
8,22,reassured,incongruent,✅,0.4348496319906508
8,23,graduation,congruent,✅,0.5441275825488066
8,23,operation,congruent,✅,0.5049320759638322
8,23,graduation,incongruent,✅,0.49863432714122996
8,23,operation,incongruent,❌,0.5555283772285325
8,24,bride,congruent,❌,0.3990874057254615
8,24,aftermath,congruent,❌,0.48107965149486714
8,24,bride,incongruent,✅,0.47234824568204725
8,24,aftermath,incongruent,✅,0.40715997254364117
8,25,teacher,congruent,❌,0.4736845272150653
8,25,daughter,congruent,❌,0.4548432975308433
8,25,teacher,incongruent,✅,0.463409865042919
8,25,daughter,incongruent,✅,0.463141189536483
8,26,roommate,congruent,✅,0.5066102527403834
8,26,grandma,congruent,✅,0.5313328454465405
8,26,roommate,incongruent,❌,0.5381221341020741
8,26,grandma,incongruent,✅,0.4996793233293548
8,27,brother,congruent,❌,0.4791763326354423
8,27,mother,congruent,✅,0.5185737256709397
8,27,brother,incongruent,❌,0.5159505147170894
8,27,mother,incongruent,✅,0.4809335076353476
8,28,preschool,congruent,✅,0.5284097277192245
8,28,prison,congruent,✅,0.5759466048554737
8,28,preschool,incongruent,❌,0.5810008059207062
8,28,prison,incongruent,❌,0.5208494936749344
8,29,hopeful,congruent,✅,0.5914259271180912
8,29,hopeless,congruent,❌,0.4916041729472519
8,29,hopeful,incongruent,❌,0.5005978968955475
8,29,hopeless,incongruent,❌,0.5841394304694953
8,3,marathon,congruent,❌,0.48855889098227157
8,3,exam,congruent,✅,0.5051382813903773
8,3,marathon,incongruent,❌,0.5125198438977682
8,3,exam,incongruent,✅,0.4875524715493233
8,30,appalled,congruent,✅,0.5013332948222781
8,30,overjoyed,congruent,❌,0.4683614370846164
8,30,appalled,incongruent,✅,0.46677122635799223
8,30,overjoyed,incongruent,❌,0.5018071597058192
8,31,reprimand,congruent,❌,0.49152702521215286
8,31,encouragement,congruent,✅,0.5073376978330552
8,31,reprimand,incongruent,❌,0.5136664248285406
8,31,encouragement,incongruent,✅,0.4915623969760189
8,32,angrily,congruent,✅,0.5373533325610395
8,32,cordially,congruent,❌,0.47442860741760534
8,32,angrily,incongruent,✅,0.4843284461122087
8,32,cordially,incongruent,❌,0.5280464558246991
8,33,accusatory,congruent,❌,0.44247322042894927
8,33,flirtatious,congruent,❌,0.4883057859617311
8,33,accusatory,incongruent,✅,0.48955399396533367
8,33,flirtatious,incongruent,✅,0.4456260341543521
8,34,disapprovingly,congruent,❌,0.47722743375587773
8,34,lovingly,congruent,❌,0.3909270043957308
8,34,disapprovingly,incongruent,✅,0.39856346444786883
8,34,lovingly,incongruent,✅,0.48308230388766943
8,35,playful,congruent,✅,0.5116334935980984
8,35,distant,congruent,❌,0.4457441192784397
8,35,playful,incongruent,✅,0.44623757321782104
8,35,distant,incongruent,❌,0.5171101760439483
8,36,headphones,congruent,❌,0.4949476673970674
8,36,mangoes,congruent,❌,0.45120817199382607
8,36,headphones,incongruent,✅,0.45899646169813935
8,36,mangoes,incongruent,✅,0.473799043844748
8,37,playroom,congruent,❌,0.46713007970902737
8,37,park,congruent,❌,0.49814155541874233
8,37,playroom,incongruent,✅,0.48931938538312075
8,37,park,incongruent,✅,0.47704698751570823
8,38,bedroom,congruent,❌,0.43905244412415445
8,38,backyard,congruent,✅,0.520562957554322
8,38,bedroom,incongruent,❌,0.5143283709833116
8,38,backyard,incongruent,✅,0.4470192000903973
8,39,solemnly,congruent,❌,0.4814833379314452
8,39,excitedly,congruent,❌,0.38093332906153343
8,39,solemnly,incongruent,✅,0.38266033560930496
8,39,excitedly,incongruent,✅,0.48508472650474543
8,4,menu,congruent,❌,0.45611777602815423
8,4,prescription,congruent,✅,0.5092872449254132
8,4,menu,incongruent,❌,0.5017893643720308
8,4,prescription,incongruent,✅,0.4619704336702656
8,40,car,congruent,❌,0.4767988241755961
8,40,sock,congruent,❌,0.4325027801140718
8,40,car,incongruent,✅,0.43067333171270883
8,40,sock,incongruent,✅,0.47802167863462997
8,41,overdressed,congruent,✅,0.5291254344321037
8,41,naked,congruent,❌,0.4770274472939899
8,41,overdressed,incongruent,✅,0.4886865155626314
8,41,naked,incongruent,❌,0.5191272088843484
8,42,shy,congruent,❌,0.4730769000754635
8,42,lively,congruent,❌,0.4142542968206186
8,42,shy,incongruent,✅,0.40722985529956157
8,42,lively,incongruent,✅,0.4816329253304734
8,43,offended,congruent,✅,0.5476342188882078
8,43,flattered,congruent,❌,0.45746236272023705
8,43,offended,incongruent,✅,0.4516929166200413
8,43,flattered,incongruent,❌,0.5469396344696619
8,44,grandkid,congruent,✅,0.5115405625913655
8,44,cellmate,congruent,❌,0.49162462012359665
8,44,grandkid,incongruent,✅,0.4915895153540788
8,44,cellmate,incongruent,❌,0.5108235343336417
8,45,promoted,congruent,❌,0.4230327703475818
8,45,fired,congruent,✅,0.5461515557459472
8,45,promoted,incongruent,❌,0.5498583843743716
8,45,fired,incongruent,✅,0.42505351440006856
8,46,shooting,congruent,✅,0.5127842884199086
8,46,celebration,congruent,✅,0.5000952640835448
8,46,shooting,incongruent,❌,0.5030791920346468
8,46,celebration,incongruent,❌,0.506130283142323
8,47,crayon,congruent,✅,0.5108102441958201
8,47,beer,congruent,✅,0.5059020700606066
8,47,crayon,incongruent,❌,0.5035404996980252
8,47,beer,incongruent,❌,0.5173537011738204
8,48,waiter,congruent,❌,0.3936517768302269
8,48,taxi,congruent,❌,0.4854019008679538
8,48,waiter,incongruent,✅,0.48828073340202655
8,48,taxi,incongruent,✅,0.39282778433528476
8,49,parents,congruent,❌,0.4222913387771965
8,49,keys,congruent,✅,0.5683938267015203
8,49,parents,incongruent,❌,0.5551408557656434
8,49,keys,incongruent,✅,0.4382373879773519
8,5,distress,congruent,❌,0.49861828533252023
8,5,tranquility,congruent,✅,0.5402362157479389
8,5,distress,incongruent,❌,0.5349621554079332
8,5,tranquility,incongruent,❌,0.5024807445731458
8,50,sofa,congruent,✅,0.5362712757179431
8,50,sky,congruent,✅,0.5204194976595122
8,50,sofa,incongruent,❌,0.5278749536969952
8,50,sky,incongruent,❌,0.5349793108745803
8,51,obesity,congruent,❌,0.47889968044883535
8,51,homework,congruent,❌,0.466809560806552
8,51,obesity,incongruent,✅,0.4704924871474136
8,51,homework,incongruent,✅,0.47316815364802806
8,52,quiz,congruent,✅,0.5082822489467499
8,52,commute,congruent,❌,0.49025414905676257
8,52,quiz,incongruent,✅,0.4843498604003384
8,52,commute,incongruent,❌,0.5179228106411923
8,53,migraine,congruent,❌,0.4689243241295243
8,53,excitement,congruent,✅,0.616904450533395
8,53,migraine,incongruent,❌,0.6222296560533475
8,53,excitement,incongruent,✅,0.47243739893285175
8,54,niece,congruent,❌,0.49565503132041966
8,54,husband,congruent,❌,0.45840933833627157
8,54,niece,incongruent,✅,0.4544943402453933
8,54,husband,incongruent,❌,0.5011611192418728
8,55,film,congruent,❌,0.4533732669361136
8,55,sunrise,congruent,❌,0.3892627060699392
8,55,film,incongruent,✅,0.3981584178621702
8,55,sunrise,incongruent,✅,0.43489480741177416
8,56,lecture,congruent,✅,0.5443761789899715
8,56,banquet,congruent,✅,0.639800585920481
8,56,lecture,incongruent,❌,0.6356618716527866
8,56,banquet,incongruent,❌,0.5501206389481816
8,57,drink,congruent,✅,0.5547480618073475
8,57,textbook,congruent,❌,0.4566176899702904
8,57,drink,incongruent,✅,0.4465063470420198
8,57,textbook,incongruent,❌,0.5545534096098146
8,58,pool,congruent,❌,0.436085345953471
8,58,snow,congruent,❌,0.4789147420048947
8,58,pool,incongruent,✅,0.4748495595433027
8,58,snow,incongruent,✅,0.4430900221114931
8,59,passport,congruent,✅,0.5752015041830222
8,59,plushy,congruent,✅,0.5719889932809613
8,59,passport,incongruent,❌,0.5705639987094051
8,59,plushy,incongruent,❌,0.5654071332108382
8,6,patients,congruent,❌,0.43532039483555907
8,6,students,congruent,✅,0.5192757400716911
8,6,patients,incongruent,✅,0.4927149740650636
8,6,students,incongruent,✅,0.45645470298115975
8,60,sister,congruent,✅,0.5168089059663109
8,60,father,congruent,✅,0.5290608964388033
8,60,sister,incongruent,❌,0.5372349128561958
8,60,father,incongruent,❌,0.5160630737630238
8,61,game,congruent,❌,0.43373732369635787
8,61,sunset,congruent,❌,0.426381277233142
8,61,game,incongruent,✅,0.4416235228389562
8,61,sunset,incongruent,✅,0.4161184487816812
8,62,holidays,congruent,❌,0.4129514908192475
8,62,funeral,congruent,✅,0.5278827128106952
8,62,holidays,incongruent,❌,0.5277587001964512
8,62,funeral,incongruent,✅,0.40973821085206585
8,63,grades,congruent,✅,0.5512717413097918
8,63,affair,congruent,✅,0.5114656233158984
8,63,grades,incongruent,❌,0.5053735818656727
8,63,affair,incongruent,❌,0.5561824092694658
8,64,arrest,congruent,✅,0.5406575613636357
8,64,stroke,congruent,❌,0.3955444940662966
8,64,arrest,incongruent,✅,0.3878709070836094
8,64,stroke,incongruent,❌,0.5505632191032356
8,65,pacifier,congruent,❌,0.44872660009808024
8,65,coffee,congruent,✅,0.5024175353150342
8,65,pacifier,incongruent,✅,0.4839350391580633
8,65,coffee,incongruent,✅,0.4636806232829913
8,66,sweets,congruent,✅,0.5240305660880815
8,66,sentencing,congruent,❌,0.4372591831309539
8,66,sweets,incongruent,✅,0.44078633303229814
8,66,sentencing,incongruent,❌,0.5110994238834318
8,67,nap,congruent,❌,0.3864975442543998
8,67,selfie,congruent,✅,0.5252679937399429
8,67,nap,incongruent,❌,0.5144081934893561
8,67,selfie,incongruent,✅,0.4006194418453409
8,68,diaper,congruent,❌,0.48776813064535157
8,68,tire,congruent,❌,0.47257911802700203
8,68,diaper,incongruent,✅,0.4815954979273878
8,68,tire,incongruent,✅,0.47706638803426765
8,69,chemotherapy,congruent,✅,0.5247025660981375
8,69,golf,congruent,✅,0.5422216501929885
8,69,chemotherapy,incongruent,❌,0.5446105079886966
8,69,golf,incongruent,❌,0.5220216412667212
8,7,consensus,congruent,✅,0.5406159332587608
8,7,deadlock,congruent,✅,0.5918324092369154
8,7,consensus,incongruent,❌,0.5859521345587916
8,7,deadlock,incongruent,❌,0.5484069641440975
8,70,thunder,congruent,❌,0.43113916580247935
8,70,lullaby,congruent,❌,0.49377978401845385
8,70,thunder,incongruent,❌,0.5033318380633708
8,70,lullaby,incongruent,✅,0.4165310989460485
8,71,pajamas,congruent,✅,0.5556312902932121
8,71,uniform,congruent,❌,0.45181664727485393
8,71,pajamas,incongruent,✅,0.44020153175158094
8,71,uniform,incongruent,❌,0.5634265279052982
8,72,gown,congruent,✅,0.5230948279423304
8,72,sweats,congruent,✅,0.5688101955375312
8,72,gown,incongruent,❌,0.5711859371077562
8,72,sweats,incongruent,❌,0.522259397320152
8,73,deadline,congruent,❌,0.3510543540815861
8,73,bed,congruent,❌,0.48041535639687205
8,73,deadline,incongruent,✅,0.4911894900729687
8,73,bed,incongruent,✅,0.34596074982726926
8,74,kindergarten,congruent,✅,0.5441244132957644
8,74,jail,congruent,❌,0.4843812092906091
8,74,kindergarten,incongruent,✅,0.4858822773991159
8,74,jail,incongruent,❌,0.538588449036816
8,75,interrogated,congruent,❌,0.49279495498579706
8,75,tickled,congruent,❌,0.48091753276490645
8,75,interrogated,incongruent,✅,0.48034014751807114
8,75,tickled,incongruent,✅,0.4969446613184857
8,76,sandcastle,congruent,✅,0.577903398732604
8,76,snowman,congruent,✅,0.5314076768718097
8,76,sandcastle,incongruent,❌,0.5457207641212327
8,76,snowman,incongruent,❌,0.5710258041198129
8,77,music,congruent,❌,0.43693062141010536
8,77,pizza,congruent,✅,0.535520540558184
8,77,music,incongruent,❌,0.5486514191052846
8,77,pizza,incongruent,✅,0.43260553070435775
8,78,playoffs,congruent,✅,0.5807302928601169
8,78,cartoon,congruent,✅,0.6507634022418111
8,78,playoffs,incongruent,❌,0.6515275510802816
8,78,cartoon,incongruent,❌,0.5790631264197034
8,79,alcoholism,congruent,❌,0.46973620500351604
8,79,academics,congruent,❌,0.42680914825860844
8,79,alcoholism,incongruent,✅,0.4259579065558943
8,79,academics,incongruent,✅,0.46748270485329946
8,8,engagement,congruent,❌,0.4277538516642753
8,8,cancer,congruent,❌,0.44480286663372737
8,8,engagement,incongruent,✅,0.4443357250852936
8,8,cancer,incongruent,✅,0.4279795592133196
8,9,terminal,congruent,✅,0.6125484329622726
8,9,classroom,congruent,❌,0.4462691121779704
8,9,terminal,incongruent,✅,0.4375226466902559
8,9,classroom,incongruent,❌,0.6214110064033648
9,0,library,congruent,✅,0.5770066259075209
9,0,refrigerator,congruent,❌,0.46729568070815203
9,0,library,incongruent,✅,0.4657867875161213
9,0,refrigerator,incongruent,❌,0.5784092420289181
9,1,disappointment,congruent,✅,0.5366389609840713
9,1,delight,congruent,❌,0.473978031625733
9,1,disappointment,incongruent,✅,0.4725835079588299
9,1,delight,incongruent,❌,0.5395114681679664
9,10,cash,congruent,❌,0.44831075197213993
9,10,groceries,congruent,✅,0.5052978852323378
9,10,cash,incongruent,❌,0.502730329659399
9,10,groceries,incongruent,✅,0.4488044868573344
9,11,lonely,congruent,✅,0.5748042967682652
9,11,confident,congruent,✅,0.5407085268534608
9,11,lonely,incongruent,❌,0.5399951017373488
9,11,confident,incongruent,❌,0.5675731078777103
9,12,joy,congruent,❌,0.41975133895169486
9,12,outrage,congruent,✅,0.509309918808415
9,12,joy,incongruent,❌,0.5063294034955453
9,12,outrage,incongruent,✅,0.42271887939911357
9,13,traffic,congruent,✅,0.5570253052829832
9,13,snowstorm,congruent,✅,0.5716979157989329
9,13,traffic,incongruent,❌,0.5729126748530302
9,13,snowstorm,incongruent,❌,0.556515566483563
9,14,laughter,congruent,✅,0.5154979705316775
9,14,frustration,congruent,❌,0.47618547600934386
9,14,laughter,incongruent,✅,0.48232173127367006
9,14,frustration,incongruent,❌,0.507742656088303
9,15,calculator,congruent,❌,0.43694343268663904
9,15,instrument,congruent,✅,0.5244726782534198
9,15,calculator,incongruent,❌,0.5275805568053279
9,15,instrument,incongruent,✅,0.42701233013032935
9,16,orchestra,congruent,❌,0.4995644509198397
9,16,racers,congruent,✅,0.5175584079343889
9,16,orchestra,incongruent,❌,0.5130578037309373
9,16,racers,incongruent,❌,0.510090629500857
9,17,retirement,congruent,❌,0.4254129863701943
9,17,playdate,congruent,✅,0.5937327371902903
9,17,retirement,incongruent,❌,0.5924335236035413
9,17,playdate,incongruent,✅,0.4224957149503866
9,18,relieved,congruent,✅,0.5158639050900897
9,18,depressed,congruent,✅,0.5734596178106388
9,18,relieved,incongruent,❌,0.5719487898798618
9,18,depressed,incongruent,❌,0.519048648770935
9,19,friends,congruent,✅,0.5247034864436393
9,19,weight,congruent,✅,0.5696359202403432
9,19,friends,incongruent,❌,0.570408549149427
9,19,weight,incongruent,❌,0.5193303066370402
9,2,overcoat,congruent,✅,0.5126035697627603
9,2,sandals,congruent,❌,0.37071339957553373
9,2,overcoat,incongruent,✅,0.3813957819274759
9,2,sandals,incongruent,❌,0.5136305921050692
9,20,lipstick,congruent,✅,0.5162988645267885
9,20,song,congruent,✅,0.5354871564844528
9,20,lipstick,incongruent,❌,0.5331868446093733
9,20,song,incongruent,❌,0.5134044592327585
9,21,fought,congruent,❌,0.4791341704218057
9,21,sang,congruent,✅,0.5444485440580749
9,21,fought,incongruent,❌,0.5453380216512516
9,21,sang,incongruent,✅,0.4742856959830972
9,22,skeptical,congruent,✅,0.5560520550794922
9,22,reassured,congruent,✅,0.5127147488388328
9,22,skeptical,incongruent,❌,0.5090944899884602
9,22,reassured,incongruent,❌,0.5596780095017784
9,23,graduation,congruent,✅,0.5222585111784513
9,23,operation,congruent,✅,0.5326613473900135
9,23,graduation,incongruent,❌,0.5283918669740069
9,23,operation,incongruent,❌,0.5293643511681903
9,24,bride,congruent,✅,0.5312236394161387
9,24,aftermath,congruent,✅,0.5302251593151495
9,24,bride,incongruent,❌,0.5155774242224865
9,24,aftermath,incongruent,❌,0.5400474804637511
9,25,teacher,congruent,❌,0.4543997900622015
9,25,daughter,congruent,✅,0.5130356681934423
9,25,teacher,incongruent,❌,0.5179274002644171
9,25,daughter,incongruent,✅,0.44602232661222047
9,26,roommate,congruent,❌,0.4987910565744238
9,26,grandma,congruent,❌,0.4931431774367017
9,26,roommate,incongruent,✅,0.48919769225651444
9,26,grandma,incongruent,✅,0.4972129226864849
9,27,brother,congruent,❌,0.4613958848968119
9,27,mother,congruent,✅,0.5076195080777346
9,27,brother,incongruent,❌,0.5018251396296411
9,27,mother,incongruent,✅,0.4626326862566904
9,28,preschool,congruent,❌,0.4708819323222444
9,28,prison,congruent,❌,0.4955202862225197
9,28,preschool,incongruent,✅,0.4882098547408027
9,28,prison,incongruent,✅,0.4656950026335285
9,29,hopeful,congruent,✅,0.5304945381564017
9,29,hopeless,congruent,✅,0.5009401320980849
9,29,hopeful,incongruent,❌,0.5036803046513559
9,29,hopeless,incongruent,❌,0.5276999521611356
9,3,marathon,congruent,❌,0.44108549446238726
9,3,exam,congruent,✅,0.5627322508313678
9,3,marathon,incongruent,❌,0.5646807794746065
9,3,exam,incongruent,✅,0.43545571769035735
9,30,appalled,congruent,✅,0.5750048044970121
9,30,overjoyed,congruent,❌,0.43938132240609973
9,30,appalled,incongruent,✅,0.443783211070559
9,30,overjoyed,incongruent,❌,0.5744436147404378
9,31,reprimand,congruent,❌,0.49311910537734405
9,31,encouragement,congruent,❌,0.4946797701583089
9,31,reprimand,incongruent,❌,0.5013786647875441
9,31,encouragement,incongruent,✅,0.48557906070423157
9,32,angrily,congruent,❌,0.49281516910757617
9,32,cordially,congruent,❌,0.4105684933664678
9,32,angrily,incongruent,✅,0.4051452852148258
9,32,cordially,incongruent,✅,0.499660466841548
9,33,accusatory,congruent,❌,0.44039253305918874
9,33,flirtatious,congruent,✅,0.5511064349713197
9,33,accusatory,incongruent,❌,0.5535881289322684
9,33,flirtatious,incongruent,✅,0.44083166289125614
9,34,disapprovingly,congruent,✅,0.5373722801542316
9,34,lovingly,congruent,✅,0.5115858291938085
9,34,disapprovingly,incongruent,❌,0.525919396388665
9,34,lovingly,incongruent,❌,0.5350723575762817
9,35,playful,congruent,❌,0.4920144816269754
9,35,distant,congruent,❌,0.4344508453882093
9,35,playful,incongruent,✅,0.44298300041310035
9,35,distant,incongruent,✅,0.4952805771779922
9,36,headphones,congruent,❌,0.4967463462541571
9,36,mangoes,congruent,✅,0.5495385748978633
9,36,headphones,incongruent,❌,0.5478613172661457
9,36,mangoes,incongruent,✅,0.4887747268375405
9,37,playroom,congruent,✅,0.5378619170858837
9,37,park,congruent,❌,0.4699075639363798
9,37,playroom,incongruent,✅,0.46694081651360514
9,37,park,incongruent,❌,0.5359991383356533
9,38,bedroom,congruent,❌,0.42659374546779494
9,38,backyard,congruent,✅,0.5311222341984264
9,38,bedroom,incongruent,❌,0.517037503655164
9,38,backyard,incongruent,✅,0.43728833365710396
9,39,solemnly,congruent,✅,0.519595712304408
9,39,excitedly,congruent,❌,0.46624632055807513
9,39,solemnly,incongruent,✅,0.46502528312882174
9,39,excitedly,incongruent,❌,0.525998253052378
9,4,menu,congruent,✅,0.5142833972788446
9,4,prescription,congruent,✅,0.5109211813725154
9,4,menu,incongruent,❌,0.5057880347371493
9,4,prescription,incongruent,❌,0.5189802894042838
9,40,car,congruent,❌,0.48106906287200635
9,40,sock,congruent,❌,0.4521866772637382
9,40,car,incongruent,✅,0.44562805391977656
9,40,sock,incongruent,✅,0.48384414147337984
9,41,overdressed,congruent,✅,0.5002317333558229
9,41,naked,congruent,✅,0.5140755840083276
9,41,overdressed,incongruent,❌,0.5236639316521549
9,41,naked,incongruent,✅,0.49073887868886057
9,42,shy,congruent,❌,0.4336110042707208
9,42,lively,congruent,✅,0.5179122994583795
9,42,shy,incongruent,❌,0.5167410280210395
9,42,lively,incongruent,✅,0.4383378766237132
9,43,offended,congruent,✅,0.5295313767507297
9,43,flattered,congruent,❌,0.33003597394627926
9,43,offended,incongruent,✅,0.32706237092699586
9,43,flattered,incongruent,❌,0.5292222034297097
9,44,grandkid,congruent,❌,0.4484031836358422
9,44,cellmate,congruent,✅,0.540552397121455
9,44,grandkid,incongruent,❌,0.5441986119820384
9,44,cellmate,incongruent,✅,0.4373072972279491
9,45,promoted,congruent,❌,0.45085436414506147
9,45,fired,congruent,✅,0.5665744212358462
9,45,promoted,incongruent,❌,0.5647077375972458
9,45,fired,incongruent,✅,0.4588085490502026
9,46,shooting,congruent,✅,0.5126628452247997
9,46,celebration,congruent,❌,0.457368928364579
9,46,shooting,incongruent,✅,0.45748625466908227
9,46,celebration,incongruent,❌,0.5110573917299296
9,47,crayon,congruent,✅,0.5610674844970907
9,47,beer,congruent,✅,0.5258810348670055
9,47,crayon,incongruent,❌,0.5161983143600435
9,47,beer,incongruent,❌,0.5669087542667492
9,48,waiter,congruent,❌,0.41890423436374796
9,48,taxi,congruent,❌,0.3818283281528003
9,48,waiter,incongruent,✅,0.37977240489678465
9,48,taxi,incongruent,✅,0.418440839081091
9,49,parents,congruent,❌,0.49441732142639705
9,49,keys,congruent,✅,0.5384646304196539
9,49,parents,incongruent,❌,0.5354095788382568
9,49,keys,incongruent,✅,0.49909804633793897
9,5,distress,congruent,❌,0.4832494029080168
9,5,tranquility,congruent,✅,0.5435129600351124
9,5,distress,incongruent,❌,0.54361588613239
9,5,tranquility,incongruent,✅,0.48027498721829714
9,50,sofa,congruent,❌,0.4566255684841759
9,50,sky,congruent,✅,0.5177915757318442
9,50,sofa,incongruent,❌,0.5222523402782405
9,50,sky,incongruent,✅,0.45063961094866145
9,51,obesity,congruent,✅,0.5477624275557392
9,51,homework,congruent,✅,0.5093656249555238
9,51,obesity,incongruent,❌,0.5139447274687644
9,51,homework,incongruent,❌,0.5403495025551355
9,52,quiz,congruent,✅,0.5182652904076995
9,52,commute,congruent,❌,0.4392661057752532
9,52,quiz,incongruent,✅,0.43561801641415715
9,52,commute,incongruent,❌,0.5149494759791867
9,53,migraine,congruent,❌,0.4517921466547357
9,53,excitement,congruent,✅,0.5818813386660374
9,53,migraine,incongruent,❌,0.5811472314858881
9,53,excitement,incongruent,✅,0.45985635761606625
9,54,niece,congruent,❌,0.47384508909185646
9,54,husband,congruent,❌,0.44916978573786975
9,54,niece,incongruent,✅,0.45445766396200044
9,54,husband,incongruent,✅,0.4703040591688019
9,55,film,congruent,❌,0.4956901525747643
9,55,sunrise,congruent,❌,0.4182455955293066
9,55,film,incongruent,✅,0.4221212734854248
9,55,sunrise,incongruent,✅,0.4806663550290728
9,56,lecture,congruent,✅,0.5804583199268984
9,56,banquet,congruent,✅,0.6373397084202344
9,56,lecture,incongruent,❌,0.6288927896279838
9,56,banquet,incongruent,❌,0.5825986375097679
9,57,drink,congruent,✅,0.5419764278823646
9,57,textbook,congruent,❌,0.41631983647759263
9,57,drink,incongruent,✅,0.4093703843642544
9,57,textbook,incongruent,❌,0.5389928837207794
9,58,pool,congruent,❌,0.43956413228579694
9,58,snow,congruent,❌,0.48416018513052905
9,58,pool,incongruent,✅,0.4861757159811643
9,58,snow,incongruent,✅,0.434343740361049
9,59,passport,congruent,✅,0.5256760703582825
9,59,plushy,congruent,✅,0.5437399586845166
9,59,passport,incongruent,❌,0.5439186931420312
9,59,plushy,incongruent,❌,0.5240043136028271
9,6,patients,congruent,❌,0.4819588294630398
9,6,students,congruent,✅,0.5093528118187027
9,6,patients,incongruent,✅,0.4964061507032425
9,6,students,incongruent,✅,0.49128155660395595
9,60,sister,congruent,✅,0.5155402623000291
9,60,father,congruent,✅,0.5753768192489009
9,60,sister,incongruent,❌,0.5713552306626826
9,60,father,incongruent,❌,0.5216122749439986
9,61,game,congruent,❌,0.4347395976090828
9,61,sunset,congruent,❌,0.46367414626769166
9,61,game,incongruent,✅,0.47366027340542655
9,61,sunset,incongruent,✅,0.4170026091833862
9,62,holidays,congruent,❌,0.49025486422662684
9,62,funeral,congruent,❌,0.4991916701511377
9,62,holidays,incongruent,❌,0.5143108198670653
9,62,funeral,incongruent,✅,0.4738179869775028
9,63,grades,congruent,✅,0.5807966802102943
9,63,affair,congruent,✅,0.5873388306192067
9,63,grades,incongruent,❌,0.5810441369211904
9,63,affair,incongruent,❌,0.5893685707174884
9,64,arrest,congruent,❌,0.47708761845448716
9,64,stroke,congruent,❌,0.3427386224504393
9,64,arrest,incongruent,✅,0.34028518608324204
9,64,stroke,incongruent,✅,0.4809106607392057
9,65,pacifier,congruent,❌,0.42516322616337515
9,65,coffee,congruent,✅,0.550626151998225
9,65,pacifier,incongruent,❌,0.5422205665066374
9,65,coffee,incongruent,✅,0.4269750234505621
9,66,sweets,congruent,✅,0.5106478363407506
9,66,sentencing,congruent,❌,0.4210484504949225
9,66,sweets,incongruent,✅,0.41992389188161133
9,66,sentencing,incongruent,✅,0.4989924098767371
9,67,nap,congruent,❌,0.42582412345322973
9,67,selfie,congruent,✅,0.5480292192258939
9,67,nap,incongruent,❌,0.5340036951276003
9,67,selfie,incongruent,✅,0.44068216154309936
9,68,diaper,congruent,✅,0.5381995528823769
9,68,tire,congruent,❌,0.470004712192084
9,68,diaper,incongruent,✅,0.45907026344689805
9,68,tire,incongruent,❌,0.5430718343750047
9,69,chemotherapy,congruent,❌,0.4703514311078023
9,69,golf,congruent,✅,0.5272016459829374
9,69,chemotherapy,incongruent,❌,0.5280026334782029
9,69,golf,incongruent,✅,0.46819052421795654
9,7,consensus,congruent,✅,0.537927949703697
9,7,deadlock,congruent,❌,0.49787268117177363
9,7,consensus,incongruent,✅,0.49910411086200623
9,7,deadlock,incongruent,❌,0.5363810100313504
9,70,thunder,congruent,❌,0.49260428693069586
9,70,lullaby,congruent,✅,0.5227746132381865
9,70,thunder,incongruent,❌,0.5206536632721399
9,70,lullaby,incongruent,✅,0.4892092870250442
9,71,pajamas,congruent,❌,0.4273393401963465
9,71,uniform,congruent,❌,0.42963989139968095
9,71,pajamas,incongruent,✅,0.42389867856705205
9,71,uniform,incongruent,✅,0.43201604498947566
9,72,gown,congruent,✅,0.5203257556980316
9,72,sweats,congruent,✅,0.5033259281351139
9,72,gown,incongruent,❌,0.5037904177461292
9,72,sweats,incongruent,❌,0.5225897993812536
9,73,deadline,congruent,❌,0.4798447613862846
9,73,bed,congruent,❌,0.47992070006593546
9,73,deadline,incongruent,✅,0.48685279040226487
9,73,bed,incongruent,✅,0.4762064961280448
9,74,kindergarten,congruent,✅,0.5433838239727182
9,74,jail,congruent,❌,0.46915998642275963
9,74,kindergarten,incongruent,✅,0.480228445543357
9,74,jail,incongruent,❌,0.5319764218858856
9,75,interrogated,congruent,✅,0.5912426274196745
9,75,tickled,congruent,❌,0.4370437933077167
9,75,interrogated,incongruent,✅,0.43521492831935793
9,75,tickled,incongruent,❌,0.5891628901001975
9,76,sandcastle,congruent,✅,0.5139461833638496
9,76,snowman,congruent,✅,0.5719426362379645
9,76,sandcastle,incongruent,❌,0.5845258288310666
9,76,snowman,incongruent,❌,0.502836127947316
9,77,music,congruent,❌,0.4859816120769326
9,77,pizza,congruent,❌,0.46876050405371755
9,77,music,incongruent,✅,0.4783604346998503
9,77,pizza,incongruent,✅,0.47981385420133404
9,78,playoffs,congruent,✅,0.5811795187538102
9,78,cartoon,congruent,✅,0.5214171931077538
9,78,playoffs,incongruent,❌,0.5229739153775599
9,78,cartoon,incongruent,❌,0.5761460630501387
9,79,alcoholism,congruent,❌,0.44170210780041474
9,79,academics,congruent,❌,0.4217995748076649
9,79,alcoholism,incongruent,✅,0.4187510661091463
9,79,academics,incongruent,✅,0.43887571286866206
9,8,engagement,congruent,❌,0.3895266143930828
9,8,cancer,congruent,✅,0.5331970477015048
9,8,engagement,incongruent,❌,0.5322447378678247
9,8,cancer,incongruent,✅,0.3930390763590058
9,9,terminal,congruent,✅,0.566976568926517
9,9,classroom,congruent,✅,0.5290858843397432
9,9,terminal,incongruent,❌,0.5284354183462577
9,9,classroom,incongruent,❌,0.5653626046685999
10,0,library,congruent,✅,0.5365008054717556
10,0,refrigerator,congruent,✅,0.5092389671487325
10,0,library,incongruent,❌,0.5139096564457954
10,0,refrigerator,incongruent,❌,0.5301618196891957
10,1,disappointment,congruent,✅,0.5403909030776194
10,1,delight,congruent,✅,0.5085242638503478
10,1,disappointment,incongruent,❌,0.5128404582080813
10,1,delight,incongruent,❌,0.5342938929598867
10,10,cash,congruent,✅,0.5257544683337821
10,10,groceries,congruent,❌,0.46868911428630394
10,10,cash,incongruent,✅,0.4651590545473912
10,10,groceries,incongruent,❌,0.5217050541018672
10,11,lonely,congruent,✅,0.5454624845422031
10,11,confident,congruent,✅,0.5321945651647401
10,11,lonely,incongruent,❌,0.5309130520062473
10,11,confident,incongruent,❌,0.5400146610929795
10,12,joy,congruent,❌,0.490479271276882
10,12,outrage,congruent,❌,0.3793491936576691
10,12,joy,incongruent,✅,0.36666443092499484
10,12,outrage,incongruent,✅,0.49461280787466616
10,13,traffic,congruent,✅,0.5830812128395025
10,13,snowstorm,congruent,✅,0.5622807675902454
10,13,traffic,incongruent,❌,0.5650123331688179
10,13,snowstorm,incongruent,❌,0.5834040242849851
10,14,laughter,congruent,❌,0.47945008348345275
10,14,frustration,congruent,❌,0.4414180117528705
10,14,laughter,incongruent,✅,0.45182107579435404
10,14,frustration,incongruent,✅,0.47172670306479103
10,15,calculator,congruent,✅,0.5018897159179251
10,15,instrument,congruent,✅,0.5258900059165694
10,15,calculator,incongruent,❌,0.5321731647947985
10,15,instrument,incongruent,✅,0.4963728489852827
10,16,orchestra,congruent,✅,0.5421351060052076
10,16,racers,congruent,✅,0.5079272346911876
10,16,orchestra,incongruent,✅,0.4995089563407335
10,16,racers,incongruent,❌,0.551834450275905
10,17,retirement,congruent,❌,0.4863991771935321
10,17,playdate,congruent,✅,0.5909572574777975
10,17,retirement,incongruent,❌,0.5972729440507747
10,17,playdate,incongruent,✅,0.47205740533874674
10,18,relieved,congruent,✅,0.5706156671566476
10,18,depressed,congruent,❌,0.46313924496150394
10,18,relieved,incongruent,✅,0.45857670766810144
10,18,depressed,incongruent,❌,0.5768037809714736
10,19,friends,congruent,✅,0.5113954694277384
10,19,weight,congruent,✅,0.5036662078227653
10,19,friends,incongruent,✅,0.4996597743735793
10,19,weight,incongruent,❌,0.5128101461072524
10,2,overcoat,congruent,❌,0.4736624116732391
10,2,sandals,congruent,❌,0.41080322007340997
10,2,overcoat,incongruent,✅,0.40691286167041685
10,2,sandals,incongruent,✅,0.4706242195028631
10,20,lipstick,congruent,❌,0.4846170746020726
10,20,song,congruent,✅,0.5620772557263686
10,20,lipstick,incongruent,❌,0.5704763712856192
10,20,song,incongruent,✅,0.48167162459303386
10,21,fought,congruent,✅,0.5097045279229192
10,21,sang,congruent,✅,0.596222951695341
10,21,fought,incongruent,❌,0.6016947756614869
10,21,sang,incongruent,❌,0.5044954370734414
10,22,skeptical,congruent,✅,0.5535612842631363
10,22,reassured,congruent,✅,0.5444251432642211
10,22,skeptical,incongruent,❌,0.5503531448730342
10,22,reassured,incongruent,❌,0.5460895872318995
10,23,graduation,congruent,✅,0.5117332372264218
10,23,operation,congruent,❌,0.48838008587869486
10,23,graduation,incongruent,✅,0.4972253234232337
10,23,operation,incongruent,❌,0.5089883539501966
10,24,bride,congruent,❌,0.4088611169455776
10,24,aftermath,congruent,❌,0.4669593224739954
10,24,bride,incongruent,✅,0.4567141160171888
10,24,aftermath,incongruent,✅,0.41521931844457693
10,25,teacher,congruent,✅,0.5396634709982092
10,25,daughter,congruent,✅,0.5057963763130382
10,25,teacher,incongruent,❌,0.513485090389541
10,25,daughter,incongruent,❌,0.5384186719010465
10,26,roommate,congruent,❌,0.4943182941612792
10,26,grandma,congruent,❌,0.465719174142572
10,26,roommate,incongruent,✅,0.4743015392546236
10,26,grandma,incongruent,✅,0.48532440401536603
10,27,brother,congruent,✅,0.5657480115332622
10,27,mother,congruent,✅,0.5153692013941895
10,27,brother,incongruent,❌,0.5110358317102934
10,27,mother,incongruent,❌,0.5706663609607232
10,28,preschool,congruent,❌,0.4204578667025095
10,28,prison,congruent,✅,0.5000461093768808
10,28,preschool,incongruent,✅,0.49149072316658143
10,28,prison,incongruent,✅,0.4184322193411508
10,29,hopeful,congruent,✅,0.5395031797324392
10,29,hopeless,congruent,❌,0.4914287247935858
10,29,hopeful,incongruent,✅,0.4941558648912503
10,29,hopeless,incongruent,❌,0.5367237823262341
10,3,marathon,congruent,❌,0.4575586308507118
10,3,exam,congruent,✅,0.5671396420159723
10,3,marathon,incongruent,❌,0.5575593067136675
10,3,exam,incongruent,✅,0.457472787681621
10,30,appalled,congruent,✅,0.5927561192785568
10,30,overjoyed,congruent,❌,0.49235391252890537
10,30,appalled,incongruent,✅,0.49320081659966386
10,30,overjoyed,incongruent,❌,0.5945328257657934
10,31,reprimand,congruent,✅,0.5268856213672243
10,31,encouragement,congruent,❌,0.4693268944156904
10,31,reprimand,incongruent,✅,0.47818133963190645
10,31,encouragement,incongruent,❌,0.5253890644242707
10,32,angrily,congruent,✅,0.5144831298412241
10,32,cordially,congruent,❌,0.4067079477687556
10,32,angrily,incongruent,✅,0.3989702733683303
10,32,cordially,incongruent,❌,0.5246446156311625
10,33,accusatory,congruent,❌,0.34423468361552206
10,33,flirtatious,congruent,✅,0.5641574799469076
10,33,accusatory,incongruent,❌,0.5674657841109952
10,33,flirtatious,incongruent,✅,0.3408521298254789
10,34,disapprovingly,congruent,✅,0.535293997232045
10,34,lovingly,congruent,❌,0.47595249590270583
10,34,disapprovingly,incongruent,✅,0.4953056352104397
10,34,lovingly,incongruent,❌,0.5244936926928904
10,35,playful,congruent,❌,0.4931774691921551
10,35,distant,congruent,❌,0.41942820005908826
10,35,playful,incongruent,✅,0.42325208202342773
10,35,distant,incongruent,✅,0.49790776295019284
10,36,headphones,congruent,✅,0.5250764408642552
10,36,mangoes,congruent,❌,0.45950270206645877
10,36,headphones,incongruent,✅,0.45873436574799814
10,36,mangoes,incongruent,❌,0.5194721259587344
10,37,playroom,congruent,✅,0.536416489328687
10,37,park,congruent,✅,0.5366910072520097
10,37,playroom,incongruent,❌,0.5338730936167048
10,37,park,incongruent,❌,0.5343501276281062
10,38,bedroom,congruent,❌,0.49225731274611395
10,38,backyard,congruent,✅,0.517065996767323
10,38,bedroom,incongruent,❌,0.5084078699731578
10,38,backyard,incongruent,✅,0.49375870429920515
10,39,solemnly,congruent,❌,0.39951212248410634
10,39,excitedly,congruent,❌,0.4912892062256941
10,39,solemnly,incongruent,✅,0.4906371472964783
10,39,excitedly,incongruent,✅,0.4012756130759457
10,4,menu,congruent,✅,0.5583801992443935
10,4,prescription,congruent,✅,0.5789256233132736
10,4,menu,incongruent,❌,0.5720511484481432
10,4,prescription,incongruent,❌,0.5668087003142721
10,40,car,congruent,❌,0.46869970950281764
10,40,sock,congruent,❌,0.47727637853556987
10,40,car,incongruent,✅,0.4760362392238033
10,40,sock,incongruent,✅,0.4728965870824594
10,41,overdressed,congruent,✅,0.5801088591862257
10,41,naked,congruent,❌,0.47753606163652085
10,41,overdressed,incongruent,✅,0.4859219133605758
10,41,naked,incongruent,❌,0.5795432125390704
10,42,shy,congruent,❌,0.40807825289323646
10,42,lively,congruent,❌,0.4928019660149238
10,42,shy,incongruent,✅,0.49455422444700226
10,42,lively,incongruent,✅,0.4061027152182736
10,43,offended,congruent,✅,0.5503853481782234
10,43,flattered,congruent,❌,0.4363149886797216
10,43,offended,incongruent,✅,0.4326994721541668
10,43,flattered,incongruent,❌,0.5552389168407257
10,44,grandkid,congruent,❌,0.4436970506625855
10,44,cellmate,congruent,✅,0.5853212037460396
10,44,grandkid,incongruent,❌,0.5897525734693492
10,44,cellmate,incongruent,✅,0.4346541982165057
10,45,promoted,congruent,❌,0.3860985388199843
10,45,fired,congruent,✅,0.5148992277811482
10,45,promoted,incongruent,❌,0.509121744461757
10,45,fired,incongruent,✅,0.39412494069826676
10,46,shooting,congruent,✅,0.55109867523733
10,46,celebration,congruent,❌,0.4930386160429626
10,46,shooting,incongruent,✅,0.4933308731210192
10,46,celebration,incongruent,❌,0.5489056866457632
10,47,crayon,congruent,❌,0.4958671432571933
10,47,beer,congruent,❌,0.4566870374205648
10,47,crayon,incongruent,✅,0.44765000162049895
10,47,beer,incongruent,❌,0.5014019648181978
10,48,waiter,congruent,❌,0.42154033820141507
10,48,taxi,congruent,❌,0.3707348846215355
10,48,waiter,incongruent,✅,0.3716355768172566
10,48,taxi,incongruent,✅,0.4223068262347363
10,49,parents,congruent,✅,0.5421184628172826
10,49,keys,congruent,❌,0.4677168156867281
10,49,parents,incongruent,✅,0.45945143437206093
10,49,keys,incongruent,❌,0.552174809457739
10,5,distress,congruent,❌,0.49407968710905714
10,5,tranquility,congruent,✅,0.5724612342322573
10,5,distress,incongruent,❌,0.5657021506230306
10,5,tranquility,incongruent,✅,0.49753816570146814
10,50,sofa,congruent,✅,0.5398624908536475
10,50,sky,congruent,❌,0.4961995647160176
10,50,sofa,incongruent,❌,0.5078202441509074
10,50,sky,incongruent,❌,0.5255713088024415
10,51,obesity,congruent,✅,0.550496277506267
10,51,homework,congruent,✅,0.5145247164317344
10,51,obesity,incongruent,❌,0.5215813557986235
10,51,homework,incongruent,❌,0.5421874903169513
10,52,quiz,congruent,❌,0.495178980538832
10,52,commute,congruent,✅,0.5289867516352613
10,52,quiz,incongruent,❌,0.5321133130086108
10,52,commute,incongruent,✅,0.4894266505776558
10,53,migraine,congruent,❌,0.4885589162591836
10,53,excitement,congruent,✅,0.5460538917048398
10,53,migraine,incongruent,❌,0.5459593638145233
10,53,excitement,incongruent,✅,0.49385027440842827
10,54,niece,congruent,✅,0.549586265711562
10,54,husband,congruent,❌,0.49938513502886794
10,54,niece,incongruent,✅,0.4987085114995024
10,54,husband,incongruent,❌,0.5505950558943331
10,55,film,congruent,❌,0.4867410680134361
10,55,sunrise,congruent,❌,0.4848552960072578
10,55,film,incongruent,✅,0.4873608911796457
10,55,sunrise,incongruent,✅,0.47613614310462504
10,56,lecture,congruent,❌,0.4934605188171291
10,56,banquet,congruent,✅,0.5091808067745482
10,56,lecture,incongruent,❌,0.5031414177557784
10,56,banquet,incongruent,✅,0.489186362319707
10,57,drink,congruent,✅,0.570988023647083
10,57,textbook,congruent,❌,0.4461095455783066
10,57,drink,incongruent,✅,0.466926211411142
10,57,textbook,incongruent,❌,0.5503349925461758
10,58,pool,congruent,❌,0.430497080411213
10,58,snow,congruent,❌,0.4633767032496491
10,58,pool,incongruent,✅,0.4707399757746855
10,58,snow,incongruent,✅,0.4245949272489167
10,59,passport,congruent,✅,0.53348286779132
10,59,plushy,congruent,✅,0.50699641285944
10,59,passport,incongruent,❌,0.5299846475167761
10,59,plushy,incongruent,❌,0.5218183160538892
10,6,patients,congruent,❌,0.42529830875076063
10,6,students,congruent,✅,0.5084905221687744
10,6,patients,incongruent,❌,0.5071979737179596
10,6,students,incongruent,✅,0.4278563543167989
10,60,sister,congruent,❌,0.4512704544324565
10,60,father,congruent,✅,0.502313335752213
10,60,sister,incongruent,❌,0.5048402004439577
10,60,father,incongruent,✅,0.4577669863310443
10,61,game,congruent,✅,0.5208871252878999
10,61,sunset,congruent,✅,0.5398766975447158
10,61,game,incongruent,❌,0.5459855627585827
10,61,sunset,incongruent,❌,0.5151992166449455
10,62,holidays,congruent,❌,0.4660925380616669
10,62,funeral,congruent,✅,0.51475086886095
10,62,holidays,incongruent,❌,0.5326474071305947
10,62,funeral,incongruent,✅,0.44827271334279717
10,63,grades,congruent,❌,0.4299370849733671
10,63,affair,congruent,✅,0.5420774855223116
10,63,grades,incongruent,❌,0.5432907346046469
10,63,affair,incongruent,✅,0.43313281189398883
10,64,arrest,congruent,✅,0.5434119315937448
10,64,stroke,congruent,❌,0.3943817076959148
10,64,arrest,incongruent,✅,0.3943748307787547
10,64,stroke,incongruent,❌,0.5518472562524475
10,65,pacifier,congruent,✅,0.5007638580152471
10,65,coffee,congruent,✅,0.5424241210074051
10,65,pacifier,incongruent,❌,0.5341776311187691
10,65,coffee,incongruent,❌,0.5000270077661529
10,66,sweets,congruent,✅,0.5097752364167449
10,66,sentencing,congruent,❌,0.4030084946126207
10,66,sweets,incongruent,✅,0.40689066925759626
10,66,sentencing,incongruent,✅,0.49970021176705565
10,67,nap,congruent,❌,0.4877068194870386
10,67,selfie,congruent,❌,0.4823589620408333
10,67,nap,incongruent,✅,0.4668740793102471
10,67,selfie,incongruent,❌,0.5034990408314621
10,68,diaper,congruent,✅,0.5702091637529743
10,68,tire,congruent,❌,0.44025972888777976
10,68,diaper,incongruent,✅,0.42963835552798385
10,68,tire,incongruent,❌,0.5698478618723801
10,69,chemotherapy,congruent,❌,0.4886733225563766
10,69,golf,congruent,✅,0.5397051420012868
10,69,chemotherapy,incongruent,❌,0.5422276205797866
10,69,golf,incongruent,✅,0.48339292044465354
10,7,consensus,congruent,❌,0.4741573088126808
10,7,deadlock,congruent,❌,0.4974991619405301
10,7,consensus,incongruent,✅,0.49986192706041715
10,7,deadlock,incongruent,✅,0.47308012664358634
10,70,thunder,congruent,✅,0.5102723286149664
10,70,lullaby,congruent,❌,0.46342518946659744
10,70,thunder,incongruent,✅,0.44970014095035
10,70,lullaby,incongruent,❌,0.5222957127441017
10,71,pajamas,congruent,❌,0.4262592747257548
10,71,uniform,congruent,❌,0.4868019810810514
10,71,pajamas,incongruent,✅,0.4775580026988629
10,71,uniform,incongruent,✅,0.4365038745699597
10,72,gown,congruent,❌,0.499609029481539
10,72,sweats,congruent,✅,0.5192103655649202
10,72,gown,incongruent,❌,0.5220513284729973
10,72,sweats,incongruent,✅,0.49469782442534804
10,73,deadline,congruent,❌,0.4983177935253015
10,73,bed,congruent,✅,0.5303724409465239
10,73,deadline,incongruent,❌,0.5381490572560418
10,73,bed,incongruent,✅,0.4893457941202352
10,74,kindergarten,congruent,✅,0.5671566382828688
10,74,jail,congruent,❌,0.4850460776547038
10,74,kindergarten,incongruent,✅,0.4910322466149352
10,74,jail,incongruent,❌,0.5638925685038682
10,75,interrogated,congruent,✅,0.559459995760928
10,75,tickled,congruent,❌,0.4234775370807686
10,75,interrogated,incongruent,✅,0.4262001415077191
10,75,tickled,incongruent,❌,0.5519607382120973
10,76,sandcastle,congruent,✅,0.5726373115216622
10,76,snowman,congruent,✅,0.5257534987428953
10,76,sandcastle,incongruent,❌,0.536053023738316
10,76,snowman,incongruent,❌,0.5675280752571166
10,77,music,congruent,❌,0.4880792447770799
10,77,pizza,congruent,❌,0.40530694742080575
10,77,music,incongruent,✅,0.4028994382270959
10,77,pizza,incongruent,✅,0.48681742169709696
10,78,playoffs,congruent,✅,0.5458614267980941
10,78,cartoon,congruent,✅,0.5567098233171375
10,78,playoffs,incongruent,❌,0.557248316432335
10,78,cartoon,incongruent,❌,0.5431344270885529
10,79,alcoholism,congruent,❌,0.4809807138135325
10,79,academics,congruent,❌,0.45791153055279843
10,79,alcoholism,incongruent,✅,0.44701278023591323
10,79,academics,incongruent,✅,0.4813636754019074
10,8,engagement,congruent,❌,0.418495812987685
10,8,cancer,congruent,✅,0.5159933345264205
10,8,engagement,incongruent,❌,0.5212959790215052
10,8,cancer,incongruent,✅,0.4157966963481111
10,9,terminal,congruent,✅,0.5110425160624511
10,9,classroom,congruent,❌,0.4997784809203194
10,9,terminal,incongruent,❌,0.5002871992910961
10,9,classroom,incongruent,❌,0.5092789809680134
11,0,library,congruent,❌,0.4999694556757332
11,0,refrigerator,congruent,✅,0.540897531703211
11,0,library,incongruent,❌,0.5443249343079642
11,0,refrigerator,incongruent,✅,0.4985106885644713
11,1,disappointment,congruent,✅,0.5311941689739439
11,1,delight,congruent,✅,0.553089628300238
11,1,disappointment,incongruent,❌,0.5553695955297863
11,1,delight,incongruent,❌,0.5292629796247589
11,10,cash,congruent,✅,0.5561246667376724
11,10,groceries,congruent,✅,0.539229555040328
11,10,cash,incongruent,❌,0.5401911209042832
11,10,groceries,incongruent,❌,0.5575669504831131
11,11,lonely,congruent,✅,0.5381359361417061
11,11,confident,congruent,❌,0.42606231984857296
11,11,lonely,incongruent,✅,0.42855844599535176
11,11,confident,incongruent,❌,0.5346073626391453
11,12,joy,congruent,❌,0.46682657041417014
11,12,outrage,congruent,✅,0.5595880924401356
11,12,joy,incongruent,❌,0.5589183650128419
11,12,outrage,incongruent,✅,0.4649381820808407
11,13,traffic,congruent,✅,0.5613947398643816
11,13,snowstorm,congruent,❌,0.4725958430809255
11,13,traffic,incongruent,✅,0.4711098273737046
11,13,snowstorm,incongruent,❌,0.5628701390631025
11,14,laughter,congruent,❌,0.4910776418484156
11,14,frustration,congruent,❌,0.45243240427134856
11,14,laughter,incongruent,✅,0.45096068554457286
11,14,frustration,incongruent,✅,0.4886608481258964
11,15,calculator,congruent,❌,0.49422651403990875
11,15,instrument,congruent,✅,0.5085090268874456
11,15,calculator,incongruent,❌,0.5087030245326197
11,15,instrument,incongruent,✅,0.48742482576825996
11,16,orchestra,congruent,✅,0.5585115923967037
11,16,racers,congruent,❌,0.4072744908978215
11,16,orchestra,incongruent,✅,0.41037476256729427
11,16,racers,incongruent,❌,0.5676144667758796
11,17,retirement,congruent,✅,0.512272762895643
11,17,playdate,congruent,❌,0.4486401648027128
11,17,retirement,incongruent,✅,0.4434042490276007
11,17,playdate,incongruent,❌,0.5172340533298734
11,18,relieved,congruent,❌,0.48845835348327077
11,18,depressed,congruent,❌,0.37604642949703015
11,18,relieved,incongruent,✅,0.3766266292012488
11,18,depressed,incongruent,✅,0.4862779504350022
11,19,friends,congruent,✅,0.569435001944867
11,19,weight,congruent,❌,0.4815337959639396
11,19,friends,incongruent,✅,0.4794295226821688
11,19,weight,incongruent,❌,0.5644762121989737
11,2,overcoat,congruent,❌,0.4384099825100729
11,2,sandals,congruent,❌,0.3671682401082008
11,2,overcoat,incongruent,✅,0.36363706458147693
11,2,sandals,incongruent,✅,0.44215851269480244
11,20,lipstick,congruent,✅,0.5084768041276881
11,20,song,congruent,✅,0.5826789380474983
11,20,lipstick,incongruent,❌,0.5810140973782639
11,20,song,incongruent,❌,0.5049750355883728
11,21,fought,congruent,❌,0.44466334663952944
11,21,sang,congruent,✅,0.5022882869622831
11,21,fought,incongruent,❌,0.5094897121574934
11,21,sang,incongruent,✅,0.4438169551770084
11,22,skeptical,congruent,✅,0.514645690287938
11,22,reassured,congruent,✅,0.532655894182741
11,22,skeptical,incongruent,❌,0.5358261693235989
11,22,reassured,incongruent,❌,0.5085073487343804
11,23,graduation,congruent,❌,0.4518307091564188
11,23,operation,congruent,❌,0.44264526537096716
11,23,graduation,incongruent,✅,0.4389302429569886
11,23,operation,incongruent,✅,0.4514321324424395
11,24,bride,congruent,❌,0.3763333184211795
11,24,aftermath,congruent,✅,0.5198400296441875
11,24,bride,incongruent,❌,0.5091986768214606
11,24,aftermath,incongruent,✅,0.37878053477915713
11,25,teacher,congruent,✅,0.5557966024826821
11,25,daughter,congruent,✅,0.5287246494965272
11,25,teacher,incongruent,❌,0.5230736057952436
11,25,daughter,incongruent,❌,0.5573295823078419
11,26,roommate,congruent,✅,0.500056354291095
11,26,grandma,congruent,✅,0.524285833829782
11,26,roommate,incongruent,❌,0.5244755324564205
11,26,grandma,incongruent,✅,0.49933981098003266
11,27,brother,congruent,✅,0.5324895391972587
11,27,mother,congruent,❌,0.49791128067576296
11,27,brother,incongruent,✅,0.49843407857084304
11,27,mother,incongruent,❌,0.5311149697164621
11,28,preschool,congruent,✅,0.5096688878144566
11,28,prison,congruent,❌,0.4757419120066103
11,28,preschool,incongruent,✅,0.4720900643195145
11,28,prison,incongruent,❌,0.5061318563261301
11,29,hopeful,congruent,❌,0.47563953663837816
11,29,hopeless,congruent,✅,0.5556376571378747
11,29,hopeful,incongruent,❌,0.5564841793336066
11,29,hopeless,incongruent,✅,0.4770912958624295
11,3,marathon,congruent,✅,0.528447007724092
11,3,exam,congruent,✅,0.5825141404768811
11,3,marathon,incongruent,❌,0.5915462870542446
11,3,exam,incongruent,❌,0.5243348609822013
11,30,appalled,congruent,❌,0.49568057853708897
11,30,overjoyed,congruent,❌,0.4620491259121365
11,30,appalled,incongruent,✅,0.45836872486208086
11,30,overjoyed,incongruent,✅,0.49637312367435604
11,31,reprimand,congruent,❌,0.4933949871585059
11,31,encouragement,congruent,✅,0.512041839917188
11,31,reprimand,incongruent,❌,0.5144394776174672
11,31,encouragement,incongruent,✅,0.49003978789926517
11,32,angrily,congruent,✅,0.5383564313424933
11,32,cordially,congruent,✅,0.5334509487117833
11,32,angrily,incongruent,❌,0.5326329462117267
11,32,cordially,incongruent,❌,0.5367886023581363
11,33,accusatory,congruent,✅,0.5271590558247236
11,33,flirtatious,congruent,✅,0.6478097257329102
11,33,accusatory,incongruent,❌,0.6435752682681181
11,33,flirtatious,incongruent,❌,0.5252502864127876
11,34,disapprovingly,congruent,❌,0.4684458893784351
11,34,lovingly,congruent,❌,0.47414262553909653
11,34,disapprovingly,incongruent,✅,0.4728479016795239
11,34,lovingly,incongruent,✅,0.4642511524406171
11,35,playful,congruent,✅,0.5724250914021075
11,35,distant,congruent,❌,0.4299644550537437
11,35,playful,incongruent,✅,0.43408445063177153
11,35,distant,incongruent,❌,0.5648118685660956
11,36,headphones,congruent,❌,0.4978912566391669
11,36,mangoes,congruent,✅,0.5956124130489792
11,36,headphones,incongruent,❌,0.5900619933972548
11,36,mangoes,incongruent,✅,0.4908606613840334
11,37,playroom,congruent,❌,0.46227564145221545
11,37,park,congruent,❌,0.4732269114522871
11,37,playroom,incongruent,✅,0.47409415164977264
11,37,park,incongruent,✅,0.4552540903927849
11,38,bedroom,congruent,❌,0.48862816503654655
11,38,backyard,congruent,❌,0.4719115963345765
11,38,bedroom,incongruent,✅,0.46844523019650164
11,38,backyard,incongruent,✅,0.4915713829199712
11,39,solemnly,congruent,✅,0.5009214255306926
11,39,excitedly,congruent,✅,0.5201791604413039
11,39,solemnly,incongruent,❌,0.5193804699735284
11,39,excitedly,incongruent,❌,0.5013580880038527
11,4,menu,congruent,❌,0.497951220125434
11,4,prescription,congruent,❌,0.4500662884428928
11,4,menu,incongruent,✅,0.4459426580131579
11,4,prescription,incongruent,❌,0.5087899228431879
11,40,car,congruent,❌,0.4762494082519896
11,40,sock,congruent,❌,0.40768999711357934
11,40,car,incongruent,✅,0.40407166704494374
11,40,sock,incongruent,✅,0.4794716963131423
11,41,overdressed,congruent,❌,0.42373075734924726
11,41,naked,congruent,✅,0.5388467973998139
11,41,overdressed,incongruent,❌,0.5397241814355068
11,41,naked,incongruent,✅,0.4234043629297848
11,42,shy,congruent,❌,0.4698650186214823
11,42,lively,congruent,✅,0.5087488201649244
11,42,shy,incongruent,❌,0.5087321162050861
11,42,lively,incongruent,✅,0.4728130377583335
11,43,offended,congruent,✅,0.5772650874737496
11,43,flattered,congruent,❌,0.408041734039843
11,43,offended,incongruent,✅,0.40606608849223375
11,43,flattered,incongruent,❌,0.5742600012124925
11,44,grandkid,congruent,✅,0.5269897818597215
11,44,cellmate,congruent,✅,0.5149655660426332
11,44,grandkid,incongruent,❌,0.5179030612224179
11,44,cellmate,incongruent,❌,0.5251016970200729
11,45,promoted,congruent,❌,0.4358179591886402
11,45,fired,congruent,❌,0.49325502632120705
11,45,promoted,incongruent,✅,0.4939928034153657
11,45,fired,incongruent,✅,0.4328639153232018
11,46,shooting,congruent,✅,0.5326791133199302
11,46,celebration,congruent,✅,0.5031936181851964
11,46,shooting,incongruent,❌,0.50192660188339
11,46,celebration,incongruent,❌,0.5294879113397565
11,47,crayon,congruent,✅,0.5289157465261872
11,47,beer,congruent,✅,0.5562190526282769
11,47,crayon,incongruent,❌,0.5517138221451109
11,47,beer,incongruent,❌,0.5329174650332109
11,48,waiter,congruent,❌,0.3651268175979815
11,48,taxi,congruent,❌,0.3703121303116997
11,48,waiter,incongruent,✅,0.36969895841553774
11,48,taxi,incongruent,✅,0.36306185737107827
11,49,parents,congruent,✅,0.5343916319114762
11,49,keys,congruent,❌,0.49408502133561394
11,49,parents,incongruent,✅,0.4930294977375536
11,49,keys,incongruent,❌,0.5376207448157325
11,5,distress,congruent,✅,0.5929107425507399
11,5,tranquility,congruent,✅,0.536114109844197
11,5,distress,incongruent,❌,0.5374231992359569
11,5,tranquility,incongruent,❌,0.5917083945034454
11,50,sofa,congruent,❌,0.473020462851064
11,50,sky,congruent,✅,0.5406571368996703
11,50,sofa,incongruent,❌,0.5445087110378374
11,50,sky,incongruent,✅,0.46393764892051187
11,51,obesity,congruent,✅,0.5662658279980619
11,51,homework,congruent,❌,0.4687738082574102
11,51,obesity,incongruent,✅,0.4662377231729916
11,51,homework,incongruent,❌,0.5691160433534023
11,52,quiz,congruent,❌,0.4987172260593944
11,52,commute,congruent,✅,0.5112312100740519
11,52,quiz,incongruent,❌,0.5144285438550495
11,52,commute,incongruent,✅,0.4903194247172786
11,53,migraine,congruent,✅,0.5769685928120032
11,53,excitement,congruent,❌,0.46081812241864506
11,53,migraine,incongruent,✅,0.46288957397039304
11,53,excitement,incongruent,❌,0.5770610418724845
11,54,niece,congruent,✅,0.5284636969773484
11,54,husband,congruent,✅,0.5240299656135892
11,54,niece,incongruent,❌,0.5256178118012943
11,54,husband,incongruent,❌,0.5283624995314935
11,55,film,congruent,✅,0.640338585823765
11,55,sunrise,congruent,❌,0.42992260870068105
11,55,film,incongruent,✅,0.4357310946177307
11,55,sunrise,incongruent,❌,0.6395557084706631
11,56,lecture,congruent,✅,0.5007463540721394
11,56,banquet,congruent,❌,0.46464745708797045
11,56,lecture,incongruent,✅,0.4621259740973971
11,56,banquet,incongruent,✅,0.4982663507919717
11,57,drink,congruent,❌,0.44237329739871767
11,57,textbook,congruent,❌,0.4524922698308333
11,57,drink,incongruent,✅,0.45984065159956417
11,57,textbook,incongruent,✅,0.44141438917092946
11,58,pool,congruent,❌,0.4790834646750896
11,58,snow,congruent,❌,0.4887074725911585
11,58,pool,incongruent,✅,0.4918056562579471
11,58,snow,incongruent,✅,0.47799223176561867
11,59,passport,congruent,✅,0.5481651609349901
11,59,plushy,congruent,✅,0.557961808882669
11,59,passport,incongruent,❌,0.556348640246139
11,59,plushy,incongruent,❌,0.5490112672179648
11,6,patients,congruent,✅,0.5372637485790759
11,6,students,congruent,✅,0.5436165169219972
11,6,patients,incongruent,❌,0.5442494741733896
11,6,students,incongruent,❌,0.5389810392278745
11,60,sister,congruent,❌,0.49436007263043946
11,60,father,congruent,❌,0.4729052357421082
11,60,sister,incongruent,✅,0.4723345385575104
11,60,father,incongruent,✅,0.4994439050412687
11,61,game,congruent,✅,0.5771960644402352
11,61,sunset,congruent,✅,0.5454297257156147
11,61,game,incongruent,❌,0.5492841974974584
11,61,sunset,incongruent,❌,0.5633649264515805
11,62,holidays,congruent,❌,0.4582762493929441
11,62,funeral,congruent,✅,0.5495244208709201
11,62,holidays,incongruent,❌,0.5532387678556697
11,62,funeral,incongruent,✅,0.44749240506637405
11,63,grades,congruent,❌,0.4545842672557354
11,63,affair,congruent,✅,0.5199128838701924
11,63,grades,incongruent,❌,0.520483751308669
11,63,affair,incongruent,✅,0.45634057691435037
11,64,arrest,congruent,❌,0.48647658675352207
11,64,stroke,congruent,❌,0.41715090383586595
11,64,arrest,incongruent,✅,0.41636018094116123
11,64,stroke,incongruent,✅,0.4897830261344342
11,65,pacifier,congruent,❌,0.45065789566079256
11,65,coffee,congruent,✅,0.5231302157886453
11,65,pacifier,incongruent,❌,0.5236845271670819
11,65,coffee,incongruent,✅,0.45146767040348296
11,66,sweets,congruent,✅,0.5150468622683483
11,66,sentencing,congruent,❌,0.4768700156085714
11,66,sweets,incongruent,✅,0.47457551224840605
11,66,sentencing,incongruent,❌,0.5137869212560097
11,67,nap,congruent,✅,0.5085265731502804
11,67,selfie,congruent,❌,0.42211250470797695
11,67,nap,incongruent,✅,0.4209091123057574
11,67,selfie,incongruent,❌,0.5132750494025388
11,68,diaper,congruent,✅,0.590751850003893
11,68,tire,congruent,❌,0.44276088497003774
11,68,diaper,incongruent,✅,0.4393824951584904
11,68,tire,incongruent,❌,0.5880828426129115
11,69,chemotherapy,congruent,❌,0.4989973620512502
11,69,golf,congruent,❌,0.4172626136103256
11,69,chemotherapy,incongruent,✅,0.41683374344576424
11,69,golf,incongruent,✅,0.4975568822650586
11,7,consensus,congruent,✅,0.5201460566148307
11,7,deadlock,congruent,❌,0.44854398435841364
11,7,consensus,incongruent,✅,0.4488588623790209
11,7,deadlock,incongruent,❌,0.5227401043488437
11,70,thunder,congruent,❌,0.48660625709257144
11,70,lullaby,congruent,❌,0.47868306825142787
11,70,thunder,incongruent,✅,0.47822701914155985
11,70,lullaby,incongruent,✅,0.48117821785558296
11,71,pajamas,congruent,❌,0.3992930447136499
11,71,uniform,congruent,❌,0.4611431854143241
11,71,pajamas,incongruent,✅,0.45201042473522857
11,71,uniform,incongruent,✅,0.4086631951537379
11,72,gown,congruent,❌,0.47729681388222217
11,72,sweats,congruent,✅,0.5372501522484971
11,72,gown,incongruent,❌,0.5368140467108882
11,72,sweats,incongruent,✅,0.48014016239926627
11,73,deadline,congruent,❌,0.45352754131440715
11,73,bed,congruent,✅,0.5143567405713528
11,73,deadline,incongruent,❌,0.5165782561928282
11,73,bed,incongruent,✅,0.4468726142140355
11,74,kindergarten,congruent,❌,0.4854593194510655
11,74,jail,congruent,✅,0.5103447926647746
11,74,kindergarten,incongruent,❌,0.5149293861784128
11,74,jail,incongruent,✅,0.4771742532055564
11,75,interrogated,congruent,❌,0.49956091900522714
11,75,tickled,congruent,✅,0.5778935085104343
11,75,interrogated,incongruent,❌,0.5788792732694826
11,75,tickled,incongruent,❌,0.5017594680982971
11,76,sandcastle,congruent,✅,0.5293534772875362
11,76,snowman,congruent,❌,0.4927133567154769
11,76,sandcastle,incongruent,✅,0.49798574233976134
11,76,snowman,incongruent,❌,0.5259652113353566
11,77,music,congruent,✅,0.5142826659702048
11,77,pizza,congruent,❌,0.44561459915758844
11,77,music,incongruent,✅,0.44558923071612333
11,77,pizza,incongruent,❌,0.515848282512026
11,78,playoffs,congruent,✅,0.5836191897095142
11,78,cartoon,congruent,✅,0.5352309660011191
11,78,playoffs,incongruent,❌,0.5366556556431586
11,78,cartoon,incongruent,❌,0.584103267977969
11,79,alcoholism,congruent,✅,0.5835992748893579
11,79,academics,congruent,❌,0.4543022710149003
11,79,alcoholism,incongruent,✅,0.44935490692388075
11,79,academics,incongruent,❌,0.5869552192769789
11,8,engagement,congruent,✅,0.5178229336666584
11,8,cancer,congruent,❌,0.482869109868684
11,8,engagement,incongruent,✅,0.48092173708254643
11,8,cancer,incongruent,❌,0.5166758451844035
11,9,terminal,congruent,❌,0.4045537152290349
11,9,classroom,congruent,❌,0.4690241452971886
11,9,terminal,incongruent,✅,0.4628498099843838
11,9,classroom,incongruent,✅,0.40334595008550167
12,0,library,congruent,✅,0.6130635479731752
12,0,refrigerator,congruent,✅,0.5916031616880748
12,0,library,incongruent,❌,0.5078070311839098
12,0,refrigerator,incongruent,✅,0.3287943681785562
12,1,disappointment,congruent,❌,0.3912951386743453
12,1,delight,congruent,❌,0.44078538068674095
12,1,disappointment,incongruent,✅,0.4240010453879015
12,1,delight,incongruent,✅,0.38595472852787605
12,10,cash,congruent,❌,0.26356136614630726
12,10,groceries,congruent,✅,0.5903057871179068
12,10,cash,incongruent,❌,0.5646498653739116
12,10,groceries,incongruent,✅,0.2567995537418301
12,11,lonely,congruent,✅,0.6871576063458975
12,11,confident,congruent,❌,0.47438707452663936
12,11,lonely,incongruent,✅,0.46470578064922624
12,11,confident,incongruent,❌,0.675214166376645
12,12,joy,congruent,❌,0.45532870010224086
12,12,outrage,congruent,✅,0.5511117027228041
12,12,joy,incongruent,❌,0.500164289399564
12,12,outrage,incongruent,✅,0.4490497013388989
12,13,traffic,congruent,✅,0.8525876415021468
12,13,snowstorm,congruent,✅,0.7926201784153087
12,13,traffic,incongruent,❌,0.7793394705368573
12,13,snowstorm,incongruent,❌,0.8611528951442275
12,14,laughter,congruent,✅,0.5532220832482501
12,14,frustration,congruent,❌,0.3771849326229259
12,14,laughter,incongruent,✅,0.3744576388397703
12,14,frustration,incongruent,❌,0.5470163725600077
12,15,calculator,congruent,✅,0.5072073393808397
12,15,instrument,congruent,❌,0.45248792563988677
12,15,calculator,incongruent,✅,0.47471501321476955
12,15,instrument,incongruent,✅,0.27100890518319104
12,16,orchestra,congruent,✅,0.6841461567353209
12,16,racers,congruent,✅,0.6111336732728715
12,16,orchestra,incongruent,✅,0.39903785369573785
12,16,racers,incongruent,❌,0.6933133328904324
12,17,retirement,congruent,✅,0.7623958505191136
12,17,playdate,congruent,❌,0.32236968367286517
12,17,retirement,incongruent,✅,0.3037510902539049
12,17,playdate,incongruent,❌,0.7578823122213932
12,18,relieved,congruent,❌,0.4621977491309688
12,18,depressed,congruent,❌,0.3757846187566465
12,18,relieved,incongruent,✅,0.364607041864329
12,18,depressed,incongruent,✅,0.4891068608592536
12,19,friends,congruent,✅,0.6562352960650917
12,19,weight,congruent,✅,0.5981439355380187
12,19,friends,incongruent,❌,0.5697634906333151
12,19,weight,incongruent,❌,0.6210410613477109
12,2,overcoat,congruent,❌,0.44556832113918815
12,2,sandals,congruent,✅,0.6752363706898187
12,2,overcoat,incongruent,❌,0.6794913052664275
12,2,sandals,incongruent,✅,0.4623074703284936
12,20,lipstick,congruent,✅,0.8606749927548912
12,20,song,congruent,✅,0.5798712171509733
12,20,lipstick,incongruent,✅,0.3752522200582968
12,20,song,incongruent,❌,0.8207218338225749
12,21,fought,congruent,❌,0.24074624114938437
12,21,sang,congruent,✅,0.6398027299842634
12,21,fought,incongruent,❌,0.5046667885351189
12,21,sang,incongruent,✅,0.23524678681556907
12,22,skeptical,congruent,❌,0.3472657297758853
12,22,reassured,congruent,✅,0.5038297693364298
12,22,skeptical,incongruent,✅,0.48235817772155914
12,22,reassured,incongruent,✅,0.36093192026630233
12,23,graduation,congruent,❌,0.39633043467090007
12,23,operation,congruent,❌,0.30150563421219995
12,23,graduation,incongruent,✅,0.18405112903017737
12,23,operation,incongruent,✅,0.3456320116119707
12,24,bride,congruent,❌,0.312861725186483
12,24,aftermath,congruent,❌,0.4708433267482582
12,24,bride,incongruent,✅,0.4057434822852387
12,24,aftermath,incongruent,✅,0.140446504071352
12,25,teacher,congruent,✅,0.7754397951230367
12,25,daughter,congruent,✅,0.5545123323420796
12,25,teacher,incongruent,✅,0.4916218184481689
12,25,daughter,incongruent,❌,0.6746382338777698
12,26,roommate,congruent,✅,0.531575739714496
12,26,grandma,congruent,❌,0.3864256540316771
12,26,roommate,incongruent,✅,0.3699010324480551
12,26,grandma,incongruent,✅,0.49534593669999244
12,27,brother,congruent,❌,0.36230618525892533
12,27,mother,congruent,❌,0.381500833960489
12,27,brother,incongruent,✅,0.32139772727021176
12,27,mother,incongruent,✅,0.39492048790930206
12,28,preschool,congruent,❌,0.179396851342504
12,28,prison,congruent,❌,0.255767390394069
12,28,preschool,incongruent,✅,0.23177597631925378
12,28,prison,incongruent,✅,0.11160603933876452
12,29,hopeful,congruent,❌,0.44303012860012136
12,29,hopeless,congruent,❌,0.3018656135749512
12,29,hopeful,incongruent,✅,0.2946343023482377
12,29,hopeless,incongruent,✅,0.45109044098797574
12,3,marathon,congruent,✅,0.622196317482531
12,3,exam,congruent,✅,0.8709412476293168
12,3,marathon,incongruent,❌,0.586023581088828
12,3,exam,incongruent,❌,0.5355376470750937
12,30,appalled,congruent,❌,0.33131269187603
12,30,overjoyed,congruent,❌,0.43186136889295684
12,30,appalled,incongruent,✅,0.43133289999797736
12,30,overjoyed,incongruent,✅,0.32652350105297995
12,31,reprimand,congruent,✅,0.5765999508862077
12,31,encouragement,congruent,❌,0.22832408088505673
12,31,reprimand,incongruent,✅,0.23282096278434442
12,31,encouragement,incongruent,❌,0.5692269048369818
12,32,angrily,congruent,✅,0.6501884311471063
12,32,cordially,congruent,❌,0.46562677111896644
12,32,angrily,incongruent,✅,0.46513829825265746
12,32,cordially,incongruent,❌,0.6300347859775608
12,33,accusatory,congruent,✅,0.6825303021577267
12,33,flirtatious,congruent,✅,0.6333516824900011
12,33,accusatory,incongruent,❌,0.6173433891569806
12,33,flirtatious,incongruent,❌,0.6704189473983734
12,34,disapprovingly,congruent,✅,0.5522307799875623
12,34,lovingly,congruent,❌,0.4255785174133331
12,34,disapprovingly,incongruent,✅,0.4352398358667933
12,34,lovingly,incongruent,❌,0.5464029409879769
12,35,playful,congruent,❌,0.3722867716759112
12,35,distant,congruent,❌,0.2606319757071666
12,35,playful,incongruent,✅,0.26277513537969105
12,35,distant,incongruent,✅,0.30628575075656245
12,36,headphones,congruent,❌,0.48496153495785943
12,36,mangoes,congruent,❌,0.46511879750622004
12,36,headphones,incongruent,✅,0.4366560066646884
12,36,mangoes,incongruent,✅,0.4176701486881492
12,37,playroom,congruent,✅,0.7674046676615961
12,37,park,congruent,✅,0.5351565558675738
12,37,playroom,incongruent,✅,0.49117090529509383
12,37,park,incongruent,❌,0.7577098858581465
12,38,bedroom,congruent,✅,0.6547898427555443
12,38,backyard,congruent,✅,0.5441613588346279
12,38,bedroom,incongruent,❌,0.5093298761976649
12,38,backyard,incongruent,❌,0.6002717168889774
12,39,solemnly,congruent,✅,0.5233287491750601
12,39,excitedly,congruent,✅,0.5047472925629269
12,39,solemnly,incongruent,❌,0.5129126889950356
12,39,excitedly,incongruent,❌,0.521089916193089
12,4,menu,congruent,✅,0.9017618425811612
12,4,prescription,congruent,✅,0.7684833044598947
12,4,menu,incongruent,✅,0.4518400707031668
12,4,prescription,incongruent,❌,0.6648542912642393
12,40,car,congruent,❌,0.43531297071371006
12,40,sock,congruent,✅,0.5328035619327104
12,40,car,incongruent,✅,0.49345802911835074
12,40,sock,incongruent,✅,0.3586805379648524
12,41,overdressed,congruent,✅,0.6083474416820817
12,41,naked,congruent,✅,0.7374065338431955
12,41,overdressed,incongruent,❌,0.7523442940188282
12,41,naked,incongruent,❌,0.5850685209527661
12,42,shy,congruent,❌,0.3824636877297996
12,42,lively,congruent,❌,0.38725528435807116
12,42,shy,incongruent,✅,0.3654547305213059
12,42,lively,incongruent,✅,0.40622031533057773
12,43,offended,congruent,✅,0.580745277942531
12,43,flattered,congruent,❌,0.34956957979251385
12,43,offended,incongruent,✅,0.36233752119497353
12,43,flattered,incongruent,❌,0.5602555843505949
12,44,grandkid,congruent,✅,0.6309799699877863
12,44,cellmate,congruent,❌,0.40765035296167007
12,44,grandkid,incongruent,✅,0.4379428456323552
12,44,cellmate,incongruent,❌,0.6203185832413207
12,45,promoted,congruent,❌,0.3540480654468298
12,45,fired,congruent,✅,0.637871251968258
12,45,promoted,incongruent,❌,0.6424349002890608
12,45,fired,incongruent,✅,0.3652717355275398
12,46,shooting,congruent,✅,0.7386133733434631
12,46,celebration,congruent,✅,0.5825429729256666
12,46,shooting,incongruent,❌,0.5154960326789917
12,46,celebration,incongruent,❌,0.7006880343668433
12,47,crayon,congruent,✅,0.5670725429035968
12,47,beer,congruent,✅,0.7232820515037633
12,47,crayon,incongruent,❌,0.5661415539834522
12,47,beer,incongruent,❌,0.5493104924691924
12,48,waiter,congruent,✅,0.7427306767981383
12,48,taxi,congruent,❌,0.4520760228351341
12,48,waiter,incongruent,✅,0.4450558159936024
12,48,taxi,incongruent,❌,0.712988789753937
12,49,parents,congruent,✅,0.5474625595882571
12,49,keys,congruent,❌,0.28583519436473687
12,49,parents,incongruent,✅,0.2744744778127585
12,49,keys,incongruent,✅,0.4724021503787723
12,5,distress,congruent,✅,0.5649405611009479
12,5,tranquility,congruent,❌,0.3737656390055372
12,5,distress,incongruent,✅,0.3696612788537907
12,5,tranquility,incongruent,❌,0.5617436912984216
12,50,sofa,congruent,✅,0.5705159105358016
12,50,sky,congruent,✅,0.7722644455086022
12,50,sofa,incongruent,❌,0.6593024383892495
12,50,sky,incongruent,✅,0.4281451766009292
12,51,obesity,congruent,✅,0.5414888867382244
12,51,homework,congruent,❌,0.3928570972655206
12,51,obesity,incongruent,✅,0.1861792698534265
12,51,homework,incongruent,✅,0.4543377394844362
12,52,quiz,congruent,❌,0.43069948081359044
12,52,commute,congruent,✅,0.7884138388443369
12,52,quiz,incongruent,❌,0.7303615798784995
12,52,commute,incongruent,✅,0.11998380501529961
12,53,migraine,congruent,✅,0.565975570784871
12,53,excitement,congruent,✅,0.5087080145725734
12,53,migraine,incongruent,✅,0.4743914738318777
12,53,excitement,incongruent,❌,0.5454827719765373
12,54,niece,congruent,✅,0.5543765517923004
12,54,husband,congruent,❌,0.40261820885248795
12,54,niece,incongruent,✅,0.489811967548856
12,54,husband,incongruent,❌,0.532889645531333
12,55,film,congruent,✅,0.5817985697923226
12,55,sunrise,congruent,✅,0.6836259844662528
12,55,film,incongruent,❌,0.5933752900432677
12,55,sunrise,incongruent,❌,0.551406054664013
12,56,lecture,congruent,✅,0.6342211719657652
12,56,banquet,congruent,✅,0.5003183472470177
12,56,lecture,incongruent,✅,0.4244477655967885
12,56,banquet,incongruent,✅,0.25289852038517097
12,57,drink,congruent,✅,0.7340525946750748
12,57,textbook,congruent,✅,0.7696801342967531
12,57,drink,incongruent,✅,0.3502146565494211
12,57,textbook,incongruent,❌,0.6462053265568074
12,58,pool,congruent,❌,0.4740163777294709
12,58,snow,congruent,❌,0.3619021349129736
12,58,pool,incongruent,✅,0.40757447581310047
12,58,snow,incongruent,✅,0.4692521792974021
12,59,passport,congruent,❌,0.44579475643174826
12,59,plushy,congruent,✅,0.7924188471730074
12,59,passport,incongruent,❌,0.7649086300381334
12,59,plushy,incongruent,✅,0.35166545351231415
12,6,patients,congruent,✅,0.9024264192612871
12,6,students,congruent,❌,0.34461981268280173
12,6,patients,incongruent,✅,0.2498454033703744
12,6,students,incongruent,✅,0.4934847780234592
12,60,sister,congruent,✅,0.6276545196389927
12,60,father,congruent,✅,0.5806817449233481
12,60,sister,incongruent,❌,0.6122951581839917
12,60,father,incongruent,❌,0.6148899635842809
12,61,game,congruent,✅,0.655550420502449
12,61,sunset,congruent,✅,0.688194707015069
12,61,game,incongruent,❌,0.5361038129101183
12,61,sunset,incongruent,✅,0.13296236214247698
12,62,holidays,congruent,❌,0.2524957550382361
12,62,funeral,congruent,❌,0.39947019646175236
12,62,holidays,incongruent,✅,0.3361859993617151
12,62,funeral,incongruent,✅,0.23829819373527136
12,63,grades,congruent,❌,0.3766178458015554
12,63,affair,congruent,❌,0.37260821676609357
12,63,grades,incongruent,✅,0.3969465087930675
12,63,affair,incongruent,✅,0.2637090218048334
12,64,arrest,congruent,✅,0.7381253569395076
12,64,stroke,congruent,✅,0.547307043028354
12,64,arrest,incongruent,❌,0.5645537301628868
12,64,stroke,incongruent,❌,0.6505756837083115
12,65,pacifier,congruent,❌,0.1896063289469891
12,65,coffee,congruent,✅,0.5085462599792864
12,65,pacifier,incongruent,✅,0.48246582396337206
12,65,coffee,incongruent,✅,0.19139180471876896
12,66,sweets,congruent,❌,0.47202665183226356
12,66,sentencing,congruent,❌,0.3493680463028372
12,66,sweets,incongruent,✅,0.2953444463800057
12,66,sentencing,incongruent,✅,0.2072925880617112
12,67,nap,congruent,✅,0.6064123760903799
12,67,selfie,congruent,✅,0.5443421131980297
12,67,nap,incongruent,❌,0.524391156518789
12,67,selfie,incongruent,❌,0.6057067072880705
12,68,diaper,congruent,✅,0.6365284091577564
12,68,tire,congruent,✅,0.7885275896458557
12,68,diaper,incongruent,✅,0.4492158590619413
12,68,tire,incongruent,❌,0.5933365198831851
12,69,chemotherapy,congruent,❌,0.44226575754974473
12,69,golf,congruent,✅,0.5745436138084113
12,69,chemotherapy,incongruent,✅,0.4052463989764359
12,69,golf,incongruent,✅,0.35447445919164433
12,7,consensus,congruent,❌,0.1900687622605007
12,7,deadlock,congruent,❌,0.4900568893647478
12,7,consensus,incongruent,✅,0.4771384197921847
12,7,deadlock,incongruent,✅,0.19588682693606368
12,70,thunder,congruent,❌,0.4186045168159783
12,70,lullaby,congruent,❌,0.4605461053751689
12,70,thunder,incongruent,✅,0.4555437631231528
12,70,lullaby,incongruent,✅,0.2686871599604938
12,71,pajamas,congruent,✅,0.5891391603920854
12,71,uniform,congruent,✅,0.5558350592521577
12,71,pajamas,incongruent,✅,0.3320786794851143
12,71,uniform,incongruent,❌,0.5740861263638262
12,72,gown,congruent,✅,0.5504285024010709
12,72,sweats,congruent,❌,0.4860303234407091
12,72,gown,incongruent,✅,0.46754278329470844
12,72,sweats,incongruent,✅,0.4741516093524674
12,73,deadline,congruent,❌,0.2946101447603133
12,73,bed,congruent,❌,0.3170677263890835
12,73,deadline,incongruent,✅,0.22946092155854142
12,73,bed,incongruent,✅,0.2433362986448652
12,74,kindergarten,congruent,✅,0.8462874243096961
12,74,jail,congruent,❌,0.43622168062644123
12,74,kindergarten,incongruent,✅,0.45726021931060895
12,74,jail,incongruent,❌,0.8078497015335488
12,75,interrogated,congruent,✅,0.5932081960101724
12,75,tickled,congruent,❌,0.19300908858873972
12,75,interrogated,incongruent,✅,0.20629314480807354
12,75,tickled,incongruent,❌,0.5533654441158159
12,76,sandcastle,congruent,✅,0.6039710823173251
12,76,snowman,congruent,✅,0.57402072136147
12,76,sandcastle,incongruent,❌,0.5767480910203169
12,76,snowman,incongruent,❌,0.6083536365508018
12,77,music,congruent,✅,0.7814546448474723
12,77,pizza,congruent,✅,0.7023565653765039
12,77,music,incongruent,❌,0.564217097959466
12,77,pizza,incongruent,❌,0.5461816005940776
12,78,playoffs,congruent,✅,0.6235773986031645
12,78,cartoon,congruent,✅,0.6508273826179518
12,78,playoffs,incongruent,❌,0.546795067043501
12,78,cartoon,incongruent,✅,0.44121791187420134
12,79,alcoholism,congruent,❌,0.389884819892711
12,79,academics,congruent,✅,0.8340903477206388
12,79,alcoholism,incongruent,❌,0.5012097554844467
12,79,academics,incongruent,✅,0.3702926791689443
12,8,engagement,congruent,✅,0.5767378560470917
12,8,cancer,congruent,❌,0.372453779710175
12,8,engagement,incongruent,✅,0.30694334173679505
12,8,cancer,incongruent,❌,0.5950444462423792
12,9,terminal,congruent,❌,0.2627966504467782
12,9,classroom,congruent,❌,0.30202266142509093
12,9,terminal,incongruent,✅,0.2652484400579299
12,9,classroom,incongruent,✅,0.21329836996057464
13,0,library,congruent,❌,0.30142225660921995
13,0,refrigerator,congruent,✅,0.5005272177197432
13,0,library,incongruent,✅,0.26700956538896603
13,0,refrigerator,incongruent,✅,0.16520390684353772
13,1,disappointment,congruent,❌,0.38573524366768774
13,1,delight,congruent,❌,0.15802144224584136
13,1,disappointment,incongruent,✅,0.09867034502056153
13,1,delight,incongruent,✅,0.40977225790533095
13,10,cash,congruent,❌,0.2224022018601391
13,10,groceries,congruent,❌,0.49276587021526236
13,10,cash,incongruent,✅,0.4110564755028215
13,10,groceries,incongruent,✅,0.19660420959749803
13,11,lonely,congruent,✅,0.7449074674665724
13,11,confident,congruent,✅,0.5593488768593936
13,11,lonely,incongruent,❌,0.588294662833673
13,11,confident,incongruent,❌,0.5858104666611449
13,12,joy,congruent,✅,0.878809286881916
13,12,outrage,congruent,✅,0.7184419874590909
13,12,joy,incongruent,❌,0.5759267018814243
13,12,outrage,incongruent,❌,0.8167593598378009
13,13,traffic,congruent,✅,0.5771714879419249
13,13,snowstorm,congruent,✅,0.704644998473946
13,13,traffic,incongruent,❌,0.6236563251128325
13,13,snowstorm,incongruent,❌,0.6050333898845074
13,14,laughter,congruent,❌,0.3761330993481838
13,14,frustration,congruent,✅,0.6626264680869565
13,14,laughter,incongruent,❌,0.572340556851933
13,14,frustration,incongruent,✅,0.34810328437373744
13,15,calculator,congruent,✅,0.5465284403811209
13,15,instrument,congruent,❌,0.4643372744524977
13,15,calculator,incongruent,✅,0.3295205210678287
13,15,instrument,incongruent,✅,0.36443515146209093
13,16,orchestra,congruent,✅,0.893089281727016
13,16,racers,congruent,✅,0.824341760413111
13,16,orchestra,incongruent,✅,0.4881095038052813
13,16,racers,incongruent,❌,0.8830130529785567
13,17,retirement,congruent,✅,0.5968411580207484
13,17,playdate,congruent,❌,0.4730222095842085
13,17,retirement,incongruent,✅,0.3579328353322594
13,17,playdate,incongruent,❌,0.5907680612808214
13,18,relieved,congruent,✅,0.5506338095401223
13,18,depressed,congruent,❌,0.3282441092338879
13,18,relieved,incongruent,✅,0.30123583833505113
13,18,depressed,incongruent,❌,0.5560123123361519
13,19,friends,congruent,❌,0.44420499117645834
13,19,weight,congruent,❌,0.22345684387264644
13,19,friends,incongruent,✅,0.16254442336305527
13,19,weight,incongruent,✅,0.4980905821509204
13,2,overcoat,congruent,✅,0.6865258551720828
13,2,sandals,congruent,❌,0.4957612915962771
13,2,overcoat,incongruent,✅,0.45981721868710085
13,2,sandals,incongruent,❌,0.684266965164518
13,20,lipstick,congruent,✅,0.8366399302786303
13,20,song,congruent,✅,0.9142931477474763
13,20,lipstick,incongruent,❌,0.5390838195075467
13,20,song,incongruent,❌,0.6305560599156701
13,21,fought,congruent,❌,0.2192598751853813
13,21,sang,congruent,❌,0.375814300920813
13,21,fought,incongruent,✅,0.25915896415827977
13,21,sang,incongruent,✅,0.1765504293670026
13,22,skeptical,congruent,✅,0.5450020694424943
13,22,reassured,congruent,❌,0.43606023709251335
13,22,skeptical,incongruent,✅,0.443681465348525
13,22,reassured,incongruent,✅,0.4890538570930195
13,23,graduation,congruent,✅,0.5424762548344162
13,23,operation,congruent,✅,0.5535000280507248
13,23,graduation,incongruent,✅,0.08378906790455473
13,23,operation,incongruent,✅,0.40807211762056006
13,24,bride,congruent,❌,0.3529788568596829
13,24,aftermath,congruent,❌,0.32720685151431966
13,24,bride,incongruent,✅,0.14934095796996816
13,24,aftermath,incongruent,✅,0.17043812320520668
13,25,teacher,congruent,✅,0.7393503987067707
13,25,daughter,congruent,✅,0.7266835626619342
13,25,teacher,incongruent,❌,0.6532344241273652
13,25,daughter,incongruent,❌,0.6273975235606327
13,26,roommate,congruent,✅,0.748513662858557
13,26,grandma,congruent,✅,0.547020482452178
13,26,roommate,incongruent,✅,0.33089349131889567
13,26,grandma,incongruent,❌,0.7428398232165607
13,27,brother,congruent,❌,0.39399015535942766
13,27,mother,congruent,❌,0.4414715288232155
13,27,brother,incongruent,✅,0.3766777845132813
13,27,mother,incongruent,✅,0.3763389910587199
13,28,preschool,congruent,❌,0.27738366457020036
13,28,prison,congruent,❌,0.21130030287647256
13,28,preschool,incongruent,✅,0.09070932116312694
13,28,prison,incongruent,✅,0.14114098206160777
13,29,hopeful,congruent,❌,0.307791406458849
13,29,hopeless,congruent,❌,0.2179062440095066
13,29,hopeful,incongruent,✅,0.19030037123806143
13,29,hopeless,incongruent,✅,0.34111854693555316
13,3,marathon,congruent,✅,0.9356863212503345
13,3,exam,congruent,✅,0.7888324405697491
13,3,marathon,incongruent,❌,0.5924361200866824
13,3,exam,incongruent,❌,0.7105599239620833
13,30,appalled,congruent,❌,0.18105250901922573
13,30,overjoyed,congruent,❌,0.10594623381977727
13,30,appalled,incongruent,✅,0.11311270334276939
13,30,overjoyed,incongruent,✅,0.12903441178473177
13,31,reprimand,congruent,✅,0.5161860321911664
13,31,encouragement,congruent,✅,0.6518353823009515
13,31,reprimand,incongruent,❌,0.699391239097068
13,31,encouragement,incongruent,✅,0.44503475526678044
13,32,angrily,congruent,✅,0.5727478742074312
13,32,cordially,congruent,❌,0.43495330411684374
13,32,angrily,incongruent,✅,0.42146713972383776
13,32,cordially,incongruent,✅,0.4563280369026927
13,33,accusatory,congruent,❌,0.46119355178285687
13,33,flirtatious,congruent,✅,0.6684538723493789
13,33,accusatory,incongruent,❌,0.7043438304036377
13,33,flirtatious,incongruent,✅,0.19322103106934507
13,34,disapprovingly,congruent,✅,0.6328361309915821
13,34,lovingly,congruent,✅,0.5270452141831816
13,34,disapprovingly,incongruent,❌,0.515618222702555
13,34,lovingly,incongruent,❌,0.5966779491017897
13,35,playful,congruent,✅,0.6089863135541579
13,35,distant,congruent,❌,0.16076816075672265
13,35,playful,incongruent,✅,0.14831495442378917
13,35,distant,incongruent,✅,0.33749880147517614
13,36,headphones,congruent,✅,0.8605913292939924
13,36,mangoes,congruent,✅,0.5919404571563065
13,36,headphones,incongruent,❌,0.6822072561188713
13,36,mangoes,incongruent,❌,0.7494109196580464
13,37,playroom,congruent,✅,0.5324019805117124
13,37,park,congruent,✅,0.6652111596468256
13,37,playroom,incongruent,✅,0.4497496636712159
13,37,park,incongruent,❌,0.5489748361574112
13,38,bedroom,congruent,✅,0.5423956314566752
13,38,backyard,congruent,✅,0.5549585319150514
13,38,bedroom,incongruent,❌,0.5441223160758434
13,38,backyard,incongruent,✅,0.4897721896815253
13,39,solemnly,congruent,❌,0.3897399650268258
13,39,excitedly,congruent,✅,0.6121992128935179
13,39,solemnly,incongruent,❌,0.5253921724533962
13,39,excitedly,incongruent,✅,0.40521709658772836
13,4,menu,congruent,❌,0.403444469622947
13,4,prescription,congruent,❌,0.4331612533559744
13,4,menu,incongruent,✅,0.1057821593321295
13,4,prescription,incongruent,✅,0.2031346679505769
13,40,car,congruent,✅,0.5293372855508085
13,40,sock,congruent,❌,0.34878599580101166
13,40,car,incongruent,✅,0.25653935765004
13,40,sock,incongruent,❌,0.5305082380392919
13,41,overdressed,congruent,✅,0.835531473596123
13,41,naked,congruent,✅,0.6180060307694116
13,41,overdressed,incongruent,❌,0.6275461579838761
13,41,naked,incongruent,❌,0.8821043810347411
13,42,shy,congruent,❌,0.2814297089950518
13,42,lively,congruent,✅,0.7020830773890256
13,42,shy,incongruent,❌,0.6393079793294495
13,42,lively,incongruent,✅,0.25464027824548696
13,43,offended,congruent,❌,0.4529427560495428
13,43,flattered,congruent,❌,0.49395152894417627
13,43,offended,incongruent,❌,0.5556487349181608
13,43,flattered,incongruent,✅,0.3291888828680166
13,44,grandkid,congruent,✅,0.6238090312760171
13,44,cellmate,congruent,❌,0.15678009785591532
13,44,grandkid,incongruent,✅,0.1715579982220517
13,44,cellmate,incongruent,✅,0.43564496409076353
13,45,promoted,congruent,❌,0.37428094525312156
13,45,fired,congruent,❌,0.43173972190133897
13,45,promoted,incongruent,✅,0.47800483954859363
13,45,fired,incongruent,✅,0.4248961130350914
13,46,shooting,congruent,✅,0.5112038746985956
13,46,celebration,congruent,✅,0.5785950968486376
13,46,shooting,incongruent,✅,0.3857159256351755
13,46,celebration,incongruent,✅,0.40358839102885047
13,47,crayon,congruent,❌,0.3123113798468906
13,47,beer,congruent,✅,0.776738670120666
13,47,crayon,incongruent,✅,0.4418659228369773
13,47,beer,incongruent,✅,0.311440332187894
13,48,waiter,congruent,❌,0.41578988424321384
13,48,taxi,congruent,✅,0.5231614404940338
13,48,waiter,incongruent,✅,0.42501565396906404
13,48,taxi,incongruent,✅,0.3685060142627024
13,49,parents,congruent,❌,0.31554077002030273
13,49,keys,congruent,❌,0.2783688317203735
13,49,parents,incongruent,✅,0.23378825027349423
13,49,keys,incongruent,✅,0.20744443743167615
13,5,distress,congruent,✅,0.5843383791293998
13,5,tranquility,congruent,❌,0.41754927975980155
13,5,distress,incongruent,✅,0.32857842296638495
13,5,tranquility,incongruent,✅,0.45241905094038526
13,50,sofa,congruent,✅,0.7527133999940827
13,50,sky,congruent,✅,0.612102636146978
13,50,sofa,incongruent,✅,0.4731234722332952
13,50,sky,incongruent,✅,0.4515986052027875
13,51,obesity,congruent,✅,0.6659275736842132
13,51,homework,congruent,✅,0.8647864594151836
13,51,obesity,incongruent,❌,0.584616757527021
13,51,homework,incongruent,✅,0.44909500666976526
13,52,quiz,congruent,✅,0.8385398551159235
13,52,commute,congruent,✅,0.7998081431264019
13,52,quiz,incongruent,❌,0.7300906784023937
13,52,commute,incongruent,✅,0.2042477074670708
13,53,migraine,congruent,✅,0.8034704156643152
13,53,excitement,congruent,❌,0.4894608381066611
13,53,migraine,incongruent,✅,0.48793333169616476
13,53,excitement,incongruent,❌,0.6676945597958457
13,54,niece,congruent,✅,0.5048120485433856
13,54,husband,congruent,✅,0.5020208425297138
13,54,niece,incongruent,❌,0.5272940109298128
13,54,husband,incongruent,✅,0.3784513570921808
13,55,film,congruent,✅,0.7064076611438633
13,55,sunrise,congruent,✅,0.8054477101615994
13,55,film,incongruent,❌,0.6749913946652576
13,55,sunrise,incongruent,❌,0.5737401020849612
13,56,lecture,congruent,✅,0.7189620798413646
13,56,banquet,congruent,✅,0.8838188198679724
13,56,lecture,incongruent,❌,0.7930756290491255
13,56,banquet,incongruent,✅,0.20981462118189798
13,57,drink,congruent,✅,0.6804065210807607
13,57,textbook,congruent,✅,0.6950422565920396
13,57,drink,incongruent,✅,0.19091250804887028
13,57,textbook,incongruent,✅,0.412049833855445
13,58,pool,congruent,✅,0.5034082854425658
13,58,snow,congruent,❌,0.31950891517793445
13,58,pool,incongruent,✅,0.3384243996871501
13,58,snow,incongruent,✅,0.42668459075606263
13,59,passport,congruent,❌,0.4050844340066252
13,59,plushy,congruent,❌,0.4128320175089749
13,59,passport,incongruent,✅,0.36489796825728676
13,59,plushy,incongruent,✅,0.24916179202580085
13,6,patients,congruent,✅,0.9057682793320697
13,6,students,congruent,❌,0.31756192349510043
13,6,patients,incongruent,✅,0.21204288765552526
13,6,students,incongruent,✅,0.36121796607821494
13,60,sister,congruent,✅,0.5918459897772773
13,60,father,congruent,✅,0.6864417219034731
13,60,sister,incongruent,❌,0.6140913724224486
13,60,father,incongruent,❌,0.646801363488811
13,61,game,congruent,✅,0.8793756162119432
13,61,sunset,congruent,✅,0.76533051883687
13,61,game,incongruent,❌,0.624043843967562
13,61,sunset,incongruent,✅,0.053473321630976296
13,62,holidays,congruent,✅,0.7794196489153503
13,62,funeral,congruent,✅,0.9413223022002367
13,62,holidays,incongruent,❌,0.8607999898307224
13,62,funeral,incongruent,❌,0.7770243384913567
13,63,grades,congruent,❌,0.23102959692879635
13,63,affair,congruent,❌,0.31233053712249387
13,63,grades,incongruent,✅,0.2963924177711049
13,63,affair,incongruent,✅,0.11668102505307372
13,64,arrest,congruent,✅,0.8440325924738921
13,64,stroke,congruent,❌,0.4644423531441432
13,64,arrest,incongruent,❌,0.5103409620961814
13,64,stroke,incongruent,❌,0.6736599797802761
13,65,pacifier,congruent,❌,0.12764141784230934
13,65,coffee,congruent,✅,0.5452355007755365
13,65,pacifier,incongruent,✅,0.4827708709949159
13,65,coffee,incongruent,✅,0.09632169183402974
13,66,sweets,congruent,✅,0.645746708034137
13,66,sentencing,congruent,❌,0.1328914153414302
13,66,sweets,incongruent,✅,0.028677044014816765
13,66,sentencing,incongruent,✅,0.17762859297921033
13,67,nap,congruent,✅,0.5407881702993992
13,67,selfie,congruent,✅,0.785942635314671
13,67,nap,incongruent,❌,0.7727044924922183
13,67,selfie,incongruent,✅,0.40340072798976634
13,68,diaper,congruent,✅,0.6503116593737309
13,68,tire,congruent,✅,0.8126864741086208
13,68,diaper,incongruent,✅,0.47067406451080557
13,68,tire,incongruent,✅,0.4965127274362644
13,69,chemotherapy,congruent,✅,0.8329917193677727
13,69,golf,congruent,✅,0.7046000556981384
13,69,chemotherapy,incongruent,✅,0.29897603318658633
13,69,golf,incongruent,❌,0.5152622832806015
13,7,consensus,congruent,❌,0.2626686093310771
13,7,deadlock,congruent,❌,0.1777498919434865
13,7,consensus,incongruent,✅,0.1468421699591945
13,7,deadlock,incongruent,✅,0.3090935594239624
13,70,thunder,congruent,❌,0.21589750581920086
13,70,lullaby,congruent,❌,0.36797896049452933
13,70,thunder,incongruent,✅,0.38637829783113903
13,70,lullaby,incongruent,✅,0.11236086781039775
13,71,pajamas,congruent,✅,0.7409729196654724
13,71,uniform,congruent,✅,0.7598160760570031
13,71,pajamas,incongruent,❌,0.5458344592677675
13,71,uniform,incongruent,❌,0.6019932521271314
13,72,gown,congruent,✅,0.5440432289689687
13,72,sweats,congruent,❌,0.23565187158800532
13,72,gown,incongruent,✅,0.24763724253177902
13,72,sweats,incongruent,✅,0.4051184558314643
13,73,deadline,congruent,❌,0.3507719112804703
13,73,bed,congruent,❌,0.46226836186739734
13,73,deadline,incongruent,✅,0.13935889624982226
13,73,bed,incongruent,✅,0.22287973282415946
13,74,kindergarten,congruent,✅,0.8932810482075924
13,74,jail,congruent,✅,0.7356686699500916
13,74,kindergarten,incongruent,❌,0.7647890671153713
13,74,jail,incongruent,❌,0.8264679530779995
13,75,interrogated,congruent,✅,0.5600883006679431
13,75,tickled,congruent,✅,0.6376537926586151
13,75,interrogated,incongruent,❌,0.6175565177409876
13,75,tickled,incongruent,✅,0.3831068530064
13,76,sandcastle,congruent,✅,0.5010172955199163
13,76,snowman,congruent,❌,0.39851236602552653
13,76,sandcastle,incongruent,✅,0.4113767990829986
13,76,snowman,incongruent,✅,0.49211307190976566
13,77,music,congruent,✅,0.7892972683518653
13,77,pizza,congruent,✅,0.9613867758203413
13,77,music,incongruent,❌,0.840325939599326
13,77,pizza,incongruent,✅,0.45359828080574677
13,78,playoffs,congruent,✅,0.5920863602463574
13,78,cartoon,congruent,✅,0.8007020712194435
13,78,playoffs,incongruent,❌,0.6361437078792553
13,78,cartoon,incongruent,✅,0.30803125344141347
13,79,alcoholism,congruent,✅,0.6600563398377981
13,79,academics,congruent,❌,0.3042217234919787
13,79,alcoholism,incongruent,✅,0.03192789198272679
13,79,academics,incongruent,❌,0.6968349447726967
13,8,engagement,congruent,✅,0.6312791184574921
13,8,cancer,congruent,❌,0.22449416215889953
13,8,engagement,incongruent,✅,0.08637635562265267
13,8,cancer,incongruent,❌,0.5871253837885382
13,9,terminal,congruent,✅,0.6185363040696535
13,9,classroom,congruent,✅,0.7048724984634251
13,9,terminal,incongruent,❌,0.5749239135993285
13,9,classroom,incongruent,❌,0.5207402437084052
14,0,library,congruent,✅,0.9399964141260664
14,0,refrigerator,congruent,❌,0.14722657584312027
14,0,library,incongruent,✅,0.13618776533919133
14,0,refrigerator,incongruent,✅,0.030693458557179653
14,1,disappointment,congruent,❌,0.27686264025041507
14,1,delight,congruent,❌,0.28314087134375315
14,1,disappointment,incongruent,✅,0.03934538561656316
14,1,delight,incongruent,✅,0.34295374209679824
14,10,cash,congruent,✅,0.6150779384102351
14,10,groceries,congruent,❌,0.453122011050459
14,10,cash,incongruent,❌,0.5271586298560029
14,10,groceries,incongruent,✅,0.08789158828249535
14,11,lonely,congruent,❌,0.19456851449854656
14,11,confident,congruent,✅,0.8865250104891801
14,11,lonely,incongruent,❌,0.6836859783383759
14,11,confident,incongruent,✅,0.0737835229363088
14,12,joy,congruent,✅,0.9901297466652556
14,12,outrage,congruent,✅,0.7448799260168013
14,12,joy,incongruent,❌,0.5919271796533222
14,12,outrage,incongruent,❌,0.88358550518908
14,13,traffic,congruent,✅,0.9304621603380795
14,13,snowstorm,congruent,✅,0.8887018431151432
14,13,traffic,incongruent,✅,0.3387085978936034
14,13,snowstorm,incongruent,❌,0.8088746614962519
14,14,laughter,congruent,✅,0.9551920592407839
14,14,frustration,congruent,✅,0.7341575756078484
14,14,laughter,incongruent,✅,0.4034560312099458
14,14,frustration,incongruent,❌,0.8537581307420268
14,15,calculator,congruent,✅,0.9168540227165056
14,15,instrument,congruent,✅,0.5384219819383624
14,15,calculator,incongruent,✅,0.23391348253318892
14,15,instrument,incongruent,✅,0.28035661882663315
14,16,orchestra,congruent,✅,0.9592795339518801
14,16,racers,congruent,✅,0.9995321317189781
14,16,orchestra,incongruent,✅,0.4557683069694037
14,16,racers,incongruent,❌,0.6488217969841252
14,17,retirement,congruent,✅,0.8468235718036767
14,17,playdate,congruent,✅,0.889208100698928
14,17,retirement,incongruent,❌,0.6327467470868567
14,17,playdate,incongruent,✅,0.04779100034103762
14,18,relieved,congruent,❌,0.1548863230664285
14,18,depressed,congruent,❌,0.3322145126313799
14,18,relieved,incongruent,✅,0.4902402611681148
14,18,depressed,incongruent,✅,0.13923144829677378
14,19,friends,congruent,❌,0.1786475896161675
14,19,weight,congruent,✅,0.5516931886999518
14,19,friends,incongruent,✅,0.2396225430542903
14,19,weight,incongruent,✅,0.22102890690946597
14,2,overcoat,congruent,❌,0.25815054331385734
14,2,sandals,congruent,❌,0.1934442789004376
14,2,overcoat,incongruent,✅,0.11965668908188423
14,2,sandals,incongruent,✅,0.02287508035939906
14,20,lipstick,congruent,✅,0.8137918419497362
14,20,song,congruent,✅,0.857382017981013
14,20,lipstick,incongruent,✅,0.07109589864300613
14,20,song,incongruent,✅,0.13429807809563302
14,21,fought,congruent,❌,0.04640397588398478
14,21,sang,congruent,❌,0.08207614150976508
14,21,fought,incongruent,✅,0.04131022840753895
14,21,sang,incongruent,✅,0.021252156934081175
14,22,skeptical,congruent,❌,0.09194353550460654
14,22,reassured,congruent,❌,0.31079921261597643
14,22,skeptical,incongruent,✅,0.18786395350364013
14,22,reassured,incongruent,✅,0.13746188933432754
14,23,graduation,congruent,✅,0.9981362345822777
14,23,operation,congruent,✅,0.9179098784143577
14,23,graduation,incongruent,✅,0.06742591158676088
14,23,operation,incongruent,✅,0.053109617659360515
14,24,bride,congruent,✅,0.8855371947349282
14,24,aftermath,congruent,✅,0.8054488204267309
14,24,bride,incongruent,✅,0.3106790265139286
14,24,aftermath,incongruent,✅,0.03495614702493394
14,25,teacher,congruent,✅,0.8008411378826145
14,25,daughter,congruent,✅,0.9534015477468311
14,25,teacher,incongruent,✅,0.13868431843735787
14,25,daughter,incongruent,✅,0.3301746106374242
14,26,roommate,congruent,✅,0.7006902718152722
14,26,grandma,congruent,✅,0.9363797889998573
14,26,roommate,incongruent,✅,0.1853790316764245
14,26,grandma,incongruent,✅,0.24849369564397084
14,27,brother,congruent,❌,0.41091608927519596
14,27,mother,congruent,❌,0.3029713733428202
14,27,brother,incongruent,❌,0.6343766964115214
14,27,mother,incongruent,✅,0.1639803887506345
14,28,preschool,congruent,✅,0.8262105950911421
14,28,prison,congruent,❌,0.4723726821453157
14,28,preschool,incongruent,✅,0.02118367344016642
14,28,prison,incongruent,✅,0.0008314074010977543
14,29,hopeful,congruent,❌,0.2902545033042573
14,29,hopeless,congruent,✅,0.9366477648911712
14,29,hopeful,incongruent,❌,0.6099078661989932
14,29,hopeless,incongruent,❌,0.6957630487893058
14,3,marathon,congruent,✅,0.9943886231562166
14,3,exam,congruent,✅,0.5079743189338793
14,3,marathon,incongruent,✅,0.0648547667015833
14,3,exam,incongruent,✅,0.052354472055847166
14,30,appalled,congruent,❌,0.1876136693447347
14,30,overjoyed,congruent,❌,0.11037354258816524
14,30,appalled,incongruent,✅,0.11219735436388677
14,30,overjoyed,incongruent,✅,0.06288762813299445
14,31,reprimand,congruent,✅,0.8069755822243554
14,31,encouragement,congruent,✅,0.5542505637655786
14,31,reprimand,incongruent,❌,0.5757717320837575
14,31,encouragement,incongruent,❌,0.5699030716017763
14,32,angrily,congruent,✅,0.9122236234663997
14,32,cordially,congruent,❌,0.4010955820444474
14,32,angrily,incongruent,✅,0.2983211278564934
14,32,cordially,incongruent,✅,0.4525239860824755
14,33,accusatory,congruent,✅,0.7464350757723877
14,33,flirtatious,congruent,❌,0.15910933090981427
14,33,accusatory,incongruent,✅,0.15927304136750556
14,33,flirtatious,incongruent,✅,0.27154243914064835
14,34,disapprovingly,congruent,❌,0.4914238340711546
14,34,lovingly,congruent,❌,0.2533008385345815
14,34,disapprovingly,incongruent,✅,0.2444194017888374
14,34,lovingly,incongruent,✅,0.4060443969677721
14,35,playful,congruent,❌,0.39922039123666764
14,35,distant,congruent,❌,0.4692524411071541
14,35,playful,incongruent,❌,0.5128759591782748
14,35,distant,incongruent,✅,0.10994999837969119
14,36,headphones,congruent,✅,0.7770673375847671
14,36,mangoes,congruent,✅,0.8871432386184338
14,36,headphones,incongruent,✅,0.43746970306026967
14,36,mangoes,incongruent,❌,0.6097520446534842
14,37,playroom,congruent,✅,0.9574879790816601
14,37,park,congruent,✅,0.9889653348705437
14,37,playroom,incongruent,❌,0.8654417403132351
14,37,park,incongruent,❌,0.9202151252705375
14,38,bedroom,congruent,✅,0.9383637347429604
14,38,backyard,congruent,❌,0.40297885552723395
14,38,bedroom,incongruent,✅,0.056275712053968974
14,38,backyard,incongruent,✅,0.11958214697373723
14,39,solemnly,congruent,✅,0.6069214051916083
14,39,excitedly,congruent,❌,0.4812014824894435
14,39,solemnly,incongruent,✅,0.42168118445199543
14,39,excitedly,incongruent,✅,0.41250373663259104
14,4,menu,congruent,✅,0.9605283800495825
14,4,prescription,congruent,✅,0.9294659247793786
14,4,menu,incongruent,✅,0.023947035014507144
14,4,prescription,incongruent,✅,0.06288269047549082
14,40,car,congruent,✅,0.719107140757992
14,40,sock,congruent,✅,0.6953291596002023
14,40,car,incongruent,✅,0.10303229689571272
14,40,sock,incongruent,✅,0.0028721982281285996
14,41,overdressed,congruent,✅,0.9458901466819206
14,41,naked,congruent,✅,0.9617424184370278
14,41,overdressed,incongruent,❌,0.8894028036712711
14,41,naked,incongruent,❌,0.87144145265098
14,42,shy,congruent,✅,0.6195009700120582
14,42,lively,congruent,✅,0.9777528347307529
14,42,shy,incongruent,❌,0.8964028364603701
14,42,lively,incongruent,❌,0.7068063414465093
14,43,offended,congruent,✅,0.7567185391359672
14,43,flattered,congruent,✅,0.6071685589448002
14,43,offended,incongruent,❌,0.6561087556868299
14,43,flattered,incongruent,❌,0.5293887105015965
14,44,grandkid,congruent,✅,0.9258037445533642
14,44,cellmate,congruent,❌,0.4081668416757983
14,44,grandkid,incongruent,✅,0.21776795513776215
14,44,cellmate,incongruent,✅,0.10228858470652878
14,45,promoted,congruent,❌,0.10943723403209495
14,45,fired,congruent,❌,0.1387762001752934
14,45,promoted,incongruent,✅,0.10141782126868991
14,45,fired,incongruent,✅,0.11384461759107302
14,46,shooting,congruent,❌,0.27367388838044154
14,46,celebration,congruent,✅,0.5208055697936399
14,46,shooting,incongruent,✅,0.0607979350666004
14,46,celebration,incongruent,✅,0.1384520153442848
14,47,crayon,congruent,✅,0.9360160108854794
14,47,beer,congruent,✅,0.929768774509182
14,47,crayon,incongruent,✅,0.002156974802171647
14,47,beer,incongruent,✅,0.11856248358485112
14,48,waiter,congruent,✅,0.5696314219673291
14,48,taxi,congruent,✅,0.7458363157312025
14,48,waiter,incongruent,✅,0.2075190705139619
14,48,taxi,incongruent,✅,0.15614811515328542
14,49,parents,congruent,✅,0.9892348470535379
14,49,keys,congruent,✅,0.7260098052970512
14,49,parents,incongruent,✅,0.06956499690060507
14,49,keys,incongruent,✅,0.2409094198000629
14,5,distress,congruent,✅,0.6908672605528466
14,5,tranquility,congruent,❌,0.44425635259303337
14,5,distress,incongruent,✅,0.18932937712975792
14,5,tranquility,incongruent,✅,0.3327946589233103
14,50,sofa,congruent,✅,0.9805650680807139
14,50,sky,congruent,✅,0.9131336643946555
14,50,sofa,incongruent,✅,0.07729684479949417
14,50,sky,incongruent,✅,0.10401377237241814
14,51,obesity,congruent,❌,0.4023031551378916
14,51,homework,congruent,✅,0.9957076090673067
14,51,obesity,incongruent,❌,0.7144206990462614
14,51,homework,incongruent,✅,0.1480820662737803
14,52,quiz,congruent,✅,0.8758462798895124
14,52,commute,congruent,✅,0.997949817752819
14,52,quiz,incongruent,❌,0.5463581917345355
14,52,commute,incongruent,✅,0.006413364011000946
14,53,migraine,congruent,✅,0.8409060178895245
14,53,excitement,congruent,✅,0.6626685503795013
14,53,migraine,incongruent,✅,0.45952611370757096
14,53,excitement,incongruent,✅,0.23265462654098487
14,54,niece,congruent,✅,0.6069418846465555
14,54,husband,congruent,✅,0.6712143171688889
14,54,niece,incongruent,❌,0.9900135894481967
14,54,husband,incongruent,✅,0.1021022990066604
14,55,film,congruent,❌,0.22612819989491742
14,55,sunrise,congruent,✅,0.963612780525525
14,55,film,incongruent,✅,0.35179909327804965
14,55,sunrise,incongruent,✅,0.08803025751989672
14,56,lecture,congruent,✅,0.9920900903480964
14,56,banquet,congruent,✅,0.9492490637795132
14,56,lecture,incongruent,✅,0.022919908574584997
14,56,banquet,incongruent,✅,0.20400187010627066
14,57,drink,congruent,✅,0.9214078311257287
14,57,textbook,congruent,✅,0.8509276730531806
14,57,drink,incongruent,✅,0.05797690167451293
14,57,textbook,incongruent,✅,0.09744281833028656
14,58,pool,congruent,✅,0.7700622063966499
14,58,snow,congruent,✅,0.5848883029411852
14,58,pool,incongruent,✅,0.31523779266368396
14,58,snow,incongruent,✅,0.02092385093766764
14,59,passport,congruent,✅,0.9887270935183763
14,59,plushy,congruent,✅,0.8812719340699785
14,59,passport,incongruent,✅,0.05145994861832509
14,59,plushy,incongruent,✅,0.01603274261977167
14,6,patients,congruent,✅,0.9978733477657253
14,6,students,congruent,✅,0.8624312920851939
14,6,patients,incongruent,✅,0.01995995263366771
14,6,students,incongruent,✅,0.03070107443085253
14,60,sister,congruent,✅,0.7357707312909204
14,60,father,congruent,✅,0.535293572986831
14,60,sister,incongruent,✅,0.04382992114777722
14,60,father,incongruent,❌,0.8039214893577348
14,61,game,congruent,✅,0.9666868709978395
14,61,sunset,congruent,✅,0.995302478429779
14,61,game,incongruent,❌,0.732238776030624
14,61,sunset,incongruent,✅,0.03188223651306927
14,62,holidays,congruent,✅,0.9558363037736766
14,62,funeral,congruent,✅,0.8781508679814359
14,62,holidays,incongruent,✅,0.11464294702721745
14,62,funeral,incongruent,✅,0.49184442251596144
14,63,grades,congruent,❌,0.36316128886827986
14,63,affair,congruent,✅,0.8889058132321318
14,63,grades,incongruent,❌,0.5870341644415928
14,63,affair,incongruent,✅,0.07560772976899514
14,64,arrest,congruent,✅,0.9811968226889973
14,64,stroke,congruent,❌,0.10124595066957956
14,64,arrest,incongruent,✅,0.25162439177423745
14,64,stroke,incongruent,❌,0.6039796578132334
14,65,pacifier,congruent,❌,0.412582424502657
14,65,coffee,congruent,✅,0.9669029276399861
14,65,pacifier,incongruent,✅,0.012322615013908328
14,65,coffee,incongruent,✅,0.13591322427900163
14,66,sweets,congruent,✅,0.9961732869087545
14,66,sentencing,congruent,❌,0.1374576591843821
14,66,sweets,incongruent,✅,0.012952706323382435
14,66,sentencing,incongruent,✅,0.07163109414364202
14,67,nap,congruent,✅,0.9916923324215917
14,67,selfie,congruent,✅,0.5730952718068116
14,67,nap,incongruent,✅,0.043278131833287894
14,67,selfie,incongruent,✅,0.06601457414505618
14,68,diaper,congruent,✅,0.9715065968539996
14,68,tire,congruent,✅,0.999212975698377
14,68,diaper,incongruent,✅,0.05219513557615908
14,68,tire,incongruent,✅,0.11794743538967975
14,69,chemotherapy,congruent,✅,0.8572949307340386
14,69,golf,congruent,✅,0.999888755703969
14,69,chemotherapy,incongruent,✅,0.014034705768681268
14,69,golf,incongruent,✅,0.09136680081791099
14,7,consensus,congruent,✅,0.6449059342100897
14,7,deadlock,congruent,❌,0.18981423808458955
14,7,consensus,incongruent,✅,0.12396374229757288
14,7,deadlock,incongruent,❌,0.5993166477508544
14,70,thunder,congruent,✅,0.9945012630544177
14,70,lullaby,congruent,✅,0.9860324894397452
14,70,thunder,incongruent,✅,0.29739342202991637
14,70,lullaby,incongruent,✅,0.030741266290087443
14,71,pajamas,congruent,✅,0.6518695686247039
14,71,uniform,congruent,✅,0.9678650042288245
14,71,pajamas,incongruent,❌,0.5417569228660113
14,71,uniform,incongruent,✅,0.03627691112151315
14,72,gown,congruent,✅,0.992947022922982
14,72,sweats,congruent,✅,0.6848573093318746
14,72,gown,incongruent,✅,0.20158306929449857
14,72,sweats,incongruent,❌,0.6694629218145679
14,73,deadline,congruent,❌,0.05927194738467621
14,73,bed,congruent,✅,0.9952850870059379
14,73,deadline,incongruent,✅,0.001467016880116931
14,73,bed,incongruent,✅,0.012270608699210653
14,74,kindergarten,congruent,✅,0.8853767668447767
14,74,jail,congruent,✅,0.5385262375208785
14,74,kindergarten,incongruent,✅,0.03853294518802569
14,74,jail,incongruent,✅,0.047516954593455875
14,75,interrogated,congruent,✅,0.959241050711996
14,75,tickled,congruent,✅,0.55644199320631
14,75,interrogated,incongruent,✅,0.17456298844805568
14,75,tickled,incongruent,❌,0.6475125680416017
14,76,sandcastle,congruent,❌,0.3736008036299131
14,76,snowman,congruent,✅,0.9899716817611045
14,76,sandcastle,incongruent,✅,0.14814322497682833
14,76,snowman,incongruent,✅,0.25080007958454476
14,77,music,congruent,✅,0.9994836873529133
14,77,pizza,congruent,✅,0.9966978608781167
14,77,music,incongruent,✅,0.05267018395458827
14,77,pizza,incongruent,✅,0.004049817771444528
14,78,playoffs,congruent,✅,0.5354348817779417
14,78,cartoon,congruent,✅,0.9039839021761772
14,78,playoffs,incongruent,✅,0.05408709886250883
14,78,cartoon,incongruent,✅,0.01493707585444607
14,79,alcoholism,congruent,✅,0.9961835808164785
14,79,academics,congruent,✅,0.9174944282130076
14,79,alcoholism,incongruent,✅,0.13806864798768217
14,79,academics,incongruent,✅,0.44497343447428134
14,8,engagement,congruent,❌,0.3790712451073958
14,8,cancer,congruent,❌,0.24486152597276573
14,8,engagement,incongruent,✅,0.09245062496596972
14,8,cancer,incongruent,✅,0.4918156536915128
14,9,terminal,congruent,✅,0.8864225936326978
14,9,classroom,congruent,❌,0.04805992258429516
14,9,terminal,incongruent,✅,0.020982755220249023
14,9,classroom,incongruent,✅,0.3537366404493069
15,0,library,congruent,✅,0.8296761924626678
15,0,refrigerator,congruent,✅,0.7109796323624413
15,0,library,incongruent,✅,0.41358698485152634
15,0,refrigerator,incongruent,✅,0.010177989554250855
15,1,disappointment,congruent,✅,0.6309248009202525
15,1,delight,congruent,❌,0.2898396016925023
15,1,disappointment,incongruent,✅,0.05018327416136441
15,1,delight,incongruent,❌,0.599713527551519
15,10,cash,congruent,❌,0.4251452163940245
15,10,groceries,congruent,❌,0.24825515099251616
15,10,cash,incongruent,✅,0.4501640383425916
15,10,groceries,incongruent,✅,0.043014100859837714
15,11,lonely,congruent,❌,0.4748975913286313
15,11,confident,congruent,✅,0.8922999660580598
15,11,lonely,incongruent,❌,0.5549563817938185
15,11,confident,incongruent,✅,0.09637263804863744
15,12,joy,congruent,✅,0.9892008933118477
15,12,outrage,congruent,✅,0.9124795695265512
15,12,joy,incongruent,❌,0.7606297770271723
15,12,outrage,incongruent,❌,0.9063957913418671
15,13,traffic,congruent,✅,0.9961755015204864
15,13,snowstorm,congruent,✅,0.9866587688293696
15,13,traffic,incongruent,❌,0.6254884620471826
15,13,snowstorm,incongruent,❌,0.994896236686582
15,14,laughter,congruent,✅,0.9927727045000289
15,14,frustration,congruent,✅,0.540607423938728
15,14,laughter,incongruent,✅,0.1548475049168227
15,14,frustration,incongruent,❌,0.9258660384413123
15,15,calculator,congruent,✅,0.9373291680165245
15,15,instrument,congruent,❌,0.4795943171420174
15,15,calculator,incongruent,✅,0.2182598495850974
15,15,instrument,incongruent,✅,0.4092633342519658
15,16,orchestra,congruent,✅,0.976703631255692
15,16,racers,congruent,✅,0.9800021930361699
15,16,orchestra,incongruent,✅,0.29690497317456943
15,16,racers,incongruent,❌,0.8473527740071833
15,17,retirement,congruent,✅,0.6166478171307979
15,17,playdate,congruent,❌,0.42006930061481695
15,17,retirement,incongruent,✅,0.06657283089862878
15,17,playdate,incongruent,✅,0.027738413787441244
15,18,relieved,congruent,❌,0.13407290152295748
15,18,depressed,congruent,❌,0.09683194598093933
15,18,relieved,incongruent,✅,0.16380845037517744
15,18,depressed,incongruent,✅,0.15591150362715628
15,19,friends,congruent,❌,0.22947731504581131
15,19,weight,congruent,✅,0.7655836905404694
15,19,friends,incongruent,✅,0.438413957380626
15,19,weight,incongruent,✅,0.23230175942414458
15,2,overcoat,congruent,❌,0.2658398235029525
15,2,sandals,congruent,✅,0.6777694421197055
15,2,overcoat,incongruent,✅,0.35372058401794404
15,2,sandals,incongruent,✅,0.0457823838917524
15,20,lipstick,congruent,✅,0.9397838948367119
15,20,song,congruent,✅,0.928358633282709
15,20,lipstick,incongruent,✅,0.10267611004172206
15,20,song,incongruent,✅,0.41799758046880736
15,21,fought,congruent,❌,0.10061331192530534
15,21,sang,congruent,❌,0.11473341117152583
15,21,fought,incongruent,✅,0.03861182719429585
15,21,sang,incongruent,✅,0.07033913350196411
15,22,skeptical,congruent,❌,0.004068969720775003
15,22,reassured,congruent,❌,0.2597469665048284
15,22,skeptical,incongruent,✅,0.15037268090839623
15,22,reassured,incongruent,✅,0.006445275100130871
15,23,graduation,congruent,✅,0.9977249498479217
15,23,operation,congruent,✅,0.9603107988057673
15,23,graduation,incongruent,✅,0.09303073160116541
15,23,operation,incongruent,✅,0.09989006994628782
15,24,bride,congruent,✅,0.9913739547700086
15,24,aftermath,congruent,✅,0.9401381538592222
15,24,bride,incongruent,✅,0.21712650885407003
15,24,aftermath,incongruent,✅,0.008167712623193326
15,25,teacher,congruent,✅,0.8903551239295485
15,25,daughter,congruent,✅,0.9158433526785349
15,25,teacher,incongruent,✅,0.12503818487915205
15,25,daughter,incongruent,✅,0.2473298448206469
15,26,roommate,congruent,❌,0.31585230248471513
15,26,grandma,congruent,✅,0.9687910442503912
15,26,roommate,incongruent,✅,0.1989699286669821
15,26,grandma,incongruent,✅,0.05387899969478224
15,27,brother,congruent,❌,0.4783222972010125
15,27,mother,congruent,❌,0.31413125958926313
15,27,brother,incongruent,✅,0.34414640929542784
15,27,mother,incongruent,✅,0.16184430499410798
15,28,preschool,congruent,✅,0.7791271563473152
15,28,prison,congruent,❌,0.1606184979343844
15,28,preschool,incongruent,✅,0.013234959549970633
15,28,prison,incongruent,✅,0.0032276731181496124
15,29,hopeful,congruent,❌,0.43266547475007167
15,29,hopeless,congruent,✅,0.82371190713802
15,29,hopeful,incongruent,✅,0.2911364564152679
15,29,hopeless,incongruent,❌,0.7314711145306358
15,3,marathon,congruent,✅,0.9829063256773389
15,3,exam,congruent,✅,0.642670827208559
15,3,marathon,incongruent,✅,0.08478740455015504
15,3,exam,incongruent,✅,0.07429869585688478
15,30,appalled,congruent,❌,0.28328986260887523
15,30,overjoyed,congruent,❌,0.31537694280547934
15,30,appalled,incongruent,✅,0.22886446515448527
15,30,overjoyed,incongruent,✅,0.08993522752686225
15,31,reprimand,congruent,✅,0.9601567600253331
15,31,encouragement,congruent,✅,0.6760539604686819
15,31,reprimand,incongruent,❌,0.7205081359411043
15,31,encouragement,incongruent,❌,0.7121590252675748
15,32,angrily,congruent,✅,0.8119216483658485
15,32,cordially,congruent,❌,0.20375140687200294
15,32,angrily,incongruent,✅,0.11234558908759416
15,32,cordially,incongruent,✅,0.33574891492194553
15,33,accusatory,congruent,✅,0.8537809512180888
15,33,flirtatious,congruent,✅,0.5961037464256829
15,33,accusatory,incongruent,✅,0.4977110587645281
15,33,flirtatious,incongruent,✅,0.379447096761959
15,34,disapprovingly,congruent,✅,0.5303224439091729
15,34,lovingly,congruent,❌,0.10108057110231924
15,34,disapprovingly,incongruent,✅,0.07532743508949592
15,34,lovingly,incongruent,✅,0.34190768438110913
15,35,playful,congruent,✅,0.5091169452686708
15,35,distant,congruent,❌,0.3162783520771645
15,35,playful,incongruent,✅,0.2765061379423047
15,35,distant,incongruent,✅,0.22573390311527378
15,36,headphones,congruent,✅,0.595082795918385
15,36,mangoes,congruent,✅,0.9741094698604496
15,36,headphones,incongruent,✅,0.3817460870437222
15,36,mangoes,incongruent,✅,0.3101157893031436
15,37,playroom,congruent,✅,0.9900332316319999
15,37,park,congruent,✅,0.9922809382550893
15,37,playroom,incongruent,❌,0.8248205263009841
15,37,park,incongruent,❌,0.9857787896862192
15,38,bedroom,congruent,✅,0.7172856661817907
15,38,backyard,congruent,✅,0.8397399491751663
15,38,bedroom,incongruent,✅,0.2272721983584456
15,38,backyard,incongruent,✅,0.040663528304663785
15,39,solemnly,congruent,✅,0.8554112684488899
15,39,excitedly,congruent,✅,0.7424992855123708
15,39,solemnly,incongruent,❌,0.5248664519921006
15,39,excitedly,incongruent,❌,0.766083432812308
15,4,menu,congruent,✅,0.7901323817352013
15,4,prescription,congruent,✅,0.9070308631834365
15,4,menu,incongruent,✅,0.017198766506227533
15,4,prescription,incongruent,✅,0.11537772790147803
15,40,car,congruent,❌,0.352044418523645
15,40,sock,congruent,✅,0.5165672662950279
15,40,car,incongruent,✅,0.1630945635923954
15,40,sock,incongruent,✅,0.00995468869628886
15,41,overdressed,congruent,✅,0.7872883842388168
15,41,naked,congruent,✅,0.9819639742477503
15,41,overdressed,incongruent,❌,0.9581070822716554
15,41,naked,incongruent,❌,0.6508190836688449
15,42,shy,congruent,✅,0.9041935781893211
15,42,lively,congruent,✅,0.9285818128428877
15,42,shy,incongruent,❌,0.8397627938663873
15,42,lively,incongruent,❌,0.8972728747886817
15,43,offended,congruent,✅,0.5954472806863982
15,43,flattered,congruent,✅,0.7220750203050792
15,43,offended,incongruent,❌,0.7849739065702155
15,43,flattered,incongruent,✅,0.398285609158674
15,44,grandkid,congruent,✅,0.8687597445125891
15,44,cellmate,congruent,✅,0.8812904735541638
15,44,grandkid,incongruent,❌,0.6135432633680097
15,44,cellmate,incongruent,✅,0.1271314292151982
15,45,promoted,congruent,❌,0.38264135932972015
15,45,fired,congruent,✅,0.5656067541576644
15,45,promoted,incongruent,✅,0.26450449907970464
15,45,fired,incongruent,❌,0.6413862113467319
15,46,shooting,congruent,❌,0.2058708368924932
15,46,celebration,congruent,✅,0.5336877927776683
15,46,shooting,incongruent,✅,0.11029477987256485
15,46,celebration,incongruent,✅,0.12004314738987065
15,47,crayon,congruent,✅,0.8671472794286202
15,47,beer,congruent,✅,0.9843193507829705
15,47,crayon,incongruent,✅,0.0021792275866179887
15,47,beer,incongruent,✅,0.0482971458436897
15,48,waiter,congruent,✅,0.8306829873541199
15,48,taxi,congruent,✅,0.5000403151539188
15,48,waiter,incongruent,✅,0.08935037894199205
15,48,taxi,incongruent,✅,0.32176442596910815
15,49,parents,congruent,✅,0.9856228584210417
15,49,keys,congruent,❌,0.3373238390596246
15,49,parents,incongruent,✅,0.03135074406716316
15,49,keys,incongruent,❌,0.5778792626312236
15,5,distress,congruent,❌,0.4584952178785322
15,5,tranquility,congruent,❌,0.3319793975288851
15,5,distress,incongruent,✅,0.1282316374408749
15,5,tranquility,incongruent,✅,0.17450812095527654
15,50,sofa,congruent,✅,0.9939889611097743
15,50,sky,congruent,✅,0.9626653598683187
15,50,sofa,incongruent,✅,0.3888372397880739
15,50,sky,incongruent,✅,0.12753670828973002
15,51,obesity,congruent,❌,0.14641219273048398
15,51,homework,congruent,✅,0.9874362592551142
15,51,obesity,incongruent,✅,0.2713759517458847
15,51,homework,incongruent,✅,0.037138605479832956
15,52,quiz,congruent,✅,0.8537841398932912
15,52,commute,congruent,✅,0.9769059972971432
15,52,quiz,incongruent,✅,0.24261845575474172
15,52,commute,incongruent,✅,0.005727323502257513
15,53,migraine,congruent,✅,0.8072658762372185
15,53,excitement,congruent,❌,0.49139596963439236
15,53,migraine,incongruent,✅,0.15563038279917865
15,53,excitement,incongruent,✅,0.24650901453104312
15,54,niece,congruent,✅,0.7509765642112789
15,54,husband,congruent,✅,0.9284863778987716
15,54,niece,incongruent,❌,0.9959140554403937
15,54,husband,incongruent,✅,0.058553552709647017
15,55,film,congruent,❌,0.48356332203606595
15,55,sunrise,congruent,✅,0.9820408511745743
15,55,film,incongruent,✅,0.3537695922116243
15,55,sunrise,incongruent,✅,0.19385625303274395
15,56,lecture,congruent,✅,0.9711120596027025
15,56,banquet,congruent,✅,0.6789256372105982
15,56,lecture,incongruent,✅,0.014475317776858839
15,56,banquet,incongruent,✅,0.09666600036601625
15,57,drink,congruent,✅,0.9677181440757199
15,57,textbook,congruent,✅,0.9517458537679431
15,57,drink,incongruent,✅,0.0218542811904797
15,57,textbook,incongruent,✅,0.14278331284474988
15,58,pool,congruent,✅,0.7888320481406215
15,58,snow,congruent,❌,0.14748604019934533
15,58,pool,incongruent,✅,0.07983139249912402
15,58,snow,incongruent,✅,0.058639968383594206
15,59,passport,congruent,✅,0.9757140860843786
15,59,plushy,congruent,✅,0.9731463785742616
15,59,passport,incongruent,✅,0.04383016925016498
15,59,plushy,incongruent,✅,0.012681340661871487
15,6,patients,congruent,✅,0.9911729834681101
15,6,students,congruent,✅,0.9366628353120647
15,6,patients,incongruent,✅,0.06558836978050517
15,6,students,incongruent,✅,0.012711883215913584
15,60,sister,congruent,✅,0.716076216859168
15,60,father,congruent,❌,0.32932544214911996
15,60,sister,incongruent,✅,0.010420625530634501
15,60,father,incongruent,❌,0.7836159706826862
15,61,game,congruent,✅,0.9921077712818321
15,61,sunset,congruent,✅,0.9978208064938632
15,61,game,incongruent,❌,0.8388019286204583
15,61,sunset,incongruent,✅,0.04904542910332952
15,62,holidays,congruent,✅,0.9757466135672755
15,62,funeral,congruent,✅,0.9375328807324492
15,62,holidays,incongruent,✅,0.3089775884506064
15,62,funeral,incongruent,❌,0.6774329080230131
15,63,grades,congruent,✅,0.5946633795762558
15,63,affair,congruent,❌,0.4961857259107757
15,63,grades,incongruent,✅,0.29920816978803627
15,63,affair,incongruent,✅,0.09796853547010395
15,64,arrest,congruent,✅,0.9727346816034553
15,64,stroke,congruent,❌,0.23375298825589297
15,64,arrest,incongruent,✅,0.24086918302420104
15,64,stroke,incongruent,❌,0.7022046425532025
15,65,pacifier,congruent,✅,0.654957136320614
15,65,coffee,congruent,✅,0.906496178847901
15,65,pacifier,incongruent,✅,0.015525005236594313
15,65,coffee,incongruent,✅,0.05578232031402747
15,66,sweets,congruent,✅,0.9790101793906935
15,66,sentencing,congruent,❌,0.034145147980140574
15,66,sweets,incongruent,✅,0.0028930727766036946
15,66,sentencing,incongruent,✅,0.018403669211922685
15,67,nap,congruent,✅,0.9837835180219725
15,67,selfie,congruent,✅,0.7973060130548266
15,67,nap,incongruent,✅,0.10040086858564208
15,67,selfie,incongruent,✅,0.0405535763603989
15,68,diaper,congruent,✅,0.9844028272824281
15,68,tire,congruent,✅,0.9964885615485696
15,68,diaper,incongruent,✅,0.0713318329390793
15,68,tire,incongruent,✅,0.09357578999030479
15,69,chemotherapy,congruent,✅,0.8304725312014816
15,69,golf,congruent,✅,0.9996567389315447
15,69,chemotherapy,incongruent,✅,0.01930624399768233
15,69,golf,incongruent,✅,0.18869794372637563
15,7,consensus,congruent,❌,0.26984933424089697
15,7,deadlock,congruent,❌,0.06608475379663928
15,7,consensus,incongruent,✅,0.037301481524988134
15,7,deadlock,incongruent,✅,0.24511281105264646
15,70,thunder,congruent,✅,0.9856143730229898
15,70,lullaby,congruent,✅,0.9781235752914569
15,70,thunder,incongruent,✅,0.34549324958572636
15,70,lullaby,incongruent,✅,0.019937149162507887
15,71,pajamas,congruent,✅,0.8201124099683496
15,71,uniform,congruent,✅,0.9766939110820522
15,71,pajamas,incongruent,✅,0.3564588595153944
15,71,uniform,incongruent,✅,0.029784276897812455
15,72,gown,congruent,✅,0.9956087652345921
15,72,sweats,congruent,✅,0.6474850167730788
15,72,gown,incongruent,✅,0.2165298180956084
15,72,sweats,incongruent,❌,0.8421580344314186
15,73,deadline,congruent,❌,0.3782366476494329
15,73,bed,congruent,✅,0.9965540331604437
15,73,deadline,incongruent,✅,0.02062104502756739
15,73,bed,incongruent,✅,0.16260699090605907
15,74,kindergarten,congruent,✅,0.9128187876473354
15,74,jail,congruent,❌,0.36974185470922505
15,74,kindergarten,incongruent,✅,0.04246535250884301
15,74,jail,incongruent,✅,0.2107899910934263
15,75,interrogated,congruent,✅,0.9728299910302118
15,75,tickled,congruent,❌,0.2971269807799838
15,75,interrogated,incongruent,✅,0.07615283337369899
15,75,tickled,incongruent,✅,0.24596619771776887
15,76,sandcastle,congruent,❌,0.4373024665759501
15,76,snowman,congruent,✅,0.9863970744630839
15,76,sandcastle,incongruent,✅,0.32929774176060994
15,76,snowman,incongruent,✅,0.18197904116490457
15,77,music,congruent,✅,0.9907275910367891
15,77,pizza,congruent,✅,0.9986659219707913
15,77,music,incongruent,✅,0.054198623249101414
15,77,pizza,incongruent,✅,0.02133996110422549
15,78,playoffs,congruent,✅,0.6769838219304661
15,78,cartoon,congruent,✅,0.9432815077996194
15,78,playoffs,incongruent,✅,0.21070913712609124
15,78,cartoon,incongruent,✅,0.016532882079040488
15,79,alcoholism,congruent,✅,0.9773193271452663
15,79,academics,congruent,✅,0.9684490108028625
15,79,alcoholism,incongruent,✅,0.2744223362342973
15,79,academics,incongruent,❌,0.5832533372655396
15,8,engagement,congruent,✅,0.5751255280301778
15,8,cancer,congruent,❌,0.2565388020177457
15,8,engagement,incongruent,✅,0.14490477937281082
15,8,cancer,incongruent,✅,0.4086303861534171
15,9,terminal,congruent,✅,0.8505829093706305
15,9,classroom,congruent,❌,0.3388644000873739
15,9,terminal,incongruent,✅,0.09823717860994144
15,9,classroom,incongruent,✅,0.11326795417631902
16,0,library,congruent,✅,0.5522548035099485
16,0,refrigerator,congruent,✅,0.5339130421990956
16,0,library,incongruent,✅,0.10538499834049118
16,0,refrigerator,incongruent,✅,0.0037243250384330793
16,1,disappointment,congruent,✅,0.8718610362484351
16,1,delight,congruent,❌,0.1577971790886793
16,1,disappointment,incongruent,✅,0.01560903021732359
16,1,delight,incongruent,❌,0.8181765456706185
16,10,cash,congruent,✅,0.7035420409878348
16,10,groceries,congruent,✅,0.5813833126144619
16,10,cash,incongruent,✅,0.4421627304082178
16,10,groceries,incongruent,✅,0.1063624862630793
16,11,lonely,congruent,✅,0.6649883807980158
16,11,confident,congruent,✅,0.6957529791966184
16,11,lonely,incongruent,✅,0.221126390522111
16,11,confident,incongruent,✅,0.23732179027630942
16,12,joy,congruent,✅,0.9964611131724442
16,12,outrage,congruent,✅,0.8605949466636563
16,12,joy,incongruent,❌,0.6155303762591241
16,12,outrage,incongruent,❌,0.9513323004921538
16,13,traffic,congruent,✅,0.9965567200906843
16,13,snowstorm,congruent,✅,0.9921162964263354
16,13,traffic,incongruent,❌,0.8308659137219065
16,13,snowstorm,incongruent,❌,0.9939780869006439
16,14,laughter,congruent,✅,0.977264579455972
16,14,frustration,congruent,✅,0.6098107406855027
16,14,laughter,incongruent,✅,0.15473277583423323
16,14,frustration,incongruent,❌,0.7877481300535409
16,15,calculator,congruent,✅,0.932454362307172
16,15,instrument,congruent,✅,0.5649093265775481
16,15,calculator,incongruent,✅,0.09524290597044544
16,15,instrument,incongruent,✅,0.27001023369324795
16,16,orchestra,congruent,✅,0.804671205307167
16,16,racers,congruent,✅,0.9607683576971624
16,16,orchestra,incongruent,✅,0.019142201939010717
16,16,racers,incongruent,✅,0.11454446866037325
16,17,retirement,congruent,✅,0.7653809455048531
16,17,playdate,congruent,✅,0.8240712716379489
16,17,retirement,incongruent,✅,0.06877250411480607
16,17,playdate,incongruent,✅,0.028275575446345347
16,18,relieved,congruent,❌,0.15763537821188567
16,18,depressed,congruent,❌,0.16063978676929175
16,18,relieved,incongruent,✅,0.15330154792136658
16,18,depressed,incongruent,✅,0.1276122765658131
16,19,friends,congruent,❌,0.3575016299090265
16,19,weight,congruent,✅,0.5280443388208548
16,19,friends,incongruent,✅,0.3690588986389754
16,19,weight,incongruent,✅,0.14269669637268523
16,2,overcoat,congruent,❌,0.2943066491367931
16,2,sandals,congruent,✅,0.7295267010128766
16,2,overcoat,incongruent,✅,0.2479107511691878
16,2,sandals,incongruent,✅,0.07229884989443168
16,20,lipstick,congruent,✅,0.9707153115387596
16,20,song,congruent,✅,0.9577669601681978
16,20,lipstick,incongruent,✅,0.1688716020081889
16,20,song,incongruent,❌,0.6726762040870478
16,21,fought,congruent,❌,0.09034396057271726
16,21,sang,congruent,❌,0.3652231557832647
16,21,fought,incongruent,✅,0.04826384469428214
16,21,sang,incongruent,✅,0.03208753064592252
16,22,skeptical,congruent,❌,0.05909863885737662
16,22,reassured,congruent,❌,0.2317145707622565
16,22,skeptical,incongruent,✅,0.10725751342280601
16,22,reassured,incongruent,✅,0.07619489625397939
16,23,graduation,congruent,✅,0.9968753361438889
16,23,operation,congruent,✅,0.7955760042538105
16,23,graduation,incongruent,✅,0.02109039199525269
16,23,operation,incongruent,✅,0.23283551545724676
16,24,bride,congruent,✅,0.9866148850754299
16,24,aftermath,congruent,✅,0.9075982076849055
16,24,bride,incongruent,✅,0.08928776793270361
16,24,aftermath,incongruent,✅,0.006138806593016246
16,25,teacher,congruent,✅,0.698231491558191
16,25,daughter,congruent,✅,0.9135462521365519
16,25,teacher,incongruent,✅,0.06009123409381784
16,25,daughter,incongruent,✅,0.24799275531375303
16,26,roommate,congruent,❌,0.11156624395618112
16,26,grandma,congruent,✅,0.9595272993905138
16,26,roommate,incongruent,✅,0.12163052611706295
16,26,grandma,incongruent,✅,0.005922744482578977
16,27,brother,congruent,✅,0.8148846528318229
16,27,mother,congruent,✅,0.6460556137805589
16,27,brother,incongruent,❌,0.5967714252833181
16,27,mother,incongruent,✅,0.31775168653789515
16,28,preschool,congruent,✅,0.8535898753958654
16,28,prison,congruent,❌,0.10386490354200517
16,28,preschool,incongruent,✅,0.0049369350485862435
16,28,prison,incongruent,✅,0.0106961513872351
16,29,hopeful,congruent,❌,0.3525088869775351
16,29,hopeless,congruent,✅,0.8935111800136977
16,29,hopeful,incongruent,✅,0.29984874212577806
16,29,hopeless,incongruent,✅,0.3961389488991185
16,3,marathon,congruent,✅,0.9851054621750008
16,3,exam,congruent,✅,0.8667642544892703
16,3,marathon,incongruent,✅,0.2931269253756771
16,3,exam,incongruent,✅,0.07088207112087917
16,30,appalled,congruent,❌,0.2928564047510108
16,30,overjoyed,congruent,✅,0.691273627141592
16,30,appalled,incongruent,❌,0.6876562351040769
16,30,overjoyed,incongruent,✅,0.0930623170817039
16,31,reprimand,congruent,✅,0.9197450454197389
16,31,encouragement,congruent,✅,0.513642144092083
16,31,reprimand,incongruent,✅,0.34728898632463046
16,31,encouragement,incongruent,✅,0.4328805590953693
16,32,angrily,congruent,✅,0.8167781270387638
16,32,cordially,congruent,❌,0.4301850445858826
16,32,angrily,incongruent,✅,0.14098952407154675
16,32,cordially,incongruent,✅,0.20137328989753756
16,33,accusatory,congruent,✅,0.9802551836732986
16,33,flirtatious,congruent,✅,0.7881304853144445
16,33,accusatory,incongruent,❌,0.6228093172678081
16,33,flirtatious,incongruent,❌,0.7750359810236757
16,34,disapprovingly,congruent,✅,0.5626594162678125
16,34,lovingly,congruent,❌,0.25531963689483256
16,34,disapprovingly,incongruent,✅,0.06960334136300442
16,34,lovingly,incongruent,✅,0.28819508940975724
16,35,playful,congruent,✅,0.7944961743281538
16,35,distant,congruent,❌,0.46508618328247076
16,35,playful,incongruent,✅,0.3691862544032876
16,35,distant,incongruent,✅,0.4092494204907382
16,36,headphones,congruent,✅,0.5291656063360198
16,36,mangoes,congruent,✅,0.9556594021432013
16,36,headphones,incongruent,✅,0.4116608363264895
16,36,mangoes,incongruent,✅,0.30351166879925434
16,37,playroom,congruent,✅,0.9895676907035776
16,37,park,congruent,✅,0.9882251018294818
16,37,playroom,incongruent,❌,0.7641667774373472
16,37,park,incongruent,❌,0.9738291602608452
16,38,bedroom,congruent,✅,0.7668686988412841
16,38,backyard,congruent,✅,0.7898355354421992
16,38,bedroom,incongruent,✅,0.2641633264140775
16,38,backyard,incongruent,✅,0.02798661581122622
16,39,solemnly,congruent,✅,0.843653150648475
16,39,excitedly,congruent,✅,0.7523199498964672
16,39,solemnly,incongruent,❌,0.5421656970525874
16,39,excitedly,incongruent,❌,0.5618591113415645
16,4,menu,congruent,✅,0.9673796831883238
16,4,prescription,congruent,✅,0.9119971607660277
16,4,menu,incongruent,✅,0.011148813743844467
16,4,prescription,incongruent,✅,0.04025353012240767
16,40,car,congruent,❌,0.254499341488939
16,40,sock,congruent,❌,0.129177547171315
16,40,car,incongruent,✅,0.07077078831604458
16,40,sock,incongruent,✅,0.010881556444818592
16,41,overdressed,congruent,✅,0.8449645341678985
16,41,naked,congruent,✅,0.9489253138890192
16,41,overdressed,incongruent,❌,0.86789059522345
16,41,naked,incongruent,✅,0.47779589150342855
16,42,shy,congruent,✅,0.7187139867282595
16,42,lively,congruent,✅,0.9304910495496066
16,42,shy,incongruent,❌,0.8094882317225798
16,42,lively,incongruent,❌,0.6237150602271612
16,43,offended,congruent,✅,0.5866745401123425
16,43,flattered,congruent,✅,0.8998731346509169
16,43,offended,incongruent,❌,0.8824339559631773
16,43,flattered,incongruent,✅,0.36565550964449917
16,44,grandkid,congruent,✅,0.6445819190427656
16,44,cellmate,congruent,✅,0.948023339142119
16,44,grandkid,incongruent,❌,0.5914030168360653
16,44,cellmate,incongruent,✅,0.02813153748932266
16,45,promoted,congruent,✅,0.6141600466031741
16,45,fired,congruent,✅,0.7169663617999444
16,45,promoted,incongruent,✅,0.4851454847648281
16,45,fired,incongruent,❌,0.749764344947241
16,46,shooting,congruent,❌,0.04428334228685188
16,46,celebration,congruent,❌,0.06358579920271788
16,46,shooting,incongruent,✅,0.004868475865708757
16,46,celebration,incongruent,✅,0.0155649210675122
16,47,crayon,congruent,✅,0.9354775476833498
16,47,beer,congruent,✅,0.9903358317784424
16,47,crayon,incongruent,✅,0.006276299312755722
16,47,beer,incongruent,✅,0.009098219285383529
16,48,waiter,congruent,✅,0.8805221804210972
16,48,taxi,congruent,✅,0.7712437377663172
16,48,waiter,incongruent,✅,0.4674325062406871
16,48,taxi,incongruent,✅,0.20879179547139268
16,49,parents,congruent,✅,0.9339576277764136
16,49,keys,congruent,✅,0.5462223718914538
16,49,parents,incongruent,✅,0.23223865549363967
16,49,keys,incongruent,✅,0.12978674683515296
16,5,distress,congruent,✅,0.8021008218224834
16,5,tranquility,congruent,✅,0.5704566935880668
16,5,distress,incongruent,✅,0.1123262924557478
16,5,tranquility,incongruent,✅,0.39237997945536307
16,50,sofa,congruent,✅,0.982540950674458
16,50,sky,congruent,✅,0.941055933254772
16,50,sofa,incongruent,✅,0.24581146200315873
16,50,sky,incongruent,✅,0.3376557334736022
16,51,obesity,congruent,❌,0.2730478213561766
16,51,homework,congruent,✅,0.9844820796648517
16,51,obesity,incongruent,✅,0.05866964722780255
16,51,homework,incongruent,✅,0.05073844838565186
16,52,quiz,congruent,✅,0.9238908338434637
16,52,commute,congruent,✅,0.9114870175427151
16,52,quiz,incongruent,✅,0.030503030771228866
16,52,commute,incongruent,✅,0.007382405007959978
16,53,migraine,congruent,✅,0.8498106412741456
16,53,excitement,congruent,❌,0.3347757047484053
16,53,migraine,incongruent,✅,0.05591275147209315
16,53,excitement,incongruent,✅,0.19533779905766957
16,54,niece,congruent,✅,0.8814474844176079
16,54,husband,congruent,✅,0.8205695895249836
16,54,niece,incongruent,❌,0.9806156507144449
16,54,husband,incongruent,✅,0.2544308434359784
16,55,film,congruent,✅,0.6302009125774909
16,55,sunrise,congruent,✅,0.9940061430074639
16,55,film,incongruent,❌,0.6407614940688713
16,55,sunrise,incongruent,✅,0.2957052109561377
16,56,lecture,congruent,✅,0.989776592394142
16,56,banquet,congruent,✅,0.9849593964365969
16,56,lecture,incongruent,✅,0.10908375780881695
16,56,banquet,incongruent,✅,0.12260365699254062
16,57,drink,congruent,✅,0.9987639069017674
16,57,textbook,congruent,✅,0.9693629371438149
16,57,drink,incongruent,✅,0.03997920874928809
16,57,textbook,incongruent,✅,0.2544021215480986
16,58,pool,congruent,✅,0.9187887831900325
16,58,snow,congruent,❌,0.10960188531261117
16,58,pool,incongruent,✅,0.02957698667236664
16,58,snow,incongruent,✅,0.053428504310937285
16,59,passport,congruent,✅,0.9416253666964225
16,59,plushy,congruent,✅,0.9773151589823968
16,59,passport,incongruent,✅,0.03560341051076981
16,59,plushy,incongruent,✅,0.06858288031773956
16,6,patients,congruent,✅,0.9893828007528864
16,6,students,congruent,✅,0.9555066129189663
16,6,patients,incongruent,✅,0.010971228669047053
16,6,students,incongruent,✅,0.021052125421049128
16,60,sister,congruent,✅,0.6718286268229641
16,60,father,congruent,❌,0.3689545021642562
16,60,sister,incongruent,✅,0.02465845714783824
16,60,father,incongruent,✅,0.43026484620061356
16,61,game,congruent,✅,0.965871984655272
16,61,sunset,congruent,✅,0.9982678173317778
16,61,game,incongruent,❌,0.8717080853169006
16,61,sunset,incongruent,✅,0.025816226911055302
16,62,holidays,congruent,✅,0.9806324885668576
16,62,funeral,congruent,✅,0.9751250373136707
16,62,holidays,incongruent,✅,0.31345628485981186
16,62,funeral,incongruent,❌,0.5632636833145105
16,63,grades,congruent,❌,0.3787133406741386
16,63,affair,congruent,❌,0.31627404226021
16,63,grades,incongruent,✅,0.13792608040739562
16,63,affair,incongruent,✅,0.07500787319285822
16,64,arrest,congruent,✅,0.9882908795991339
16,64,stroke,congruent,❌,0.1780726908008113
16,64,arrest,incongruent,✅,0.1434228041073402
16,64,stroke,incongruent,❌,0.7920866936643679
16,65,pacifier,congruent,✅,0.9126217872820115
16,65,coffee,congruent,✅,0.7795437891421586
16,65,pacifier,incongruent,✅,0.004806241145255662
16,65,coffee,incongruent,✅,0.06432846384562224
16,66,sweets,congruent,✅,0.995548064460417
16,66,sentencing,congruent,❌,0.04966661908372
16,66,sweets,incongruent,✅,0.0003361412626759391
16,66,sentencing,incongruent,✅,0.013516636005326786
16,67,nap,congruent,✅,0.893095657480014
16,67,selfie,congruent,✅,0.9774068505607296
16,67,nap,incongruent,✅,0.12420592791857879
16,67,selfie,incongruent,✅,0.009121076402777217
16,68,diaper,congruent,✅,0.9830867641147553
16,68,tire,congruent,✅,0.9961174523818782
16,68,diaper,incongruent,✅,0.12029036240705736
16,68,tire,incongruent,✅,0.034903292822542786
16,69,chemotherapy,congruent,✅,0.8889968364368872
16,69,golf,congruent,✅,0.9992536463954136
16,69,chemotherapy,incongruent,✅,0.026443499529222952
16,69,golf,incongruent,❌,0.5152908807320278
16,7,consensus,congruent,✅,0.6368318631888428
16,7,deadlock,congruent,❌,0.4725648600166895
16,7,consensus,incongruent,✅,0.27344983775771087
16,7,deadlock,incongruent,❌,0.5823493142708066
16,70,thunder,congruent,✅,0.9882565208689076
16,70,lullaby,congruent,✅,0.9798690328290646
16,70,thunder,incongruent,✅,0.16611881880158513
16,70,lullaby,incongruent,✅,0.03083483165437595
16,71,pajamas,congruent,✅,0.9394937811801019
16,71,uniform,congruent,✅,0.9752905210995967
16,71,pajamas,incongruent,✅,0.16995121053419063
16,71,uniform,incongruent,✅,0.04868904066297256
16,72,gown,congruent,✅,0.9841202990430706
16,72,sweats,congruent,✅,0.6962104944291507
16,72,gown,incongruent,✅,0.2188651867704601
16,72,sweats,incongruent,✅,0.4260644834164421
16,73,deadline,congruent,❌,0.22942436017182088
16,73,bed,congruent,✅,0.9979156141429947
16,73,deadline,incongruent,✅,0.2976499304997592
16,73,bed,incongruent,✅,0.05044930208385521
16,74,kindergarten,congruent,✅,0.9558220673310017
16,74,jail,congruent,❌,0.4063818459934751
16,74,kindergarten,incongruent,✅,0.02961616914801906
16,74,jail,incongruent,✅,0.1179463089679229
16,75,interrogated,congruent,✅,0.9712086956614779
16,75,tickled,congruent,✅,0.6420141193183847
16,75,interrogated,incongruent,✅,0.07595437898979972
16,75,tickled,incongruent,✅,0.17742977146200203
16,76,sandcastle,congruent,✅,0.5306984342870031
16,76,snowman,congruent,✅,0.9737329218959325
16,76,sandcastle,incongruent,❌,0.5259633016888775
16,76,snowman,incongruent,✅,0.2895315252434003
16,77,music,congruent,✅,0.9947659236121084
16,77,pizza,congruent,✅,0.9980634433129025
16,77,music,incongruent,✅,0.12101427620341076
16,77,pizza,incongruent,✅,0.04632112089147686
16,78,playoffs,congruent,✅,0.577339366489785
16,78,cartoon,congruent,✅,0.9887418677710916
16,78,playoffs,incongruent,✅,0.1529878570881922
16,78,cartoon,incongruent,✅,0.032490121601108
16,79,alcoholism,congruent,✅,0.9143748977264543
16,79,academics,congruent,✅,0.9784327113378807
16,79,alcoholism,incongruent,✅,0.31183645405030685
16,79,academics,incongruent,✅,0.28835820235741966
16,8,engagement,congruent,✅,0.5882433281338963
16,8,cancer,congruent,❌,0.22528503828827742
16,8,engagement,incongruent,✅,0.24597967599207696
16,8,cancer,incongruent,✅,0.38757173233894987
16,9,terminal,congruent,✅,0.721991874664017
16,9,classroom,congruent,✅,0.5378194616419016
16,9,terminal,incongruent,✅,0.037405110467754195
16,9,classroom,incongruent,✅,0.10521662426827168
17,0,library,congruent,✅,0.8283818449027274
17,0,refrigerator,congruent,❌,0.10365719803222354
17,0,library,incongruent,✅,0.023279975683788274
17,0,refrigerator,incongruent,✅,0.0007066211086158701
17,1,disappointment,congruent,❌,0.37532137727819265
17,1,delight,congruent,❌,0.497277694510559
17,1,disappointment,incongruent,✅,0.04037548096790493
17,1,delight,incongruent,✅,0.4911227546935887
17,10,cash,congruent,✅,0.808322867874629
17,10,groceries,congruent,✅,0.7394191405257249
17,10,cash,incongruent,✅,0.2411971664862062
17,10,groceries,incongruent,✅,0.11604381943204903
17,11,lonely,congruent,✅,0.9493928187093418
17,11,confident,congruent,✅,0.7757414970449515
17,11,lonely,incongruent,✅,0.1782891454956174
17,11,confident,incongruent,❌,0.5643226175196707
17,12,joy,congruent,✅,0.9966438471884977
17,12,outrage,congruent,✅,0.6709000611332993
17,12,joy,incongruent,✅,0.43880904917658486
17,12,outrage,incongruent,❌,0.8279427458090866
17,13,traffic,congruent,✅,0.9985740309819501
17,13,snowstorm,congruent,✅,0.9990066310419949
17,13,traffic,incongruent,❌,0.9436941277855357
17,13,snowstorm,incongruent,❌,0.9941800601316322
17,14,laughter,congruent,✅,0.9740088848029111
17,14,frustration,congruent,✅,0.6656958836575277
17,14,laughter,incongruent,✅,0.04664920709412862
17,14,frustration,incongruent,❌,0.7542702496813392
17,15,calculator,congruent,✅,0.986055294198815
17,15,instrument,congruent,✅,0.9046682087534035
17,15,calculator,incongruent,✅,0.06629099448378892
17,15,instrument,incongruent,❌,0.5201513983463596
17,16,orchestra,congruent,✅,0.87961859125787
17,16,racers,congruent,✅,0.9757464758178301
17,16,orchestra,incongruent,✅,0.024953638926390114
17,16,racers,incongruent,✅,0.011213136087130426
17,17,retirement,congruent,✅,0.8080399704437379
17,17,playdate,congruent,❌,0.4145260215194436
17,17,retirement,incongruent,✅,0.02219178331108888
17,17,playdate,incongruent,✅,0.02088686834083229
17,18,relieved,congruent,❌,0.10680598074157865
17,18,depressed,congruent,❌,0.10893546943195154
17,18,relieved,incongruent,✅,0.019331680994431527
17,18,depressed,incongruent,✅,0.12342727374300712
17,19,friends,congruent,❌,0.05948481277261454
17,19,weight,congruent,✅,0.928195210645837
17,19,friends,incongruent,❌,0.779631766537314
17,19,weight,incongruent,✅,0.028319933492975652
17,2,overcoat,congruent,❌,0.05552192300176939
17,2,sandals,congruent,✅,0.6638196941463794
17,2,overcoat,incongruent,✅,0.13903120315137965
17,2,sandals,incongruent,✅,0.007051917660117541
17,20,lipstick,congruent,✅,0.9186304030840933
17,20,song,congruent,✅,0.9844931694907465
17,20,lipstick,incongruent,✅,0.026057237507366913
17,20,song,incongruent,✅,0.07503233889209893
17,21,fought,congruent,❌,0.47812306497107515
17,21,sang,congruent,✅,0.7784741555625152
17,21,fought,incongruent,✅,0.16925245824839225
17,21,sang,incongruent,✅,0.17914678251629046
17,22,skeptical,congruent,❌,0.23834731457184127
17,22,reassured,congruent,❌,0.05149215173351722
17,22,skeptical,incongruent,✅,0.04221853096364921
17,22,reassured,incongruent,✅,0.14164163415083036
17,23,graduation,congruent,✅,0.999194805236542
17,23,operation,congruent,✅,0.8967758222052352
17,23,graduation,incongruent,✅,0.037628250978313196
17,23,operation,incongruent,✅,0.10415557882352151
17,24,bride,congruent,✅,0.9977904313879782
17,24,aftermath,congruent,✅,0.9942652084883912
17,24,bride,incongruent,✅,0.3331454632771496
17,24,aftermath,incongruent,✅,0.0013288950773081697
17,25,teacher,congruent,✅,0.6315104469797527
17,25,daughter,congruent,✅,0.9766360654546744
17,25,teacher,incongruent,✅,0.064125255796269
17,25,daughter,incongruent,✅,0.07097692331941167
17,26,roommate,congruent,✅,0.5003437506166615
17,26,grandma,congruent,✅,0.940551615367526
17,26,roommate,incongruent,✅,0.07090879390189725
17,26,grandma,incongruent,✅,0.01621898776538832
17,27,brother,congruent,✅,0.9508924755524732
17,27,mother,congruent,✅,0.7900223375551559
17,27,brother,incongruent,❌,0.6842954547651869
17,27,mother,incongruent,❌,0.654101012660318
17,28,preschool,congruent,✅,0.8815978043775015
17,28,prison,congruent,❌,0.07738869547547597
17,28,preschool,incongruent,✅,0.003059176911345938
17,28,prison,incongruent,✅,0.0007007972765780234
17,29,hopeful,congruent,✅,0.6012932889195545
17,29,hopeless,congruent,✅,0.8947458228817926
17,29,hopeful,incongruent,✅,0.22370018695880117
17,29,hopeless,incongruent,✅,0.3183384688749427
17,3,marathon,congruent,✅,0.9419842095140313
17,3,exam,congruent,✅,0.8371089514990794
17,3,marathon,incongruent,✅,0.1846377051291995
17,3,exam,incongruent,✅,0.006599716905906475
17,30,appalled,congruent,✅,0.6586895814219115
17,30,overjoyed,congruent,✅,0.6544436665424063
17,30,appalled,incongruent,✅,0.43857109701842484
17,30,overjoyed,incongruent,✅,0.22581280153513505
17,31,reprimand,congruent,✅,0.9837148679634281
17,31,encouragement,congruent,✅,0.8822005704551634
17,31,reprimand,incongruent,❌,0.6316931900792073
17,31,encouragement,incongruent,✅,0.3934825819564906
17,32,angrily,congruent,✅,0.9367050682833961
17,32,cordially,congruent,❌,0.4412773864984815
17,32,angrily,incongruent,✅,0.07325128817588394
17,32,cordially,incongruent,✅,0.1659369172496198
17,33,accusatory,congruent,✅,0.9803091413366689
17,33,flirtatious,congruent,✅,0.8084454185265944
17,33,accusatory,incongruent,✅,0.31016019494745306
17,33,flirtatious,incongruent,✅,0.4494518237968511
17,34,disapprovingly,congruent,✅,0.7693693290770238
17,34,lovingly,congruent,✅,0.7399088761410646
17,34,disapprovingly,incongruent,✅,0.4230577709522858
17,34,lovingly,incongruent,✅,0.21271291341611429
17,35,playful,congruent,✅,0.7988575724917812
17,35,distant,congruent,❌,0.2662227872025998
17,35,playful,incongruent,✅,0.23504186352215478
17,35,distant,incongruent,✅,0.1291246606314804
17,36,headphones,congruent,✅,0.6437553958169303
17,36,mangoes,congruent,✅,0.9681619877049817
17,36,headphones,incongruent,✅,0.016650664038567426
17,36,mangoes,incongruent,✅,0.08233665280607569
17,37,playroom,congruent,✅,0.9921354695934739
17,37,park,congruent,✅,0.9897630276332093
17,37,playroom,incongruent,✅,0.33101042321750235
17,37,park,incongruent,❌,0.8808204933445761
17,38,bedroom,congruent,✅,0.9379855050798196
17,38,backyard,congruent,✅,0.9408854026861553
17,38,bedroom,incongruent,✅,0.23971219976771616
17,38,backyard,incongruent,✅,0.09035957246751743
17,39,solemnly,congruent,✅,0.7068533087966781
17,39,excitedly,congruent,✅,0.9171842200997036
17,39,solemnly,incongruent,✅,0.2744277825520347
17,39,excitedly,incongruent,✅,0.13348730176496262
17,4,menu,congruent,✅,0.9416941983386871
17,4,prescription,congruent,✅,0.9871140569192784
17,4,menu,incongruent,✅,0.04560745561068743
17,4,prescription,incongruent,✅,0.05163650560000369
17,40,car,congruent,❌,0.19358929679355164
17,40,sock,congruent,❌,0.04927915144149341
17,40,car,incongruent,✅,0.0575527340758964
17,40,sock,incongruent,✅,0.004346641706278499
17,41,overdressed,congruent,✅,0.9857069922867502
17,41,naked,congruent,✅,0.9769901113226299
17,41,overdressed,incongruent,❌,0.6334017724262999
17,41,naked,incongruent,❌,0.8717891335766803
17,42,shy,congruent,✅,0.5102301446808206
17,42,lively,congruent,✅,0.9431789890516951
17,42,shy,incongruent,❌,0.6389395876167556
17,42,lively,incongruent,✅,0.30368828867254516
17,43,offended,congruent,✅,0.7098825647611381
17,43,flattered,congruent,✅,0.7466025192303407
17,43,offended,incongruent,❌,0.6487258855080635
17,43,flattered,incongruent,✅,0.3252481591646853
17,44,grandkid,congruent,✅,0.7849622316078586
17,44,cellmate,congruent,✅,0.9871172247829708
17,44,grandkid,incongruent,✅,0.07437515340155763
17,44,cellmate,incongruent,✅,0.008505798699992692
17,45,promoted,congruent,✅,0.7782599985844246
17,45,fired,congruent,✅,0.667590400882579
17,45,promoted,incongruent,❌,0.5804714889789236
17,45,fired,incongruent,❌,0.7065454213123941
17,46,shooting,congruent,❌,0.11073145519623924
17,46,celebration,congruent,❌,0.2547532164409683
17,46,shooting,incongruent,✅,0.0038322967530868613
17,46,celebration,incongruent,✅,0.06033382590846451
17,47,crayon,congruent,✅,0.9555293402794348
17,47,beer,congruent,✅,0.9982447319666907
17,47,crayon,incongruent,✅,0.01065058053984708
17,47,beer,incongruent,✅,0.0014718388988116924
17,48,waiter,congruent,✅,0.9172212567420345
17,48,taxi,congruent,✅,0.8681292191307532
17,48,waiter,incongruent,✅,0.29043823223704857
17,48,taxi,incongruent,✅,0.4580006505672623
17,49,parents,congruent,✅,0.7369365430330793
17,49,keys,congruent,✅,0.9606967216753122
17,49,parents,incongruent,❌,0.8125725669315832
17,49,keys,incongruent,✅,0.115506332726568
17,5,distress,congruent,✅,0.9498719586458626
17,5,tranquility,congruent,✅,0.9442317848315515
17,5,distress,incongruent,✅,0.15591681432427515
17,5,tranquility,incongruent,✅,0.4502989895291152
17,50,sofa,congruent,✅,0.9936206738794573
17,50,sky,congruent,✅,0.9686542941004435
17,50,sofa,incongruent,✅,0.24919715592917782
17,50,sky,incongruent,✅,0.37681509237695227
17,51,obesity,congruent,❌,0.07462190724063285
17,51,homework,congruent,✅,0.9568468005558094
17,51,obesity,incongruent,✅,0.0076136611932171566
17,51,homework,incongruent,✅,0.02280148917063677
17,52,quiz,congruent,✅,0.9013848708349806
17,52,commute,congruent,✅,0.9698952504317069
17,52,quiz,incongruent,✅,0.007696106221944529
17,52,commute,incongruent,✅,0.021546819651210372
17,53,migraine,congruent,✅,0.9492339759062816
17,53,excitement,congruent,✅,0.7186369187934839
17,53,migraine,incongruent,✅,0.0030178591101751146
17,53,excitement,incongruent,✅,0.03109807218463868
17,54,niece,congruent,✅,0.9708903739631549
17,54,husband,congruent,❌,0.4230646484082994
17,54,niece,incongruent,❌,0.7020329561404518
17,54,husband,incongruent,❌,0.535809429167065
17,55,film,congruent,✅,0.6184385743350029
17,55,sunrise,congruent,✅,0.9679971391645191
17,55,film,incongruent,✅,0.05914822881803232
17,55,sunrise,incongruent,✅,0.1513571853726694
17,56,lecture,congruent,✅,0.9932444971549956
17,56,banquet,congruent,✅,0.9770676918052305
17,56,lecture,incongruent,✅,0.0017769009556203943
17,56,banquet,incongruent,✅,0.033409058576638166
17,57,drink,congruent,✅,0.992350303860909
17,57,textbook,congruent,✅,0.9705147323638383
17,57,drink,incongruent,✅,0.03171281288144535
17,57,textbook,incongruent,✅,0.05706811314736564
17,58,pool,congruent,✅,0.990529680831683
17,58,snow,congruent,❌,0.02318693158782886
17,58,pool,incongruent,✅,0.014524533780126563
17,58,snow,incongruent,✅,0.02612840663117206
17,59,passport,congruent,✅,0.8988109566836993
17,59,plushy,congruent,✅,0.9900836183913723
17,59,passport,incongruent,✅,0.017013285395936183
17,59,plushy,incongruent,✅,0.07829722043336343
17,6,patients,congruent,✅,0.9566547476944864
17,6,students,congruent,✅,0.9795584134692307
17,6,patients,incongruent,✅,0.0026330087462709097
17,6,students,incongruent,✅,0.02329729568122677
17,60,sister,congruent,❌,0.3119024168164762
17,60,father,congruent,✅,0.5821083270840253
17,60,sister,incongruent,✅,0.022224105525885243
17,60,father,incongruent,✅,0.19421369569789781
17,61,game,congruent,✅,0.9631775273440419
17,61,sunset,congruent,✅,0.9974353770339593
17,61,game,incongruent,✅,0.31035215045675796
17,61,sunset,incongruent,✅,0.003903356841288694
17,62,holidays,congruent,✅,0.9927252876792462
17,62,funeral,congruent,✅,0.9902655074931134
17,62,holidays,incongruent,✅,0.06771876041351257
17,62,funeral,incongruent,❌,0.6453463058610394
17,63,grades,congruent,✅,0.6236652960139053
17,63,affair,congruent,❌,0.4171458486877258
17,63,grades,incongruent,✅,0.1811753926168754
17,63,affair,incongruent,✅,0.13870640225438674
17,64,arrest,congruent,✅,0.9626146324084698
17,64,stroke,congruent,❌,0.098485192084321
17,64,arrest,incongruent,✅,0.061936255540548886
17,64,stroke,incongruent,❌,0.6086214948657881
17,65,pacifier,congruent,✅,0.8274026349623097
17,65,coffee,congruent,✅,0.9808454635305636
17,65,pacifier,incongruent,✅,0.006223168877793564
17,65,coffee,incongruent,✅,0.07993678394645588
17,66,sweets,congruent,✅,0.998644576907766
17,66,sentencing,congruent,❌,0.11339133773035207
17,66,sweets,incongruent,✅,8.514529530282969e-05
17,66,sentencing,incongruent,✅,0.007530488072791224
17,67,nap,congruent,✅,0.8021931693903849
17,67,selfie,congruent,✅,0.9738251734826155
17,67,nap,incongruent,✅,0.0035122184430969967
17,67,selfie,incongruent,✅,0.00514022757877841
17,68,diaper,congruent,✅,0.9407433579366288
17,68,tire,congruent,✅,0.9985005398794631
17,68,diaper,incongruent,✅,0.15963484585463772
17,68,tire,incongruent,✅,0.022184630604348658
17,69,chemotherapy,congruent,✅,0.8300693654285158
17,69,golf,congruent,✅,0.9999171332034009
17,69,chemotherapy,incongruent,✅,0.012938880754520791
17,69,golf,incongruent,✅,0.09873198872322524
17,7,consensus,congruent,✅,0.8517149781028177
17,7,deadlock,congruent,✅,0.8774631480417425
17,7,consensus,incongruent,❌,0.5562333342986647
17,7,deadlock,incongruent,❌,0.8695353350643499
17,70,thunder,congruent,✅,0.9641132382583204
17,70,lullaby,congruent,✅,0.9393161169970657
17,70,thunder,incongruent,✅,0.0482640643558215
17,70,lullaby,incongruent,✅,0.0039225882013119535
17,71,pajamas,congruent,✅,0.9914118423498882
17,71,uniform,congruent,✅,0.9968510499102654
17,71,pajamas,incongruent,✅,0.172378236952903
17,71,uniform,incongruent,✅,0.08706943380588807
17,72,gown,congruent,✅,0.9931564161578911
17,72,sweats,congruent,✅,0.6832923899770714
17,72,gown,incongruent,✅,0.012891318403907337
17,72,sweats,incongruent,✅,0.3478564043110886
17,73,deadline,congruent,✅,0.5970034708603805
17,73,bed,congruent,✅,0.9834203809545251
17,73,deadline,incongruent,✅,0.16390804691606323
17,73,bed,incongruent,✅,0.03124170095321284
17,74,kindergarten,congruent,✅,0.9488335506791751
17,74,jail,congruent,✅,0.9121137088366594
17,74,kindergarten,incongruent,✅,0.12708363794809466
17,74,jail,incongruent,✅,0.10090557400941441
17,75,interrogated,congruent,✅,0.8298161669952427
17,75,tickled,congruent,✅,0.8997188231741438
17,75,interrogated,incongruent,✅,0.1956761494995137
17,75,tickled,incongruent,✅,0.007143987024130632
17,76,sandcastle,congruent,✅,0.9549549854650936
17,76,snowman,congruent,✅,0.9969863622672891
17,76,sandcastle,incongruent,❌,0.8852116471996948
17,76,snowman,incongruent,❌,0.9227833211427987
17,77,music,congruent,✅,0.9990984755932238
17,77,pizza,congruent,✅,0.9990014796675258
17,77,music,incongruent,✅,0.10064134549858361
17,77,pizza,incongruent,✅,0.04114491665351218
17,78,playoffs,congruent,✅,0.6427664869220312
17,78,cartoon,congruent,✅,0.9994330365166614
17,78,playoffs,incongruent,✅,0.06343948811736598
17,78,cartoon,incongruent,✅,0.0786802980328093
17,79,alcoholism,congruent,✅,0.9941179906991997
17,79,academics,congruent,✅,0.9956495266330914
17,79,alcoholism,incongruent,✅,0.3571603733101759
17,79,academics,incongruent,✅,0.09426471889812904
17,8,engagement,congruent,✅,0.9356380494606528
17,8,cancer,congruent,❌,0.46415149995876875
17,8,engagement,incongruent,❌,0.6517754386878689
17,8,cancer,incongruent,❌,0.6546826098859831
17,9,terminal,congruent,✅,0.9430365118089382
17,9,classroom,congruent,✅,0.5610156059347413
17,9,terminal,incongruent,✅,0.012161970465790648
17,9,classroom,incongruent,✅,0.05104373611120053
18,0,library,congruent,✅,0.859500716347505
18,0,refrigerator,congruent,❌,0.17131214881651774
18,0,library,incongruent,✅,0.014471142883051489
18,0,refrigerator,incongruent,✅,0.000288598373336081
18,1,disappointment,congruent,❌,0.2405905858443489
18,1,delight,congruent,❌,0.32319171097329524
18,1,disappointment,incongruent,✅,0.008723211278347883
18,1,delight,incongruent,❌,0.5197197668082256
18,10,cash,congruent,✅,0.9616528080679241
18,10,groceries,congruent,✅,0.9850471964485379
18,10,cash,incongruent,✅,0.2097578854801424
18,10,groceries,incongruent,✅,0.05047925956092563
18,11,lonely,congruent,✅,0.9434917421170739
18,11,confident,congruent,✅,0.8830423640125833
18,11,lonely,incongruent,✅,0.3143918857905113
18,11,confident,incongruent,✅,0.23892152300926134
18,12,joy,congruent,✅,0.9926019863971256
18,12,outrage,congruent,❌,0.42564080909487556
18,12,joy,incongruent,✅,0.08914406345732835
18,12,outrage,incongruent,❌,0.8252414180874177
18,13,traffic,congruent,✅,0.9953639935032639
18,13,snowstorm,congruent,✅,0.9921300141853704
18,13,traffic,incongruent,❌,0.8471383775328026
18,13,snowstorm,incongruent,❌,0.978873516710676
18,14,laughter,congruent,✅,0.9850507069428743
18,14,frustration,congruent,✅,0.9499612002543363
18,14,laughter,incongruent,✅,0.1372345677478996
18,14,frustration,incongruent,❌,0.8653729903899603
18,15,calculator,congruent,✅,0.9727253703837978
18,15,instrument,congruent,✅,0.9685442194185134
18,15,calculator,incongruent,✅,0.033695786372182575
18,15,instrument,incongruent,❌,0.5544749788459982
18,16,orchestra,congruent,✅,0.7841042069141188
18,16,racers,congruent,✅,0.9904937746727447
18,16,orchestra,incongruent,✅,0.03633092904594079
18,16,racers,incongruent,✅,0.0021187003811559014
18,17,retirement,congruent,✅,0.7409464051482236
18,17,playdate,congruent,✅,0.8437584417424435
18,17,retirement,incongruent,✅,0.02030735218556417
18,17,playdate,incongruent,✅,0.0021930641784709084
18,18,relieved,congruent,❌,0.15821203794941957
18,18,depressed,congruent,❌,0.1561369246151853
18,18,relieved,incongruent,✅,0.02456908462241131
18,18,depressed,incongruent,✅,0.16219609652942593
18,19,friends,congruent,❌,0.19698658674035371
18,19,weight,congruent,✅,0.9110139701005865
18,19,friends,incongruent,✅,0.17731851340185323
18,19,weight,incongruent,✅,0.09552751357778315
18,2,overcoat,congruent,❌,0.1259695074814323
18,2,sandals,congruent,✅,0.7544239336073012
18,2,overcoat,incongruent,✅,0.1251272946713694
18,2,sandals,incongruent,✅,0.003494898867181228
18,20,lipstick,congruent,✅,0.7558477331575574
18,20,song,congruent,✅,0.9975850751928116
18,20,lipstick,incongruent,✅,0.023759660402697093
18,20,song,incongruent,✅,0.04277597643179705
18,21,fought,congruent,❌,0.41602488791685716
18,21,sang,congruent,✅,0.8345373596064534
18,21,fought,incongruent,✅,0.11336012599895359
18,21,sang,incongruent,✅,0.05411490301969739
18,22,skeptical,congruent,❌,0.2784950762486512
18,22,reassured,congruent,❌,0.26083196357977745
18,22,skeptical,incongruent,✅,0.17752387785817947
18,22,reassured,incongruent,✅,0.3267067201027291
18,23,graduation,congruent,✅,0.9996107660521741
18,23,operation,congruent,✅,0.9357104281251416
18,23,graduation,incongruent,✅,0.02497122586332058
18,23,operation,incongruent,✅,0.061359682737820775
18,24,bride,congruent,✅,0.9982918116391227
18,24,aftermath,congruent,✅,0.9921322706785347
18,24,bride,incongruent,✅,0.18614518913185396
18,24,aftermath,incongruent,✅,0.0005123557661380246
18,25,teacher,congruent,✅,0.9730046854316196
18,25,daughter,congruent,✅,0.9897872579411662
18,25,teacher,incongruent,✅,0.27910712574026025
18,25,daughter,incongruent,✅,0.06246432448455316
18,26,roommate,congruent,✅,0.6963070708189246
18,26,grandma,congruent,✅,0.9873900176206682
18,26,roommate,incongruent,✅,0.34604135195980673
18,26,grandma,incongruent,✅,0.021411008491008632
18,27,brother,congruent,✅,0.9383722374258922
18,27,mother,congruent,✅,0.9523838745038803
18,27,brother,incongruent,❌,0.7251460054849198
18,27,mother,incongruent,❌,0.8196921058967873
18,28,preschool,congruent,✅,0.9694330718179783
18,28,prison,congruent,❌,0.33529302463480454
18,28,preschool,incongruent,✅,0.01250776588242983
18,28,prison,incongruent,✅,0.0012876070717318128
18,29,hopeful,congruent,✅,0.5668552391699032
18,29,hopeless,congruent,✅,0.8233566996876692
18,29,hopeful,incongruent,✅,0.1687879834477269
18,29,hopeless,incongruent,✅,0.38568388365639616
18,3,marathon,congruent,✅,0.9923584388150583
18,3,exam,congruent,✅,0.9689736028746734
18,3,marathon,incongruent,✅,0.002384269877795415
18,3,exam,incongruent,✅,0.021126870426162958
18,30,appalled,congruent,✅,0.7980059274032028
18,30,overjoyed,congruent,✅,0.6586595156612983
18,30,appalled,incongruent,✅,0.4528545241380092
18,30,overjoyed,incongruent,✅,0.4047588927037
18,31,reprimand,congruent,✅,0.989422538564741
18,31,encouragement,congruent,✅,0.81308840727967
18,31,reprimand,incongruent,❌,0.5613471023794716
18,31,encouragement,incongruent,✅,0.21776292838795522
18,32,angrily,congruent,✅,0.9649277574581209
18,32,cordially,congruent,✅,0.6778980541888875
18,32,angrily,incongruent,✅,0.1400810623238796
18,32,cordially,incongruent,✅,0.2514546774596149
18,33,accusatory,congruent,✅,0.9586444131409692
18,33,flirtatious,congruent,✅,0.7518286364585144
18,33,accusatory,incongruent,✅,0.2531040862338354
18,33,flirtatious,incongruent,✅,0.26990236685998154
18,34,disapprovingly,congruent,✅,0.5143712290858924
18,34,lovingly,congruent,❌,0.3810072804529944
18,34,disapprovingly,incongruent,✅,0.10897373870628038
18,34,lovingly,incongruent,✅,0.0948461399806228
18,35,playful,congruent,✅,0.75603525297817
18,35,distant,congruent,❌,0.16955676056889868
18,35,playful,incongruent,✅,0.2923038806861026
18,35,distant,incongruent,✅,0.02448122332407281
18,36,headphones,congruent,❌,0.3175564444290971
18,36,mangoes,congruent,✅,0.9965810419793565
18,36,headphones,incongruent,✅,0.03597001893281743
18,36,mangoes,incongruent,✅,0.006253274555055256
18,37,playroom,congruent,✅,0.9848293776457014
18,37,park,congruent,✅,0.9948750908940615
18,37,playroom,incongruent,✅,0.4192505309722584
18,37,park,incongruent,❌,0.9125370496775657
18,38,bedroom,congruent,✅,0.9394051390022373
18,38,backyard,congruent,✅,0.9225512634782744
18,38,bedroom,incongruent,✅,0.1056370346624442
18,38,backyard,incongruent,✅,0.0780754440837747
18,39,solemnly,congruent,✅,0.7265006275479537
18,39,excitedly,congruent,✅,0.8567204834766394
18,39,solemnly,incongruent,✅,0.3300041273299137
18,39,excitedly,incongruent,✅,0.14219624624140437
18,4,menu,congruent,✅,0.833465827103334
18,4,prescription,congruent,✅,0.9972356536012711
18,4,menu,incongruent,✅,0.017884647771497262
18,4,prescription,incongruent,✅,0.03778423483565169
18,40,car,congruent,✅,0.8469178493758697
18,40,sock,congruent,❌,0.2848462653699456
18,40,car,incongruent,✅,0.32727567123769513
18,40,sock,incongruent,✅,0.013277825803396578
18,41,overdressed,congruent,✅,0.9739912777400214
18,41,naked,congruent,✅,0.9360192672880278
18,41,overdressed,incongruent,✅,0.3406911543928381
18,41,naked,incongruent,❌,0.7558083964334577
18,42,shy,congruent,✅,0.7820568181027665
18,42,lively,congruent,✅,0.9698116450976304
18,42,shy,incongruent,❌,0.8374928373063508
18,42,lively,incongruent,❌,0.5536837458990681
18,43,offended,congruent,✅,0.7877204162219849
18,43,flattered,congruent,✅,0.6425686802263627
18,43,offended,incongruent,✅,0.49096701637320145
18,43,flattered,incongruent,✅,0.3357508905430104
18,44,grandkid,congruent,✅,0.8365586052228118
18,44,cellmate,congruent,✅,0.9938071737351637
18,44,grandkid,incongruent,✅,0.04246085186648798
18,44,cellmate,incongruent,✅,0.0034932212825635467
18,45,promoted,congruent,✅,0.7198177508441362
18,45,fired,congruent,❌,0.4972579602625186
18,45,promoted,incongruent,✅,0.2496053472022507
18,45,fired,incongruent,❌,0.6096958927672743
18,46,shooting,congruent,❌,0.12772422930801178
18,46,celebration,congruent,❌,0.3419572741897602
18,46,shooting,incongruent,✅,0.004476071653854615
18,46,celebration,incongruent,✅,0.022176783951831678
18,47,crayon,congruent,✅,0.8981479293973935
18,47,beer,congruent,✅,0.9936935302991428
18,47,crayon,incongruent,✅,0.0005633544081246276
18,47,beer,incongruent,✅,0.0006063970523401903
18,48,waiter,congruent,✅,0.9887894587677674
18,48,taxi,congruent,✅,0.5194406278752426
18,48,waiter,incongruent,✅,0.06247214341695792
18,48,taxi,incongruent,✅,0.11136679109839485
18,49,parents,congruent,✅,0.8483470871263268
18,49,keys,congruent,✅,0.8253518601491393
18,49,parents,incongruent,✅,0.28683994882823904
18,49,keys,incongruent,✅,0.04909401419463117
18,5,distress,congruent,✅,0.962318431133633
18,5,tranquility,congruent,✅,0.90954646434062
18,5,distress,incongruent,✅,0.09492938914458464
18,5,tranquility,incongruent,❌,0.5637226214052695
18,50,sofa,congruent,✅,0.9896491584098945
18,50,sky,congruent,✅,0.8922196331785206
18,50,sofa,incongruent,✅,0.12319925547814287
18,50,sky,incongruent,✅,0.2741907618567238
18,51,obesity,congruent,❌,0.14995029201340848
18,51,homework,congruent,✅,0.9960138935773352
18,51,obesity,incongruent,✅,0.001968819795098436
18,51,homework,incongruent,✅,0.0033564325086536217
18,52,quiz,congruent,✅,0.9815311713146576
18,52,commute,congruent,✅,0.9934530764844438
18,52,quiz,incongruent,✅,0.036947217105543446
18,52,commute,incongruent,✅,0.006504519209933053
18,53,migraine,congruent,✅,0.9899161561403859
18,53,excitement,congruent,✅,0.7298581748261177
18,53,migraine,incongruent,✅,0.003798486601049211
18,53,excitement,incongruent,✅,0.058835739459642517
18,54,niece,congruent,✅,0.7493837665738692
18,54,husband,congruent,❌,0.45840645495786564
18,54,niece,incongruent,❌,0.8381534380483378
18,54,husband,incongruent,✅,0.22099919900595866
18,55,film,congruent,✅,0.9401808462471754
18,55,sunrise,congruent,✅,0.9765217626698802
18,55,film,incongruent,✅,0.03243228843477191
18,55,sunrise,incongruent,✅,0.11541823889697475
18,56,lecture,congruent,✅,0.9943973737749673
18,56,banquet,congruent,✅,0.9862995109085033
18,56,lecture,incongruent,✅,0.0072587951527304405
18,56,banquet,incongruent,✅,0.005093370877425102
18,57,drink,congruent,✅,0.9920985011753235
18,57,textbook,congruent,✅,0.9782098220300955
18,57,drink,incongruent,✅,0.0023724237366397885
18,57,textbook,incongruent,✅,0.0051893718009732755
18,58,pool,congruent,✅,0.9952059862198857
18,58,snow,congruent,❌,0.24274070053313637
18,58,pool,incongruent,✅,0.0407435436624431
18,58,snow,incongruent,✅,0.03447779282018287
18,59,passport,congruent,✅,0.9881585485367718
18,59,plushy,congruent,✅,0.9926214023541058
18,59,passport,incongruent,✅,0.011273079089577266
18,59,plushy,incongruent,✅,0.28401779799913196
18,6,patients,congruent,✅,0.9945156752867265
18,6,students,congruent,✅,0.9964933866696524
18,6,patients,incongruent,✅,0.0015581879759153934
18,6,students,incongruent,✅,0.012831253732106885
18,60,sister,congruent,❌,0.07189245415151596
18,60,father,congruent,❌,0.4094485165944216
18,60,sister,incongruent,✅,0.014442089818021217
18,60,father,incongruent,✅,0.14129933010762663
18,61,game,congruent,✅,0.9984665777322405
18,61,sunset,congruent,✅,0.9969293084831509
18,61,game,incongruent,✅,0.265902537202259
18,61,sunset,incongruent,✅,0.005270423006065637
18,62,holidays,congruent,✅,0.9921625391767508
18,62,funeral,congruent,✅,0.9965350432574283
18,62,holidays,incongruent,✅,0.015934699171589708
18,62,funeral,incongruent,✅,0.2991046339792942
18,63,grades,congruent,✅,0.5751269959543643
18,63,affair,congruent,✅,0.871633308617245
18,63,grades,incongruent,✅,0.4587887724673202
18,63,affair,incongruent,✅,0.1424288886204979
18,64,arrest,congruent,✅,0.9733580544342421
18,64,stroke,congruent,❌,0.07214540407818328
18,64,arrest,incongruent,✅,0.044925627265760756
18,64,stroke,incongruent,✅,0.0290693075947515
18,65,pacifier,congruent,✅,0.940590739899821
18,65,coffee,congruent,✅,0.979684535150391
18,65,pacifier,incongruent,✅,0.0008410418905703341
18,65,coffee,incongruent,✅,0.009578726741900022
18,66,sweets,congruent,✅,0.9984445514987523
18,66,sentencing,congruent,✅,0.803485596930992
18,66,sweets,incongruent,✅,0.00011799830537720836
18,66,sentencing,incongruent,✅,0.05877374871287183
18,67,nap,congruent,✅,0.934127108766951
18,67,selfie,congruent,✅,0.9842451352772705
18,67,nap,incongruent,✅,0.010782810772434398
18,67,selfie,incongruent,✅,0.003921643942071946
18,68,diaper,congruent,✅,0.9964523350041601
18,68,tire,congruent,✅,0.9983123248444186
18,68,diaper,incongruent,✅,0.01949939928632163
18,68,tire,incongruent,✅,0.03101876795438498
18,69,chemotherapy,congruent,✅,0.9769013226718981
18,69,golf,congruent,✅,0.9983796729350979
18,69,chemotherapy,incongruent,✅,0.00010719641347261524
18,69,golf,incongruent,✅,0.012599503138332555
18,7,consensus,congruent,❌,0.41511220988833725
18,7,deadlock,congruent,✅,0.5087568418088252
18,7,consensus,incongruent,✅,0.06550799991668686
18,7,deadlock,incongruent,❌,0.6557850833972354
18,70,thunder,congruent,✅,0.9901753065166751
18,70,lullaby,congruent,✅,0.9527521212949944
18,70,thunder,incongruent,✅,0.006044506699324219
18,70,lullaby,incongruent,✅,0.026661350645517074
18,71,pajamas,congruent,✅,0.9843663108313616
18,71,uniform,congruent,✅,0.997028751491202
18,71,pajamas,incongruent,✅,0.05099691869093329
18,71,uniform,incongruent,✅,0.0589587398348125
18,72,gown,congruent,✅,0.9813831250748348
18,72,sweats,congruent,✅,0.8552061053399174
18,72,gown,incongruent,✅,0.009921631336808333
18,72,sweats,incongruent,✅,0.30529712880722676
18,73,deadline,congruent,✅,0.8148548694760578
18,73,bed,congruent,✅,0.9957395495367629
18,73,deadline,incongruent,✅,0.060097764299310824
18,73,bed,incongruent,✅,0.009662698230466919
18,74,kindergarten,congruent,✅,0.895906350629223
18,74,jail,congruent,✅,0.9821656664938851
18,74,kindergarten,incongruent,✅,0.1921947473692009
18,74,jail,incongruent,✅,0.13882186509551284
18,75,interrogated,congruent,✅,0.9626103971220856
18,75,tickled,congruent,✅,0.6915564021260369
18,75,interrogated,incongruent,✅,0.07736330045509614
18,75,tickled,incongruent,✅,0.0011703105825817157
18,76,sandcastle,congruent,✅,0.8970778319149401
18,76,snowman,congruent,✅,0.988377792536764
18,76,sandcastle,incongruent,❌,0.7184229042707236
18,76,snowman,incongruent,❌,0.7371547672060507
18,77,music,congruent,✅,0.9994518409508182
18,77,pizza,congruent,✅,0.9997960056697337
18,77,music,incongruent,✅,0.01926924540891878
18,77,pizza,incongruent,✅,0.007629673482214098
18,78,playoffs,congruent,✅,0.9453965376861083
18,78,cartoon,congruent,✅,0.9988042796213796
18,78,playoffs,incongruent,✅,0.028729355394925396
18,78,cartoon,incongruent,✅,0.01829316309241984
18,79,alcoholism,congruent,✅,0.9987900180245634
18,79,academics,congruent,✅,0.9956454170325649
18,79,alcoholism,incongruent,✅,0.0442066672385354
18,79,academics,incongruent,✅,0.1491720953299664
18,8,engagement,congruent,✅,0.9866482054014611
18,8,cancer,congruent,✅,0.7120932429265284
18,8,engagement,incongruent,❌,0.5850245074627067
18,8,cancer,incongruent,❌,0.7070287673660043
18,9,terminal,congruent,✅,0.9942432276985865
18,9,classroom,congruent,✅,0.9253466757029343
18,9,terminal,incongruent,✅,0.006415588320810282
18,9,classroom,incongruent,✅,0.17959816589947813
19,0,library,congruent,✅,0.9729766859972303
19,0,refrigerator,congruent,❌,0.3438587354163036
19,0,library,incongruent,✅,0.005146583369335387
19,0,refrigerator,incongruent,✅,0.0033091348283675113
19,1,disappointment,congruent,❌,0.32545324332462633
19,1,delight,congruent,❌,0.4555628237992621
19,1,disappointment,incongruent,✅,0.0020689727239736953
19,1,delight,incongruent,✅,0.2962569317060492
19,10,cash,congruent,✅,0.9980435089858859
19,10,groceries,congruent,✅,0.9883775120550545
19,10,cash,incongruent,✅,0.08785564072526429
19,10,groceries,incongruent,✅,0.21538092856087926
19,11,lonely,congruent,✅,0.9430221457087393
19,11,confident,congruent,✅,0.7235847430366416
19,11,lonely,incongruent,✅,0.04754817669572541
19,11,confident,incongruent,✅,0.22091196514287934
19,12,joy,congruent,✅,0.9929925958928398
19,12,outrage,congruent,❌,0.06935022542996999
19,12,joy,incongruent,✅,0.0019586805323794096
19,12,outrage,incongruent,❌,0.7619984079718325
19,13,traffic,congruent,✅,0.9984618678244744
19,13,snowstorm,congruent,✅,0.976744060043695
19,13,traffic,incongruent,❌,0.5003342675799023
19,13,snowstorm,incongruent,❌,0.9153850279636769
19,14,laughter,congruent,✅,0.9986822976104655
19,14,frustration,congruent,✅,0.984239780736983
19,14,laughter,incongruent,✅,0.12699645921159886
19,14,frustration,incongruent,❌,0.8115436762707547
19,15,calculator,congruent,✅,0.958557866430289
19,15,instrument,congruent,✅,0.9745962829611808
19,15,calculator,incongruent,✅,0.340261478020591
19,15,instrument,incongruent,❌,0.7753121940088716
19,16,orchestra,congruent,✅,0.7460567813657435
19,16,racers,congruent,✅,0.993100507653398
19,16,orchestra,incongruent,✅,0.11665902732118995
19,16,racers,incongruent,✅,0.0012207316993745401
19,17,retirement,congruent,✅,0.9138455699559874
19,17,playdate,congruent,✅,0.9734825062104261
19,17,retirement,incongruent,✅,0.04634852402281566
19,17,playdate,incongruent,✅,0.0012829265028119648
19,18,relieved,congruent,✅,0.588998233937869
19,18,depressed,congruent,❌,0.4375036049931008
19,18,relieved,incongruent,✅,0.09986838128721069
19,18,depressed,incongruent,✅,0.31638139295992906
19,19,friends,congruent,❌,0.31671866473627786
19,19,weight,congruent,✅,0.6613287809905191
19,19,friends,incongruent,✅,0.07092691867946006
19,19,weight,incongruent,✅,0.21901134377170867
19,2,overcoat,congruent,✅,0.8807063096122815
19,2,sandals,congruent,✅,0.8629940374527924
19,2,overcoat,incongruent,✅,0.007087948206258125
19,2,sandals,incongruent,✅,0.007497957757640237
19,20,lipstick,congruent,✅,0.8850801458538573
19,20,song,congruent,✅,0.9950248532864735
19,20,lipstick,incongruent,✅,0.04370164379376856
19,20,song,incongruent,✅,0.25348253167303586
19,21,fought,congruent,❌,0.31163404401125744
19,21,sang,congruent,✅,0.859681417972944
19,21,fought,incongruent,✅,0.23817764060545943
19,21,sang,incongruent,✅,0.003481815104939592
19,22,skeptical,congruent,❌,0.3724917988416349
19,22,reassured,congruent,✅,0.7371202359470178
19,22,skeptical,incongruent,✅,0.36552089591054476
19,22,reassured,incongruent,✅,0.22051690661150053
19,23,graduation,congruent,✅,0.9985847197913023
19,23,operation,congruent,✅,0.9300000545370313
19,23,graduation,incongruent,✅,0.05031059731773427
19,23,operation,incongruent,✅,0.014254797553376908
19,24,bride,congruent,✅,0.9855237991561817
19,24,aftermath,congruent,✅,0.9955463438441432
19,24,bride,incongruent,✅,0.14353116417062986
19,24,aftermath,incongruent,✅,0.0006857012236945266
19,25,teacher,congruent,✅,0.9116338404629306
19,25,daughter,congruent,✅,0.9687641497195038
19,25,teacher,incongruent,✅,0.03682509991165359
19,25,daughter,incongruent,✅,0.11417607464630325
19,26,roommate,congruent,✅,0.6768130287398231
19,26,grandma,congruent,✅,0.9817747484839497
19,26,roommate,incongruent,✅,0.1899432818017441
19,26,grandma,incongruent,✅,0.018446793466706128
19,27,brother,congruent,✅,0.888752133308649
19,27,mother,congruent,✅,0.9916317035107032
19,27,brother,incongruent,❌,0.6983587129281642
19,27,mother,incongruent,❌,0.7673424427019926
19,28,preschool,congruent,✅,0.9144259846225057
19,28,prison,congruent,❌,0.3947265469622365
19,28,preschool,incongruent,✅,0.004309225425720996
19,28,prison,incongruent,✅,0.003589881944682406
19,29,hopeful,congruent,✅,0.8015438939497795
19,29,hopeless,congruent,✅,0.8781518743269271
19,29,hopeful,incongruent,✅,0.23952967814964973
19,29,hopeless,incongruent,✅,0.181926138740883
19,3,marathon,congruent,✅,0.949066994103034
19,3,exam,congruent,✅,0.95053471263827
19,3,marathon,incongruent,✅,0.015929148668386652
19,3,exam,incongruent,✅,0.03748410051580177
19,30,appalled,congruent,✅,0.9118974190087513
19,30,overjoyed,congruent,✅,0.8749926508734236
19,30,appalled,incongruent,✅,0.42833339053598396
19,30,overjoyed,incongruent,❌,0.7065678191641682
19,31,reprimand,congruent,✅,0.9690388530698184
19,31,encouragement,congruent,✅,0.9320229227292333
19,31,reprimand,incongruent,✅,0.07834482502433858
19,31,encouragement,incongruent,✅,0.22247061187017114
19,32,angrily,congruent,✅,0.9681339411407737
19,32,cordially,congruent,✅,0.905642078499387
19,32,angrily,incongruent,✅,0.04544850239982531
19,32,cordially,incongruent,✅,0.173548821878864
19,33,accusatory,congruent,✅,0.9930166320731255
19,33,flirtatious,congruent,✅,0.8405734987893191
19,33,accusatory,incongruent,✅,0.15844340928276776
19,33,flirtatious,incongruent,✅,0.4156508464628596
19,34,disapprovingly,congruent,✅,0.597012150602712
19,34,lovingly,congruent,❌,0.23973826014483687
19,34,disapprovingly,incongruent,✅,0.029575319367399135
19,34,lovingly,incongruent,✅,0.047491792812242195
19,35,playful,congruent,✅,0.7637002564065143
19,35,distant,congruent,✅,0.5546456504245592
19,35,playful,incongruent,✅,0.1631371808878997
19,35,distant,incongruent,✅,0.03575832915362235
19,36,headphones,congruent,❌,0.3782555720429644
19,36,mangoes,congruent,✅,0.9908419513920594
19,36,headphones,incongruent,✅,0.04524761796999703
19,36,mangoes,incongruent,✅,0.00809525783121171
19,37,playroom,congruent,✅,0.997343522324436
19,37,park,congruent,✅,0.9963417621742697
19,37,playroom,incongruent,✅,0.05972550958334521
19,37,park,incongruent,❌,0.7867403831762856
19,38,bedroom,congruent,✅,0.9809740265622433
19,38,backyard,congruent,✅,0.9739467224601988
19,38,bedroom,incongruent,✅,0.06358797219564143
19,38,backyard,incongruent,✅,0.0055436447737005345
19,39,solemnly,congruent,✅,0.6537606036174816
19,39,excitedly,congruent,✅,0.934101218251533
19,39,solemnly,incongruent,✅,0.39793660487742216
19,39,excitedly,incongruent,✅,0.04057795086732912
19,4,menu,congruent,✅,0.8912130707707404
19,4,prescription,congruent,✅,0.9957175348399117
19,4,menu,incongruent,✅,0.016186469632604103
19,4,prescription,incongruent,✅,0.016039329193268437
19,40,car,congruent,❌,0.39860626394233717
19,40,sock,congruent,❌,0.09579035466262291
19,40,car,incongruent,✅,0.036314772348933474
19,40,sock,incongruent,✅,0.004652862124261456
19,41,overdressed,congruent,✅,0.9331788661516136
19,41,naked,congruent,✅,0.937581705827738
19,41,overdressed,incongruent,✅,0.07544985326873038
19,41,naked,incongruent,✅,0.24819414052221567
19,42,shy,congruent,✅,0.9104571787895885
19,42,lively,congruent,✅,0.9617241397423255
19,42,shy,incongruent,❌,0.6180225524595079
19,42,lively,incongruent,❌,0.5328238880367866
19,43,offended,congruent,✅,0.7850351430455603
19,43,flattered,congruent,✅,0.6116870649728079
19,43,offended,incongruent,✅,0.17196080202166455
19,43,flattered,incongruent,❌,0.5557527735298455
19,44,grandkid,congruent,✅,0.9545155309036815
19,44,cellmate,congruent,✅,0.9982798189992346
19,44,grandkid,incongruent,✅,0.0571411015222154
19,44,cellmate,incongruent,✅,0.007328631596580085
19,45,promoted,congruent,✅,0.922100367819418
19,45,fired,congruent,✅,0.8697603027693128
19,45,promoted,incongruent,✅,0.3070063632211621
19,45,fired,incongruent,❌,0.934720675671821
19,46,shooting,congruent,❌,0.25250936811558516
19,46,celebration,congruent,✅,0.5337717836910046
19,46,shooting,incongruent,✅,0.010889479772625313
19,46,celebration,incongruent,✅,0.03678448226921397
19,47,crayon,congruent,✅,0.9083564258050038
19,47,beer,congruent,✅,0.9981312701499679
19,47,crayon,incongruent,✅,0.00021321934494852472
19,47,beer,incongruent,✅,0.0005862290212116038
19,48,waiter,congruent,✅,0.995324403732054
19,48,taxi,congruent,✅,0.7930867362775459
19,48,waiter,incongruent,✅,0.007237851650188483
19,48,taxi,incongruent,✅,0.17119039516302237
19,49,parents,congruent,✅,0.9541203265214792
19,49,keys,congruent,✅,0.8630703958674599
19,49,parents,incongruent,✅,0.2177828569087117
19,49,keys,incongruent,✅,0.09280501887485947
19,5,distress,congruent,✅,0.9640512318243433
19,5,tranquility,congruent,✅,0.8753744796038296
19,5,distress,incongruent,✅,0.0022490126798509476
19,5,tranquility,incongruent,✅,0.1792428870737075
19,50,sofa,congruent,✅,0.9961583426715825
19,50,sky,congruent,✅,0.9885247290670892
19,50,sofa,incongruent,❌,0.6475690363262656
19,50,sky,incongruent,❌,0.6518751229186713
19,51,obesity,congruent,❌,0.47452295369766123
19,51,homework,congruent,✅,0.9970005967510477
19,51,obesity,incongruent,✅,0.0058462085512574966
19,51,homework,incongruent,✅,0.08233945347943027
19,52,quiz,congruent,✅,0.9729351976089056
19,52,commute,congruent,✅,0.9863320585997977
19,52,quiz,incongruent,✅,0.007603709220277479
19,52,commute,incongruent,✅,0.017133208560113484
19,53,migraine,congruent,✅,0.9944857880205782
19,53,excitement,congruent,✅,0.9645801548476368
19,53,migraine,incongruent,✅,0.0007739429698760031
19,53,excitement,incongruent,✅,0.21392259183455883
19,54,niece,congruent,✅,0.8813083492663915
19,54,husband,congruent,✅,0.8175392378844468
19,54,niece,incongruent,❌,0.8250973899243276
19,54,husband,incongruent,✅,0.46643357905123806
19,55,film,congruent,✅,0.9288649324006153
19,55,sunrise,congruent,✅,0.9555966779618464
19,55,film,incongruent,✅,0.02720154040614191
19,55,sunrise,incongruent,✅,0.050924120336353476
19,56,lecture,congruent,✅,0.998208721011819
19,56,banquet,congruent,✅,0.9694542697974377
19,56,lecture,incongruent,✅,0.00893230987529151
19,56,banquet,incongruent,✅,0.0014950248376647615
19,57,drink,congruent,✅,0.9955249013413636
19,57,textbook,congruent,✅,0.9641440515710831
19,57,drink,incongruent,✅,0.004108181153838029
19,57,textbook,incongruent,✅,0.00919207408373862
19,58,pool,congruent,✅,0.9979982039482503
19,58,snow,congruent,❌,0.2730888837797411
19,58,pool,incongruent,✅,0.0019917764444740593
19,58,snow,incongruent,✅,0.01237269467373708
19,59,passport,congruent,✅,0.9478797323894733
19,59,plushy,congruent,✅,0.9954172956107986
19,59,passport,incongruent,✅,0.007788298210755252
19,59,plushy,incongruent,✅,0.17943065042264025
19,6,patients,congruent,✅,0.9557223389407559
19,6,students,congruent,✅,0.9976374248756513
19,6,patients,incongruent,✅,0.005917411511519232
19,6,students,incongruent,✅,0.0007427452198474229
19,60,sister,congruent,❌,0.2049564112416974
19,60,father,congruent,✅,0.6966855194857784
19,60,sister,incongruent,✅,0.010180459224024897
19,60,father,incongruent,✅,0.2676045659906343
19,61,game,congruent,✅,0.9941681418654414
19,61,sunset,congruent,✅,0.9976561756552031
19,61,game,incongruent,✅,0.15970553029263715
19,61,sunset,incongruent,✅,0.016014973632637312
19,62,holidays,congruent,✅,0.9765418251941266
19,62,funeral,congruent,✅,0.9952095674215301
19,62,holidays,incongruent,✅,0.04115745313741476
19,62,funeral,incongruent,✅,0.03274786642890152
19,63,grades,congruent,✅,0.5832132862468744
19,63,affair,congruent,✅,0.770901000241301
19,63,grades,incongruent,✅,0.21346064619577956
19,63,affair,incongruent,✅,0.0271013372949702
19,64,arrest,congruent,✅,0.9903866224840656
19,64,stroke,congruent,❌,0.15461613467813398
19,64,arrest,incongruent,✅,0.14957843266969492
19,64,stroke,incongruent,✅,0.4690071234057785
19,65,pacifier,congruent,✅,0.9152449447923927
19,65,coffee,congruent,✅,0.9878107839066438
19,65,pacifier,incongruent,✅,0.0003215727860279556
19,65,coffee,incongruent,✅,0.0026726553595509523
19,66,sweets,congruent,✅,0.9973926088949469
19,66,sentencing,congruent,✅,0.5582360278877094
19,66,sweets,incongruent,✅,0.0013479573004332138
19,66,sentencing,incongruent,✅,0.025252117654583073
19,67,nap,congruent,✅,0.9977342200746746
19,67,selfie,congruent,✅,0.9932944660447784
19,67,nap,incongruent,✅,0.013613148846681678
19,67,selfie,incongruent,✅,0.0041540242687373
19,68,diaper,congruent,✅,0.9967645213020123
19,68,tire,congruent,✅,0.9981628340065107
19,68,diaper,incongruent,✅,0.022236903957575462
19,68,tire,incongruent,✅,0.009258694286744914
19,69,chemotherapy,congruent,✅,0.9826568783290066
19,69,golf,congruent,✅,0.998119172581739
19,69,chemotherapy,incongruent,✅,0.000830026642348626
19,69,golf,incongruent,✅,0.04873763217579699
19,7,consensus,congruent,❌,0.44996775690773394
19,7,deadlock,congruent,✅,0.6595930233607765
19,7,consensus,incongruent,✅,0.1388840392595587
19,7,deadlock,incongruent,❌,0.5297932195004481
19,70,thunder,congruent,✅,0.9941303351418115
19,70,lullaby,congruent,✅,0.9654761430703179
19,70,thunder,incongruent,✅,0.05865175830930078
19,70,lullaby,incongruent,✅,0.0421174241860791
19,71,pajamas,congruent,✅,0.9963575385579366
19,71,uniform,congruent,✅,0.9967494585407971
19,71,pajamas,incongruent,✅,0.04733898902625717
19,71,uniform,incongruent,✅,0.0010939491402459426
19,72,gown,congruent,✅,0.9956743751498516
19,72,sweats,congruent,✅,0.9888848509201098
19,72,gown,incongruent,✅,0.001371418849253606
19,72,sweats,incongruent,❌,0.7783829897702057
19,73,deadline,congruent,✅,0.712150280928421
19,73,bed,congruent,✅,0.9910046112857466
19,73,deadline,incongruent,✅,0.01607994624992554
19,73,bed,incongruent,✅,0.012189253244647378
19,74,kindergarten,congruent,✅,0.9038104445737807
19,74,jail,congruent,✅,0.9374894060573005
19,74,kindergarten,incongruent,✅,0.03348994164678035
19,74,jail,incongruent,✅,0.039845351700272154
19,75,interrogated,congruent,✅,0.9868448111588471
19,75,tickled,congruent,✅,0.8184407316664217
19,75,interrogated,incongruent,✅,0.09521215771484108
19,75,tickled,incongruent,✅,0.0057431297039652884
19,76,sandcastle,congruent,✅,0.9766658658744978
19,76,snowman,congruent,✅,0.9991248023676848
19,76,sandcastle,incongruent,✅,0.27794052282703285
19,76,snowman,incongruent,✅,0.4150671864417902
19,77,music,congruent,✅,0.9992241248333628
19,77,pizza,congruent,✅,0.9973609765221112
19,77,music,incongruent,✅,0.01729772024951649
19,77,pizza,incongruent,✅,0.009243404892035166
19,78,playoffs,congruent,✅,0.8610176109417367
19,78,cartoon,congruent,✅,0.9981515086294105
19,78,playoffs,incongruent,✅,0.006507738638514961
19,78,cartoon,incongruent,✅,0.054333841559543614
19,79,alcoholism,congruent,✅,0.987904245001021
19,79,academics,congruent,✅,0.9911458293676795
19,79,alcoholism,incongruent,✅,0.08683063706523972
19,79,academics,incongruent,✅,0.1193372762944288
19,8,engagement,congruent,✅,0.9034184482408585
19,8,cancer,congruent,❌,0.2694931815724359
19,8,engagement,incongruent,✅,0.44198743128063733
19,8,cancer,incongruent,✅,0.08946609688213772
19,9,terminal,congruent,✅,0.9966036035410651
19,9,classroom,congruent,✅,0.917814396569009
19,9,terminal,incongruent,✅,0.0014865991420244062
19,9,classroom,incongruent,✅,0.01843144627524334
20,0,library,congruent,✅,0.9830274277310579
20,0,refrigerator,congruent,✅,0.5944407761657895
20,0,library,incongruent,✅,0.01797173761585837
20,0,refrigerator,incongruent,✅,0.015985992064318912
20,1,disappointment,congruent,✅,0.5100315073285061
20,1,delight,congruent,❌,0.25393690038620487
20,1,disappointment,incongruent,✅,0.0017187968066169044
20,1,delight,incongruent,✅,0.3684180195076949
20,10,cash,congruent,✅,0.9954118471696909
20,10,groceries,congruent,✅,0.9862431299768581
20,10,cash,incongruent,✅,0.2705662659194825
20,10,groceries,incongruent,✅,0.17340310297456557
20,11,lonely,congruent,✅,0.9504695420709318
20,11,confident,congruent,✅,0.723858875988194
20,11,lonely,incongruent,✅,0.0589282263428184
20,11,confident,incongruent,✅,0.336591783577388
20,12,joy,congruent,✅,0.9939222642356369
20,12,outrage,congruent,❌,0.08733398869946075
20,12,joy,incongruent,✅,0.002724980118069653
20,12,outrage,incongruent,❌,0.8116043838459328
20,13,traffic,congruent,✅,0.9963113849195054
20,13,snowstorm,congruent,✅,0.9952412749673747
20,13,traffic,incongruent,❌,0.7359235337552957
20,13,snowstorm,incongruent,❌,0.9132871599366116
20,14,laughter,congruent,✅,0.9938407144138932
20,14,frustration,congruent,✅,0.9898948230046043
20,14,laughter,incongruent,✅,0.2824907826357672
20,14,frustration,incongruent,❌,0.7573497294898596
20,15,calculator,congruent,✅,0.9371339656418763
20,15,instrument,congruent,✅,0.9560996693987144
20,15,calculator,incongruent,✅,0.18927130391480804
20,15,instrument,incongruent,❌,0.6594324225083652
20,16,orchestra,congruent,✅,0.6222862674879716
20,16,racers,congruent,✅,0.9897619941762275
20,16,orchestra,incongruent,✅,0.23934595391747757
20,16,racers,incongruent,✅,0.007697092665711694
20,17,retirement,congruent,✅,0.8904946055427546
20,17,playdate,congruent,✅,0.9798694496807622
20,17,retirement,incongruent,✅,0.09035416617345139
20,17,playdate,incongruent,✅,0.0015333069451074495
20,18,relieved,congruent,✅,0.5874631831364658
20,18,depressed,congruent,❌,0.12884373361797022
20,18,relieved,incongruent,✅,0.013096625907683698
20,18,depressed,incongruent,✅,0.35603059614055804
20,19,friends,congruent,❌,0.3029456926333625
20,19,weight,congruent,✅,0.6962270972879985
20,19,friends,incongruent,✅,0.09151100353162904
20,19,weight,incongruent,✅,0.14418792596832675
20,2,overcoat,congruent,✅,0.8648339543504461
20,2,sandals,congruent,✅,0.9282297530233466
20,2,overcoat,incongruent,✅,0.03180640940638218
20,2,sandals,incongruent,✅,0.024452940449458137
20,20,lipstick,congruent,✅,0.7455537296751719
20,20,song,congruent,✅,0.9847446276676455
20,20,lipstick,incongruent,✅,0.08132264806721907
20,20,song,incongruent,✅,0.09573555093153704
20,21,fought,congruent,❌,0.2500637803269431
20,21,sang,congruent,✅,0.8414776782049909
20,21,fought,incongruent,✅,0.16829531711380524
20,21,sang,incongruent,✅,0.004320884408295413
20,22,skeptical,congruent,❌,0.3313975170856782
20,22,reassured,congruent,✅,0.7077123732023411
20,22,skeptical,incongruent,✅,0.31555962891340733
20,22,reassured,incongruent,✅,0.13457366734076018
20,23,graduation,congruent,✅,0.999414294070095
20,23,operation,congruent,✅,0.9242017157069008
20,23,graduation,incongruent,✅,0.06252574767384031
20,23,operation,incongruent,✅,0.03777486997989551
20,24,bride,congruent,✅,0.9723216825776702
20,24,aftermath,congruent,✅,0.9921799142214701
20,24,bride,incongruent,✅,0.1077522714984206
20,24,aftermath,incongruent,✅,0.00394436793490138
20,25,teacher,congruent,✅,0.8869614407510079
20,25,daughter,congruent,✅,0.9516961054738003
20,25,teacher,incongruent,✅,0.07193744891753405
20,25,daughter,incongruent,✅,0.08752611346567338
20,26,roommate,congruent,✅,0.5137909418957944
20,26,grandma,congruent,✅,0.9789558517742064
20,26,roommate,incongruent,✅,0.21560994270972436
20,26,grandma,incongruent,✅,0.015738545602081905
20,27,brother,congruent,✅,0.883651631373907
20,27,mother,congruent,✅,0.9683928445567999
20,27,brother,incongruent,❌,0.5159668347971952
20,27,mother,incongruent,❌,0.6792098612923446
20,28,preschool,congruent,✅,0.7259481676603146
20,28,prison,congruent,❌,0.2631218470635908
20,28,preschool,incongruent,✅,0.0037554523164740534
20,28,prison,incongruent,✅,0.002099273914052354
20,29,hopeful,congruent,✅,0.7455807169996506
20,29,hopeless,congruent,✅,0.8863718672918647
20,29,hopeful,incongruent,✅,0.26801059247852543
20,29,hopeless,incongruent,✅,0.10279784079824618
20,3,marathon,congruent,✅,0.971571011498174
20,3,exam,congruent,✅,0.934266395161342
20,3,marathon,incongruent,✅,0.01752549145932128
20,3,exam,incongruent,✅,0.06535293442676565
20,30,appalled,congruent,✅,0.9534806624283667
20,30,overjoyed,congruent,✅,0.8921887704379511
20,30,appalled,incongruent,✅,0.4952880408578036
20,30,overjoyed,incongruent,❌,0.8309271439310456
20,31,reprimand,congruent,✅,0.9433268784600971
20,31,encouragement,congruent,✅,0.9076676002281746
20,31,reprimand,incongruent,✅,0.08788381546017564
20,31,encouragement,incongruent,✅,0.20786221272648833
20,32,angrily,congruent,✅,0.94192792854756
20,32,cordially,congruent,✅,0.8859331802481057
20,32,angrily,incongruent,✅,0.08008687679956353
20,32,cordially,incongruent,✅,0.07581156513477591
20,33,accusatory,congruent,✅,0.9936483904844776
20,33,flirtatious,congruent,✅,0.8402180060698405
20,33,accusatory,incongruent,✅,0.15240578827644674
20,33,flirtatious,incongruent,✅,0.26619282718279647
20,34,disapprovingly,congruent,✅,0.8499287137336591
20,34,lovingly,congruent,✅,0.5081994359696992
20,34,disapprovingly,incongruent,✅,0.11424869066720658
20,34,lovingly,incongruent,✅,0.20040189438450406
20,35,playful,congruent,✅,0.8115094480856367
20,35,distant,congruent,❌,0.3475548699229709
20,35,playful,incongruent,✅,0.09525475137655134
20,35,distant,incongruent,✅,0.04709404856475017
20,36,headphones,congruent,✅,0.7793170326209302
20,36,mangoes,congruent,✅,0.95474524433567
20,36,headphones,incongruent,✅,0.048721257706751585
20,36,mangoes,incongruent,✅,0.06466619405532839
20,37,playroom,congruent,✅,0.9968884521645232
20,37,park,congruent,✅,0.9957396879156754
20,37,playroom,incongruent,✅,0.06132938883013489
20,37,park,incongruent,❌,0.7100575473742714
20,38,bedroom,congruent,✅,0.9861488859080635
20,38,backyard,congruent,✅,0.9653387311584665
20,38,bedroom,incongruent,✅,0.06716187621444837
20,38,backyard,incongruent,✅,0.004740809899768004
20,39,solemnly,congruent,✅,0.79692642486714
20,39,excitedly,congruent,✅,0.9753829419272543
20,39,solemnly,incongruent,❌,0.6830220511175225
20,39,excitedly,incongruent,✅,0.05754373733246409
20,4,menu,congruent,✅,0.8206729631466939
20,4,prescription,congruent,✅,0.9887697260589959
20,4,menu,incongruent,✅,0.01813135641806427
20,4,prescription,incongruent,✅,0.012678690249580616
20,40,car,congruent,❌,0.35606927129437604
20,40,sock,congruent,❌,0.04326921275000462
20,40,car,incongruent,✅,0.02758945983574296
20,40,sock,incongruent,✅,0.003894624656285076
20,41,overdressed,congruent,✅,0.7007907891736227
20,41,naked,congruent,✅,0.5630914622467639
20,41,overdressed,incongruent,✅,0.013474754317499808
20,41,naked,incongruent,✅,0.06841269131138016
20,42,shy,congruent,✅,0.9397321175508182
20,42,lively,congruent,✅,0.9751022590639732
20,42,shy,incongruent,❌,0.7112092607398961
20,42,lively,incongruent,❌,0.6793775534890035
20,43,offended,congruent,✅,0.9119397195053552
20,43,flattered,congruent,✅,0.8604838219205804
20,43,offended,incongruent,✅,0.46117043063627305
20,43,flattered,incongruent,❌,0.7616095818887726
20,44,grandkid,congruent,✅,0.9500473767246517
20,44,cellmate,congruent,✅,0.9951966007582794
20,44,grandkid,incongruent,✅,0.012061797439846783
20,44,cellmate,incongruent,✅,0.02275480913069938
20,45,promoted,congruent,✅,0.9459271606589172
20,45,fired,congruent,✅,0.92240883247119
20,45,promoted,incongruent,✅,0.23709012721497574
20,45,fired,incongruent,❌,0.9444552697795896
20,46,shooting,congruent,❌,0.25188616584919976
20,46,celebration,congruent,❌,0.11663986071549609
20,46,shooting,incongruent,✅,0.0028458753288262482
20,46,celebration,incongruent,✅,0.02608944315637874
20,47,crayon,congruent,✅,0.8410691156332161
20,47,beer,congruent,✅,0.998274961241296
20,47,crayon,incongruent,✅,5.463663361774156e-05
20,47,beer,incongruent,✅,0.0006773037443142664
20,48,waiter,congruent,✅,0.9902623721303224
20,48,taxi,congruent,✅,0.9154939213392015
20,48,waiter,incongruent,✅,0.05958117812026261
20,48,taxi,incongruent,✅,0.25367467325792264
20,49,parents,congruent,✅,0.8873574612278498
20,49,keys,congruent,✅,0.8123591600047262
20,49,parents,incongruent,✅,0.21560333127430906
20,49,keys,incongruent,✅,0.05534007132224774
20,5,distress,congruent,✅,0.9806648219362625
20,5,tranquility,congruent,✅,0.9493932949436836
20,5,distress,incongruent,✅,0.011708871834726955
20,5,tranquility,incongruent,✅,0.41955013527318763
20,50,sofa,congruent,✅,0.9953763481681961
20,50,sky,congruent,✅,0.9655926576284255
20,50,sofa,incongruent,✅,0.45597414626306976
20,50,sky,incongruent,❌,0.6482368997875403
20,51,obesity,congruent,✅,0.6603254938715483
20,51,homework,congruent,✅,0.9886755181414685
20,51,obesity,incongruent,✅,0.004774418759005619
20,51,homework,incongruent,✅,0.18968405702933508
20,52,quiz,congruent,✅,0.9835739224271418
20,52,commute,congruent,✅,0.9704285962660206
20,52,quiz,incongruent,✅,0.0027240820572297076
20,52,commute,incongruent,✅,0.037599427130584145
20,53,migraine,congruent,✅,0.9933517126081836
20,53,excitement,congruent,✅,0.9485982424280119
20,53,migraine,incongruent,✅,0.0007348721636064544
20,53,excitement,incongruent,✅,0.4116945514124088
20,54,niece,congruent,✅,0.7129981107116078
20,54,husband,congruent,✅,0.8573210785767427
20,54,niece,incongruent,❌,0.9531460634242676
20,54,husband,incongruent,✅,0.327965008570421
20,55,film,congruent,✅,0.8455355073659991
20,55,sunrise,congruent,✅,0.9721775273257925
20,55,film,incongruent,✅,0.07231828760524392
20,55,sunrise,incongruent,✅,0.06584527829994745
20,56,lecture,congruent,✅,0.9943526808756118
20,56,banquet,congruent,✅,0.9661478048547095
20,56,lecture,incongruent,✅,0.01809049882329099
20,56,banquet,incongruent,✅,0.002521482171774584
20,57,drink,congruent,✅,0.9962515889496468
20,57,textbook,congruent,✅,0.9684295212734921
20,57,drink,incongruent,✅,0.007463035219692616
20,57,textbook,incongruent,✅,0.007441852789449174
20,58,pool,congruent,✅,0.9932376147485676
20,58,snow,congruent,❌,0.20806133838931007
20,58,pool,incongruent,✅,0.00048613343447526705
20,58,snow,incongruent,✅,0.008663746129461082
20,59,passport,congruent,✅,0.9660277162872852
20,59,plushy,congruent,✅,0.9806877274440874
20,59,passport,incongruent,✅,0.007673592125254119
20,59,plushy,incongruent,✅,0.13721957390477346
20,6,patients,congruent,✅,0.896748611246343
20,6,students,congruent,✅,0.9931370299542728
20,6,patients,incongruent,✅,0.022586845663984254
20,6,students,incongruent,✅,0.0015585279075555102
20,60,sister,congruent,❌,0.20620624460459533
20,60,father,congruent,✅,0.8248604644581715
20,60,sister,incongruent,✅,0.015383781824145225
20,60,father,incongruent,✅,0.4179250356260371
20,61,game,congruent,✅,0.9865142137352917
20,61,sunset,congruent,✅,0.9973704403664582
20,61,game,incongruent,✅,0.38033290184686475
20,61,sunset,incongruent,✅,0.009127834270630887
20,62,holidays,congruent,✅,0.9961098495138754
20,62,funeral,congruent,✅,0.9885289171440396
20,62,holidays,incongruent,✅,0.09501630862643357
20,62,funeral,incongruent,❌,0.6387459458407324
20,63,grades,congruent,✅,0.7546765634568324
20,63,affair,congruent,✅,0.9156731824856457
20,63,grades,incongruent,✅,0.4857985591319869
20,63,affair,incongruent,✅,0.12549552625061072
20,64,arrest,congruent,✅,0.9923011652377536
20,64,stroke,congruent,❌,0.06760484084472615
20,64,arrest,incongruent,✅,0.07343265936964448
20,64,stroke,incongruent,❌,0.6653841970109169
20,65,pacifier,congruent,✅,0.848956692503616
20,65,coffee,congruent,✅,0.9636609267329184
20,65,pacifier,incongruent,✅,0.0005324982064919496
20,65,coffee,incongruent,✅,0.0034477028938966446
20,66,sweets,congruent,✅,0.9960739990081651
20,66,sentencing,congruent,✅,0.7832399498302076
20,66,sweets,incongruent,✅,0.0030111341961960333
20,66,sentencing,incongruent,✅,0.02687755359760129
20,67,nap,congruent,✅,0.9840747827230668
20,67,selfie,congruent,✅,0.9968782972339871
20,67,nap,incongruent,✅,0.14824911805556168
20,67,selfie,incongruent,✅,0.003422952261303578
20,68,diaper,congruent,✅,0.9907281796143044
20,68,tire,congruent,✅,0.9974909450158307
20,68,diaper,incongruent,✅,0.011951722066739279
20,68,tire,incongruent,✅,0.004030125206376484
20,69,chemotherapy,congruent,✅,0.9823019327997656
20,69,golf,congruent,✅,0.9988492926824283
20,69,chemotherapy,incongruent,✅,0.005013060675585071
20,69,golf,incongruent,✅,0.06295647153132469
20,7,consensus,congruent,❌,0.37453523100429026
20,7,deadlock,congruent,✅,0.6435952575718803
20,7,consensus,incongruent,✅,0.18100123322594722
20,7,deadlock,incongruent,✅,0.4100135214187375
20,70,thunder,congruent,✅,0.9790599096292033
20,70,lullaby,congruent,✅,0.9419651961313442
20,70,thunder,incongruent,✅,0.03713168468804575
20,70,lullaby,incongruent,✅,0.017370454228429102
20,71,pajamas,congruent,✅,0.9979799137605511
20,71,uniform,congruent,✅,0.9940651179963278
20,71,pajamas,incongruent,✅,0.054569818737630144
20,71,uniform,incongruent,✅,0.0009575977617343382
20,72,gown,congruent,✅,0.9948556975924251
20,72,sweats,congruent,✅,0.9896870488678178
20,72,gown,incongruent,✅,0.0011627218538296776
20,72,sweats,incongruent,❌,0.7017738964953991
20,73,deadline,congruent,✅,0.7124681477852881
20,73,bed,congruent,✅,0.9811658138526943
20,73,deadline,incongruent,✅,0.04821274798610493
20,73,bed,incongruent,✅,0.025226812751933458
20,74,kindergarten,congruent,✅,0.8989962458589784
20,74,jail,congruent,✅,0.8798891448615549
20,74,kindergarten,incongruent,✅,0.01734570495337822
20,74,jail,incongruent,✅,0.15491448547579256
20,75,interrogated,congruent,✅,0.9570168793050333
20,75,tickled,congruent,✅,0.9291128244572499
20,75,interrogated,incongruent,❌,0.5072579608850345
20,75,tickled,incongruent,✅,0.006251792207433537
20,76,sandcastle,congruent,✅,0.9653142307896811
20,76,snowman,congruent,✅,0.9980725665259936
20,76,sandcastle,incongruent,✅,0.322265468413598
20,76,snowman,incongruent,❌,0.5789255222442793
20,77,music,congruent,✅,0.9991270360357191
20,77,pizza,congruent,✅,0.9950748839330403
20,77,music,incongruent,✅,0.03792098712991323
20,77,pizza,incongruent,✅,0.0027958506454331157
20,78,playoffs,congruent,✅,0.8700729094768502
20,78,cartoon,congruent,✅,0.9962705939728639
20,78,playoffs,incongruent,✅,0.01571743536133823
20,78,cartoon,incongruent,✅,0.0824582124339005
20,79,alcoholism,congruent,✅,0.9525159367457073
20,79,academics,congruent,✅,0.9652375583767563
20,79,alcoholism,incongruent,✅,0.03798767076478111
20,79,academics,incongruent,✅,0.1030964719171038
20,8,engagement,congruent,✅,0.9293804432829724
20,8,cancer,congruent,✅,0.5024089377867508
20,8,engagement,incongruent,❌,0.5895291061529753
20,8,cancer,incongruent,✅,0.17421406132536263
20,9,terminal,congruent,✅,0.9887049459003046
20,9,classroom,congruent,✅,0.9182692278761019
20,9,terminal,incongruent,✅,0.0060669165571858455
20,9,classroom,incongruent,✅,0.006898268688100608
21,0,library,congruent,✅,0.9662546353237751
21,0,refrigerator,congruent,✅,0.5162396988190675
21,0,library,incongruent,✅,0.04871463484850504
21,0,refrigerator,incongruent,✅,0.0036254425720605005
21,1,disappointment,congruent,❌,0.4131955909960422
21,1,delight,congruent,✅,0.6542148076107535
21,1,disappointment,incongruent,✅,0.0025891160700868172
21,1,delight,incongruent,✅,0.2224027099642888
21,10,cash,congruent,✅,0.9905682829257221
21,10,groceries,congruent,✅,0.9704831338464918
21,10,cash,incongruent,✅,0.05002520363128829
21,10,groceries,incongruent,✅,0.07345857621456436
21,11,lonely,congruent,✅,0.979890255040638
21,11,confident,congruent,✅,0.8984739937145437
21,11,lonely,incongruent,✅,0.1035357231650576
21,11,confident,incongruent,✅,0.3019370875042021
21,12,joy,congruent,✅,0.9977169705615424
21,12,outrage,congruent,❌,0.17483478952314593
21,12,joy,incongruent,✅,0.004950570143762555
21,12,outrage,incongruent,❌,0.9437771999153611
21,13,traffic,congruent,✅,0.9919687220615112
21,13,snowstorm,congruent,✅,0.9931364364969897
21,13,traffic,incongruent,❌,0.6380771594225719
21,13,snowstorm,incongruent,❌,0.7091469640585022
21,14,laughter,congruent,✅,0.9932720502319929
21,14,frustration,congruent,✅,0.9922892657611428
21,14,laughter,incongruent,✅,0.05334800981560329
21,14,frustration,incongruent,❌,0.6463088697610728
21,15,calculator,congruent,✅,0.8163657358850129
21,15,instrument,congruent,✅,0.9872136371565648
21,15,calculator,incongruent,✅,0.15790922266034163
21,15,instrument,incongruent,❌,0.5076732198697934
21,16,orchestra,congruent,✅,0.9100155885562105
21,16,racers,congruent,✅,0.9919200807580016
21,16,orchestra,incongruent,✅,0.08850358848585489
21,16,racers,incongruent,✅,0.006228432177402319
21,17,retirement,congruent,✅,0.8462258736593002
21,17,playdate,congruent,✅,0.9889657137982263
21,17,retirement,incongruent,✅,0.13874740255242887
21,17,playdate,incongruent,✅,0.0004646746787411117
21,18,relieved,congruent,❌,0.4960398166058875
21,18,depressed,congruent,❌,0.11004121444586595
21,18,relieved,incongruent,✅,0.006023142245211332
21,18,depressed,incongruent,✅,0.21814226130244277
21,19,friends,congruent,❌,0.34329459397634
21,19,weight,congruent,✅,0.5478487912828509
21,19,friends,incongruent,✅,0.03935913578649879
21,19,weight,incongruent,✅,0.09445895547319398
21,2,overcoat,congruent,✅,0.9419405026497484
21,2,sandals,congruent,✅,0.9587702915373304
21,2,overcoat,incongruent,✅,0.08814720602724482
21,2,sandals,incongruent,✅,0.0422535484309485
21,20,lipstick,congruent,✅,0.8782730554218658
21,20,song,congruent,✅,0.998541515596326
21,20,lipstick,incongruent,✅,0.02485922539829135
21,20,song,incongruent,✅,0.28295133533057304
21,21,fought,congruent,✅,0.8203216163940992
21,21,sang,congruent,✅,0.9032989447918335
21,21,fought,incongruent,✅,0.22984602557873074
21,21,sang,incongruent,✅,0.008976588886534376
21,22,skeptical,congruent,✅,0.5071163255933192
21,22,reassured,congruent,✅,0.5973760146005189
21,22,skeptical,incongruent,✅,0.17975286322222528
21,22,reassured,incongruent,✅,0.12235748660818002
21,23,graduation,congruent,✅,0.9989394999208452
21,23,operation,congruent,✅,0.9565013786816375
21,23,graduation,incongruent,✅,0.02584631402731323
21,23,operation,incongruent,✅,0.02364781057109382
21,24,bride,congruent,✅,0.9602183981398813
21,24,aftermath,congruent,✅,0.9924606219578548
21,24,bride,incongruent,✅,0.0646705339327269
21,24,aftermath,incongruent,✅,0.008930479533283686
21,25,teacher,congruent,✅,0.7949343912116734
21,25,daughter,congruent,✅,0.9773512019596928
21,25,teacher,incongruent,✅,0.01742378730093559
21,25,daughter,incongruent,✅,0.037850173296975674
21,26,roommate,congruent,✅,0.8659309509464395
21,26,grandma,congruent,✅,0.9847270319383173
21,26,roommate,incongruent,✅,0.07654508376457901
21,26,grandma,incongruent,✅,0.027436656237960957
21,27,brother,congruent,✅,0.9066562665840351
21,27,mother,congruent,✅,0.9687314838949747
21,27,brother,incongruent,✅,0.10072260212753226
21,27,mother,incongruent,✅,0.28893511704879166
21,28,preschool,congruent,✅,0.6668737264073109
21,28,prison,congruent,✅,0.585581454549308
21,28,preschool,incongruent,✅,0.0028131802888951866
21,28,prison,incongruent,✅,0.0010807743048245869
21,29,hopeful,congruent,✅,0.8054418047489862
21,29,hopeless,congruent,✅,0.990213729486769
21,29,hopeful,incongruent,❌,0.6610675498545568
21,29,hopeless,incongruent,✅,0.26402360970123795
21,3,marathon,congruent,✅,0.9799930159735578
21,3,exam,congruent,✅,0.965321389022835
21,3,marathon,incongruent,✅,0.019646815889283353
21,3,exam,incongruent,✅,0.06563121110401099
21,30,appalled,congruent,✅,0.94330811364884
21,30,overjoyed,congruent,✅,0.8156425737482015
21,30,appalled,incongruent,✅,0.07439314302881589
21,30,overjoyed,incongruent,❌,0.764387969106617
21,31,reprimand,congruent,✅,0.8895133289856801
21,31,encouragement,congruent,✅,0.9505195376895772
21,31,reprimand,incongruent,✅,0.10381016586379418
21,31,encouragement,incongruent,✅,0.09756466545503623
21,32,angrily,congruent,✅,0.9913617064640063
21,32,cordially,congruent,✅,0.9630962621853221
21,32,angrily,incongruent,✅,0.016655061239186024
21,32,cordially,incongruent,✅,0.07344195526848639
21,33,accusatory,congruent,✅,0.9858075991142881
21,33,flirtatious,congruent,✅,0.8540097545541756
21,33,accusatory,incongruent,✅,0.18610121912103342
21,33,flirtatious,incongruent,✅,0.1670453261525389
21,34,disapprovingly,congruent,✅,0.8859504174780973
21,34,lovingly,congruent,✅,0.5525649607534572
21,34,disapprovingly,incongruent,✅,0.07133155148440722
21,34,lovingly,incongruent,✅,0.2862092491131662
21,35,playful,congruent,✅,0.7845693327808295
21,35,distant,congruent,✅,0.7900167285647682
21,35,playful,incongruent,✅,0.35067672661753735
21,35,distant,incongruent,✅,0.017662185282428113
21,36,headphones,congruent,✅,0.815831196248937
21,36,mangoes,congruent,✅,0.9423760594391888
21,36,headphones,incongruent,✅,0.22117939611871187
21,36,mangoes,incongruent,✅,0.06027594285410951
21,37,playroom,congruent,✅,0.9987814580586764
21,37,park,congruent,✅,0.9955559805322508
21,37,playroom,incongruent,✅,0.03384824688124822
21,37,park,incongruent,❌,0.588577936959773
21,38,bedroom,congruent,✅,0.992922717028771
21,38,backyard,congruent,✅,0.9862245808265456
21,38,bedroom,incongruent,✅,0.026254615806705666
21,38,backyard,incongruent,✅,0.0016592884992456772
21,39,solemnly,congruent,✅,0.8941892622254399
21,39,excitedly,congruent,✅,0.9406091793604494
21,39,solemnly,incongruent,✅,0.38919270739980066
21,39,excitedly,incongruent,✅,0.008418356943411415
21,4,menu,congruent,✅,0.8544922719450171
21,4,prescription,congruent,✅,0.9949909990080479
21,4,menu,incongruent,✅,0.02061558690367682
21,4,prescription,incongruent,✅,0.0019348782202591433
21,40,car,congruent,❌,0.28230852956012575
21,40,sock,congruent,❌,0.03179954080352071
21,40,car,incongruent,✅,0.05991746798774602
21,40,sock,incongruent,✅,0.0007774063853536218
21,41,overdressed,congruent,✅,0.7670432971091755
21,41,naked,congruent,✅,0.6575181383121066
21,41,overdressed,incongruent,✅,0.00287429281431027
21,41,naked,incongruent,✅,0.04030072533107208
21,42,shy,congruent,✅,0.8965256119884468
21,42,lively,congruent,✅,0.9504142493619553
21,42,shy,incongruent,✅,0.2522998957522004
21,42,lively,incongruent,✅,0.32184008799770236
21,43,offended,congruent,✅,0.946863190004529
21,43,flattered,congruent,✅,0.9184012559414992
21,43,offended,incongruent,✅,0.30104897532359526
21,43,flattered,incongruent,❌,0.8365169933749856
21,44,grandkid,congruent,✅,0.9402917168530188
21,44,cellmate,congruent,✅,0.9989361595171282
21,44,grandkid,incongruent,✅,0.06019746037716975
21,44,cellmate,incongruent,✅,0.010705048677452674
21,45,promoted,congruent,✅,0.9765881429640009
21,45,fired,congruent,✅,0.9954868863333682
21,45,promoted,incongruent,❌,0.8044270216936138
21,45,fired,incongruent,❌,0.9674302946837956
21,46,shooting,congruent,❌,0.11001941077042891
21,46,celebration,congruent,❌,0.19261765735939437
21,46,shooting,incongruent,✅,0.004424229917083114
21,46,celebration,incongruent,✅,0.013365290006001425
21,47,crayon,congruent,✅,0.9605340843135187
21,47,beer,congruent,✅,0.9980358990265931
21,47,crayon,incongruent,✅,1.608002723091674e-05
21,47,beer,incongruent,✅,0.001044693640739409
21,48,waiter,congruent,✅,0.9906603755123613
21,48,taxi,congruent,✅,0.9436383838592451
21,48,waiter,incongruent,✅,0.15145248106899853
21,48,taxi,incongruent,✅,0.2774514096914794
21,49,parents,congruent,✅,0.9375067215258972
21,49,keys,congruent,✅,0.9526009855026034
21,49,parents,incongruent,✅,0.27464760699445645
21,49,keys,incongruent,✅,0.026443298444419693
21,5,distress,congruent,✅,0.9198183893745198
21,5,tranquility,congruent,✅,0.9818428234091937
21,5,distress,incongruent,✅,0.001571756185011377
21,5,tranquility,incongruent,✅,0.33106328372441607
21,50,sofa,congruent,✅,0.9987760936559691
21,50,sky,congruent,✅,0.9843561038549244
21,50,sofa,incongruent,❌,0.5736273520625175
21,50,sky,incongruent,❌,0.5181960646130009
21,51,obesity,congruent,✅,0.7816782604141992
21,51,homework,congruent,✅,0.9921854410799835
21,51,obesity,incongruent,✅,0.0024782864664537186
21,51,homework,incongruent,✅,0.18575882135093957
21,52,quiz,congruent,✅,0.9967763002354653
21,52,commute,congruent,✅,0.993520046173624
21,52,quiz,incongruent,✅,0.00702569801979915
21,52,commute,incongruent,✅,0.12509008072793498
21,53,migraine,congruent,✅,0.9930829433525804
21,53,excitement,congruent,✅,0.9882233447889429
21,53,migraine,incongruent,✅,0.0007181200662140864
21,53,excitement,incongruent,✅,0.23183074190861183
21,54,niece,congruent,✅,0.914680108533781
21,54,husband,congruent,✅,0.5983716935687584
21,54,niece,incongruent,✅,0.49955659494780175
21,54,husband,incongruent,❌,0.6882116302840917
21,55,film,congruent,✅,0.8131331584208481
21,55,sunrise,congruent,✅,0.9723705204590047
21,55,film,incongruent,✅,0.09301439041423132
21,55,sunrise,incongruent,✅,0.031700977426372165
21,56,lecture,congruent,✅,0.982698637431987
21,56,banquet,congruent,✅,0.9022218925805058
21,56,lecture,incongruent,✅,0.008789810686070508
21,56,banquet,incongruent,✅,0.0006887925539945755
21,57,drink,congruent,✅,0.995072655689762
21,57,textbook,congruent,✅,0.9794737189456632
21,57,drink,incongruent,✅,0.0073346330722691725
21,57,textbook,incongruent,✅,0.00071160876156896
21,58,pool,congruent,✅,0.9929245080788842
21,58,snow,congruent,✅,0.6799847186660916
21,58,pool,incongruent,✅,0.003942797439425504
21,58,snow,incongruent,✅,0.014343339334233946
21,59,passport,congruent,✅,0.9828417794722313
21,59,plushy,congruent,✅,0.9928209657393786
21,59,passport,incongruent,✅,0.0051674027694709026
21,59,plushy,incongruent,✅,0.25098386418863794
21,6,patients,congruent,✅,0.8572816620900183
21,6,students,congruent,✅,0.993965507878003
21,6,patients,incongruent,✅,0.012764088047168116
21,6,students,incongruent,✅,0.0013592836542286521
21,60,sister,congruent,✅,0.6672265967677168
21,60,father,congruent,✅,0.9871115847218002
21,60,sister,incongruent,✅,0.03107948150177238
21,60,father,incongruent,✅,0.17622687912286766
21,61,game,congruent,✅,0.9887213072727805
21,61,sunset,congruent,✅,0.9987588874105363
21,61,game,incongruent,✅,0.414918704163671
21,61,sunset,incongruent,✅,0.009430617557833244
21,62,holidays,congruent,✅,0.9962620918866791
21,62,funeral,congruent,✅,0.9857414658591018
21,62,holidays,incongruent,✅,0.22276683343016035
21,62,funeral,incongruent,❌,0.5555976644046474
21,63,grades,congruent,✅,0.7873306581613045
21,63,affair,congruent,✅,0.9784162111012759
21,63,grades,incongruent,✅,0.39896679377703054
21,63,affair,incongruent,✅,0.08929458839009559
21,64,arrest,congruent,✅,0.9674459908184911
21,64,stroke,congruent,❌,0.06318167728143079
21,64,arrest,incongruent,✅,0.048995357713323404
21,64,stroke,incongruent,❌,0.5932716391694699
21,65,pacifier,congruent,❌,0.41505451021637313
21,65,coffee,congruent,✅,0.9923347252647979
21,65,pacifier,incongruent,✅,9.656490518003281e-05
21,65,coffee,incongruent,✅,0.0037224687310607007
21,66,sweets,congruent,✅,0.9959850425365404
21,66,sentencing,congruent,✅,0.9151041528316846
21,66,sweets,incongruent,✅,0.0007623489686555728
21,66,sentencing,incongruent,✅,0.038031046119104045
21,67,nap,congruent,✅,0.9884927601059149
21,67,selfie,congruent,✅,0.9995478176011636
21,67,nap,incongruent,✅,0.07241442153426697
21,67,selfie,incongruent,✅,0.004507238111218809
21,68,diaper,congruent,✅,0.9986087968635692
21,68,tire,congruent,✅,0.9989705317403044
21,68,diaper,incongruent,✅,0.0018984034907809856
21,68,tire,incongruent,✅,0.01933235088247747
21,69,chemotherapy,congruent,✅,0.9893630768722657
21,69,golf,congruent,✅,0.9989009157360669
21,69,chemotherapy,incongruent,✅,0.017771771474991014
21,69,golf,incongruent,✅,0.14782750299399103
21,7,consensus,congruent,❌,0.3111382789616502
21,7,deadlock,congruent,❌,0.3715225201431184
21,7,consensus,incongruent,✅,0.03240250881386473
21,7,deadlock,incongruent,✅,0.2849855606845605
21,70,thunder,congruent,✅,0.936528275907263
21,70,lullaby,congruent,✅,0.8158673116042169
21,70,thunder,incongruent,✅,0.033947043398686545
21,70,lullaby,incongruent,✅,0.0209602249814954
21,71,pajamas,congruent,✅,0.9984771089741572
21,71,uniform,congruent,✅,0.9921325280848091
21,71,pajamas,incongruent,✅,0.050050980589619695
21,71,uniform,incongruent,✅,0.0013540869444119436
21,72,gown,congruent,✅,0.9975493630656488
21,72,sweats,congruent,✅,0.9862210743487354
21,72,gown,incongruent,✅,0.0007552470497222065
21,72,sweats,incongruent,❌,0.8347343255756228
21,73,deadline,congruent,✅,0.6386079454518248
21,73,bed,congruent,✅,0.8543654448003466
21,73,deadline,incongruent,✅,0.002073286968089313
21,73,bed,incongruent,✅,0.010988383356909447
21,74,kindergarten,congruent,✅,0.9091455187662378
21,74,jail,congruent,✅,0.8539126271532285
21,74,kindergarten,incongruent,✅,0.006414235861977161
21,74,jail,incongruent,✅,0.38798052487050205
21,75,interrogated,congruent,✅,0.9869033027225804
21,75,tickled,congruent,✅,0.5598630081991812
21,75,interrogated,incongruent,✅,0.1313661962620126
21,75,tickled,incongruent,✅,0.06927090690153997
21,76,sandcastle,congruent,✅,0.9837794880192781
21,76,snowman,congruent,✅,0.9968431040176778
21,76,sandcastle,incongruent,✅,0.14219760027350928
21,76,snowman,incongruent,❌,0.5428746877591134
21,77,music,congruent,✅,0.9995154442980523
21,77,pizza,congruent,✅,0.9995866219008793
21,77,music,incongruent,✅,0.047809368188816904
21,77,pizza,incongruent,✅,0.0007421828470776159
21,78,playoffs,congruent,✅,0.9085958251031494
21,78,cartoon,congruent,✅,0.9970507909129334
21,78,playoffs,incongruent,✅,0.0021342744105226448
21,78,cartoon,incongruent,✅,0.09253534027426963
21,79,alcoholism,congruent,✅,0.9116203969505254
21,79,academics,congruent,✅,0.9886281388542564
21,79,alcoholism,incongruent,✅,0.0489201881182753
21,79,academics,incongruent,✅,0.05977150002256357
21,8,engagement,congruent,✅,0.9447519009608207
21,8,cancer,congruent,❌,0.48733154117528266
21,8,engagement,incongruent,❌,0.7484554229808159
21,8,cancer,incongruent,✅,0.06662767774893345
21,9,terminal,congruent,✅,0.9809166106725613
21,9,classroom,congruent,✅,0.9046241107328568
21,9,terminal,incongruent,✅,0.0012998396244491067
21,9,classroom,incongruent,✅,0.00724724333024224
22,0,library,congruent,✅,0.9767128043546494
22,0,refrigerator,congruent,✅,0.6168067031095333
22,0,library,incongruent,✅,0.030054924919500202
22,0,refrigerator,incongruent,✅,0.002712398106288644
22,1,disappointment,congruent,✅,0.5886213562358927
22,1,delight,congruent,✅,0.5095298632002573
22,1,disappointment,incongruent,✅,0.0016436082176837048
22,1,delight,incongruent,✅,0.25731111385694605
22,10,cash,congruent,✅,0.9940822647894468
22,10,groceries,congruent,✅,0.9750024503209096
22,10,cash,incongruent,✅,0.05639658957313636
22,10,groceries,incongruent,✅,0.03863498750586606
22,11,lonely,congruent,✅,0.9662302086262353
22,11,confident,congruent,✅,0.8969867733530017
22,11,lonely,incongruent,✅,0.08013213754935745
22,11,confident,incongruent,✅,0.19125697224459456
22,12,joy,congruent,✅,0.9993337091033648
22,12,outrage,congruent,❌,0.1468095519000401
22,12,joy,incongruent,✅,0.007576077519253432
22,12,outrage,incongruent,❌,0.965211851215752
22,13,traffic,congruent,✅,0.9981830567382404
22,13,snowstorm,congruent,✅,0.9981963013773529
22,13,traffic,incongruent,❌,0.8337117284412058
22,13,snowstorm,incongruent,❌,0.8998332443198501
22,14,laughter,congruent,✅,0.9882515269577548
22,14,frustration,congruent,✅,0.9916579423787796
22,14,laughter,incongruent,✅,0.0818992100842679
22,14,frustration,incongruent,✅,0.30790112830181626
22,15,calculator,congruent,✅,0.9112384344823766
22,15,instrument,congruent,✅,0.9439893624368795
22,15,calculator,incongruent,✅,0.05302730189515396
22,15,instrument,incongruent,❌,0.7314498557222184
22,16,orchestra,congruent,✅,0.9379021951180206
22,16,racers,congruent,✅,0.9974388413410428
22,16,orchestra,incongruent,✅,0.14349599747837546
22,16,racers,incongruent,✅,0.01100122479361053
22,17,retirement,congruent,✅,0.9574539420464127
22,17,playdate,congruent,✅,0.9647951452668607
22,17,retirement,incongruent,✅,0.062119858670464406
22,17,playdate,incongruent,✅,0.005875252783034421
22,18,relieved,congruent,❌,0.45942211994530746
22,18,depressed,congruent,❌,0.17055689745871844
22,18,relieved,incongruent,✅,0.016551508902341097
22,18,depressed,incongruent,✅,0.1894803030160823
22,19,friends,congruent,❌,0.1671522594186093
22,19,weight,congruent,✅,0.6209250359063723
22,19,friends,incongruent,✅,0.04884477545614389
22,19,weight,incongruent,✅,0.05748943874985222
22,2,overcoat,congruent,✅,0.9589275772703468
22,2,sandals,congruent,✅,0.9573035574882933
22,2,overcoat,incongruent,✅,0.021855356401443767
22,2,sandals,incongruent,✅,0.01339043142304809
22,20,lipstick,congruent,✅,0.7184979838520922
22,20,song,congruent,✅,0.9965078638915836
22,20,lipstick,incongruent,✅,0.012792110712135553
22,20,song,incongruent,✅,0.08813509453052072
22,21,fought,congruent,✅,0.8536407118907676
22,21,sang,congruent,✅,0.8197685367366976
22,21,fought,incongruent,✅,0.1191797959322427
22,21,sang,incongruent,✅,0.009527361419201817
22,22,skeptical,congruent,✅,0.5160746857775598
22,22,reassured,congruent,✅,0.5576254093967242
22,22,skeptical,incongruent,✅,0.12183942319295728
22,22,reassured,incongruent,✅,0.1622728064268777
22,23,graduation,congruent,✅,0.9992305623699157
22,23,operation,congruent,✅,0.9555576341879013
22,23,graduation,incongruent,✅,0.01729493914776015
22,23,operation,incongruent,✅,0.01704714596313163
22,24,bride,congruent,✅,0.9852402984979656
22,24,aftermath,congruent,✅,0.993035754298644
22,24,bride,incongruent,✅,0.03062182851930749
22,24,aftermath,incongruent,✅,0.0067695698357266906
22,25,teacher,congruent,✅,0.6993610917858684
22,25,daughter,congruent,✅,0.9904451584930906
22,25,teacher,incongruent,✅,0.07675083182240791
22,25,daughter,incongruent,✅,0.034281019016833454
22,26,roommate,congruent,✅,0.9200929293304219
22,26,grandma,congruent,✅,0.9872032895944556
22,26,roommate,incongruent,✅,0.05301853251332884
22,26,grandma,incongruent,✅,0.029837409703441817
22,27,brother,congruent,✅,0.8885446603649607
22,27,mother,congruent,✅,0.98215904362655
22,27,brother,incongruent,✅,0.11089747214311764
22,27,mother,incongruent,✅,0.37202993384949345
22,28,preschool,congruent,✅,0.6890042917501357
22,28,prison,congruent,❌,0.28924458537429193
22,28,preschool,incongruent,✅,0.001351481084830388
22,28,prison,incongruent,✅,0.0008944666456631553
22,29,hopeful,congruent,✅,0.5310326111492464
22,29,hopeless,congruent,✅,0.9601745158956941
22,29,hopeful,incongruent,✅,0.3504185758218278
22,29,hopeless,incongruent,✅,0.07514572884273399
22,3,marathon,congruent,✅,0.9697142869636888
22,3,exam,congruent,✅,0.9629813817134433
22,3,marathon,incongruent,✅,0.0062101003442709465
22,3,exam,incongruent,✅,0.06882671358515759
22,30,appalled,congruent,✅,0.8981404129728028
22,30,overjoyed,congruent,✅,0.9255248512042927
22,30,appalled,incongruent,✅,0.35341584767135664
22,30,overjoyed,incongruent,❌,0.5998377747100284
22,31,reprimand,congruent,✅,0.8897184569757668
22,31,encouragement,congruent,✅,0.9229868925376417
22,31,reprimand,incongruent,✅,0.07959742150494684
22,31,encouragement,incongruent,✅,0.11413098870708203
22,32,angrily,congruent,✅,0.989593223924505
22,32,cordially,congruent,✅,0.978360529625413
22,32,angrily,incongruent,✅,0.04195324735679117
22,32,cordially,incongruent,✅,0.04801954780570211
22,33,accusatory,congruent,✅,0.9881842524115582
22,33,flirtatious,congruent,✅,0.9178527023641868
22,33,accusatory,incongruent,✅,0.2793514632918178
22,33,flirtatious,incongruent,✅,0.22903478072965153
22,34,disapprovingly,congruent,✅,0.9548962307507081
22,34,lovingly,congruent,✅,0.8411764378137403
22,34,disapprovingly,incongruent,✅,0.26750649929380904
22,34,lovingly,incongruent,❌,0.5908804630470009
22,35,playful,congruent,✅,0.5749164069931336
22,35,distant,congruent,✅,0.547196852678344
22,35,playful,incongruent,✅,0.11686802021172565
22,35,distant,incongruent,✅,0.012458549489304749
22,36,headphones,congruent,✅,0.7033840099406972
22,36,mangoes,congruent,✅,0.9025583412567653
22,36,headphones,incongruent,✅,0.08416606587929869
22,36,mangoes,incongruent,✅,0.03912833977444278
22,37,playroom,congruent,✅,0.9990153341743012
22,37,park,congruent,✅,0.9994908662247298
22,37,playroom,incongruent,✅,0.130667535870775
22,37,park,incongruent,❌,0.5145931231446486
22,38,bedroom,congruent,✅,0.9976698008764795
22,38,backyard,congruent,✅,0.9967577000858844
22,38,bedroom,incongruent,✅,0.044450958394916425
22,38,backyard,incongruent,✅,0.0029425896700721924
22,39,solemnly,congruent,✅,0.783911609117666
22,39,excitedly,congruent,✅,0.8657833094321771
22,39,solemnly,incongruent,✅,0.15056981764315158
22,39,excitedly,incongruent,✅,0.017979340978180183
22,4,menu,congruent,✅,0.9064939278414034
22,4,prescription,congruent,✅,0.9961602307926236
22,4,menu,incongruent,✅,0.01818234868330791
22,4,prescription,incongruent,✅,0.005191066875036268
22,40,car,congruent,❌,0.3320710865988343
22,40,sock,congruent,❌,0.020565530912571555
22,40,car,incongruent,✅,0.014171740570690514
22,40,sock,incongruent,✅,0.0013676356202173682
22,41,overdressed,congruent,❌,0.475199308833394
22,41,naked,congruent,✅,0.8179777519182849
22,41,overdressed,incongruent,✅,0.012393758556781627
22,41,naked,incongruent,✅,0.02354183725347608
22,42,shy,congruent,✅,0.8098667077653465
22,42,lively,congruent,✅,0.9394051891663989
22,42,shy,incongruent,✅,0.2769191706983741
22,42,lively,incongruent,✅,0.2976671677066346
22,43,offended,congruent,✅,0.9361190453959927
22,43,flattered,congruent,✅,0.7963600015357353
22,43,offended,incongruent,✅,0.13716638127296288
22,43,flattered,incongruent,❌,0.7925651878195806
22,44,grandkid,congruent,✅,0.9733958137523906
22,44,cellmate,congruent,✅,0.9985345819537935
22,44,grandkid,incongruent,✅,0.08707634674994154
22,44,cellmate,incongruent,✅,0.00919986145876033
22,45,promoted,congruent,✅,0.9739623656668016
22,45,fired,congruent,✅,0.991601060014985
22,45,promoted,incongruent,❌,0.573374081406822
22,45,fired,incongruent,❌,0.9524181903252005
22,46,shooting,congruent,❌,0.1825025487996493
22,46,celebration,congruent,❌,0.06256522473158449
22,46,shooting,incongruent,✅,0.000998240885929229
22,46,celebration,incongruent,✅,0.013144707450982087
22,47,crayon,congruent,✅,0.8975199858099121
22,47,beer,congruent,✅,0.9977477297473574
22,47,crayon,incongruent,✅,0.00014104281331433642
22,47,beer,incongruent,✅,0.0005324958632491713
22,48,waiter,congruent,✅,0.987714850366431
22,48,taxi,congruent,✅,0.9000623605817356
22,48,waiter,incongruent,✅,0.08406673210557405
22,48,taxi,incongruent,✅,0.09600560013893272
22,49,parents,congruent,✅,0.9791382131493115
22,49,keys,congruent,✅,0.9758258505619117
22,49,parents,incongruent,✅,0.28900268390321737
22,49,keys,incongruent,✅,0.0486013516971831
22,5,distress,congruent,✅,0.9476381064358864
22,5,tranquility,congruent,✅,0.9673141102272043
22,5,distress,incongruent,✅,0.0021897993985989734
22,5,tranquility,incongruent,✅,0.3257449939503056
22,50,sofa,congruent,✅,0.9982901617087102
22,50,sky,congruent,✅,0.9808373191497469
22,50,sofa,incongruent,✅,0.28719748720908445
22,50,sky,incongruent,✅,0.25589389856581185
22,51,obesity,congruent,✅,0.6240792270044867
22,51,homework,congruent,✅,0.9889863795519829
22,51,obesity,incongruent,✅,0.0012865098012383328
22,51,homework,incongruent,✅,0.1841816630308862
22,52,quiz,congruent,✅,0.9935704286486379
22,52,commute,congruent,✅,0.9972891641496658
22,52,quiz,incongruent,✅,0.019734506221956338
22,52,commute,incongruent,✅,0.012089315152837073
22,53,migraine,congruent,✅,0.9959331462948651
22,53,excitement,congruent,✅,0.9694174090329509
22,53,migraine,incongruent,✅,0.0019762471568633344
22,53,excitement,incongruent,✅,0.191959100233657
22,54,niece,congruent,✅,0.852587064646309
22,54,husband,congruent,✅,0.7678182372824047
22,54,niece,incongruent,❌,0.7638789390918141
22,54,husband,incongruent,❌,0.627884285773419
22,55,film,congruent,✅,0.8902168751725159
22,55,sunrise,congruent,✅,0.9025533172434209
22,55,film,incongruent,✅,0.012925783501210222
22,55,sunrise,incongruent,✅,0.016572763830797085
22,56,lecture,congruent,✅,0.9864146546777285
22,56,banquet,congruent,✅,0.9268065554849415
22,56,lecture,incongruent,✅,0.008323230210380443
22,56,banquet,incongruent,✅,0.0008812722106380374
22,57,drink,congruent,✅,0.9965511858106577
22,57,textbook,congruent,✅,0.9705606505600581
22,57,drink,incongruent,✅,0.00503643682511489
22,57,textbook,incongruent,✅,0.00045181834252725996
22,58,pool,congruent,✅,0.9976764575168147
22,58,snow,congruent,✅,0.776304663940163
22,58,pool,incongruent,✅,0.0029851837157268213
22,58,snow,incongruent,✅,0.014330003983994527
22,59,passport,congruent,✅,0.9735914770962498
22,59,plushy,congruent,✅,0.9933672599710869
22,59,passport,incongruent,✅,0.020287349820606336
22,59,plushy,incongruent,✅,0.10898737643577674
22,6,patients,congruent,✅,0.9265303912571572
22,6,students,congruent,✅,0.9971076195888081
22,6,patients,incongruent,✅,0.009052898112123627
22,6,students,incongruent,✅,0.0013927178021119503
22,60,sister,congruent,❌,0.4438347312772366
22,60,father,congruent,✅,0.996613115325008
22,60,sister,incongruent,✅,0.015071184604350111
22,60,father,incongruent,✅,0.2136291448720651
22,61,game,congruent,✅,0.9930682488238506
22,61,sunset,congruent,✅,0.9942273777020634
22,61,game,incongruent,✅,0.03529730071656079
22,61,sunset,incongruent,✅,0.006771190910665219
22,62,holidays,congruent,✅,0.9982082158254395
22,62,funeral,congruent,✅,0.9686407778147375
22,62,holidays,incongruent,✅,0.07702430698767475
22,62,funeral,incongruent,❌,0.7587032511898418
22,63,grades,congruent,✅,0.6274872578655654
22,63,affair,congruent,✅,0.911291949264173
22,63,grades,incongruent,✅,0.052334389195811085
22,63,affair,incongruent,✅,0.03920702373416137
22,64,arrest,congruent,✅,0.9653845970456549
22,64,stroke,congruent,❌,0.0467125430470742
22,64,arrest,incongruent,✅,0.015155489358690086
22,64,stroke,incongruent,✅,0.47154734976432167
22,65,pacifier,congruent,❌,0.4737543105996893
22,65,coffee,congruent,✅,0.9900487682590332
22,65,pacifier,incongruent,✅,0.00017424390710059798
22,65,coffee,incongruent,✅,0.001978265604591816
22,66,sweets,congruent,✅,0.9965579039825623
22,66,sentencing,congruent,✅,0.8214096805728596
22,66,sweets,incongruent,✅,0.00040868858932965885
22,66,sentencing,incongruent,✅,0.009688634519677766
22,67,nap,congruent,✅,0.9939204595865023
22,67,selfie,congruent,✅,0.9997456446131657
22,67,nap,incongruent,✅,0.07733961404016154
22,67,selfie,incongruent,✅,0.0016346724002395917
22,68,diaper,congruent,✅,0.9998007652974762
22,68,tire,congruent,✅,0.9996339449589066
22,68,diaper,incongruent,✅,0.0022250313875886536
22,68,tire,incongruent,✅,0.09455361945576062
22,69,chemotherapy,congruent,✅,0.9942829147644443
22,69,golf,congruent,✅,0.9995971559209216
22,69,chemotherapy,incongruent,✅,0.011216879097938089
22,69,golf,incongruent,✅,0.3606657354723476
22,7,consensus,congruent,❌,0.3218901050761763
22,7,deadlock,congruent,❌,0.4228118373535011
22,7,consensus,incongruent,✅,0.04813969597148694
22,7,deadlock,incongruent,✅,0.21526451699634933
22,70,thunder,congruent,✅,0.9860464271739519
22,70,lullaby,congruent,✅,0.6652608777401553
22,70,thunder,incongruent,✅,0.03744874123779576
22,70,lullaby,incongruent,✅,0.024415027880070404
22,71,pajamas,congruent,✅,0.9992566374209498
22,71,uniform,congruent,✅,0.997117085404849
22,71,pajamas,incongruent,✅,0.029614249166440284
22,71,uniform,incongruent,✅,0.0034749707172369425
22,72,gown,congruent,✅,0.9991188309550026
22,72,sweats,congruent,✅,0.9777330591807187
22,72,gown,incongruent,✅,0.0015091317190005873
22,72,sweats,incongruent,❌,0.6595997048697578
22,73,deadline,congruent,✅,0.7064977964353282
22,73,bed,congruent,✅,0.8446731706430571
22,73,deadline,incongruent,✅,0.0017345600923207578
22,73,bed,incongruent,✅,0.024460690273238914
22,74,kindergarten,congruent,✅,0.9476620221088984
22,74,jail,congruent,✅,0.9003984736297521
22,74,kindergarten,incongruent,✅,0.00815087240665467
22,74,jail,incongruent,✅,0.41058489776334
22,75,interrogated,congruent,✅,0.9583397211159084
22,75,tickled,congruent,✅,0.7418909173523042
22,75,interrogated,incongruent,✅,0.2701817954636536
22,75,tickled,incongruent,✅,0.003284769879400711
22,76,sandcastle,congruent,✅,0.9813923076930483
22,76,snowman,congruent,✅,0.9989353402202661
22,76,sandcastle,incongruent,✅,0.05392897352234069
22,76,snowman,incongruent,✅,0.41936941096068336
22,77,music,congruent,✅,0.9996951374222047
22,77,pizza,congruent,✅,0.9998728923167006
22,77,music,incongruent,✅,0.05647832100977447
22,77,pizza,incongruent,✅,0.0017478405017568048
22,78,playoffs,congruent,✅,0.8293775426190872
22,78,cartoon,congruent,✅,0.9977359268061146
22,78,playoffs,incongruent,✅,0.0018795788685019342
22,78,cartoon,incongruent,✅,0.04732681774349433
22,79,alcoholism,congruent,✅,0.9704888511530494
22,79,academics,congruent,✅,0.9957784828102829
22,79,alcoholism,incongruent,✅,0.052112820760822076
22,79,academics,incongruent,✅,0.24812616229176676
22,8,engagement,congruent,✅,0.9780926189600553
22,8,cancer,congruent,✅,0.5047541976597569
22,8,engagement,incongruent,❌,0.6475597692750615
22,8,cancer,incongruent,✅,0.23675827849043365
22,9,terminal,congruent,✅,0.9859145240137566
22,9,classroom,congruent,✅,0.9130322951329345
22,9,terminal,incongruent,✅,0.0011309990704359662
22,9,classroom,incongruent,✅,0.00702445618854494
23,0,library,congruent,✅,0.9789080116106689
23,0,refrigerator,congruent,✅,0.6823967222878901
23,0,library,incongruent,✅,0.030719255824550085
23,0,refrigerator,incongruent,✅,0.0005630145809842851
23,1,disappointment,congruent,✅,0.7497469067373076
23,1,delight,congruent,✅,0.6620414171201323
23,1,disappointment,incongruent,✅,0.00026197369198843593
23,1,delight,incongruent,✅,0.14738243614626945
23,10,cash,congruent,✅,0.9991940151571218
23,10,groceries,congruent,✅,0.9973317529711578
23,10,cash,incongruent,✅,0.2964001436805256
23,10,groceries,incongruent,✅,0.09475714672587568
23,11,lonely,congruent,✅,0.9664154610758078
23,11,confident,congruent,✅,0.9815690735893717
23,11,lonely,incongruent,✅,0.03643825943664401
23,11,confident,incongruent,✅,0.032795439477440624
23,12,joy,congruent,✅,0.9995654151320494
23,12,outrage,congruent,❌,0.20256424564078188
23,12,joy,incongruent,✅,0.0021920067850298196
23,12,outrage,incongruent,❌,0.955840580259624
23,13,traffic,congruent,✅,0.9992740082204333
23,13,snowstorm,congruent,✅,0.9951034665585384
23,13,traffic,incongruent,❌,0.704504480404892
23,13,snowstorm,incongruent,❌,0.731912724401144
23,14,laughter,congruent,✅,0.9953973049116712
23,14,frustration,congruent,✅,0.9966470956272613
23,14,laughter,incongruent,✅,0.025358766730591353
23,14,frustration,incongruent,✅,0.08146813139501037
23,15,calculator,congruent,✅,0.8353938258907787
23,15,instrument,congruent,✅,0.9882260691634914
23,15,calculator,incongruent,✅,0.01741250152462932
23,15,instrument,incongruent,❌,0.7928732669334723
23,16,orchestra,congruent,✅,0.973779256966115
23,16,racers,congruent,✅,0.9985914643797
23,16,orchestra,incongruent,❌,0.6057034669313466
23,16,racers,incongruent,✅,0.006846317566243493
23,17,retirement,congruent,✅,0.9635944480552401
23,17,playdate,congruent,✅,0.977235302750144
23,17,retirement,incongruent,✅,0.014832420154022185
23,17,playdate,incongruent,✅,0.0011506075732743554
23,18,relieved,congruent,✅,0.6820013253826663
23,18,depressed,congruent,✅,0.5889387546516668
23,18,relieved,incongruent,✅,0.033457217254137354
23,18,depressed,incongruent,✅,0.09268243382664713
23,19,friends,congruent,❌,0.2019058359154928
23,19,weight,congruent,✅,0.867045947122154
23,19,friends,incongruent,✅,0.04418727126090249
23,19,weight,incongruent,✅,0.022297901464139416
23,2,overcoat,congruent,✅,0.8196392490291826
23,2,sandals,congruent,✅,0.855604389828183
23,2,overcoat,incongruent,✅,0.0018814601791491657
23,2,sandals,incongruent,✅,0.00017410929182846548
23,20,lipstick,congruent,✅,0.8200877130038076
23,20,song,congruent,✅,0.9971173414366048
23,20,lipstick,incongruent,✅,0.018396359916247176
23,20,song,incongruent,✅,0.07435506784725757
23,21,fought,congruent,✅,0.9462697134713665
23,21,sang,congruent,✅,0.9853852822656414
23,21,fought,incongruent,✅,0.06966852706654277
23,21,sang,incongruent,✅,0.0035390615949049417
23,22,skeptical,congruent,✅,0.9239905122837514
23,22,reassured,congruent,✅,0.8097201143524873
23,22,skeptical,incongruent,✅,0.10120622853137609
23,22,reassured,incongruent,✅,0.3677679761427141
23,23,graduation,congruent,✅,0.9993494111474224
23,23,operation,congruent,✅,0.9098882536089989
23,23,graduation,incongruent,✅,0.008180419448922848
23,23,operation,incongruent,✅,0.009508719904138006
23,24,bride,congruent,✅,0.8944415246147378
23,24,aftermath,congruent,✅,0.9959625440532599
23,24,bride,incongruent,✅,0.016552014421107424
23,24,aftermath,incongruent,✅,0.000729747176339746
23,25,teacher,congruent,✅,0.9413126997013648
23,25,daughter,congruent,✅,0.9972790046654114
23,25,teacher,incongruent,❌,0.9241338061952864
23,25,daughter,incongruent,❌,0.5423352181123281
23,26,roommate,congruent,✅,0.974259290359394
23,26,grandma,congruent,✅,0.9990460752191472
23,26,roommate,incongruent,✅,0.04969106629761755
23,26,grandma,incongruent,✅,0.00038037525729232554
23,27,brother,congruent,✅,0.9324332367745989
23,27,mother,congruent,✅,0.9917949662472781
23,27,brother,incongruent,✅,0.18343165904802464
23,27,mother,incongruent,✅,0.005628448816944783
23,28,preschool,congruent,✅,0.9487840750756569
23,28,prison,congruent,❌,0.49538863458346033
23,28,preschool,incongruent,✅,0.00016566644342299946
23,28,prison,incongruent,✅,0.0010767125969152415
23,29,hopeful,congruent,✅,0.8264163257595446
23,29,hopeless,congruent,✅,0.9761558954020942
23,29,hopeful,incongruent,✅,0.3061479163535707
23,29,hopeless,incongruent,✅,0.11541943891689016
23,3,marathon,congruent,✅,0.9781257862054037
23,3,exam,congruent,✅,0.9857946735773463
23,3,marathon,incongruent,✅,0.0007284174432330539
23,3,exam,incongruent,✅,0.026225316643132216
23,30,appalled,congruent,✅,0.9809012935627911
23,30,overjoyed,congruent,✅,0.8516568690421586
23,30,appalled,incongruent,✅,0.10712803445696278
23,30,overjoyed,incongruent,❌,0.8877180331178012
23,31,reprimand,congruent,✅,0.975705875297728
23,31,encouragement,congruent,✅,0.9881632898907513
23,31,reprimand,incongruent,✅,0.007803526791372583
23,31,encouragement,incongruent,✅,0.2065483113953711
23,32,angrily,congruent,✅,0.9967056966794376
23,32,cordially,congruent,✅,0.974670679779642
23,32,angrily,incongruent,✅,0.0010362401715152284
23,32,cordially,incongruent,✅,0.0014927699960425934
23,33,accusatory,congruent,✅,0.996773307216834
23,33,flirtatious,congruent,✅,0.9839817084107959
23,33,accusatory,incongruent,❌,0.6362868754402334
23,33,flirtatious,incongruent,✅,0.406562072478223
23,34,disapprovingly,congruent,✅,0.9605069547927177
23,34,lovingly,congruent,❌,0.4968634906751288
23,34,disapprovingly,incongruent,✅,0.007772663352403107
23,34,lovingly,incongruent,✅,0.15251108459251192
23,35,playful,congruent,✅,0.9415549370736683
23,35,distant,congruent,✅,0.7361303482932595
23,35,playful,incongruent,✅,0.029941722350007662
23,35,distant,incongruent,✅,0.04533839821559118
23,36,headphones,congruent,✅,0.8668141333418276
23,36,mangoes,congruent,✅,0.8973122233394302
23,36,headphones,incongruent,✅,0.014079638343985009
23,36,mangoes,incongruent,✅,0.04926920145032687
23,37,playroom,congruent,✅,0.9996957901047449
23,37,park,congruent,✅,0.9993291551302478
23,37,playroom,incongruent,✅,0.11743713455502772
23,37,park,incongruent,✅,0.04645918961931772
23,38,bedroom,congruent,✅,0.9984488008792815
23,38,backyard,congruent,✅,0.9990923084329469
23,38,bedroom,incongruent,✅,0.012941224796866118
23,38,backyard,incongruent,✅,0.003556425964562865
23,39,solemnly,congruent,✅,0.7890452762942157
23,39,excitedly,congruent,✅,0.9772348418425564
23,39,solemnly,incongruent,✅,0.06599002692272173
23,39,excitedly,incongruent,✅,0.002997261321637809
23,4,menu,congruent,✅,0.8647156675145871
23,4,prescription,congruent,✅,0.9987484967709989
23,4,menu,incongruent,✅,0.0028339197662977976
23,4,prescription,incongruent,✅,0.0021450958032043534
23,40,car,congruent,✅,0.6509478378949952
23,40,sock,congruent,❌,0.19179436802532185
23,40,car,incongruent,✅,0.07117470945361609
23,40,sock,incongruent,✅,0.003593026325139126
23,41,overdressed,congruent,✅,0.7826299877291163
23,41,naked,congruent,✅,0.7079239154728131
23,41,overdressed,incongruent,✅,0.0021068406357115013
23,41,naked,incongruent,✅,0.03403045003592295
23,42,shy,congruent,✅,0.5089428426814346
23,42,lively,congruent,✅,0.9767190263700076
23,42,shy,incongruent,✅,0.00242306592833565
23,42,lively,incongruent,✅,0.015569561004659668
23,43,offended,congruent,✅,0.6166643065390398
23,43,flattered,congruent,✅,0.6129139181630062
23,43,offended,incongruent,✅,0.026903009942150655
23,43,flattered,incongruent,✅,0.3040692478914362
23,44,grandkid,congruent,✅,0.9988959357983475
23,44,cellmate,congruent,✅,0.9991317327787903
23,44,grandkid,incongruent,✅,0.006925958672438501
23,44,cellmate,incongruent,✅,0.017359928620686815
23,45,promoted,congruent,✅,0.9895682399626827
23,45,fired,congruent,✅,0.9878215375269622
23,45,promoted,incongruent,✅,0.4991433229132535
23,45,fired,incongruent,❌,0.9213116265803406
23,46,shooting,congruent,❌,0.19792883121857388
23,46,celebration,congruent,❌,0.1337621502505572
23,46,shooting,incongruent,✅,0.0018061779780112685
23,46,celebration,incongruent,✅,0.0025070815124377537
23,47,crayon,congruent,✅,0.8155623003584992
23,47,beer,congruent,✅,0.9985490525359548
23,47,crayon,incongruent,✅,0.0001507466069859504
23,47,beer,incongruent,✅,0.000298731366109478
23,48,waiter,congruent,✅,0.9928871727440941
23,48,taxi,congruent,✅,0.9293637261231483
23,48,waiter,incongruent,✅,0.08737156700258368
23,48,taxi,incongruent,✅,0.03290433420035145
23,49,parents,congruent,✅,0.9934670973203126
23,49,keys,congruent,✅,0.9904927673514321
23,49,parents,incongruent,✅,0.11777872507143382
23,49,keys,incongruent,✅,0.030943054489115197
23,5,distress,congruent,✅,0.9792203443528106
23,5,tranquility,congruent,✅,0.9930851005095135
23,5,distress,incongruent,✅,0.00028215133192579535
23,5,tranquility,incongruent,✅,0.037614040523507315
23,50,sofa,congruent,✅,0.9986168857787334
23,50,sky,congruent,✅,0.9947581327503261
23,50,sofa,incongruent,✅,0.052055874785620466
23,50,sky,incongruent,✅,0.33161419749379817
23,51,obesity,congruent,✅,0.7265824003961678
23,51,homework,congruent,✅,0.9972413125735492
23,51,obesity,incongruent,✅,0.0002616035642572512
23,51,homework,incongruent,✅,0.20971254610191983
23,52,quiz,congruent,✅,0.9971855310957449
23,52,commute,congruent,✅,0.999160082657034
23,52,quiz,incongruent,✅,0.03979565251778008
23,52,commute,incongruent,✅,0.0028988450567280825
23,53,migraine,congruent,✅,0.9989945358724414
23,53,excitement,congruent,✅,0.995816585089139
23,53,migraine,incongruent,✅,0.0015898672840468219
23,53,excitement,incongruent,✅,0.3112902930214337
23,54,niece,congruent,❌,0.48003530957752116
23,54,husband,congruent,✅,0.8937448666614888
23,54,niece,incongruent,✅,0.11021690166399489
23,54,husband,incongruent,✅,0.3048784607933323
23,55,film,congruent,✅,0.984822795139012
23,55,sunrise,congruent,✅,0.7432108448780747
23,55,film,incongruent,✅,0.009085646757887571
23,55,sunrise,incongruent,✅,0.025682067175297855
23,56,lecture,congruent,✅,0.9859929810150536
23,56,banquet,congruent,✅,0.8900000462017917
23,56,lecture,incongruent,✅,0.0030278466580591756
23,56,banquet,incongruent,✅,0.00036164085751756817
23,57,drink,congruent,✅,0.9989735445017932
23,57,textbook,congruent,✅,0.9765742229561906
23,57,drink,incongruent,✅,0.000914116362310734
23,57,textbook,incongruent,✅,6.605027679990401e-05
23,58,pool,congruent,✅,0.9994468162568014
23,58,snow,congruent,✅,0.9752669930357054
23,58,pool,incongruent,✅,0.01628701641170729
23,58,snow,incongruent,✅,0.037149529469566574
23,59,passport,congruent,✅,0.9976324830043152
23,59,plushy,congruent,✅,0.9938843849914047
23,59,passport,incongruent,✅,0.0025909695156245594
23,59,plushy,incongruent,✅,0.02544607453629594
23,6,patients,congruent,✅,0.9901044617888816
23,6,students,congruent,✅,0.9979275763589879
23,6,patients,incongruent,✅,0.025897572160777555
23,6,students,incongruent,✅,0.00028246617374668283
23,60,sister,congruent,✅,0.9625146043445164
23,60,father,congruent,✅,0.9822947685742929
23,60,sister,incongruent,✅,0.002318813602631667
23,60,father,incongruent,✅,0.003233157099663136
23,61,game,congruent,✅,0.9953515045464596
23,61,sunset,congruent,✅,0.9976309814752145
23,61,game,incongruent,✅,0.26278964250170433
23,61,sunset,incongruent,✅,0.03928041289551028
23,62,holidays,congruent,✅,0.9971179000901192
23,62,funeral,congruent,✅,0.9919975139014193
23,62,holidays,incongruent,✅,0.11597229933224859
23,62,funeral,incongruent,✅,0.470932387560683
23,63,grades,congruent,✅,0.6509530423264605
23,63,affair,congruent,✅,0.9928204975759497
23,63,grades,incongruent,✅,0.0550101754806714
23,63,affair,incongruent,✅,0.017186547097416422
23,64,arrest,congruent,✅,0.8601636068066454
23,64,stroke,congruent,❌,0.25443314196262007
23,64,arrest,incongruent,✅,0.04867071769066252
23,64,stroke,incongruent,✅,0.27265518436863134
23,65,pacifier,congruent,❌,0.387914126125897
23,65,coffee,congruent,✅,0.997898862970879
23,65,pacifier,incongruent,✅,0.0013199033777257676
23,65,coffee,incongruent,✅,0.0007075371414320066
23,66,sweets,congruent,✅,0.999064656091632
23,66,sentencing,congruent,✅,0.9396930794237792
23,66,sweets,incongruent,✅,5.6245594239884744e-05
23,66,sentencing,incongruent,✅,0.008611551844040227
23,67,nap,congruent,✅,0.9994528871166206
23,67,selfie,congruent,✅,0.9997488289471289
23,67,nap,incongruent,✅,0.015785327389877365
23,67,selfie,incongruent,✅,0.00020946515077093883
23,68,diaper,congruent,✅,0.9996539801463724
23,68,tire,congruent,✅,0.9993696149813545
23,68,diaper,incongruent,✅,0.0002353968472880484
23,68,tire,incongruent,✅,0.08959498015090817
23,69,chemotherapy,congruent,✅,0.996893012240133
23,69,golf,congruent,✅,0.9996021086087379
23,69,chemotherapy,incongruent,✅,0.020130351427841205
23,69,golf,incongruent,✅,0.26136588323039306
23,7,consensus,congruent,✅,0.5342131500315057
23,7,deadlock,congruent,✅,0.7414464646144868
23,7,consensus,incongruent,✅,0.045046733980883685
23,7,deadlock,incongruent,✅,0.16120015161842527
23,70,thunder,congruent,✅,0.9879438174864079
23,70,lullaby,congruent,❌,0.39761052378292466
23,70,thunder,incongruent,✅,0.03277659470305726
23,70,lullaby,incongruent,✅,0.01986949226959433
23,71,pajamas,congruent,✅,0.9985718000319412
23,71,uniform,congruent,✅,0.987843198353272
23,71,pajamas,incongruent,✅,0.0013582374293022146
23,71,uniform,incongruent,✅,0.0013241262855357514
23,72,gown,congruent,✅,0.9994975629781949
23,72,sweats,congruent,✅,0.9928648216638192
23,72,gown,incongruent,✅,0.00026860606457302413
23,72,sweats,incongruent,❌,0.9726083071458054
23,73,deadline,congruent,✅,0.7772677388897702
23,73,bed,congruent,✅,0.9212007707191672
23,73,deadline,incongruent,✅,0.0001909569320314226
23,73,bed,incongruent,✅,0.019879470108228825
23,74,kindergarten,congruent,✅,0.9282896269592718
23,74,jail,congruent,✅,0.9889063384168688
23,74,kindergarten,incongruent,✅,0.010292245596562322
23,74,jail,incongruent,✅,0.2197537860544849
23,75,interrogated,congruent,✅,0.9866019075378528
23,75,tickled,congruent,✅,0.9805660087445955
23,75,interrogated,incongruent,✅,0.12511777150755335
23,75,tickled,incongruent,✅,0.009742671746667958
23,76,sandcastle,congruent,✅,0.9647587241230317
23,76,snowman,congruent,✅,0.9961017057549576
23,76,sandcastle,incongruent,✅,0.0024767938215338446
23,76,snowman,incongruent,✅,0.25598694656261556
23,77,music,congruent,✅,0.999776349866026
23,77,pizza,congruent,✅,0.9995795704764123
23,77,music,incongruent,✅,0.014725831977105697
23,77,pizza,incongruent,✅,0.0012425855187764249
23,78,playoffs,congruent,✅,0.8884218341280204
23,78,cartoon,congruent,✅,0.9979688076776875
23,78,playoffs,incongruent,✅,0.0005087022382694968
23,78,cartoon,incongruent,✅,0.027214423239986713
23,79,alcoholism,congruent,✅,0.9859941144742554
23,79,academics,congruent,✅,0.998194462009576
23,79,alcoholism,incongruent,✅,0.09139267377581324
23,79,academics,incongruent,✅,0.3910155156933481
23,8,engagement,congruent,✅,0.9916538032688127
23,8,cancer,congruent,❌,0.26712157107505063
23,8,engagement,incongruent,✅,0.3193780528557532
23,8,cancer,incongruent,❌,0.5552873335862057
23,9,terminal,congruent,✅,0.9910197581207586
23,9,classroom,congruent,✅,0.9779198998214355
23,9,terminal,incongruent,✅,0.0014998978029490035
23,9,classroom,incongruent,✅,0.03185023969068567
24,0,library,congruent,✅,0.9917459726422645
24,0,refrigerator,congruent,❌,0.3271121880618653
24,0,library,incongruent,✅,0.006983274103252997
24,0,refrigerator,incongruent,✅,0.0007297504608837599
24,1,disappointment,congruent,✅,0.8400167564598292
24,1,delight,congruent,✅,0.864346216635049
24,1,disappointment,incongruent,✅,0.0004988739787748662
24,1,delight,incongruent,✅,0.059939017254888864
24,10,cash,congruent,✅,0.9985938422437785
24,10,groceries,congruent,✅,0.9966222021443023
24,10,cash,incongruent,✅,0.16660243386901866
24,10,groceries,incongruent,✅,0.012244708815521393
24,11,lonely,congruent,✅,0.981045866095993
24,11,confident,congruent,✅,0.9760634548008958
24,11,lonely,incongruent,✅,0.011697924057122566
24,11,confident,incongruent,✅,0.03584046524362966
24,12,joy,congruent,✅,0.999414674629664
24,12,outrage,congruent,❌,0.35264444728032723
24,12,joy,incongruent,✅,0.0010326596950554446
24,12,outrage,incongruent,❌,0.9649409608210452
24,13,traffic,congruent,✅,0.9997486305595253
24,13,snowstorm,congruent,✅,0.9980015134830534
24,13,traffic,incongruent,❌,0.7971371737348714
24,13,snowstorm,incongruent,❌,0.8914547802286898
24,14,laughter,congruent,✅,0.9955805673946337
24,14,frustration,congruent,✅,0.9947749529232333
24,14,laughter,incongruent,✅,0.0036155455664632213
24,14,frustration,incongruent,✅,0.04266950716875251
24,15,calculator,congruent,✅,0.979144262252663
24,15,instrument,congruent,✅,0.9958505669822023
24,15,calculator,incongruent,✅,0.03114854755141054
24,15,instrument,incongruent,❌,0.9167596651599352
24,16,orchestra,congruent,✅,0.968141528868625
24,16,racers,congruent,✅,0.9967270418734855
24,16,orchestra,incongruent,✅,0.18534306637796943
24,16,racers,incongruent,✅,0.005495872785927866
24,17,retirement,congruent,✅,0.9574065299961928
24,17,playdate,congruent,✅,0.9690705081371166
24,17,retirement,incongruent,✅,0.009177292668144264
24,17,playdate,incongruent,✅,0.002218926035805836
24,18,relieved,congruent,✅,0.545922295543157
24,18,depressed,congruent,✅,0.6755946392804628
24,18,relieved,incongruent,✅,0.08655774901411686
24,18,depressed,incongruent,✅,0.09288218059836938
24,19,friends,congruent,❌,0.15099260718790578
24,19,weight,congruent,✅,0.9320035338950567
24,19,friends,incongruent,✅,0.08054452836732078
24,19,weight,incongruent,✅,0.004445580235555077
24,2,overcoat,congruent,✅,0.8355880499728493
24,2,sandals,congruent,✅,0.8287281605546033
24,2,overcoat,incongruent,✅,0.00037294778218327073
24,2,sandals,incongruent,✅,0.0004770431291536212
24,20,lipstick,congruent,✅,0.8633549936284264
24,20,song,congruent,✅,0.9954456298802908
24,20,lipstick,incongruent,✅,0.027790425985896483
24,20,song,incongruent,✅,0.02350625963147206
24,21,fought,congruent,✅,0.9931462700836766
24,21,sang,congruent,✅,0.9892697437854235
24,21,fought,incongruent,✅,0.020612932543407552
24,21,sang,incongruent,✅,0.001141500289654702
24,22,skeptical,congruent,✅,0.9799489913508291
24,22,reassured,congruent,✅,0.9218025208902436
24,22,skeptical,incongruent,✅,0.20240806095457756
24,22,reassured,incongruent,❌,0.6392009438426929
24,23,graduation,congruent,✅,0.9988848663921706
24,23,operation,congruent,✅,0.9582396742536065
24,23,graduation,incongruent,✅,0.007363597510718165
24,23,operation,incongruent,✅,0.010659436981932814
24,24,bride,congruent,✅,0.8340727358538176
24,24,aftermath,congruent,✅,0.9975657392074796
24,24,bride,incongruent,✅,0.037296871817296164
24,24,aftermath,incongruent,✅,0.0014770470474953395
24,25,teacher,congruent,✅,0.9865475305494423
24,25,daughter,congruent,✅,0.9922196993070208
24,25,teacher,incongruent,❌,0.8960822165439463
24,25,daughter,incongruent,✅,0.31876877717995206
24,26,roommate,congruent,✅,0.9935155866179018
24,26,grandma,congruent,✅,0.9992339717850915
24,26,roommate,incongruent,✅,0.00527547241361334
24,26,grandma,incongruent,✅,0.000517669996310365
24,27,brother,congruent,✅,0.9406700753503444
24,27,mother,congruent,✅,0.9920831861622628
24,27,brother,incongruent,✅,0.13071584828696034
24,27,mother,incongruent,✅,0.010601426042854795
24,28,preschool,congruent,✅,0.9705185346889228
24,28,prison,congruent,✅,0.6348586364430912
24,28,preschool,incongruent,✅,0.0005517603488422515
24,28,prison,incongruent,✅,0.0028465196120065726
24,29,hopeful,congruent,✅,0.7173124670410507
24,29,hopeless,congruent,✅,0.976779297891561
24,29,hopeful,incongruent,✅,0.18030748647991143
24,29,hopeless,incongruent,✅,0.018386456947116922
24,3,marathon,congruent,✅,0.9809596064535517
24,3,exam,congruent,✅,0.9686302040776195
24,3,marathon,incongruent,✅,0.00011580016539829331
24,3,exam,incongruent,✅,0.0042433093745084015
24,30,appalled,congruent,✅,0.9605056691800745
24,30,overjoyed,congruent,✅,0.7564233521777496
24,30,appalled,incongruent,✅,0.05698273926748171
24,30,overjoyed,incongruent,❌,0.7687966864008123
24,31,reprimand,congruent,✅,0.9698328516320056
24,31,encouragement,congruent,✅,0.9948186959319275
24,31,reprimand,incongruent,✅,0.012653422117251581
24,31,encouragement,incongruent,✅,0.18281341088645886
24,32,angrily,congruent,✅,0.9950841564629549
24,32,cordially,congruent,✅,0.9809883179018091
24,32,angrily,incongruent,✅,0.005693892447308978
24,32,cordially,incongruent,✅,0.0022659832731771203
24,33,accusatory,congruent,✅,0.9977890871615637
24,33,flirtatious,congruent,✅,0.9723574219785597
24,33,accusatory,incongruent,✅,0.18454577290032467
24,33,flirtatious,incongruent,✅,0.09577921963688367
24,34,disapprovingly,congruent,✅,0.9633185437615924
24,34,lovingly,congruent,✅,0.5967138149395808
24,34,disapprovingly,incongruent,✅,0.008593073264425937
24,34,lovingly,incongruent,✅,0.1974425469988775
24,35,playful,congruent,✅,0.9731627239835484
24,35,distant,congruent,✅,0.8877210562634431
24,35,playful,incongruent,✅,0.10169133881032069
24,35,distant,incongruent,✅,0.03154130098022211
24,36,headphones,congruent,✅,0.9114480577918502
24,36,mangoes,congruent,✅,0.863132090048454
24,36,headphones,incongruent,✅,0.00943542910649146
24,36,mangoes,incongruent,✅,0.015138060056328635
24,37,playroom,congruent,✅,0.9991740079807996
24,37,park,congruent,✅,0.9993391148699026
24,37,playroom,incongruent,✅,0.05726818656989396
24,37,park,incongruent,✅,0.06760722376924301
24,38,bedroom,congruent,✅,0.9990829918932628
24,38,backyard,congruent,✅,0.9991870162543863
24,38,bedroom,incongruent,✅,0.006809284446219024
24,38,backyard,incongruent,✅,0.0006074236909251404
24,39,solemnly,congruent,✅,0.842982663236236
24,39,excitedly,congruent,✅,0.971329911673845
24,39,solemnly,incongruent,✅,0.03997387566352537
24,39,excitedly,incongruent,✅,0.01771972230174681
24,4,menu,congruent,✅,0.9266019885126983
24,4,prescription,congruent,✅,0.999359838417544
24,4,menu,incongruent,✅,0.0018381738259675776
24,4,prescription,incongruent,✅,0.00041224492578913283
24,40,car,congruent,✅,0.6968621536413483
24,40,sock,congruent,❌,0.3970540429187097
24,40,car,incongruent,✅,0.3737034755401668
24,40,sock,incongruent,✅,0.011560676356261755
24,41,overdressed,congruent,✅,0.9341340180485783
24,41,naked,congruent,✅,0.739818792386453
24,41,overdressed,incongruent,✅,0.010350067239703413
24,41,naked,incongruent,✅,0.04285363315169428
24,42,shy,congruent,✅,0.5848477666223592
24,42,lively,congruent,✅,0.9904666885137358
24,42,shy,incongruent,✅,0.01911194307813825
24,42,lively,incongruent,✅,0.020613453349478582
24,43,offended,congruent,❌,0.4949708839467023
24,43,flattered,congruent,✅,0.8839731874157551
24,43,offended,incongruent,✅,0.054421778903397125
24,43,flattered,incongruent,✅,0.1843041296411638
24,44,grandkid,congruent,✅,0.9975887309524774
24,44,cellmate,congruent,✅,0.9993016882807851
24,44,grandkid,incongruent,✅,0.0026056931961239128
24,44,cellmate,incongruent,✅,0.08756236047214098
24,45,promoted,congruent,✅,0.9948037061614512
24,45,fired,congruent,✅,0.9774081421909484
24,45,promoted,incongruent,✅,0.08501265240207999
24,45,fired,incongruent,❌,0.7295345332794426
24,46,shooting,congruent,❌,0.3690444933206536
24,46,celebration,congruent,❌,0.276810690133964
24,46,shooting,incongruent,✅,0.009767053646807692
24,46,celebration,incongruent,✅,0.0026952405909067096
24,47,crayon,congruent,✅,0.9667716973583594
24,47,beer,congruent,✅,0.9981993542927143
24,47,crayon,incongruent,✅,0.0013146597875692315
24,47,beer,incongruent,✅,0.002402805300795838
24,48,waiter,congruent,✅,0.9834489002802786
24,48,taxi,congruent,✅,0.9394855010510694
24,48,waiter,incongruent,✅,0.04608571206968572
24,48,taxi,incongruent,✅,0.010484125275054764
24,49,parents,congruent,✅,0.9967337213991538
24,49,keys,congruent,✅,0.9980861957832896
24,49,parents,incongruent,✅,0.22821821594246453
24,49,keys,incongruent,✅,0.08224840028684459
24,5,distress,congruent,✅,0.9750605447424061
24,5,tranquility,congruent,✅,0.9921980751454562
24,5,distress,incongruent,✅,0.00032614364803080993
24,5,tranquility,incongruent,✅,0.03510753457522831
24,50,sofa,congruent,✅,0.9990575350040468
24,50,sky,congruent,✅,0.9877331811167421
24,50,sofa,incongruent,✅,0.08452963829300154
24,50,sky,incongruent,✅,0.09376092306785401
24,51,obesity,congruent,✅,0.5315864240814315
24,51,homework,congruent,✅,0.9987647966163299
24,51,obesity,incongruent,✅,0.0004360738775288137
24,51,homework,incongruent,✅,0.1208728750240408
24,52,quiz,congruent,✅,0.995245825155727
24,52,commute,congruent,✅,0.9989526154972711
24,52,quiz,incongruent,✅,0.018553656413352566
24,52,commute,incongruent,✅,0.000733900082351573
24,53,migraine,congruent,✅,0.9990425997842401
24,53,excitement,congruent,✅,0.9962186170651924
24,53,migraine,incongruent,✅,0.00040689899956766366
24,53,excitement,incongruent,✅,0.37616529377764574
24,54,niece,congruent,❌,0.33985468891054826
24,54,husband,congruent,✅,0.9378751091305589
24,54,niece,incongruent,✅,0.18503162106802118
24,54,husband,incongruent,✅,0.0648786119486179
24,55,film,congruent,✅,0.9971751103023174
24,55,sunrise,congruent,✅,0.8723935904686319
24,55,film,incongruent,✅,0.0054938694525578
24,55,sunrise,incongruent,✅,0.012050405285171232
24,56,lecture,congruent,✅,0.9955376311425619
24,56,banquet,congruent,✅,0.8623586700965928
24,56,lecture,incongruent,✅,0.001899742348325472
24,56,banquet,incongruent,✅,0.0004117657835638866
24,57,drink,congruent,✅,0.9980042027930662
24,57,textbook,congruent,✅,0.9643422764561331
24,57,drink,incongruent,✅,0.0009888910079852756
24,57,textbook,incongruent,✅,7.5272103319943e-05
24,58,pool,congruent,✅,0.9997542585780362
24,58,snow,congruent,✅,0.9674679272212938
24,58,pool,incongruent,✅,0.0017652870712308209
24,58,snow,incongruent,✅,0.07182008333225669
24,59,passport,congruent,✅,0.9967946922398226
24,59,plushy,congruent,✅,0.9935796479608957
24,59,passport,incongruent,✅,0.002247421347744223
24,59,plushy,incongruent,✅,0.01397807086953138
24,6,patients,congruent,✅,0.9960759300451376
24,6,students,congruent,✅,0.9969391123704747
24,6,patients,incongruent,✅,0.008637318088586216
24,6,students,incongruent,✅,0.00012682920951889137
24,60,sister,congruent,✅,0.9742540826114358
24,60,father,congruent,✅,0.9904148723917062
24,60,sister,incongruent,✅,0.00044790191009604075
24,60,father,incongruent,✅,0.001402967347053331
24,61,game,congruent,✅,0.9975021261381172
24,61,sunset,congruent,✅,0.9990913372117801
24,61,game,incongruent,❌,0.5965148520997917
24,61,sunset,incongruent,✅,0.05125266604708532
24,62,holidays,congruent,✅,0.9960322823903471
24,62,funeral,congruent,✅,0.9938710793028771
24,62,holidays,incongruent,✅,0.12725319870488838
24,62,funeral,incongruent,✅,0.17022652404673608
24,63,grades,congruent,✅,0.9478261557355767
24,63,affair,congruent,✅,0.9909703895600825
24,63,grades,incongruent,✅,0.045898604573054766
24,63,affair,incongruent,✅,0.09389103621163289
24,64,arrest,congruent,✅,0.9390038915296004
24,64,stroke,congruent,❌,0.11238376438361856
24,64,arrest,incongruent,✅,0.026018482718659197
24,64,stroke,incongruent,✅,0.21483859579652775
24,65,pacifier,congruent,❌,0.3953723246805635
24,65,coffee,congruent,✅,0.9974138827818592
24,65,pacifier,incongruent,✅,0.003901061926352975
24,65,coffee,incongruent,✅,0.0005007085275839644
24,66,sweets,congruent,✅,0.9984167749528723
24,66,sentencing,congruent,✅,0.9720194200365734
24,66,sweets,incongruent,✅,1.115782569365716e-05
24,66,sentencing,incongruent,✅,0.0045724223251246655
24,67,nap,congruent,✅,0.9993529506841949
24,67,selfie,congruent,✅,0.9997192822304423
24,67,nap,incongruent,✅,0.03928841566439955
24,67,selfie,incongruent,✅,0.00047569981267104336
24,68,diaper,congruent,✅,0.9981153849221975
24,68,tire,congruent,✅,0.9992246532032775
24,68,diaper,incongruent,✅,1.6836738404066715e-05
24,68,tire,incongruent,✅,0.0052529270221216735
24,69,chemotherapy,congruent,✅,0.9970790612054278
24,69,golf,congruent,✅,0.999463252136998
24,69,chemotherapy,incongruent,✅,0.018303234374837413
24,69,golf,incongruent,✅,0.06808705582212936
24,7,consensus,congruent,❌,0.44203308724761975
24,7,deadlock,congruent,✅,0.757644958365851
24,7,consensus,incongruent,✅,0.0250589476667443
24,7,deadlock,incongruent,✅,0.04401793325734889
24,70,thunder,congruent,✅,0.9865542454126075
24,70,lullaby,congruent,❌,0.34059296935272676
24,70,thunder,incongruent,✅,0.08517140725944372
24,70,lullaby,incongruent,✅,0.007962480696665997
24,71,pajamas,congruent,✅,0.9966202027351655
24,71,uniform,congruent,✅,0.9914335737534018
24,71,pajamas,incongruent,✅,0.00029792801755010697
24,71,uniform,incongruent,✅,0.0018511653759180407
24,72,gown,congruent,✅,0.9994316133178499
24,72,sweats,congruent,✅,0.9932801331910284
24,72,gown,incongruent,✅,0.00014629195735009598
24,72,sweats,incongruent,❌,0.9788765839442596
24,73,deadline,congruent,✅,0.9166847949464083
24,73,bed,congruent,✅,0.9869056996958823
24,73,deadline,incongruent,✅,0.0006465492433461962
24,73,bed,incongruent,✅,0.04473223649763367
24,74,kindergarten,congruent,✅,0.9265398208825424
24,74,jail,congruent,✅,0.9902706824709716
24,74,kindergarten,incongruent,✅,0.0016386292035440707
24,74,jail,incongruent,✅,0.1918583786752773
24,75,interrogated,congruent,✅,0.995779823417205
24,75,tickled,congruent,✅,0.9754076211584976
24,75,interrogated,incongruent,✅,0.10483134632350627
24,75,tickled,incongruent,✅,0.010962799407874061
24,76,sandcastle,congruent,✅,0.9454943594176871
24,76,snowman,congruent,✅,0.9864033538405895
24,76,sandcastle,incongruent,✅,0.001326775402473515
24,76,snowman,incongruent,✅,0.07885233522744264
24,77,music,congruent,✅,0.9998137367555733
24,77,pizza,congruent,✅,0.9998293714617074
24,77,music,incongruent,✅,0.0107436692466752
24,77,pizza,incongruent,✅,0.00034730913212885334
24,78,playoffs,congruent,✅,0.9424350529219111
24,78,cartoon,congruent,✅,0.9987698423275587
24,78,playoffs,incongruent,✅,0.000257374137873275
24,78,cartoon,incongruent,✅,0.011672860179414279
24,79,alcoholism,congruent,✅,0.9837793103516036
24,79,academics,congruent,✅,0.997273696920563
24,79,alcoholism,incongruent,✅,0.08092993143625986
24,79,academics,incongruent,✅,0.11103748808639875
24,8,engagement,congruent,✅,0.960986946059073
24,8,cancer,congruent,❌,0.45813934619494295
24,8,engagement,incongruent,❌,0.5414607900097116
24,8,cancer,incongruent,✅,0.18916751122469225
24,9,terminal,congruent,✅,0.9945327493455771
24,9,classroom,congruent,✅,0.983210265468393
24,9,terminal,incongruent,✅,0.0004749123646471192
24,9,classroom,incongruent,✅,0.11172315321401281
25,0,library,congruent,✅,0.9968055720197568
25,0,refrigerator,congruent,❌,0.36011261687154766
25,0,library,incongruent,✅,0.0006732207585469688
25,0,refrigerator,incongruent,✅,0.0009105034394398865
25,1,disappointment,congruent,✅,0.6289373245865651
25,1,delight,congruent,✅,0.9200213478366454
25,1,disappointment,incongruent,✅,0.00024116384575929766
25,1,delight,incongruent,✅,0.02387266979258752
25,10,cash,congruent,✅,0.9994572908000822
25,10,groceries,congruent,✅,0.9940274348343485
25,10,cash,incongruent,✅,0.027830587884327147
25,10,groceries,incongruent,✅,0.020592338875656722
25,11,lonely,congruent,✅,0.9886519468566335
25,11,confident,congruent,✅,0.9772545437900009
25,11,lonely,incongruent,✅,0.019178969884677585
25,11,confident,incongruent,✅,0.056339859819903144
25,12,joy,congruent,✅,0.9992937436174449
25,12,outrage,congruent,❌,0.17633496368295787
25,12,joy,incongruent,✅,0.0006277500127837791
25,12,outrage,incongruent,❌,0.9206806751790607
25,13,traffic,congruent,✅,0.9997338406559322
25,13,snowstorm,congruent,✅,0.9979346453232345
25,13,traffic,incongruent,❌,0.5290151078569568
25,13,snowstorm,incongruent,❌,0.8722545246839297
25,14,laughter,congruent,✅,0.9980817462741369
25,14,frustration,congruent,✅,0.9933937625235555
25,14,laughter,incongruent,✅,0.003786265588036374
25,14,frustration,incongruent,✅,0.06164739555210831
25,15,calculator,congruent,✅,0.970118833931635
25,15,instrument,congruent,✅,0.9979022861336013
25,15,calculator,incongruent,✅,0.07405134447074312
25,15,instrument,incongruent,❌,0.5896562276101566
25,16,orchestra,congruent,✅,0.975379579135438
25,16,racers,congruent,✅,0.9985647912003177
25,16,orchestra,incongruent,✅,0.18047759264857202
25,16,racers,incongruent,✅,0.0027637391306361008
25,17,retirement,congruent,✅,0.9588834356093626
25,17,playdate,congruent,✅,0.9770210410403978
25,17,retirement,incongruent,✅,0.08209444095300751
25,17,playdate,incongruent,✅,0.0021993179663568783
25,18,relieved,congruent,✅,0.7146643050976259
25,18,depressed,congruent,✅,0.8240833819998213
25,18,relieved,incongruent,✅,0.012360916274858337
25,18,depressed,incongruent,✅,0.07304516702599909
25,19,friends,congruent,❌,0.4136139143333157
25,19,weight,congruent,✅,0.9685355774649963
25,19,friends,incongruent,✅,0.3737030801175784
25,19,weight,incongruent,✅,0.017558544814332378
25,2,overcoat,congruent,✅,0.8901026679168963
25,2,sandals,congruent,✅,0.9223723666396748
25,2,overcoat,incongruent,✅,0.0021075251911420825
25,2,sandals,incongruent,✅,0.0014323596036557359
25,20,lipstick,congruent,✅,0.7940664452530072
25,20,song,congruent,✅,0.9866836159888762
25,20,lipstick,incongruent,✅,0.04016799595446768
25,20,song,incongruent,✅,0.03768075004275291
25,21,fought,congruent,✅,0.9877365646098296
25,21,sang,congruent,✅,0.9951795538404824
25,21,fought,incongruent,✅,0.007651968281055335
25,21,sang,incongruent,✅,0.0002860345958701123
25,22,skeptical,congruent,✅,0.9817209351781783
25,22,reassured,congruent,✅,0.9477385203601375
25,22,skeptical,incongruent,✅,0.12356164638688964
25,22,reassured,incongruent,❌,0.6497755289055939
25,23,graduation,congruent,✅,0.9992018065441268
25,23,operation,congruent,✅,0.9513042141169199
25,23,graduation,incongruent,✅,0.0042024393776125294
25,23,operation,incongruent,✅,0.008820753551682266
25,24,bride,congruent,✅,0.9802712355398561
25,24,aftermath,congruent,✅,0.9974627230973535
25,24,bride,incongruent,✅,0.03514176525350897
25,24,aftermath,incongruent,✅,0.00048274367372660017
25,25,teacher,congruent,✅,0.9971201935941555
25,25,daughter,congruent,✅,0.9941385380066351
25,25,teacher,incongruent,❌,0.9424955724359363
25,25,daughter,incongruent,✅,0.2686185753224574
25,26,roommate,congruent,✅,0.9975361315463194
25,26,grandma,congruent,✅,0.9990902279775489
25,26,roommate,incongruent,✅,0.0006017782891672164
25,26,grandma,incongruent,✅,0.001079865015911712
25,27,brother,congruent,✅,0.9557323087126426
25,27,mother,congruent,✅,0.9913381394276113
25,27,brother,incongruent,✅,0.03398617713572365
25,27,mother,incongruent,✅,0.011452011690103332
25,28,preschool,congruent,✅,0.9920127847325437
25,28,prison,congruent,✅,0.7418610192351407
25,28,preschool,incongruent,✅,0.0007184068723523602
25,28,prison,incongruent,✅,0.005523712598407732
25,29,hopeful,congruent,✅,0.947604493353434
25,29,hopeless,congruent,✅,0.9959721909789806
25,29,hopeful,incongruent,✅,0.01897148866319486
25,29,hopeless,incongruent,✅,0.010733251596108946
25,3,marathon,congruent,✅,0.9858740777318395
25,3,exam,congruent,✅,0.9581059927876295
25,3,marathon,incongruent,✅,0.0009610179262995402
25,3,exam,incongruent,✅,0.0006829493946089502
25,30,appalled,congruent,✅,0.984744025004741
25,30,overjoyed,congruent,✅,0.8697128135344989
25,30,appalled,incongruent,✅,0.06717873264805228
25,30,overjoyed,incongruent,❌,0.7851277817243802
25,31,reprimand,congruent,✅,0.9716363767294919
25,31,encouragement,congruent,✅,0.9953907671120373
25,31,reprimand,incongruent,✅,0.003148490388522974
25,31,encouragement,incongruent,✅,0.03081023378251214
25,32,angrily,congruent,✅,0.9971395585076223
25,32,cordially,congruent,✅,0.9858016279789434
25,32,angrily,incongruent,✅,0.0030893907895312633
25,32,cordially,incongruent,✅,0.0013841207956505966
25,33,accusatory,congruent,✅,0.9965578960924683
25,33,flirtatious,congruent,✅,0.9814200302705485
25,33,accusatory,incongruent,✅,0.12369326705876492
25,33,flirtatious,incongruent,✅,0.11940332079686797
25,34,disapprovingly,congruent,✅,0.9696592481326041
25,34,lovingly,congruent,✅,0.9250781933747644
25,34,disapprovingly,incongruent,✅,0.0036591413289801086
25,34,lovingly,incongruent,✅,0.2960901054552961
25,35,playful,congruent,✅,0.9787359847379771
25,35,distant,congruent,✅,0.8546873336470868
25,35,playful,incongruent,✅,0.028677117909961813
25,35,distant,incongruent,✅,0.012999578400068703
25,36,headphones,congruent,✅,0.9734547320934802
25,36,mangoes,congruent,✅,0.9500322558375159
25,36,headphones,incongruent,✅,0.04103627649869437
25,36,mangoes,incongruent,✅,0.0017747105940028654
25,37,playroom,congruent,✅,0.9990873199504702
25,37,park,congruent,✅,0.9990019457287684
25,37,playroom,incongruent,✅,0.01001565235772783
25,37,park,incongruent,✅,0.020167858550219984
25,38,bedroom,congruent,✅,0.9982493148617739
25,38,backyard,congruent,✅,0.9982296316128638
25,38,bedroom,incongruent,✅,0.002051137482734066
25,38,backyard,incongruent,✅,0.0005839327431726166
25,39,solemnly,congruent,✅,0.9288598455110281
25,39,excitedly,congruent,✅,0.9741736566751477
25,39,solemnly,incongruent,✅,0.006757076797972405
25,39,excitedly,incongruent,✅,0.0078287457214075
25,4,menu,congruent,✅,0.8975840298674842
25,4,prescription,congruent,✅,0.9988081767047651
25,4,menu,incongruent,✅,0.0013778989235342619
25,4,prescription,incongruent,✅,0.0010149262025591823
25,40,car,congruent,✅,0.9407479762145271
25,40,sock,congruent,❌,0.26225362437824035
25,40,car,incongruent,❌,0.5803073907740586
25,40,sock,incongruent,✅,0.005999053500619442
25,41,overdressed,congruent,✅,0.9351781863899853
25,41,naked,congruent,✅,0.6769754076956059
25,41,overdressed,incongruent,✅,0.002168275402149919
25,41,naked,incongruent,✅,0.002629193191774549
25,42,shy,congruent,✅,0.5189775488956431
25,42,lively,congruent,✅,0.9912145840383373
25,42,shy,incongruent,✅,0.023455918803918
25,42,lively,incongruent,✅,0.003877978050548212
25,43,offended,congruent,✅,0.8411195392233178
25,43,flattered,congruent,✅,0.9400255920564478
25,43,offended,incongruent,✅,0.07795040554040246
25,43,flattered,incongruent,✅,0.3681899902363368
25,44,grandkid,congruent,✅,0.9963841531732326
25,44,cellmate,congruent,✅,0.9983034237881003
25,44,grandkid,incongruent,✅,0.00011799752204182817
25,44,cellmate,incongruent,✅,0.042204139259302366
25,45,promoted,congruent,✅,0.9907476786950689
25,45,fired,congruent,✅,0.9891367948731976
25,45,promoted,incongruent,✅,0.05172745772231846
25,45,fired,incongruent,❌,0.5281563957622141
25,46,shooting,congruent,✅,0.5992626881805744
25,46,celebration,congruent,✅,0.616609445015183
25,46,shooting,incongruent,✅,0.013577104010102755
25,46,celebration,incongruent,✅,0.01439832711472447
25,47,crayon,congruent,✅,0.991473064245403
25,47,beer,congruent,✅,0.9989496116287323
25,47,crayon,incongruent,✅,0.0015740642435385997
25,47,beer,incongruent,✅,0.005225791164337412
25,48,waiter,congruent,✅,0.993422094340296
25,48,taxi,congruent,✅,0.868052759133549
25,48,waiter,incongruent,✅,0.055279099369572295
25,48,taxi,incongruent,✅,0.005618032866689856
25,49,parents,congruent,✅,0.9981243905202324
25,49,keys,congruent,✅,0.9981847131694224
25,49,parents,incongruent,✅,0.048610311945198076
25,49,keys,incongruent,✅,0.011774723605523141
25,5,distress,congruent,✅,0.9593173310073275
25,5,tranquility,congruent,✅,0.9954217239513916
25,5,distress,incongruent,✅,0.00019994136646841847
25,5,tranquility,incongruent,✅,0.016205410948480912
25,50,sofa,congruent,✅,0.9991310835204013
25,50,sky,congruent,✅,0.9927961790254268
25,50,sofa,incongruent,✅,0.031595146697214464
25,50,sky,incongruent,✅,0.17747512470985388
25,51,obesity,congruent,✅,0.5659166366114116
25,51,homework,congruent,✅,0.9984114063123948
25,51,obesity,incongruent,✅,0.0003261404693670346
25,51,homework,incongruent,✅,0.03575277769853014
25,52,quiz,congruent,✅,0.9972400169732314
25,52,commute,congruent,✅,0.996707452230675
25,52,quiz,incongruent,✅,0.0009076359152763573
25,52,commute,incongruent,✅,0.0018593571014532478
25,53,migraine,congruent,✅,0.9993420788509941
25,53,excitement,congruent,✅,0.998506106721584
25,53,migraine,incongruent,✅,0.0005249518183365721
25,53,excitement,incongruent,✅,0.26362883772216567
25,54,niece,congruent,✅,0.7082031689608461
25,54,husband,congruent,✅,0.9178969627859862
25,54,niece,incongruent,✅,0.0484017258199866
25,54,husband,incongruent,✅,0.061830762127316745
25,55,film,congruent,✅,0.9982435905066304
25,55,sunrise,congruent,✅,0.6337190951580904
25,55,film,incongruent,✅,0.005578234682803374
25,55,sunrise,incongruent,✅,0.026145896748731277
25,56,lecture,congruent,✅,0.9981249535051476
25,56,banquet,congruent,✅,0.9016330764478757
25,56,lecture,incongruent,✅,0.0004679705860875546
25,56,banquet,incongruent,✅,0.00011476181424213596
25,57,drink,congruent,✅,0.9968153094027481
25,57,textbook,congruent,✅,0.971143016051962
25,57,drink,incongruent,✅,0.00047822499820882736
25,57,textbook,incongruent,✅,0.0002357830567307463
25,58,pool,congruent,✅,0.999878889182167
25,58,snow,congruent,✅,0.9949736192487108
25,58,pool,incongruent,✅,0.0002650751094401755
25,58,snow,incongruent,✅,0.01337976962823547
25,59,passport,congruent,✅,0.996586519996005
25,59,plushy,congruent,✅,0.9898973839220094
25,59,passport,incongruent,✅,0.006960897813514189
25,59,plushy,incongruent,✅,0.0037923120682415577
25,6,patients,congruent,✅,0.9635627123656153
25,6,students,congruent,✅,0.9830727208261469
25,6,patients,incongruent,✅,0.0012085665870183403
25,6,students,incongruent,✅,4.3156035127798604e-05
25,60,sister,congruent,✅,0.9486752501147712
25,60,father,congruent,✅,0.9959368832759313
25,60,sister,incongruent,✅,0.001640012279279422
25,60,father,incongruent,✅,0.007944209333944621
25,61,game,congruent,✅,0.9980536659907172
25,61,sunset,congruent,✅,0.9985740575912487
25,61,game,incongruent,✅,0.46656313977176805
25,61,sunset,incongruent,✅,0.027822165928147173
25,62,holidays,congruent,✅,0.9993579403348182
25,62,funeral,congruent,✅,0.9980234367608646
25,62,holidays,incongruent,✅,0.08661739307911676
25,62,funeral,incongruent,✅,0.4445295051103336
25,63,grades,congruent,✅,0.9655431008304114
25,63,affair,congruent,✅,0.9939656261089432
25,63,grades,incongruent,✅,0.012182547655104067
25,63,affair,incongruent,✅,0.09219024772665124
25,64,arrest,congruent,✅,0.9501297244945954
25,64,stroke,congruent,❌,0.13477406339328454
25,64,arrest,incongruent,✅,0.16203971424456354
25,64,stroke,incongruent,✅,0.20258767982355433
25,65,pacifier,congruent,✅,0.5889702198821423
25,65,coffee,congruent,✅,0.9968270181497736
25,65,pacifier,incongruent,✅,0.024442123247650757
25,65,coffee,incongruent,✅,0.005146709752702084
25,66,sweets,congruent,✅,0.9989889425026055
25,66,sentencing,congruent,✅,0.9839579725145573
25,66,sweets,incongruent,✅,2.3774476561044594e-05
25,66,sentencing,incongruent,✅,0.01391060548717905
25,67,nap,congruent,✅,0.9991120508387288
25,67,selfie,congruent,✅,0.9997298174464917
25,67,nap,incongruent,✅,0.010672193960389742
25,67,selfie,incongruent,✅,0.0008708788008858497
25,68,diaper,congruent,✅,0.9991752253166128
25,68,tire,congruent,✅,0.9980851693896362
25,68,diaper,incongruent,✅,2.261656913148339e-05
25,68,tire,incongruent,✅,0.0006018142374909491
25,69,chemotherapy,congruent,✅,0.9979406551177759
25,69,golf,congruent,✅,0.9995430004512409
25,69,chemotherapy,incongruent,✅,0.06170363551165889
25,69,golf,incongruent,✅,0.0019710967211641972
25,7,consensus,congruent,✅,0.770954026305533
25,7,deadlock,congruent,✅,0.8598416686019948
25,7,consensus,incongruent,✅,0.07820819720532084
25,7,deadlock,incongruent,✅,0.015173180619375556
25,70,thunder,congruent,✅,0.9934634622168947
25,70,lullaby,congruent,✅,0.7801897848039829
25,70,thunder,incongruent,✅,0.11589874751755193
25,70,lullaby,incongruent,✅,0.07473064902761105
25,71,pajamas,congruent,✅,0.999118149393806
25,71,uniform,congruent,✅,0.9961385805182379
25,71,pajamas,incongruent,✅,0.000283592039773346
25,71,uniform,incongruent,✅,0.0008450556308412073
25,72,gown,congruent,✅,0.9994848108933613
25,72,sweats,congruent,✅,0.9944205644811788
25,72,gown,incongruent,✅,5.9019299176675463e-05
25,72,sweats,incongruent,❌,0.9551543350480745
25,73,deadline,congruent,✅,0.9277956738728176
25,73,bed,congruent,✅,0.9712882920154632
25,73,deadline,incongruent,✅,0.004489942479565426
25,73,bed,incongruent,✅,0.06386297426740284
25,74,kindergarten,congruent,✅,0.9741382183008992
25,74,jail,congruent,✅,0.9944180670568322
25,74,kindergarten,incongruent,✅,0.004727013217459632
25,74,jail,incongruent,✅,0.22456361743339412
25,75,interrogated,congruent,✅,0.9923077489630502
25,75,tickled,congruent,✅,0.9591287202580249
25,75,interrogated,incongruent,✅,0.023685640520871475
25,75,tickled,incongruent,✅,0.009538631126693757
25,76,sandcastle,congruent,✅,0.9965360019222924
25,76,snowman,congruent,✅,0.9981216211209244
25,76,sandcastle,incongruent,✅,0.01783831649983238
25,76,snowman,incongruent,✅,0.2968651974417684
25,77,music,congruent,✅,0.9993017320177288
25,77,pizza,congruent,✅,0.9996539389888429
25,77,music,incongruent,✅,0.004194453212993931
25,77,pizza,incongruent,✅,0.000262476172727595
25,78,playoffs,congruent,✅,0.91044322955781
25,78,cartoon,congruent,✅,0.9980779439562438
25,78,playoffs,incongruent,✅,0.00021455924763242348
25,78,cartoon,incongruent,✅,0.0028597250976762447
25,79,alcoholism,congruent,✅,0.9926369225342989
25,79,academics,congruent,✅,0.9992967347091661
25,79,alcoholism,incongruent,✅,0.33642240724040845
25,79,academics,incongruent,✅,0.006172944500084552
25,8,engagement,congruent,✅,0.9739917382634626
25,8,cancer,congruent,✅,0.5937017997675942
25,8,engagement,incongruent,❌,0.5476454005893785
25,8,cancer,incongruent,✅,0.19954952488989433
25,9,terminal,congruent,✅,0.996149456927142
25,9,classroom,congruent,✅,0.9960433110358482
25,9,terminal,incongruent,✅,0.0015108609780314437
25,9,classroom,incongruent,✅,0.07543768825951586
26,0,library,congruent,✅,0.9950037556147623
26,0,refrigerator,congruent,❌,0.43941748008779125
26,0,library,incongruent,✅,0.00303782298105404
26,0,refrigerator,incongruent,✅,0.0013673294770064363
26,1,disappointment,congruent,✅,0.7945545963260264
26,1,delight,congruent,✅,0.9131136511578046
26,1,disappointment,incongruent,✅,0.0005295955148066535
26,1,delight,incongruent,✅,0.023656576692051803
26,10,cash,congruent,✅,0.9990398796257351
26,10,groceries,congruent,✅,0.9901209105872791
26,10,cash,incongruent,✅,0.017012270173391037
26,10,groceries,incongruent,✅,0.023977250998798202
26,11,lonely,congruent,✅,0.9887151330111489
26,11,confident,congruent,✅,0.9690279234680901
26,11,lonely,incongruent,✅,0.04226195302767683
26,11,confident,incongruent,✅,0.1464002285787988
26,12,joy,congruent,✅,0.99906912005196
26,12,outrage,congruent,❌,0.38923332439621094
26,12,joy,incongruent,✅,0.0007552272749290147
26,12,outrage,incongruent,❌,0.8399476368691112
26,13,traffic,congruent,✅,0.9995469177555989
26,13,snowstorm,congruent,✅,0.9986978868686952
26,13,traffic,incongruent,✅,0.3436032592596933
26,13,snowstorm,incongruent,❌,0.821810145307692
26,14,laughter,congruent,✅,0.9969438564382243
26,14,frustration,congruent,✅,0.993859847210981
26,14,laughter,incongruent,✅,0.0017006108882861757
26,14,frustration,incongruent,✅,0.030403627798225776
26,15,calculator,congruent,✅,0.9570182098548032
26,15,instrument,congruent,✅,0.9972644962510309
26,15,calculator,incongruent,✅,0.1294100195673156
26,15,instrument,incongruent,❌,0.6914786413905505
26,16,orchestra,congruent,✅,0.9827232426417206
26,16,racers,congruent,✅,0.9972506771171902
26,16,orchestra,incongruent,✅,0.19729501178204678
26,16,racers,incongruent,✅,0.0059428230236606315
26,17,retirement,congruent,✅,0.9342459828862226
26,17,playdate,congruent,✅,0.959827275560368
26,17,retirement,incongruent,✅,0.03459469273046989
26,17,playdate,incongruent,✅,0.0015310419998411837
26,18,relieved,congruent,✅,0.7105985897563742
26,18,depressed,congruent,✅,0.8489512695716003
26,18,relieved,incongruent,✅,0.01879373372394671
26,18,depressed,incongruent,✅,0.12277985858504006
26,19,friends,congruent,❌,0.42688941372814276
26,19,weight,congruent,✅,0.9170644964668533
26,19,friends,incongruent,✅,0.22957517530471314
26,19,weight,incongruent,✅,0.0182753110499575
26,2,overcoat,congruent,✅,0.8827007560959119
26,2,sandals,congruent,✅,0.9276460689652148
26,2,overcoat,incongruent,✅,0.005152687687166732
26,2,sandals,incongruent,✅,0.0010105558388307373
26,20,lipstick,congruent,✅,0.7269022589705533
26,20,song,congruent,✅,0.9676459032025664
26,20,lipstick,incongruent,✅,0.09837485578104863
26,20,song,incongruent,✅,0.0717032570442608
26,21,fought,congruent,✅,0.991813824195916
26,21,sang,congruent,✅,0.9657678659539554
26,21,fought,incongruent,✅,0.006641475960455984
26,21,sang,incongruent,✅,0.00041355055041642207
26,22,skeptical,congruent,✅,0.9806856533201327
26,22,reassured,congruent,✅,0.9221672818212379
26,22,skeptical,incongruent,✅,0.14741275212209948
26,22,reassured,incongruent,❌,0.6957076216859618
26,23,graduation,congruent,✅,0.9965828592597377
26,23,operation,congruent,✅,0.9786117299621926
26,23,graduation,incongruent,✅,0.008278339713260635
26,23,operation,incongruent,✅,0.008970667237959024
26,24,bride,congruent,✅,0.9837635225962182
26,24,aftermath,congruent,✅,0.9977556737784687
26,24,bride,incongruent,✅,0.022801870596737994
26,24,aftermath,incongruent,✅,0.0009735277902452642
26,25,teacher,congruent,✅,0.9939982350114595
26,25,daughter,congruent,✅,0.9943532757728324
26,25,teacher,incongruent,❌,0.9408917516766288
26,25,daughter,incongruent,✅,0.16809744322230424
26,26,roommate,congruent,✅,0.9979963358181008
26,26,grandma,congruent,✅,0.9985576951616446
26,26,roommate,incongruent,✅,0.0009765899495841593
26,26,grandma,incongruent,✅,0.002469815499612642
26,27,brother,congruent,✅,0.9630397288349307
26,27,mother,congruent,✅,0.9898994046715264
26,27,brother,incongruent,✅,0.027793727142087103
26,27,mother,incongruent,✅,0.02131032710318687
26,28,preschool,congruent,✅,0.9847478536789297
26,28,prison,congruent,✅,0.7187086670011485
26,28,preschool,incongruent,✅,0.0006140251436650119
26,28,prison,incongruent,✅,0.002006049475010314
26,29,hopeful,congruent,✅,0.9099809175100309
26,29,hopeless,congruent,✅,0.9958459042782891
26,29,hopeful,incongruent,✅,0.054236067773122495
26,29,hopeless,incongruent,✅,0.01066335625030359
26,3,marathon,congruent,✅,0.9609619577818779
26,3,exam,congruent,✅,0.9541321479521322
26,3,marathon,incongruent,✅,0.0003290319918846521
26,3,exam,incongruent,✅,0.0031276516320394602
26,30,appalled,congruent,✅,0.9862243444203099
26,30,overjoyed,congruent,✅,0.8798338158283544
26,30,appalled,incongruent,✅,0.05338382866083817
26,30,overjoyed,incongruent,❌,0.7800974926847356
26,31,reprimand,congruent,✅,0.9819695960733906
26,31,encouragement,congruent,✅,0.9962208576355369
26,31,reprimand,incongruent,✅,0.0042927756384348375
26,31,encouragement,incongruent,✅,0.058105517998285366
26,32,angrily,congruent,✅,0.997293917687828
26,32,cordially,congruent,✅,0.986315679747759
26,32,angrily,incongruent,✅,0.002863447705653967
26,32,cordially,incongruent,✅,0.002277796347301578
26,33,accusatory,congruent,✅,0.9943953712786726
26,33,flirtatious,congruent,✅,0.9533106506109855
26,33,accusatory,incongruent,✅,0.05469010946725972
26,33,flirtatious,incongruent,✅,0.08221576732850426
26,34,disapprovingly,congruent,✅,0.9812237817307373
26,34,lovingly,congruent,✅,0.8665818557011478
26,34,disapprovingly,incongruent,✅,0.003737413272780886
26,34,lovingly,incongruent,✅,0.29370189072618624
26,35,playful,congruent,✅,0.961899084831755
26,35,distant,congruent,✅,0.7952477384531605
26,35,playful,incongruent,✅,0.009268320542666221
26,35,distant,incongruent,✅,0.011449066973463245
26,36,headphones,congruent,✅,0.9628827968501197
26,36,mangoes,congruent,✅,0.7142746705477458
26,36,headphones,incongruent,✅,0.048238527440203356
26,36,mangoes,incongruent,✅,0.011625886954150155
26,37,playroom,congruent,✅,0.9989517271923742
26,37,park,congruent,✅,0.9973461591749768
26,37,playroom,incongruent,✅,0.002471959582333915
26,37,park,incongruent,✅,0.011289998191648372
26,38,bedroom,congruent,✅,0.9987000308793996
26,38,backyard,congruent,✅,0.9974682734766087
26,38,bedroom,incongruent,✅,0.0003853747581790288
26,38,backyard,incongruent,✅,0.000440037857440628
26,39,solemnly,congruent,✅,0.9003968167959998
26,39,excitedly,congruent,✅,0.9729270348718091
26,39,solemnly,incongruent,✅,0.009192989159595271
26,39,excitedly,incongruent,✅,0.002132145840376694
26,4,menu,congruent,✅,0.9421910476287136
26,4,prescription,congruent,✅,0.9970053372669778
26,4,menu,incongruent,✅,0.003602247572030356
26,4,prescription,incongruent,✅,0.0016861682393545536
26,40,car,congruent,✅,0.8967351056141661
26,40,sock,congruent,❌,0.2001282144692028
26,40,car,incongruent,❌,0.5960220362913563
26,40,sock,incongruent,✅,0.006400709897337346
26,41,overdressed,congruent,✅,0.9823423373048218
26,41,naked,congruent,✅,0.57948071421762
26,41,overdressed,incongruent,✅,0.0037727195257877097
26,41,naked,incongruent,✅,0.007544109276806891
26,42,shy,congruent,✅,0.7563789604475241
26,42,lively,congruent,✅,0.9964869097188893
26,42,shy,incongruent,✅,0.10578415008743257
26,42,lively,incongruent,✅,0.02410003213491112
26,43,offended,congruent,✅,0.8564723508698019
26,43,flattered,congruent,✅,0.9109157949128645
26,43,offended,incongruent,✅,0.09636361462908342
26,43,flattered,incongruent,✅,0.3075626462933828
26,44,grandkid,congruent,✅,0.9906151211217156
26,44,cellmate,congruent,✅,0.9971941482687676
26,44,grandkid,incongruent,✅,0.0002676081629175303
26,44,cellmate,incongruent,✅,0.02822827774386517
26,45,promoted,congruent,✅,0.9847833243270202
26,45,fired,congruent,✅,0.9879187273284261
26,45,promoted,incongruent,✅,0.0894820920352266
26,45,fired,incongruent,✅,0.29040433287483075
26,46,shooting,congruent,❌,0.4302241332094897
26,46,celebration,congruent,❌,0.43844097496351714
26,46,shooting,incongruent,✅,0.01332099555835804
26,46,celebration,incongruent,✅,0.005143042682337532
26,47,crayon,congruent,✅,0.9844911983400166
26,47,beer,congruent,✅,0.9984549621853114
26,47,crayon,incongruent,✅,0.0013783508506160014
26,47,beer,incongruent,✅,0.00408013007752505
26,48,waiter,congruent,✅,0.9851361030374534
26,48,taxi,congruent,✅,0.9221537870411564
26,48,waiter,incongruent,✅,0.09551301787001895
26,48,taxi,incongruent,✅,0.019607514498097913
26,49,parents,congruent,✅,0.9988449294399058
26,49,keys,congruent,✅,0.9987658928142688
26,49,parents,incongruent,✅,0.30048556990029107
26,49,keys,incongruent,✅,0.010730492033428973
26,5,distress,congruent,✅,0.8330283457579415
26,5,tranquility,congruent,✅,0.9961202077120418
26,5,distress,incongruent,✅,0.00020613691306130828
26,5,tranquility,incongruent,✅,0.00787258921305143
26,50,sofa,congruent,✅,0.9990208301975928
26,50,sky,congruent,✅,0.9927746034691769
26,50,sofa,incongruent,✅,0.027516204868730545
26,50,sky,incongruent,✅,0.1524296127445329
26,51,obesity,congruent,✅,0.6794782566438002
26,51,homework,congruent,✅,0.996482168389861
26,51,obesity,incongruent,✅,0.00024786707888348685
26,51,homework,incongruent,✅,0.07514875204926101
26,52,quiz,congruent,✅,0.9973263701928138
26,52,commute,congruent,✅,0.9969697442362532
26,52,quiz,incongruent,✅,0.0036831509967389575
26,52,commute,incongruent,✅,0.0007677733029849824
26,53,migraine,congruent,✅,0.999158494367373
26,53,excitement,congruent,✅,0.9987122434325946
26,53,migraine,incongruent,✅,0.0007280822964389105
26,53,excitement,incongruent,✅,0.3755263935989806
26,54,niece,congruent,❌,0.4981515310114334
26,54,husband,congruent,✅,0.8253053847246685
26,54,niece,incongruent,✅,0.030401759316931204
26,54,husband,incongruent,✅,0.08662521871814341
26,55,film,congruent,✅,0.9978133930858896
26,55,sunrise,congruent,✅,0.538129644877916
26,55,film,incongruent,✅,0.005523116493721978
26,55,sunrise,incongruent,✅,0.037669854030605805
26,56,lecture,congruent,✅,0.9991642638298979
26,56,banquet,congruent,✅,0.918166706052668
26,56,lecture,incongruent,✅,0.000555227873172186
26,56,banquet,incongruent,✅,0.0002443869081946382
26,57,drink,congruent,✅,0.997282563795583
26,57,textbook,congruent,✅,0.9582138995504516
26,57,drink,incongruent,✅,0.0011021156801424652
26,57,textbook,incongruent,✅,0.00041797706233805647
26,58,pool,congruent,✅,0.9996105196744004
26,58,snow,congruent,✅,0.9905865112918121
26,58,pool,incongruent,✅,0.00018683053873983383
26,58,snow,incongruent,✅,0.019611888535870082
26,59,passport,congruent,✅,0.9945126123269104
26,59,plushy,congruent,✅,0.987273581522032
26,59,passport,incongruent,✅,0.012777874740161503
26,59,plushy,incongruent,✅,0.013630394726736439
26,6,patients,congruent,✅,0.9855103613270092
26,6,students,congruent,✅,0.9866606895156059
26,6,patients,incongruent,✅,0.0016987338818299374
26,6,students,incongruent,✅,6.737421201089257e-05
26,60,sister,congruent,✅,0.9433748137984995
26,60,father,congruent,✅,0.9966062029294456
26,60,sister,incongruent,✅,0.0016750522461899187
26,60,father,incongruent,✅,0.010589852470429872
26,61,game,congruent,✅,0.9974040971740563
26,61,sunset,congruent,✅,0.9986843275638695
26,61,game,incongruent,✅,0.4499658218570938
26,61,sunset,incongruent,✅,0.05660682295187727
26,62,holidays,congruent,✅,0.9987304974953676
26,62,funeral,congruent,✅,0.9984739228420385
26,62,holidays,incongruent,✅,0.1026693449196261
26,62,funeral,incongruent,❌,0.534235246553335
26,63,grades,congruent,✅,0.9791002777359117
26,63,affair,congruent,✅,0.9934344835787001
26,63,grades,incongruent,✅,0.01886394324854165
26,63,affair,incongruent,✅,0.08199505337733164
26,64,arrest,congruent,✅,0.937930083066235
26,64,stroke,congruent,❌,0.1958722647325672
26,64,arrest,incongruent,✅,0.2312851878862
26,64,stroke,incongruent,✅,0.2507016876707739
26,65,pacifier,congruent,❌,0.3973088247753183
26,65,coffee,congruent,✅,0.9929325372654864
26,65,pacifier,incongruent,✅,0.005141252171503232
26,65,coffee,incongruent,✅,0.00345952332556648
26,66,sweets,congruent,✅,0.9985879568903453
26,66,sentencing,congruent,✅,0.9627353358451339
26,66,sweets,incongruent,✅,5.7318462651447354e-05
26,66,sentencing,incongruent,✅,0.02375605942760575
26,67,nap,congruent,✅,0.9964899406742843
26,67,selfie,congruent,✅,0.9996048247413645
26,67,nap,incongruent,✅,0.018315878955589684
26,67,selfie,incongruent,✅,0.0005070661387213611
26,68,diaper,congruent,✅,0.9988319306636548
26,68,tire,congruent,✅,0.9961329128112177
26,68,diaper,incongruent,✅,3.615903647380716e-05
26,68,tire,incongruent,✅,0.0027275503781758544
26,69,chemotherapy,congruent,✅,0.9957828307298169
26,69,golf,congruent,✅,0.9994803468553688
26,69,chemotherapy,incongruent,✅,0.023524854667603907
26,69,golf,incongruent,✅,0.006775024754084965
26,7,consensus,congruent,✅,0.84171329039257
26,7,deadlock,congruent,✅,0.92210196604163
26,7,consensus,incongruent,✅,0.17651169628349228
26,7,deadlock,incongruent,✅,0.041896666908930985
26,70,thunder,congruent,✅,0.9823063452945847
26,70,lullaby,congruent,✅,0.7212856084156909
26,70,thunder,incongruent,✅,0.0722587522237145
26,70,lullaby,incongruent,✅,0.024210323298327275
26,71,pajamas,congruent,✅,0.997818011757968
26,71,uniform,congruent,✅,0.9940938058388081
26,71,pajamas,incongruent,✅,0.000975424060585933
26,71,uniform,incongruent,✅,0.0007044115384835504
26,72,gown,congruent,✅,0.9990499778072552
26,72,sweats,congruent,✅,0.9949532414427459
26,72,gown,incongruent,✅,0.00034496808189761886
26,72,sweats,incongruent,❌,0.9645598459331591
26,73,deadline,congruent,✅,0.9144636005567895
26,73,bed,congruent,✅,0.9730117072820638
26,73,deadline,incongruent,✅,0.004500671615967227
26,73,bed,incongruent,✅,0.061748202077878886
26,74,kindergarten,congruent,✅,0.9854873384456748
26,74,jail,congruent,✅,0.9935957569840701
26,74,kindergarten,incongruent,✅,0.0033650994129039197
26,74,jail,incongruent,✅,0.3429740134720075
26,75,interrogated,congruent,✅,0.9942828809792467
26,75,tickled,congruent,✅,0.9629784179070219
26,75,interrogated,incongruent,✅,0.07444822436833061
26,75,tickled,incongruent,✅,0.030071391824818734
26,76,sandcastle,congruent,✅,0.9849945907356331
26,76,snowman,congruent,✅,0.9914547637336121
26,76,sandcastle,incongruent,✅,0.008249330248280624
26,76,snowman,incongruent,✅,0.1125099283649458
26,77,music,congruent,✅,0.9988586927672863
26,77,pizza,congruent,✅,0.9990285980082416
26,77,music,incongruent,✅,0.01135869842548398
26,77,pizza,incongruent,✅,0.00062807080591925
26,78,playoffs,congruent,✅,0.9084568552431096
26,78,cartoon,congruent,✅,0.9964063239742899
26,78,playoffs,incongruent,✅,0.00022910054810778007
26,78,cartoon,incongruent,✅,0.004151827234796786
26,79,alcoholism,congruent,✅,0.9894042174400195
26,79,academics,congruent,✅,0.999182150223416
26,79,alcoholism,incongruent,✅,0.4551005168858307
26,79,academics,incongruent,✅,0.02233786363225732
26,8,engagement,congruent,✅,0.9418809771883052
26,8,cancer,congruent,✅,0.6364759669796931
26,8,engagement,incongruent,❌,0.6797730688323512
26,8,cancer,incongruent,✅,0.177512788441496
26,9,terminal,congruent,✅,0.9967853128734397
26,9,classroom,congruent,✅,0.994891337920426
26,9,terminal,incongruent,✅,0.0031754575221957272
26,9,classroom,incongruent,✅,0.1671796001371895
27,0,library,congruent,✅,0.9924588467545965
27,0,refrigerator,congruent,✅,0.6128438127273171
27,0,library,incongruent,✅,0.0076077880391644676
27,0,refrigerator,incongruent,✅,0.0015107147569129694
27,1,disappointment,congruent,✅,0.90781180463734
27,1,delight,congruent,✅,0.9017203890624748
27,1,disappointment,incongruent,✅,0.0014871605019181613
27,1,delight,incongruent,✅,0.06348258066290532
27,10,cash,congruent,✅,0.999103228352733
27,10,groceries,congruent,✅,0.9931304374688761
27,10,cash,incongruent,✅,0.04330637583058857
27,10,groceries,incongruent,✅,0.024366367977988416
27,11,lonely,congruent,✅,0.9861124702045686
27,11,confident,congruent,✅,0.9873631175258499
27,11,lonely,incongruent,✅,0.14745042750463977
27,11,confident,incongruent,✅,0.22179657373373907
27,12,joy,congruent,✅,0.9987534810810474
27,12,outrage,congruent,❌,0.4399998232671927
27,12,joy,incongruent,✅,0.00132287220150647
27,12,outrage,incongruent,❌,0.9207372181739928
27,13,traffic,congruent,✅,0.9996895031415238
27,13,snowstorm,congruent,✅,0.9976959261318649
27,13,traffic,incongruent,✅,0.17901002902441868
27,13,snowstorm,incongruent,❌,0.8585065139065327
27,14,laughter,congruent,✅,0.9966929236205405
27,14,frustration,congruent,✅,0.993943123755173
27,14,laughter,incongruent,✅,0.0024809881747037163
27,14,frustration,incongruent,✅,0.05012615750690073
27,15,calculator,congruent,✅,0.9188568436904228
27,15,instrument,congruent,✅,0.9909290649068364
27,15,calculator,incongruent,✅,0.11431021469981006
27,15,instrument,incongruent,❌,0.6322673759426123
27,16,orchestra,congruent,✅,0.9731106696379717
27,16,racers,congruent,✅,0.9976705482860064
27,16,orchestra,incongruent,✅,0.15815771418336855
27,16,racers,incongruent,✅,0.008518034436024426
27,17,retirement,congruent,✅,0.9287346510710386
27,17,playdate,congruent,✅,0.9617690945981209
27,17,retirement,incongruent,✅,0.04483653497737704
27,17,playdate,incongruent,✅,0.002497088021977495
27,18,relieved,congruent,✅,0.7031720157563462
27,18,depressed,congruent,✅,0.8095967208898303
27,18,relieved,incongruent,✅,0.01376271592554141
27,18,depressed,incongruent,✅,0.1274062037130094
27,19,friends,congruent,❌,0.36577022394560055
27,19,weight,congruent,✅,0.8758800820250017
27,19,friends,incongruent,✅,0.18968849202013535
27,19,weight,incongruent,✅,0.013749795463618236
27,2,overcoat,congruent,✅,0.7772146491616283
27,2,sandals,congruent,✅,0.9263709849290988
27,2,overcoat,incongruent,✅,0.01887307223621827
27,2,sandals,incongruent,✅,0.0011338197730607804
27,20,lipstick,congruent,✅,0.7898948409285403
27,20,song,congruent,✅,0.9791008277396196
27,20,lipstick,incongruent,✅,0.11932673059697371
27,20,song,incongruent,✅,0.07964603154239341
27,21,fought,congruent,✅,0.9870922954914219
27,21,sang,congruent,✅,0.9187277972573061
27,21,fought,incongruent,✅,0.005575138387270395
27,21,sang,incongruent,✅,0.0006084447058728964
27,22,skeptical,congruent,✅,0.9274543813700453
27,22,reassured,congruent,✅,0.829923058154108
27,22,skeptical,incongruent,✅,0.08627524204886747
27,22,reassured,incongruent,✅,0.36192780468469105
27,23,graduation,congruent,✅,0.9959284726676354
27,23,operation,congruent,✅,0.9787502806558593
27,23,graduation,incongruent,✅,0.009855769305985614
27,23,operation,incongruent,✅,0.01346355964273349
27,24,bride,congruent,✅,0.9799167087976831
27,24,aftermath,congruent,✅,0.996823221396148
27,24,bride,incongruent,✅,0.007692923507586918
27,24,aftermath,incongruent,✅,0.00036121732364876837
27,25,teacher,congruent,✅,0.99680158139304
27,25,daughter,congruent,✅,0.9931984921106616
27,25,teacher,incongruent,❌,0.8603357646771258
27,25,daughter,incongruent,✅,0.20306155342430937
27,26,roommate,congruent,✅,0.9985819326475935
27,26,grandma,congruent,✅,0.9988250359219075
27,26,roommate,incongruent,✅,0.0009166812420279471
27,26,grandma,incongruent,✅,0.00223310869585765
27,27,brother,congruent,✅,0.9758908610968557
27,27,mother,congruent,✅,0.9915046702684196
27,27,brother,incongruent,✅,0.018013085975398156
27,27,mother,incongruent,✅,0.01751305457963088
27,28,preschool,congruent,✅,0.9671745907871381
27,28,prison,congruent,✅,0.6703213903434675
27,28,preschool,incongruent,✅,0.0012775724231301807
27,28,prison,incongruent,✅,0.0016085806295459283
27,29,hopeful,congruent,✅,0.8684000794501808
27,29,hopeless,congruent,✅,0.9923913276779963
27,29,hopeful,incongruent,✅,0.06982002493444246
27,29,hopeless,incongruent,✅,0.013227398330516026
27,3,marathon,congruent,✅,0.9758893327913151
27,3,exam,congruent,✅,0.9697989782209414
27,3,marathon,incongruent,✅,0.0005885791056238533
27,3,exam,incongruent,✅,0.03002018195279014
27,30,appalled,congruent,✅,0.9845928009634901
27,30,overjoyed,congruent,✅,0.8696375352394419
27,30,appalled,incongruent,✅,0.019517139857657833
27,30,overjoyed,incongruent,❌,0.6791677397766059
27,31,reprimand,congruent,✅,0.977895256825317
27,31,encouragement,congruent,✅,0.9887986636506424
27,31,reprimand,incongruent,✅,0.0026373313927258828
27,31,encouragement,incongruent,✅,0.049241131205829854
27,32,angrily,congruent,✅,0.9970046756155689
27,32,cordially,congruent,✅,0.9927785838884852
27,32,angrily,incongruent,✅,0.008963561717402938
27,32,cordially,incongruent,✅,0.004770943241073306
27,33,accusatory,congruent,✅,0.9944384222312769
27,33,flirtatious,congruent,✅,0.9698538695670806
27,33,accusatory,incongruent,✅,0.10194894421120516
27,33,flirtatious,incongruent,✅,0.13920559236995267
27,34,disapprovingly,congruent,✅,0.9578280579877857
27,34,lovingly,congruent,✅,0.6976146359480584
27,34,disapprovingly,incongruent,✅,0.0021286947335958525
27,34,lovingly,incongruent,✅,0.14930427009715752
27,35,playful,congruent,✅,0.9693909332710714
27,35,distant,congruent,✅,0.7951249218495627
27,35,playful,incongruent,✅,0.013056061948522518
27,35,distant,incongruent,✅,0.027616650455382842
27,36,headphones,congruent,✅,0.9365792548697626
27,36,mangoes,congruent,✅,0.5797350574081511
27,36,headphones,incongruent,✅,0.034400562489636695
27,36,mangoes,incongruent,✅,0.017833996477324695
27,37,playroom,congruent,✅,0.9984278845143808
27,37,park,congruent,✅,0.997259638637021
27,37,playroom,incongruent,✅,0.0024905215088639617
27,37,park,incongruent,✅,0.025702799996157096
27,38,bedroom,congruent,✅,0.9977643900733192
27,38,backyard,congruent,✅,0.9979579768810182
27,38,bedroom,incongruent,✅,0.0010987762639445722
27,38,backyard,incongruent,✅,0.00020685846565562872
27,39,solemnly,congruent,✅,0.9324189123296026
27,39,excitedly,congruent,✅,0.9751414724354087
27,39,solemnly,incongruent,✅,0.015366128702684403
27,39,excitedly,incongruent,✅,0.003954366447741092
27,4,menu,congruent,✅,0.9554328069588476
27,4,prescription,congruent,✅,0.9985338561020114
27,4,menu,incongruent,✅,0.0070514784198960675
27,4,prescription,incongruent,✅,0.002748636259829278
27,40,car,congruent,✅,0.7246518467297465
27,40,sock,congruent,❌,0.12123423907081546
27,40,car,incongruent,✅,0.35507369337473904
27,40,sock,incongruent,✅,0.004514413587467656
27,41,overdressed,congruent,✅,0.9907965792971123
27,41,naked,congruent,❌,0.4946659304278846
27,41,overdressed,incongruent,✅,0.0021494209041381107
27,41,naked,incongruent,✅,0.01712235757388199
27,42,shy,congruent,✅,0.6081765757529045
27,42,lively,congruent,✅,0.9961136722482625
27,42,shy,incongruent,✅,0.1168581822816859
27,42,lively,incongruent,✅,0.012321060723804459
27,43,offended,congruent,✅,0.9277064926509775
27,43,flattered,congruent,✅,0.9014440950006946
27,43,offended,incongruent,✅,0.18195019706613164
27,43,flattered,incongruent,✅,0.39322098940893085
27,44,grandkid,congruent,✅,0.9910028775258084
27,44,cellmate,congruent,✅,0.9954453083422843
27,44,grandkid,incongruent,✅,0.0006862867255257199
27,44,cellmate,incongruent,✅,0.02948147317420304
27,45,promoted,congruent,✅,0.9685625881270624
27,45,fired,congruent,✅,0.9764263030224967
27,45,promoted,incongruent,✅,0.03822896889410583
27,45,fired,incongruent,✅,0.2838352611527384
27,46,shooting,congruent,❌,0.2783166055872301
27,46,celebration,congruent,❌,0.21953324276132774
27,46,shooting,incongruent,✅,0.007567416342239145
27,46,celebration,incongruent,✅,0.006063509017890094
27,47,crayon,congruent,✅,0.9864184140767625
27,47,beer,congruent,✅,0.9975374071379464
27,47,crayon,incongruent,✅,0.0020018776188204758
27,47,beer,incongruent,✅,0.0031711903995805014
27,48,waiter,congruent,✅,0.9610069017748998
27,48,taxi,congruent,✅,0.9438192089114326
27,48,waiter,incongruent,✅,0.12947679233530274
27,48,taxi,incongruent,✅,0.020101072683275174
27,49,parents,congruent,✅,0.9987293642393641
27,49,keys,congruent,✅,0.9980483785170865
27,49,parents,incongruent,✅,0.35574471618041875
27,49,keys,incongruent,✅,0.00408824473141714
27,5,distress,congruent,✅,0.767929052706038
27,5,tranquility,congruent,✅,0.9886393172116075
27,5,distress,incongruent,✅,0.0002148960291696791
27,5,tranquility,incongruent,✅,0.005921562675624853
27,50,sofa,congruent,✅,0.999658142938468
27,50,sky,congruent,✅,0.9936264285576415
27,50,sofa,incongruent,✅,0.05015958139616374
27,50,sky,incongruent,✅,0.3360964341480536
27,51,obesity,congruent,❌,0.4004909477444337
27,51,homework,congruent,✅,0.9914476236428946
27,51,obesity,incongruent,✅,0.000248586020555273
27,51,homework,incongruent,✅,0.019185564657525096
27,52,quiz,congruent,✅,0.9961756655352496
27,52,commute,congruent,✅,0.9966324329828228
27,52,quiz,incongruent,✅,0.0018922848191979238
27,52,commute,incongruent,✅,0.0006853188737714715
27,53,migraine,congruent,✅,0.9994205962839492
27,53,excitement,congruent,✅,0.9980357141504705
27,53,migraine,incongruent,✅,0.00044686917369785863
27,53,excitement,incongruent,❌,0.5114744579329765
27,54,niece,congruent,✅,0.6423693056863372
27,54,husband,congruent,✅,0.974513105531442
27,54,niece,incongruent,✅,0.05127940683950845
27,54,husband,incongruent,✅,0.14518849691401733
27,55,film,congruent,✅,0.9975609177386328
27,55,sunrise,congruent,✅,0.5188958984558595
27,55,film,incongruent,✅,0.003620190230685064
27,55,sunrise,incongruent,✅,0.03193367402355073
27,56,lecture,congruent,✅,0.9993923136895329
27,56,banquet,congruent,✅,0.9566320673263561
27,56,lecture,incongruent,✅,0.0005353899667943931
27,56,banquet,incongruent,✅,0.00033946418966267466
27,57,drink,congruent,✅,0.9957708618595307
27,57,textbook,congruent,✅,0.946094485591407
27,57,drink,incongruent,✅,0.002114090460571092
27,57,textbook,incongruent,✅,0.0006465354501344109
27,58,pool,congruent,✅,0.999463258449864
27,58,snow,congruent,✅,0.9800340358930022
27,58,pool,incongruent,✅,0.00011281389213349398
27,58,snow,incongruent,✅,0.010789518487115261
27,59,passport,congruent,✅,0.9810812874681183
27,59,plushy,congruent,✅,0.9738437348330637
27,59,passport,incongruent,✅,0.019986327063692123
27,59,plushy,incongruent,✅,0.023994903513067715
27,6,patients,congruent,✅,0.9916676608037349
27,6,students,congruent,✅,0.9940793917136885
27,6,patients,incongruent,✅,0.0014432731925305491
27,6,students,incongruent,✅,7.45590027532935e-05
27,60,sister,congruent,✅,0.9105430347443831
27,60,father,congruent,✅,0.9947445177821487
27,60,sister,incongruent,✅,0.0019405220492915089
27,60,father,incongruent,✅,0.007825569308863209
27,61,game,congruent,✅,0.9908371748495989
27,61,sunset,congruent,✅,0.9984018831401561
27,61,game,incongruent,✅,0.37913906310733303
27,61,sunset,incongruent,✅,0.014851370123999003
27,62,holidays,congruent,✅,0.9982055145799961
27,62,funeral,congruent,✅,0.9987787705233319
27,62,holidays,incongruent,✅,0.1513192319739828
27,62,funeral,incongruent,✅,0.4719390825257243
27,63,grades,congruent,✅,0.9832636553229963
27,63,affair,congruent,✅,0.9903719310181854
27,63,grades,incongruent,✅,0.026039990785005036
27,63,affair,incongruent,✅,0.041639674123122306
27,64,arrest,congruent,✅,0.9363832531561442
27,64,stroke,congruent,❌,0.3043249461924722
27,64,arrest,incongruent,✅,0.19639295303006685
27,64,stroke,incongruent,✅,0.3879033620959223
27,65,pacifier,congruent,✅,0.5346146281260779
27,65,coffee,congruent,✅,0.992855613190001
27,65,pacifier,incongruent,✅,0.005795586010382067
27,65,coffee,incongruent,✅,0.0038546599263268844
27,66,sweets,congruent,✅,0.9984092395291169
27,66,sentencing,congruent,✅,0.9517185051276252
27,66,sweets,incongruent,✅,9.060147523693499e-05
27,66,sentencing,incongruent,✅,0.018451229756960456
27,67,nap,congruent,✅,0.9927799256435775
27,67,selfie,congruent,✅,0.999595896914977
27,67,nap,incongruent,✅,0.016778914819992333
27,67,selfie,incongruent,✅,0.00041941439257432874
27,68,diaper,congruent,✅,0.9990648740906857
27,68,tire,congruent,✅,0.9980290506087801
27,68,diaper,incongruent,✅,7.334415731003531e-05
27,68,tire,incongruent,✅,0.0007671052422192483
27,69,chemotherapy,congruent,✅,0.9887790343732001
27,69,golf,congruent,✅,0.9992346379503907
27,69,chemotherapy,incongruent,✅,0.020180123101340406
27,69,golf,incongruent,✅,0.01323615149466133
27,7,consensus,congruent,✅,0.814181851108319
27,7,deadlock,congruent,✅,0.9280906525691842
27,7,consensus,incongruent,✅,0.16878434295343084
27,7,deadlock,incongruent,✅,0.052531093304036325
27,70,thunder,congruent,✅,0.9884783801660797
27,70,lullaby,congruent,✅,0.8259970054542277
27,70,thunder,incongruent,✅,0.07488264775810836
27,70,lullaby,incongruent,✅,0.019582369013170058
27,71,pajamas,congruent,✅,0.9981271876009836
27,71,uniform,congruent,✅,0.992138782850602
27,71,pajamas,incongruent,✅,0.0012848403810760997
27,71,uniform,incongruent,✅,0.0006815089061727533
27,72,gown,congruent,✅,0.9990140051297202
27,72,sweats,congruent,✅,0.9970621785648124
27,72,gown,incongruent,✅,0.0004442501274149226
27,72,sweats,incongruent,❌,0.9851058830160182
27,73,deadline,congruent,✅,0.9026759761382284
27,73,bed,congruent,✅,0.9742844022210296
27,73,deadline,incongruent,✅,0.005128172187873225
27,73,bed,incongruent,✅,0.06921180386447796
27,74,kindergarten,congruent,✅,0.9619741227273694
27,74,jail,congruent,✅,0.9937145975492528
27,74,kindergarten,incongruent,✅,0.0061799894617274075
27,74,jail,incongruent,✅,0.335372357289113
27,75,interrogated,congruent,✅,0.9933011777047525
27,75,tickled,congruent,✅,0.9263801419502278
27,75,interrogated,incongruent,✅,0.06112600951381133
27,75,tickled,incongruent,✅,0.0395009396499253
27,76,sandcastle,congruent,✅,0.9933528723630989
27,76,snowman,congruent,✅,0.9976451963435183
27,76,sandcastle,incongruent,✅,0.006736392415951399
27,76,snowman,incongruent,✅,0.1967841608973314
27,77,music,congruent,✅,0.9988407384864837
27,77,pizza,congruent,✅,0.9992994205124456
27,77,music,incongruent,✅,0.012373493099768694
27,77,pizza,incongruent,✅,0.0003866515764211638
27,78,playoffs,congruent,✅,0.9361960426690124
27,78,cartoon,congruent,✅,0.9972328607664188
27,78,playoffs,incongruent,✅,0.00018416809544892737
27,78,cartoon,incongruent,✅,0.004089336449882047
27,79,alcoholism,congruent,✅,0.978415964579935
27,79,academics,congruent,✅,0.9992381135692888
27,79,alcoholism,incongruent,✅,0.42702958659715656
27,79,academics,incongruent,✅,0.01915897747763573
27,8,engagement,congruent,✅,0.8849715542341285
27,8,cancer,congruent,✅,0.6383267504578921
27,8,engagement,incongruent,❌,0.7784659632787851
27,8,cancer,incongruent,✅,0.23033410904888532
27,9,terminal,congruent,✅,0.9957693815546803
27,9,classroom,congruent,✅,0.9949854224619323
27,9,terminal,incongruent,✅,0.0015958981106096628
27,9,classroom,incongruent,✅,0.11803821031498218
28,0,library,congruent,✅,0.9813065352199882
28,0,refrigerator,congruent,✅,0.634304199764725
28,0,library,incongruent,✅,0.01304280537470514
28,0,refrigerator,incongruent,✅,0.0015748932124378641
28,1,disappointment,congruent,✅,0.933439740722103
28,1,delight,congruent,✅,0.8832987002507257
28,1,disappointment,incongruent,✅,0.0015690277402211016
28,1,delight,incongruent,✅,0.097729877608464
28,10,cash,congruent,✅,0.99771270423034
28,10,groceries,congruent,✅,0.9833644282726884
28,10,cash,incongruent,✅,0.06366902926541725
28,10,groceries,incongruent,✅,0.015238203677492736
28,11,lonely,congruent,✅,0.957057313205373
28,11,confident,congruent,✅,0.9580941570406147
28,11,lonely,incongruent,✅,0.0764022852938836
28,11,confident,incongruent,✅,0.12632464103516539
28,12,joy,congruent,✅,0.9986575860001958
28,12,outrage,congruent,❌,0.44787334764159054
28,12,joy,incongruent,✅,0.002324364973302611
28,12,outrage,incongruent,❌,0.9259781411256911
28,13,traffic,congruent,✅,0.9997828738800295
28,13,snowstorm,congruent,✅,0.99769814695304
28,13,traffic,incongruent,✅,0.11852568261880962
28,13,snowstorm,incongruent,❌,0.8702748023479815
28,14,laughter,congruent,✅,0.9966410747880581
28,14,frustration,congruent,✅,0.9962075825260387
28,14,laughter,incongruent,✅,0.0028630064167735423
28,14,frustration,incongruent,✅,0.06221624642245626
28,15,calculator,congruent,✅,0.8452532196461676
28,15,instrument,congruent,✅,0.9639451597629154
28,15,calculator,incongruent,✅,0.10357778128215504
28,15,instrument,incongruent,❌,0.538381583359645
28,16,orchestra,congruent,✅,0.9768054198268378
28,16,racers,congruent,✅,0.9934799720985862
28,16,orchestra,incongruent,✅,0.1296349636157408
28,16,racers,incongruent,✅,0.020264264048115422
28,17,retirement,congruent,✅,0.884428797385988
28,17,playdate,congruent,✅,0.9562390661313083
28,17,retirement,incongruent,✅,0.05071584768354483
28,17,playdate,incongruent,✅,0.003122025021232636
28,18,relieved,congruent,✅,0.7672808454249499
28,18,depressed,congruent,✅,0.6766279005321055
28,18,relieved,incongruent,✅,0.00918220679152011
28,18,depressed,incongruent,✅,0.1951190448569976
28,19,friends,congruent,❌,0.4824281784271948
28,19,weight,congruent,✅,0.8966521599187037
28,19,friends,incongruent,✅,0.2533211473285503
28,19,weight,incongruent,✅,0.026066769842442144
28,2,overcoat,congruent,✅,0.6421861089966263
28,2,sandals,congruent,✅,0.7635107816876722
28,2,overcoat,incongruent,✅,0.009409346855163163
28,2,sandals,incongruent,✅,0.0010904278665912392
28,20,lipstick,congruent,✅,0.836319970019747
28,20,song,congruent,✅,0.9803663607317339
28,20,lipstick,incongruent,✅,0.153520545535085
28,20,song,incongruent,✅,0.09588097699356808
28,21,fought,congruent,✅,0.9879438803992165
28,21,sang,congruent,✅,0.8343886408042801
28,21,fought,incongruent,✅,0.0042233953523357235
28,21,sang,incongruent,✅,0.0010862286804670044
28,22,skeptical,congruent,✅,0.9411018416349697
28,22,reassured,congruent,✅,0.7753413508787372
28,22,skeptical,incongruent,✅,0.09567919015740135
28,22,reassured,incongruent,✅,0.42280076296040875
28,23,graduation,congruent,✅,0.9962749514401998
28,23,operation,congruent,✅,0.952841001958294
28,23,graduation,incongruent,✅,0.009041571103780052
28,23,operation,incongruent,✅,0.019592047851152747
28,24,bride,congruent,✅,0.9723058033240972
28,24,aftermath,congruent,✅,0.9961775278538995
28,24,bride,incongruent,✅,0.008679541420557593
28,24,aftermath,incongruent,✅,0.0003996439149201938
28,25,teacher,congruent,✅,0.9970029428925496
28,25,daughter,congruent,✅,0.9982658562307285
28,25,teacher,incongruent,❌,0.9055349343753534
28,25,daughter,incongruent,✅,0.10339567960416708
28,26,roommate,congruent,✅,0.9970848849960413
28,26,grandma,congruent,✅,0.9979486428118595
28,26,roommate,incongruent,✅,0.0014219201958043778
28,26,grandma,incongruent,✅,0.0023258445950591154
28,27,brother,congruent,✅,0.9602089305424619
28,27,mother,congruent,✅,0.9863340289455761
28,27,brother,incongruent,✅,0.008935538267522438
28,27,mother,incongruent,✅,0.012553886137222916
28,28,preschool,congruent,✅,0.9500101330682895
28,28,prison,congruent,✅,0.6411050559009762
28,28,preschool,incongruent,✅,0.0029564868267318066
28,28,prison,incongruent,✅,0.005899865473006738
28,29,hopeful,congruent,✅,0.8953018276341663
28,29,hopeless,congruent,✅,0.9859334514896649
28,29,hopeful,incongruent,✅,0.07313560914187878
28,29,hopeless,incongruent,✅,0.01981493359969212
28,3,marathon,congruent,✅,0.9724809037631832
28,3,exam,congruent,✅,0.943185212166161
28,3,marathon,incongruent,✅,0.0009412813485429693
28,3,exam,incongruent,✅,0.048680302528256045
28,30,appalled,congruent,✅,0.9502206317338313
28,30,overjoyed,congruent,✅,0.8724427137045601
28,30,appalled,incongruent,✅,0.01384907920863436
28,30,overjoyed,incongruent,✅,0.3452961957827617
28,31,reprimand,congruent,✅,0.9460425010276998
28,31,encouragement,congruent,✅,0.9900481606160922
28,31,reprimand,incongruent,✅,0.008139297579997888
28,31,encouragement,incongruent,✅,0.04297722518533976
28,32,angrily,congruent,✅,0.9981014102665691
28,32,cordially,congruent,✅,0.9917399614440131
28,32,angrily,incongruent,✅,0.0072185658685201505
28,32,cordially,incongruent,✅,0.0047169433159022734
28,33,accusatory,congruent,✅,0.9922534975329712
28,33,flirtatious,congruent,✅,0.9771559171512837
28,33,accusatory,incongruent,✅,0.20273563944163958
28,33,flirtatious,incongruent,✅,0.15414012852932232
28,34,disapprovingly,congruent,✅,0.9602896202815422
28,34,lovingly,congruent,✅,0.5905741591582714
28,34,disapprovingly,incongruent,✅,0.002092195561084812
28,34,lovingly,incongruent,✅,0.1993666013721245
28,35,playful,congruent,✅,0.974755309540665
28,35,distant,congruent,✅,0.8559854954028738
28,35,playful,incongruent,✅,0.024201486745508736
28,35,distant,incongruent,✅,0.04329010184920452
28,36,headphones,congruent,✅,0.9069198964755134
28,36,mangoes,congruent,✅,0.7089300133664574
28,36,headphones,incongruent,✅,0.10292367663515226
28,36,mangoes,incongruent,✅,0.06488479466093189
28,37,playroom,congruent,✅,0.9988540706080115
28,37,park,congruent,✅,0.9974146302362257
28,37,playroom,incongruent,✅,0.0027707447480862994
28,37,park,incongruent,✅,0.027210344123615192
28,38,bedroom,congruent,✅,0.9969229141464705
28,38,backyard,congruent,✅,0.9967566456305413
28,38,bedroom,incongruent,✅,0.0031613711895502826
28,38,backyard,incongruent,✅,0.00029327631624887195
28,39,solemnly,congruent,✅,0.9283643296768224
28,39,excitedly,congruent,✅,0.9692551634771034
28,39,solemnly,incongruent,✅,0.0215778489418704
28,39,excitedly,incongruent,✅,0.007570438432843889
28,4,menu,congruent,✅,0.9432673446260083
28,4,prescription,congruent,✅,0.9979000818484844
28,4,menu,incongruent,✅,0.010244603684984416
28,4,prescription,incongruent,✅,0.004624975486221377
28,40,car,congruent,✅,0.6717198107954894
28,40,sock,congruent,❌,0.10048242578647013
28,40,car,incongruent,✅,0.2974021220861531
28,40,sock,incongruent,✅,0.005580987802920459
28,41,overdressed,congruent,✅,0.9866025442602864
28,41,naked,congruent,✅,0.7940645015556782
28,41,overdressed,incongruent,✅,0.003137921075955304
28,41,naked,incongruent,✅,0.005036296821293419
28,42,shy,congruent,✅,0.6993862396251822
28,42,lively,congruent,✅,0.9897892275798403
28,42,shy,incongruent,✅,0.058496030363762504
28,42,lively,incongruent,✅,0.02774798864829806
28,43,offended,congruent,✅,0.9427407977055317
28,43,flattered,congruent,✅,0.85106617623882
28,43,offended,incongruent,✅,0.1460580302750331
28,43,flattered,incongruent,✅,0.4306915649376579
28,44,grandkid,congruent,✅,0.994633796232205
28,44,cellmate,congruent,✅,0.9954285441756722
28,44,grandkid,incongruent,✅,0.0015547719837239013
28,44,cellmate,incongruent,✅,0.07588436886212864
28,45,promoted,congruent,✅,0.9529656359674329
28,45,fired,congruent,✅,0.9886262778786357
28,45,promoted,incongruent,✅,0.0656414313072172
28,45,fired,incongruent,✅,0.2767981080179608
28,46,shooting,congruent,❌,0.36762760439565845
28,46,celebration,congruent,❌,0.23479881583840545
28,46,shooting,incongruent,✅,0.0048840838550136935
28,46,celebration,incongruent,✅,0.014652530859356952
28,47,crayon,congruent,✅,0.9801391946789404
28,47,beer,congruent,✅,0.9953772029392384
28,47,crayon,incongruent,✅,0.001807023291661544
28,47,beer,incongruent,✅,0.005229140732493775
28,48,waiter,congruent,✅,0.9788422365894351
28,48,taxi,congruent,✅,0.9321473817784749
28,48,waiter,incongruent,✅,0.2060104162646396
28,48,taxi,incongruent,✅,0.0380173784154975
28,49,parents,congruent,✅,0.9985314666218083
28,49,keys,congruent,✅,0.9972631160458507
28,49,parents,incongruent,✅,0.4693737738926383
28,49,keys,incongruent,✅,0.006655514117910874
28,5,distress,congruent,✅,0.8957108563236429
28,5,tranquility,congruent,✅,0.9900987792985416
28,5,distress,incongruent,✅,0.0005324391857516969
28,5,tranquility,incongruent,✅,0.027998101485515087
28,50,sofa,congruent,✅,0.9997767100896633
28,50,sky,congruent,✅,0.9932337384299161
28,50,sofa,incongruent,✅,0.03335273283000257
28,50,sky,incongruent,✅,0.4715391788770349
28,51,obesity,congruent,❌,0.2274470266825327
28,51,homework,congruent,✅,0.9920666054227252
28,51,obesity,incongruent,✅,0.00047591157425135884
28,51,homework,incongruent,✅,0.012641194715954068
28,52,quiz,congruent,✅,0.9967174149656696
28,52,commute,congruent,✅,0.9978376543299772
28,52,quiz,incongruent,✅,0.002524761813214667
28,52,commute,incongruent,✅,0.0008341026336692245
28,53,migraine,congruent,✅,0.9987929134537562
28,53,excitement,congruent,✅,0.9980193829565525
28,53,migraine,incongruent,✅,0.0010100315678481335
28,53,excitement,incongruent,✅,0.4439040452878376
28,54,niece,congruent,✅,0.6455488928108359
28,54,husband,congruent,✅,0.9830674471790999
28,54,niece,incongruent,✅,0.09154341825849341
28,54,husband,incongruent,✅,0.19734119526348787
28,55,film,congruent,✅,0.9977791995257022
28,55,sunrise,congruent,✅,0.6040462972506567
28,55,film,incongruent,✅,0.004627206423955829
28,55,sunrise,incongruent,✅,0.026893585540806966
28,56,lecture,congruent,✅,0.9995055303450261
28,56,banquet,congruent,✅,0.9556048521517843
28,56,lecture,incongruent,✅,0.00040155120351929863
28,56,banquet,incongruent,✅,0.00047895200393285056
28,57,drink,congruent,✅,0.9845621043073028
28,57,textbook,congruent,✅,0.9368932066980009
28,57,drink,incongruent,✅,0.005941632840908562
28,57,textbook,incongruent,✅,0.0007553635110445751
28,58,pool,congruent,✅,0.9994147019600153
28,58,snow,congruent,✅,0.9649451213135152
28,58,pool,incongruent,✅,0.00015980963944112314
28,58,snow,incongruent,✅,0.016355627040084367
28,59,passport,congruent,✅,0.9774088634929066
28,59,plushy,congruent,✅,0.9719990576100219
28,59,passport,incongruent,✅,0.014385682056146924
28,59,plushy,incongruent,✅,0.04993290041175684
28,6,patients,congruent,✅,0.993136826899212
28,6,students,congruent,✅,0.9948319968196584
28,6,patients,incongruent,✅,0.001975988086129864
28,6,students,incongruent,✅,0.00013690915400720196
28,60,sister,congruent,✅,0.8006107200128079
28,60,father,congruent,✅,0.9938798941882327
28,60,sister,incongruent,✅,0.004134748364131025
28,60,father,incongruent,✅,0.001979350849561834
28,61,game,congruent,✅,0.9895096967412971
28,61,sunset,congruent,✅,0.9985583787308897
28,61,game,incongruent,✅,0.38126790396693705
28,61,sunset,incongruent,✅,0.01385123894366662
28,62,holidays,congruent,✅,0.9941481282299338
28,62,funeral,congruent,✅,0.9964369741071646
28,62,holidays,incongruent,✅,0.131360080621659
28,62,funeral,incongruent,✅,0.293887797609924
28,63,grades,congruent,✅,0.9795486111469
28,63,affair,congruent,✅,0.980270865678112
28,63,grades,incongruent,✅,0.016241533084987256
28,63,affair,incongruent,✅,0.02901566289271911
28,64,arrest,congruent,✅,0.8998333196637751
28,64,stroke,congruent,❌,0.2812381890400207
28,64,arrest,incongruent,✅,0.19911623184719962
28,64,stroke,incongruent,✅,0.34687079869281645
28,65,pacifier,congruent,✅,0.6603796005658817
28,65,coffee,congruent,✅,0.995563769029382
28,65,pacifier,incongruent,✅,0.00579830611432042
28,65,coffee,incongruent,✅,0.008067239527050003
28,66,sweets,congruent,✅,0.9985203233647365
28,66,sentencing,congruent,✅,0.9314998524107271
28,66,sweets,incongruent,✅,0.0001445496255381488
28,66,sentencing,incongruent,✅,0.019911860815693613
28,67,nap,congruent,✅,0.9914592639553276
28,67,selfie,congruent,✅,0.999509472800363
28,67,nap,incongruent,✅,0.023958920289547058
28,67,selfie,incongruent,✅,0.0010104816720547395
28,68,diaper,congruent,✅,0.9988980950356849
28,68,tire,congruent,✅,0.9976725590808575
28,68,diaper,incongruent,✅,0.0003267963466745296
28,68,tire,incongruent,✅,0.0017075853765871195
28,69,chemotherapy,congruent,✅,0.9855284462867604
28,69,golf,congruent,✅,0.9992189540891684
28,69,chemotherapy,incongruent,✅,0.03784607041553478
28,69,golf,incongruent,✅,0.033655866280672984
28,7,consensus,congruent,✅,0.7433732104799936
28,7,deadlock,congruent,✅,0.8928668803442756
28,7,consensus,incongruent,✅,0.15093318481909063
28,7,deadlock,incongruent,✅,0.03294879100131913
28,70,thunder,congruent,✅,0.9783367078233375
28,70,lullaby,congruent,✅,0.8300896721576758
28,70,thunder,incongruent,✅,0.0814887725721058
28,70,lullaby,incongruent,✅,0.026342134228687846
28,71,pajamas,congruent,✅,0.9988355598887032
28,71,uniform,congruent,✅,0.9924365728064676
28,71,pajamas,incongruent,✅,0.0011546823437012144
28,71,uniform,incongruent,✅,0.0013979337235831436
28,72,gown,congruent,✅,0.9994153186448916
28,72,sweats,congruent,✅,0.9960321191879232
28,72,gown,incongruent,✅,0.0012556939320178232
28,72,sweats,incongruent,❌,0.9755184926012864
28,73,deadline,congruent,✅,0.8975662872516296
28,73,bed,congruent,✅,0.9723237147157204
28,73,deadline,incongruent,✅,0.005571691784405855
28,73,bed,incongruent,✅,0.12938533219892584
28,74,kindergarten,congruent,✅,0.9466852687624246
28,74,jail,congruent,✅,0.9930738748905633
28,74,kindergarten,incongruent,✅,0.006260981353578435
28,74,jail,incongruent,✅,0.3569493295484673
28,75,interrogated,congruent,✅,0.9932171046343715
28,75,tickled,congruent,✅,0.8782956112442571
28,75,interrogated,incongruent,✅,0.10922370636126871
28,75,tickled,incongruent,✅,0.02933640720390287
28,76,sandcastle,congruent,✅,0.9967190671695393
28,76,snowman,congruent,✅,0.9980827145426437
28,76,sandcastle,incongruent,✅,0.011367870400183618
28,76,snowman,incongruent,✅,0.2158655973966594
28,77,music,congruent,✅,0.9981829600809935
28,77,pizza,congruent,✅,0.9985386785610569
28,77,music,incongruent,✅,0.005782534570861884
28,77,pizza,incongruent,✅,0.00020470164798940828
28,78,playoffs,congruent,✅,0.8846415951340838
28,78,cartoon,congruent,✅,0.9966104791549263
28,78,playoffs,incongruent,✅,0.0003744581089189083
28,78,cartoon,incongruent,✅,0.0056779019142559105
28,79,alcoholism,congruent,✅,0.9755573362618486
28,79,academics,congruent,✅,0.9991367581973726
28,79,alcoholism,incongruent,✅,0.49095731822499444
28,79,academics,incongruent,✅,0.04440035249521307
28,8,engagement,congruent,✅,0.8928184604131099
28,8,cancer,congruent,✅,0.6709938707801778
28,8,engagement,incongruent,❌,0.753814781892035
28,8,cancer,incongruent,✅,0.2541714725714289
28,9,terminal,congruent,✅,0.9956299487961857
28,9,classroom,congruent,✅,0.9967052002114772
28,9,terminal,incongruent,✅,0.0014853997616163998
28,9,classroom,incongruent,✅,0.21502443527573092
29,0,library,congruent,✅,0.9467211192284772
29,0,refrigerator,congruent,❌,0.42775115400725783
29,0,library,incongruent,✅,0.012791852990030128
29,0,refrigerator,incongruent,✅,0.0011430823901734427
29,1,disappointment,congruent,✅,0.9443050999009559
29,1,delight,congruent,✅,0.9466936174682994
29,1,disappointment,incongruent,✅,0.002529683560662815
29,1,delight,incongruent,✅,0.0952356103030448
29,10,cash,congruent,✅,0.9979372494704348
29,10,groceries,congruent,✅,0.986825190856677
29,10,cash,incongruent,✅,0.058030256050549275
29,10,groceries,incongruent,✅,0.03718799177005401
29,11,lonely,congruent,✅,0.9645407398690188
29,11,confident,congruent,✅,0.9735543205697106
29,11,lonely,incongruent,✅,0.08408988935205201
29,11,confident,incongruent,✅,0.2987086287065097
29,12,joy,congruent,✅,0.9991700459888184
29,12,outrage,congruent,✅,0.5363711612790825
29,12,joy,incongruent,✅,0.0030689292621522424
29,12,outrage,incongruent,❌,0.9544311840662935
29,13,traffic,congruent,✅,0.9999440888006739
29,13,snowstorm,congruent,✅,0.9984674816681907
29,13,traffic,incongruent,✅,0.13654379636365513
29,13,snowstorm,incongruent,❌,0.9470607046682473
29,14,laughter,congruent,✅,0.9941178963682359
29,14,frustration,congruent,✅,0.995080814741982
29,14,laughter,incongruent,✅,0.0014458537450390957
29,14,frustration,incongruent,✅,0.005429394315915851
29,15,calculator,congruent,✅,0.9067719597999326
29,15,instrument,congruent,✅,0.9609956184316905
29,15,calculator,incongruent,✅,0.06912337442691582
29,15,instrument,incongruent,❌,0.723780690525605
29,16,orchestra,congruent,✅,0.9363511750834116
29,16,racers,congruent,✅,0.9871481488547396
29,16,orchestra,incongruent,✅,0.09935100337902433
29,16,racers,incongruent,✅,0.003333925789572224
29,17,retirement,congruent,✅,0.7980631120270733
29,17,playdate,congruent,✅,0.9614600391774288
29,17,retirement,incongruent,✅,0.04369138935579622
29,17,playdate,incongruent,✅,0.013595424627560944
29,18,relieved,congruent,✅,0.6810912237543781
29,18,depressed,congruent,✅,0.5590919604926002
29,18,relieved,incongruent,✅,0.0038526182418359292
29,18,depressed,incongruent,✅,0.1492758462390121
29,19,friends,congruent,❌,0.29800849255082734
29,19,weight,congruent,✅,0.8803635505324252
29,19,friends,incongruent,✅,0.2777972041235256
29,19,weight,incongruent,✅,0.01889672445062064
29,2,overcoat,congruent,✅,0.7668621656382095
29,2,sandals,congruent,✅,0.7588139850935416
29,2,overcoat,incongruent,✅,0.008863923386491725
29,2,sandals,incongruent,✅,0.004604505294200822
29,20,lipstick,congruent,✅,0.8065197281292495
29,20,song,congruent,✅,0.9894466678027137
29,20,lipstick,incongruent,✅,0.44938121337267506
29,20,song,incongruent,✅,0.1646809528251273
29,21,fought,congruent,✅,0.9958524402567638
29,21,sang,congruent,✅,0.8404277093042686
29,21,fought,incongruent,✅,0.024017346767373583
29,21,sang,incongruent,✅,0.0038779072426844315
29,22,skeptical,congruent,✅,0.9024956750272318
29,22,reassured,congruent,✅,0.7228777050339833
29,22,skeptical,incongruent,✅,0.0881503228682571
29,22,reassured,incongruent,✅,0.34496373265931607
29,23,graduation,congruent,✅,0.9978245710255267
29,23,operation,congruent,✅,0.8747605941503819
29,23,graduation,incongruent,✅,0.013125883015940813
29,23,operation,incongruent,✅,0.007883740927523556
29,24,bride,congruent,✅,0.7750524185905184
29,24,aftermath,congruent,✅,0.9977217828139536
29,24,bride,incongruent,✅,0.016674569656947098
29,24,aftermath,incongruent,✅,0.00036489655683256196
29,25,teacher,congruent,✅,0.9990364543242659
29,25,daughter,congruent,✅,0.9984888891370515
29,25,teacher,incongruent,❌,0.9250317747357512
29,25,daughter,incongruent,✅,0.047186574344282965
29,26,roommate,congruent,✅,0.997820976719367
29,26,grandma,congruent,✅,0.9980994388366896
29,26,roommate,incongruent,✅,0.003290348197706846
29,26,grandma,incongruent,✅,0.001757797552174163
29,27,brother,congruent,✅,0.9671426231326691
29,27,mother,congruent,✅,0.9910974187034831
29,27,brother,incongruent,✅,0.00926397090315652
29,27,mother,incongruent,✅,0.005500282620987183
29,28,preschool,congruent,✅,0.9001727702856154
29,28,prison,congruent,✅,0.7229433495145117
29,28,preschool,incongruent,✅,0.0006594293695888538
29,28,prison,incongruent,✅,0.007449936792577476
29,29,hopeful,congruent,✅,0.7822249968407787
29,29,hopeless,congruent,✅,0.9730575243778884
29,29,hopeful,incongruent,✅,0.07630601208327265
29,29,hopeless,incongruent,✅,0.017928282708896525
29,3,marathon,congruent,✅,0.9591224832845456
29,3,exam,congruent,✅,0.9712772907009797
29,3,marathon,incongruent,✅,0.004606897044945074
29,3,exam,incongruent,✅,0.04336272000776902
29,30,appalled,congruent,✅,0.9531814867473155
29,30,overjoyed,congruent,✅,0.7365602748230645
29,30,appalled,incongruent,✅,0.0009931931605639747
29,30,overjoyed,incongruent,✅,0.18602401221974096
29,31,reprimand,congruent,✅,0.9788148936790287
29,31,encouragement,congruent,✅,0.9816940798964143
29,31,reprimand,incongruent,✅,0.005615150743766339
29,31,encouragement,incongruent,✅,0.03564608427714855
29,32,angrily,congruent,✅,0.9879655753132077
29,32,cordially,congruent,✅,0.9936665370921333
29,32,angrily,incongruent,✅,0.005394785041116472
29,32,cordially,incongruent,✅,0.0017144710872143182
29,33,accusatory,congruent,✅,0.9890008545153706
29,33,flirtatious,congruent,✅,0.9634041191898826
29,33,accusatory,incongruent,✅,0.10145032845264015
29,33,flirtatious,incongruent,✅,0.2570515603830579
29,34,disapprovingly,congruent,✅,0.932176826368642
29,34,lovingly,congruent,❌,0.45375107207451665
29,34,disapprovingly,incongruent,✅,0.00029765933559253486
29,34,lovingly,incongruent,✅,0.17548729849676398
29,35,playful,congruent,✅,0.9806177225620124
29,35,distant,congruent,✅,0.6793540693495473
29,35,playful,incongruent,✅,0.007933010392977556
29,35,distant,incongruent,✅,0.07475450164794367
29,36,headphones,congruent,✅,0.9116457941385472
29,36,mangoes,congruent,✅,0.9104295967167324
29,36,headphones,incongruent,✅,0.10924942040700225
29,36,mangoes,incongruent,✅,0.04508686297173976
29,37,playroom,congruent,✅,0.9989302476889321
29,37,park,congruent,✅,0.9981935504008881
29,37,playroom,incongruent,✅,0.0045612173998177226
29,37,park,incongruent,✅,0.1931168702831978
29,38,bedroom,congruent,✅,0.9933543000556665
29,38,backyard,congruent,✅,0.9881441972206123
29,38,bedroom,incongruent,✅,0.0032609747198172412
29,38,backyard,incongruent,✅,0.00023446668495584607
29,39,solemnly,congruent,✅,0.8922452850067205
29,39,excitedly,congruent,✅,0.973309165233786
29,39,solemnly,incongruent,✅,0.03934338488601421
29,39,excitedly,incongruent,✅,0.002285268625942275
29,4,menu,congruent,✅,0.7904369683307271
29,4,prescription,congruent,✅,0.9862614186861358
29,4,menu,incongruent,✅,0.015794646830114105
29,4,prescription,incongruent,✅,0.004856794255825614
29,40,car,congruent,✅,0.7081050522846086
29,40,sock,congruent,❌,0.10401962689354113
29,40,car,incongruent,✅,0.25846049697757983
29,40,sock,incongruent,✅,0.015413920216837445
29,41,overdressed,congruent,✅,0.9897490141781862
29,41,naked,congruent,✅,0.6722668847454217
29,41,overdressed,incongruent,✅,0.0005182631968400429
29,41,naked,incongruent,✅,0.0005493583272522645
29,42,shy,congruent,✅,0.8826438217631805
29,42,lively,congruent,✅,0.9974158483494908
29,42,shy,incongruent,✅,0.050661498600659646
29,42,lively,incongruent,✅,0.056036012560043515
29,43,offended,congruent,✅,0.8895368222927944
29,43,flattered,congruent,✅,0.9207917888023796
29,43,offended,incongruent,✅,0.28098098320591575
29,43,flattered,incongruent,✅,0.4999363514925808
29,44,grandkid,congruent,✅,0.9982398574398971
29,44,cellmate,congruent,✅,0.9980889739861565
29,44,grandkid,incongruent,✅,0.00983496225034557
29,44,cellmate,incongruent,✅,0.19110689382329737
29,45,promoted,congruent,✅,0.9732585537085112
29,45,fired,congruent,✅,0.997428996063723
29,45,promoted,incongruent,✅,0.18495734964900143
29,45,fired,incongruent,✅,0.1376193692358024
29,46,shooting,congruent,❌,0.18569537960948815
29,46,celebration,congruent,❌,0.12152348871652854
29,46,shooting,incongruent,✅,0.004151292865824446
29,46,celebration,incongruent,✅,0.007270321300385797
29,47,crayon,congruent,✅,0.9761010699774143
29,47,beer,congruent,✅,0.9939334104778101
29,47,crayon,incongruent,✅,0.00120084145032321
29,47,beer,incongruent,✅,0.004512247187394709
29,48,waiter,congruent,✅,0.9599701130681725
29,48,taxi,congruent,✅,0.8340279790448346
29,48,waiter,incongruent,✅,0.14722130430534985
29,48,taxi,incongruent,✅,0.02999810091477436
29,49,parents,congruent,✅,0.9948695485891859
29,49,keys,congruent,✅,0.9941702506965318
29,49,parents,incongruent,✅,0.4017616568907899
29,49,keys,incongruent,✅,0.010010072317952966
29,5,distress,congruent,✅,0.9712014923160777
29,5,tranquility,congruent,✅,0.9890695614104101
29,5,distress,incongruent,✅,0.000905831494689055
29,5,tranquility,incongruent,✅,0.054310180138888296
29,50,sofa,congruent,✅,0.9998085538170508
29,50,sky,congruent,✅,0.9983878407311644
29,50,sofa,incongruent,✅,0.005554203263181703
29,50,sky,incongruent,❌,0.6518744159715879
29,51,obesity,congruent,❌,0.26181293408681133
29,51,homework,congruent,✅,0.9376665250733444
29,51,obesity,incongruent,✅,0.0011129168976580397
29,51,homework,incongruent,✅,0.026801922597364775
29,52,quiz,congruent,✅,0.9953075023764006
29,52,commute,congruent,✅,0.9983268256473107
29,52,quiz,incongruent,✅,0.0013326698052909193
29,52,commute,incongruent,✅,0.0008907493051120517
29,53,migraine,congruent,✅,0.9976911848751603
29,53,excitement,congruent,✅,0.9993591408843644
29,53,migraine,incongruent,✅,0.0006959725749751824
29,53,excitement,incongruent,✅,0.3873430775704599
29,54,niece,congruent,❌,0.4722046656791397
29,54,husband,congruent,✅,0.9159035568435546
29,54,niece,incongruent,✅,0.03192626931147795
29,54,husband,incongruent,✅,0.1275829047909997
29,55,film,congruent,✅,0.993788287037546
29,55,sunrise,congruent,✅,0.5683039350825065
29,55,film,incongruent,✅,0.003611834491618744
29,55,sunrise,incongruent,✅,0.029068762753654397
29,56,lecture,congruent,✅,0.9995323204412666
29,56,banquet,congruent,✅,0.9747749376722528
29,56,lecture,incongruent,✅,0.0003375943852456331
29,56,banquet,incongruent,✅,0.00012462602094651522
29,57,drink,congruent,✅,0.9884797174968247
29,57,textbook,congruent,✅,0.975266536706904
29,57,drink,incongruent,✅,0.011946100624594289
29,57,textbook,incongruent,✅,0.004444367048692424
29,58,pool,congruent,✅,0.998910802771239
29,58,snow,congruent,✅,0.9242041191706295
29,58,pool,incongruent,✅,0.000354107285517558
29,58,snow,incongruent,✅,0.021218511547358414
29,59,passport,congruent,✅,0.9314913622196307
29,59,plushy,congruent,✅,0.9928861333968324
29,59,passport,incongruent,✅,0.030044909979706862
29,59,plushy,incongruent,✅,0.050560120932608754
29,6,patients,congruent,✅,0.9970334684413005
29,6,students,congruent,✅,0.9983776966263788
29,6,patients,incongruent,✅,0.0031285076355643793
29,6,students,incongruent,✅,0.0005477779287094676
29,60,sister,congruent,✅,0.7137453614094847
29,60,father,congruent,✅,0.9911040898710793
29,60,sister,incongruent,✅,0.008219664282451732
29,60,father,incongruent,✅,0.00027970176918087864
29,61,game,congruent,✅,0.9846341876638238
29,61,sunset,congruent,✅,0.9987209838887263
29,61,game,incongruent,✅,0.3220964616582396
29,61,sunset,incongruent,✅,0.012944057276045664
29,62,holidays,congruent,✅,0.9949434079141832
29,62,funeral,congruent,✅,0.9988118682120847
29,62,holidays,incongruent,✅,0.2747993726519431
29,62,funeral,incongruent,✅,0.22957761946880414
29,63,grades,congruent,✅,0.9945621940865851
29,63,affair,congruent,✅,0.9921473699250379
29,63,grades,incongruent,✅,0.03647211889622259
29,63,affair,incongruent,✅,0.02271237638826686
29,64,arrest,congruent,✅,0.8690407931074975
29,64,stroke,congruent,❌,0.4525427650542781
29,64,arrest,incongruent,✅,0.3416340568402542
29,64,stroke,incongruent,✅,0.34118715722493276
29,65,pacifier,congruent,✅,0.5805431971738937
29,65,coffee,congruent,✅,0.9975028177323824
29,65,pacifier,incongruent,✅,0.01953450078877136
29,65,coffee,incongruent,✅,0.007914293760453139
29,66,sweets,congruent,✅,0.997129181533612
29,66,sentencing,congruent,✅,0.9428512069917245
29,66,sweets,incongruent,✅,0.0002347793264518557
29,66,sentencing,incongruent,✅,0.007758757312064109
29,67,nap,congruent,✅,0.9941139353018753
29,67,selfie,congruent,✅,0.9990164143412944
29,67,nap,incongruent,✅,0.04613152167360339
29,67,selfie,incongruent,✅,0.005364958939865574
29,68,diaper,congruent,✅,0.9982700340755949
29,68,tire,congruent,✅,0.9981032969709482
29,68,diaper,incongruent,✅,0.0006256524950550927
29,68,tire,incongruent,✅,0.0006275879760673565
29,69,chemotherapy,congruent,✅,0.9011810917095942
29,69,golf,congruent,✅,0.9990693037712762
29,69,chemotherapy,incongruent,✅,0.034271912641999906
29,69,golf,incongruent,✅,0.024326539919562132
29,7,consensus,congruent,✅,0.7534804638505889
29,7,deadlock,congruent,✅,0.9241967682002508
29,7,consensus,incongruent,✅,0.19385428169459776
29,7,deadlock,incongruent,✅,0.026576056223614603
29,70,thunder,congruent,✅,0.9661920806680694
29,70,lullaby,congruent,✅,0.897410107196601
29,70,thunder,incongruent,✅,0.1412536864454828
29,70,lullaby,incongruent,✅,0.039574105221169484
29,71,pajamas,congruent,✅,0.9987866527006487
29,71,uniform,congruent,✅,0.9917277481499093
29,71,pajamas,incongruent,✅,0.0006696128054478733
29,71,uniform,incongruent,✅,0.006585940410913427
29,72,gown,congruent,✅,0.999425605341956
29,72,sweats,congruent,✅,0.9935152053913604
29,72,gown,incongruent,✅,0.0007094893066660344
29,72,sweats,incongruent,❌,0.9627768201741045
29,73,deadline,congruent,✅,0.8896217133051766
29,73,bed,congruent,✅,0.96049576796816
29,73,deadline,incongruent,✅,0.007133589968609365
29,73,bed,incongruent,✅,0.19727809242858663
29,74,kindergarten,congruent,✅,0.9642376232824973
29,74,jail,congruent,✅,0.9877375497881629
29,74,kindergarten,incongruent,✅,0.012791753582855288
29,74,jail,incongruent,❌,0.5105121128811185
29,75,interrogated,congruent,✅,0.9962129260289566
29,75,tickled,congruent,✅,0.916548355304744
29,75,interrogated,incongruent,✅,0.33212694796974346
29,75,tickled,incongruent,✅,0.04881952524436704
29,76,sandcastle,congruent,✅,0.9896274794894848
29,76,snowman,congruent,✅,0.9949886863709249
29,76,sandcastle,incongruent,✅,0.006523437558724079
29,76,snowman,incongruent,✅,0.06962174929361069
29,77,music,congruent,✅,0.9992752173421947
29,77,pizza,congruent,✅,0.9997232960390641
29,77,music,incongruent,✅,0.009675654098072405
29,77,pizza,incongruent,✅,0.0005258527393060879
29,78,playoffs,congruent,✅,0.852371282783339
29,78,cartoon,congruent,✅,0.9985902247751606
29,78,playoffs,incongruent,✅,0.0005726918570367403
29,78,cartoon,incongruent,✅,0.009420680549774744
29,79,alcoholism,congruent,✅,0.9726392006297399
29,79,academics,congruent,✅,0.9983923492165966
29,79,alcoholism,incongruent,✅,0.17025126674858743
29,79,academics,incongruent,✅,0.03693133603698328
29,8,engagement,congruent,✅,0.9055528414595946
29,8,cancer,congruent,✅,0.6910568926483422
29,8,engagement,incongruent,❌,0.768495322123506
29,8,cancer,incongruent,✅,0.402176942347509
29,9,terminal,congruent,✅,0.9938700002792272
29,9,classroom,congruent,✅,0.9947475452743733
29,9,terminal,incongruent,✅,0.0016918441661572478
29,9,classroom,incongruent,✅,0.23778563624673707
30,0,library,congruent,✅,0.9534772879864271
30,0,refrigerator,congruent,✅,0.5093827005246209
30,0,library,incongruent,✅,0.012131202297275991
30,0,refrigerator,incongruent,✅,0.0009610797612390696
30,1,disappointment,congruent,✅,0.9680052512874211
30,1,delight,congruent,✅,0.9540567613610682
30,1,disappointment,incongruent,✅,0.0020172963384673826
30,1,delight,incongruent,✅,0.1312272976582451
30,10,cash,congruent,✅,0.9993440516885691
30,10,groceries,congruent,✅,0.9928406665647157
30,10,cash,incongruent,✅,0.03414645701077975
30,10,groceries,incongruent,✅,0.01925872090704899
30,11,lonely,congruent,✅,0.9458274677502312
30,11,confident,congruent,✅,0.965230623487787
30,11,lonely,incongruent,✅,0.03959207020463672
30,11,confident,incongruent,✅,0.16927255884622966
30,12,joy,congruent,✅,0.9987201496674553
30,12,outrage,congruent,❌,0.4958046282210814
30,12,joy,incongruent,✅,0.008249021258161028
30,12,outrage,incongruent,❌,0.907328497740181
30,13,traffic,congruent,✅,0.9998429016691847
30,13,snowstorm,congruent,✅,0.997854259958876
30,13,traffic,incongruent,✅,0.23070786141524846
30,13,snowstorm,incongruent,❌,0.9264886406738997
30,14,laughter,congruent,✅,0.988115742108368
30,14,frustration,congruent,✅,0.9878060351817359
30,14,laughter,incongruent,✅,0.0052570221615767685
30,14,frustration,incongruent,✅,0.01934690676966713
30,15,calculator,congruent,✅,0.8594297645126479
30,15,instrument,congruent,✅,0.9709947692006182
30,15,calculator,incongruent,✅,0.09158761697807284
30,15,instrument,incongruent,❌,0.5741051442197408
30,16,orchestra,congruent,✅,0.964466929768989
30,16,racers,congruent,✅,0.9981464203237537
30,16,orchestra,incongruent,✅,0.4603642655286849
30,16,racers,incongruent,✅,0.007467887229521282
30,17,retirement,congruent,✅,0.873414175602374
30,17,playdate,congruent,✅,0.9228178802838471
30,17,retirement,incongruent,✅,0.011492865249077314
30,17,playdate,incongruent,✅,0.009949129619143703
30,18,relieved,congruent,✅,0.6810172203659806
30,18,depressed,congruent,✅,0.5250705960151074
30,18,relieved,incongruent,✅,0.01391344251891489
30,18,depressed,incongruent,✅,0.1668153570542378
30,19,friends,congruent,❌,0.4202595702555312
30,19,weight,congruent,✅,0.795188424019503
30,19,friends,incongruent,✅,0.16755148097519382
30,19,weight,incongruent,✅,0.01977522149918117
30,2,overcoat,congruent,✅,0.7328964072575013
30,2,sandals,congruent,✅,0.745035314448527
30,2,overcoat,incongruent,✅,0.032516227793293634
30,2,sandals,incongruent,✅,0.01686621858183652
30,20,lipstick,congruent,✅,0.7436104181026759
30,20,song,congruent,✅,0.9848607443498443
30,20,lipstick,incongruent,✅,0.3098347513057191
30,20,song,incongruent,✅,0.08299269845722071
30,21,fought,congruent,✅,0.9915419006259174
30,21,sang,congruent,✅,0.5836811059594134
30,21,fought,incongruent,✅,0.009974386870086551
30,21,sang,incongruent,✅,0.0014064016543021006
30,22,skeptical,congruent,✅,0.9305123087894356
30,22,reassured,congruent,✅,0.7767678838186446
30,22,skeptical,incongruent,✅,0.1263955367096368
30,22,reassured,incongruent,✅,0.4428283175240358
30,23,graduation,congruent,✅,0.9986857719717148
30,23,operation,congruent,✅,0.9159906049362485
30,23,graduation,incongruent,✅,0.01565799615568936
30,23,operation,incongruent,✅,0.006660631480808529
30,24,bride,congruent,❌,0.4515960768694676
30,24,aftermath,congruent,✅,0.99606734196604
30,24,bride,incongruent,✅,0.004020198428571098
30,24,aftermath,incongruent,✅,0.0003585213530390763
30,25,teacher,congruent,✅,0.9989201271287286
30,25,daughter,congruent,✅,0.9971573186914013
30,25,teacher,incongruent,❌,0.8042471056860685
30,25,daughter,incongruent,✅,0.06713544763784324
30,26,roommate,congruent,✅,0.9986902144660628
30,26,grandma,congruent,✅,0.9956737070096284
30,26,roommate,incongruent,✅,0.005949068260776188
30,26,grandma,incongruent,✅,0.002410914512980005
30,27,brother,congruent,✅,0.9783282668777525
30,27,mother,congruent,✅,0.994430392081937
30,27,brother,incongruent,✅,0.008898097863277893
30,27,mother,incongruent,✅,0.020335524888052653
30,28,preschool,congruent,✅,0.6977186656384762
30,28,prison,congruent,✅,0.7559960694477864
30,28,preschool,incongruent,✅,0.0006512286190606371
30,28,prison,incongruent,✅,0.003406893974754392
30,29,hopeful,congruent,✅,0.7144022298343939
30,29,hopeless,congruent,✅,0.9743080798023801
30,29,hopeful,incongruent,✅,0.06928809844644004
30,29,hopeless,incongruent,✅,0.004129647040468385
30,3,marathon,congruent,✅,0.9686971511157597
30,3,exam,congruent,✅,0.9866104766075153
30,3,marathon,incongruent,✅,0.01626684771550028
30,3,exam,incongruent,✅,0.04429946807103115
30,30,appalled,congruent,✅,0.9156831236156948
30,30,overjoyed,congruent,✅,0.7243679099824254
30,30,appalled,incongruent,✅,0.0015436214428006002
30,30,overjoyed,incongruent,✅,0.12875306918111204
30,31,reprimand,congruent,✅,0.9895351030336745
30,31,encouragement,congruent,✅,0.9767828337198988
30,31,reprimand,incongruent,✅,0.004535203135693185
30,31,encouragement,incongruent,✅,0.049260585936797996
30,32,angrily,congruent,✅,0.9909134226609413
30,32,cordially,congruent,✅,0.9892969295447297
30,32,angrily,incongruent,✅,0.013152592454390013
30,32,cordially,incongruent,✅,0.009901943618845681
30,33,accusatory,congruent,✅,0.9870377605089569
30,33,flirtatious,congruent,✅,0.9449941891028861
30,33,accusatory,incongruent,✅,0.10430614685955973
30,33,flirtatious,incongruent,✅,0.1891042450789701
30,34,disapprovingly,congruent,✅,0.9600916405207367
30,34,lovingly,congruent,✅,0.6778013290856272
30,34,disapprovingly,incongruent,✅,0.001442848496660295
30,34,lovingly,incongruent,✅,0.3837814162310412
30,35,playful,congruent,✅,0.9828366925872243
30,35,distant,congruent,✅,0.6559504450114557
30,35,playful,incongruent,✅,0.01206494271834351
30,35,distant,incongruent,✅,0.06468365772318971
30,36,headphones,congruent,✅,0.9611628821928483
30,36,mangoes,congruent,✅,0.964405840060693
30,36,headphones,incongruent,✅,0.18621281695750813
30,36,mangoes,incongruent,✅,0.19311930183582124
30,37,playroom,congruent,✅,0.9990927933474932
30,37,park,congruent,✅,0.9979133467465603
30,37,playroom,incongruent,✅,0.011065313329396576
30,37,park,incongruent,❌,0.5720836964234549
30,38,bedroom,congruent,✅,0.9913280257302106
30,38,backyard,congruent,✅,0.9796623075428098
30,38,bedroom,incongruent,✅,0.007054344197700097
30,38,backyard,incongruent,✅,0.00025558015178004365
30,39,solemnly,congruent,✅,0.8321084930043452
30,39,excitedly,congruent,✅,0.9665277753890564
30,39,solemnly,incongruent,✅,0.1417991069303796
30,39,excitedly,incongruent,✅,0.0031276465862420865
30,4,menu,congruent,✅,0.8757676651996972
30,4,prescription,congruent,✅,0.9811135188768644
30,4,menu,incongruent,✅,0.012069090011943716
30,4,prescription,incongruent,✅,0.014611352421114098
30,40,car,congruent,✅,0.7463590010776874
30,40,sock,congruent,❌,0.08615665890574863
30,40,car,incongruent,✅,0.04449043485460315
30,40,sock,incongruent,✅,0.010390665804153078
30,41,overdressed,congruent,✅,0.9844914755352662
30,41,naked,congruent,✅,0.7772649291210657
30,41,overdressed,incongruent,✅,0.001011336804413118
30,41,naked,incongruent,✅,0.006237243947363106
30,42,shy,congruent,✅,0.8501484802798599
30,42,lively,congruent,✅,0.9917802580526254
30,42,shy,incongruent,✅,0.03747592144717412
30,42,lively,incongruent,✅,0.068991880415932
30,43,offended,congruent,✅,0.8451918406795444
30,43,flattered,congruent,✅,0.9242947005532517
30,43,offended,incongruent,✅,0.2517983037769202
30,43,flattered,incongruent,✅,0.4358822627278767
30,44,grandkid,congruent,✅,0.9959895040211598
30,44,cellmate,congruent,✅,0.9993920174516887
30,44,grandkid,incongruent,✅,0.0424000432890732
30,44,cellmate,incongruent,✅,0.15662744177605883
30,45,promoted,congruent,✅,0.9864039998182506
30,45,fired,congruent,✅,0.9987785930193985
30,45,promoted,incongruent,✅,0.2671393931453417
30,45,fired,incongruent,✅,0.1732841068874021
30,46,shooting,congruent,❌,0.100296696504106
30,46,celebration,congruent,❌,0.08561385787284358
30,46,shooting,incongruent,✅,0.002486107385788018
30,46,celebration,incongruent,✅,0.002919435629685394
30,47,crayon,congruent,✅,0.9491779350049356
30,47,beer,congruent,✅,0.9781351561883981
30,47,crayon,incongruent,✅,0.002010327604860162
30,47,beer,incongruent,✅,0.005921731723415193
30,48,waiter,congruent,✅,0.9562785140982968
30,48,taxi,congruent,✅,0.8560277262295096
30,48,waiter,incongruent,✅,0.20271024980633848
30,48,taxi,incongruent,✅,0.049473136492073314
30,49,parents,congruent,✅,0.9982682213058414
30,49,keys,congruent,✅,0.9884597277396799
30,49,parents,incongruent,✅,0.16299063340291517
30,49,keys,incongruent,✅,0.012404189964925502
30,5,distress,congruent,✅,0.9720150198882
30,5,tranquility,congruent,✅,0.9886862275017059
30,5,distress,incongruent,✅,0.0008547874024171724
30,5,tranquility,incongruent,✅,0.020760354282320852
30,50,sofa,congruent,✅,0.9996646056265701
30,50,sky,congruent,✅,0.9982313261076904
30,50,sofa,incongruent,✅,0.005109705467922292
30,50,sky,incongruent,❌,0.5872006383949776
30,51,obesity,congruent,✅,0.5224347263043482
30,51,homework,congruent,✅,0.9676506549633971
30,51,obesity,incongruent,✅,0.0019753486460396944
30,51,homework,incongruent,✅,0.09256003243753542
30,52,quiz,congruent,✅,0.9954871258505912
30,52,commute,congruent,✅,0.9990357864540917
30,52,quiz,incongruent,✅,0.0001499658459206973
30,52,commute,incongruent,✅,0.000930326460643202
30,53,migraine,congruent,✅,0.9964654081573739
30,53,excitement,congruent,✅,0.9990892567544319
30,53,migraine,incongruent,✅,0.00021875316764389128
30,53,excitement,incongruent,✅,0.35971978872662363
30,54,niece,congruent,✅,0.6425364354013499
30,54,husband,congruent,✅,0.8956177862259136
30,54,niece,incongruent,✅,0.06043911395887154
30,54,husband,incongruent,✅,0.06563756552413119
30,55,film,congruent,✅,0.9883155040556145
30,55,sunrise,congruent,✅,0.7338518885907157
30,55,film,incongruent,✅,0.0022232466563488827
30,55,sunrise,incongruent,✅,0.006756999300485163
30,56,lecture,congruent,✅,0.9993697628893498
30,56,banquet,congruent,✅,0.9222025941825129
30,56,lecture,incongruent,✅,0.00017598767152853803
30,56,banquet,incongruent,✅,0.00024032139697036743
30,57,drink,congruent,✅,0.9900852057042704
30,57,textbook,congruent,✅,0.966130180171946
30,57,drink,incongruent,✅,0.011698542251341369
30,57,textbook,incongruent,✅,0.006793793748449559
30,58,pool,congruent,✅,0.9985808629271762
30,58,snow,congruent,✅,0.9066178611185647
30,58,pool,incongruent,✅,0.000352813935824431
30,58,snow,incongruent,✅,0.041761193742556935
30,59,passport,congruent,✅,0.9723615516465103
30,59,plushy,congruent,✅,0.9868989722765648
30,59,passport,incongruent,✅,0.015055098151586153
30,59,plushy,incongruent,✅,0.034305170609868034
30,6,patients,congruent,✅,0.9836829560870529
30,6,students,congruent,✅,0.990488159915332
30,6,patients,incongruent,✅,0.002163187559432947
30,6,students,incongruent,✅,0.00029453563647520464
30,60,sister,congruent,✅,0.8767205394921375
30,60,father,congruent,✅,0.9921341027743609
30,60,sister,incongruent,✅,0.009364664593346766
30,60,father,incongruent,✅,0.0009227649473644648
30,61,game,congruent,✅,0.9857525550468069
30,61,sunset,congruent,✅,0.9993794179742079
30,61,game,incongruent,❌,0.5980052527526011
30,61,sunset,incongruent,✅,0.02327701725416025
30,62,holidays,congruent,✅,0.997799964601189
30,62,funeral,congruent,✅,0.9970480336292886
30,62,holidays,incongruent,✅,0.15706942425132678
30,62,funeral,incongruent,✅,0.4472994941597456
30,63,grades,congruent,✅,0.9924245343284773
30,63,affair,congruent,✅,0.9932649539628072
30,63,grades,incongruent,✅,0.04316831788190081
30,63,affair,incongruent,✅,0.000809125892174012
30,64,arrest,congruent,✅,0.9421658972209452
30,64,stroke,congruent,✅,0.5748344799390117
30,64,arrest,incongruent,✅,0.48492873519479135
30,64,stroke,incongruent,❌,0.6535970925895462
30,65,pacifier,congruent,✅,0.7489691181201624
30,65,coffee,congruent,✅,0.9959904863085185
30,65,pacifier,incongruent,✅,0.04697221927304253
30,65,coffee,incongruent,✅,0.008969280753967404
30,66,sweets,congruent,✅,0.9959429517622943
30,66,sentencing,congruent,✅,0.9314382468610075
30,66,sweets,incongruent,✅,7.796546201789943e-05
30,66,sentencing,incongruent,✅,0.012406215942098344
30,67,nap,congruent,✅,0.9859009287277146
30,67,selfie,congruent,✅,0.9982300552480495
30,67,nap,incongruent,✅,0.05113205070714229
30,67,selfie,incongruent,✅,0.00239955972266294
30,68,diaper,congruent,✅,0.997117003767246
30,68,tire,congruent,✅,0.9976462101821343
30,68,diaper,incongruent,✅,0.0003629489401541418
30,68,tire,incongruent,✅,8.961611554492914e-05
30,69,chemotherapy,congruent,✅,0.9715944845284225
30,69,golf,congruent,✅,0.9985028997484948
30,69,chemotherapy,incongruent,✅,0.01529400681259452
30,69,golf,incongruent,✅,0.05994241762820356
30,7,consensus,congruent,✅,0.6721633698443479
30,7,deadlock,congruent,✅,0.8241023057963418
30,7,consensus,incongruent,✅,0.12049276998372918
30,7,deadlock,incongruent,✅,0.005398800324285737
30,70,thunder,congruent,✅,0.9751041385755679
30,70,lullaby,congruent,✅,0.9044856971487438
30,70,thunder,incongruent,✅,0.18980407516124742
30,70,lullaby,incongruent,✅,0.056209564426717554
30,71,pajamas,congruent,✅,0.9981995300850053
30,71,uniform,congruent,✅,0.9937267180724149
30,71,pajamas,incongruent,✅,0.003083548360202682
30,71,uniform,incongruent,✅,0.01693432462342922
30,72,gown,congruent,✅,0.9990862003859196
30,72,sweats,congruent,✅,0.9859701962686679
30,72,gown,incongruent,✅,0.001262263677622551
30,72,sweats,incongruent,❌,0.896325171754626
30,73,deadline,congruent,✅,0.9440872597103283
30,73,bed,congruent,✅,0.9559901291373137
30,73,deadline,incongruent,✅,0.001963926956088734
30,73,bed,incongruent,✅,0.3538038344819559
30,74,kindergarten,congruent,✅,0.9826834481789061
30,74,jail,congruent,✅,0.9519123848287562
30,74,kindergarten,incongruent,✅,0.002816608786378802
30,74,jail,incongruent,❌,0.6557440093722708
30,75,interrogated,congruent,✅,0.9948162504946105
30,75,tickled,congruent,✅,0.7853736544686134
30,75,interrogated,incongruent,✅,0.13888566773346464
30,75,tickled,incongruent,✅,0.02809664846710352
30,76,sandcastle,congruent,✅,0.997385835237215
30,76,snowman,congruent,✅,0.9984425561074947
30,76,sandcastle,incongruent,✅,0.027184343788736704
30,76,snowman,incongruent,✅,0.24198133866094065
30,77,music,congruent,✅,0.9987444754434943
30,77,pizza,congruent,✅,0.9990250662753932
30,77,music,incongruent,✅,0.009948118129091757
30,77,pizza,incongruent,✅,0.0003114688786201937
30,78,playoffs,congruent,✅,0.8210413330974877
30,78,cartoon,congruent,✅,0.9981921893984179
30,78,playoffs,incongruent,✅,0.0012322898691506053
30,78,cartoon,incongruent,✅,0.011196076366978329
30,79,alcoholism,congruent,✅,0.9750515772077549
30,79,academics,congruent,✅,0.9989966818453354
30,79,alcoholism,incongruent,✅,0.1412130021823112
30,79,academics,incongruent,✅,0.0327660659176939
30,8,engagement,congruent,✅,0.930895735663645
30,8,cancer,congruent,✅,0.7018537949186262
30,8,engagement,incongruent,❌,0.7252529530789509
30,8,cancer,incongruent,✅,0.34021085649362104
30,9,terminal,congruent,✅,0.9858129823268494
30,9,classroom,congruent,✅,0.9932730353267089
30,9,terminal,incongruent,✅,0.003756502036553831
30,9,classroom,incongruent,✅,0.09275446668799557
31,0,library,congruent,✅,0.9574135760227982
31,0,refrigerator,congruent,❌,0.2958829265615052
31,0,library,incongruent,✅,0.011490085701733512
31,0,refrigerator,incongruent,✅,0.001181444683289254
31,1,disappointment,congruent,✅,0.9498221497913107
31,1,delight,congruent,✅,0.8951419307865871
31,1,disappointment,incongruent,✅,0.0059895208658315635
31,1,delight,incongruent,✅,0.16681520272037498
31,10,cash,congruent,✅,0.9990448005343572
31,10,groceries,congruent,✅,0.9860640881631054
31,10,cash,incongruent,✅,0.04494132231788434
31,10,groceries,incongruent,✅,0.021712865505031202
31,11,lonely,congruent,✅,0.9386587143244147
31,11,confident,congruent,✅,0.9495627003214308
31,11,lonely,incongruent,✅,0.05593353081780481
31,11,confident,incongruent,✅,0.19432531233398823
31,12,joy,congruent,✅,0.9979577906695902
31,12,outrage,congruent,✅,0.572222304577393
31,12,joy,incongruent,✅,0.01861247232102836
31,12,outrage,incongruent,❌,0.9237113722594229
31,13,traffic,congruent,✅,0.9993693040871046
31,13,snowstorm,congruent,✅,0.9963132867721757
31,13,traffic,incongruent,✅,0.4361108868781137
31,13,snowstorm,incongruent,❌,0.8387063801753332
31,14,laughter,congruent,✅,0.9783975987655652
31,14,frustration,congruent,✅,0.9876912803986693
31,14,laughter,incongruent,✅,0.02025905231250394
31,14,frustration,incongruent,✅,0.07082745718312246
31,15,calculator,congruent,✅,0.696658908862714
31,15,instrument,congruent,✅,0.9463754344703433
31,15,calculator,incongruent,✅,0.06766965328766715
31,15,instrument,incongruent,✅,0.3731569592428788
31,16,orchestra,congruent,✅,0.9618706429037096
31,16,racers,congruent,✅,0.9916210155566505
31,16,orchestra,incongruent,✅,0.3320268016318119
31,16,racers,incongruent,✅,0.008859831454991349
31,17,retirement,congruent,✅,0.821993744702983
31,17,playdate,congruent,✅,0.8701860274472857
31,17,retirement,incongruent,✅,0.015932082303117656
31,17,playdate,incongruent,✅,0.011188468974265505
31,18,relieved,congruent,✅,0.6175421608829179
31,18,depressed,congruent,✅,0.50907836015233
31,18,relieved,incongruent,✅,0.019924177875975946
31,18,depressed,incongruent,✅,0.19071439997623982
31,19,friends,congruent,❌,0.3416813205459872
31,19,weight,congruent,✅,0.7909805778088099
31,19,friends,incongruent,✅,0.25392634837056854
31,19,weight,incongruent,✅,0.023449411423899225
31,2,overcoat,congruent,✅,0.697027765524555
31,2,sandals,congruent,✅,0.7353425703090544
31,2,overcoat,incongruent,✅,0.06633282285241203
31,2,sandals,incongruent,✅,0.021545935135254084
31,20,lipstick,congruent,✅,0.7800741046352846
31,20,song,congruent,✅,0.9774948551616487
31,20,lipstick,incongruent,✅,0.212908057709328
31,20,song,incongruent,✅,0.1278053332393043
31,21,fought,congruent,✅,0.9814957080085535
31,21,sang,congruent,✅,0.8038419054769322
31,21,fought,incongruent,✅,0.009299165746989723
31,21,sang,incongruent,✅,0.0034215553465639704
31,22,skeptical,congruent,✅,0.9318628316791009
31,22,reassured,congruent,✅,0.6492083000640438
31,22,skeptical,incongruent,✅,0.1005778341945382
31,22,reassured,incongruent,❌,0.5612772345453741
31,23,graduation,congruent,✅,0.9965768314159531
31,23,operation,congruent,✅,0.8582077094410573
31,23,graduation,incongruent,✅,0.02098473541283807
31,23,operation,incongruent,✅,0.014064189558071908
31,24,bride,congruent,❌,0.36962710879687843
31,24,aftermath,congruent,✅,0.9843857665023836
31,24,bride,incongruent,✅,0.0025697553304673947
31,24,aftermath,incongruent,✅,0.0003318252709520553
31,25,teacher,congruent,✅,0.9985217948073032
31,25,daughter,congruent,✅,0.9949148969271228
31,25,teacher,incongruent,❌,0.8206926403296901
31,25,daughter,incongruent,✅,0.11547605556155187
31,26,roommate,congruent,✅,0.9949241823932092
31,26,grandma,congruent,✅,0.9952805416454726
31,26,roommate,incongruent,✅,0.01444944379207727
31,26,grandma,incongruent,✅,0.0016610393161481316
31,27,brother,congruent,✅,0.9675889786507673
31,27,mother,congruent,✅,0.9920099250202554
31,27,brother,incongruent,✅,0.02228065909263785
31,27,mother,incongruent,✅,0.022943283068649224
31,28,preschool,congruent,✅,0.8090936472059915
31,28,prison,congruent,✅,0.797803182011218
31,28,preschool,incongruent,✅,0.0012485716481110741
31,28,prison,incongruent,✅,0.005435005813819115
31,29,hopeful,congruent,✅,0.6037745964590167
31,29,hopeless,congruent,✅,0.9737964878570431
31,29,hopeful,incongruent,✅,0.12521647586800105
31,29,hopeless,incongruent,✅,0.004734551801214306
31,3,marathon,congruent,✅,0.9593693436538143
31,3,exam,congruent,✅,0.9827123444175385
31,3,marathon,incongruent,✅,0.027459167654182427
31,3,exam,incongruent,✅,0.03412685249283019
31,30,appalled,congruent,✅,0.6719987682851616
31,30,overjoyed,congruent,✅,0.7178747870768806
31,30,appalled,incongruent,✅,0.004160744713428307
31,30,overjoyed,incongruent,✅,0.04604880968256863
31,31,reprimand,congruent,✅,0.9729826933435494
31,31,encouragement,congruent,✅,0.9681038831074119
31,31,reprimand,incongruent,✅,0.017082154667623542
31,31,encouragement,incongruent,✅,0.07350790190661585
31,32,angrily,congruent,✅,0.9922862403428072
31,32,cordially,congruent,✅,0.9848969140947963
31,32,angrily,incongruent,✅,0.02714644353179303
31,32,cordially,incongruent,✅,0.0403312244450779
31,33,accusatory,congruent,✅,0.9672444679085117
31,33,flirtatious,congruent,✅,0.8739469677636867
31,33,accusatory,incongruent,✅,0.08419613302542596
31,33,flirtatious,incongruent,✅,0.15479625859582355
31,34,disapprovingly,congruent,✅,0.8372540281159169
31,34,lovingly,congruent,✅,0.6154628065667753
31,34,disapprovingly,incongruent,✅,0.003621578382168053
31,34,lovingly,incongruent,✅,0.20033608855111568
31,35,playful,congruent,✅,0.9810986516407166
31,35,distant,congruent,✅,0.7578855888526116
31,35,playful,incongruent,✅,0.041400591213954924
31,35,distant,incongruent,✅,0.1830423149551226
31,36,headphones,congruent,✅,0.9425245740850506
31,36,mangoes,congruent,✅,0.9618641500282641
31,36,headphones,incongruent,✅,0.2854781951392841
31,36,mangoes,incongruent,✅,0.10803693015622406
31,37,playroom,congruent,✅,0.9993792629874378
31,37,park,congruent,✅,0.9970408986656477
31,37,playroom,incongruent,✅,0.01455618043594521
31,37,park,incongruent,❌,0.7468805898413879
31,38,bedroom,congruent,✅,0.9835449684464049
31,38,backyard,congruent,✅,0.9535864821598333
31,38,bedroom,incongruent,✅,0.008853550989433781
31,38,backyard,incongruent,✅,0.0002426124209495347
31,39,solemnly,congruent,✅,0.8336617228903499
31,39,excitedly,congruent,✅,0.9832509801648761
31,39,solemnly,incongruent,✅,0.2730694469065935
31,39,excitedly,incongruent,✅,0.011013418098242059
31,4,menu,congruent,✅,0.8596343334715816
31,4,prescription,congruent,✅,0.9671562633056977
31,4,menu,incongruent,✅,0.008455326200505448
31,4,prescription,incongruent,✅,0.019888562754986464
31,40,car,congruent,✅,0.8570054910203123
31,40,sock,congruent,❌,0.10158714844807948
31,40,car,incongruent,✅,0.05240817788350316
31,40,sock,incongruent,✅,0.030444112704549223
31,41,overdressed,congruent,✅,0.9622290822577215
31,41,naked,congruent,✅,0.5841745704423867
31,41,overdressed,incongruent,✅,0.0008746715562228216
31,41,naked,incongruent,✅,0.006688455294418121
31,42,shy,congruent,✅,0.8815625824742606
31,42,lively,congruent,✅,0.969464581521848
31,42,shy,incongruent,✅,0.032607736091670544
31,42,lively,incongruent,✅,0.15820047756439853
31,43,offended,congruent,✅,0.923504424136142
31,43,flattered,congruent,✅,0.9325641084529529
31,43,offended,incongruent,✅,0.3831043739369109
31,43,flattered,incongruent,❌,0.7058953958716521
31,44,grandkid,congruent,✅,0.990933028222976
31,44,cellmate,congruent,✅,0.998983519870757
31,44,grandkid,incongruent,✅,0.11202141853937049
31,44,cellmate,incongruent,✅,0.18062869680669347
31,45,promoted,congruent,✅,0.983838000232418
31,45,fired,congruent,✅,0.9959289639688947
31,45,promoted,incongruent,✅,0.28649349750673647
31,45,fired,incongruent,✅,0.4696151755704997
31,46,shooting,congruent,❌,0.09167417636405342
31,46,celebration,congruent,❌,0.08716844168880032
31,46,shooting,incongruent,✅,0.0029087838536794555
31,46,celebration,incongruent,✅,0.001912435851202441
31,47,crayon,congruent,✅,0.8692372373015749
31,47,beer,congruent,✅,0.9860007901486827
31,47,crayon,incongruent,✅,0.004150940392186565
31,47,beer,incongruent,✅,0.0028784971657357028
31,48,waiter,congruent,✅,0.9500294416217293
31,48,taxi,congruent,✅,0.8813526976418429
31,48,waiter,incongruent,✅,0.3231260749285943
31,48,taxi,incongruent,✅,0.08282369328429581
31,49,parents,congruent,✅,0.9979095961901072
31,49,keys,congruent,✅,0.9861456467361872
31,49,parents,incongruent,✅,0.2258569536241886
31,49,keys,incongruent,✅,0.03554709268728086
31,5,distress,congruent,✅,0.9299281365514706
31,5,tranquility,congruent,✅,0.9730049844715901
31,5,distress,incongruent,✅,0.0018286039049854302
31,5,tranquility,incongruent,✅,0.017755835675460224
31,50,sofa,congruent,✅,0.9992680636616441
31,50,sky,congruent,✅,0.9954647518404312
31,50,sofa,incongruent,✅,0.006303650147242418
31,50,sky,incongruent,❌,0.5700653116480476
31,51,obesity,congruent,❌,0.3703052101641054
31,51,homework,congruent,✅,0.9096632220536777
31,51,obesity,incongruent,✅,0.0007233236617286255
31,51,homework,incongruent,✅,0.07666568047800859
31,52,quiz,congruent,✅,0.9940582404307474
31,52,commute,congruent,✅,0.9989222233089878
31,52,quiz,incongruent,✅,0.0011932002634437086
31,52,commute,incongruent,✅,0.0019176401144895838
31,53,migraine,congruent,✅,0.9965720904524872
31,53,excitement,congruent,✅,0.9963308833925516
31,53,migraine,incongruent,✅,0.000600143685122305
31,53,excitement,incongruent,❌,0.5735992759261145
31,54,niece,congruent,✅,0.6958386363929046
31,54,husband,congruent,✅,0.821263441296305
31,54,niece,incongruent,✅,0.07438682591060765
31,54,husband,incongruent,✅,0.07011565162177977
31,55,film,congruent,✅,0.9894598281163164
31,55,sunrise,congruent,✅,0.7968104845350169
31,55,film,incongruent,✅,0.010484306393327706
31,55,sunrise,incongruent,✅,0.013862513853621417
31,56,lecture,congruent,✅,0.9980555489796036
31,56,banquet,congruent,✅,0.9195313064586305
31,56,lecture,incongruent,✅,0.00039247717270903275
31,56,banquet,incongruent,✅,0.0004677714429643785
31,57,drink,congruent,✅,0.9693505620491281
31,57,textbook,congruent,✅,0.9742361120078608
31,57,drink,incongruent,✅,0.02130686902795006
31,57,textbook,incongruent,✅,0.007689814659594176
31,58,pool,congruent,✅,0.9982143933527394
31,58,snow,congruent,✅,0.8648612615202361
31,58,pool,incongruent,✅,0.0011652109926703989
31,58,snow,incongruent,✅,0.06974532922646297
31,59,passport,congruent,✅,0.9509779079535918
31,59,plushy,congruent,✅,0.9614908250901598
31,59,passport,incongruent,✅,0.0132875692336205
31,59,plushy,incongruent,✅,0.06211981537061787
31,6,patients,congruent,✅,0.9825435554079601
31,6,students,congruent,✅,0.9922354700774034
31,6,patients,incongruent,✅,0.0023349417036198886
31,6,students,incongruent,✅,0.0012530077837273413
31,60,sister,congruent,✅,0.675551387696579
31,60,father,congruent,✅,0.9922747342278831
31,60,sister,incongruent,✅,0.010387912136596247
31,60,father,incongruent,✅,0.0016748416373509691
31,61,game,congruent,✅,0.9835192648245451
31,61,sunset,congruent,✅,0.998398313703509
31,61,game,incongruent,❌,0.5649704313834764
31,61,sunset,incongruent,✅,0.033104222387862155
31,62,holidays,congruent,✅,0.9964102285285124
31,62,funeral,congruent,✅,0.9938393858255945
31,62,holidays,incongruent,✅,0.2635838817515347
31,62,funeral,incongruent,❌,0.5460643832217884
31,63,grades,congruent,✅,0.9830279569438376
31,63,affair,congruent,✅,0.9831645382064865
31,63,grades,incongruent,✅,0.07175336911445702
31,63,affair,incongruent,✅,0.0027152580182664013
31,64,arrest,congruent,✅,0.9382202838146059
31,64,stroke,congruent,✅,0.5021417353175961
31,64,arrest,incongruent,✅,0.4123502356443442
31,64,stroke,incongruent,❌,0.6698469376858459
31,65,pacifier,congruent,✅,0.821324130504973
31,65,coffee,congruent,✅,0.9958864974746681
31,65,pacifier,incongruent,✅,0.025245279448775422
31,65,coffee,incongruent,✅,0.022098448440653822
31,66,sweets,congruent,✅,0.9971335386127124
31,66,sentencing,congruent,✅,0.9283532085038387
31,66,sweets,incongruent,✅,0.00010509457130997193
31,66,sentencing,incongruent,✅,0.01585446900513642
31,67,nap,congruent,✅,0.9776035536503654
31,67,selfie,congruent,✅,0.9982412405867619
31,67,nap,incongruent,✅,0.1587575546948405
31,67,selfie,incongruent,✅,0.001962064018845668
31,68,diaper,congruent,✅,0.9975692266903188
31,68,tire,congruent,✅,0.9969663079170537
31,68,diaper,incongruent,✅,0.00042595255066485936
31,68,tire,incongruent,✅,0.0001772746205107256
31,69,chemotherapy,congruent,✅,0.9820950244803083
31,69,golf,congruent,✅,0.9969176999616169
31,69,chemotherapy,incongruent,✅,0.017121011414564607
31,69,golf,incongruent,✅,0.2247796970488473
31,7,consensus,congruent,✅,0.6227769451675788
31,7,deadlock,congruent,✅,0.7771340573427162
31,7,consensus,incongruent,✅,0.13006548225101197
31,7,deadlock,incongruent,✅,0.011502327407188142
31,70,thunder,congruent,✅,0.9672844037368102
31,70,lullaby,congruent,✅,0.8631883887106886
31,70,thunder,incongruent,✅,0.12972530064512483
31,70,lullaby,incongruent,✅,0.036024066882303585
31,71,pajamas,congruent,✅,0.9951018513636626
31,71,uniform,congruent,✅,0.9888009434385904
31,71,pajamas,incongruent,✅,0.004993708267328
31,71,uniform,incongruent,✅,0.011016220677585647
31,72,gown,congruent,✅,0.9986358765239881
31,72,sweats,congruent,✅,0.9711977411700455
31,72,gown,incongruent,✅,0.0010787996911439325
31,72,sweats,incongruent,❌,0.870782213937187
31,73,deadline,congruent,✅,0.9124042411991374
31,73,bed,congruent,✅,0.964120778079918
31,73,deadline,incongruent,✅,0.004683181897274727
31,73,bed,incongruent,✅,0.3077319185728351
31,74,kindergarten,congruent,✅,0.9758633117060268
31,74,jail,congruent,✅,0.8839756561801835
31,74,kindergarten,incongruent,✅,0.001807265976991755
31,74,jail,incongruent,❌,0.5195952621825434
31,75,interrogated,congruent,✅,0.9847434624980241
31,75,tickled,congruent,✅,0.7339398845949506
31,75,interrogated,incongruent,✅,0.21681284554594374
31,75,tickled,incongruent,✅,0.012647890472111583
31,76,sandcastle,congruent,✅,0.9903806469208463
31,76,snowman,congruent,✅,0.9977686143507439
31,76,sandcastle,incongruent,✅,0.029273950245116642
31,76,snowman,incongruent,✅,0.1358239408318449
31,77,music,congruent,✅,0.9987850460399585
31,77,pizza,congruent,✅,0.9991084014762166
31,77,music,incongruent,✅,0.018713617743585327
31,77,pizza,incongruent,✅,0.0006389332972803811
31,78,playoffs,congruent,✅,0.8416094053701918
31,78,cartoon,congruent,✅,0.9960335957276405
31,78,playoffs,incongruent,✅,0.0015071688051650706
31,78,cartoon,incongruent,✅,0.016771621257595168
31,79,alcoholism,congruent,✅,0.9722405561653817
31,79,academics,congruent,✅,0.9990142145549434
31,79,alcoholism,incongruent,✅,0.35831324786639573
31,79,academics,incongruent,✅,0.05354715565423864
31,8,engagement,congruent,✅,0.9579334887844324
31,8,cancer,congruent,✅,0.5832584777540026
31,8,engagement,incongruent,❌,0.6615870319558368
31,8,cancer,incongruent,❌,0.5395962107526262
31,9,terminal,congruent,✅,0.9812787798941758
31,9,classroom,congruent,✅,0.9920823908881496
31,9,terminal,incongruent,✅,0.008832546993266346
31,9,classroom,incongruent,✅,0.09766447552908727
32,0,library,congruent,✅,0.9575589360097556
32,0,refrigerator,congruent,❌,0.4031417192975397
32,0,library,incongruent,✅,0.011021451184797708
32,0,refrigerator,incongruent,✅,0.002177784933322331
32,1,disappointment,congruent,✅,0.9174156787814431
32,1,delight,congruent,✅,0.8337173089716988
32,1,disappointment,incongruent,✅,0.0064683279025177925
32,1,delight,incongruent,✅,0.24962103104399358
32,10,cash,congruent,✅,0.9985302327386252
32,10,groceries,congruent,✅,0.9466493121135485
32,10,cash,incongruent,✅,0.024158434241382098
32,10,groceries,incongruent,✅,0.007117251656833141
32,11,lonely,congruent,✅,0.9726495245844595
32,11,confident,congruent,✅,0.9247733046196047
32,11,lonely,incongruent,✅,0.032698720135048695
32,11,confident,incongruent,✅,0.3619631979652442
32,12,joy,congruent,✅,0.9990718500409472
32,12,outrage,congruent,❌,0.4445220727399888
32,12,joy,incongruent,✅,0.016700106723742704
32,12,outrage,incongruent,❌,0.9454746589768004
32,13,traffic,congruent,✅,0.9995892451257569
32,13,snowstorm,congruent,✅,0.9944983613710473
32,13,traffic,incongruent,✅,0.3084860815989486
32,13,snowstorm,incongruent,❌,0.8270202592169527
32,14,laughter,congruent,✅,0.9788360678825212
32,14,frustration,congruent,✅,0.9838391298467273
32,14,laughter,incongruent,✅,0.03686191447752696
32,14,frustration,incongruent,✅,0.1742724623691367
32,15,calculator,congruent,❌,0.4787250043177391
32,15,instrument,congruent,✅,0.9586108654590522
32,15,calculator,incongruent,✅,0.031195547836930695
32,15,instrument,incongruent,✅,0.22029382303767894
32,16,orchestra,congruent,✅,0.9767383608677906
32,16,racers,congruent,✅,0.9901552833030002
32,16,orchestra,incongruent,✅,0.35063829673861907
32,16,racers,incongruent,✅,0.01991120517059597
32,17,retirement,congruent,✅,0.6990878042919652
32,17,playdate,congruent,✅,0.780453135182147
32,17,retirement,incongruent,✅,0.007976373032577797
32,17,playdate,incongruent,✅,0.007849720438090414
32,18,relieved,congruent,✅,0.814980308887057
32,18,depressed,congruent,❌,0.3423403948379481
32,18,relieved,incongruent,✅,0.020768748853595444
32,18,depressed,incongruent,✅,0.38805739324768185
32,19,friends,congruent,❌,0.3102246042137448
32,19,weight,congruent,✅,0.8663270530398987
32,19,friends,incongruent,✅,0.20163376128858998
32,19,weight,incongruent,✅,0.016809813293570994
32,2,overcoat,congruent,✅,0.5831784089210219
32,2,sandals,congruent,✅,0.686182137625866
32,2,overcoat,incongruent,✅,0.10608381435162578
32,2,sandals,incongruent,✅,0.030835346885636338
32,20,lipstick,congruent,✅,0.8897493689131339
32,20,song,congruent,✅,0.9908547448132978
32,20,lipstick,incongruent,✅,0.33689991006381154
32,20,song,incongruent,✅,0.2380972901267618
32,21,fought,congruent,✅,0.9843301262763666
32,21,sang,congruent,✅,0.6895743316311559
32,21,fought,incongruent,✅,0.003000583157933289
32,21,sang,incongruent,✅,0.0029289494295759917
32,22,skeptical,congruent,✅,0.9716126558395443
32,22,reassured,congruent,✅,0.7928804585486934
32,22,skeptical,incongruent,✅,0.26917474217066933
32,22,reassured,incongruent,❌,0.7931483352043709
32,23,graduation,congruent,✅,0.9983107150853063
32,23,operation,congruent,✅,0.8826138836865756
32,23,graduation,incongruent,✅,0.03008082171368538
32,23,operation,incongruent,✅,0.05406867494919008
32,24,bride,congruent,❌,0.23485469493653466
32,24,aftermath,congruent,✅,0.9866783861195189
32,24,bride,incongruent,✅,0.0020072548695152467
32,24,aftermath,incongruent,✅,0.0005770390451737965
32,25,teacher,congruent,✅,0.9955474713911495
32,25,daughter,congruent,✅,0.9971032620776353
32,25,teacher,incongruent,❌,0.8352322099974095
32,25,daughter,incongruent,✅,0.10081426782282991
32,26,roommate,congruent,✅,0.9924815970054595
32,26,grandma,congruent,✅,0.9894107124131054
32,26,roommate,incongruent,✅,0.017437119679864593
32,26,grandma,incongruent,✅,0.0011545656259335311
32,27,brother,congruent,✅,0.9474404659842296
32,27,mother,congruent,✅,0.9753673977333972
32,27,brother,incongruent,✅,0.007619300435520482
32,27,mother,incongruent,✅,0.05917087585474387
32,28,preschool,congruent,✅,0.7512145428350406
32,28,prison,congruent,✅,0.8964831256849192
32,28,preschool,incongruent,✅,0.001652143229626837
32,28,prison,incongruent,✅,0.00637556252747318
32,29,hopeful,congruent,✅,0.5424055477773388
32,29,hopeless,congruent,✅,0.9506488979469503
32,29,hopeful,incongruent,✅,0.09360031413289457
32,29,hopeless,incongruent,✅,0.00904455360495108
32,3,marathon,congruent,✅,0.9846884915427588
32,3,exam,congruent,✅,0.9877536675704144
32,3,marathon,incongruent,✅,0.06625138232727151
32,3,exam,incongruent,✅,0.03918718737943257
32,30,appalled,congruent,✅,0.7792520721915523
32,30,overjoyed,congruent,✅,0.6416919116453464
32,30,appalled,incongruent,✅,0.006825251691730559
32,30,overjoyed,incongruent,✅,0.11075842475281227
32,31,reprimand,congruent,✅,0.9451721866704076
32,31,encouragement,congruent,✅,0.8888117708777314
32,31,reprimand,incongruent,✅,0.007051578459072829
32,31,encouragement,incongruent,✅,0.04562191298314052
32,32,angrily,congruent,✅,0.9945362824915651
32,32,cordially,congruent,✅,0.9734983189460727
32,32,angrily,incongruent,✅,0.0266907482679212
32,32,cordially,incongruent,✅,0.07734580512498122
32,33,accusatory,congruent,✅,0.9794463558704692
32,33,flirtatious,congruent,✅,0.9409811713407413
32,33,accusatory,incongruent,✅,0.22956539422126532
32,33,flirtatious,incongruent,✅,0.25604667020083716
32,34,disapprovingly,congruent,✅,0.8657554418029786
32,34,lovingly,congruent,❌,0.43008743936714194
32,34,disapprovingly,incongruent,✅,0.0019210970542569382
32,34,lovingly,incongruent,✅,0.22328158563633066
32,35,playful,congruent,✅,0.9810304833355518
32,35,distant,congruent,✅,0.7524420270790788
32,35,playful,incongruent,✅,0.06284362743614313
32,35,distant,incongruent,✅,0.1837489807770129
32,36,headphones,congruent,✅,0.8908533293858378
32,36,mangoes,congruent,✅,0.9395999340313531
32,36,headphones,incongruent,✅,0.33998009836419285
32,36,mangoes,incongruent,✅,0.10107826602275553
32,37,playroom,congruent,✅,0.9991971169514752
32,37,park,congruent,✅,0.998042332629929
32,37,playroom,incongruent,✅,0.015416753901951456
32,37,park,incongruent,❌,0.645201584436612
32,38,bedroom,congruent,✅,0.9904072384032191
32,38,backyard,congruent,✅,0.9588933234107915
32,38,bedroom,incongruent,✅,0.011415979706362392
32,38,backyard,incongruent,✅,0.0003277043691880606
32,39,solemnly,congruent,✅,0.5194572189652149
32,39,excitedly,congruent,✅,0.9244028431609288
32,39,solemnly,incongruent,✅,0.09028354377706155
32,39,excitedly,incongruent,✅,0.003558824828847706
32,4,menu,congruent,✅,0.919598705559681
32,4,prescription,congruent,✅,0.9885337893580187
32,4,menu,incongruent,✅,0.035347261049607934
32,4,prescription,incongruent,✅,0.040548749982020064
32,40,car,congruent,✅,0.9180554823452705
32,40,sock,congruent,❌,0.08200601698576207
32,40,car,incongruent,✅,0.01646168179770191
32,40,sock,incongruent,✅,0.04374160495949143
32,41,overdressed,congruent,✅,0.9873423223162886
32,41,naked,congruent,✅,0.5052293022942388
32,41,overdressed,incongruent,✅,0.0012064290471619186
32,41,naked,incongruent,✅,0.02121940681355007
32,42,shy,congruent,✅,0.7181376893310025
32,42,lively,congruent,✅,0.9424714480848198
32,42,shy,incongruent,✅,0.040321723366359585
32,42,lively,incongruent,✅,0.10902410197065053
32,43,offended,congruent,✅,0.9168764633447061
32,43,flattered,congruent,✅,0.9048895942403261
32,43,offended,incongruent,✅,0.40291659948158454
32,43,flattered,incongruent,❌,0.7224983976201067
32,44,grandkid,congruent,✅,0.9805007937290086
32,44,cellmate,congruent,✅,0.9980111377690167
32,44,grandkid,incongruent,✅,0.07896145928008064
32,44,cellmate,incongruent,✅,0.13741640011058234
32,45,promoted,congruent,✅,0.9476816910656009
32,45,fired,congruent,✅,0.9876850760841857
32,45,promoted,incongruent,✅,0.19272294419737107
32,45,fired,incongruent,✅,0.2815482117413941
32,46,shooting,congruent,❌,0.09249628545616176
32,46,celebration,congruent,❌,0.14294978345460524
32,46,shooting,incongruent,✅,0.008374696407612108
32,46,celebration,incongruent,✅,0.0028321060896051766
32,47,crayon,congruent,✅,0.7606165261201172
32,47,beer,congruent,✅,0.9732470902361042
32,47,crayon,incongruent,✅,0.005941457579075461
32,47,beer,incongruent,✅,0.0024100226450459697
32,48,waiter,congruent,✅,0.9186468769480124
32,48,taxi,congruent,✅,0.8505236966520987
32,48,waiter,incongruent,✅,0.32249527984737575
32,48,taxi,incongruent,✅,0.07262194194603996
32,49,parents,congruent,✅,0.996287094694783
32,49,keys,congruent,✅,0.9817950335305106
32,49,parents,incongruent,✅,0.23739230639917505
32,49,keys,incongruent,✅,0.04131466952171937
32,5,distress,congruent,✅,0.9164308913187151
32,5,tranquility,congruent,✅,0.866380942039955
32,5,distress,incongruent,✅,0.0010749194615802399
32,5,tranquility,incongruent,✅,0.030411729494749403
32,50,sofa,congruent,✅,0.9990532617873754
32,50,sky,congruent,✅,0.9918480884522017
32,50,sofa,incongruent,✅,0.002298903879213305
32,50,sky,incongruent,❌,0.5190904633350805
32,51,obesity,congruent,✅,0.5063146593062193
32,51,homework,congruent,✅,0.9159028646340895
32,51,obesity,incongruent,✅,0.0008759211824455512
32,51,homework,incongruent,✅,0.15684065229645472
32,52,quiz,congruent,✅,0.991847436995511
32,52,commute,congruent,✅,0.9991697856658589
32,52,quiz,incongruent,✅,0.0020502341100870295
32,52,commute,incongruent,✅,0.00428422903594769
32,53,migraine,congruent,✅,0.9940286907674489
32,53,excitement,congruent,✅,0.9945276497027415
32,53,migraine,incongruent,✅,0.001004846735215369
32,53,excitement,incongruent,❌,0.5208631529514055
32,54,niece,congruent,✅,0.6641757493944356
32,54,husband,congruent,✅,0.8796207949296557
32,54,niece,incongruent,✅,0.19232427711679043
32,54,husband,incongruent,✅,0.0693452599318112
32,55,film,congruent,✅,0.9933178834421905
32,55,sunrise,congruent,✅,0.8629945432180383
32,55,film,incongruent,✅,0.01331903331902678
32,55,sunrise,incongruent,✅,0.027911122607000655
32,56,lecture,congruent,✅,0.9981388282998924
32,56,banquet,congruent,✅,0.9227757373864507
32,56,lecture,incongruent,✅,0.0006431356770327714
32,56,banquet,incongruent,✅,0.0016613498144091912
32,57,drink,congruent,✅,0.973603043795124
32,57,textbook,congruent,✅,0.9360214430188581
32,57,drink,incongruent,✅,0.008485122139698735
32,57,textbook,incongruent,✅,0.006319490972366722
32,58,pool,congruent,✅,0.998557563079534
32,58,snow,congruent,✅,0.7724423604237562
32,58,pool,incongruent,✅,0.002100301014946207
32,58,snow,incongruent,✅,0.035937033701526094
32,59,passport,congruent,✅,0.9291835618861113
32,59,plushy,congruent,✅,0.9648801800432214
32,59,passport,incongruent,✅,0.013289425249848264
32,59,plushy,incongruent,✅,0.07707205221334464
32,6,patients,congruent,✅,0.9900695180522122
32,6,students,congruent,✅,0.9970656087685408
32,6,patients,incongruent,✅,0.0027899282449101756
32,6,students,incongruent,✅,0.0027775480035594157
32,60,sister,congruent,✅,0.6843577208533907
32,60,father,congruent,✅,0.9945189108671026
32,60,sister,incongruent,✅,0.027011041475637165
32,60,father,incongruent,✅,0.003157437288918873
32,61,game,congruent,✅,0.9838582727110271
32,61,sunset,congruent,✅,0.9960600856955701
32,61,game,incongruent,✅,0.4352640411047843
32,61,sunset,incongruent,✅,0.06669159616057055
32,62,holidays,congruent,✅,0.996012657913558
32,62,funeral,congruent,✅,0.9946524187223617
32,62,holidays,incongruent,✅,0.30514048711746483
32,62,funeral,incongruent,❌,0.7002732525129333
32,63,grades,congruent,✅,0.9676825589866515
32,63,affair,congruent,✅,0.9868814379082403
32,63,grades,incongruent,✅,0.0603692889847542
32,63,affair,incongruent,✅,0.005430303992186088
32,64,arrest,congruent,✅,0.9788719287607396
32,64,stroke,congruent,❌,0.4755439498953774
32,64,arrest,incongruent,✅,0.4198980421651467
32,64,stroke,incongruent,❌,0.7654391393643587
32,65,pacifier,congruent,✅,0.7907153050410087
32,65,coffee,congruent,✅,0.995132134586615
32,65,pacifier,incongruent,✅,0.03541530264392932
32,65,coffee,incongruent,✅,0.02629871037912659
32,66,sweets,congruent,✅,0.996851083175224
32,66,sentencing,congruent,✅,0.9532156438073429
32,66,sweets,incongruent,✅,0.0002898848604211338
32,66,sentencing,incongruent,✅,0.009030248596872133
32,67,nap,congruent,✅,0.9777412395800695
32,67,selfie,congruent,✅,0.9987521748296864
32,67,nap,incongruent,✅,0.27790058020474795
32,67,selfie,incongruent,✅,0.0016385309791787429
32,68,diaper,congruent,✅,0.9943777815724474
32,68,tire,congruent,✅,0.9972471029544515
32,68,diaper,incongruent,✅,0.0001742120693303115
32,68,tire,incongruent,✅,0.00013177740437327482
32,69,chemotherapy,congruent,✅,0.9776791676954892
32,69,golf,congruent,✅,0.9953466403492901
32,69,chemotherapy,incongruent,✅,0.007756840143200128
32,69,golf,incongruent,✅,0.3097463204069105
32,7,consensus,congruent,✅,0.5150811220231326
32,7,deadlock,congruent,✅,0.7395190058699875
32,7,consensus,incongruent,✅,0.1041750181992609
32,7,deadlock,incongruent,✅,0.012440724718761835
32,70,thunder,congruent,✅,0.9730230689521713
32,70,lullaby,congruent,✅,0.8407836537233218
32,70,thunder,incongruent,✅,0.08017110033833852
32,70,lullaby,incongruent,✅,0.10164492073584741
32,71,pajamas,congruent,✅,0.9852332249861332
32,71,uniform,congruent,✅,0.9896596958741639
32,71,pajamas,incongruent,✅,0.004507199876839521
32,71,uniform,incongruent,✅,0.012044286315408527
32,72,gown,congruent,✅,0.9994326321163393
32,72,sweats,congruent,✅,0.9848320296811655
32,72,gown,incongruent,✅,0.0036932569831881886
32,72,sweats,incongruent,❌,0.8937020481200211
32,73,deadline,congruent,✅,0.8793621830626959
32,73,bed,congruent,✅,0.9662434654050067
32,73,deadline,incongruent,✅,0.002123078097250645
32,73,bed,incongruent,✅,0.24386216608472283
32,74,kindergarten,congruent,✅,0.9601839176905665
32,74,jail,congruent,✅,0.7990533049599902
32,74,kindergarten,incongruent,✅,0.0005455809317314475
32,74,jail,incongruent,❌,0.5105259025032285
32,75,interrogated,congruent,✅,0.9846444765878583
32,75,tickled,congruent,✅,0.852484157499963
32,75,interrogated,incongruent,✅,0.3942292200174422
32,75,tickled,incongruent,✅,0.01915189543098297
32,76,sandcastle,congruent,✅,0.9882393695756881
32,76,snowman,congruent,✅,0.9982733436030122
32,76,sandcastle,incongruent,✅,0.046761469671003524
32,76,snowman,incongruent,✅,0.1587990045992277
32,77,music,congruent,✅,0.9985865428569329
32,77,pizza,congruent,✅,0.9989911094642236
32,77,music,incongruent,✅,0.020414657954055046
32,77,pizza,incongruent,✅,0.000919488359220436
32,78,playoffs,congruent,✅,0.757172310149786
32,78,cartoon,congruent,✅,0.9951063687523093
32,78,playoffs,incongruent,✅,0.0015120725769379969
32,78,cartoon,incongruent,✅,0.009844255712248588
32,79,alcoholism,congruent,✅,0.9601487673103173
32,79,academics,congruent,✅,0.9987578990916817
32,79,alcoholism,incongruent,✅,0.455649708922954
32,79,academics,incongruent,✅,0.04199902107532276
32,8,engagement,congruent,✅,0.8210980150305235
32,8,cancer,congruent,✅,0.5756284226088104
32,8,engagement,incongruent,❌,0.6141426035019161
32,8,cancer,incongruent,✅,0.2363590627953876
32,9,terminal,congruent,✅,0.9767308560794911
32,9,classroom,congruent,✅,0.9914876752871044
32,9,terminal,incongruent,✅,0.01722976907953881
32,9,classroom,incongruent,✅,0.07466442032822772
33,0,library,congruent,✅,0.8441248188901409
33,0,refrigerator,congruent,❌,0.2147944830065418
33,0,library,incongruent,✅,0.008571880732109198
33,0,refrigerator,incongruent,✅,0.0032564162298109336
33,1,disappointment,congruent,✅,0.8277755116626002
33,1,delight,congruent,✅,0.7502664297810194
33,1,disappointment,incongruent,✅,0.028757020054813415
33,1,delight,incongruent,✅,0.34888699618795344
33,10,cash,congruent,✅,0.9947517694744585
33,10,groceries,congruent,✅,0.8532770979088954
33,10,cash,incongruent,✅,0.03203031055712632
33,10,groceries,incongruent,✅,0.013070555751513703
33,11,lonely,congruent,✅,0.9767613791743686
33,11,confident,congruent,✅,0.753796209683889
33,11,lonely,incongruent,✅,0.021405387480388012
33,11,confident,incongruent,❌,0.5817242023231726
33,12,joy,congruent,✅,0.9980361380722901
33,12,outrage,congruent,❌,0.4393520657312128
33,12,joy,incongruent,✅,0.04559178787868838
33,12,outrage,incongruent,❌,0.9308180277486116
33,13,traffic,congruent,✅,0.999332183054233
33,13,snowstorm,congruent,✅,0.9855895198731914
33,13,traffic,incongruent,✅,0.39715069637761174
33,13,snowstorm,incongruent,❌,0.8444695362413566
33,14,laughter,congruent,✅,0.9510330403533434
33,14,frustration,congruent,✅,0.9582900955804086
33,14,laughter,incongruent,✅,0.07159588372326649
33,14,frustration,incongruent,✅,0.16437243208118127
33,15,calculator,congruent,❌,0.4186199177332863
33,15,instrument,congruent,✅,0.950945154871508
33,15,calculator,incongruent,✅,0.006384448408340408
33,15,instrument,incongruent,✅,0.18950724864462148
33,16,orchestra,congruent,✅,0.9505351229034399
33,16,racers,congruent,✅,0.9817541853510791
33,16,orchestra,incongruent,✅,0.299781192541469
33,16,racers,incongruent,✅,0.043979879557538806
33,17,retirement,congruent,✅,0.5799698564765263
33,17,playdate,congruent,✅,0.9036640008267149
33,17,retirement,incongruent,✅,0.0437539380829858
33,17,playdate,incongruent,✅,0.011590526822537988
33,18,relieved,congruent,✅,0.8163565622964918
33,18,depressed,congruent,❌,0.2144393048306482
33,18,relieved,incongruent,✅,0.024677859090659338
33,18,depressed,incongruent,❌,0.5285374174279719
33,19,friends,congruent,✅,0.5524714286471539
33,19,weight,congruent,✅,0.973751458199867
33,19,friends,incongruent,❌,0.7228099302743675
33,19,weight,incongruent,✅,0.08453103145513036
33,2,overcoat,congruent,✅,0.5418904303762168
33,2,sandals,congruent,✅,0.700680248115354
33,2,overcoat,incongruent,✅,0.24336383903021191
33,2,sandals,incongruent,✅,0.06439842552235833
33,20,lipstick,congruent,✅,0.8891822605804597
33,20,song,congruent,✅,0.9916831369496206
33,20,lipstick,incongruent,✅,0.44252391999680535
33,20,song,incongruent,✅,0.3544720861004886
33,21,fought,congruent,✅,0.964617361446034
33,21,sang,congruent,✅,0.5194030528798739
33,21,fought,incongruent,✅,0.0033562462122869365
33,21,sang,incongruent,✅,0.006655219342364326
33,22,skeptical,congruent,✅,0.9087909091701415
33,22,reassured,congruent,✅,0.7396606932025055
33,22,skeptical,incongruent,✅,0.3155184534842285
33,22,reassured,incongruent,❌,0.6812986731955215
33,23,graduation,congruent,✅,0.9985850923108772
33,23,operation,congruent,✅,0.9148612168432004
33,23,graduation,incongruent,✅,0.0598295601871457
33,23,operation,incongruent,✅,0.1408985781220334
33,24,bride,congruent,✅,0.6256134613922033
33,24,aftermath,congruent,✅,0.9866574261176962
33,24,bride,incongruent,✅,0.009051195064460539
33,24,aftermath,incongruent,✅,0.0026399021522565936
33,25,teacher,congruent,✅,0.9828459824604727
33,25,daughter,congruent,✅,0.9846346236198609
33,25,teacher,incongruent,❌,0.7609946419975402
33,25,daughter,incongruent,✅,0.06074351231514974
33,26,roommate,congruent,✅,0.9712146664640522
33,26,grandma,congruent,✅,0.9762822925785032
33,26,roommate,incongruent,✅,0.022690999667211765
33,26,grandma,incongruent,✅,0.002975312802574612
33,27,brother,congruent,✅,0.9631614499119494
33,27,mother,congruent,✅,0.953590468834215
33,27,brother,incongruent,✅,0.04890955961977491
33,27,mother,incongruent,✅,0.17564251862587543
33,28,preschool,congruent,✅,0.6950236675821997
33,28,prison,congruent,✅,0.9058189074067697
33,28,preschool,incongruent,✅,0.011743127939820146
33,28,prison,incongruent,✅,0.007579656395230151
33,29,hopeful,congruent,✅,0.6091095325130937
33,29,hopeless,congruent,✅,0.8675625547875715
33,29,hopeful,incongruent,✅,0.11907421670578845
33,29,hopeless,incongruent,✅,0.0575946701761667
33,3,marathon,congruent,✅,0.9729372859189066
33,3,exam,congruent,✅,0.9784609752501344
33,3,marathon,incongruent,✅,0.1053571051489222
33,3,exam,incongruent,✅,0.042618935792227246
33,30,appalled,congruent,✅,0.6667368060546169
33,30,overjoyed,congruent,❌,0.48968265409383904
33,30,appalled,incongruent,✅,0.01855050621948548
33,30,overjoyed,incongruent,✅,0.12488895635287624
33,31,reprimand,congruent,✅,0.9527643328803045
33,31,encouragement,congruent,✅,0.9463641242297846
33,31,reprimand,incongruent,✅,0.06983293070966255
33,31,encouragement,incongruent,✅,0.280648524890063
33,32,angrily,congruent,✅,0.9715523767254418
33,32,cordially,congruent,✅,0.9332647820516089
33,32,angrily,incongruent,✅,0.052754373457317816
33,32,cordially,incongruent,✅,0.07010576152398332
33,33,accusatory,congruent,✅,0.9272864938735564
33,33,flirtatious,congruent,✅,0.9302598875909215
33,33,accusatory,incongruent,❌,0.5081342642034897
33,33,flirtatious,incongruent,✅,0.24140270479124024
33,34,disapprovingly,congruent,✅,0.9367121918882974
33,34,lovingly,congruent,❌,0.40379737418655953
33,34,disapprovingly,incongruent,✅,0.010525094271266286
33,34,lovingly,incongruent,❌,0.543361695355871
33,35,playful,congruent,✅,0.9474947461740408
33,35,distant,congruent,✅,0.7018842101551077
33,35,playful,incongruent,✅,0.12003374215283157
33,35,distant,incongruent,✅,0.24855499277885365
33,36,headphones,congruent,✅,0.8310967151934778
33,36,mangoes,congruent,✅,0.9146229793922623
33,36,headphones,incongruent,✅,0.40361092112019215
33,36,mangoes,incongruent,✅,0.10644810092199258
33,37,playroom,congruent,✅,0.9950877191755946
33,37,park,congruent,✅,0.9955698038318183
33,37,playroom,incongruent,✅,0.01845732075660422
33,37,park,incongruent,✅,0.4345977721626458
33,38,bedroom,congruent,✅,0.9845299056262068
33,38,backyard,congruent,✅,0.9624924447306812
33,38,bedroom,incongruent,✅,0.030211790697756823
33,38,backyard,incongruent,✅,0.0017155786441637913
33,39,solemnly,congruent,❌,0.4954349803559556
33,39,excitedly,congruent,✅,0.8943580388388981
33,39,solemnly,incongruent,✅,0.17878422896248325
33,39,excitedly,incongruent,✅,0.014486917612149236
33,4,menu,congruent,✅,0.9584992155136027
33,4,prescription,congruent,✅,0.9742906090503238
33,4,menu,incongruent,✅,0.027515734445133406
33,4,prescription,incongruent,✅,0.10823874685882218
33,40,car,congruent,✅,0.8523264247371088
33,40,sock,congruent,❌,0.20373458969762415
33,40,car,incongruent,✅,0.0684693502897302
33,40,sock,incongruent,✅,0.032285231930136195
33,41,overdressed,congruent,✅,0.9721887978736485
33,41,naked,congruent,❌,0.45002392198757646
33,41,overdressed,incongruent,✅,0.006084929519718112
33,41,naked,incongruent,✅,0.04431356673466719
33,42,shy,congruent,❌,0.38320069207535684
33,42,lively,congruent,✅,0.9336906031544505
33,42,shy,incongruent,✅,0.17460433104446296
33,42,lively,incongruent,✅,0.08469714683365191
33,43,offended,congruent,✅,0.7806432155854461
33,43,flattered,congruent,✅,0.7960991265290709
33,43,offended,incongruent,✅,0.3702224381831855
33,43,flattered,incongruent,❌,0.6285572403425523
33,44,grandkid,congruent,✅,0.9775786245163758
33,44,cellmate,congruent,✅,0.9949403696136279
33,44,grandkid,incongruent,✅,0.1825523569816349
33,44,cellmate,incongruent,✅,0.3225990724512923
33,45,promoted,congruent,✅,0.9537233933350834
33,45,fired,congruent,✅,0.9776996863573484
33,45,promoted,incongruent,✅,0.34910823640795813
33,45,fired,incongruent,❌,0.5848542184173567
33,46,shooting,congruent,❌,0.17876387007708733
33,46,celebration,congruent,❌,0.0666529947360811
33,46,shooting,incongruent,✅,0.015654558869201658
33,46,celebration,incongruent,✅,0.007959902886830664
33,47,crayon,congruent,✅,0.693730314363788
33,47,beer,congruent,✅,0.9834301290603303
33,47,crayon,incongruent,✅,0.031243102716069032
33,47,beer,incongruent,✅,0.005066809472283708
33,48,waiter,congruent,✅,0.9252683186793258
33,48,taxi,congruent,✅,0.8967827657945614
33,48,waiter,incongruent,❌,0.5096115019657552
33,48,taxi,incongruent,✅,0.11366004186032914
33,49,parents,congruent,✅,0.9862124826943297
33,49,keys,congruent,✅,0.9675493892387815
33,49,parents,incongruent,✅,0.2765744901593284
33,49,keys,incongruent,✅,0.026930648032220634
33,5,distress,congruent,✅,0.8923960403903205
33,5,tranquility,congruent,✅,0.8588951470646705
33,5,distress,incongruent,✅,0.00874722116326141
33,5,tranquility,incongruent,✅,0.08613227067276835
33,50,sofa,congruent,✅,0.9894027741825694
33,50,sky,congruent,✅,0.9644360942566809
33,50,sofa,incongruent,✅,0.008982598513326407
33,50,sky,incongruent,✅,0.18007586208060045
33,51,obesity,congruent,❌,0.1781427408495131
33,51,homework,congruent,✅,0.9398802266800451
33,51,obesity,incongruent,✅,0.003706722332154868
33,51,homework,incongruent,✅,0.042438079271897584
33,52,quiz,congruent,✅,0.976919166257653
33,52,commute,congruent,✅,0.9965673825790285
33,52,quiz,incongruent,✅,0.0064933348910373384
33,52,commute,incongruent,✅,0.012207100458362654
33,53,migraine,congruent,✅,0.9800753524137065
33,53,excitement,congruent,✅,0.9872544798193547
33,53,migraine,incongruent,✅,0.004546220829220968
33,53,excitement,incongruent,❌,0.5286440194492023
33,54,niece,congruent,✅,0.5462269857655141
33,54,husband,congruent,✅,0.8301681383498843
33,54,niece,incongruent,✅,0.1586761416443234
33,54,husband,incongruent,✅,0.08104980785589141
33,55,film,congruent,✅,0.9962472085801176
33,55,sunrise,congruent,✅,0.7445453746093549
33,55,film,incongruent,✅,0.023478879627838647
33,55,sunrise,incongruent,✅,0.10381737343388978
33,56,lecture,congruent,✅,0.9980824616023115
33,56,banquet,congruent,✅,0.6780669837626583
33,56,lecture,incongruent,✅,0.0009508331742842153
33,56,banquet,incongruent,✅,0.006014179640729104
33,57,drink,congruent,✅,0.9424610749222804
33,57,textbook,congruent,✅,0.8215239735695229
33,57,drink,incongruent,✅,0.009164732047738197
33,57,textbook,incongruent,✅,0.011520431098099426
33,58,pool,congruent,✅,0.9980324507786584
33,58,snow,congruent,✅,0.6371372138199647
33,58,pool,incongruent,✅,0.005883434550389674
33,58,snow,incongruent,✅,0.08510452370097625
33,59,passport,congruent,✅,0.9353331322889772
33,59,plushy,congruent,✅,0.8556095697342703
33,59,passport,incongruent,✅,0.015840206043330876
33,59,plushy,incongruent,✅,0.27347562337549497
33,6,patients,congruent,✅,0.992077174886121
33,6,students,congruent,✅,0.9914993259208573
33,6,patients,incongruent,✅,0.0037010239818058605
33,6,students,incongruent,✅,0.008774123869276541
33,60,sister,congruent,✅,0.8467359199886939
33,60,father,congruent,✅,0.9933232320127975
33,60,sister,incongruent,✅,0.06253504657680532
33,60,father,incongruent,✅,0.019584024793997467
33,61,game,congruent,✅,0.981708460635912
33,61,sunset,congruent,✅,0.9939299886853816
33,61,game,incongruent,❌,0.5426151936871755
33,61,sunset,incongruent,✅,0.09002983171617154
33,62,holidays,congruent,✅,0.9833587889204087
33,62,funeral,congruent,✅,0.9951044485740203
33,62,holidays,incongruent,✅,0.48687659669733857
33,62,funeral,incongruent,❌,0.5748142773306032
33,63,grades,congruent,✅,0.9008899461992309
33,63,affair,congruent,✅,0.9338608119888996
33,63,grades,incongruent,✅,0.07802485689034643
33,63,affair,incongruent,✅,0.01103811988857149
33,64,arrest,congruent,✅,0.9573264392006404
33,64,stroke,congruent,❌,0.32488997787899443
33,64,arrest,incongruent,✅,0.31942614255620255
33,64,stroke,incongruent,❌,0.6449868284586637
33,65,pacifier,congruent,✅,0.7439948089174656
33,65,coffee,congruent,✅,0.9936210732432
33,65,pacifier,incongruent,✅,0.07396328656844103
33,65,coffee,incongruent,✅,0.0496688924854638
33,66,sweets,congruent,✅,0.9933279086796908
33,66,sentencing,congruent,✅,0.923751258309679
33,66,sweets,incongruent,✅,0.0015113915215001583
33,66,sentencing,incongruent,✅,0.021565863994124915
33,67,nap,congruent,✅,0.9366834458115457
33,67,selfie,congruent,✅,0.9952116278059673
33,67,nap,incongruent,✅,0.2457358588641789
33,67,selfie,incongruent,✅,0.0019224373987354686
33,68,diaper,congruent,✅,0.995164394509924
33,68,tire,congruent,✅,0.9940115690728627
33,68,diaper,incongruent,✅,0.0007401947146703645
33,68,tire,incongruent,✅,0.0024840745877814504
33,69,chemotherapy,congruent,✅,0.9270961815698741
33,69,golf,congruent,✅,0.9970183779555952
33,69,chemotherapy,incongruent,✅,0.08166690705546473
33,69,golf,incongruent,✅,0.28232359273863045
33,7,consensus,congruent,❌,0.30890429069493003
33,7,deadlock,congruent,❌,0.40113262855345794
33,7,consensus,incongruent,✅,0.06595368939559194
33,7,deadlock,incongruent,✅,0.01965132644542812
33,70,thunder,congruent,✅,0.9475510958189687
33,70,lullaby,congruent,✅,0.8819107949762044
33,70,thunder,incongruent,✅,0.13904947685063596
33,70,lullaby,incongruent,✅,0.12553595472137077
33,71,pajamas,congruent,✅,0.986007517202321
33,71,uniform,congruent,✅,0.9816395005522577
33,71,pajamas,incongruent,✅,0.008149441472844165
33,71,uniform,incongruent,✅,0.02707578923728696
33,72,gown,congruent,✅,0.9962870502358238
33,72,sweats,congruent,✅,0.8958169690181025
33,72,gown,incongruent,✅,0.003111102568427373
33,72,sweats,incongruent,❌,0.7860322766993616
33,73,deadline,congruent,✅,0.5984421809656095
33,73,bed,congruent,✅,0.9601578015485795
33,73,deadline,incongruent,✅,0.0027407020616752745
33,73,bed,incongruent,✅,0.0784539466782877
33,74,kindergarten,congruent,✅,0.9445874912596274
33,74,jail,congruent,✅,0.7656654544017883
33,74,kindergarten,incongruent,✅,0.002543126988737425
33,74,jail,incongruent,✅,0.46414980248790394
33,75,interrogated,congruent,✅,0.9844805591855484
33,75,tickled,congruent,✅,0.6876512420794726
33,75,interrogated,incongruent,✅,0.35450126754472117
33,75,tickled,incongruent,✅,0.06420863671451779
33,76,sandcastle,congruent,✅,0.9805596309710546
33,76,snowman,congruent,✅,0.9945243487344503
33,76,sandcastle,incongruent,✅,0.1263501932987704
33,76,snowman,incongruent,✅,0.31719011369200634
33,77,music,congruent,✅,0.9982717190716203
33,77,pizza,congruent,✅,0.9995583120169715
33,77,music,incongruent,✅,0.1133852960225315
33,77,pizza,incongruent,✅,0.003238434131916661
33,78,playoffs,congruent,✅,0.5602470613819801
33,78,cartoon,congruent,✅,0.9905268582371927
33,78,playoffs,incongruent,✅,0.0018872213450176819
33,78,cartoon,incongruent,✅,0.014351158270149609
33,79,alcoholism,congruent,✅,0.926094824069912
33,79,academics,congruent,✅,0.9943700661338586
33,79,alcoholism,incongruent,✅,0.4632142228861596
33,79,academics,incongruent,✅,0.08764935316424084
33,8,engagement,congruent,✅,0.8443360086065724
33,8,cancer,congruent,✅,0.506449099709741
33,8,engagement,incongruent,❌,0.6719494690425226
33,8,cancer,incongruent,✅,0.3046245426351356
33,9,terminal,congruent,✅,0.9732419744984572
33,9,classroom,congruent,✅,0.9723243317936603
33,9,terminal,incongruent,✅,0.022226365617145718
33,9,classroom,incongruent,✅,0.06440407616139876
34,0,library,congruent,✅,0.769889034117841
34,0,refrigerator,congruent,❌,0.24501740412032572
34,0,library,incongruent,✅,0.008344400530351827
34,0,refrigerator,incongruent,✅,0.00393602651857853
34,1,disappointment,congruent,✅,0.8155033629772926
34,1,delight,congruent,✅,0.6393937931510884
34,1,disappointment,incongruent,✅,0.029979388820315783
34,1,delight,incongruent,✅,0.4180569171229007
34,10,cash,congruent,✅,0.9876333620739269
34,10,groceries,congruent,✅,0.769871515989121
34,10,cash,incongruent,✅,0.03308477468826194
34,10,groceries,incongruent,✅,0.016400746811449932
34,11,lonely,congruent,✅,0.9803157874472829
34,11,confident,congruent,✅,0.8449737836972805
34,11,lonely,incongruent,✅,0.052765704699803344
34,11,confident,incongruent,❌,0.712961838222366
34,12,joy,congruent,✅,0.9974725826145573
34,12,outrage,congruent,❌,0.3568737556965316
34,12,joy,incongruent,✅,0.045321932554272575
34,12,outrage,incongruent,❌,0.9123898014607733
34,13,traffic,congruent,✅,0.9987733751708727
34,13,snowstorm,congruent,✅,0.9696618144679939
34,13,traffic,incongruent,✅,0.28286827156336697
34,13,snowstorm,incongruent,❌,0.8162934819348284
34,14,laughter,congruent,✅,0.9480028107800483
34,14,frustration,congruent,✅,0.9755097054207458
34,14,laughter,incongruent,✅,0.17380964324537837
34,14,frustration,incongruent,✅,0.2533835649187887
34,15,calculator,congruent,❌,0.2742903550093521
34,15,instrument,congruent,✅,0.9020307508346159
34,15,calculator,incongruent,✅,0.004335901053549351
34,15,instrument,incongruent,✅,0.12988679121732113
34,16,orchestra,congruent,✅,0.9431402430535849
34,16,racers,congruent,✅,0.9716969247682627
34,16,orchestra,incongruent,✅,0.3271814970563969
34,16,racers,incongruent,✅,0.052067660354390304
34,17,retirement,congruent,✅,0.643203825186519
34,17,playdate,congruent,✅,0.8754477909836941
34,17,retirement,incongruent,✅,0.06751144614271005
34,17,playdate,incongruent,✅,0.020903473321247257
34,18,relieved,congruent,✅,0.6425905286650891
34,18,depressed,congruent,❌,0.22577802080030673
34,18,relieved,incongruent,✅,0.0324689064069278
34,18,depressed,incongruent,✅,0.35479551090364103
34,19,friends,congruent,✅,0.5319885729662415
34,19,weight,congruent,✅,0.9604343103799794
34,19,friends,incongruent,❌,0.67414765247215
34,19,weight,incongruent,✅,0.09802965995272767
34,2,overcoat,congruent,❌,0.49502166920944224
34,2,sandals,congruent,✅,0.6855582250239102
34,2,overcoat,incongruent,✅,0.24754669954907432
34,2,sandals,incongruent,✅,0.06961664427130142
34,20,lipstick,congruent,✅,0.9016959744300609
34,20,song,congruent,✅,0.9828463546104482
34,20,lipstick,incongruent,✅,0.40475971623591633
34,20,song,incongruent,✅,0.4426413491840117
34,21,fought,congruent,✅,0.9576338103747187
34,21,sang,congruent,❌,0.4898023416604637
34,21,fought,incongruent,✅,0.006437274814236528
34,21,sang,incongruent,✅,0.009246860576875654
34,22,skeptical,congruent,✅,0.8325456688593432
34,22,reassured,congruent,✅,0.7831448307077024
34,22,skeptical,incongruent,✅,0.38373825105771525
34,22,reassured,incongruent,❌,0.5860545188027418
34,23,graduation,congruent,✅,0.9982370864324474
34,23,operation,congruent,✅,0.9503526493297886
34,23,graduation,incongruent,✅,0.14417186959820427
34,23,operation,incongruent,✅,0.22894341512839322
34,24,bride,congruent,✅,0.6300463799928349
34,24,aftermath,congruent,✅,0.9648136242674956
34,24,bride,incongruent,✅,0.005685524973527593
34,24,aftermath,incongruent,✅,0.0039259023527875156
34,25,teacher,congruent,✅,0.9707845857764228
34,25,daughter,congruent,✅,0.9749108504605174
34,25,teacher,incongruent,❌,0.7561449974897492
34,25,daughter,incongruent,✅,0.1438668648144156
34,26,roommate,congruent,✅,0.9660735891356744
34,26,grandma,congruent,✅,0.950655234623678
34,26,roommate,incongruent,✅,0.013016305542117579
34,26,grandma,incongruent,✅,0.0047501598114473706
34,27,brother,congruent,✅,0.9539738821607948
34,27,mother,congruent,✅,0.8784623926935533
34,27,brother,incongruent,✅,0.046832352384877235
34,27,mother,incongruent,✅,0.20441767891112608
34,28,preschool,congruent,✅,0.581093113747026
34,28,prison,congruent,✅,0.8250882506726178
34,28,preschool,incongruent,✅,0.009755717339805478
34,28,prison,incongruent,✅,0.005856678211183852
34,29,hopeful,congruent,✅,0.5655509056131888
34,29,hopeless,congruent,✅,0.861909635268049
34,29,hopeful,incongruent,✅,0.18131733103411812
34,29,hopeless,incongruent,✅,0.0771903038772298
34,3,marathon,congruent,✅,0.9580667825712597
34,3,exam,congruent,✅,0.9713225250682498
34,3,marathon,incongruent,✅,0.09985946649931182
34,3,exam,incongruent,✅,0.0526064691366205
34,30,appalled,congruent,✅,0.6420005989383182
34,30,overjoyed,congruent,❌,0.3991608645496966
34,30,appalled,incongruent,✅,0.018526680133125428
34,30,overjoyed,incongruent,✅,0.14438453060978207
34,31,reprimand,congruent,✅,0.93926137493609
34,31,encouragement,congruent,✅,0.9365017962038746
34,31,reprimand,incongruent,✅,0.10920423244411041
34,31,encouragement,incongruent,✅,0.3133845295801963
34,32,angrily,congruent,✅,0.9612602590972393
34,32,cordially,congruent,✅,0.9254298359763931
34,32,angrily,incongruent,✅,0.09254138875968804
34,32,cordially,incongruent,✅,0.09203249294385267
34,33,accusatory,congruent,✅,0.9240397751076449
34,33,flirtatious,congruent,✅,0.941186439645287
34,33,accusatory,incongruent,❌,0.6321760571652497
34,33,flirtatious,incongruent,✅,0.29344069357891284
34,34,disapprovingly,congruent,✅,0.9485301008678441
34,34,lovingly,congruent,✅,0.5276438338156277
34,34,disapprovingly,incongruent,✅,0.036223903998406824
34,34,lovingly,incongruent,❌,0.6643693517978237
34,35,playful,congruent,✅,0.9242019340721188
34,35,distant,congruent,✅,0.6255316434254283
34,35,playful,incongruent,✅,0.10899532213611024
34,35,distant,incongruent,✅,0.24239226266620903
34,36,headphones,congruent,✅,0.8507029154910379
34,36,mangoes,congruent,✅,0.8767599339515105
34,36,headphones,incongruent,✅,0.395995308981326
34,36,mangoes,incongruent,✅,0.1422835961145074
34,37,playroom,congruent,✅,0.9934431739903319
34,37,park,congruent,✅,0.9972496480673047
34,37,playroom,incongruent,✅,0.05214893071583587
34,37,park,incongruent,✅,0.32585801484684374
34,38,bedroom,congruent,✅,0.9802867539902479
34,38,backyard,congruent,✅,0.9404971070500132
34,38,bedroom,incongruent,✅,0.04200732597994973
34,38,backyard,incongruent,✅,0.0025071894293149074
34,39,solemnly,congruent,❌,0.49569493876409226
34,39,excitedly,congruent,✅,0.9566774919268849
34,39,solemnly,incongruent,✅,0.44375091636751457
34,39,excitedly,incongruent,✅,0.019477869681735722
34,4,menu,congruent,✅,0.9692959210837058
34,4,prescription,congruent,✅,0.9545433719626608
34,4,menu,incongruent,✅,0.017885417114768293
34,4,prescription,incongruent,✅,0.15151258862278505
34,40,car,congruent,✅,0.8524181200966757
34,40,sock,congruent,❌,0.20626345602737717
34,40,car,incongruent,✅,0.06743373185891598
34,40,sock,incongruent,✅,0.04098216008147969
34,41,overdressed,congruent,✅,0.9658603520271574
34,41,naked,congruent,✅,0.571559238171671
34,41,overdressed,incongruent,✅,0.01614411565854318
34,41,naked,incongruent,✅,0.05557864963212906
34,42,shy,congruent,❌,0.4630533066164307
34,42,lively,congruent,✅,0.9139657625983792
34,42,shy,incongruent,✅,0.23847929510281746
34,42,lively,incongruent,✅,0.15334294937680934
34,43,offended,congruent,✅,0.7621075842141639
34,43,flattered,congruent,✅,0.7470241298550789
34,43,offended,incongruent,✅,0.36209072339598325
34,43,flattered,incongruent,❌,0.6452464841418603
34,44,grandkid,congruent,✅,0.9750948037303634
34,44,cellmate,congruent,✅,0.9928015563742905
34,44,grandkid,incongruent,✅,0.10103280349591377
34,44,cellmate,incongruent,✅,0.4323168389852312
34,45,promoted,congruent,✅,0.938445217817775
34,45,fired,congruent,✅,0.9617107363472951
34,45,promoted,incongruent,✅,0.2958333438868906
34,45,fired,incongruent,❌,0.518846988036363
34,46,shooting,congruent,❌,0.09751214050120018
34,46,celebration,congruent,❌,0.118701444974944
34,46,shooting,incongruent,✅,0.03767430129790748
34,46,celebration,incongruent,✅,0.00459944277253527
34,47,crayon,congruent,✅,0.6482839207096034
34,47,beer,congruent,✅,0.9655825242414569
34,47,crayon,incongruent,✅,0.018480677143882875
34,47,beer,incongruent,✅,0.004590788542933907
34,48,waiter,congruent,✅,0.9115644647921034
34,48,taxi,congruent,✅,0.8380229645541447
34,48,waiter,incongruent,✅,0.4569556769572813
34,48,taxi,incongruent,✅,0.11423194640749537
34,49,parents,congruent,✅,0.969987237237108
34,49,keys,congruent,✅,0.975268059593788
34,49,parents,incongruent,✅,0.3900284390111707
34,49,keys,incongruent,✅,0.028192499821086004
34,5,distress,congruent,✅,0.8356077341857661
34,5,tranquility,congruent,✅,0.8375731324289193
34,5,distress,incongruent,✅,0.015775694684474775
34,5,tranquility,incongruent,✅,0.08460479686633869
34,50,sofa,congruent,✅,0.9853607351252222
34,50,sky,congruent,✅,0.9497704243267066
34,50,sofa,incongruent,✅,0.015566906456406161
34,50,sky,incongruent,✅,0.24854083087236345
34,51,obesity,congruent,❌,0.16695033069522064
34,51,homework,congruent,✅,0.9275732907063777
34,51,obesity,incongruent,✅,0.003627192041206237
34,51,homework,incongruent,✅,0.04838011578247443
34,52,quiz,congruent,✅,0.9710540957283373
34,52,commute,congruent,✅,0.996886606238523
34,52,quiz,incongruent,✅,0.01341805653112439
34,52,commute,incongruent,✅,0.01649208336410212
34,53,migraine,congruent,✅,0.973352523117161
34,53,excitement,congruent,✅,0.9493669300918813
34,53,migraine,incongruent,✅,0.002079996447424038
34,53,excitement,incongruent,❌,0.5933926998547683
34,54,niece,congruent,✅,0.5154105207604482
34,54,husband,congruent,✅,0.8011870900567262
34,54,niece,incongruent,✅,0.16724347608447368
34,54,husband,incongruent,✅,0.09822381982179736
34,55,film,congruent,✅,0.9916161279097145
34,55,sunrise,congruent,✅,0.8568523262318712
34,55,film,incongruent,✅,0.09824951510792515
34,55,sunrise,incongruent,✅,0.0726469492939624
34,56,lecture,congruent,✅,0.9957997200597736
34,56,banquet,congruent,✅,0.5543115510279822
34,56,lecture,incongruent,✅,0.0007350192106381771
34,56,banquet,incongruent,✅,0.008454907974900009
34,57,drink,congruent,✅,0.9222842721761747
34,57,textbook,congruent,✅,0.6167681609377248
34,57,drink,incongruent,✅,0.00428559362078512
34,57,textbook,incongruent,✅,0.008753416767297241
34,58,pool,congruent,✅,0.9963985311381617
34,58,snow,congruent,✅,0.6649536157798925
34,58,pool,incongruent,✅,0.010583312755420283
34,58,snow,incongruent,✅,0.13763178594891393
34,59,passport,congruent,✅,0.9348526220382437
34,59,plushy,congruent,✅,0.807583906093764
34,59,passport,incongruent,✅,0.020448447716776952
34,59,plushy,incongruent,✅,0.3421016844657837
34,6,patients,congruent,✅,0.9951303173039313
34,6,students,congruent,✅,0.9961183408952892
34,6,patients,incongruent,✅,0.01047936486042936
34,6,students,incongruent,✅,0.01855793204948592
34,60,sister,congruent,✅,0.7994782228386506
34,60,father,congruent,✅,0.9898773097782865
34,60,sister,incongruent,✅,0.06919676247075264
34,60,father,incongruent,✅,0.027075545278110253
34,61,game,congruent,✅,0.9739520781495477
34,61,sunset,congruent,✅,0.99467719523982
34,61,game,incongruent,❌,0.6287037633673134
34,61,sunset,incongruent,✅,0.08877382875838179
34,62,holidays,congruent,✅,0.9812377931470494
34,62,funeral,congruent,✅,0.9868047712143448
34,62,holidays,incongruent,✅,0.33104246126565856
34,62,funeral,incongruent,❌,0.6274653132071139
34,63,grades,congruent,✅,0.9307363614481148
34,63,affair,congruent,✅,0.8706613648847807
34,63,grades,incongruent,✅,0.06840077513978927
34,63,affair,incongruent,✅,0.017682934325395694
34,64,arrest,congruent,✅,0.9705847266108243
34,64,stroke,congruent,❌,0.42322175909096726
34,64,arrest,incongruent,✅,0.4266778326492818
34,64,stroke,incongruent,❌,0.7504200490100961
34,65,pacifier,congruent,✅,0.801988486555528
34,65,coffee,congruent,✅,0.9912387296225434
34,65,pacifier,incongruent,✅,0.10413035744057665
34,65,coffee,incongruent,✅,0.07898450822527772
34,66,sweets,congruent,✅,0.9932330942893316
34,66,sentencing,congruent,✅,0.9176248188544993
34,66,sweets,incongruent,✅,0.0014967321264442934
34,66,sentencing,incongruent,✅,0.03490454338109302
34,67,nap,congruent,✅,0.9176159693261836
34,67,selfie,congruent,✅,0.9936101631715494
34,67,nap,incongruent,✅,0.24316002730414787
34,67,selfie,incongruent,✅,0.0024605045847778664
34,68,diaper,congruent,✅,0.9924052242795163
34,68,tire,congruent,✅,0.9906008565069331
34,68,diaper,incongruent,✅,0.0020168859076186616
34,68,tire,incongruent,✅,0.004266546651235329
34,69,chemotherapy,congruent,✅,0.9257447474880127
34,69,golf,congruent,✅,0.995993901533824
34,69,chemotherapy,incongruent,✅,0.09373466243754519
34,69,golf,incongruent,✅,0.33487215768397166
34,7,consensus,congruent,❌,0.2579498666103557
34,7,deadlock,congruent,✅,0.515694288562761
34,7,consensus,incongruent,✅,0.11640410756011224
34,7,deadlock,incongruent,✅,0.021538669779807913
34,70,thunder,congruent,✅,0.8435357211083654
34,70,lullaby,congruent,✅,0.9048888318547852
34,70,thunder,incongruent,✅,0.2049225583461635
34,70,lullaby,incongruent,✅,0.0681190108676106
34,71,pajamas,congruent,✅,0.9795866758616459
34,71,uniform,congruent,✅,0.9898227216445624
34,71,pajamas,incongruent,✅,0.01902660787328874
34,71,uniform,incongruent,✅,0.024949388792476934
34,72,gown,congruent,✅,0.9959739094969196
34,72,sweats,congruent,✅,0.9037545654429756
34,72,gown,incongruent,✅,0.006199190491810284
34,72,sweats,incongruent,❌,0.7337844455300754
34,73,deadline,congruent,✅,0.5832938344559108
34,73,bed,congruent,✅,0.9518481898479554
34,73,deadline,incongruent,✅,0.003592440163673696
34,73,bed,incongruent,✅,0.08858622325257143
34,74,kindergarten,congruent,✅,0.918345964316996
34,74,jail,congruent,✅,0.8244591625334107
34,74,kindergarten,incongruent,✅,0.007135138074527465
34,74,jail,incongruent,✅,0.3724559770235172
34,75,interrogated,congruent,✅,0.9915901128361293
34,75,tickled,congruent,✅,0.7354001182776836
34,75,interrogated,incongruent,✅,0.4006256202839853
34,75,tickled,incongruent,✅,0.12510306696793136
34,76,sandcastle,congruent,✅,0.9868192061613692
34,76,snowman,congruent,✅,0.9965693264670085
34,76,sandcastle,incongruent,✅,0.4334628199576203
34,76,snowman,incongruent,❌,0.5428160512300143
34,77,music,congruent,✅,0.9969131238685017
34,77,pizza,congruent,✅,0.9992461494944103
34,77,music,incongruent,✅,0.09448335274505033
34,77,pizza,incongruent,✅,0.005155335713004742
34,78,playoffs,congruent,❌,0.483711513552394
34,78,cartoon,congruent,✅,0.9858756349667797
34,78,playoffs,incongruent,✅,0.0022908454050893897
34,78,cartoon,incongruent,✅,0.017287031195157152
34,79,alcoholism,congruent,✅,0.9658217012566139
34,79,academics,congruent,✅,0.9907684064744595
34,79,alcoholism,incongruent,✅,0.4774520985478555
34,79,academics,incongruent,✅,0.28015226366280016
34,8,engagement,congruent,✅,0.8077583307331974
34,8,cancer,congruent,❌,0.38407728899254806
34,8,engagement,incongruent,❌,0.5177590932312125
34,8,cancer,incongruent,✅,0.28471951496406184
34,9,terminal,congruent,✅,0.9646623833695628
34,9,classroom,congruent,✅,0.9833237673332921
34,9,terminal,incongruent,✅,0.07039956107788149
34,9,classroom,incongruent,✅,0.07121116587014478
35,0,library,congruent,✅,0.8421890611355772
35,0,refrigerator,congruent,❌,0.4533214529073751
35,0,library,incongruent,✅,0.029765259813301484
35,0,refrigerator,incongruent,✅,0.008848151657280928
35,1,disappointment,congruent,✅,0.7521325508929384
35,1,delight,congruent,✅,0.7232271125592433
35,1,disappointment,incongruent,✅,0.052599642181304446
35,1,delight,incongruent,✅,0.4313698271959837
35,10,cash,congruent,✅,0.9840126219127725
35,10,groceries,congruent,✅,0.7287560542948983
35,10,cash,incongruent,✅,0.039708696387409426
35,10,groceries,incongruent,✅,0.015101399897363182
35,11,lonely,congruent,✅,0.9691656616773853
35,11,confident,congruent,✅,0.752202275234405
35,11,lonely,incongruent,✅,0.06024459055721406
35,11,confident,incongruent,❌,0.6591818858052996
35,12,joy,congruent,✅,0.996570575959514
35,12,outrage,congruent,❌,0.40300225651394433
35,12,joy,incongruent,✅,0.07229050337388106
35,12,outrage,incongruent,❌,0.91832580809087
35,13,traffic,congruent,✅,0.9981517330564667
35,13,snowstorm,congruent,✅,0.9831425510269737
35,13,traffic,incongruent,❌,0.5716773657862945
35,13,snowstorm,incongruent,❌,0.7696787789064768
35,14,laughter,congruent,✅,0.9521595563807987
35,14,frustration,congruent,✅,0.9558140626796147
35,14,laughter,incongruent,✅,0.16749453214535873
35,14,frustration,incongruent,✅,0.34350231857212077
35,15,calculator,congruent,❌,0.20954557200206936
35,15,instrument,congruent,✅,0.8809428641728785
35,15,calculator,incongruent,✅,0.004221112305208707
35,15,instrument,incongruent,✅,0.10232898835308256
35,16,orchestra,congruent,✅,0.9402808927459221
35,16,racers,congruent,✅,0.9530368338576337
35,16,orchestra,incongruent,✅,0.2961798780292991
35,16,racers,incongruent,✅,0.061611342899107885
35,17,retirement,congruent,✅,0.5837241924262535
35,17,playdate,congruent,✅,0.9038849858232171
35,17,retirement,incongruent,✅,0.10796041964767533
35,17,playdate,incongruent,✅,0.018857733192323763
35,18,relieved,congruent,✅,0.5823449603832446
35,18,depressed,congruent,❌,0.23690733779721157
35,18,relieved,incongruent,✅,0.04380605852053129
35,18,depressed,incongruent,✅,0.3261472884688424
35,19,friends,congruent,✅,0.6059302936314971
35,19,weight,congruent,✅,0.9517708562815683
35,19,friends,incongruent,❌,0.7902045499717705
35,19,weight,incongruent,✅,0.1300351264296916
35,2,overcoat,congruent,✅,0.597114125907941
35,2,sandals,congruent,✅,0.5370635297669922
35,2,overcoat,incongruent,✅,0.13170609804702935
35,2,sandals,incongruent,✅,0.1319224928751526
35,20,lipstick,congruent,✅,0.9157347132969671
35,20,song,congruent,✅,0.990961273137015
35,20,lipstick,incongruent,❌,0.6904445988007931
35,20,song,incongruent,❌,0.5037854517266147
35,21,fought,congruent,✅,0.956519637849858
35,21,sang,congruent,❌,0.3965521870904995
35,21,fought,incongruent,✅,0.005891018775903144
35,21,sang,incongruent,✅,0.009710150008901491
35,22,skeptical,congruent,✅,0.7153893670835942
35,22,reassured,congruent,✅,0.6974864599531977
35,22,skeptical,incongruent,✅,0.3400273345286397
35,22,reassured,incongruent,✅,0.4437058165929072
35,23,graduation,congruent,✅,0.9972680411147695
35,23,operation,congruent,✅,0.9514352513275792
35,23,graduation,incongruent,✅,0.17622396927747846
35,23,operation,incongruent,✅,0.3442750011264822
35,24,bride,congruent,✅,0.5763335398615184
35,24,aftermath,congruent,✅,0.9535297294375312
35,24,bride,incongruent,✅,0.009493184506241559
35,24,aftermath,incongruent,✅,0.0057622503453518105
35,25,teacher,congruent,✅,0.9526217145006423
35,25,daughter,congruent,✅,0.9644071191479786
35,25,teacher,incongruent,❌,0.678988378198143
35,25,daughter,incongruent,✅,0.13379662463225442
35,26,roommate,congruent,✅,0.9429906263194394
35,26,grandma,congruent,✅,0.9210586262780145
35,26,roommate,incongruent,✅,0.021832262199405834
35,26,grandma,incongruent,✅,0.0058201332650234154
35,27,brother,congruent,✅,0.9400745674947483
35,27,mother,congruent,✅,0.8922045187330866
35,27,brother,incongruent,✅,0.07834420721803008
35,27,mother,incongruent,✅,0.2539033057492681
35,28,preschool,congruent,✅,0.6520055194927977
35,28,prison,congruent,✅,0.8553323272869019
35,28,preschool,incongruent,✅,0.020276326118498583
35,28,prison,incongruent,✅,0.016095044271921405
35,29,hopeful,congruent,✅,0.5524510588982824
35,29,hopeless,congruent,✅,0.8827004479015573
35,29,hopeful,incongruent,✅,0.2975611536581821
35,29,hopeless,incongruent,✅,0.11406779580041386
35,3,marathon,congruent,✅,0.953084251102253
35,3,exam,congruent,✅,0.9754802987839974
35,3,marathon,incongruent,✅,0.2046486722959208
35,3,exam,incongruent,✅,0.05902549081012219
35,30,appalled,congruent,✅,0.5970539940410639
35,30,overjoyed,congruent,✅,0.5255289333986531
35,30,appalled,incongruent,✅,0.042263580335895695
35,30,overjoyed,incongruent,✅,0.14885851380098325
35,31,reprimand,congruent,✅,0.8890378414111713
35,31,encouragement,congruent,✅,0.9019878623725349
35,31,reprimand,incongruent,✅,0.11513050594070219
35,31,encouragement,incongruent,✅,0.28358973736003995
35,32,angrily,congruent,✅,0.9718839362830156
35,32,cordially,congruent,✅,0.921638074098693
35,32,angrily,incongruent,✅,0.11325319480669649
35,32,cordially,incongruent,✅,0.2883664750659845
35,33,accusatory,congruent,✅,0.8867364767661061
35,33,flirtatious,congruent,✅,0.8534059969732177
35,33,accusatory,incongruent,✅,0.46689469723711796
35,33,flirtatious,incongruent,✅,0.27910781094597353
35,34,disapprovingly,congruent,✅,0.9602066753309092
35,34,lovingly,congruent,✅,0.5060310781617222
35,34,disapprovingly,incongruent,✅,0.04444948948082195
35,34,lovingly,incongruent,❌,0.7753724659351601
35,35,playful,congruent,✅,0.9306908983459159
35,35,distant,congruent,❌,0.44345848846591845
35,35,playful,incongruent,✅,0.07494385769706131
35,35,distant,incongruent,✅,0.29907740284726264
35,36,headphones,congruent,✅,0.7900416748062333
35,36,mangoes,congruent,✅,0.8559873027206375
35,36,headphones,incongruent,✅,0.48143997922573445
35,36,mangoes,incongruent,✅,0.11033830707553051
35,37,playroom,congruent,✅,0.9848746368514298
35,37,park,congruent,✅,0.9945866017208544
35,37,playroom,incongruent,✅,0.0590294115815414
35,37,park,incongruent,✅,0.19613339754968523
35,38,bedroom,congruent,✅,0.948216559453917
35,38,backyard,congruent,✅,0.9321323333547005
35,38,bedroom,incongruent,✅,0.06807404344916
35,38,backyard,incongruent,✅,0.0026421424779610914
35,39,solemnly,congruent,❌,0.4870001994054588
35,39,excitedly,congruent,✅,0.9144427230108316
35,39,solemnly,incongruent,✅,0.33850057896569685
35,39,excitedly,incongruent,✅,0.021851459269452814
35,4,menu,congruent,✅,0.9294377177698482
35,4,prescription,congruent,✅,0.9502662056699058
35,4,menu,incongruent,✅,0.016641850597391483
35,4,prescription,incongruent,✅,0.104373230304618
35,40,car,congruent,✅,0.8484282928375779
35,40,sock,congruent,❌,0.10488185311312893
35,40,car,incongruent,✅,0.04096225582683714
35,40,sock,incongruent,✅,0.053288216699975396
35,41,overdressed,congruent,✅,0.9545117768274456
35,41,naked,congruent,✅,0.5444279285384859
35,41,overdressed,incongruent,✅,0.025236100643892128
35,41,naked,incongruent,✅,0.11526788833201278
35,42,shy,congruent,❌,0.46312086700648913
35,42,lively,congruent,✅,0.812839026989856
35,42,shy,incongruent,✅,0.12309387490647118
35,42,lively,incongruent,✅,0.17303359478690872
35,43,offended,congruent,✅,0.8170929337071914
35,43,flattered,congruent,✅,0.7216059985374876
35,43,offended,incongruent,✅,0.4051266386360297
35,43,flattered,incongruent,❌,0.7585317668073495
35,44,grandkid,congruent,✅,0.9555129309356579
35,44,cellmate,congruent,✅,0.9878882408238765
35,44,grandkid,incongruent,✅,0.20737346058724532
35,44,cellmate,incongruent,✅,0.3944371408423524
35,45,promoted,congruent,✅,0.8929069683225147
35,45,fired,congruent,✅,0.9647585240407295
35,45,promoted,incongruent,✅,0.4115512638002469
35,45,fired,incongruent,✅,0.4981822921708012
35,46,shooting,congruent,❌,0.08950312097924552
35,46,celebration,congruent,❌,0.09860812965650341
35,46,shooting,incongruent,✅,0.046219073279746135
35,46,celebration,incongruent,✅,0.004581861907115832
35,47,crayon,congruent,✅,0.7971513379051743
35,47,beer,congruent,✅,0.9508118870569148
35,47,crayon,incongruent,✅,0.027146039072065687
35,47,beer,incongruent,✅,0.011460666176092144
35,48,waiter,congruent,✅,0.9498671591720623
35,48,taxi,congruent,✅,0.7113625968613645
35,48,waiter,incongruent,✅,0.3429608682313773
35,48,taxi,incongruent,✅,0.21365171092957747
35,49,parents,congruent,✅,0.973619979569381
35,49,keys,congruent,✅,0.9697250906659179
35,49,parents,incongruent,✅,0.4684545795657134
35,49,keys,incongruent,✅,0.06150432602008851
35,5,distress,congruent,✅,0.8765476294911144
35,5,tranquility,congruent,✅,0.8585241260567174
35,5,distress,incongruent,✅,0.028961995905711864
35,5,tranquility,incongruent,✅,0.1653694907131935
35,50,sofa,congruent,✅,0.982341481447051
35,50,sky,congruent,✅,0.9340121972793036
35,50,sofa,incongruent,✅,0.01955467864350447
35,50,sky,incongruent,✅,0.2882543547925382
35,51,obesity,congruent,❌,0.14791021778239316
35,51,homework,congruent,✅,0.8709849934427093
35,51,obesity,incongruent,✅,0.0032405372126407105
35,51,homework,incongruent,✅,0.05270796858125817
35,52,quiz,congruent,✅,0.954260516252434
35,52,commute,congruent,✅,0.9922934702906763
35,52,quiz,incongruent,✅,0.01693719770202779
35,52,commute,incongruent,✅,0.026759874834744485
35,53,migraine,congruent,✅,0.9644502984211123
35,53,excitement,congruent,✅,0.8847753663599973
35,53,migraine,incongruent,✅,0.0017138511010989237
35,53,excitement,incongruent,❌,0.5916935085549018
35,54,niece,congruent,✅,0.579368541620214
35,54,husband,congruent,✅,0.7286529092191952
35,54,niece,incongruent,✅,0.19298514100500921
35,54,husband,incongruent,✅,0.10689323236992718
35,55,film,congruent,✅,0.972932914081995
35,55,sunrise,congruent,✅,0.8264618131798688
35,55,film,incongruent,✅,0.12937432279774416
35,55,sunrise,incongruent,✅,0.06860654530038358
35,56,lecture,congruent,✅,0.9933037493887462
35,56,banquet,congruent,❌,0.4504895215039519
35,56,lecture,incongruent,✅,0.0014520200438502791
35,56,banquet,incongruent,✅,0.013059363866041106
35,57,drink,congruent,✅,0.9360250897475514
35,57,textbook,congruent,✅,0.5403617838469115
35,57,drink,incongruent,✅,0.004337020315488449
35,57,textbook,incongruent,✅,0.014556148329512755
35,58,pool,congruent,✅,0.9920153676562684
35,58,snow,congruent,✅,0.6054294652981244
35,58,pool,incongruent,✅,0.012299032395589608
35,58,snow,incongruent,✅,0.16149485873755937
35,59,passport,congruent,✅,0.9035289378492742
35,59,plushy,congruent,✅,0.7759660517349237
35,59,passport,incongruent,✅,0.0151820916892083
35,59,plushy,incongruent,✅,0.2907384424371085
35,6,patients,congruent,✅,0.9875715577374294
35,6,students,congruent,✅,0.9934232846561162
35,6,patients,incongruent,✅,0.013674711661292208
35,6,students,incongruent,✅,0.010535085431639283
35,60,sister,congruent,✅,0.7423016896999242
35,60,father,congruent,✅,0.9854440764695018
35,60,sister,incongruent,✅,0.12325513422259436
35,60,father,incongruent,✅,0.030851064664682105
35,61,game,congruent,✅,0.9295817212508537
35,61,sunset,congruent,✅,0.9899254892344235
35,61,game,incongruent,❌,0.5139976649374218
35,61,sunset,incongruent,✅,0.06226783692532693
35,62,holidays,congruent,✅,0.9827535319765128
35,62,funeral,congruent,✅,0.9808688694413306
35,62,holidays,incongruent,✅,0.3575643650203767
35,62,funeral,incongruent,❌,0.7267355281827077
35,63,grades,congruent,✅,0.8636784317671594
35,63,affair,congruent,✅,0.8919582936756049
35,63,grades,incongruent,✅,0.09940768159227725
35,63,affair,incongruent,✅,0.020524641684549608
35,64,arrest,congruent,✅,0.9363026597737922
35,64,stroke,congruent,❌,0.3549919844198133
35,64,arrest,incongruent,✅,0.3820845566371058
35,64,stroke,incongruent,❌,0.5854671019601813
35,65,pacifier,congruent,✅,0.7811978160842865
35,65,coffee,congruent,✅,0.9823806798527837
35,65,pacifier,incongruent,✅,0.08701896071501039
35,65,coffee,incongruent,✅,0.12730758373480072
35,66,sweets,congruent,✅,0.9837906935912021
35,66,sentencing,congruent,✅,0.896016118107096
35,66,sweets,incongruent,✅,0.00179288048595387
35,66,sentencing,incongruent,✅,0.0226162768369979
35,67,nap,congruent,✅,0.9002431353948976
35,67,selfie,congruent,✅,0.9850804661438615
35,67,nap,incongruent,✅,0.16255613077218112
35,67,selfie,incongruent,✅,0.004899681065345887
35,68,diaper,congruent,✅,0.9903446079309628
35,68,tire,congruent,✅,0.9944937033284641
35,68,diaper,incongruent,✅,0.005279387486075711
35,68,tire,incongruent,✅,0.008411183240865467
35,69,chemotherapy,congruent,✅,0.9560956592333794
35,69,golf,congruent,✅,0.9952658805821514
35,69,chemotherapy,incongruent,✅,0.1305228965714271
35,69,golf,incongruent,❌,0.5097887153952535
35,7,consensus,congruent,❌,0.24778716253934524
35,7,deadlock,congruent,❌,0.43204141589791956
35,7,consensus,incongruent,✅,0.1313135806927251
35,7,deadlock,incongruent,✅,0.028203268369501187
35,70,thunder,congruent,✅,0.7839499859926075
35,70,lullaby,congruent,✅,0.8765501409034068
35,70,thunder,incongruent,✅,0.2438021634588885
35,70,lullaby,incongruent,✅,0.07254926434653884
35,71,pajamas,congruent,✅,0.9831336195082443
35,71,uniform,congruent,✅,0.9848760746471996
35,71,pajamas,incongruent,✅,0.01952047524109252
35,71,uniform,incongruent,✅,0.03767502991383913
35,72,gown,congruent,✅,0.9936221007078485
35,72,sweats,congruent,✅,0.861343740197261
35,72,gown,incongruent,✅,0.00661539954777621
35,72,sweats,incongruent,❌,0.6067083522237677
35,73,deadline,congruent,❌,0.44973103812164555
35,73,bed,congruent,✅,0.9576876160902562
35,73,deadline,incongruent,✅,0.007031691507018869
35,73,bed,incongruent,✅,0.08156562151501141
35,74,kindergarten,congruent,✅,0.873313634050914
35,74,jail,congruent,✅,0.8002873016660811
35,74,kindergarten,incongruent,✅,0.01035427911759459
35,74,jail,incongruent,✅,0.3095389732098855
35,75,interrogated,congruent,✅,0.9771242935981376
35,75,tickled,congruent,✅,0.6808193828164852
35,75,interrogated,incongruent,✅,0.30839201092785984
35,75,tickled,incongruent,✅,0.07718753091104726
35,76,sandcastle,congruent,✅,0.9744141149386225
35,76,snowman,congruent,✅,0.9919403416017533
35,76,sandcastle,incongruent,✅,0.2761726225166817
35,76,snowman,incongruent,✅,0.43915632151997996
35,77,music,congruent,✅,0.9962699236402296
35,77,pizza,congruent,✅,0.9988947375379571
35,77,music,incongruent,✅,0.15800358186550198
35,77,pizza,incongruent,✅,0.007823591948255312
35,78,playoffs,congruent,✅,0.5224234595335594
35,78,cartoon,congruent,✅,0.9901353028702011
35,78,playoffs,incongruent,✅,0.004255987474238576
35,78,cartoon,incongruent,✅,0.03136749327584872
35,79,alcoholism,congruent,✅,0.9468418426326773
35,79,academics,congruent,✅,0.9894681762924294
35,79,alcoholism,incongruent,✅,0.48591373518549513
35,79,academics,incongruent,✅,0.2946013100045647
35,8,engagement,congruent,✅,0.8739894135459699
35,8,cancer,congruent,❌,0.4646923850375134
35,8,engagement,incongruent,❌,0.6327444459107843
35,8,cancer,incongruent,✅,0.4132798775461367
35,9,terminal,congruent,✅,0.9651441566061547
35,9,classroom,congruent,✅,0.9642718859377545
35,9,terminal,incongruent,✅,0.05741359650977594
35,9,classroom,incongruent,✅,0.09467020891124944
36,0,library,congruent,✅,0.9024443418979811
36,0,refrigerator,congruent,✅,0.5108780904938413
36,0,library,incongruent,✅,0.04521511514537465
36,0,refrigerator,incongruent,✅,0.016887252763912817
36,1,disappointment,congruent,✅,0.8652513644053256
36,1,delight,congruent,✅,0.8227409517344129
36,1,disappointment,incongruent,✅,0.10359546951644741
36,1,delight,incongruent,❌,0.6639965239189121
36,10,cash,congruent,✅,0.9889723146205306
36,10,groceries,congruent,✅,0.7039225203439105
36,10,cash,incongruent,✅,0.03973556600787024
36,10,groceries,incongruent,✅,0.04031392445762736
36,11,lonely,congruent,✅,0.9639581718040825
36,11,confident,congruent,✅,0.7363018273797632
36,11,lonely,incongruent,✅,0.07347190495827081
36,11,confident,incongruent,❌,0.6664195433212394
36,12,joy,congruent,✅,0.9919660644893861
36,12,outrage,congruent,❌,0.4237184674564519
36,12,joy,incongruent,✅,0.0972265375648287
36,12,outrage,incongruent,❌,0.847686704511253
36,13,traffic,congruent,✅,0.9940507517766817
36,13,snowstorm,congruent,✅,0.9710950245027735
36,13,traffic,incongruent,✅,0.4991203160145646
36,13,snowstorm,incongruent,❌,0.5945337939131412
36,14,laughter,congruent,✅,0.9712328249237728
36,14,frustration,congruent,✅,0.9393760396802099
36,14,laughter,incongruent,✅,0.17612201294540603
36,14,frustration,incongruent,❌,0.5359318595749779
36,15,calculator,congruent,❌,0.28200042910901185
36,15,instrument,congruent,✅,0.9237924751017746
36,15,calculator,incongruent,✅,0.007285080698634748
36,15,instrument,incongruent,✅,0.14926296616952184
36,16,orchestra,congruent,✅,0.9277228545840337
36,16,racers,congruent,✅,0.9272513300899844
36,16,orchestra,incongruent,✅,0.2504952471134183
36,16,racers,incongruent,✅,0.07561185615070307
36,17,retirement,congruent,✅,0.6284178340299073
36,17,playdate,congruent,✅,0.8905686169135046
36,17,retirement,incongruent,✅,0.12472263627497937
36,17,playdate,incongruent,✅,0.0279540574681306
36,18,relieved,congruent,✅,0.6585494717880958
36,18,depressed,congruent,❌,0.1943702725716708
36,18,relieved,incongruent,✅,0.03980040254646253
36,18,depressed,incongruent,✅,0.41368481753212444
36,19,friends,congruent,✅,0.569309527025831
36,19,weight,congruent,✅,0.9370318322102392
36,19,friends,incongruent,❌,0.7288769246952089
36,19,weight,incongruent,✅,0.13202872089540174
36,2,overcoat,congruent,✅,0.6551900018245722
36,2,sandals,congruent,❌,0.4345187796687943
36,2,overcoat,incongruent,✅,0.10845805394148934
36,2,sandals,incongruent,✅,0.15375015613825302
36,20,lipstick,congruent,✅,0.8011207612680901
36,20,song,congruent,✅,0.9869475681083603
36,20,lipstick,incongruent,❌,0.6112968774245456
36,20,song,incongruent,✅,0.2726537196077085
36,21,fought,congruent,✅,0.9637835750757353
36,21,sang,congruent,✅,0.5652323002905043
36,21,fought,incongruent,✅,0.014770678413567925
36,21,sang,incongruent,✅,0.020896180824986847
36,22,skeptical,congruent,✅,0.6430674708710801
36,22,reassured,congruent,✅,0.6637988888973445
36,22,skeptical,incongruent,✅,0.34032393333378297
36,22,reassured,incongruent,✅,0.3849507806190785
36,23,graduation,congruent,✅,0.9957083551791306
36,23,operation,congruent,✅,0.9319099723077106
36,23,graduation,incongruent,✅,0.18580235700122485
36,23,operation,incongruent,✅,0.27148040181146554
36,24,bride,congruent,✅,0.7020893847319151
36,24,aftermath,congruent,✅,0.9467050568315751
36,24,bride,incongruent,✅,0.012808910849084521
36,24,aftermath,incongruent,✅,0.013589432806611613
36,25,teacher,congruent,✅,0.957558493538926
36,25,daughter,congruent,✅,0.9631898784991919
36,25,teacher,incongruent,❌,0.6905868841887339
36,25,daughter,incongruent,✅,0.16364317247828697
36,26,roommate,congruent,✅,0.8937096633441322
36,26,grandma,congruent,✅,0.9223904179047033
36,26,roommate,incongruent,✅,0.022406968056039762
36,26,grandma,incongruent,✅,0.005367828327935621
36,27,brother,congruent,✅,0.9292657582392206
36,27,mother,congruent,✅,0.8976908282126985
36,27,brother,incongruent,✅,0.09575031461749438
36,27,mother,incongruent,✅,0.2897482657518941
36,28,preschool,congruent,✅,0.646965081823717
36,28,prison,congruent,✅,0.9060535823719496
36,28,preschool,incongruent,✅,0.04048506690193518
36,28,prison,incongruent,✅,0.01720795523504864
36,29,hopeful,congruent,✅,0.5655799187755243
36,29,hopeless,congruent,✅,0.8119360355177936
36,29,hopeful,incongruent,✅,0.23008621729282894
36,29,hopeless,incongruent,✅,0.13381857323814791
36,3,marathon,congruent,✅,0.9363868016508122
36,3,exam,congruent,✅,0.9525252279248637
36,3,marathon,incongruent,✅,0.13317170866871594
36,3,exam,incongruent,✅,0.05260389115586459
36,30,appalled,congruent,❌,0.4303610519465138
36,30,overjoyed,congruent,❌,0.4731617358866664
36,30,appalled,incongruent,✅,0.03943469918861431
36,30,overjoyed,incongruent,✅,0.09281213256046023
36,31,reprimand,congruent,✅,0.840502574303899
36,31,encouragement,congruent,✅,0.9001797559631455
36,31,reprimand,incongruent,✅,0.13531043469097892
36,31,encouragement,incongruent,✅,0.25712658343778977
36,32,angrily,congruent,✅,0.9599140949294536
36,32,cordially,congruent,✅,0.8914606978066318
36,32,angrily,incongruent,✅,0.08324312957345911
36,32,cordially,incongruent,✅,0.27337028858076456
36,33,accusatory,congruent,✅,0.8733637505021304
36,33,flirtatious,congruent,✅,0.8679007370539398
36,33,accusatory,incongruent,❌,0.5311584256276887
36,33,flirtatious,incongruent,✅,0.30896645074966
36,34,disapprovingly,congruent,✅,0.9351815382119107
36,34,lovingly,congruent,✅,0.5467794334057701
36,34,disapprovingly,incongruent,✅,0.06775859408993025
36,34,lovingly,incongruent,❌,0.6874768596952889
36,35,playful,congruent,✅,0.9042667124604156
36,35,distant,congruent,❌,0.4854363260831631
36,35,playful,incongruent,✅,0.11030368686443329
36,35,distant,incongruent,✅,0.2636774334460634
36,36,headphones,congruent,✅,0.7669423043768024
36,36,mangoes,congruent,✅,0.8577218971286934
36,36,headphones,incongruent,✅,0.46442613356373785
36,36,mangoes,incongruent,✅,0.11031283915970841
36,37,playroom,congruent,✅,0.9850246726053105
36,37,park,congruent,✅,0.9916685567685387
36,37,playroom,incongruent,✅,0.05867290406219824
36,37,park,incongruent,✅,0.20650139078421992
36,38,bedroom,congruent,✅,0.9386449558096595
36,38,backyard,congruent,✅,0.9150879257099723
36,38,bedroom,incongruent,✅,0.04738761117327962
36,38,backyard,incongruent,✅,0.0029409860181868084
36,39,solemnly,congruent,❌,0.35317391968261935
36,39,excitedly,congruent,✅,0.8785437390220256
36,39,solemnly,incongruent,✅,0.29808281711314627
36,39,excitedly,incongruent,✅,0.015407458611126456
36,4,menu,congruent,✅,0.8851017453347387
36,4,prescription,congruent,✅,0.8743449513425046
36,4,menu,incongruent,✅,0.009871419834926969
36,4,prescription,incongruent,✅,0.08479769920602423
36,40,car,congruent,✅,0.851638551258892
36,40,sock,congruent,❌,0.1523985553513665
36,40,car,incongruent,✅,0.05775465146413413
36,40,sock,incongruent,✅,0.06531870941167756
36,41,overdressed,congruent,✅,0.972556864135582
36,41,naked,congruent,✅,0.5483343528093165
36,41,overdressed,incongruent,✅,0.031778111377139616
36,41,naked,incongruent,✅,0.22652280905473413
36,42,shy,congruent,❌,0.4484029137946284
36,42,lively,congruent,✅,0.7232987772585473
36,42,shy,incongruent,✅,0.0973999334367507
36,42,lively,incongruent,✅,0.1856606956997439
36,43,offended,congruent,✅,0.8010411766189129
36,43,flattered,congruent,✅,0.6610456464930065
36,43,offended,incongruent,✅,0.37223954220579064
36,43,flattered,incongruent,❌,0.7394491037401477
36,44,grandkid,congruent,✅,0.9279930320385771
36,44,cellmate,congruent,✅,0.9915019237259243
36,44,grandkid,incongruent,✅,0.3232462500163684
36,44,cellmate,incongruent,✅,0.3097691981396331
36,45,promoted,congruent,✅,0.910548621570785
36,45,fired,congruent,✅,0.9615615415596143
36,45,promoted,incongruent,✅,0.4595559276888596
36,45,fired,incongruent,❌,0.6294981740779391
36,46,shooting,congruent,❌,0.17430306604089635
36,46,celebration,congruent,❌,0.11445546553509844
36,46,shooting,incongruent,✅,0.05397833922482761
36,46,celebration,incongruent,✅,0.009537091083771676
36,47,crayon,congruent,✅,0.8427318040471449
36,47,beer,congruent,✅,0.9723765003866667
36,47,crayon,incongruent,✅,0.050449562412223425
36,47,beer,incongruent,✅,0.01947437992649922
36,48,waiter,congruent,✅,0.8877658886837538
36,48,taxi,congruent,✅,0.8973410488739002
36,48,waiter,incongruent,❌,0.5966664229749167
36,48,taxi,incongruent,✅,0.12023657153531948
36,49,parents,congruent,✅,0.9600031828982187
36,49,keys,congruent,✅,0.9553610555468844
36,49,parents,incongruent,✅,0.4091451317882041
36,49,keys,incongruent,✅,0.06421335412238907
36,5,distress,congruent,✅,0.8876857158891589
36,5,tranquility,congruent,✅,0.8368644100956957
36,5,distress,incongruent,✅,0.02982760359082393
36,5,tranquility,incongruent,✅,0.21121124588471826
36,50,sofa,congruent,✅,0.9687038782200602
36,50,sky,congruent,✅,0.927596867184951
36,50,sofa,incongruent,✅,0.026016390277011404
36,50,sky,incongruent,✅,0.2581509109264149
36,51,obesity,congruent,❌,0.15126598276080225
36,51,homework,congruent,✅,0.9207182274754309
36,51,obesity,incongruent,✅,0.00612689802102029
36,51,homework,incongruent,✅,0.061511623861417945
36,52,quiz,congruent,✅,0.948856487689536
36,52,commute,congruent,✅,0.9882474352319492
36,52,quiz,incongruent,✅,0.018463722601394363
36,52,commute,incongruent,✅,0.03211813154465188
36,53,migraine,congruent,✅,0.9581929123456415
36,53,excitement,congruent,✅,0.8849595541152437
36,53,migraine,incongruent,✅,0.002693712828513444
36,53,excitement,incongruent,❌,0.5961574649134797
36,54,niece,congruent,✅,0.7315329226964878
36,54,husband,congruent,✅,0.694959396450282
36,54,niece,incongruent,✅,0.1869432253821561
36,54,husband,incongruent,✅,0.20968720869630805
36,55,film,congruent,✅,0.9633732879103908
36,55,sunrise,congruent,✅,0.8110668029815359
36,55,film,incongruent,✅,0.12265752301457332
36,55,sunrise,incongruent,✅,0.071763660874884
36,56,lecture,congruent,✅,0.9930181526980474
36,56,banquet,congruent,❌,0.4655980661527328
36,56,lecture,incongruent,✅,0.001873385049404463
36,56,banquet,incongruent,✅,0.01619393313111805
36,57,drink,congruent,✅,0.9397449401277438
36,57,textbook,congruent,✅,0.6735163860751607
36,57,drink,incongruent,✅,0.009899473019458692
36,57,textbook,incongruent,✅,0.025687107005611345
36,58,pool,congruent,✅,0.9892713213737279
36,58,snow,congruent,✅,0.6075058936364873
36,58,pool,incongruent,✅,0.01245468423651999
36,58,snow,incongruent,✅,0.10561821729452305
36,59,passport,congruent,✅,0.9295596748572291
36,59,plushy,congruent,✅,0.7281938450261547
36,59,passport,incongruent,✅,0.01494675603791222
36,59,plushy,incongruent,✅,0.41342770736241835
36,6,patients,congruent,✅,0.9856727017543169
36,6,students,congruent,✅,0.9916338286026883
36,6,patients,incongruent,✅,0.020357947733869904
36,6,students,incongruent,✅,0.016983526783381272
36,60,sister,congruent,✅,0.6771997957947798
36,60,father,congruent,✅,0.981612769794127
36,60,sister,incongruent,✅,0.11393756399954034
36,60,father,incongruent,✅,0.03102902479524069
36,61,game,congruent,✅,0.9341396025175924
36,61,sunset,congruent,✅,0.9835405137391809
36,61,game,incongruent,✅,0.3771531264159419
36,61,sunset,incongruent,✅,0.07578534540764588
36,62,holidays,congruent,✅,0.9854800038134385
36,62,funeral,congruent,✅,0.9801710486862321
36,62,holidays,incongruent,✅,0.33996409548617323
36,62,funeral,incongruent,❌,0.7879482100359383
36,63,grades,congruent,✅,0.9309690104922276
36,63,affair,congruent,✅,0.8683335633464645
36,63,grades,incongruent,✅,0.09206875429988143
36,63,affair,incongruent,✅,0.060342298460927854
36,64,arrest,congruent,✅,0.9157012368385928
36,64,stroke,congruent,❌,0.34031788176781763
36,64,arrest,incongruent,✅,0.36231255411075236
36,64,stroke,incongruent,❌,0.5624884450102935
36,65,pacifier,congruent,✅,0.7171744788857038
36,65,coffee,congruent,✅,0.961872801905417
36,65,pacifier,incongruent,✅,0.05296494064454323
36,65,coffee,incongruent,✅,0.09312042175772586
36,66,sweets,congruent,✅,0.985014356652227
36,66,sentencing,congruent,✅,0.8954932970522268
36,66,sweets,incongruent,✅,0.0024496622119686493
36,66,sentencing,incongruent,✅,0.03728433411449381
36,67,nap,congruent,✅,0.9126889025602462
36,67,selfie,congruent,✅,0.9738391540830093
36,67,nap,incongruent,✅,0.10286118547224933
36,67,selfie,incongruent,✅,0.00945153084322123
36,68,diaper,congruent,✅,0.9881188949041319
36,68,tire,congruent,✅,0.9946084636017729
36,68,diaper,incongruent,✅,0.0071461914215268955
36,68,tire,incongruent,✅,0.008897511003250971
36,69,chemotherapy,congruent,✅,0.9457043995067381
36,69,golf,congruent,✅,0.996303350137059
36,69,chemotherapy,incongruent,✅,0.1915086539546008
36,69,golf,incongruent,❌,0.5080255708234074
36,7,consensus,congruent,❌,0.26040816383487675
36,7,deadlock,congruent,❌,0.4652047731801923
36,7,consensus,incongruent,✅,0.16690986990640672
36,7,deadlock,incongruent,✅,0.03560388114976242
36,70,thunder,congruent,✅,0.7615287613494123
36,70,lullaby,congruent,✅,0.808861328421898
36,70,thunder,incongruent,✅,0.2239885307657665
36,70,lullaby,incongruent,✅,0.06451166391849737
36,71,pajamas,congruent,✅,0.9718376589425756
36,71,uniform,congruent,✅,0.9838823125615934
36,71,pajamas,incongruent,✅,0.017998948142611812
36,71,uniform,incongruent,✅,0.028715697358583616
36,72,gown,congruent,✅,0.9934892478354167
36,72,sweats,congruent,✅,0.7851154386512968
36,72,gown,incongruent,✅,0.0056143641525978885
36,72,sweats,incongruent,✅,0.47341764881093806
36,73,deadline,congruent,✅,0.5248257222776284
36,73,bed,congruent,✅,0.9648877139189194
36,73,deadline,incongruent,✅,0.009855900604218953
36,73,bed,incongruent,✅,0.11961136101654257
36,74,kindergarten,congruent,✅,0.8562064734238714
36,74,jail,congruent,✅,0.703372879709964
36,74,kindergarten,incongruent,✅,0.0069248218573634505
36,74,jail,incongruent,✅,0.31381518065997777
36,75,interrogated,congruent,✅,0.9757925944136022
36,75,tickled,congruent,✅,0.7477988193114855
36,75,interrogated,incongruent,✅,0.4466015464917929
36,75,tickled,incongruent,✅,0.09042901587724925
36,76,sandcastle,congruent,✅,0.9760669671156506
36,76,snowman,congruent,✅,0.9931226305211137
36,76,sandcastle,incongruent,✅,0.2712937468073148
36,76,snowman,incongruent,✅,0.4491979834967461
36,77,music,congruent,✅,0.993930352851968
36,77,pizza,congruent,✅,0.9986532090347413
36,77,music,incongruent,✅,0.15726099688480688
36,77,pizza,incongruent,✅,0.007109850453613108
36,78,playoffs,congruent,❌,0.3122524226454421
36,78,cartoon,congruent,✅,0.9831563686629918
36,78,playoffs,incongruent,✅,0.00405529131959053
36,78,cartoon,incongruent,✅,0.01673366219554793
36,79,alcoholism,congruent,✅,0.9254290553433989
36,79,academics,congruent,✅,0.9796525946800223
36,79,alcoholism,incongruent,✅,0.37179740145831774
36,79,academics,incongruent,✅,0.25414643535958975
36,8,engagement,congruent,✅,0.8692967134869232
36,8,cancer,congruent,❌,0.3406810890303382
36,8,engagement,incongruent,✅,0.4912899505020393
36,8,cancer,incongruent,✅,0.3794484310343783
36,9,terminal,congruent,✅,0.968301002767472
36,9,classroom,congruent,✅,0.9518695290876914
36,9,terminal,incongruent,✅,0.05153321389069057
36,9,classroom,incongruent,✅,0.11288567357027679
37,0,library,congruent,✅,0.9206090888731363
37,0,refrigerator,congruent,✅,0.5215411969128653
37,0,library,incongruent,✅,0.04860008018901437
37,0,refrigerator,incongruent,✅,0.02830070973378053
37,1,disappointment,congruent,✅,0.8489558879423679
37,1,delight,congruent,✅,0.8092004413723384
37,1,disappointment,incongruent,✅,0.11071196823634988
37,1,delight,incongruent,❌,0.7054745042632093
37,10,cash,congruent,✅,0.9845015040991875
37,10,groceries,congruent,✅,0.6536928678484367
37,10,cash,incongruent,✅,0.039702703106305096
37,10,groceries,incongruent,✅,0.04689961876043797
37,11,lonely,congruent,✅,0.9656162404543986
37,11,confident,congruent,✅,0.6974626249876806
37,11,lonely,incongruent,✅,0.08152519827096175
37,11,confident,incongruent,❌,0.7008176543263946
37,12,joy,congruent,✅,0.9901878152020601
37,12,outrage,congruent,❌,0.4048999518889875
37,12,joy,incongruent,✅,0.1089862608355902
37,12,outrage,incongruent,❌,0.8457081467862716
37,13,traffic,congruent,✅,0.9893823981043677
37,13,snowstorm,congruent,✅,0.9692943099110803
37,13,traffic,incongruent,❌,0.5483779415369644
37,13,snowstorm,incongruent,✅,0.4571891402130679
37,14,laughter,congruent,✅,0.9330934608523301
37,14,frustration,congruent,✅,0.9137866832634891
37,14,laughter,incongruent,✅,0.14368994929995813
37,14,frustration,incongruent,✅,0.34436260605909635
37,15,calculator,congruent,❌,0.18050932829815716
37,15,instrument,congruent,✅,0.9255606300660195
37,15,calculator,incongruent,✅,0.009916385207631676
37,15,instrument,incongruent,✅,0.09448451597179983
37,16,orchestra,congruent,✅,0.894678006885537
37,16,racers,congruent,✅,0.9154597732068099
37,16,orchestra,incongruent,✅,0.257065469774076
37,16,racers,incongruent,✅,0.06771940014664515
37,17,retirement,congruent,✅,0.6428054934666786
37,17,playdate,congruent,✅,0.8967703662758948
37,17,retirement,incongruent,✅,0.11594954948621448
37,17,playdate,incongruent,✅,0.03418815226928494
37,18,relieved,congruent,✅,0.5805403206899192
37,18,depressed,congruent,❌,0.1132365248448372
37,18,relieved,incongruent,✅,0.026858676066752227
37,18,depressed,incongruent,✅,0.32190189925058715
37,19,friends,congruent,✅,0.5623696954890071
37,19,weight,congruent,✅,0.9492580176567819
37,19,friends,incongruent,❌,0.7873706106101601
37,19,weight,incongruent,✅,0.13806850032166904
37,2,overcoat,congruent,✅,0.593357005863892
37,2,sandals,congruent,❌,0.4152851294431218
37,2,overcoat,incongruent,✅,0.10550743375963069
37,2,sandals,incongruent,✅,0.13167268367155485
37,20,lipstick,congruent,✅,0.8299011534705051
37,20,song,congruent,✅,0.9909356793458409
37,20,lipstick,incongruent,❌,0.6659167322433305
37,20,song,incongruent,✅,0.3019171520810328
37,21,fought,congruent,✅,0.9540144860684041
37,21,sang,congruent,✅,0.5274757656242969
37,21,fought,incongruent,✅,0.010346028119509522
37,21,sang,incongruent,✅,0.022477711112269465
37,22,skeptical,congruent,✅,0.5948843415280347
37,22,reassured,congruent,✅,0.6559669314851299
37,22,skeptical,incongruent,✅,0.34510815205850365
37,22,reassured,incongruent,✅,0.3531937078059731
37,23,graduation,congruent,✅,0.9925223853399627
37,23,operation,congruent,✅,0.9259865900876324
37,23,graduation,incongruent,✅,0.23140544382448383
37,23,operation,incongruent,✅,0.14874860529013836
37,24,bride,congruent,✅,0.752006677990761
37,24,aftermath,congruent,✅,0.959229812850402
37,24,bride,incongruent,✅,0.018604147443842582
37,24,aftermath,incongruent,✅,0.01927570847751411
37,25,teacher,congruent,✅,0.9485469574277883
37,25,daughter,congruent,✅,0.9608492676388015
37,25,teacher,incongruent,❌,0.7076381034209621
37,25,daughter,incongruent,✅,0.14904967387245
37,26,roommate,congruent,✅,0.8646538924745909
37,26,grandma,congruent,✅,0.9337417766177851
37,26,roommate,incongruent,✅,0.0284183771481215
37,26,grandma,incongruent,✅,0.005173116812096486
37,27,brother,congruent,✅,0.9259885879710013
37,27,mother,congruent,✅,0.8804759134917496
37,27,brother,incongruent,✅,0.09333228884173488
37,27,mother,incongruent,✅,0.27506453150513543
37,28,preschool,congruent,✅,0.5664305363366249
37,28,prison,congruent,✅,0.8983795930543462
37,28,preschool,incongruent,✅,0.037256287298243276
37,28,prison,incongruent,✅,0.01699301246658302
37,29,hopeful,congruent,✅,0.5892131942015142
37,29,hopeless,congruent,✅,0.7776683401403721
37,29,hopeful,incongruent,✅,0.20271047767476713
37,29,hopeless,incongruent,✅,0.185675845609775
37,3,marathon,congruent,✅,0.9183746489501106
37,3,exam,congruent,✅,0.9337875205337085
37,3,marathon,incongruent,✅,0.11212903153768024
37,3,exam,incongruent,✅,0.046358045031532465
37,30,appalled,congruent,❌,0.23495534047940905
37,30,overjoyed,congruent,❌,0.47044533744970113
37,30,appalled,incongruent,✅,0.04467586017571768
37,30,overjoyed,incongruent,✅,0.046351767671556264
37,31,reprimand,congruent,✅,0.8155953390331038
37,31,encouragement,congruent,✅,0.8839195609768424
37,31,reprimand,incongruent,✅,0.13709658379936993
37,31,encouragement,incongruent,✅,0.2705056735929397
37,32,angrily,congruent,✅,0.9464321642478889
37,32,cordially,congruent,✅,0.872453765290343
37,32,angrily,incongruent,✅,0.08137384243530663
37,32,cordially,incongruent,✅,0.27599997866608206
37,33,accusatory,congruent,✅,0.7589290039964706
37,33,flirtatious,congruent,✅,0.8233805569628917
37,33,accusatory,incongruent,✅,0.4580525698775256
37,33,flirtatious,incongruent,✅,0.1709991514781169
37,34,disapprovingly,congruent,✅,0.9327113427657839
37,34,lovingly,congruent,❌,0.49849441106145065
37,34,disapprovingly,incongruent,✅,0.07565080669029652
37,34,lovingly,incongruent,❌,0.6815887837466251
37,35,playful,congruent,✅,0.9271901121137461
37,35,distant,congruent,✅,0.5913888341357978
37,35,playful,incongruent,✅,0.1910886407793803
37,35,distant,incongruent,✅,0.3691854675597332
37,36,headphones,congruent,✅,0.7052245143662608
37,36,mangoes,congruent,✅,0.7926089961748933
37,36,headphones,incongruent,✅,0.3426114304207292
37,36,mangoes,incongruent,✅,0.07590254781110417
37,37,playroom,congruent,✅,0.9826160202458919
37,37,park,congruent,✅,0.9891340525951595
37,37,playroom,incongruent,✅,0.05257003095427005
37,37,park,incongruent,✅,0.15441656530864079
37,38,bedroom,congruent,✅,0.9456321640699037
37,38,backyard,congruent,✅,0.9294301674334947
37,38,bedroom,incongruent,✅,0.06367955376535898
37,38,backyard,incongruent,✅,0.0033542907742915695
37,39,solemnly,congruent,❌,0.3762284797031468
37,39,excitedly,congruent,✅,0.8665419181644978
37,39,solemnly,incongruent,✅,0.2683674834795713
37,39,excitedly,incongruent,✅,0.019896702684840287
37,4,menu,congruent,✅,0.9196856810548585
37,4,prescription,congruent,✅,0.926194063259002
37,4,menu,incongruent,✅,0.020599659887320515
37,4,prescription,incongruent,✅,0.1391375674312558
37,40,car,congruent,✅,0.8078328679411273
37,40,sock,congruent,❌,0.15732685832885251
37,40,car,incongruent,✅,0.07104671916538251
37,40,sock,incongruent,✅,0.0633972590219562
37,41,overdressed,congruent,✅,0.9707333384665194
37,41,naked,congruent,❌,0.4368195702975688
37,41,overdressed,incongruent,✅,0.023550241724921272
37,41,naked,incongruent,✅,0.20269167973217328
37,42,shy,congruent,❌,0.45082761317551096
37,42,lively,congruent,✅,0.7510891315295286
37,42,shy,incongruent,✅,0.12688223496726633
37,42,lively,incongruent,✅,0.2078184637781265
37,43,offended,congruent,✅,0.7628698805420882
37,43,flattered,congruent,✅,0.7133219906580394
37,43,offended,incongruent,✅,0.4519200066198457
37,43,flattered,incongruent,❌,0.7060765048804679
37,44,grandkid,congruent,✅,0.860058826248286
37,44,cellmate,congruent,✅,0.9929375613541217
37,44,grandkid,incongruent,✅,0.4236309306174872
37,44,cellmate,incongruent,✅,0.19269332647224846
37,45,promoted,congruent,✅,0.9295914041285313
37,45,fired,congruent,✅,0.9555738049875928
37,45,promoted,incongruent,✅,0.47807528399282634
37,45,fired,incongruent,❌,0.7215379286501262
37,46,shooting,congruent,❌,0.1887170799207982
37,46,celebration,congruent,❌,0.09735556163114857
37,46,shooting,incongruent,✅,0.04739889824022081
37,46,celebration,incongruent,✅,0.013143755938272222
37,47,crayon,congruent,✅,0.8360568961953508
37,47,beer,congruent,✅,0.960010793623335
37,47,crayon,incongruent,✅,0.03708609853324064
37,47,beer,incongruent,✅,0.018514733290695775
37,48,waiter,congruent,✅,0.9011063145696309
37,48,taxi,congruent,✅,0.8858684969531546
37,48,waiter,incongruent,❌,0.5436399015608531
37,48,taxi,incongruent,✅,0.14436936574691658
37,49,parents,congruent,✅,0.9708142369831501
37,49,keys,congruent,✅,0.9449231745453872
37,49,parents,incongruent,✅,0.3899166736314517
37,49,keys,incongruent,✅,0.12987052557234038
37,5,distress,congruent,✅,0.8576965835368211
37,5,tranquility,congruent,✅,0.9125630018937065
37,5,distress,incongruent,✅,0.08047746731959983
37,5,tranquility,incongruent,✅,0.18422230312490798
37,50,sofa,congruent,✅,0.975277364870317
37,50,sky,congruent,✅,0.9379899907778251
37,50,sofa,incongruent,✅,0.03069247414027208
37,50,sky,incongruent,✅,0.24510810580830014
37,51,obesity,congruent,❌,0.25258155757354406
37,51,homework,congruent,✅,0.9589522466215773
37,51,obesity,incongruent,✅,0.01440481495218884
37,51,homework,incongruent,✅,0.12132311648844481
37,52,quiz,congruent,✅,0.9405454341562179
37,52,commute,congruent,✅,0.9881334683049665
37,52,quiz,incongruent,✅,0.02169605244869308
37,52,commute,incongruent,✅,0.02937689192046516
37,53,migraine,congruent,✅,0.9644782590338337
37,53,excitement,congruent,✅,0.8737880611190357
37,53,migraine,incongruent,✅,0.0030401524776737993
37,53,excitement,incongruent,❌,0.6210751369360583
37,54,niece,congruent,✅,0.7354208431649862
37,54,husband,congruent,✅,0.6666745318336476
37,54,niece,incongruent,✅,0.2210484040207068
37,54,husband,incongruent,✅,0.22258292841038516
37,55,film,congruent,✅,0.930248497552507
37,55,sunrise,congruent,✅,0.7673904938792185
37,55,film,incongruent,✅,0.09723388862518212
37,55,sunrise,incongruent,✅,0.05866083572679161
37,56,lecture,congruent,✅,0.9901468721635521
37,56,banquet,congruent,❌,0.3909274898778125
37,56,lecture,incongruent,✅,0.0017367894477170762
37,56,banquet,incongruent,✅,0.015790620081301457
37,57,drink,congruent,✅,0.942908005821743
37,57,textbook,congruent,✅,0.6857294519739362
37,57,drink,incongruent,✅,0.014099141228259166
37,57,textbook,incongruent,✅,0.024164229255868454
37,58,pool,congruent,✅,0.9882802890784714
37,58,snow,congruent,✅,0.6528745797078059
37,58,pool,incongruent,✅,0.01652512522514464
37,58,snow,incongruent,✅,0.1061034852094542
37,59,passport,congruent,✅,0.9024071786227927
37,59,plushy,congruent,✅,0.5980769175570256
37,59,passport,incongruent,✅,0.010079974305143602
37,59,plushy,incongruent,✅,0.33504446019063855
37,6,patients,congruent,✅,0.9871753996040116
37,6,students,congruent,✅,0.9920653149205629
37,6,patients,incongruent,✅,0.025455347820846744
37,6,students,incongruent,✅,0.01587710462777729
37,60,sister,congruent,✅,0.6845043097345994
37,60,father,congruent,✅,0.9769051752382856
37,60,sister,incongruent,✅,0.1105642104169583
37,60,father,incongruent,✅,0.034831135704911975
37,61,game,congruent,✅,0.9166800744006114
37,61,sunset,congruent,✅,0.9770960267906835
37,61,game,incongruent,✅,0.3538197796335957
37,61,sunset,incongruent,✅,0.07548480898171986
37,62,holidays,congruent,✅,0.9860779234039523
37,62,funeral,congruent,✅,0.9738887322338917
37,62,holidays,incongruent,✅,0.28862504898160485
37,62,funeral,incongruent,❌,0.793807861927495
37,63,grades,congruent,✅,0.9323975985143013
37,63,affair,congruent,✅,0.8991465423957664
37,63,grades,incongruent,✅,0.12750001813482997
37,63,affair,incongruent,✅,0.06478967433271035
37,64,arrest,congruent,✅,0.8333149586812691
37,64,stroke,congruent,❌,0.4256124097048086
37,64,arrest,incongruent,✅,0.48127349251121554
37,64,stroke,incongruent,✅,0.3781227345547892
37,65,pacifier,congruent,✅,0.8067519041483076
37,65,coffee,congruent,✅,0.9667393895421502
37,65,pacifier,incongruent,✅,0.06874829523203811
37,65,coffee,incongruent,✅,0.10040295429231966
37,66,sweets,congruent,✅,0.9725228697622493
37,66,sentencing,congruent,✅,0.9030642182012475
37,66,sweets,incongruent,✅,0.003166639805297445
37,66,sentencing,incongruent,✅,0.023309412073888865
37,67,nap,congruent,✅,0.9190351968159549
37,67,selfie,congruent,✅,0.9798989944216656
37,67,nap,incongruent,✅,0.16751291298732573
37,67,selfie,incongruent,✅,0.012178974784192269
37,68,diaper,congruent,✅,0.9876972833551613
37,68,tire,congruent,✅,0.9939365931125428
37,68,diaper,incongruent,✅,0.00699711301753708
37,68,tire,incongruent,✅,0.015051332624497836
37,69,chemotherapy,congruent,✅,0.9646742534517452
37,69,golf,congruent,✅,0.9959236850707958
37,69,chemotherapy,incongruent,✅,0.13549850068807426
37,69,golf,incongruent,❌,0.6217977474881305
37,7,consensus,congruent,❌,0.27394524995076547
37,7,deadlock,congruent,❌,0.48223302776364996
37,7,consensus,incongruent,✅,0.2160860714520274
37,7,deadlock,incongruent,✅,0.04648939866746913
37,70,thunder,congruent,✅,0.7359109098809336
37,70,lullaby,congruent,✅,0.7493348173887122
37,70,thunder,incongruent,✅,0.14281520700489386
37,70,lullaby,incongruent,✅,0.048658987194731766
37,71,pajamas,congruent,✅,0.9699707778209691
37,71,uniform,congruent,✅,0.9850729166112892
37,71,pajamas,incongruent,✅,0.025119604893424543
37,71,uniform,incongruent,✅,0.02624635970160764
37,72,gown,congruent,✅,0.9945913263571746
37,72,sweats,congruent,✅,0.8464924769597116
37,72,gown,incongruent,✅,0.011855140761448443
37,72,sweats,incongruent,❌,0.5600185199247354
37,73,deadline,congruent,✅,0.520496686565061
37,73,bed,congruent,✅,0.977136833118643
37,73,deadline,incongruent,✅,0.017976733558770178
37,73,bed,incongruent,✅,0.12355940938412012
37,74,kindergarten,congruent,✅,0.8958839234648492
37,74,jail,congruent,✅,0.762390797921592
37,74,kindergarten,incongruent,✅,0.014624035451383022
37,74,jail,incongruent,✅,0.4474945277812325
37,75,interrogated,congruent,✅,0.981567036955021
37,75,tickled,congruent,✅,0.860329354766939
37,75,interrogated,incongruent,❌,0.6505054360782754
37,75,tickled,incongruent,✅,0.14087030064953474
37,76,sandcastle,congruent,✅,0.9829796081404282
37,76,snowman,congruent,✅,0.9943332142435727
37,76,sandcastle,incongruent,✅,0.29129296771590746
37,76,snowman,incongruent,❌,0.5326006794593192
37,77,music,congruent,✅,0.9953528224208703
37,77,pizza,congruent,✅,0.9992107147157996
37,77,music,incongruent,✅,0.18899300507973282
37,77,pizza,incongruent,✅,0.011288626288672029
37,78,playoffs,congruent,❌,0.23578697010669197
37,78,cartoon,congruent,✅,0.9875492900010234
37,78,playoffs,incongruent,✅,0.005425801672497642
37,78,cartoon,incongruent,✅,0.01255470441642419
37,79,alcoholism,congruent,✅,0.9328019767303453
37,79,academics,congruent,✅,0.9749482665892264
37,79,alcoholism,incongruent,✅,0.39569732757140563
37,79,academics,incongruent,✅,0.3227400605101527
37,8,engagement,congruent,✅,0.90383616679384
37,8,cancer,congruent,❌,0.3264667924687
37,8,engagement,incongruent,✅,0.48461704504285125
37,8,cancer,incongruent,✅,0.479213233979984
37,9,terminal,congruent,✅,0.9592279693788451
37,9,classroom,congruent,✅,0.952909141503506
37,9,terminal,incongruent,✅,0.05634911649613683
37,9,classroom,incongruent,✅,0.08761851214851368
38,0,library,congruent,✅,0.926564031219699
38,0,refrigerator,congruent,✅,0.6467095919188125
38,0,library,incongruent,✅,0.09703402287322177
38,0,refrigerator,incongruent,✅,0.03937758293165659
38,1,disappointment,congruent,✅,0.8595013100328917
38,1,delight,congruent,✅,0.7525012470355634
38,1,disappointment,incongruent,✅,0.0920641218787341
38,1,delight,incongruent,❌,0.7620516420786113
38,10,cash,congruent,✅,0.9765379458507516
38,10,groceries,congruent,❌,0.46798272751130093
38,10,cash,incongruent,✅,0.024236341946947324
38,10,groceries,incongruent,✅,0.01632216976024687
38,11,lonely,congruent,✅,0.9682794243561961
38,11,confident,congruent,✅,0.7790618066002932
38,11,lonely,incongruent,✅,0.13327764500999145
38,11,confident,incongruent,❌,0.7483888422579204
38,12,joy,congruent,✅,0.9893017571776338
38,12,outrage,congruent,❌,0.3883103173435889
38,12,joy,incongruent,✅,0.14713479465752918
38,12,outrage,incongruent,❌,0.8011857919873062
38,13,traffic,congruent,✅,0.9900789921663956
38,13,snowstorm,congruent,✅,0.9653716141853529
38,13,traffic,incongruent,❌,0.5543256408480981
38,13,snowstorm,incongruent,❌,0.5701929543886577
38,14,laughter,congruent,✅,0.9513931869103861
38,14,frustration,congruent,✅,0.897189913854414
38,14,laughter,incongruent,✅,0.14466409520710005
38,14,frustration,incongruent,✅,0.3943822505775326
38,15,calculator,congruent,❌,0.11231644355187868
38,15,instrument,congruent,✅,0.8425430657809108
38,15,calculator,incongruent,✅,0.005184185426643715
38,15,instrument,incongruent,✅,0.04768538136999103
38,16,orchestra,congruent,✅,0.9301434011698909
38,16,racers,congruent,✅,0.8800095308941844
38,16,orchestra,incongruent,✅,0.27616754169539226
38,16,racers,incongruent,✅,0.09886626099901857
38,17,retirement,congruent,✅,0.6304263619661045
38,17,playdate,congruent,✅,0.8491356899914934
38,17,retirement,incongruent,✅,0.09998585930221648
38,17,playdate,incongruent,✅,0.03488353914975687
38,18,relieved,congruent,✅,0.6013153618836223
38,18,depressed,congruent,❌,0.17393370689350032
38,18,relieved,incongruent,✅,0.04930865409138591
38,18,depressed,incongruent,✅,0.3444942371589896
38,19,friends,congruent,✅,0.743228449861724
38,19,weight,congruent,✅,0.9603671110363102
38,19,friends,incongruent,❌,0.8514876220412853
38,19,weight,incongruent,✅,0.2828544939430516
38,2,overcoat,congruent,✅,0.7109564757622079
38,2,sandals,congruent,❌,0.2700715471421165
38,2,overcoat,incongruent,✅,0.06894124191464396
38,2,sandals,incongruent,✅,0.21099112859099872
38,20,lipstick,congruent,✅,0.8773758271925323
38,20,song,congruent,✅,0.994595288176459
38,20,lipstick,incongruent,❌,0.8183245563732938
38,20,song,incongruent,✅,0.42233346094637303
38,21,fought,congruent,✅,0.9564436375126445
38,21,sang,congruent,✅,0.5610559851161137
38,21,fought,incongruent,✅,0.013040634359282117
38,21,sang,incongruent,✅,0.039787500533595484
38,22,skeptical,congruent,✅,0.6952720172861127
38,22,reassured,congruent,✅,0.6005399983320902
38,22,skeptical,incongruent,✅,0.3152985417455546
38,22,reassured,incongruent,✅,0.45845307687537984
38,23,graduation,congruent,✅,0.9890499926135902
38,23,operation,congruent,✅,0.9651943346358773
38,23,graduation,incongruent,✅,0.47220214644651987
38,23,operation,incongruent,✅,0.1254878988792043
38,24,bride,congruent,✅,0.610988464256619
38,24,aftermath,congruent,✅,0.9499527145549655
38,24,bride,incongruent,✅,0.018742060215496795
38,24,aftermath,incongruent,✅,0.020041417760385278
38,25,teacher,congruent,✅,0.9407852138431196
38,25,daughter,congruent,✅,0.9587978219622167
38,25,teacher,incongruent,❌,0.7128769326972687
38,25,daughter,incongruent,✅,0.17715472039075023
38,26,roommate,congruent,✅,0.8560634475456076
38,26,grandma,congruent,✅,0.9131557553361562
38,26,roommate,incongruent,✅,0.03660573897672587
38,26,grandma,incongruent,✅,0.007489199007875672
38,27,brother,congruent,✅,0.9290462863078272
38,27,mother,congruent,✅,0.8847747590279689
38,27,brother,incongruent,✅,0.12800513669359265
38,27,mother,incongruent,✅,0.2762840307349838
38,28,preschool,congruent,❌,0.47319381268066973
38,28,prison,congruent,✅,0.8871709307017812
38,28,preschool,incongruent,✅,0.042728067030631194
38,28,prison,incongruent,✅,0.014137601009359037
38,29,hopeful,congruent,✅,0.5641356768554406
38,29,hopeless,congruent,✅,0.5554866927767428
38,29,hopeful,incongruent,✅,0.09532193314699991
38,29,hopeless,incongruent,✅,0.20484811195677902
38,3,marathon,congruent,✅,0.9103417237843183
38,3,exam,congruent,✅,0.9013639276722066
38,3,marathon,incongruent,✅,0.0854206063742619
38,3,exam,incongruent,✅,0.055881386899975946
38,30,appalled,congruent,❌,0.25715594588989016
38,30,overjoyed,congruent,❌,0.3906578784591272
38,30,appalled,incongruent,✅,0.03745471741085331
38,30,overjoyed,incongruent,✅,0.06131814728134374
38,31,reprimand,congruent,✅,0.5910951042867142
38,31,encouragement,congruent,✅,0.854095471556214
38,31,reprimand,incongruent,✅,0.1214253723501668
38,31,encouragement,incongruent,✅,0.15446630586353505
38,32,angrily,congruent,✅,0.9076633749699765
38,32,cordially,congruent,✅,0.7908275697464875
38,32,angrily,incongruent,✅,0.07083089193344558
38,32,cordially,incongruent,✅,0.18006950151765205
38,33,accusatory,congruent,✅,0.778894351885367
38,33,flirtatious,congruent,✅,0.8629287397483548
38,33,accusatory,incongruent,❌,0.5711183163460631
38,33,flirtatious,incongruent,✅,0.2129827702196147
38,34,disapprovingly,congruent,✅,0.9512692449903494
38,34,lovingly,congruent,❌,0.33286720463823477
38,34,disapprovingly,incongruent,✅,0.04918621710548437
38,34,lovingly,incongruent,❌,0.7354875280679599
38,35,playful,congruent,✅,0.9386208945903657
38,35,distant,congruent,❌,0.38186538150551963
38,35,playful,incongruent,✅,0.11061922910090342
38,35,distant,incongruent,✅,0.4942401780779403
38,36,headphones,congruent,✅,0.7238552623907846
38,36,mangoes,congruent,✅,0.8779485168825142
38,36,headphones,incongruent,❌,0.5188995840591424
38,36,mangoes,incongruent,✅,0.1174173729979998
38,37,playroom,congruent,✅,0.9731101582046339
38,37,park,congruent,✅,0.9813117541334337
38,37,playroom,incongruent,✅,0.04947400870735374
38,37,park,incongruent,✅,0.15688505094691477
38,38,bedroom,congruent,✅,0.9458178851024929
38,38,backyard,congruent,✅,0.924870618025849
38,38,bedroom,incongruent,✅,0.07758453768841987
38,38,backyard,incongruent,✅,0.005287854542262149
38,39,solemnly,congruent,❌,0.4132474843004155
38,39,excitedly,congruent,✅,0.8662472039591441
38,39,solemnly,incongruent,✅,0.31143074004754484
38,39,excitedly,incongruent,✅,0.025510997329131483
38,4,menu,congruent,✅,0.8799918198510102
38,4,prescription,congruent,✅,0.947820104387185
38,4,menu,incongruent,✅,0.043250509537232314
38,4,prescription,incongruent,✅,0.12961977822127208
38,40,car,congruent,✅,0.767744810735252
38,40,sock,congruent,❌,0.1376902993052248
38,40,car,incongruent,✅,0.06633907128029191
38,40,sock,incongruent,✅,0.0585999610737762
38,41,overdressed,congruent,✅,0.9744296212552315
38,41,naked,congruent,❌,0.49180002938679424
38,41,overdressed,incongruent,✅,0.04062269251601802
38,41,naked,incongruent,✅,0.27076660047965845
38,42,shy,congruent,❌,0.4129158131910212
38,42,lively,congruent,✅,0.8460555780041252
38,42,shy,incongruent,✅,0.23049585848809884
38,42,lively,incongruent,✅,0.1681325427041275
38,43,offended,congruent,✅,0.7639764804583311
38,43,flattered,congruent,✅,0.6586650449983784
38,43,offended,incongruent,✅,0.4044765253912671
38,43,flattered,incongruent,❌,0.7000880355218503
38,44,grandkid,congruent,✅,0.896794871570153
38,44,cellmate,congruent,✅,0.9891892745748112
38,44,grandkid,incongruent,✅,0.48033013886075404
38,44,cellmate,incongruent,✅,0.2883527551199436
38,45,promoted,congruent,✅,0.9312884520952927
38,45,fired,congruent,✅,0.9371332389974579
38,45,promoted,incongruent,✅,0.4637979635723052
38,45,fired,incongruent,❌,0.804771489296067
38,46,shooting,congruent,❌,0.2143735721754156
38,46,celebration,congruent,❌,0.12572644280086762
38,46,shooting,incongruent,✅,0.06235248110545273
38,46,celebration,incongruent,✅,0.020469836739288517
38,47,crayon,congruent,✅,0.7800354121152081
38,47,beer,congruent,✅,0.9301227053384392
38,47,crayon,incongruent,✅,0.02882353463895348
38,47,beer,incongruent,✅,0.021115920595294733
38,48,waiter,congruent,✅,0.838357074627606
38,48,taxi,congruent,✅,0.8546335767503427
38,48,waiter,incongruent,❌,0.5682421047476663
38,48,taxi,incongruent,✅,0.14671448840714454
38,49,parents,congruent,✅,0.9627783369347095
38,49,keys,congruent,✅,0.9413044597496024
38,49,parents,incongruent,✅,0.4124925010311637
38,49,keys,incongruent,✅,0.10147390392356136
38,5,distress,congruent,✅,0.8796450091942399
38,5,tranquility,congruent,✅,0.9073425454535776
38,5,distress,incongruent,✅,0.11306772878335905
38,5,tranquility,incongruent,✅,0.2458416159311218
38,50,sofa,congruent,✅,0.9637697207142011
38,50,sky,congruent,✅,0.9667882332241012
38,50,sofa,incongruent,✅,0.04361824276222348
38,50,sky,incongruent,✅,0.1958015877054867
38,51,obesity,congruent,❌,0.2360144325670521
38,51,homework,congruent,✅,0.9586084333250465
38,51,obesity,incongruent,✅,0.017099441390187837
38,51,homework,incongruent,✅,0.1260484175738325
38,52,quiz,congruent,✅,0.952447030113592
38,52,commute,congruent,✅,0.9912792885559383
38,52,quiz,incongruent,✅,0.05124525546377052
38,52,commute,incongruent,✅,0.0490943689183139
38,53,migraine,congruent,✅,0.9787961796529564
38,53,excitement,congruent,✅,0.919794939594904
38,53,migraine,incongruent,✅,0.006394093171830897
38,53,excitement,incongruent,❌,0.7546019865078716
38,54,niece,congruent,✅,0.7486620221001865
38,54,husband,congruent,✅,0.7124276281605761
38,54,niece,incongruent,✅,0.2745938309922842
38,54,husband,incongruent,✅,0.2652172301044873
38,55,film,congruent,✅,0.9265451352639232
38,55,sunrise,congruent,✅,0.7591800265965847
38,55,film,incongruent,✅,0.12973865727049616
38,55,sunrise,incongruent,✅,0.09080577269219585
38,56,lecture,congruent,✅,0.9872713660954978
38,56,banquet,congruent,✅,0.5495574296930608
38,56,lecture,incongruent,✅,0.005583328516243591
38,56,banquet,incongruent,✅,0.031057140828485343
38,57,drink,congruent,✅,0.9539263878821792
38,57,textbook,congruent,✅,0.7174007281227667
38,57,drink,incongruent,✅,0.016753206914726943
38,57,textbook,incongruent,✅,0.030245506812086636
38,58,pool,congruent,✅,0.9887212831097721
38,58,snow,congruent,✅,0.5745127323273381
38,58,pool,incongruent,✅,0.023771583897688662
38,58,snow,incongruent,✅,0.1202901445310297
38,59,passport,congruent,✅,0.9184910367146409
38,59,plushy,congruent,✅,0.6383530058345
38,59,passport,incongruent,✅,0.018103175678217853
38,59,plushy,incongruent,✅,0.4208046664580202
38,6,patients,congruent,✅,0.965356504951737
38,6,students,congruent,✅,0.9936676893765306
38,6,patients,incongruent,✅,0.042717977239791975
38,6,students,incongruent,✅,0.006434554844414804
38,60,sister,congruent,✅,0.6166175770064265
38,60,father,congruent,✅,0.9762384523288024
38,60,sister,incongruent,✅,0.14261243049684025
38,60,father,incongruent,✅,0.022319842194373437
38,61,game,congruent,✅,0.9437588047312786
38,61,sunset,congruent,✅,0.9717782437635482
38,61,game,incongruent,✅,0.3657587800353926
38,61,sunset,incongruent,✅,0.14387750974315466
38,62,holidays,congruent,✅,0.9656900865445638
38,62,funeral,congruent,✅,0.9721581915958835
38,62,holidays,incongruent,✅,0.3315118324580584
38,62,funeral,incongruent,❌,0.5781094300626645
38,63,grades,congruent,✅,0.9443287708075957
38,63,affair,congruent,✅,0.9134535724109498
38,63,grades,incongruent,✅,0.1666052167602098
38,63,affair,incongruent,✅,0.0886905705854938
38,64,arrest,congruent,✅,0.8165866916005505
38,64,stroke,congruent,✅,0.5625382303677608
38,64,arrest,incongruent,❌,0.6046995133584958
38,64,stroke,incongruent,✅,0.38375571779340695
38,65,pacifier,congruent,✅,0.8124556748749218
38,65,coffee,congruent,✅,0.9668524207380442
38,65,pacifier,incongruent,✅,0.0983077644923993
38,65,coffee,incongruent,✅,0.07169872538514738
38,66,sweets,congruent,✅,0.9566179465384061
38,66,sentencing,congruent,✅,0.8683077005187334
38,66,sweets,incongruent,✅,0.00371199648729539
38,66,sentencing,incongruent,✅,0.021083558846593402
38,67,nap,congruent,✅,0.8820040769262738
38,67,selfie,congruent,✅,0.9790488385680122
38,67,nap,incongruent,✅,0.16981360033774673
38,67,selfie,incongruent,✅,0.009250903415146297
38,68,diaper,congruent,✅,0.9882010276482642
38,68,tire,congruent,✅,0.9900742667106351
38,68,diaper,incongruent,✅,0.006597740186210268
38,68,tire,incongruent,✅,0.025278552782061297
38,69,chemotherapy,congruent,✅,0.9580736775969154
38,69,golf,congruent,✅,0.98460704382481
38,69,chemotherapy,incongruent,✅,0.06373277923517424
38,69,golf,incongruent,❌,0.6129856990773511
38,7,consensus,congruent,❌,0.3329672039380644
38,7,deadlock,congruent,❌,0.38916911173644025
38,7,consensus,incongruent,✅,0.1743430587792153
38,7,deadlock,incongruent,✅,0.0679548341774097
38,70,thunder,congruent,✅,0.7556783510973363
38,70,lullaby,congruent,✅,0.7485894433300074
38,70,thunder,incongruent,✅,0.174690876930669
38,70,lullaby,incongruent,✅,0.08599245033356802
38,71,pajamas,congruent,✅,0.9428432141826811
38,71,uniform,congruent,✅,0.9810839593560453
38,71,pajamas,incongruent,✅,0.02032435069196435
38,71,uniform,incongruent,✅,0.017296944805210525
38,72,gown,congruent,✅,0.9913622390833298
38,72,sweats,congruent,✅,0.624811777152933
38,72,gown,incongruent,✅,0.003021594108268252
38,72,sweats,incongruent,❌,0.5179894160100373
38,73,deadline,congruent,✅,0.6805635516837545
38,73,bed,congruent,✅,0.977662226321214
38,73,deadline,incongruent,✅,0.014660416331782385
38,73,bed,incongruent,✅,0.21416275201645185
38,74,kindergarten,congruent,✅,0.8643994569658575
38,74,jail,congruent,✅,0.7712367501896058
38,74,kindergarten,incongruent,✅,0.01937984325161099
38,74,jail,incongruent,✅,0.384888036708744
38,75,interrogated,congruent,✅,0.966548385175411
38,75,tickled,congruent,✅,0.7485647514529109
38,75,interrogated,incongruent,✅,0.49055794212817194
38,75,tickled,incongruent,✅,0.13475178675354504
38,76,sandcastle,congruent,✅,0.980844337367609
38,76,snowman,congruent,✅,0.9828477119064699
38,76,sandcastle,incongruent,✅,0.16840678368266007
38,76,snowman,incongruent,❌,0.5034946238493775
38,77,music,congruent,✅,0.995147971614124
38,77,pizza,congruent,✅,0.9976830247257475
38,77,music,incongruent,✅,0.12710395553373607
38,77,pizza,incongruent,✅,0.015120484675801335
38,78,playoffs,congruent,❌,0.2696488618893645
38,78,cartoon,congruent,✅,0.9809014186477242
38,78,playoffs,incongruent,✅,0.006259163146910465
38,78,cartoon,incongruent,✅,0.020077084032359402
38,79,alcoholism,congruent,✅,0.9174254920437803
38,79,academics,congruent,✅,0.9711117481527971
38,79,alcoholism,incongruent,✅,0.38893457019111466
38,79,academics,incongruent,✅,0.3233520427926541
38,8,engagement,congruent,✅,0.7533936573177163
38,8,cancer,congruent,❌,0.4885501028142047
38,8,engagement,incongruent,❌,0.6432189268268544
38,8,cancer,incongruent,✅,0.27144936603213843
38,9,terminal,congruent,✅,0.9674636383761639
38,9,classroom,congruent,✅,0.9497380395627623
38,9,terminal,incongruent,✅,0.08232865048345524
38,9,classroom,incongruent,✅,0.14424598339304462
39,0,library,congruent,✅,0.9726084567251184
39,0,refrigerator,congruent,✅,0.6798934172095311
39,0,library,incongruent,✅,0.18238536050640355
39,0,refrigerator,incongruent,✅,0.0784456749063879
39,1,disappointment,congruent,✅,0.7635057145582888
39,1,delight,congruent,✅,0.8191561640216254
39,1,disappointment,incongruent,✅,0.17067052614627629
39,1,delight,incongruent,❌,0.6216359267965064
39,10,cash,congruent,✅,0.9721125485206406
39,10,groceries,congruent,❌,0.48412924387022105
39,10,cash,incongruent,✅,0.027409442944842283
39,10,groceries,incongruent,✅,0.013996903821432686
39,11,lonely,congruent,✅,0.953353038252747
39,11,confident,congruent,✅,0.8240757311823933
39,11,lonely,incongruent,✅,0.17781735292834774
39,11,confident,incongruent,❌,0.6966918562052538
39,12,joy,congruent,✅,0.9811110064641193
39,12,outrage,congruent,❌,0.3353674048378077
39,12,joy,incongruent,✅,0.13423821024875465
39,12,outrage,incongruent,❌,0.7428192557004799
39,13,traffic,congruent,✅,0.9915217064194563
39,13,snowstorm,congruent,✅,0.9347851672724286
39,13,traffic,incongruent,✅,0.38456633557962044
39,13,snowstorm,incongruent,❌,0.5171481901207798
39,14,laughter,congruent,✅,0.9609851990108007
39,14,frustration,congruent,✅,0.9188884734260975
39,14,laughter,incongruent,✅,0.2027819615351307
39,14,frustration,incongruent,✅,0.3964659662218649
39,15,calculator,congruent,❌,0.13219338072463693
39,15,instrument,congruent,✅,0.8383923215713818
39,15,calculator,incongruent,✅,0.007424901287676442
39,15,instrument,incongruent,✅,0.06717627371513031
39,16,orchestra,congruent,✅,0.8853820953154887
39,16,racers,congruent,✅,0.9103588129657681
39,16,orchestra,incongruent,✅,0.3639898327902149
39,16,racers,incongruent,✅,0.08413392271324753
39,17,retirement,congruent,✅,0.7144571559280049
39,17,playdate,congruent,✅,0.8584311679459854
39,17,retirement,incongruent,✅,0.10649098076626257
39,17,playdate,incongruent,✅,0.06271626800455865
39,18,relieved,congruent,✅,0.522065896721163
39,18,depressed,congruent,❌,0.1448824100808198
39,18,relieved,incongruent,✅,0.039595005516948986
39,18,depressed,incongruent,✅,0.31926210965441665
39,19,friends,congruent,✅,0.6174994971485382
39,19,weight,congruent,✅,0.9226161419763378
39,19,friends,incongruent,❌,0.7637664007399613
39,19,weight,incongruent,✅,0.1928453919871363
39,2,overcoat,congruent,✅,0.7234553236378659
39,2,sandals,congruent,❌,0.24413006297621828
39,2,overcoat,incongruent,✅,0.06321533067272714
39,2,sandals,incongruent,✅,0.21040646196708507
39,20,lipstick,congruent,✅,0.7708123446413956
39,20,song,congruent,✅,0.9939503124396764
39,20,lipstick,incongruent,❌,0.7864332447354536
39,20,song,incongruent,✅,0.2952495320651832
39,21,fought,congruent,✅,0.9781731546335107
39,21,sang,congruent,✅,0.5826519104478821
39,21,fought,incongruent,✅,0.01086076972292294
39,21,sang,incongruent,✅,0.05845674095023548
39,22,skeptical,congruent,✅,0.6054676775185902
39,22,reassured,congruent,❌,0.4600567941825417
39,22,skeptical,incongruent,✅,0.23412444656205011
39,22,reassured,incongruent,✅,0.3647585841401674
39,23,graduation,congruent,✅,0.9918501866963941
39,23,operation,congruent,✅,0.9622402434434594
39,23,graduation,incongruent,✅,0.42666587564503283
39,23,operation,incongruent,✅,0.15531021524106264
39,24,bride,congruent,❌,0.46554152767244406
39,24,aftermath,congruent,✅,0.9529922675804607
39,24,bride,incongruent,✅,0.02614865029247109
39,24,aftermath,incongruent,✅,0.014404130796122107
39,25,teacher,congruent,✅,0.9236138814069708
39,25,daughter,congruent,✅,0.9642070304558966
39,25,teacher,incongruent,❌,0.7189561533117426
39,25,daughter,incongruent,✅,0.13591754244294893
39,26,roommate,congruent,✅,0.8794426479584222
39,26,grandma,congruent,✅,0.9025693855619893
39,26,roommate,incongruent,✅,0.030301947134083674
39,26,grandma,incongruent,✅,0.012535034912344822
39,27,brother,congruent,✅,0.9007438576359427
39,27,mother,congruent,✅,0.866631782376693
39,27,brother,incongruent,✅,0.09928367843880731
39,27,mother,incongruent,✅,0.2395309578053182
39,28,preschool,congruent,✅,0.5160646632042785
39,28,prison,congruent,✅,0.8668981242249995
39,28,preschool,incongruent,✅,0.0355329428647753
39,28,prison,incongruent,✅,0.01898946254955804
39,29,hopeful,congruent,✅,0.5140851803917342
39,29,hopeless,congruent,✅,0.6559124968266036
39,29,hopeful,incongruent,✅,0.1618360328330551
39,29,hopeless,incongruent,✅,0.1854676137995008
39,3,marathon,congruent,✅,0.8877240153446313
39,3,exam,congruent,✅,0.9198509182715934
39,3,marathon,incongruent,✅,0.08187982615965338
39,3,exam,incongruent,✅,0.038339765901417584
39,30,appalled,congruent,❌,0.36447359780075794
39,30,overjoyed,congruent,❌,0.3418934944472759
39,30,appalled,incongruent,✅,0.04065043417593208
39,30,overjoyed,incongruent,✅,0.10875677988571639
39,31,reprimand,congruent,✅,0.6319354081632893
39,31,encouragement,congruent,✅,0.9148334153463277
39,31,reprimand,incongruent,✅,0.29186162421180206
39,31,encouragement,incongruent,✅,0.18199616861290577
39,32,angrily,congruent,✅,0.8680451421761658
39,32,cordially,congruent,✅,0.8297804420163749
39,32,angrily,incongruent,✅,0.13224936007889293
39,32,cordially,incongruent,✅,0.14041697035856027
39,33,accusatory,congruent,✅,0.7645154390559955
39,33,flirtatious,congruent,✅,0.7685803235924478
39,33,accusatory,incongruent,✅,0.43771490007608943
39,33,flirtatious,incongruent,✅,0.2382913374380669
39,34,disapprovingly,congruent,✅,0.9661332317784079
39,34,lovingly,congruent,✅,0.5549791740932452
39,34,disapprovingly,incongruent,✅,0.13956855517266895
39,34,lovingly,incongruent,❌,0.847909451451895
39,35,playful,congruent,✅,0.933907647488499
39,35,distant,congruent,❌,0.34387111860981545
39,35,playful,incongruent,✅,0.10475582647966906
39,35,distant,incongruent,✅,0.47045345060985333
39,36,headphones,congruent,✅,0.5193918931704374
39,36,mangoes,congruent,✅,0.8777906212956699
39,36,headphones,incongruent,❌,0.5157455031174893
39,36,mangoes,incongruent,✅,0.06795640219357073
39,37,playroom,congruent,✅,0.9726989252159876
39,37,park,congruent,✅,0.9717519295330638
39,37,playroom,incongruent,✅,0.02886555368502872
39,37,park,incongruent,✅,0.17880610485188406
39,38,bedroom,congruent,✅,0.9295579467998465
39,38,backyard,congruent,✅,0.9302281268073739
39,38,bedroom,incongruent,✅,0.08502513079516728
39,38,backyard,incongruent,✅,0.005407030375587312
39,39,solemnly,congruent,✅,0.5554175306237524
39,39,excitedly,congruent,✅,0.8363322091430194
39,39,solemnly,incongruent,✅,0.32646553743513257
39,39,excitedly,incongruent,✅,0.04887011645913288
39,4,menu,congruent,✅,0.8865410814551654
39,4,prescription,congruent,✅,0.9439557218661727
39,4,menu,incongruent,✅,0.05713105623182233
39,4,prescription,incongruent,✅,0.16289020553056538
39,40,car,congruent,✅,0.7279519287073163
39,40,sock,congruent,❌,0.12097500077719402
39,40,car,incongruent,✅,0.02496555870201361
39,40,sock,incongruent,✅,0.07524605929673557
39,41,overdressed,congruent,✅,0.963787529570383
39,41,naked,congruent,✅,0.5389855510922563
39,41,overdressed,incongruent,✅,0.049656147245464764
39,41,naked,incongruent,✅,0.20563896235874016
39,42,shy,congruent,❌,0.24334897138449216
39,42,lively,congruent,✅,0.8125104615436973
39,42,shy,incongruent,✅,0.23086653524880066
39,42,lively,incongruent,✅,0.0827619137231088
39,43,offended,congruent,✅,0.7622128422723057
39,43,flattered,congruent,✅,0.6591084566036698
39,43,offended,incongruent,✅,0.40993699162528596
39,43,flattered,incongruent,❌,0.7233623375046428
39,44,grandkid,congruent,✅,0.8757408907658766
39,44,cellmate,congruent,✅,0.9743797722756721
39,44,grandkid,incongruent,✅,0.36403063224155535
39,44,cellmate,incongruent,✅,0.2552039054517493
39,45,promoted,congruent,✅,0.9220965023715237
39,45,fired,congruent,✅,0.9456421207898575
39,45,promoted,incongruent,❌,0.557978687910994
39,45,fired,incongruent,❌,0.7930397310095737
39,46,shooting,congruent,❌,0.22663600965941338
39,46,celebration,congruent,❌,0.10487601061992793
39,46,shooting,incongruent,✅,0.05683997844537685
39,46,celebration,incongruent,✅,0.024570054610438923
39,47,crayon,congruent,✅,0.6915292028435289
39,47,beer,congruent,✅,0.9153899102126325
39,47,crayon,incongruent,✅,0.04126983620904893
39,47,beer,incongruent,✅,0.016316076643942648
39,48,waiter,congruent,✅,0.8580382589463679
39,48,taxi,congruent,✅,0.9026173846706221
39,48,waiter,incongruent,❌,0.6834200447022442
39,48,taxi,incongruent,✅,0.18513268604671873
39,49,parents,congruent,✅,0.9789092031183978
39,49,keys,congruent,✅,0.9663642583500377
39,49,parents,incongruent,❌,0.5667576341843281
39,49,keys,incongruent,✅,0.16043077679460746
39,5,distress,congruent,✅,0.8943342529015347
39,5,tranquility,congruent,✅,0.9428420959005112
39,5,distress,incongruent,✅,0.2225000673998432
39,5,tranquility,incongruent,✅,0.29392113626685745
39,50,sofa,congruent,✅,0.983939113629179
39,50,sky,congruent,✅,0.9661631171123691
39,50,sofa,incongruent,✅,0.055245248131061055
39,50,sky,incongruent,✅,0.33140619646267444
39,51,obesity,congruent,❌,0.1642554687466391
39,51,homework,congruent,✅,0.9416874738026451
39,51,obesity,incongruent,✅,0.0143018113427649
39,51,homework,incongruent,✅,0.08712060628604044
39,52,quiz,congruent,✅,0.9342108834560756
39,52,commute,congruent,✅,0.9874392415334434
39,52,quiz,incongruent,✅,0.040662328300296084
39,52,commute,incongruent,✅,0.041084104793641864
39,53,migraine,congruent,✅,0.9839581632517007
39,53,excitement,congruent,✅,0.9048915056537086
39,53,migraine,incongruent,✅,0.009473589545227973
39,53,excitement,incongruent,❌,0.8055586434715101
39,54,niece,congruent,✅,0.797134541066548
39,54,husband,congruent,✅,0.7627914812130875
39,54,niece,incongruent,✅,0.37582366690455954
39,54,husband,incongruent,✅,0.30791770867786417
39,55,film,congruent,✅,0.935644766592543
39,55,sunrise,congruent,✅,0.7739789640276732
39,55,film,incongruent,✅,0.14055752660668006
39,55,sunrise,incongruent,✅,0.13761967848411105
39,56,lecture,congruent,✅,0.955144164880177
39,56,banquet,congruent,❌,0.394422104256725
39,56,lecture,incongruent,✅,0.003137992013831548
39,56,banquet,incongruent,✅,0.012475601991390889
39,57,drink,congruent,✅,0.9281374404849643
39,57,textbook,congruent,✅,0.5541657100971787
39,57,drink,incongruent,✅,0.015297955506791954
39,57,textbook,incongruent,✅,0.024938473199190292
39,58,pool,congruent,✅,0.9784825016576351
39,58,snow,congruent,✅,0.5745081203412766
39,58,pool,incongruent,✅,0.021894279829179426
39,58,snow,incongruent,✅,0.07516045088154227
39,59,passport,congruent,✅,0.8120295786762016
39,59,plushy,congruent,✅,0.7865071902167754
39,59,passport,incongruent,✅,0.04508173221915399
39,59,plushy,incongruent,✅,0.21834619319520837
39,6,patients,congruent,✅,0.9822108479770347
39,6,students,congruent,✅,0.9943423639744525
39,6,patients,incongruent,✅,0.07440747546389379
39,6,students,incongruent,✅,0.014137467683927665
39,60,sister,congruent,✅,0.6529569814220035
39,60,father,congruent,✅,0.9809957927882099
39,60,sister,incongruent,✅,0.14460900083196754
39,60,father,incongruent,✅,0.034801694016767165
39,61,game,congruent,✅,0.9563604328401224
39,61,sunset,congruent,✅,0.9540432739477559
39,61,game,incongruent,✅,0.27083762292269536
39,61,sunset,incongruent,✅,0.17850362276017218
39,62,holidays,congruent,✅,0.983462004199277
39,62,funeral,congruent,✅,0.9756784073832845
39,62,holidays,incongruent,✅,0.40646908591371383
39,62,funeral,incongruent,❌,0.7538182575222163
39,63,grades,congruent,✅,0.9295100109160436
39,63,affair,congruent,✅,0.9493797422920635
39,63,grades,incongruent,✅,0.2700312244289807
39,63,affair,incongruent,✅,0.0727419347807824
39,64,arrest,congruent,✅,0.7274567572583294
39,64,stroke,congruent,✅,0.6381689769765884
39,64,arrest,incongruent,❌,0.6874732207511774
39,64,stroke,incongruent,✅,0.2982721770368685
39,65,pacifier,congruent,✅,0.7792240188541962
39,65,coffee,congruent,✅,0.9428693510774746
39,65,pacifier,incongruent,✅,0.08002210345800105
39,65,coffee,incongruent,✅,0.05112640693582066
39,66,sweets,congruent,✅,0.9672746005397274
39,66,sentencing,congruent,✅,0.8723828601083935
39,66,sweets,incongruent,✅,0.003959915151624151
39,66,sentencing,incongruent,✅,0.03807195712467081
39,67,nap,congruent,✅,0.8941071813240337
39,67,selfie,congruent,✅,0.9819002559857094
39,67,nap,incongruent,✅,0.24354857720842457
39,67,selfie,incongruent,✅,0.011299992263207314
39,68,diaper,congruent,✅,0.9891527802023757
39,68,tire,congruent,✅,0.9958620957682011
39,68,diaper,incongruent,✅,0.016252963231543013
39,68,tire,incongruent,✅,0.0540217981885047
39,69,chemotherapy,congruent,✅,0.9318393017625265
39,69,golf,congruent,✅,0.9868723865198097
39,69,chemotherapy,incongruent,✅,0.0581109275035443
39,69,golf,incongruent,❌,0.5146899828405254
39,7,consensus,congruent,❌,0.2693434640869818
39,7,deadlock,congruent,✅,0.5472716663201442
39,7,consensus,incongruent,✅,0.2791234401739617
39,7,deadlock,incongruent,✅,0.0577833103535302
39,70,thunder,congruent,✅,0.6897220350314128
39,70,lullaby,congruent,✅,0.5281181399038584
39,70,thunder,incongruent,✅,0.08572092012069962
39,70,lullaby,incongruent,✅,0.07837897754124269
39,71,pajamas,congruent,✅,0.961479941007109
39,71,uniform,congruent,✅,0.9905000410446928
39,71,pajamas,incongruent,✅,0.03572470835115113
39,71,uniform,incongruent,✅,0.017133843901434145
39,72,gown,congruent,✅,0.9929232161915231
39,72,sweats,congruent,✅,0.7305265156325627
39,72,gown,incongruent,✅,0.004070126393140378
39,72,sweats,incongruent,❌,0.5208362497621146
39,73,deadline,congruent,✅,0.6235733436724943
39,73,bed,congruent,✅,0.9869344736268805
39,73,deadline,incongruent,✅,0.02398687674371956
39,73,bed,incongruent,✅,0.20239086174546234
39,74,kindergarten,congruent,✅,0.8787730766420816
39,74,jail,congruent,✅,0.6320929421916803
39,74,kindergarten,incongruent,✅,0.011769631465015508
39,74,jail,incongruent,✅,0.4606525004728272
39,75,interrogated,congruent,✅,0.9753254512329503
39,75,tickled,congruent,✅,0.8343025601946871
39,75,interrogated,incongruent,❌,0.6891942735413574
39,75,tickled,incongruent,✅,0.15902680162339286
39,76,sandcastle,congruent,✅,0.9900543009673582
39,76,snowman,congruent,✅,0.9901240288927254
39,76,sandcastle,incongruent,✅,0.21625874161659261
39,76,snowman,incongruent,❌,0.7088897810767019
39,77,music,congruent,✅,0.9955939772972434
39,77,pizza,congruent,✅,0.998607880024896
39,77,music,incongruent,✅,0.17624930327177354
39,77,pizza,incongruent,✅,0.028832528894319625
39,78,playoffs,congruent,❌,0.18017793979904742
39,78,cartoon,congruent,✅,0.9876070848626691
39,78,playoffs,incongruent,✅,0.010403344016675316
39,78,cartoon,incongruent,✅,0.015105773688768994
39,79,alcoholism,congruent,✅,0.9181923713837165
39,79,academics,congruent,✅,0.9726186566066993
39,79,alcoholism,incongruent,✅,0.4301267201886065
39,79,academics,incongruent,✅,0.3741402583683402
39,8,engagement,congruent,✅,0.7654436204697788
39,8,cancer,congruent,✅,0.5338073340899736
39,8,engagement,incongruent,❌,0.6781794267867974
39,8,cancer,incongruent,✅,0.3024344188083488
39,9,terminal,congruent,✅,0.9216981194323197
39,9,classroom,congruent,✅,0.9115136196368133
39,9,terminal,incongruent,✅,0.06642560182267426
39,9,classroom,incongruent,✅,0.09064568504970945
40,0,library,congruent,✅,0.9531380964994767
40,0,refrigerator,congruent,✅,0.675526895992704
40,0,library,incongruent,✅,0.2035971988183806
40,0,refrigerator,incongruent,✅,0.0984494810883942
40,1,disappointment,congruent,✅,0.7346376109214445
40,1,delight,congruent,✅,0.7813568538905087
40,1,disappointment,incongruent,✅,0.13241463735546746
40,1,delight,incongruent,❌,0.6102869062158248
40,10,cash,congruent,✅,0.9791278962755872
40,10,groceries,congruent,✅,0.5339682266636466
40,10,cash,incongruent,✅,0.06423017987433471
40,10,groceries,incongruent,✅,0.023140726900351332
40,11,lonely,congruent,✅,0.9631184785513481
40,11,confident,congruent,✅,0.7035923419858316
40,11,lonely,incongruent,✅,0.11418766152528809
40,11,confident,incongruent,❌,0.7758635195329048
40,12,joy,congruent,✅,0.9785938443845048
40,12,outrage,congruent,❌,0.3854273635102339
40,12,joy,incongruent,✅,0.18376332136511775
40,12,outrage,incongruent,❌,0.755017031942236
40,13,traffic,congruent,✅,0.9934075917174305
40,13,snowstorm,congruent,✅,0.9308461953932822
40,13,traffic,incongruent,✅,0.3818380849204022
40,13,snowstorm,incongruent,❌,0.5784965775792449
40,14,laughter,congruent,✅,0.9767580620928886
40,14,frustration,congruent,✅,0.8484019157736947
40,14,laughter,incongruent,✅,0.12690093620006268
40,14,frustration,incongruent,❌,0.5572316161707692
40,15,calculator,congruent,❌,0.1417894670612986
40,15,instrument,congruent,✅,0.8100914950187398
40,15,calculator,incongruent,✅,0.012146955220222862
40,15,instrument,incongruent,✅,0.0698294484812616
40,16,orchestra,congruent,✅,0.9042462399246859
40,16,racers,congruent,✅,0.8850678275930068
40,16,orchestra,incongruent,✅,0.35178872672592854
40,16,racers,incongruent,✅,0.111823923990184
40,17,retirement,congruent,✅,0.6956838499124527
40,17,playdate,congruent,✅,0.7851133990797845
40,17,retirement,incongruent,✅,0.09874345034141713
40,17,playdate,incongruent,✅,0.06796114698851563
40,18,relieved,congruent,✅,0.6549453523547236
40,18,depressed,congruent,❌,0.2775153656675951
40,18,relieved,incongruent,✅,0.08462324154131876
40,18,depressed,incongruent,✅,0.4482831550687242
40,19,friends,congruent,✅,0.8056330141971294
40,19,weight,congruent,✅,0.9237509800894852
40,19,friends,incongruent,❌,0.7931111418439842
40,19,weight,incongruent,✅,0.42173869238539247
40,2,overcoat,congruent,❌,0.44779880794052107
40,2,sandals,congruent,❌,0.2545032388221144
40,2,overcoat,incongruent,✅,0.06675456854055761
40,2,sandals,incongruent,✅,0.06959446561637005
40,20,lipstick,congruent,✅,0.674958695478298
40,20,song,congruent,✅,0.9958959828916585
40,20,lipstick,incongruent,❌,0.8844334121005679
40,20,song,incongruent,✅,0.2470176740315801
40,21,fought,congruent,✅,0.9667736657482318
40,21,sang,congruent,❌,0.4159501396977439
40,21,fought,incongruent,✅,0.013985042245667116
40,21,sang,incongruent,✅,0.05133613968965702
40,22,skeptical,congruent,✅,0.5914752647453653
40,22,reassured,congruent,✅,0.5531104514041841
40,22,skeptical,incongruent,✅,0.32953088158930105
40,22,reassured,incongruent,✅,0.36904856562291294
40,23,graduation,congruent,✅,0.9964977042810563
40,23,operation,congruent,✅,0.9171755871751446
40,23,graduation,incongruent,✅,0.31383037387912766
40,23,operation,incongruent,✅,0.3672908113787805
40,24,bride,congruent,❌,0.30932141249075457
40,24,aftermath,congruent,✅,0.9481609096497279
40,24,bride,incongruent,✅,0.030552644985255548
40,24,aftermath,incongruent,✅,0.009210421846597674
40,25,teacher,congruent,✅,0.8835037944123771
40,25,daughter,congruent,✅,0.9667742108237423
40,25,teacher,incongruent,❌,0.7220515057955944
40,25,daughter,incongruent,✅,0.12301226862375843
40,26,roommate,congruent,✅,0.6737880770741804
40,26,grandma,congruent,✅,0.8711063561031617
40,26,roommate,incongruent,✅,0.030196058105773204
40,26,grandma,incongruent,✅,0.004772064357083597
40,27,brother,congruent,✅,0.8541046964837757
40,27,mother,congruent,✅,0.8638633791235991
40,27,brother,incongruent,✅,0.11110498830366036
40,27,mother,incongruent,✅,0.194857372070008
40,28,preschool,congruent,✅,0.7131072040583467
40,28,prison,congruent,✅,0.8551441187323684
40,28,preschool,incongruent,✅,0.0721824733921615
40,28,prison,incongruent,✅,0.04399325189063842
40,29,hopeful,congruent,✅,0.6198866221282646
40,29,hopeless,congruent,✅,0.6509864088204239
40,29,hopeful,incongruent,✅,0.17493967982049596
40,29,hopeless,incongruent,✅,0.28559196819107746
40,3,marathon,congruent,✅,0.8609647586371153
40,3,exam,congruent,✅,0.9491071376021839
40,3,marathon,incongruent,✅,0.14206334406049148
40,3,exam,incongruent,✅,0.060749846379708254
40,30,appalled,congruent,✅,0.5878777435638843
40,30,overjoyed,congruent,❌,0.4591480768573048
40,30,appalled,incongruent,✅,0.06938866609251855
40,30,overjoyed,incongruent,✅,0.23062204893568056
40,31,reprimand,congruent,✅,0.6022110491706842
40,31,encouragement,congruent,✅,0.9306285890781735
40,31,reprimand,incongruent,✅,0.39462480062031774
40,31,encouragement,incongruent,✅,0.190686373092769
40,32,angrily,congruent,✅,0.8792506394637942
40,32,cordially,congruent,✅,0.8434724741627663
40,32,angrily,incongruent,✅,0.20543930283761797
40,32,cordially,incongruent,✅,0.22014721113476313
40,33,accusatory,congruent,✅,0.723453318490798
40,33,flirtatious,congruent,✅,0.7481735216661198
40,33,accusatory,incongruent,✅,0.42946618984672685
40,33,flirtatious,incongruent,✅,0.21517253196547761
40,34,disapprovingly,congruent,✅,0.9278706663883813
40,34,lovingly,congruent,❌,0.3820014089085933
40,34,disapprovingly,incongruent,✅,0.07454229004942432
40,34,lovingly,incongruent,❌,0.7325441797268498
40,35,playful,congruent,✅,0.8372061545781301
40,35,distant,congruent,❌,0.37620596428914416
40,35,playful,incongruent,✅,0.11159237403937429
40,35,distant,incongruent,✅,0.28445470278571033
40,36,headphones,congruent,✅,0.6603325054397584
40,36,mangoes,congruent,✅,0.8832023252937125
40,36,headphones,incongruent,❌,0.6611784069228902
40,36,mangoes,incongruent,✅,0.11881726496614421
40,37,playroom,congruent,✅,0.9764187877807112
40,37,park,congruent,✅,0.9760187224608273
40,37,playroom,incongruent,✅,0.03945075017655637
40,37,park,incongruent,✅,0.2746081369162561
40,38,bedroom,congruent,✅,0.9260660730055116
40,38,backyard,congruent,✅,0.9593171939462939
40,38,bedroom,incongruent,✅,0.1711010504267434
40,38,backyard,incongruent,✅,0.012279527945502225
40,39,solemnly,congruent,❌,0.2566144420733743
40,39,excitedly,congruent,✅,0.8475729249249342
40,39,solemnly,incongruent,✅,0.30548964720646127
40,39,excitedly,incongruent,✅,0.020324250539841885
40,4,menu,congruent,✅,0.8508483132536465
40,4,prescription,congruent,✅,0.9020925269092069
40,4,menu,incongruent,✅,0.037927865314191025
40,4,prescription,incongruent,✅,0.11520212771504004
40,40,car,congruent,✅,0.7355462809340004
40,40,sock,congruent,❌,0.11418523670558456
40,40,car,incongruent,✅,0.0330558677209841
40,40,sock,incongruent,✅,0.08209548631123491
40,41,overdressed,congruent,✅,0.9915031374599728
40,41,naked,congruent,✅,0.6065976000561991
40,41,overdressed,incongruent,✅,0.09181240544725615
40,41,naked,incongruent,❌,0.5890072132620084
40,42,shy,congruent,❌,0.35061040692435946
40,42,lively,congruent,✅,0.8946095547709066
40,42,shy,incongruent,✅,0.3184538377785204
40,42,lively,incongruent,✅,0.14654875300577583
40,43,offended,congruent,✅,0.6603383347975456
40,43,flattered,congruent,✅,0.6283910951753242
40,43,offended,incongruent,✅,0.36631960068134817
40,43,flattered,incongruent,❌,0.6359436053029521
40,44,grandkid,congruent,✅,0.8761269686905382
40,44,cellmate,congruent,✅,0.9678259155223353
40,44,grandkid,incongruent,✅,0.45774775394967604
40,44,cellmate,incongruent,✅,0.22333690027177272
40,45,promoted,congruent,✅,0.9339016888225117
40,45,fired,congruent,✅,0.9479404553689629
40,45,promoted,incongruent,❌,0.5677048123652061
40,45,fired,incongruent,❌,0.8179437793204738
40,46,shooting,congruent,❌,0.184286324953017
40,46,celebration,congruent,❌,0.0906818645807294
40,46,shooting,incongruent,✅,0.050861828870148035
40,46,celebration,incongruent,✅,0.02494634463067965
40,47,crayon,congruent,✅,0.7287236962705429
40,47,beer,congruent,✅,0.9060022858431787
40,47,crayon,incongruent,✅,0.057711931602758657
40,47,beer,incongruent,✅,0.026409708000110957
40,48,waiter,congruent,✅,0.8371947541771941
40,48,taxi,congruent,✅,0.9480799346790522
40,48,waiter,incongruent,❌,0.784365248366396
40,48,taxi,incongruent,✅,0.1622212833775759
40,49,parents,congruent,✅,0.9697879983349463
40,49,keys,congruent,✅,0.8388723466433052
40,49,parents,incongruent,✅,0.26378070638476564
40,49,keys,incongruent,✅,0.18679559379545493
40,5,distress,congruent,✅,0.8663219841715597
40,5,tranquility,congruent,✅,0.9163295677665677
40,5,distress,incongruent,✅,0.23413012475091952
40,5,tranquility,incongruent,✅,0.23429676472212255
40,50,sofa,congruent,✅,0.9879387809910072
40,50,sky,congruent,✅,0.9704738184860416
40,50,sofa,incongruent,✅,0.07098749450041196
40,50,sky,incongruent,✅,0.3978268864841079
40,51,obesity,congruent,❌,0.1796259208644503
40,51,homework,congruent,✅,0.9683968201757739
40,51,obesity,incongruent,✅,0.04315052609405089
40,51,homework,incongruent,✅,0.10598521618868151
40,52,quiz,congruent,✅,0.9390042980478646
40,52,commute,congruent,✅,0.9930101475976356
40,52,quiz,incongruent,✅,0.06686378005036912
40,52,commute,incongruent,✅,0.06925269420486514
40,53,migraine,congruent,✅,0.9920686112901053
40,53,excitement,congruent,✅,0.8720211757599283
40,53,migraine,incongruent,✅,0.013586756304778893
40,53,excitement,incongruent,❌,0.9008946849679852
40,54,niece,congruent,✅,0.9017304953247224
40,54,husband,congruent,✅,0.7693777999910957
40,54,niece,incongruent,✅,0.44581635724293606
40,54,husband,incongruent,❌,0.5708378069195607
40,55,film,congruent,✅,0.8706082429618771
40,55,sunrise,congruent,✅,0.7244125680715368
40,55,film,incongruent,✅,0.15688230859402044
40,55,sunrise,incongruent,✅,0.056928401533585096
40,56,lecture,congruent,✅,0.9608002216492679
40,56,banquet,congruent,✅,0.533646709559257
40,56,lecture,incongruent,✅,0.006825561861535537
40,56,banquet,incongruent,✅,0.016490922919260687
40,57,drink,congruent,✅,0.9125260499230987
40,57,textbook,congruent,✅,0.5157872222011883
40,57,drink,incongruent,✅,0.015763485273127462
40,57,textbook,incongruent,✅,0.03676145851844136
40,58,pool,congruent,✅,0.9655787653133682
40,58,snow,congruent,✅,0.5263597947192235
40,58,pool,incongruent,✅,0.02624065248019107
40,58,snow,incongruent,✅,0.045261312400662085
40,59,passport,congruent,✅,0.8502429909652867
40,59,plushy,congruent,✅,0.8115499233930871
40,59,passport,incongruent,✅,0.029794875112000883
40,59,plushy,incongruent,✅,0.3143827275087639
40,6,patients,congruent,✅,0.9795541352109793
40,6,students,congruent,✅,0.9913069778868224
40,6,patients,incongruent,✅,0.07020511126421494
40,6,students,incongruent,✅,0.015324945367772519
40,60,sister,congruent,✅,0.6465775900898784
40,60,father,congruent,✅,0.9650134678594561
40,60,sister,incongruent,✅,0.14741785584804978
40,60,father,incongruent,✅,0.038515907841241405
40,61,game,congruent,✅,0.9308423228832393
40,61,sunset,congruent,✅,0.9618125925839167
40,61,game,incongruent,✅,0.3642113958385834
40,61,sunset,incongruent,✅,0.1948809194826795
40,62,holidays,congruent,✅,0.9485725827552383
40,62,funeral,congruent,✅,0.9553659941793713
40,62,holidays,incongruent,✅,0.30570714173948527
40,62,funeral,incongruent,✅,0.4672715575326577
40,63,grades,congruent,✅,0.8847584609443683
40,63,affair,congruent,✅,0.8910887840348118
40,63,grades,incongruent,✅,0.16788294364998554
40,63,affair,incongruent,✅,0.05216806207763058
40,64,arrest,congruent,✅,0.7962610982596362
40,64,stroke,congruent,✅,0.663957234665501
40,64,arrest,incongruent,❌,0.6873187207672589
40,64,stroke,incongruent,✅,0.39071136259090494
40,65,pacifier,congruent,✅,0.9175809549367351
40,65,coffee,congruent,✅,0.9386853825644087
40,65,pacifier,incongruent,✅,0.08522591673640753
40,65,coffee,incongruent,✅,0.1504342607975601
40,66,sweets,congruent,✅,0.9552345959522094
40,66,sentencing,congruent,✅,0.8310197130877174
40,66,sweets,incongruent,✅,0.0035567263457980296
40,66,sentencing,incongruent,✅,0.03245385261275955
40,67,nap,congruent,✅,0.9200368190938638
40,67,selfie,congruent,✅,0.9749052471211823
40,67,nap,incongruent,✅,0.1762887096880781
40,67,selfie,incongruent,✅,0.02701284846232239
40,68,diaper,congruent,✅,0.9637162575932059
40,68,tire,congruent,✅,0.9872271254701864
40,68,diaper,incongruent,✅,0.01409914344964715
40,68,tire,incongruent,✅,0.027908831221285634
40,69,chemotherapy,congruent,✅,0.9297593624554797
40,69,golf,congruent,✅,0.9930863754950519
40,69,chemotherapy,incongruent,✅,0.1131076504838577
40,69,golf,incongruent,❌,0.6327989475067237
40,7,consensus,congruent,❌,0.21314659352619175
40,7,deadlock,congruent,❌,0.29340242582903264
40,7,consensus,incongruent,✅,0.11561514725664711
40,7,deadlock,incongruent,✅,0.047027539954809024
40,70,thunder,congruent,✅,0.6486142280421744
40,70,lullaby,congruent,❌,0.47451900119434853
40,70,thunder,incongruent,✅,0.07120089468762031
40,70,lullaby,incongruent,✅,0.08519581349271635
40,71,pajamas,congruent,✅,0.933235544254588
40,71,uniform,congruent,✅,0.9830354559458604
40,71,pajamas,incongruent,✅,0.04573069544648231
40,71,uniform,incongruent,✅,0.01668371456871259
40,72,gown,congruent,✅,0.9855987247104926
40,72,sweats,congruent,✅,0.8609398462675365
40,72,gown,incongruent,✅,0.014177565165255457
40,72,sweats,incongruent,✅,0.3392601380326565
40,73,deadline,congruent,✅,0.601658731158387
40,73,bed,congruent,✅,0.9939611588168856
40,73,deadline,incongruent,✅,0.05805308391268875
40,73,bed,incongruent,✅,0.18590457242297137
40,74,kindergarten,congruent,✅,0.8505762062401186
40,74,jail,congruent,✅,0.6159826945428158
40,74,kindergarten,incongruent,✅,0.013388905762804696
40,74,jail,incongruent,✅,0.4418546153994171
40,75,interrogated,congruent,✅,0.9558208134236605
40,75,tickled,congruent,✅,0.8394958524173659
40,75,interrogated,incongruent,❌,0.6571737626014936
40,75,tickled,incongruent,✅,0.135171094081318
40,76,sandcastle,congruent,✅,0.984423381779935
40,76,snowman,congruent,✅,0.9942402384463161
40,76,sandcastle,incongruent,✅,0.3463059967117323
40,76,snowman,incongruent,❌,0.7270369415584924
40,77,music,congruent,✅,0.9948936333064298
40,77,pizza,congruent,✅,0.998138073870409
40,77,music,incongruent,✅,0.211920000283673
40,77,pizza,incongruent,✅,0.02995505225617145
40,78,playoffs,congruent,❌,0.2640305314846001
40,78,cartoon,congruent,✅,0.9877198116555516
40,78,playoffs,incongruent,✅,0.017504084462709926
40,78,cartoon,incongruent,✅,0.02176353260063787
40,79,alcoholism,congruent,✅,0.8939467511276308
40,79,academics,congruent,✅,0.9629397097585037
40,79,alcoholism,incongruent,✅,0.3105965866045981
40,79,academics,incongruent,✅,0.3512385400939536
40,8,engagement,congruent,✅,0.6825685624673525
40,8,cancer,congruent,✅,0.5821473227032504
40,8,engagement,incongruent,❌,0.7209844487747461
40,8,cancer,incongruent,✅,0.2805115998949075
40,9,terminal,congruent,✅,0.8793422153530513
40,9,classroom,congruent,✅,0.9010059710562899
40,9,terminal,incongruent,✅,0.046565585159144385
40,9,classroom,incongruent,✅,0.03846483327146882
41,0,library,congruent,✅,0.9498922586880604
41,0,refrigerator,congruent,✅,0.7026310466977305
41,0,library,incongruent,✅,0.2051175769602926
41,0,refrigerator,incongruent,✅,0.11167505212412815
41,1,disappointment,congruent,✅,0.5184008373757294
41,1,delight,congruent,✅,0.6258615535878111
41,1,disappointment,incongruent,✅,0.07026815015270398
41,1,delight,incongruent,✅,0.4297344771888911
41,10,cash,congruent,✅,0.9917225098208153
41,10,groceries,congruent,❌,0.49578881228348326
41,10,cash,incongruent,✅,0.05041890509012188
41,10,groceries,incongruent,✅,0.04100224160530152
41,11,lonely,congruent,✅,0.9178096923877731
41,11,confident,congruent,✅,0.9092597659377144
41,11,lonely,incongruent,✅,0.279833870719933
41,11,confident,incongruent,❌,0.5602397252138839
41,12,joy,congruent,✅,0.983481949783075
41,12,outrage,congruent,❌,0.4213619126793815
41,12,joy,incongruent,✅,0.17923528379785794
41,12,outrage,incongruent,❌,0.7752294888587472
41,13,traffic,congruent,✅,0.9963983771504282
41,13,snowstorm,congruent,✅,0.9652251145595394
41,13,traffic,incongruent,❌,0.5602987728254892
41,13,snowstorm,incongruent,❌,0.7097659306929704
41,14,laughter,congruent,✅,0.9853210970805669
41,14,frustration,congruent,✅,0.7923302416470736
41,14,laughter,incongruent,✅,0.09503728120931978
41,14,frustration,incongruent,❌,0.5738594578449263
41,15,calculator,congruent,❌,0.21991315714464413
41,15,instrument,congruent,✅,0.8295468142421808
41,15,calculator,incongruent,✅,0.03142352776354475
41,15,instrument,incongruent,✅,0.1120031116464245
41,16,orchestra,congruent,✅,0.8689105740313392
41,16,racers,congruent,✅,0.8767252865412196
41,16,orchestra,incongruent,✅,0.265168185834144
41,16,racers,incongruent,✅,0.10390437662255378
41,17,retirement,congruent,✅,0.715129036507372
41,17,playdate,congruent,✅,0.8744938793129016
41,17,retirement,incongruent,✅,0.16008172617564048
41,17,playdate,incongruent,✅,0.061754024141726635
41,18,relieved,congruent,✅,0.5689855299922048
41,18,depressed,congruent,❌,0.22582806718747295
41,18,relieved,incongruent,✅,0.07638110871103383
41,18,depressed,incongruent,✅,0.35587262836738626
41,19,friends,congruent,✅,0.8205615260156061
41,19,weight,congruent,✅,0.9198465760249724
41,19,friends,incongruent,❌,0.8075671950091332
41,19,weight,incongruent,✅,0.41285666484699685
41,2,overcoat,congruent,✅,0.5431487643759786
41,2,sandals,congruent,❌,0.3472065755872935
41,2,overcoat,incongruent,✅,0.08854140280603878
41,2,sandals,incongruent,✅,0.07841187091746324
41,20,lipstick,congruent,✅,0.7638395234010926
41,20,song,congruent,✅,0.9949448493153303
41,20,lipstick,incongruent,❌,0.8125910555914634
41,20,song,incongruent,✅,0.26327578031671756
41,21,fought,congruent,✅,0.9399175230261293
41,21,sang,congruent,✅,0.5439459279416697
41,21,fought,incongruent,✅,0.11996052806766135
41,21,sang,incongruent,✅,0.03170408482846239
41,22,skeptical,congruent,✅,0.6955317083664503
41,22,reassured,congruent,❌,0.40438552876346806
41,22,skeptical,incongruent,✅,0.22626493032067801
41,22,reassured,incongruent,✅,0.4729006078468134
41,23,graduation,congruent,✅,0.9949108549058934
41,23,operation,congruent,✅,0.922544650391738
41,23,graduation,incongruent,✅,0.39096333196031813
41,23,operation,incongruent,✅,0.2806307042186256
41,24,bride,congruent,❌,0.3343272644926465
41,24,aftermath,congruent,✅,0.9404912900206435
41,24,bride,incongruent,✅,0.013921706358420907
41,24,aftermath,incongruent,✅,0.016606009658958976
41,25,teacher,congruent,✅,0.896139695870782
41,25,daughter,congruent,✅,0.9801452890258796
41,25,teacher,incongruent,❌,0.7591591643948269
41,25,daughter,incongruent,✅,0.19060431340374512
41,26,roommate,congruent,✅,0.5801755591442689
41,26,grandma,congruent,✅,0.8762363741227089
41,26,roommate,incongruent,✅,0.029605624215740135
41,26,grandma,incongruent,✅,0.003549406873640056
41,27,brother,congruent,✅,0.8704524895910855
41,27,mother,congruent,✅,0.85419696958192
41,27,brother,incongruent,✅,0.10318883691665974
41,27,mother,incongruent,✅,0.24775066508569898
41,28,preschool,congruent,✅,0.6296764933236478
41,28,prison,congruent,✅,0.9013539089369941
41,28,preschool,incongruent,✅,0.176517532199926
41,28,prison,incongruent,✅,0.04592593755134034
41,29,hopeful,congruent,✅,0.7371405751066682
41,29,hopeless,congruent,✅,0.663415817496451
41,29,hopeful,incongruent,✅,0.18518447360662266
41,29,hopeless,incongruent,✅,0.4155693180467496
41,3,marathon,congruent,✅,0.9034079674115855
41,3,exam,congruent,✅,0.9833991646987887
41,3,marathon,incongruent,✅,0.3611916130984819
41,3,exam,incongruent,✅,0.10376181445132777
41,30,appalled,congruent,✅,0.5245797978534492
41,30,overjoyed,congruent,❌,0.3982300310965696
41,30,appalled,incongruent,✅,0.06680720240952179
41,30,overjoyed,incongruent,✅,0.18217855045094272
41,31,reprimand,congruent,✅,0.6167129948963834
41,31,encouragement,congruent,✅,0.8760801038754389
41,31,reprimand,incongruent,✅,0.29570203745422485
41,31,encouragement,incongruent,✅,0.18413744033049023
41,32,angrily,congruent,✅,0.8244182890720867
41,32,cordially,congruent,✅,0.6216385369864044
41,32,angrily,incongruent,✅,0.10920275559859041
41,32,cordially,incongruent,✅,0.2141988488856991
41,33,accusatory,congruent,✅,0.579524514103385
41,33,flirtatious,congruent,✅,0.634897407479276
41,33,accusatory,incongruent,✅,0.31837249287340313
41,33,flirtatious,incongruent,✅,0.12197888510894739
41,34,disapprovingly,congruent,✅,0.938185697546466
41,34,lovingly,congruent,❌,0.4705345419646777
41,34,disapprovingly,incongruent,✅,0.12870020189526551
41,34,lovingly,incongruent,❌,0.7527159296678032
41,35,playful,congruent,✅,0.8020587383680364
41,35,distant,congruent,✅,0.5616405841159806
41,35,playful,incongruent,✅,0.1932378051234194
41,35,distant,incongruent,✅,0.23950678369497042
41,36,headphones,congruent,✅,0.8225822098253159
41,36,mangoes,congruent,✅,0.945430768986786
41,36,headphones,incongruent,❌,0.7427026129972849
41,36,mangoes,incongruent,✅,0.19333692912650066
41,37,playroom,congruent,✅,0.98276394459367
41,37,park,congruent,✅,0.9714878696841639
41,37,playroom,incongruent,✅,0.04509762680312914
41,37,park,incongruent,✅,0.3710812529243867
41,38,bedroom,congruent,✅,0.9246195398538339
41,38,backyard,congruent,✅,0.9755607015468813
41,38,bedroom,incongruent,✅,0.26944585160159396
41,38,backyard,incongruent,✅,0.013326798686424036
41,39,solemnly,congruent,❌,0.13305056238596177
41,39,excitedly,congruent,✅,0.7661336941908989
41,39,solemnly,incongruent,✅,0.25169239871266263
41,39,excitedly,incongruent,✅,0.010120803682891111
41,4,menu,congruent,✅,0.897867614386945
41,4,prescription,congruent,✅,0.9459651955680045
41,4,menu,incongruent,✅,0.06395232863012938
41,4,prescription,incongruent,✅,0.21147210924788823
41,40,car,congruent,✅,0.924282057631617
41,40,sock,congruent,❌,0.1254852277236255
41,40,car,incongruent,✅,0.052876165552636974
41,40,sock,incongruent,✅,0.19811212714318627
41,41,overdressed,congruent,✅,0.9902705552264203
41,41,naked,congruent,✅,0.5735999812222584
41,41,overdressed,incongruent,✅,0.08785920041990443
41,41,naked,incongruent,❌,0.5595064473500917
41,42,shy,congruent,❌,0.3697011751428052
41,42,lively,congruent,✅,0.8675315143447071
41,42,shy,incongruent,✅,0.2392184032841632
41,42,lively,incongruent,✅,0.17901063896191793
41,43,offended,congruent,✅,0.5288564189225095
41,43,flattered,congruent,✅,0.7785537667409704
41,43,offended,incongruent,❌,0.5831754079842713
41,43,flattered,incongruent,✅,0.49437942289380865
41,44,grandkid,congruent,✅,0.8354185527184751
41,44,cellmate,congruent,✅,0.9525323303417917
41,44,grandkid,incongruent,✅,0.3961124599886016
41,44,cellmate,incongruent,✅,0.24024927958561926
41,45,promoted,congruent,✅,0.9356823364526675
41,45,fired,congruent,✅,0.9742517322074356
41,45,promoted,incongruent,❌,0.6762609359630022
41,45,fired,incongruent,❌,0.855958121416496
41,46,shooting,congruent,❌,0.1981337194108139
41,46,celebration,congruent,❌,0.17243816069896845
41,46,shooting,incongruent,✅,0.09845043909082878
41,46,celebration,incongruent,✅,0.04137552429964027
41,47,crayon,congruent,✅,0.5874232216160398
41,47,beer,congruent,✅,0.9002009465069699
41,47,crayon,incongruent,✅,0.08390894893555614
41,47,beer,incongruent,✅,0.0160391383538394
41,48,waiter,congruent,✅,0.807773072349455
41,48,taxi,congruent,✅,0.7289228437653188
41,48,waiter,incongruent,✅,0.3900975554388079
41,48,taxi,incongruent,✅,0.15403075697983962
41,49,parents,congruent,✅,0.9711268777184306
41,49,keys,congruent,✅,0.81459426858667
41,49,parents,incongruent,✅,0.1961379838807097
41,49,keys,incongruent,✅,0.152018518077694
41,5,distress,congruent,✅,0.86975407815815
41,5,tranquility,congruent,✅,0.8606102516797636
41,5,distress,incongruent,✅,0.14305552709967115
41,5,tranquility,incongruent,✅,0.2409298074952946
41,50,sofa,congruent,✅,0.982582648959237
41,50,sky,congruent,✅,0.9627976491245153
41,50,sofa,incongruent,✅,0.03920832362538172
41,50,sky,incongruent,✅,0.31449789473359574
41,51,obesity,congruent,❌,0.20299900475468716
41,51,homework,congruent,✅,0.9642921728627186
41,51,obesity,incongruent,✅,0.03050296516137458
41,51,homework,incongruent,✅,0.12693410954327117
41,52,quiz,congruent,✅,0.82965289022841
41,52,commute,congruent,✅,0.9769187077023853
41,52,quiz,incongruent,✅,0.01659233741751829
41,52,commute,incongruent,✅,0.05966943594399908
41,53,migraine,congruent,✅,0.9817566870308081
41,53,excitement,congruent,✅,0.9097171264442084
41,53,migraine,incongruent,✅,0.015159459259574211
41,53,excitement,incongruent,❌,0.8163899639260331
41,54,niece,congruent,✅,0.9363642430307825
41,54,husband,congruent,✅,0.7350085702329362
41,54,niece,incongruent,❌,0.5109573101610706
41,54,husband,incongruent,❌,0.6814377735413077
41,55,film,congruent,✅,0.885404047377791
41,55,sunrise,congruent,✅,0.5329160031093816
41,55,film,incongruent,✅,0.077331649438684
41,55,sunrise,incongruent,✅,0.05767474497927415
41,56,lecture,congruent,✅,0.9124145130139634
41,56,banquet,congruent,❌,0.467630832483097
41,56,lecture,incongruent,✅,0.009115501963063715
41,56,banquet,incongruent,✅,0.010671112157311386
41,57,drink,congruent,✅,0.905692296165435
41,57,textbook,congruent,✅,0.6445522952674689
41,57,drink,incongruent,✅,0.03550593379643231
41,57,textbook,incongruent,✅,0.03798341381846371
41,58,pool,congruent,✅,0.983203716145621
41,58,snow,congruent,❌,0.3156579581134906
41,58,pool,incongruent,✅,0.011295947672134769
41,58,snow,incongruent,✅,0.07044346191961694
41,59,passport,congruent,✅,0.8143131339707393
41,59,plushy,congruent,✅,0.9206029149535947
41,59,passport,incongruent,✅,0.06220295760177305
41,59,plushy,incongruent,✅,0.2382835409134998
41,6,patients,congruent,✅,0.9665493732605671
41,6,students,congruent,✅,0.9885860987719454
41,6,patients,incongruent,✅,0.05054158898993173
41,6,students,incongruent,✅,0.012940578696098036
41,60,sister,congruent,❌,0.4281492914861183
41,60,father,congruent,✅,0.9657859506718619
41,60,sister,incongruent,✅,0.25548970770185614
41,60,father,incongruent,✅,0.026335180760323724
41,61,game,congruent,✅,0.9170270796718922
41,61,sunset,congruent,✅,0.9504220123247544
41,61,game,incongruent,✅,0.31910382264083575
41,61,sunset,incongruent,✅,0.18987947899739033
41,62,holidays,congruent,✅,0.9605728066774895
41,62,funeral,congruent,✅,0.9517029124868635
41,62,holidays,incongruent,✅,0.309308267634684
41,62,funeral,incongruent,❌,0.5283916438319605
41,63,grades,congruent,✅,0.8541516655431384
41,63,affair,congruent,✅,0.9337856545685689
41,63,grades,incongruent,✅,0.31798981155730477
41,63,affair,incongruent,✅,0.03187226064803071
41,64,arrest,congruent,✅,0.89118898283842
41,64,stroke,congruent,✅,0.5950605974093058
41,64,arrest,incongruent,❌,0.6338853195516242
41,64,stroke,incongruent,❌,0.5439873593542016
41,65,pacifier,congruent,✅,0.9686398644579691
41,65,coffee,congruent,✅,0.9072716156782311
41,65,pacifier,incongruent,✅,0.08045432168801334
41,65,coffee,incongruent,✅,0.330671772381678
41,66,sweets,congruent,✅,0.9311735949237413
41,66,sentencing,congruent,✅,0.8633262351311567
41,66,sweets,incongruent,✅,0.004169389535600922
41,66,sentencing,incongruent,✅,0.03178323092580311
41,67,nap,congruent,✅,0.9315636503667367
41,67,selfie,congruent,✅,0.9575945105319861
41,67,nap,incongruent,✅,0.07796211047029425
41,67,selfie,incongruent,✅,0.029606034547945147
41,68,diaper,congruent,✅,0.9469413923414197
41,68,tire,congruent,✅,0.9876917801422901
41,68,diaper,incongruent,✅,0.009932468461563483
41,68,tire,incongruent,✅,0.027424983269463032
41,69,chemotherapy,congruent,✅,0.875025258850909
41,69,golf,congruent,✅,0.9881232571884954
41,69,chemotherapy,incongruent,✅,0.0696536232131395
41,69,golf,incongruent,✅,0.4929775635322568
41,7,consensus,congruent,❌,0.16273612236161408
41,7,deadlock,congruent,❌,0.309770856008855
41,7,consensus,incongruent,✅,0.12319265465785585
41,7,deadlock,incongruent,✅,0.04053750308800691
41,70,thunder,congruent,✅,0.7625238962055894
41,70,lullaby,congruent,❌,0.4761798578873127
41,70,thunder,incongruent,✅,0.05101875037947095
41,70,lullaby,incongruent,✅,0.1210779305588218
41,71,pajamas,congruent,✅,0.9487754573418082
41,71,uniform,congruent,✅,0.9849822929395193
41,71,pajamas,incongruent,✅,0.059826997651165226
41,71,uniform,incongruent,✅,0.02091350891665085
41,72,gown,congruent,✅,0.9911292720489385
41,72,sweats,congruent,✅,0.8723477666379009
41,72,gown,incongruent,✅,0.017917202260491625
41,72,sweats,incongruent,✅,0.42397666850150145
41,73,deadline,congruent,❌,0.3745483212889407
41,73,bed,congruent,✅,0.9937290298937489
41,73,deadline,incongruent,✅,0.1278678032994178
41,73,bed,incongruent,✅,0.08696769287029249
41,74,kindergarten,congruent,✅,0.833738490361023
41,74,jail,congruent,✅,0.5735801004896997
41,74,kindergarten,incongruent,✅,0.018404082545855505
41,74,jail,incongruent,✅,0.4883143371005414
41,75,interrogated,congruent,✅,0.9021151103246824
41,75,tickled,congruent,✅,0.7649397653810284
41,75,interrogated,incongruent,❌,0.5684611847881174
41,75,tickled,incongruent,✅,0.05729416665120458
41,76,sandcastle,congruent,✅,0.9815431888878207
41,76,snowman,congruent,✅,0.9932340286505031
41,76,sandcastle,incongruent,✅,0.2359113360711251
41,76,snowman,incongruent,❌,0.7483990746624728
41,77,music,congruent,✅,0.9944401909440371
41,77,pizza,congruent,✅,0.9982797582188366
41,77,music,incongruent,✅,0.3305835810214796
41,77,pizza,incongruent,✅,0.03493941552913022
41,78,playoffs,congruent,❌,0.18055005050304596
41,78,cartoon,congruent,✅,0.9791538307901357
41,78,playoffs,incongruent,✅,0.013848460613916789
41,78,cartoon,incongruent,✅,0.015048305068438347
41,79,alcoholism,congruent,✅,0.8668649050581296
41,79,academics,congruent,✅,0.962531524285911
41,79,alcoholism,incongruent,✅,0.3307241947823119
41,79,academics,incongruent,✅,0.2754369809517309
41,8,engagement,congruent,✅,0.7413607301277871
41,8,cancer,congruent,✅,0.6397777661124026
41,8,engagement,incongruent,❌,0.7688095195325553
41,8,cancer,incongruent,✅,0.32955606337895416
41,9,terminal,congruent,✅,0.9293625717961249
41,9,classroom,congruent,✅,0.9295813507079992
41,9,terminal,incongruent,✅,0.05504569150187102
41,9,classroom,incongruent,✅,0.06524628077774537
42,0,library,congruent,✅,0.9442423735251317
42,0,refrigerator,congruent,✅,0.6454413856604163
42,0,library,incongruent,✅,0.17443156888987973
42,0,refrigerator,incongruent,✅,0.10735841184098596
42,1,disappointment,congruent,❌,0.4994616063196972
42,1,delight,congruent,✅,0.6050457770224279
42,1,disappointment,incongruent,✅,0.05796073883183347
42,1,delight,incongruent,✅,0.4154990044264335
42,10,cash,congruent,✅,0.9933143364087446
42,10,groceries,congruent,✅,0.5431711223559088
42,10,cash,incongruent,✅,0.06093012501322212
42,10,groceries,incongruent,✅,0.041788808064494795
42,11,lonely,congruent,✅,0.9410982052987679
42,11,confident,congruent,✅,0.9099508881614055
42,11,lonely,incongruent,✅,0.2530396651752544
42,11,confident,incongruent,❌,0.6537340139818424
42,12,joy,congruent,✅,0.980338269616323
42,12,outrage,congruent,❌,0.3596288557570113
42,12,joy,incongruent,✅,0.1467826433296845
42,12,outrage,incongruent,❌,0.7566599821233582
42,13,traffic,congruent,✅,0.9974558428142857
42,13,snowstorm,congruent,✅,0.9569897098905746
42,13,traffic,incongruent,❌,0.5335579534460733
42,13,snowstorm,incongruent,❌,0.782812637103464
42,14,laughter,congruent,✅,0.9793990350827606
42,14,frustration,congruent,✅,0.8009039787334932
42,14,laughter,incongruent,✅,0.11100878420880979
42,14,frustration,incongruent,❌,0.506028461146989
42,15,calculator,congruent,❌,0.2869484380312441
42,15,instrument,congruent,✅,0.8645922194265072
42,15,calculator,incongruent,✅,0.04775266316148441
42,15,instrument,incongruent,✅,0.16183082014243294
42,16,orchestra,congruent,✅,0.901196188369015
42,16,racers,congruent,✅,0.8928885415870342
42,16,orchestra,incongruent,✅,0.2659075518858559
42,16,racers,incongruent,✅,0.15319223222640133
42,17,retirement,congruent,✅,0.7618515957111818
42,17,playdate,congruent,✅,0.9095173760985555
42,17,retirement,incongruent,✅,0.19954837780002796
42,17,playdate,incongruent,✅,0.08447316523963881
42,18,relieved,congruent,✅,0.6665925221592126
42,18,depressed,congruent,❌,0.17777114181830134
42,18,relieved,incongruent,✅,0.056865466026684706
42,18,depressed,incongruent,✅,0.4827298641292598
42,19,friends,congruent,✅,0.8569210145258966
42,19,weight,congruent,✅,0.9383109199319396
42,19,friends,incongruent,❌,0.8515926505336319
42,19,weight,incongruent,✅,0.473389743859511
42,2,overcoat,congruent,✅,0.500090410296663
42,2,sandals,congruent,❌,0.3298068949985004
42,2,overcoat,incongruent,✅,0.08619304988437611
42,2,sandals,incongruent,✅,0.07971690546973231
42,20,lipstick,congruent,✅,0.759473024893133
42,20,song,congruent,✅,0.9914279622103196
42,20,lipstick,incongruent,❌,0.7323792289230425
42,20,song,incongruent,✅,0.2483229356809145
42,21,fought,congruent,✅,0.9415643408636979
42,21,sang,congruent,✅,0.6423576295350659
42,21,fought,incongruent,✅,0.12629808384832134
42,21,sang,incongruent,✅,0.03298463987165524
42,22,skeptical,congruent,✅,0.5890556225381197
42,22,reassured,congruent,✅,0.5112006322323313
42,22,skeptical,incongruent,✅,0.2966099216934479
42,22,reassured,incongruent,✅,0.3484312131953796
42,23,graduation,congruent,✅,0.9916930635385459
42,23,operation,congruent,✅,0.9276012910021109
42,23,graduation,incongruent,✅,0.4083310597912351
42,23,operation,incongruent,✅,0.2218031905872937
42,24,bride,congruent,❌,0.298988628213251
42,24,aftermath,congruent,✅,0.922633066076526
42,24,bride,incongruent,✅,0.009361960783718667
42,24,aftermath,incongruent,✅,0.015837508311203063
42,25,teacher,congruent,✅,0.8799656310434969
42,25,daughter,congruent,✅,0.9641246581095273
42,25,teacher,incongruent,❌,0.6546250232088465
42,25,daughter,incongruent,✅,0.1612556491727767
42,26,roommate,congruent,✅,0.5777505258209494
42,26,grandma,congruent,✅,0.877593978620232
42,26,roommate,incongruent,✅,0.025009896324546185
42,26,grandma,incongruent,✅,0.003749054326298882
42,27,brother,congruent,✅,0.8713214280728425
42,27,mother,congruent,✅,0.8580328333427125
42,27,brother,incongruent,✅,0.09995883368328379
42,27,mother,incongruent,✅,0.21496420571657124
42,28,preschool,congruent,✅,0.6612565450735596
42,28,prison,congruent,✅,0.9036795533025628
42,28,preschool,incongruent,✅,0.19009092138320813
42,28,prison,incongruent,✅,0.049512133017428524
42,29,hopeful,congruent,✅,0.7132010160975945
42,29,hopeless,congruent,✅,0.7079097784112993
42,29,hopeful,incongruent,✅,0.2206847474345394
42,29,hopeless,incongruent,✅,0.38227897032222713
42,3,marathon,congruent,✅,0.8530191148810203
42,3,exam,congruent,✅,0.9883272559522421
42,3,marathon,incongruent,✅,0.4676073524719944
42,3,exam,incongruent,✅,0.08187791339492675
42,30,appalled,congruent,✅,0.5874970023615679
42,30,overjoyed,congruent,✅,0.5280519543846481
42,30,appalled,incongruent,✅,0.11112094591580692
42,30,overjoyed,incongruent,✅,0.20677238649538573
42,31,reprimand,congruent,✅,0.6743965176848576
42,31,encouragement,congruent,✅,0.8223259379963773
42,31,reprimand,incongruent,✅,0.20153182526056387
42,31,encouragement,incongruent,✅,0.23698464183001203
42,32,angrily,congruent,✅,0.8787524808411066
42,32,cordially,congruent,✅,0.6289762535543792
42,32,angrily,incongruent,✅,0.11748478511545536
42,32,cordially,incongruent,✅,0.29160371018245357
42,33,accusatory,congruent,❌,0.4375125182983888
42,33,flirtatious,congruent,✅,0.5887941335777273
42,33,accusatory,incongruent,✅,0.291256205270782
42,33,flirtatious,incongruent,✅,0.08457202136635755
42,34,disapprovingly,congruent,✅,0.9481405701425066
42,34,lovingly,congruent,❌,0.415441623810202
42,34,disapprovingly,incongruent,✅,0.11495718634586771
42,34,lovingly,incongruent,❌,0.8143268127170392
42,35,playful,congruent,✅,0.8036745934056497
42,35,distant,congruent,✅,0.6829662849642162
42,35,playful,incongruent,✅,0.28745583773264755
42,35,distant,incongruent,✅,0.2643938523535976
42,36,headphones,congruent,✅,0.7852103903336207
42,36,mangoes,congruent,✅,0.9153398582190337
42,36,headphones,incongruent,❌,0.6150327688110448
42,36,mangoes,incongruent,✅,0.17308987344068177
42,37,playroom,congruent,✅,0.9804710499309974
42,37,park,congruent,✅,0.9671658008840471
42,37,playroom,incongruent,✅,0.037646581046728626
42,37,park,incongruent,✅,0.35910811842222046
42,38,bedroom,congruent,✅,0.9143409697220968
42,38,backyard,congruent,✅,0.9769850522034819
42,38,bedroom,incongruent,✅,0.27079906469271176
42,38,backyard,incongruent,✅,0.012691266802352724
42,39,solemnly,congruent,❌,0.1511211352907872
42,39,excitedly,congruent,✅,0.7484559946451711
42,39,solemnly,incongruent,✅,0.26826038190907864
42,39,excitedly,incongruent,✅,0.014237823910771967
42,4,menu,congruent,✅,0.8715543228949945
42,4,prescription,congruent,✅,0.9413309299074933
42,4,menu,incongruent,✅,0.06955927609110736
42,4,prescription,incongruent,✅,0.18802985943784273
42,40,car,congruent,✅,0.9472075237345934
42,40,sock,congruent,❌,0.17754848648978208
42,40,car,incongruent,✅,0.08268689407918259
42,40,sock,incongruent,✅,0.2773778427410269
42,41,overdressed,congruent,✅,0.9878675568331772
42,41,naked,congruent,✅,0.6339665957542846
42,41,overdressed,incongruent,✅,0.12204894959166473
42,41,naked,incongruent,❌,0.5988585586076158
42,42,shy,congruent,❌,0.30929693883565496
42,42,lively,congruent,✅,0.8668784725991048
42,42,shy,incongruent,✅,0.22105357791015393
42,42,lively,incongruent,✅,0.15129750067705738
42,43,offended,congruent,❌,0.49169466644898097
42,43,flattered,congruent,✅,0.8029297993527795
42,43,offended,incongruent,❌,0.6125626176021405
42,43,flattered,incongruent,✅,0.4609011606449796
42,44,grandkid,congruent,✅,0.8026785230931947
42,44,cellmate,congruent,✅,0.9546444619867395
42,44,grandkid,incongruent,✅,0.4710004920465063
42,44,cellmate,incongruent,✅,0.187114010532508
42,45,promoted,congruent,✅,0.9090886107734261
42,45,fired,congruent,✅,0.9685526082353346
42,45,promoted,incongruent,❌,0.6399425618589039
42,45,fired,incongruent,❌,0.801798892538978
42,46,shooting,congruent,❌,0.25357948745385006
42,46,celebration,congruent,❌,0.3027567801929443
42,46,shooting,incongruent,✅,0.18304012095973127
42,46,celebration,incongruent,✅,0.06071357013079238
42,47,crayon,congruent,✅,0.7230947423670983
42,47,beer,congruent,✅,0.9165630095486664
42,47,crayon,incongruent,✅,0.10797859192308994
42,47,beer,incongruent,✅,0.030951142364033752
42,48,waiter,congruent,✅,0.7961347015956942
42,48,taxi,congruent,✅,0.6842159141117053
42,48,waiter,incongruent,✅,0.352286389160061
42,48,taxi,incongruent,✅,0.14139445711462345
42,49,parents,congruent,✅,0.9769504100777213
42,49,keys,congruent,✅,0.7869616320905767
42,49,parents,incongruent,✅,0.19834646427077066
42,49,keys,incongruent,✅,0.20891574414418512
42,5,distress,congruent,✅,0.841791238188056
42,5,tranquility,congruent,✅,0.8208812931014506
42,5,distress,incongruent,✅,0.1163743627186421
42,5,tranquility,incongruent,✅,0.19955951320193593
42,50,sofa,congruent,✅,0.9891945406300097
42,50,sky,congruent,✅,0.9466381595346811
42,50,sofa,incongruent,✅,0.03390323346293924
42,50,sky,incongruent,✅,0.45506526894219335
42,51,obesity,congruent,❌,0.2804378554797064
42,51,homework,congruent,✅,0.9568575934057433
42,51,obesity,incongruent,✅,0.033072877395170126
42,51,homework,incongruent,✅,0.1859792865067083
42,52,quiz,congruent,✅,0.7964291566734784
42,52,commute,congruent,✅,0.9660617947171035
42,52,quiz,incongruent,✅,0.012598787389897044
42,52,commute,incongruent,✅,0.05397728265773365
42,53,migraine,congruent,✅,0.9865185240642144
42,53,excitement,congruent,✅,0.8967281000085604
42,53,migraine,incongruent,✅,0.013860997685568229
42,53,excitement,incongruent,❌,0.8478051940246405
42,54,niece,congruent,✅,0.9446554441683459
42,54,husband,congruent,✅,0.7042558898797636
42,54,niece,incongruent,✅,0.42082749915968076
42,54,husband,incongruent,❌,0.7262298012643308
42,55,film,congruent,✅,0.9243371045061657
42,55,sunrise,congruent,✅,0.5433245956808079
42,55,film,incongruent,✅,0.09152163695788185
42,55,sunrise,incongruent,✅,0.09227883987558275
42,56,lecture,congruent,✅,0.8725262056329196
42,56,banquet,congruent,❌,0.43022508648820734
42,56,lecture,incongruent,✅,0.008410715120090775
42,56,banquet,incongruent,✅,0.008931507102585166
42,57,drink,congruent,✅,0.881492207635762
42,57,textbook,congruent,✅,0.6169289935451403
42,57,drink,incongruent,✅,0.03467095830560239
42,57,textbook,incongruent,✅,0.031315663657920205
42,58,pool,congruent,✅,0.9843179318665811
42,58,snow,congruent,❌,0.29279526846060233
42,58,pool,incongruent,✅,0.009608582519423035
42,58,snow,incongruent,✅,0.06027118847586197
42,59,passport,congruent,✅,0.8087897010875503
42,59,plushy,congruent,✅,0.9137170820547348
42,59,passport,incongruent,✅,0.0569215612437235
42,59,plushy,incongruent,✅,0.24244187770157558
42,6,patients,congruent,✅,0.9659898885756579
42,6,students,congruent,✅,0.9841360169388385
42,6,patients,incongruent,✅,0.0456721077800619
42,6,students,incongruent,✅,0.011968996933864414
42,60,sister,congruent,❌,0.4552995151088365
42,60,father,congruent,✅,0.9747598783071053
42,60,sister,incongruent,✅,0.28227746896324457
42,60,father,incongruent,✅,0.03049471474550819
42,61,game,congruent,✅,0.9291710341544548
42,61,sunset,congruent,✅,0.9522726310143722
42,61,game,incongruent,✅,0.3722239092832842
42,61,sunset,incongruent,✅,0.21360081908676884
42,62,holidays,congruent,✅,0.9454764516571279
42,62,funeral,congruent,✅,0.9533634393405523
42,62,holidays,incongruent,✅,0.3371633315993428
42,62,funeral,incongruent,✅,0.4344523687552931
42,63,grades,congruent,✅,0.8882762237371197
42,63,affair,congruent,✅,0.9363141451054154
42,63,grades,incongruent,✅,0.3850062880853949
42,63,affair,incongruent,✅,0.045345777347118525
42,64,arrest,congruent,✅,0.8798629445990501
42,64,stroke,congruent,✅,0.5150746533181588
42,64,arrest,incongruent,❌,0.5409290371683115
42,64,stroke,incongruent,❌,0.5246592960514734
42,65,pacifier,congruent,✅,0.9194045110783241
42,65,coffee,congruent,✅,0.8985184475243214
42,65,pacifier,incongruent,✅,0.08399858427761342
42,65,coffee,incongruent,✅,0.17255422030310139
42,66,sweets,congruent,✅,0.9444485054410175
42,66,sentencing,congruent,✅,0.8550205060788849
42,66,sweets,incongruent,✅,0.004396486371686662
42,66,sentencing,incongruent,✅,0.04143499907570451
42,67,nap,congruent,✅,0.9068906445905165
42,67,selfie,congruent,✅,0.9449170951574477
42,67,nap,incongruent,✅,0.07042331395619575
42,67,selfie,incongruent,✅,0.022497810221894156
42,68,diaper,congruent,✅,0.9357825966143185
42,68,tire,congruent,✅,0.9734947141743733
42,68,diaper,incongruent,✅,0.0050701541055708
42,68,tire,incongruent,✅,0.02343930193544154
42,69,chemotherapy,congruent,✅,0.9311730151850555
42,69,golf,congruent,✅,0.9877496143793918
42,69,chemotherapy,incongruent,✅,0.058790852553924425
42,69,golf,incongruent,❌,0.6199986485827672
42,7,consensus,congruent,❌,0.14311220243732206
42,7,deadlock,congruent,❌,0.40889177810298544
42,7,consensus,incongruent,✅,0.17007056769578022
42,7,deadlock,incongruent,✅,0.03780834965692876
42,70,thunder,congruent,✅,0.6822334401986421
42,70,lullaby,congruent,✅,0.5462225911576399
42,70,thunder,incongruent,✅,0.055569015169873115
42,70,lullaby,incongruent,✅,0.08310872997641303
42,71,pajamas,congruent,✅,0.940312322905294
42,71,uniform,congruent,✅,0.9771734873560343
42,71,pajamas,incongruent,✅,0.05036827362069517
42,71,uniform,incongruent,✅,0.021052461024158486
42,72,gown,congruent,✅,0.987762611052736
42,72,sweats,congruent,✅,0.9084932128627553
42,72,gown,incongruent,✅,0.02870605773449095
42,72,sweats,incongruent,✅,0.376288623095999
42,73,deadline,congruent,❌,0.3536583082347323
42,73,bed,congruent,✅,0.9946217770723901
42,73,deadline,incongruent,✅,0.1494361994208119
42,73,bed,incongruent,✅,0.08787914043264816
42,74,kindergarten,congruent,✅,0.8426692393423076
42,74,jail,congruent,✅,0.6121968377151352
42,74,kindergarten,incongruent,✅,0.021902483125946438
42,74,jail,incongruent,❌,0.5131911672353238
42,75,interrogated,congruent,✅,0.9021670547266042
42,75,tickled,congruent,✅,0.7485093998994367
42,75,interrogated,incongruent,❌,0.5418184570192645
42,75,tickled,incongruent,✅,0.0592047592119397
42,76,sandcastle,congruent,✅,0.9907205876830713
42,76,snowman,congruent,✅,0.9932428378944437
42,76,sandcastle,incongruent,✅,0.15813932311140808
42,76,snowman,incongruent,❌,0.8556423206558074
42,77,music,congruent,✅,0.9942393888675363
42,77,pizza,congruent,✅,0.9981483464265833
42,77,music,incongruent,✅,0.3287894397361728
42,77,pizza,incongruent,✅,0.035138949451712254
42,78,playoffs,congruent,❌,0.1903875308038475
42,78,cartoon,congruent,✅,0.9862304765577655
42,78,playoffs,incongruent,✅,0.021016470020794136
42,78,cartoon,incongruent,✅,0.013034320074573565
42,79,alcoholism,congruent,✅,0.8697445141766359
42,79,academics,congruent,✅,0.9381785559644237
42,79,alcoholism,incongruent,✅,0.20706270934752583
42,79,academics,incongruent,✅,0.3137640387593722
42,8,engagement,congruent,✅,0.6519520644851419
42,8,cancer,congruent,✅,0.5028526413690065
42,8,engagement,incongruent,❌,0.6241034616694208
42,8,cancer,incongruent,✅,0.24615499344353947
42,9,terminal,congruent,✅,0.9444218284950264
42,9,classroom,congruent,✅,0.9201098458724458
42,9,terminal,incongruent,✅,0.05128916430658205
42,9,classroom,incongruent,✅,0.08381096814424246
43,0,library,congruent,✅,0.9479519184613598
43,0,refrigerator,congruent,✅,0.6094189798462286
43,0,library,incongruent,✅,0.14907795939200996
43,0,refrigerator,incongruent,✅,0.09948970247075066
43,1,disappointment,congruent,❌,0.43563901226271523
43,1,delight,congruent,✅,0.63010318963994
43,1,disappointment,incongruent,✅,0.07493665924244904
43,1,delight,incongruent,✅,0.3379762005304572
43,10,cash,congruent,✅,0.992301770295721
43,10,groceries,congruent,❌,0.43827049990173833
43,10,cash,incongruent,✅,0.03922034717913281
43,10,groceries,incongruent,✅,0.025828045031610902
43,11,lonely,congruent,✅,0.9084284738800874
43,11,confident,congruent,✅,0.9322031653113857
43,11,lonely,incongruent,✅,0.3054241485927026
43,11,confident,incongruent,❌,0.5373571520408775
43,12,joy,congruent,✅,0.9682182740708778
43,12,outrage,congruent,❌,0.2970794456114003
43,12,joy,incongruent,✅,0.1115110306605627
43,12,outrage,incongruent,❌,0.6522322391253133
43,13,traffic,congruent,✅,0.9990095170009335
43,13,snowstorm,congruent,✅,0.9448340064171513
43,13,traffic,incongruent,✅,0.44324247829568264
43,13,snowstorm,incongruent,❌,0.8942797919558485
43,14,laughter,congruent,✅,0.9750867118550179
43,14,frustration,congruent,✅,0.7632712986302826
43,14,laughter,incongruent,✅,0.09766265364411182
43,14,frustration,incongruent,✅,0.42515987215114487
43,15,calculator,congruent,❌,0.2044178523018768
43,15,instrument,congruent,✅,0.891656006093696
43,15,calculator,incongruent,✅,0.0978050319357531
43,15,instrument,incongruent,✅,0.10167620464676143
43,16,orchestra,congruent,✅,0.8582744778489448
43,16,racers,congruent,✅,0.8556206414870453
43,16,orchestra,incongruent,✅,0.2309081400927782
43,16,racers,incongruent,✅,0.12011685356382351
43,17,retirement,congruent,✅,0.7480716788257923
43,17,playdate,congruent,✅,0.903635321239309
43,17,retirement,incongruent,✅,0.18289952100583506
43,17,playdate,incongruent,✅,0.07250307559534634
43,18,relieved,congruent,✅,0.6140961325565539
43,18,depressed,congruent,❌,0.21891650100143414
43,18,relieved,incongruent,✅,0.0667484037996648
43,18,depressed,incongruent,✅,0.4373867302622038
43,19,friends,congruent,✅,0.7749483029143136
43,19,weight,congruent,✅,0.9495095814835703
43,19,friends,incongruent,❌,0.8559025675973068
43,19,weight,incongruent,✅,0.34830096607079136
43,2,overcoat,congruent,✅,0.6668228395122835
43,2,sandals,congruent,❌,0.3353938809092732
43,2,overcoat,incongruent,✅,0.0936697645602398
43,2,sandals,incongruent,✅,0.1422811019862602
43,20,lipstick,congruent,✅,0.7481760756602921
43,20,song,congruent,✅,0.9957052254718202
43,20,lipstick,incongruent,❌,0.8273991830349506
43,20,song,incongruent,✅,0.24833059770611268
43,21,fought,congruent,✅,0.9477239127166389
43,21,sang,congruent,✅,0.5949845936751241
43,21,fought,incongruent,✅,0.027351833976919634
43,21,sang,incongruent,✅,0.02789232908159685
43,22,skeptical,congruent,❌,0.4514464990053926
43,22,reassured,congruent,✅,0.5306772131032393
43,22,skeptical,incongruent,✅,0.32501855191556983
43,22,reassured,incongruent,✅,0.2186238807032228
43,23,graduation,congruent,✅,0.9890840851799507
43,23,operation,congruent,✅,0.9477874651682516
43,23,graduation,incongruent,✅,0.44394458614452204
43,23,operation,incongruent,✅,0.15454425200336133
43,24,bride,congruent,❌,0.20696874554098144
43,24,aftermath,congruent,✅,0.9144010047752809
43,24,bride,incongruent,✅,0.010186433875946806
43,24,aftermath,incongruent,✅,0.007860000803461383
43,25,teacher,congruent,✅,0.9012858541574046
43,25,daughter,congruent,✅,0.9635142391991391
43,25,teacher,incongruent,❌,0.6262016748495649
43,25,daughter,incongruent,✅,0.1592727593976233
43,26,roommate,congruent,✅,0.7396636071102715
43,26,grandma,congruent,✅,0.917015822391646
43,26,roommate,incongruent,✅,0.036780098964317706
43,26,grandma,incongruent,✅,0.009635800107297372
43,27,brother,congruent,✅,0.8462532871898686
43,27,mother,congruent,✅,0.854563574073618
43,27,brother,incongruent,✅,0.09584372529047967
43,27,mother,incongruent,✅,0.15215178839249532
43,28,preschool,congruent,✅,0.6603581771749144
43,28,prison,congruent,✅,0.8172322444062403
43,28,preschool,incongruent,✅,0.09771957452492205
43,28,prison,incongruent,✅,0.06033751760207077
43,29,hopeful,congruent,✅,0.743035133842988
43,29,hopeless,congruent,✅,0.7035076267224666
43,29,hopeful,incongruent,✅,0.20441995925746037
43,29,hopeless,incongruent,✅,0.40038551218470975
43,3,marathon,congruent,✅,0.9158355838128561
43,3,exam,congruent,✅,0.987206998844293
43,3,marathon,incongruent,✅,0.4116750884292477
43,3,exam,incongruent,✅,0.16316755467743863
43,30,appalled,congruent,✅,0.7131633674919775
43,30,overjoyed,congruent,✅,0.6560610040171961
43,30,appalled,incongruent,✅,0.1857568540357141
43,30,overjoyed,incongruent,✅,0.31786109073593366
43,31,reprimand,congruent,✅,0.6639672175668209
43,31,encouragement,congruent,✅,0.8168891907130819
43,31,reprimand,incongruent,✅,0.2194454236275517
43,31,encouragement,incongruent,✅,0.255769276227103
43,32,angrily,congruent,✅,0.8970922700048817
43,32,cordially,congruent,✅,0.5264633138481155
43,32,angrily,incongruent,✅,0.07959406936360172
43,32,cordially,incongruent,✅,0.32898826882526355
43,33,accusatory,congruent,❌,0.37648740749525733
43,33,flirtatious,congruent,✅,0.6901065077378126
43,33,accusatory,incongruent,✅,0.4023544571020291
43,33,flirtatious,incongruent,✅,0.07768359090084637
43,34,disapprovingly,congruent,✅,0.9521392155988271
43,34,lovingly,congruent,❌,0.404086346588851
43,34,disapprovingly,incongruent,✅,0.10657488689201224
43,34,lovingly,incongruent,❌,0.8281034718837769
43,35,playful,congruent,✅,0.8217299016336366
43,35,distant,congruent,✅,0.5493855754971556
43,35,playful,incongruent,✅,0.15774862105852658
43,35,distant,incongruent,✅,0.29686804864074584
43,36,headphones,congruent,✅,0.6252715562205367
43,36,mangoes,congruent,✅,0.8472261407522991
43,36,headphones,incongruent,❌,0.5257414828935467
43,36,mangoes,incongruent,✅,0.09004665846212036
43,37,playroom,congruent,✅,0.9796040871464169
43,37,park,congruent,✅,0.9800540006772002
43,37,playroom,incongruent,✅,0.05717323841197593
43,37,park,incongruent,✅,0.35139779568759766
43,38,bedroom,congruent,✅,0.8744806147129593
43,38,backyard,congruent,✅,0.9638164206223513
43,38,bedroom,incongruent,✅,0.19602508938146007
43,38,backyard,incongruent,✅,0.01124350581127318
43,39,solemnly,congruent,❌,0.2328836423802911
43,39,excitedly,congruent,✅,0.8078524206434293
43,39,solemnly,incongruent,✅,0.3165020335183516
43,39,excitedly,incongruent,✅,0.0266565120744522
43,4,menu,congruent,✅,0.8650012545681987
43,4,prescription,congruent,✅,0.9631420736132555
43,4,menu,incongruent,✅,0.11764392592773369
43,4,prescription,incongruent,✅,0.17290848853250831
43,40,car,congruent,✅,0.9463410234988099
43,40,sock,congruent,❌,0.20661082135452685
43,40,car,incongruent,✅,0.05844177665000244
43,40,sock,incongruent,✅,0.25710240336609025
43,41,overdressed,congruent,✅,0.9909177742352686
43,41,naked,congruent,✅,0.7182953722481752
43,41,overdressed,incongruent,✅,0.12787255347893237
43,41,naked,incongruent,❌,0.6039159620162453
43,42,shy,congruent,❌,0.45036722478039576
43,42,lively,congruent,✅,0.8875330573573136
43,42,shy,incongruent,✅,0.24397473095261862
43,42,lively,incongruent,✅,0.22451944768813117
43,43,offended,congruent,❌,0.3908319299991727
43,43,flattered,congruent,✅,0.7311587397219256
43,43,offended,incongruent,❌,0.5058365246607953
43,43,flattered,incongruent,✅,0.3486933473495117
43,44,grandkid,congruent,✅,0.9030291201499551
43,44,cellmate,congruent,✅,0.9399400464541069
43,44,grandkid,incongruent,✅,0.48564713061424775
43,44,cellmate,incongruent,✅,0.31185990213260617
43,45,promoted,congruent,✅,0.8806340519932855
43,45,fired,congruent,✅,0.9755422263696512
43,45,promoted,incongruent,❌,0.734094857957095
43,45,fired,incongruent,❌,0.7584590199963408
43,46,shooting,congruent,❌,0.2597142967541499
43,46,celebration,congruent,❌,0.33094831998869456
43,46,shooting,incongruent,✅,0.19523568605934002
43,46,celebration,incongruent,✅,0.07409642545036468
43,47,crayon,congruent,✅,0.8130669765143986
43,47,beer,congruent,✅,0.9302296070124482
43,47,crayon,incongruent,✅,0.09649524618936686
43,47,beer,incongruent,✅,0.03922739535610124
43,48,waiter,congruent,✅,0.6611048711302109
43,48,taxi,congruent,❌,0.4974865681717396
43,48,waiter,incongruent,✅,0.1985171940462128
43,48,taxi,incongruent,✅,0.0593399278253801
43,49,parents,congruent,✅,0.9826157849965864
43,49,keys,congruent,✅,0.6703783698158873
43,49,parents,incongruent,✅,0.14920687613722788
43,49,keys,incongruent,✅,0.2833455733320151
43,5,distress,congruent,✅,0.8844551949621826
43,5,tranquility,congruent,✅,0.8132751066752959
43,5,distress,incongruent,✅,0.1048472970915948
43,5,tranquility,incongruent,✅,0.24957814591418329
43,50,sofa,congruent,✅,0.9846801238715729
43,50,sky,congruent,✅,0.9621788809772119
43,50,sofa,incongruent,✅,0.04535739560099608
43,50,sky,incongruent,✅,0.35242875592966194
43,51,obesity,congruent,❌,0.19376351786361204
43,51,homework,congruent,✅,0.937213373433248
43,51,obesity,incongruent,✅,0.03266256579921144
43,51,homework,incongruent,✅,0.11905804798906369
43,52,quiz,congruent,✅,0.7460419250317918
43,52,commute,congruent,✅,0.9776245188242293
43,52,quiz,incongruent,✅,0.020000927714856762
43,52,commute,incongruent,✅,0.018886371351821956
43,53,migraine,congruent,✅,0.9870177576321594
43,53,excitement,congruent,✅,0.8821572410877986
43,53,migraine,incongruent,✅,0.01247591933831708
43,53,excitement,incongruent,❌,0.856331501463364
43,54,niece,congruent,✅,0.9056434294524743
43,54,husband,congruent,✅,0.702027943276477
43,54,niece,incongruent,✅,0.3900857484503262
43,54,husband,incongruent,❌,0.5929301049291166
43,55,film,congruent,✅,0.8747054874474389
43,55,sunrise,congruent,✅,0.5987271610253495
43,55,film,incongruent,✅,0.11169227616118921
43,55,sunrise,incongruent,✅,0.041986698967941015
43,56,lecture,congruent,✅,0.8850161892923731
43,56,banquet,congruent,❌,0.49117731480778587
43,56,lecture,incongruent,✅,0.00912170104536755
43,56,banquet,incongruent,✅,0.006519589882985768
43,57,drink,congruent,✅,0.875824210083704
43,57,textbook,congruent,✅,0.7523248908786001
43,57,drink,incongruent,✅,0.054023863328245166
43,57,textbook,incongruent,✅,0.029846657954846707
43,58,pool,congruent,✅,0.9868515219806155
43,58,snow,congruent,❌,0.27360906598584056
43,58,pool,incongruent,✅,0.009083792266285615
43,58,snow,incongruent,✅,0.06300857538293723
43,59,passport,congruent,✅,0.8364388529978192
43,59,plushy,congruent,✅,0.8699262733507249
43,59,passport,incongruent,✅,0.03251337446168293
43,59,plushy,incongruent,✅,0.240406523994546
43,6,patients,congruent,✅,0.9805051794291365
43,6,students,congruent,✅,0.9923667046392421
43,6,patients,incongruent,✅,0.08989958675577216
43,6,students,incongruent,✅,0.013624837173200507
43,60,sister,congruent,✅,0.5018417075433302
43,60,father,congruent,✅,0.9704829241380898
43,60,sister,incongruent,✅,0.24267583802014223
43,60,father,incongruent,✅,0.04317600869819843
43,61,game,congruent,✅,0.8973737113185791
43,61,sunset,congruent,✅,0.9572208479006127
43,61,game,incongruent,✅,0.39207593550914965
43,61,sunset,incongruent,✅,0.13431313283783425
43,62,holidays,congruent,✅,0.9106584293177804
43,62,funeral,congruent,✅,0.9733550074621771
43,62,holidays,incongruent,✅,0.46129357497675016
43,62,funeral,incongruent,✅,0.336528671711748
43,63,grades,congruent,✅,0.9041154848026047
43,63,affair,congruent,✅,0.9552956730354993
43,63,grades,incongruent,✅,0.4107307374702294
43,63,affair,incongruent,✅,0.04932684509887308
43,64,arrest,congruent,✅,0.8512944928112931
43,64,stroke,congruent,✅,0.5243451852019045
43,64,arrest,incongruent,❌,0.5161128018611322
43,64,stroke,incongruent,✅,0.494848673594508
43,65,pacifier,congruent,✅,0.9460177084007391
43,65,coffee,congruent,✅,0.8537516315965231
43,65,pacifier,incongruent,✅,0.05435799731555265
43,65,coffee,incongruent,✅,0.2014388891134943
43,66,sweets,congruent,✅,0.9558200106132445
43,66,sentencing,congruent,✅,0.9088388721881849
43,66,sweets,incongruent,✅,0.00772764500532828
43,66,sentencing,incongruent,✅,0.04421751126024656
43,67,nap,congruent,✅,0.9168794221720128
43,67,selfie,congruent,✅,0.9568458719514601
43,67,nap,incongruent,✅,0.06652505077912253
43,67,selfie,incongruent,✅,0.03295027742054752
43,68,diaper,congruent,✅,0.9395869193013662
43,68,tire,congruent,✅,0.9749174101896215
43,68,diaper,incongruent,✅,0.008066472439297393
43,68,tire,incongruent,✅,0.031337929517632174
43,69,chemotherapy,congruent,✅,0.8966333977829358
43,69,golf,congruent,✅,0.9911392616512155
43,69,chemotherapy,incongruent,✅,0.06213866601825329
43,69,golf,incongruent,❌,0.5604515652087655
43,7,consensus,congruent,❌,0.10933935123543656
43,7,deadlock,congruent,❌,0.26871626422807293
43,7,consensus,incongruent,✅,0.08176374761206251
43,7,deadlock,incongruent,✅,0.026617358257149875
43,70,thunder,congruent,✅,0.5077995821689846
43,70,lullaby,congruent,✅,0.6217327030429567
43,70,thunder,incongruent,✅,0.07914460752512538
43,70,lullaby,incongruent,✅,0.03312272385513221
43,71,pajamas,congruent,✅,0.963688311191755
43,71,uniform,congruent,✅,0.9832196500691136
43,71,pajamas,incongruent,✅,0.08060385471062691
43,71,uniform,incongruent,✅,0.02858020635048073
43,72,gown,congruent,✅,0.9804621524843242
43,72,sweats,congruent,✅,0.8511384797995635
43,72,gown,incongruent,✅,0.016374632281117508
43,72,sweats,incongruent,✅,0.24209811330205444
43,73,deadline,congruent,❌,0.3461890692138918
43,73,bed,congruent,✅,0.9951949433707025
43,73,deadline,incongruent,✅,0.16479258084658752
43,73,bed,incongruent,✅,0.08205672249897382
43,74,kindergarten,congruent,✅,0.7664584616220143
43,74,jail,congruent,✅,0.6088731835342971
43,74,kindergarten,incongruent,✅,0.018986529095055313
43,74,jail,incongruent,✅,0.4220590954005067
43,75,interrogated,congruent,✅,0.8997044196030746
43,75,tickled,congruent,✅,0.7122946469514997
43,75,interrogated,incongruent,✅,0.4497063790524292
43,75,tickled,incongruent,✅,0.051042660067863094
43,76,sandcastle,congruent,✅,0.9914368124659986
43,76,snowman,congruent,✅,0.9956559225945752
43,76,sandcastle,incongruent,✅,0.20096415840521722
43,76,snowman,incongruent,❌,0.8499921318655302
43,77,music,congruent,✅,0.994291811844629
43,77,pizza,congruent,✅,0.9967690095537908
43,77,music,incongruent,✅,0.15249432356934856
43,77,pizza,incongruent,✅,0.02502357494786142
43,78,playoffs,congruent,❌,0.2780532696142019
43,78,cartoon,congruent,✅,0.9892525211672855
43,78,playoffs,incongruent,✅,0.021038914827219583
43,78,cartoon,incongruent,✅,0.021746522882452424
43,79,alcoholism,congruent,✅,0.9114087427942509
43,79,academics,congruent,✅,0.9541934566053831
43,79,alcoholism,incongruent,✅,0.26205161761288726
43,79,academics,incongruent,✅,0.3440735919964162
43,8,engagement,congruent,✅,0.782812572423725
43,8,cancer,congruent,❌,0.4510320445321063
43,8,engagement,incongruent,❌,0.554649448189549
43,8,cancer,incongruent,✅,0.40753287315129716
43,9,terminal,congruent,✅,0.9644455195294497
43,9,classroom,congruent,✅,0.9393703543355381
43,9,terminal,incongruent,✅,0.06746797271028633
43,9,classroom,incongruent,✅,0.09656940407690347
44,0,library,congruent,✅,0.9663594383330092
44,0,refrigerator,congruent,✅,0.5599989616898966
44,0,library,incongruent,✅,0.15839767672279095
44,0,refrigerator,incongruent,✅,0.1101064748392048
44,1,disappointment,congruent,❌,0.44425482395765836
44,1,delight,congruent,✅,0.7896819261145409
44,1,disappointment,incongruent,✅,0.17832522864035688
44,1,delight,incongruent,✅,0.32400317793063566
44,10,cash,congruent,✅,0.9934946747731443
44,10,groceries,congruent,✅,0.5395722650606681
44,10,cash,incongruent,✅,0.06525374995221045
44,10,groceries,incongruent,✅,0.03275122214571854
44,11,lonely,congruent,✅,0.8010538894686762
44,11,confident,congruent,✅,0.8912251858940109
44,11,lonely,incongruent,✅,0.1907104675886187
44,11,confident,incongruent,✅,0.3244980781022123
44,12,joy,congruent,✅,0.9717584784101178
44,12,outrage,congruent,❌,0.3597027864023941
44,12,joy,incongruent,✅,0.15342970962971317
44,12,outrage,incongruent,❌,0.6134353465116026
44,13,traffic,congruent,✅,0.9979852467584492
44,13,snowstorm,congruent,✅,0.9328498283286782
44,13,traffic,incongruent,✅,0.3487669994375822
44,13,snowstorm,incongruent,❌,0.7137075623728154
44,14,laughter,congruent,✅,0.9832400287396341
44,14,frustration,congruent,✅,0.709559345669323
44,14,laughter,incongruent,✅,0.07660051206111564
44,14,frustration,incongruent,✅,0.41973401974185953
44,15,calculator,congruent,❌,0.30325041265826347
44,15,instrument,congruent,✅,0.9210527495586411
44,15,calculator,incongruent,✅,0.0779138696569235
44,15,instrument,incongruent,✅,0.12260636345405217
44,16,orchestra,congruent,✅,0.9232850992241922
44,16,racers,congruent,✅,0.9210621385504634
44,16,orchestra,incongruent,✅,0.43575749009571246
44,16,racers,incongruent,✅,0.20641224375191602
44,17,retirement,congruent,✅,0.653191522625051
44,17,playdate,congruent,✅,0.9053423847324362
44,17,retirement,incongruent,✅,0.12352620549950233
44,17,playdate,incongruent,✅,0.05228615134325397
44,18,relieved,congruent,❌,0.46014361268358783
44,18,depressed,congruent,❌,0.46136661967312953
44,18,relieved,incongruent,✅,0.15124903524839578
44,18,depressed,incongruent,✅,0.3114893439817235
44,19,friends,congruent,✅,0.7878558409381168
44,19,weight,congruent,✅,0.9739698578305002
44,19,friends,incongruent,❌,0.9250919136630642
44,19,weight,incongruent,✅,0.4077534570059316
44,2,overcoat,congruent,✅,0.7263394966987178
44,2,sandals,congruent,❌,0.43368549759395614
44,2,overcoat,incongruent,✅,0.14748322122366025
44,2,sandals,incongruent,✅,0.18115563468441198
44,20,lipstick,congruent,✅,0.8479314121113454
44,20,song,congruent,✅,0.9912481312978798
44,20,lipstick,incongruent,❌,0.7638224596641798
44,20,song,incongruent,✅,0.43611082793990785
44,21,fought,congruent,✅,0.930271325709206
44,21,sang,congruent,✅,0.6492155953914251
44,21,fought,incongruent,✅,0.0061347145953979864
44,21,sang,incongruent,✅,0.02222581974296565
44,22,skeptical,congruent,✅,0.5705239365873876
44,22,reassured,congruent,✅,0.5324234500530379
44,22,skeptical,incongruent,✅,0.33069305636486496
44,22,reassured,incongruent,✅,0.299374491240268
44,23,graduation,congruent,✅,0.9886530952743234
44,23,operation,congruent,✅,0.9340133276772419
44,23,graduation,incongruent,✅,0.3739974176936627
44,23,operation,incongruent,✅,0.13199607249036124
44,24,bride,congruent,❌,0.11026249356911368
44,24,aftermath,congruent,✅,0.8872583658576105
44,24,bride,incongruent,✅,0.015951484022357586
44,24,aftermath,incongruent,✅,0.005127615891294601
44,25,teacher,congruent,✅,0.9016121056364341
44,25,daughter,congruent,✅,0.9743483841190822
44,25,teacher,incongruent,❌,0.6964143305465346
44,25,daughter,incongruent,✅,0.18238406677225052
44,26,roommate,congruent,✅,0.6214084487014747
44,26,grandma,congruent,✅,0.9670193210027748
44,26,roommate,incongruent,✅,0.06650978918023762
44,26,grandma,incongruent,✅,0.007363957439557941
44,27,brother,congruent,✅,0.8351254842449135
44,27,mother,congruent,✅,0.8660166047641649
44,27,brother,incongruent,✅,0.09712083935010661
44,27,mother,incongruent,✅,0.13773291751459524
44,28,preschool,congruent,✅,0.6353888455439369
44,28,prison,congruent,✅,0.817658514427727
44,28,preschool,incongruent,✅,0.16975655020680974
44,28,prison,incongruent,✅,0.03966328636349308
44,29,hopeful,congruent,✅,0.7886697026712383
44,29,hopeless,congruent,✅,0.8052253775101311
44,29,hopeful,incongruent,✅,0.3432130953513675
44,29,hopeless,incongruent,✅,0.4360909036557511
44,3,marathon,congruent,✅,0.9049724828192425
44,3,exam,congruent,✅,0.9831070313596161
44,3,marathon,incongruent,✅,0.36168206050704743
44,3,exam,incongruent,✅,0.08174477448383695
44,30,appalled,congruent,❌,0.4536806488102459
44,30,overjoyed,congruent,✅,0.5273969038187103
44,30,appalled,incongruent,✅,0.1304014457139378
44,30,overjoyed,incongruent,✅,0.1359022465704942
44,31,reprimand,congruent,✅,0.7456877833886586
44,31,encouragement,congruent,✅,0.8010867202363654
44,31,reprimand,incongruent,✅,0.19722354346918117
44,31,encouragement,incongruent,✅,0.39194094470213625
44,32,angrily,congruent,✅,0.9337425449036534
44,32,cordially,congruent,✅,0.7632962181218444
44,32,angrily,incongruent,✅,0.24491604024576863
44,32,cordially,incongruent,❌,0.5030120372497637
44,33,accusatory,congruent,❌,0.4762311881744684
44,33,flirtatious,congruent,✅,0.6712893006056079
44,33,accusatory,incongruent,✅,0.38492369997720216
44,33,flirtatious,incongruent,✅,0.11314042369404369
44,34,disapprovingly,congruent,✅,0.9108111135116724
44,34,lovingly,congruent,❌,0.4064513120425347
44,34,disapprovingly,incongruent,✅,0.0909303404380772
44,34,lovingly,incongruent,❌,0.7394703141420047
44,35,playful,congruent,✅,0.8285871377169759
44,35,distant,congruent,❌,0.37174882514624463
44,35,playful,incongruent,✅,0.08310224607250855
44,35,distant,incongruent,✅,0.32758043974832113
44,36,headphones,congruent,✅,0.6534025234088815
44,36,mangoes,congruent,✅,0.8724842206880218
44,36,headphones,incongruent,❌,0.6590521403096543
44,36,mangoes,incongruent,✅,0.10656422475697012
44,37,playroom,congruent,✅,0.9598000773184359
44,37,park,congruent,✅,0.9832491041838837
44,37,playroom,incongruent,✅,0.109279964453309
44,37,park,incongruent,✅,0.25188448935538366
44,38,bedroom,congruent,✅,0.8434493704563284
44,38,backyard,congruent,✅,0.9501904861470319
44,38,bedroom,incongruent,✅,0.2081372860454429
44,38,backyard,incongruent,✅,0.008991928912943155
44,39,solemnly,congruent,❌,0.133115829554879
44,39,excitedly,congruent,✅,0.7998885595965373
44,39,solemnly,incongruent,✅,0.3570478590234137
44,39,excitedly,incongruent,✅,0.012632627051835292
44,4,menu,congruent,✅,0.7845567899164504
44,4,prescription,congruent,✅,0.940829216097913
44,4,menu,incongruent,✅,0.06326811999963228
44,4,prescription,incongruent,✅,0.109280177732514
44,40,car,congruent,✅,0.9555630827042619
44,40,sock,congruent,❌,0.23360761624430704
44,40,car,incongruent,✅,0.062126438224327146
44,40,sock,incongruent,✅,0.2610050300722738
44,41,overdressed,congruent,✅,0.9857064527539753
44,41,naked,congruent,✅,0.7229219799858261
44,41,overdressed,incongruent,✅,0.15056442402483702
44,41,naked,incongruent,❌,0.5087070247460778
44,42,shy,congruent,❌,0.4054585537116741
44,42,lively,congruent,✅,0.8141494773296203
44,42,shy,incongruent,✅,0.15832551234733863
44,42,lively,incongruent,✅,0.20672762295162694
44,43,offended,congruent,❌,0.46959755744144455
44,43,flattered,congruent,✅,0.7709782733635648
44,43,offended,incongruent,❌,0.5294256307602743
44,43,flattered,incongruent,✅,0.42880204397615473
44,44,grandkid,congruent,✅,0.8672061577751086
44,44,cellmate,congruent,✅,0.9478052431028351
44,44,grandkid,incongruent,✅,0.4329892887121199
44,44,cellmate,incongruent,✅,0.23764785766530533
44,45,promoted,congruent,✅,0.9509736158734522
44,45,fired,congruent,✅,0.9364081112773256
44,45,promoted,incongruent,❌,0.5297090590823803
44,45,fired,incongruent,❌,0.8596357105673427
44,46,shooting,congruent,❌,0.3307642695316794
44,46,celebration,congruent,❌,0.21893964226673504
44,46,shooting,incongruent,✅,0.10502161841840571
44,46,celebration,incongruent,✅,0.08701613971630535
44,47,crayon,congruent,✅,0.6591225794742126
44,47,beer,congruent,✅,0.8941766279615291
44,47,crayon,incongruent,✅,0.07257985330152392
44,47,beer,incongruent,✅,0.012069935274670738
44,48,waiter,congruent,✅,0.643181979372775
44,48,taxi,congruent,❌,0.43289692273113894
44,48,waiter,incongruent,✅,0.18109108643853614
44,48,taxi,incongruent,✅,0.06547940543481151
44,49,parents,congruent,✅,0.9832938044144265
44,49,keys,congruent,✅,0.7237738013877193
44,49,parents,incongruent,✅,0.15040570780911894
44,49,keys,incongruent,✅,0.2791236743489959
44,5,distress,congruent,✅,0.8945575279167954
44,5,tranquility,congruent,✅,0.8719882400043737
44,5,distress,incongruent,✅,0.19917472386903287
44,5,tranquility,incongruent,✅,0.23277695559275474
44,50,sofa,congruent,✅,0.9892490802625128
44,50,sky,congruent,✅,0.9757026407251549
44,50,sofa,incongruent,✅,0.08058668479366843
44,50,sky,incongruent,✅,0.49419976695415213
44,51,obesity,congruent,❌,0.15349350356023722
44,51,homework,congruent,✅,0.9156733093507059
44,51,obesity,incongruent,✅,0.02989430638577943
44,51,homework,incongruent,✅,0.0814429687776766
44,52,quiz,congruent,✅,0.8582600875585831
44,52,commute,congruent,✅,0.9839374301983629
44,52,quiz,incongruent,✅,0.01612886552180169
44,52,commute,incongruent,✅,0.02791936827532873
44,53,migraine,congruent,✅,0.9889327708796603
44,53,excitement,congruent,✅,0.8693792587430885
44,53,migraine,incongruent,✅,0.016392473726317226
44,53,excitement,incongruent,❌,0.864926359137902
44,54,niece,congruent,✅,0.9187708302306051
44,54,husband,congruent,✅,0.7206205114127375
44,54,niece,incongruent,✅,0.3975825833155766
44,54,husband,incongruent,❌,0.5985218785260893
44,55,film,congruent,✅,0.9079673308252639
44,55,sunrise,congruent,✅,0.6056632555410364
44,55,film,incongruent,✅,0.11820919303226288
44,55,sunrise,incongruent,✅,0.048957923873207604
44,56,lecture,congruent,✅,0.9151439862098536
44,56,banquet,congruent,✅,0.566613531941625
44,56,lecture,incongruent,✅,0.012350937821422983
44,56,banquet,incongruent,✅,0.007900266348843884
44,57,drink,congruent,✅,0.8580925541979223
44,57,textbook,congruent,✅,0.696714503946921
44,57,drink,incongruent,✅,0.0491094268494017
44,57,textbook,incongruent,✅,0.029875434028253038
44,58,pool,congruent,✅,0.9853332752696631
44,58,snow,congruent,❌,0.39823144683350603
44,58,pool,incongruent,✅,0.01755291828312128
44,58,snow,incongruent,✅,0.08782148855095721
44,59,passport,congruent,✅,0.7841502828244867
44,59,plushy,congruent,✅,0.9143613383780538
44,59,passport,incongruent,✅,0.05969070643200091
44,59,plushy,incongruent,✅,0.16094857467050389
44,6,patients,congruent,✅,0.9626967642712527
44,6,students,congruent,✅,0.9873121506005116
44,6,patients,incongruent,✅,0.03724783441316632
44,6,students,incongruent,✅,0.012091982223167866
44,60,sister,congruent,❌,0.4923667290470107
44,60,father,congruent,✅,0.9695246275381799
44,60,sister,incongruent,✅,0.23044005844006615
44,60,father,incongruent,✅,0.048278816610393974
44,61,game,congruent,✅,0.9203943772081793
44,61,sunset,congruent,✅,0.9572423488491012
44,61,game,incongruent,✅,0.36661992936169785
44,61,sunset,incongruent,✅,0.19766542934429895
44,62,holidays,congruent,✅,0.9599290281501534
44,62,funeral,congruent,✅,0.9839130426453611
44,62,holidays,incongruent,❌,0.5651231719085322
44,62,funeral,incongruent,❌,0.5468308369322838
44,63,grades,congruent,✅,0.8686270994526797
44,63,affair,congruent,✅,0.9421894265483532
44,63,grades,incongruent,✅,0.36389719840519996
44,63,affair,incongruent,✅,0.03624852885388795
44,64,arrest,congruent,✅,0.8536203735262222
44,64,stroke,congruent,✅,0.6451904984857224
44,64,arrest,incongruent,❌,0.6473423102030978
44,64,stroke,incongruent,❌,0.5302580209260014
44,65,pacifier,congruent,✅,0.9187648505811377
44,65,coffee,congruent,✅,0.8979253310469023
44,65,pacifier,incongruent,✅,0.09542581582681751
44,65,coffee,incongruent,✅,0.1328019755370686
44,66,sweets,congruent,✅,0.9675157329391773
44,66,sentencing,congruent,✅,0.8701425296775418
44,66,sweets,incongruent,✅,0.005891948170160985
44,66,sentencing,incongruent,✅,0.053012904514808334
44,67,nap,congruent,✅,0.823019827808047
44,67,selfie,congruent,✅,0.9719174555382415
44,67,nap,incongruent,✅,0.11281817553515862
44,67,selfie,incongruent,✅,0.019043246007400903
44,68,diaper,congruent,✅,0.9393478231338305
44,68,tire,congruent,✅,0.9715252511113016
44,68,diaper,incongruent,✅,0.012366317451873101
44,68,tire,incongruent,✅,0.05636188889492139
44,69,chemotherapy,congruent,✅,0.9222044479073952
44,69,golf,congruent,✅,0.9927288043286511
44,69,chemotherapy,incongruent,✅,0.07658437381262964
44,69,golf,incongruent,❌,0.6506312978209444
44,7,consensus,congruent,❌,0.12834907495336906
44,7,deadlock,congruent,❌,0.28691470044858214
44,7,consensus,incongruent,✅,0.08999720235608591
44,7,deadlock,incongruent,✅,0.03295746665210486
44,70,thunder,congruent,✅,0.6510681402701097
44,70,lullaby,congruent,✅,0.5364575973426926
44,70,thunder,incongruent,✅,0.06706602433704802
44,70,lullaby,incongruent,✅,0.06584349715833551
44,71,pajamas,congruent,✅,0.9604081343959696
44,71,uniform,congruent,✅,0.9845956476421412
44,71,pajamas,incongruent,✅,0.06111687380448616
44,71,uniform,incongruent,✅,0.03321896619733545
44,72,gown,congruent,✅,0.9791655122521918
44,72,sweats,congruent,✅,0.8159845972614966
44,72,gown,incongruent,✅,0.006302646884847522
44,72,sweats,incongruent,✅,0.19199372934038383
44,73,deadline,congruent,❌,0.2376701754352936
44,73,bed,congruent,✅,0.9968244909933212
44,73,deadline,incongruent,✅,0.34921809540195065
44,73,bed,incongruent,✅,0.054743801171606064
44,74,kindergarten,congruent,✅,0.7505727626741936
44,74,jail,congruent,❌,0.48153297816276863
44,74,kindergarten,incongruent,✅,0.01502753170674087
44,74,jail,incongruent,✅,0.4185015235834566
44,75,interrogated,congruent,✅,0.9046181148398281
44,75,tickled,congruent,✅,0.7258223767445836
44,75,interrogated,incongruent,❌,0.5118332914238726
44,75,tickled,incongruent,✅,0.042390491103111425
44,76,sandcastle,congruent,✅,0.9949257130631519
44,76,snowman,congruent,✅,0.9972236256061985
44,76,sandcastle,incongruent,✅,0.16425198743428376
44,76,snowman,incongruent,❌,0.880277242651508
44,77,music,congruent,✅,0.989692638859249
44,77,pizza,congruent,✅,0.9975517778816065
44,77,music,incongruent,✅,0.22411618178681036
44,77,pizza,incongruent,✅,0.026420953315926525
44,78,playoffs,congruent,❌,0.2326746192951623
44,78,cartoon,congruent,✅,0.9956532799776899
44,78,playoffs,incongruent,✅,0.02642288360241595
44,78,cartoon,incongruent,✅,0.01759940210284273
44,79,alcoholism,congruent,✅,0.9470063816909706
44,79,academics,congruent,✅,0.9669850652506092
44,79,alcoholism,incongruent,✅,0.2930056621352661
44,79,academics,incongruent,❌,0.5624268802542621
44,8,engagement,congruent,✅,0.7745722827900725
44,8,cancer,congruent,❌,0.3413207147757193
44,8,engagement,incongruent,✅,0.48242978340494663
44,8,cancer,incongruent,✅,0.38574820727891723
44,9,terminal,congruent,✅,0.9471034397279667
44,9,classroom,congruent,✅,0.9552738959013156
44,9,terminal,incongruent,✅,0.09034188416529366
44,9,classroom,incongruent,✅,0.07068558906780777
45,0,library,congruent,✅,0.9040554868232917
45,0,refrigerator,congruent,✅,0.6341807044629507
45,0,library,incongruent,✅,0.340168589216393
45,0,refrigerator,incongruent,✅,0.06368198276989967
45,1,disappointment,congruent,✅,0.5322765831799093
45,1,delight,congruent,✅,0.9043016883939975
45,1,disappointment,incongruent,✅,0.2879948808509101
45,1,delight,incongruent,✅,0.4062200179127394
45,10,cash,congruent,✅,0.9958045486988318
45,10,groceries,congruent,✅,0.7891260015242846
45,10,cash,incongruent,✅,0.14140429386376135
45,10,groceries,incongruent,✅,0.028683682778662373
45,11,lonely,congruent,✅,0.7512267241841504
45,11,confident,congruent,✅,0.8469110632100082
45,11,lonely,incongruent,✅,0.12290547832553518
45,11,confident,incongruent,✅,0.24462021182882812
45,12,joy,congruent,✅,0.976271267954149
45,12,outrage,congruent,❌,0.36175536436664985
45,12,joy,incongruent,✅,0.15381110645916668
45,12,outrage,incongruent,❌,0.6611076986202669
45,13,traffic,congruent,✅,0.9980125892964679
45,13,snowstorm,congruent,✅,0.958607154435754
45,13,traffic,incongruent,✅,0.4268967212202081
45,13,snowstorm,incongruent,❌,0.6663835302490103
45,14,laughter,congruent,✅,0.9962583243636012
45,14,frustration,congruent,✅,0.6662233316409049
45,14,laughter,incongruent,✅,0.06624551213104267
45,14,frustration,incongruent,❌,0.6760405987725387
45,15,calculator,congruent,✅,0.7155713336327187
45,15,instrument,congruent,✅,0.9691583432848483
45,15,calculator,incongruent,✅,0.07408251904534478
45,15,instrument,incongruent,✅,0.4754774110687761
45,16,orchestra,congruent,✅,0.6965245704639658
45,16,racers,congruent,✅,0.9024107804640871
45,16,orchestra,incongruent,✅,0.2606035216989131
45,16,racers,incongruent,✅,0.057958551044412596
45,17,retirement,congruent,❌,0.2894615408124568
45,17,playdate,congruent,✅,0.7874284102304114
45,17,retirement,incongruent,✅,0.04075944613546306
45,17,playdate,incongruent,✅,0.009926298206705377
45,18,relieved,congruent,❌,0.49754243165232837
45,18,depressed,congruent,✅,0.5255717703542039
45,18,relieved,incongruent,✅,0.18448940609041736
45,18,depressed,incongruent,✅,0.4124976981062799
45,19,friends,congruent,✅,0.7853847414355697
45,19,weight,congruent,✅,0.9497869717016921
45,19,friends,incongruent,❌,0.8789617334661263
45,19,weight,incongruent,✅,0.41248738551731445
45,2,overcoat,congruent,✅,0.8042426595278898
45,2,sandals,congruent,✅,0.7237418554028081
45,2,overcoat,incongruent,✅,0.37582269993279627
45,2,sandals,incongruent,✅,0.29830940276366524
45,20,lipstick,congruent,✅,0.9202509351647814
45,20,song,congruent,✅,0.9949187434749546
45,20,lipstick,incongruent,❌,0.8674689534097499
45,20,song,incongruent,❌,0.6182728429838328
45,21,fought,congruent,✅,0.9387333150602087
45,21,sang,congruent,❌,0.38024018771588225
45,21,fought,incongruent,✅,7.584575199661731e-05
45,21,sang,incongruent,✅,0.021097947037425683
45,22,skeptical,congruent,✅,0.8369060989226752
45,22,reassured,congruent,❌,0.3781126023501246
45,22,skeptical,incongruent,✅,0.19523463435895025
45,22,reassured,incongruent,❌,0.5923848286967396
45,23,graduation,congruent,✅,0.995673659224519
45,23,operation,congruent,✅,0.921879630383582
45,23,graduation,incongruent,✅,0.2998263406531209
45,23,operation,incongruent,✅,0.2609308166152751
45,24,bride,congruent,❌,0.022293653532100072
45,24,aftermath,congruent,✅,0.9311528576987924
45,24,bride,incongruent,✅,0.03775888693059982
45,24,aftermath,incongruent,✅,0.0028035512346187307
45,25,teacher,congruent,✅,0.8499517733227165
45,25,daughter,congruent,✅,0.9745711017544307
45,25,teacher,incongruent,❌,0.7406157954163931
45,25,daughter,incongruent,✅,0.10408729115430208
45,26,roommate,congruent,✅,0.5297216426262377
45,26,grandma,congruent,✅,0.9820175418579172
45,26,roommate,incongruent,✅,0.13061473074723484
45,26,grandma,incongruent,✅,0.005375423554100065
45,27,brother,congruent,✅,0.8133831506404218
45,27,mother,congruent,✅,0.8809040224845914
45,27,brother,incongruent,✅,0.10021931725229286
45,27,mother,incongruent,✅,0.11429686154489282
45,28,preschool,congruent,✅,0.5535766669748282
45,28,prison,congruent,✅,0.797197544715378
45,28,preschool,incongruent,✅,0.22731818665484205
45,28,prison,incongruent,✅,0.03597429160326987
45,29,hopeful,congruent,✅,0.8568951725161091
45,29,hopeless,congruent,✅,0.848395218869016
45,29,hopeful,incongruent,✅,0.3547523429105877
45,29,hopeless,incongruent,❌,0.5193773536469849
45,3,marathon,congruent,✅,0.9514707200578505
45,3,exam,congruent,✅,0.9909517746812471
45,3,marathon,incongruent,✅,0.38897391951424004
45,3,exam,incongruent,✅,0.17053376725827957
45,30,appalled,congruent,❌,0.33411631235201705
45,30,overjoyed,congruent,❌,0.3825071296558133
45,30,appalled,incongruent,✅,0.07985018198386766
45,30,overjoyed,incongruent,✅,0.0810002064605579
45,31,reprimand,congruent,✅,0.7352355104289863
45,31,encouragement,congruent,✅,0.7340117665136656
45,31,reprimand,incongruent,✅,0.10235113644006899
45,31,encouragement,incongruent,✅,0.3290304465618952
45,32,angrily,congruent,✅,0.9467657456587144
45,32,cordially,congruent,✅,0.7768118572919837
45,32,angrily,incongruent,✅,0.3133370004176527
45,32,cordially,incongruent,❌,0.6580464166427756
45,33,accusatory,congruent,❌,0.40470312246293694
45,33,flirtatious,congruent,✅,0.5267548980545754
45,33,accusatory,incongruent,✅,0.2809736458088075
45,33,flirtatious,incongruent,✅,0.08251300054667376
45,34,disapprovingly,congruent,✅,0.6450832428752684
45,34,lovingly,congruent,❌,0.41202499033161966
45,34,disapprovingly,incongruent,✅,0.0910566940289521
45,34,lovingly,incongruent,✅,0.3819926890499716
45,35,playful,congruent,✅,0.7589878671411273
45,35,distant,congruent,❌,0.4365686162241391
45,35,playful,incongruent,✅,0.08139878601766472
45,35,distant,incongruent,✅,0.23478717885075678
45,36,headphones,congruent,❌,0.38493817736136593
45,36,mangoes,congruent,❌,0.4766229590647168
45,36,headphones,incongruent,✅,0.29865760361672944
45,36,mangoes,incongruent,✅,0.04644499334963014
45,37,playroom,congruent,✅,0.9818477101541805
45,37,park,congruent,✅,0.9919118913810041
45,37,playroom,incongruent,✅,0.29231263080519504
45,37,park,incongruent,✅,0.43310599736366934
45,38,bedroom,congruent,✅,0.8196290011952174
45,38,backyard,congruent,✅,0.9523586986811521
45,38,bedroom,incongruent,✅,0.20568510421482422
45,38,backyard,incongruent,✅,0.016636284178240663
45,39,solemnly,congruent,❌,0.2564302626773011
45,39,excitedly,congruent,✅,0.6286690705261323
45,39,solemnly,incongruent,✅,0.25551245917297544
45,39,excitedly,incongruent,✅,0.03132980967764605
45,4,menu,congruent,✅,0.8470828565893667
45,4,prescription,congruent,✅,0.9514068951013833
45,4,menu,incongruent,✅,0.04877752900419784
45,4,prescription,incongruent,✅,0.18859277647750203
45,40,car,congruent,✅,0.9335251461618727
45,40,sock,congruent,❌,0.11912030847583273
45,40,car,incongruent,✅,0.014502679443465068
45,40,sock,incongruent,✅,0.12400347039504608
45,41,overdressed,congruent,✅,0.9896362280218586
45,41,naked,congruent,✅,0.8491250440917125
45,41,overdressed,incongruent,✅,0.3690841667667437
45,41,naked,incongruent,❌,0.7117138363941752
45,42,shy,congruent,✅,0.5645890520159521
45,42,lively,congruent,✅,0.8295267575561845
45,42,shy,incongruent,✅,0.16687578141890683
45,42,lively,incongruent,✅,0.41839817913532185
45,43,offended,congruent,✅,0.6511054228354213
45,43,flattered,congruent,✅,0.7792329452868516
45,43,offended,incongruent,✅,0.47605186682874
45,43,flattered,incongruent,❌,0.656933485794274
45,44,grandkid,congruent,✅,0.9398983890021463
45,44,cellmate,congruent,✅,0.9578456385491251
45,44,grandkid,incongruent,✅,0.3707353164950663
45,44,cellmate,incongruent,✅,0.4151580734533185
45,45,promoted,congruent,✅,0.9655330450647835
45,45,fired,congruent,✅,0.9443897753951666
45,45,promoted,incongruent,❌,0.55401423169142
45,45,fired,incongruent,❌,0.8723466281510616
45,46,shooting,congruent,❌,0.31786816961212905
45,46,celebration,congruent,❌,0.1997101722805555
45,46,shooting,incongruent,✅,0.10304980278765846
45,46,celebration,incongruent,✅,0.0717657928978794
45,47,crayon,congruent,❌,0.43963243493788073
45,47,beer,congruent,✅,0.7159172333660563
45,47,crayon,incongruent,✅,0.034587832740449166
45,47,beer,incongruent,✅,0.006159887324327196
45,48,waiter,congruent,✅,0.5325367097879765
45,48,taxi,congruent,❌,0.34401386507608706
45,48,waiter,incongruent,✅,0.1491619237417283
45,48,taxi,incongruent,✅,0.03695868329975769
45,49,parents,congruent,✅,0.9578429663963747
45,49,keys,congruent,✅,0.7110552456138007
45,49,parents,incongruent,✅,0.1959809980462484
45,49,keys,incongruent,✅,0.1893723458447114
45,5,distress,congruent,✅,0.9059484694698706
45,5,tranquility,congruent,✅,0.9600851143030998
45,5,distress,incongruent,❌,0.5816673275011115
45,5,tranquility,incongruent,✅,0.2166034966736812
45,50,sofa,congruent,✅,0.9973019126711894
45,50,sky,congruent,✅,0.9706785014400231
45,50,sofa,incongruent,✅,0.11327365776886049
45,50,sky,incongruent,❌,0.5727985640411627
45,51,obesity,congruent,❌,0.10137999908590511
45,51,homework,congruent,✅,0.889332436621734
45,51,obesity,incongruent,✅,0.029172101544225528
45,51,homework,incongruent,✅,0.04865886595038905
45,52,quiz,congruent,✅,0.9522991439405212
45,52,commute,congruent,✅,0.9987484604915252
45,52,quiz,incongruent,✅,0.10449214519623792
45,52,commute,incongruent,✅,0.04834731465830935
45,53,migraine,congruent,✅,0.993474932508389
45,53,excitement,congruent,✅,0.873661950469166
45,53,migraine,incongruent,✅,0.018069386449558286
45,53,excitement,incongruent,❌,0.8747950962672287
45,54,niece,congruent,✅,0.8648363758032047
45,54,husband,congruent,✅,0.504238804452557
45,54,niece,incongruent,✅,0.20366385855927813
45,54,husband,incongruent,❌,0.5486283105683463
45,55,film,congruent,✅,0.9153912395133494
45,55,sunrise,congruent,✅,0.7811996870360424
45,55,film,incongruent,✅,0.2827183989485578
45,55,sunrise,incongruent,✅,0.048251298079812925
45,56,lecture,congruent,✅,0.850093091854828
45,56,banquet,congruent,✅,0.7207949177320813
45,56,lecture,incongruent,✅,0.019119690487494345
45,56,banquet,incongruent,✅,0.010697363698284416
45,57,drink,congruent,✅,0.8414383798503443
45,57,textbook,congruent,✅,0.5878149412021176
45,57,drink,incongruent,✅,0.0316438805667941
45,57,textbook,incongruent,✅,0.028452971378970685
45,58,pool,congruent,✅,0.9944659497923852
45,58,snow,congruent,✅,0.624185123651922
45,58,pool,incongruent,✅,0.030359315201822574
45,58,snow,incongruent,✅,0.29327975302295506
45,59,passport,congruent,✅,0.9000891695055485
45,59,plushy,congruent,✅,0.8323270293651586
45,59,passport,incongruent,✅,0.01933787506520772
45,59,plushy,incongruent,✅,0.33136638244421274
45,6,patients,congruent,✅,0.9728783758757382
45,6,students,congruent,✅,0.9923377937097535
45,6,patients,incongruent,✅,0.05402385820929301
45,6,students,incongruent,✅,0.018190949587493586
45,60,sister,congruent,✅,0.5387450267093129
45,60,father,congruent,✅,0.9612434325734157
45,60,sister,incongruent,✅,0.25317966682432386
45,60,father,incongruent,✅,0.06860075912699913
45,61,game,congruent,✅,0.8920881554779735
45,61,sunset,congruent,✅,0.9715807203930283
45,61,game,incongruent,✅,0.48952393285054785
45,61,sunset,incongruent,✅,0.19093491456184447
45,62,holidays,congruent,✅,0.940548968366131
45,62,funeral,congruent,✅,0.9184191510330154
45,62,holidays,incongruent,✅,0.2719702788523536
45,62,funeral,incongruent,✅,0.3984033632611811
45,63,grades,congruent,✅,0.8834869651491012
45,63,affair,congruent,✅,0.9689842514628607
45,63,grades,incongruent,✅,0.48069994077123945
45,63,affair,incongruent,✅,0.03484525583798033
45,64,arrest,congruent,✅,0.8451847102782909
45,64,stroke,congruent,❌,0.4667435498041799
45,64,arrest,incongruent,✅,0.43842973694846493
45,64,stroke,incongruent,❌,0.5240604738817649
45,65,pacifier,congruent,✅,0.9061795491256587
45,65,coffee,congruent,✅,0.8954530225494375
45,65,pacifier,incongruent,✅,0.10779282498100465
45,65,coffee,incongruent,✅,0.11786532815608071
45,66,sweets,congruent,✅,0.9827757358325858
45,66,sentencing,congruent,✅,0.9434447046305213
45,66,sweets,incongruent,✅,0.007002520591045946
45,66,sentencing,incongruent,✅,0.04972920749024232
45,67,nap,congruent,✅,0.7637402302686419
45,67,selfie,congruent,✅,0.9419284136610393
45,67,nap,incongruent,✅,0.03446386880942465
45,67,selfie,incongruent,✅,0.015180452086932245
45,68,diaper,congruent,✅,0.9247876535964469
45,68,tire,congruent,✅,0.9584833323890763
45,68,diaper,incongruent,✅,0.009048241293400637
45,68,tire,incongruent,✅,0.023688033667706592
45,69,chemotherapy,congruent,✅,0.880068472078953
45,69,golf,congruent,✅,0.9948551675654824
45,69,chemotherapy,incongruent,✅,0.14901348398116654
45,69,golf,incongruent,✅,0.44655424967814694
45,7,consensus,congruent,❌,0.1268756455738498
45,7,deadlock,congruent,❌,0.1767163721170438
45,7,consensus,incongruent,✅,0.04311863090931059
45,7,deadlock,incongruent,✅,0.03253823959313664
45,70,thunder,congruent,✅,0.5525593004313836
45,70,lullaby,congruent,❌,0.4874558478150734
45,70,thunder,incongruent,✅,0.05429652075189052
45,70,lullaby,incongruent,✅,0.0407968226761169
45,71,pajamas,congruent,✅,0.9700640785737527
45,71,uniform,congruent,✅,0.9875610844809566
45,71,pajamas,incongruent,✅,0.09604487708694218
45,71,uniform,incongruent,✅,0.028733240910374592
45,72,gown,congruent,✅,0.9898022239564603
45,72,sweats,congruent,✅,0.8194231712685082
45,72,gown,incongruent,✅,0.0028997987211555423
45,72,sweats,incongruent,✅,0.2871188116606357
45,73,deadline,congruent,❌,0.44620786478271507
45,73,bed,congruent,✅,0.9835410049390286
45,73,deadline,incongruent,✅,0.1239857577432894
45,73,bed,incongruent,✅,0.15651651526597374
45,74,kindergarten,congruent,✅,0.7190937770614121
45,74,jail,congruent,✅,0.5090358826414939
45,74,kindergarten,incongruent,✅,0.019348424000277673
45,74,jail,incongruent,✅,0.40042850293385396
45,75,interrogated,congruent,✅,0.8640977643345302
45,75,tickled,congruent,✅,0.6691386763619864
45,75,interrogated,incongruent,✅,0.42193286778047107
45,75,tickled,incongruent,✅,0.0264387255075811
45,76,sandcastle,congruent,✅,0.997464794654593
45,76,snowman,congruent,✅,0.9986556539136364
45,76,sandcastle,incongruent,✅,0.05481859699032687
45,76,snowman,incongruent,❌,0.8499524838961591
45,77,music,congruent,✅,0.987549330742909
45,77,pizza,congruent,✅,0.9982774284924141
45,77,music,incongruent,✅,0.221208578967573
45,77,pizza,incongruent,✅,0.024012131063939835
45,78,playoffs,congruent,❌,0.30366811376634983
45,78,cartoon,congruent,✅,0.9986116114958861
45,78,playoffs,incongruent,✅,0.02532242971155681
45,78,cartoon,incongruent,✅,0.033055486004287545
45,79,alcoholism,congruent,✅,0.9056553266366406
45,79,academics,congruent,✅,0.9841240373209885
45,79,alcoholism,incongruent,✅,0.403178600900039
45,79,academics,incongruent,✅,0.37228890508805623
45,8,engagement,congruent,✅,0.6970647924640985
45,8,cancer,congruent,✅,0.5092191094226667
45,8,engagement,incongruent,❌,0.5533177623446986
45,8,cancer,incongruent,✅,0.3301061311518555
45,9,terminal,congruent,✅,0.8467583504554557
45,9,classroom,congruent,✅,0.9552396013595239
45,9,terminal,incongruent,✅,0.07343110418139238
45,9,classroom,incongruent,✅,0.044594506169353454
46,0,library,congruent,✅,0.874087118568812
46,0,refrigerator,congruent,✅,0.5765781332151261
46,0,library,incongruent,✅,0.3973279403355072
46,0,refrigerator,incongruent,✅,0.12207637610120835
46,1,disappointment,congruent,❌,0.2043718672631091
46,1,delight,congruent,✅,0.8705480562204039
46,1,disappointment,incongruent,✅,0.23832947868501128
46,1,delight,incongruent,✅,0.12383201880705744
46,10,cash,congruent,✅,0.9887201097458846
46,10,groceries,congruent,❌,0.40140906391048187
46,10,cash,incongruent,✅,0.09437562174065886
46,10,groceries,incongruent,✅,0.02376425808852689
46,11,lonely,congruent,❌,0.47379158337672933
46,11,confident,congruent,✅,0.7156972076339029
46,11,lonely,incongruent,✅,0.11746012600238913
46,11,confident,incongruent,✅,0.0637293258073435
46,12,joy,congruent,✅,0.9766233728032635
46,12,outrage,congruent,❌,0.2896964304150595
46,12,joy,incongruent,✅,0.08845219260667919
46,12,outrage,incongruent,❌,0.7459887468946058
46,13,traffic,congruent,✅,0.9990144884509505
46,13,snowstorm,congruent,✅,0.9442247604764425
46,13,traffic,incongruent,✅,0.31931498682634324
46,13,snowstorm,incongruent,❌,0.866853553035968
46,14,laughter,congruent,✅,0.998919143901368
46,14,frustration,congruent,✅,0.7079435795219585
46,14,laughter,incongruent,✅,0.12658398890183725
46,14,frustration,incongruent,❌,0.9277211563882859
46,15,calculator,congruent,✅,0.8610556126521589
46,15,instrument,congruent,✅,0.9893145576664097
46,15,calculator,incongruent,✅,0.13289597959237529
46,15,instrument,incongruent,❌,0.6521123470747325
46,16,orchestra,congruent,❌,0.4264068371172827
46,16,racers,congruent,✅,0.8742266529047246
46,16,orchestra,incongruent,✅,0.3060129107124012
46,16,racers,incongruent,✅,0.02136720972186157
46,17,retirement,congruent,❌,0.3122804364429572
46,17,playdate,congruent,✅,0.915508548131976
46,17,retirement,incongruent,✅,0.06984447016468658
46,17,playdate,incongruent,✅,0.012019836144684248
46,18,relieved,congruent,✅,0.7662991837729591
46,18,depressed,congruent,✅,0.5598213839912579
46,18,relieved,incongruent,✅,0.24204063052070562
46,18,depressed,incongruent,❌,0.6890788153970501
46,19,friends,congruent,✅,0.9269912896881232
46,19,weight,congruent,✅,0.9861613306599214
46,19,friends,incongruent,❌,0.969935559014005
46,19,weight,incongruent,❌,0.7607929002536535
46,2,overcoat,congruent,❌,0.48679002256864623
46,2,sandals,congruent,✅,0.9115697638318291
46,2,overcoat,incongruent,❌,0.7557418425103197
46,2,sandals,incongruent,✅,0.07961202063437964
46,20,lipstick,congruent,✅,0.8374504946775724
46,20,song,congruent,✅,0.9903787972588302
46,20,lipstick,incongruent,❌,0.8119247496281872
46,20,song,incongruent,✅,0.4677820770832268
46,21,fought,congruent,✅,0.9059353313348827
46,21,sang,congruent,❌,0.3971052278669217
46,21,fought,incongruent,✅,0.01305485136266042
46,21,sang,incongruent,✅,0.06144594471116005
46,22,skeptical,congruent,✅,0.7920293507458739
46,22,reassured,congruent,✅,0.9483101259181942
46,22,skeptical,incongruent,❌,0.8575159686812301
46,22,reassured,incongruent,❌,0.6094131855466248
46,23,graduation,congruent,✅,0.9976634583316266
46,23,operation,congruent,✅,0.8960589102485735
46,23,graduation,incongruent,✅,0.15772858828656908
46,23,operation,incongruent,❌,0.5299622955377005
46,24,bride,congruent,❌,0.07290826522758259
46,24,aftermath,congruent,✅,0.9195501599894678
46,24,bride,incongruent,✅,0.06566611173679042
46,24,aftermath,incongruent,✅,0.009779452889082363
46,25,teacher,congruent,✅,0.8997510106897723
46,25,daughter,congruent,✅,0.971216696273295
46,25,teacher,incongruent,❌,0.6771659728988256
46,25,daughter,incongruent,✅,0.12767501184321572
46,26,roommate,congruent,✅,0.6073743770127145
46,26,grandma,congruent,✅,0.9833492443995072
46,26,roommate,incongruent,✅,0.24815213953977022
46,26,grandma,incongruent,✅,0.023302752752093214
46,27,brother,congruent,✅,0.7309818410152461
46,27,mother,congruent,✅,0.884883241780755
46,27,brother,incongruent,✅,0.21079707926230737
46,27,mother,incongruent,✅,0.10909973018822473
46,28,preschool,congruent,❌,0.4410384258620126
46,28,prison,congruent,✅,0.9183430624191679
46,28,preschool,incongruent,✅,0.398745532788694
46,28,prison,incongruent,✅,0.05781821555146744
46,29,hopeful,congruent,✅,0.885545508371762
46,29,hopeless,congruent,✅,0.8224806213552037
46,29,hopeful,incongruent,✅,0.37571175294648385
46,29,hopeless,incongruent,❌,0.5795325660337174
46,3,marathon,congruent,✅,0.9683488438647272
46,3,exam,congruent,✅,0.9917262522602701
46,3,marathon,incongruent,✅,0.49668918303878284
46,3,exam,incongruent,✅,0.2628341644900376
46,30,appalled,congruent,✅,0.8474812687566985
46,30,overjoyed,congruent,✅,0.6893895174139678
46,30,appalled,incongruent,✅,0.24536530315485774
46,30,overjoyed,incongruent,❌,0.5652203086621392
46,31,reprimand,congruent,✅,0.8094402790755773
46,31,encouragement,congruent,✅,0.875738252192311
46,31,reprimand,incongruent,✅,0.24097006275986302
46,31,encouragement,incongruent,❌,0.5566328266668887
46,32,angrily,congruent,✅,0.8880541456948219
46,32,cordially,congruent,❌,0.0889248989460833
46,32,angrily,incongruent,✅,0.021986569235750587
46,32,cordially,incongruent,❌,0.6143757529065027
46,33,accusatory,congruent,❌,0.12329959180646728
46,33,flirtatious,congruent,❌,0.35074767503023035
46,33,accusatory,incongruent,✅,0.1300537917986541
46,33,flirtatious,incongruent,✅,0.021087964831340948
46,34,disapprovingly,congruent,✅,0.6302683311009517
46,34,lovingly,congruent,❌,0.2919552943817339
46,34,disapprovingly,incongruent,✅,0.07174582096960075
46,34,lovingly,incongruent,✅,0.49431926339345766
46,35,playful,congruent,❌,0.4698260188652524
46,35,distant,congruent,✅,0.7118943578235342
46,35,playful,incongruent,✅,0.2513552055012277
46,35,distant,incongruent,✅,0.111913167004676
46,36,headphones,congruent,❌,0.20570930636098622
46,36,mangoes,congruent,❌,0.3046666564001668
46,36,headphones,incongruent,✅,0.2266848404822365
46,36,mangoes,incongruent,✅,0.0429052348245245
46,37,playroom,congruent,✅,0.9686855268741965
46,37,park,congruent,✅,0.9767606775926734
46,37,playroom,incongruent,✅,0.16586594362658558
46,37,park,incongruent,✅,0.24167345178854793
46,38,bedroom,congruent,✅,0.8174172238715018
46,38,backyard,congruent,✅,0.9531754257068185
46,38,bedroom,incongruent,✅,0.33558072711469805
46,38,backyard,incongruent,✅,0.04040262177601643
46,39,solemnly,congruent,❌,0.4350757556564119
46,39,excitedly,congruent,✅,0.5519575226671999
46,39,solemnly,incongruent,✅,0.2620654727047823
46,39,excitedly,incongruent,✅,0.06421771797738317
46,4,menu,congruent,✅,0.9690478346993159
46,4,prescription,congruent,✅,0.8386950710256669
46,4,menu,incongruent,✅,0.01642002781913833
46,4,prescription,incongruent,✅,0.48245193006349035
46,40,car,congruent,✅,0.9479808386893381
46,40,sock,congruent,❌,0.11312228352873839
46,40,car,incongruent,✅,0.007562036242051099
46,40,sock,incongruent,✅,0.3029801718569653
46,41,overdressed,congruent,✅,0.970230776720772
46,41,naked,congruent,✅,0.8304864909788949
46,41,overdressed,incongruent,✅,0.4865686438122718
46,41,naked,incongruent,❌,0.6357634778643134
46,42,shy,congruent,✅,0.7450866876212577
46,42,lively,congruent,✅,0.9688358887718387
46,42,shy,incongruent,❌,0.5655754488815359
46,42,lively,incongruent,❌,0.6634670875845989
46,43,offended,congruent,❌,0.24968385523965492
46,43,flattered,congruent,✅,0.6546331734703673
46,43,offended,incongruent,✅,0.22029083383956305
46,43,flattered,incongruent,✅,0.2901637883516551
46,44,grandkid,congruent,✅,0.927419958787569
46,44,cellmate,congruent,✅,0.9825444258307362
46,44,grandkid,incongruent,✅,0.15319556966407044
46,44,cellmate,incongruent,✅,0.4500297870936301
46,45,promoted,congruent,✅,0.9783833375562426
46,45,fired,congruent,✅,0.9775667355746526
46,45,promoted,incongruent,❌,0.7178319395057072
46,45,fired,incongruent,❌,0.904825463800448
46,46,shooting,congruent,❌,0.4386717712678801
46,46,celebration,congruent,❌,0.2531620594804532
46,46,shooting,incongruent,✅,0.1364718872596
46,46,celebration,incongruent,✅,0.08089745737064241
46,47,crayon,congruent,✅,0.7751141529268292
46,47,beer,congruent,✅,0.6195694934977602
46,47,crayon,incongruent,✅,0.08844891487656811
46,47,beer,incongruent,✅,0.05618092299747899
46,48,waiter,congruent,❌,0.4051293048634996
46,48,taxi,congruent,❌,0.4370776262962867
46,48,waiter,incongruent,✅,0.23773645768908377
46,48,taxi,incongruent,✅,0.026403395923333583
46,49,parents,congruent,✅,0.9340063440279507
46,49,keys,congruent,✅,0.9176387865008405
46,49,parents,incongruent,✅,0.4370305619315604
46,49,keys,incongruent,✅,0.3030411569425732
46,5,distress,congruent,✅,0.8919891199611356
46,5,tranquility,congruent,✅,0.7926205427434878
46,5,distress,incongruent,✅,0.22131921156939266
46,5,tranquility,incongruent,✅,0.28966873730319737
46,50,sofa,congruent,✅,0.9928597602471844
46,50,sky,congruent,✅,0.9609478514833251
46,50,sofa,incongruent,✅,0.19372168176484555
46,50,sky,incongruent,✅,0.3298991975771847
46,51,obesity,congruent,❌,0.05397650158446507
46,51,homework,congruent,✅,0.8506493258245702
46,51,obesity,incongruent,✅,0.03318382506418807
46,51,homework,incongruent,✅,0.03048842050094277
46,52,quiz,congruent,✅,0.8484512330240875
46,52,commute,congruent,✅,0.9978554204999424
46,52,quiz,incongruent,✅,0.11000213604622601
46,52,commute,incongruent,✅,0.016135392900407112
46,53,migraine,congruent,✅,0.9962128814581127
46,53,excitement,congruent,✅,0.8208856337665483
46,53,migraine,incongruent,✅,0.021490801255495136
46,53,excitement,incongruent,❌,0.9635248529777616
46,54,niece,congruent,✅,0.9558291669560053
46,54,husband,congruent,❌,0.2677685008527928
46,54,niece,incongruent,✅,0.2635934221398278
46,54,husband,incongruent,✅,0.45859196602443036
46,55,film,congruent,✅,0.7872247671684072
46,55,sunrise,congruent,✅,0.7375631703317156
46,55,film,incongruent,✅,0.21447038288197073
46,55,sunrise,incongruent,✅,0.04066672130938991
46,56,lecture,congruent,✅,0.8050930680850219
46,56,banquet,congruent,✅,0.5093452094464795
46,56,lecture,incongruent,✅,0.017864525123688395
46,56,banquet,incongruent,✅,0.01214652490281489
46,57,drink,congruent,✅,0.7618466305796012
46,57,textbook,congruent,✅,0.6623548671528295
46,57,drink,incongruent,✅,0.04294679965858242
46,57,textbook,incongruent,✅,0.044536231094928144
46,58,pool,congruent,✅,0.9848729786555082
46,58,snow,congruent,✅,0.5937928581627112
46,58,pool,incongruent,✅,0.026809408612981638
46,58,snow,incongruent,✅,0.2955262222154716
46,59,passport,congruent,✅,0.9344072138084725
46,59,plushy,congruent,❌,0.4053506521806183
46,59,passport,incongruent,✅,0.0030277562243518907
46,59,plushy,incongruent,✅,0.3686221781876242
46,6,patients,congruent,✅,0.9821260314280624
46,6,students,congruent,✅,0.996302495062163
46,6,patients,incongruent,✅,0.18938418080111488
46,6,students,incongruent,✅,0.05440826812868225
46,60,sister,congruent,✅,0.6114178019739673
46,60,father,congruent,✅,0.969838373858011
46,60,sister,incongruent,✅,0.29816240410677874
46,60,father,incongruent,✅,0.12792847582228534
46,61,game,congruent,✅,0.8150695654425204
46,61,sunset,congruent,✅,0.969036511074795
46,61,game,incongruent,✅,0.4783329152476407
46,61,sunset,incongruent,✅,0.21480914175964705
46,62,holidays,congruent,✅,0.9765606247784067
46,62,funeral,congruent,✅,0.8918893676746765
46,62,holidays,incongruent,✅,0.3119236853693149
46,62,funeral,incongruent,❌,0.7608585960040839
46,63,grades,congruent,❌,0.49625400021725213
46,63,affair,congruent,✅,0.949619038737274
46,63,grades,incongruent,✅,0.3734406616766326
46,63,affair,incongruent,✅,0.010765064657149012
46,64,arrest,congruent,✅,0.7637459157886842
46,64,stroke,congruent,✅,0.6796799231806907
46,64,arrest,incongruent,❌,0.6985220444022481
46,64,stroke,incongruent,❌,0.5402687050381608
46,65,pacifier,congruent,✅,0.9474288561618452
46,65,coffee,congruent,✅,0.8832792608522606
46,65,pacifier,incongruent,✅,0.09036632505026895
46,65,coffee,incongruent,✅,0.2981479484999402
46,66,sweets,congruent,✅,0.9889408901840807
46,66,sentencing,congruent,✅,0.9850449655481335
46,66,sweets,incongruent,✅,0.028318273029708598
46,66,sentencing,incongruent,✅,0.29890915851450073
46,67,nap,congruent,✅,0.7488290717894005
46,67,selfie,congruent,✅,0.9164950592869487
46,67,nap,incongruent,✅,0.041247725203838376
46,67,selfie,incongruent,✅,0.024654294970113812
46,68,diaper,congruent,✅,0.9576425127244744
46,68,tire,congruent,✅,0.9573849611912244
46,68,diaper,incongruent,✅,0.01429488247535886
46,68,tire,incongruent,✅,0.06235946119348523
46,69,chemotherapy,congruent,✅,0.8438712149905846
46,69,golf,congruent,✅,0.9715147137648455
46,69,chemotherapy,incongruent,✅,0.09134757514136367
46,69,golf,incongruent,✅,0.4614972716243498
46,7,consensus,congruent,❌,0.4273252811010377
46,7,deadlock,congruent,✅,0.5157603240857302
46,7,consensus,incongruent,✅,0.13490897846249575
46,7,deadlock,incongruent,✅,0.16816117281746681
46,70,thunder,congruent,❌,0.3305847638199393
46,70,lullaby,congruent,❌,0.34256895049884867
46,70,thunder,incongruent,✅,0.021693900543930913
46,70,lullaby,incongruent,✅,0.012366559288288807
46,71,pajamas,congruent,✅,0.9591611816779867
46,71,uniform,congruent,✅,0.9671198894063958
46,71,pajamas,incongruent,✅,0.03519841452579556
46,71,uniform,incongruent,✅,0.03874239003895996
46,72,gown,congruent,✅,0.9789617501785162
46,72,sweats,congruent,✅,0.5985797338266197
46,72,gown,incongruent,✅,0.002058643471051274
46,72,sweats,incongruent,✅,0.32502924152565854
46,73,deadline,congruent,❌,0.153635446603787
46,73,bed,congruent,✅,0.9896559236253786
46,73,deadline,incongruent,✅,0.1514817623307388
46,73,bed,incongruent,✅,0.04664295167707346
46,74,kindergarten,congruent,❌,0.340326556175128
46,74,jail,congruent,❌,0.1722718271254499
46,74,kindergarten,incongruent,✅,0.004341229431977683
46,74,jail,incongruent,✅,0.2383699237779377
46,75,interrogated,congruent,✅,0.6702346125701889
46,75,tickled,congruent,✅,0.5055548163344019
46,75,interrogated,incongruent,✅,0.2082773319204182
46,75,tickled,incongruent,✅,0.010046067732217053
46,76,sandcastle,congruent,✅,0.9900685697720316
46,76,snowman,congruent,✅,0.9993868698291989
46,76,sandcastle,incongruent,✅,0.19859876660106632
46,76,snowman,incongruent,❌,0.8609802242651883
46,77,music,congruent,✅,0.9821699753626393
46,77,pizza,congruent,✅,0.9966058572630071
46,77,music,incongruent,✅,0.15340643213412283
46,77,pizza,incongruent,✅,0.034670779556351825
46,78,playoffs,congruent,✅,0.5451174073319301
46,78,cartoon,congruent,✅,0.9966059494306152
46,78,playoffs,incongruent,✅,0.04640598581639811
46,78,cartoon,incongruent,✅,0.14776125379508698
46,79,alcoholism,congruent,✅,0.816009481643354
46,79,academics,congruent,✅,0.9230728820966875
46,79,alcoholism,incongruent,✅,0.20028075326369507
46,79,academics,incongruent,✅,0.14692552520074578
46,8,engagement,congruent,✅,0.7361499485751973
46,8,cancer,congruent,✅,0.6504098150282029
46,8,engagement,incongruent,❌,0.6769122793723731
46,8,cancer,incongruent,✅,0.3845850151248953
46,9,terminal,congruent,✅,0.9605894594449593
46,9,classroom,congruent,✅,0.8353239404174628
46,9,terminal,incongruent,✅,0.02666467589589241
46,9,classroom,incongruent,✅,0.14617718642298802
47,0,library,congruent,✅,0.8206823442099548
47,0,refrigerator,congruent,✅,0.6549052479677241
47,0,library,incongruent,❌,0.5516755524155789
47,0,refrigerator,incongruent,✅,0.052532649592631736
47,1,disappointment,congruent,❌,0.265560181989491
47,1,delight,congruent,✅,0.8637661642145907
47,1,disappointment,incongruent,✅,0.29668563736873726
47,1,delight,incongruent,✅,0.23495912941373487
47,10,cash,congruent,✅,0.9681857318494484
47,10,groceries,congruent,❌,0.2354445507905299
47,10,cash,incongruent,✅,0.0643165444218859
47,10,groceries,incongruent,✅,0.03502578010986823
47,11,lonely,congruent,✅,0.7010882458502204
47,11,confident,congruent,✅,0.7237139768176792
47,11,lonely,incongruent,✅,0.16675300687475764
47,11,confident,incongruent,✅,0.31976558602499305
47,12,joy,congruent,✅,0.992466905233537
47,12,outrage,congruent,✅,0.6603954717066983
47,12,joy,incongruent,✅,0.4079767746692109
47,12,outrage,incongruent,❌,0.8643072811632976
47,13,traffic,congruent,✅,0.9958521119253324
47,13,snowstorm,congruent,✅,0.9295277552639907
47,13,traffic,incongruent,✅,0.13530343094073957
47,13,snowstorm,incongruent,❌,0.9206336146118254
47,14,laughter,congruent,✅,0.9997366194697036
47,14,frustration,congruent,✅,0.9030544614613755
47,14,laughter,incongruent,✅,0.4298431810386594
47,14,frustration,incongruent,❌,0.9665400133945339
47,15,calculator,congruent,✅,0.8282133801040304
47,15,instrument,congruent,✅,0.9418755247394918
47,15,calculator,incongruent,✅,0.05603612843926101
47,15,instrument,incongruent,❌,0.5099236363716768
47,16,orchestra,congruent,✅,0.5311886458983927
47,16,racers,congruent,✅,0.8734961702732993
47,16,orchestra,incongruent,✅,0.4252729566112875
47,16,racers,incongruent,✅,0.01757849560001024
47,17,retirement,congruent,❌,0.3086871677901732
47,17,playdate,congruent,✅,0.7629834176881809
47,17,retirement,incongruent,✅,0.09097739830257322
47,17,playdate,incongruent,✅,0.019149532545393824
47,18,relieved,congruent,✅,0.5882791113526018
47,18,depressed,congruent,❌,0.1276846740458199
47,18,relieved,incongruent,✅,0.06442640415455532
47,18,depressed,incongruent,✅,0.44231628365496084
47,19,friends,congruent,✅,0.6209849370542374
47,19,weight,congruent,✅,0.9741762984539655
47,19,friends,incongruent,❌,0.9008263288078368
47,19,weight,incongruent,❌,0.5458106450415223
47,2,overcoat,congruent,❌,0.2362406229419987
47,2,sandals,congruent,✅,0.775357300265431
47,2,overcoat,incongruent,✅,0.409495285323324
47,2,sandals,incongruent,✅,0.07457233229141298
47,20,lipstick,congruent,✅,0.9870906027482993
47,20,song,congruent,✅,0.9928426484088875
47,20,lipstick,incongruent,❌,0.7915086203672613
47,20,song,incongruent,❌,0.9243549692393258
47,21,fought,congruent,✅,0.9536745798867897
47,21,sang,congruent,❌,0.4004978768423821
47,21,fought,incongruent,✅,0.0047817840455273925
47,21,sang,incongruent,✅,0.2506098233133902
47,22,skeptical,congruent,❌,0.4301624927284832
47,22,reassured,congruent,✅,0.9451119775072794
47,22,skeptical,incongruent,❌,0.8922516747205704
47,22,reassured,incongruent,✅,0.24076486061326913
47,23,graduation,congruent,✅,0.9991160144421519
47,23,operation,congruent,✅,0.9467040755973121
47,23,graduation,incongruent,✅,0.16528081224996702
47,23,operation,incongruent,✅,0.4423657943299333
47,24,bride,congruent,❌,0.4522348857663246
47,24,aftermath,congruent,❌,0.46061871619993056
47,24,bride,incongruent,✅,0.007904265254132445
47,24,aftermath,incongruent,✅,0.030374798031689458
47,25,teacher,congruent,✅,0.6521556905749233
47,25,daughter,congruent,✅,0.9659975179901681
47,25,teacher,incongruent,✅,0.465836334737539
47,25,daughter,incongruent,✅,0.039523471278048346
47,26,roommate,congruent,✅,0.7872302553556283
47,26,grandma,congruent,✅,0.9611876942603759
47,26,roommate,incongruent,✅,0.03977067841599302
47,26,grandma,incongruent,✅,0.045872079011515035
47,27,brother,congruent,✅,0.8761937473872672
47,27,mother,congruent,✅,0.9484307338448139
47,27,brother,incongruent,❌,0.5905448894008072
47,27,mother,incongruent,✅,0.32187315608680694
47,28,preschool,congruent,❌,0.0639845943772429
47,28,prison,congruent,❌,0.34687844269577967
47,28,preschool,incongruent,✅,0.02897972123229661
47,28,prison,incongruent,✅,0.0053813866919126775
47,29,hopeful,congruent,✅,0.9241233769954555
47,29,hopeless,congruent,✅,0.911775538075946
47,29,hopeful,incongruent,❌,0.5263196047779796
47,29,hopeless,incongruent,❌,0.8059560599040799
47,3,marathon,congruent,✅,0.9458035318515008
47,3,exam,congruent,✅,0.9882147994470923
47,3,marathon,incongruent,✅,0.3670982422380833
47,3,exam,incongruent,✅,0.19232076096672146
47,30,appalled,congruent,✅,0.6377287469310091
47,30,overjoyed,congruent,✅,0.788988066138006
47,30,appalled,incongruent,✅,0.2470560093009535
47,30,overjoyed,incongruent,✅,0.3441264472779245
47,31,reprimand,congruent,✅,0.8084646735612588
47,31,encouragement,congruent,✅,0.7000387396853045
47,31,reprimand,incongruent,✅,0.09051774096672492
47,31,encouragement,incongruent,❌,0.5953813830719316
47,32,angrily,congruent,❌,0.4306039406057834
47,32,cordially,congruent,❌,0.22606062624823398
47,32,angrily,incongruent,✅,0.08302007367647801
47,32,cordially,incongruent,✅,0.08662902354273194
47,33,accusatory,congruent,❌,0.06909725089814236
47,33,flirtatious,congruent,✅,0.7202602559065133
47,33,accusatory,incongruent,✅,0.401739806301118
47,33,flirtatious,incongruent,✅,0.005838334250616018
47,34,disapprovingly,congruent,✅,0.7427632596933968
47,34,lovingly,congruent,❌,0.3361490826517044
47,34,disapprovingly,incongruent,✅,0.11067082575703034
47,34,lovingly,incongruent,❌,0.6282254375997297
47,35,playful,congruent,✅,0.6921244662324464
47,35,distant,congruent,✅,0.891124549897617
47,35,playful,incongruent,❌,0.5256329404213481
47,35,distant,incongruent,✅,0.146876560974215
47,36,headphones,congruent,❌,0.41005466982021643
47,36,mangoes,congruent,✅,0.9098822267895298
47,36,headphones,incongruent,✅,0.44183925038548644
47,36,mangoes,incongruent,✅,0.1541154664109195
47,37,playroom,congruent,✅,0.9325380502375991
47,37,park,congruent,✅,0.9897579403097779
47,37,playroom,incongruent,✅,0.44097220387797004
47,37,park,incongruent,✅,0.19422258276800553
47,38,bedroom,congruent,✅,0.9426580790284226
47,38,backyard,congruent,✅,0.9045316659014687
47,38,bedroom,incongruent,✅,0.2878031537615147
47,38,backyard,incongruent,✅,0.07298367757642762
47,39,solemnly,congruent,❌,0.36023533631612015
47,39,excitedly,congruent,✅,0.7881230398823966
47,39,solemnly,incongruent,❌,0.6152927803059958
47,39,excitedly,incongruent,✅,0.05483319541238964
47,4,menu,congruent,✅,0.6998110916239109
47,4,prescription,congruent,✅,0.9874414071311026
47,4,menu,incongruent,✅,0.05279567088458512
47,4,prescription,incongruent,✅,0.13905648771828788
47,40,car,congruent,✅,0.9475037494745288
47,40,sock,congruent,❌,0.043502344898265356
47,40,car,incongruent,✅,0.0008175426671199606
47,40,sock,incongruent,✅,0.2469333036284803
47,41,overdressed,congruent,✅,0.9376505083803754
47,41,naked,congruent,❌,0.43515451449864906
47,41,overdressed,incongruent,✅,0.16385315443722315
47,41,naked,incongruent,✅,0.26123907364319865
47,42,shy,congruent,✅,0.9148165524769972
47,42,lively,congruent,✅,0.9699820824877331
47,42,shy,incongruent,❌,0.5821773956361683
47,42,lively,incongruent,❌,0.8463457671218056
47,43,offended,congruent,❌,0.262244451722858
47,43,flattered,congruent,✅,0.9164122466992297
47,43,offended,incongruent,❌,0.6372990257145251
47,43,flattered,incongruent,✅,0.2682496596445169
47,44,grandkid,congruent,❌,0.22765482180065885
47,44,cellmate,congruent,✅,0.9829482161787841
47,44,grandkid,incongruent,✅,0.060838824913344546
47,44,cellmate,incongruent,✅,0.020358890912826787
47,45,promoted,congruent,✅,0.726906553348552
47,45,fired,congruent,✅,0.8660416942467959
47,45,promoted,incongruent,✅,0.3573080406400297
47,45,fired,incongruent,✅,0.3608074539343712
47,46,shooting,congruent,❌,0.062137604031679845
47,46,celebration,congruent,❌,0.26572430978082945
47,46,shooting,incongruent,✅,0.03729141106376929
47,46,celebration,incongruent,✅,0.019303531994742044
47,47,crayon,congruent,❌,0.39864863273141765
47,47,beer,congruent,❌,0.3398485378572313
47,47,crayon,incongruent,✅,0.013096550895964905
47,47,beer,incongruent,✅,0.00959796964216678
47,48,waiter,congruent,✅,0.5843719023583722
47,48,taxi,congruent,❌,0.3414899740301947
47,48,waiter,incongruent,✅,0.24717116828206204
47,48,taxi,incongruent,✅,0.07975026510693481
47,49,parents,congruent,✅,0.9772737003606289
47,49,keys,congruent,✅,0.9472059523699354
47,49,parents,incongruent,❌,0.772900549533201
47,49,keys,incongruent,✅,0.33098024350735766
47,5,distress,congruent,✅,0.9231762151067814
47,5,tranquility,congruent,✅,0.9030134156401989
47,5,distress,incongruent,✅,0.3791662618478949
47,5,tranquility,incongruent,✅,0.3712807621480732
47,50,sofa,congruent,✅,0.9798182341175978
47,50,sky,congruent,✅,0.9842449850579068
47,50,sofa,incongruent,❌,0.5633641348949628
47,50,sky,incongruent,✅,0.3961539064148709
47,51,obesity,congruent,❌,0.3863970004582438
47,51,homework,congruent,✅,0.8496196761689421
47,51,obesity,incongruent,✅,0.06943067182521417
47,51,homework,incongruent,✅,0.21726915272677186
47,52,quiz,congruent,✅,0.6594318377559304
47,52,commute,congruent,✅,0.999085053660953
47,52,quiz,incongruent,✅,0.12325517701493513
47,52,commute,incongruent,✅,0.010818671732660221
47,53,migraine,congruent,✅,0.9975718597023364
47,53,excitement,congruent,❌,0.49842802045586193
47,53,migraine,incongruent,✅,0.014138057325446785
47,53,excitement,incongruent,❌,0.9148692964007638
47,54,niece,congruent,✅,0.8046148743497636
47,54,husband,congruent,✅,0.587479121468044
47,54,niece,incongruent,✅,0.4722598692057078
47,54,husband,incongruent,✅,0.4072282292199565
47,55,film,congruent,✅,0.8452401922985532
47,55,sunrise,congruent,✅,0.8111968788519806
47,55,film,incongruent,✅,0.2602141002311586
47,55,sunrise,incongruent,✅,0.060021014773623683
47,56,lecture,congruent,❌,0.22890859843594685
47,56,banquet,congruent,✅,0.6232434595463675
47,56,lecture,incongruent,✅,0.027936630533504005
47,56,banquet,incongruent,✅,0.021486896698861058
47,57,drink,congruent,✅,0.8879191920901406
47,57,textbook,congruent,✅,0.6824986824290404
47,57,drink,incongruent,✅,0.013132318556923601
47,57,textbook,incongruent,✅,0.09453269996177381
47,58,pool,congruent,✅,0.7862190175972343
47,58,snow,congruent,❌,0.3212685099476513
47,58,pool,incongruent,✅,0.021115535350771576
47,58,snow,incongruent,✅,0.05117229355169674
47,59,passport,congruent,✅,0.9524031739330149
47,59,plushy,congruent,✅,0.552664233111887
47,59,passport,incongruent,✅,0.008808557075871503
47,59,plushy,incongruent,✅,0.4235563753755881
47,6,patients,congruent,✅,0.9967400522147525
47,6,students,congruent,✅,0.999339091280085
47,6,patients,incongruent,✅,0.3093542221883912
47,6,students,incongruent,✅,0.39178676109970445
47,60,sister,congruent,❌,0.10749945662795578
47,60,father,congruent,✅,0.9495090066504741
47,60,sister,incongruent,✅,0.12799267519557797
47,60,father,incongruent,✅,0.01699148161066797
47,61,game,congruent,✅,0.8791280999608242
47,61,sunset,congruent,✅,0.9962066364010776
47,61,game,incongruent,❌,0.9120674367536751
47,61,sunset,incongruent,✅,0.32549832752257585
47,62,holidays,congruent,✅,0.9961109780081437
47,62,funeral,congruent,✅,0.978619303149792
47,62,holidays,incongruent,❌,0.6701682757849128
47,62,funeral,incongruent,❌,0.9236378297446712
47,63,grades,congruent,✅,0.5490656510248585
47,63,affair,congruent,✅,0.9237091065573908
47,63,grades,incongruent,✅,0.26462152935871297
47,63,affair,incongruent,✅,0.010984907439920161
47,64,arrest,congruent,✅,0.6539948310569091
47,64,stroke,congruent,✅,0.77921915836878
47,64,arrest,incongruent,❌,0.8234815554726334
47,64,stroke,incongruent,✅,0.3628718810679598
47,65,pacifier,congruent,✅,0.8393632842714778
47,65,coffee,congruent,✅,0.8600501494622826
47,65,pacifier,incongruent,✅,0.0384396815541646
47,65,coffee,incongruent,✅,0.1355833458102603
47,66,sweets,congruent,✅,0.9450002148737247
47,66,sentencing,congruent,✅,0.9818501973281292
47,66,sweets,incongruent,✅,0.04044565462266477
47,66,sentencing,incongruent,✅,0.3448226105638245
47,67,nap,congruent,✅,0.9211751526439205
47,67,selfie,congruent,❌,0.4356795094305026
47,67,nap,incongruent,✅,0.048577872174140745
47,67,selfie,incongruent,✅,0.0538973198499254
47,68,diaper,congruent,✅,0.9786767189652277
47,68,tire,congruent,✅,0.9649618762706466
47,68,diaper,incongruent,✅,0.1040149169294674
47,68,tire,incongruent,✅,0.061209941627491264
47,69,chemotherapy,congruent,❌,0.3664605894167526
47,69,golf,congruent,✅,0.9575959721582418
47,69,chemotherapy,incongruent,✅,0.05550281379113122
47,69,golf,incongruent,✅,0.13994496013029872
47,7,consensus,congruent,✅,0.640299937726409
47,7,deadlock,congruent,❌,0.48346925931541934
47,7,consensus,incongruent,✅,0.13262301112879504
47,7,deadlock,incongruent,✅,0.4245050693487186
47,70,thunder,congruent,❌,0.0511624449723759
47,70,lullaby,congruent,❌,0.47948174825042283
47,70,thunder,incongruent,✅,0.06333194685625251
47,70,lullaby,incongruent,✅,0.004569172715109921
47,71,pajamas,congruent,✅,0.9735692739618799
47,71,uniform,congruent,✅,0.9854469274721472
47,71,pajamas,incongruent,✅,0.043745541832916686
47,71,uniform,incongruent,✅,0.23744835103424017
47,72,gown,congruent,✅,0.9363171176563102
47,72,sweats,congruent,✅,0.7321215215839498
47,72,gown,incongruent,✅,0.01878051258933991
47,72,sweats,incongruent,✅,0.23911083431943944
47,73,deadline,congruent,❌,0.15153044769215585
47,73,bed,congruent,✅,0.9173680007455841
47,73,deadline,incongruent,✅,0.1631222286781584
47,73,bed,incongruent,✅,0.03496173509017176
47,74,kindergarten,congruent,❌,0.38613119639246496
47,74,jail,congruent,✅,0.6800170412456765
47,74,kindergarten,incongruent,✅,0.010906335162858072
47,74,jail,incongruent,❌,0.5799267303673475
47,75,interrogated,congruent,❌,0.32302617789824056
47,75,tickled,congruent,✅,0.7240869570026639
47,75,interrogated,incongruent,❌,0.5555437112651953
47,75,tickled,incongruent,✅,0.004635184976675891
47,76,sandcastle,congruent,✅,0.9666928210097061
47,76,snowman,congruent,✅,0.9995339616313658
47,76,sandcastle,incongruent,❌,0.6372690388248297
47,76,snowman,incongruent,❌,0.6687394370333035
47,77,music,congruent,✅,0.9928067918115988
47,77,pizza,congruent,✅,0.9999602684842439
47,77,music,incongruent,❌,0.6432582486442407
47,77,pizza,incongruent,✅,0.20013524415659553
47,78,playoffs,congruent,❌,0.2372680880733419
47,78,cartoon,congruent,✅,0.9987953973450207
47,78,playoffs,incongruent,✅,0.06112662407767854
47,78,cartoon,incongruent,✅,0.08451672844971898
47,79,alcoholism,congruent,✅,0.6830320171975354
47,79,academics,congruent,✅,0.7142745729310142
47,79,alcoholism,incongruent,✅,0.09342361243967769
47,79,academics,incongruent,✅,0.10590915857248744
47,8,engagement,congruent,✅,0.9024861315370202
47,8,cancer,congruent,✅,0.9638051999177577
47,8,engagement,incongruent,❌,0.9447217110234588
47,8,cancer,incongruent,❌,0.6577645320492062
47,9,terminal,congruent,✅,0.9833594347536934
47,9,classroom,congruent,✅,0.9449402550864552
47,9,terminal,incongruent,✅,0.13501434255653938
47,9,classroom,incongruent,✅,0.21943548649060013
