StartDate,EndDate,Status,IPAddress,Progress,Duration (in seconds),Finished,RecordedDate,ResponseId,RecipientLastName,RecipientFirstName,RecipientEmail,ExternalReference,LocationLatitude,LocationLongitude,DistributionChannel,UserLanguage,SB_Q1,SB_Q2,SB_Q3,SB_Q4,SB_Q5,SB_Q6,SB_Q7,SB_Q8,SB_Q9,SB_Q10,SB_Q11,SB_Q12,SB_Q13,SB_Q14,SB_Q15,SB_Q16,SB_Q17,SB_Q18,SB_Q19,SB_Q20,SB_Q21,SB_Q22,SB_Q23,SB_Q24,SB_Q25,SB_Q26,SB_Q27,SB_Q28,SB_Q29,SB_Q30,SB_Q31,SB_Q32,SB_Q33,SB_Q34,SB_Q35,SB_Q36,SB_Q37,SB_Q38,SB_Q39,SB_Q40,SB_Q41,SB_Q42,SB_Q43,SB_Q44,SB_Q45,SB_Q46,SB_Q47,SB_Q48,SB_Q49,SB_Q50,SB_Q51,SB_Q52,SB_Q53,SB_Q54,SB_Q55,SB_Q56,SB_Q57,SB_Q58,SB_Q59,SB_Q60,SB_Q61,SB_Q62,SB_Q63,SB_Q64,SB_Q65,SB_Q66,SB_Q67,SB_Q68,SB_Q69,SB_Q70,SB_Q71,SB_Q72,SB_Q73,SB_Q74,SB_Q75,SB_Q76,SB_Q77,SB_Q78,SB_Q79,SB_Q80
Start Date,End Date,Response Type,IP Address,Progress,Duration (in seconds),Finished,Recorded Date,Response ID,Recipient Last Name,Recipient First Name,Recipient Email,External Data Reference,Location Latitude,Location Longitude,Distribution Channel,User Language,"Sentence


The kids played in the bedroom.","Sentence


They got along in preschool.","Sentence


The crowd was overcome with outrage.","Sentence


She found out about his affair.","Sentence


He had a conversation with his grandkid.","Sentence


She looked over disapprovingly.","Sentence


His employer gave him words of encouragement.","Sentence


He needed his coffee.","Sentence


The cat leaped towards the sofa.","Sentence


She was taking a selfie.","Sentence


I rushed right over after hearing about his stroke.","Sentence


She was looking for a drink.","Sentence


As he got older, he felt more lonely.","Sentence


He was talking with his teacher.","Sentence


He walked out of the interview depressed.","Sentence


They were making pizza.","Sentence


She came home for the funeral.","Sentence


He listened to the lullaby.","Sentence


She was getting ready to go play in the pool.","Sentence


When she opened her grade, she was overjoyed.","Sentence


She was excited to watch the sunrise.","Sentence


His comment made her offended.","Sentence


She was changing her tire.","Sentence


Realizing the time, she hurried towards the terminal.","Sentence


She was experiencing an intense migraine.","Sentence


The kids played in the playroom.","Sentence


Hearing his words, she was reassured.","Sentence


She was building a sandcastle.","Sentence


The meeting quickly reached a consensus.","Sentence


When she opened the exam, she felt hopeless.","Sentence


He was arguing with his brother.","Sentence


Hearing the news, he could not hide his delight.","Sentence


She called to say she was on the road stuck in the snowstorm.","Sentence


They cheered loudly for the racers.","Sentence


He couldn't believe he had gotten fired.","Sentence


She was very close to her father.","Sentence


Every morning, she warmly greets the patients.","Sentence


She handed me the menu.","Sentence


He was glad he did not forget his passport.","Sentence


She was looking for a waiter.","Sentence


She didn't want to go to jail.","Sentence


She held her hands excitedly.","Sentence


He realized he was out of cash.","Sentence


She was looking for her keys.","Sentence


She looked around but could not find her sock.","Sentence


He liked to spend time with his roommate.","Sentence


She received the news about the celebration.","Sentence


He gestured from his car angrily.","Sentence


He needed to make the deadline.","Sentence


At the family gathering, she told them about her engagement.","Sentence


He noticed she was being very playful.","Sentence


Everyone stared because she was naked.","Sentence


She needed to put everything in the library.","Sentence


She spent months preparing for the exam.","Sentence


I looked around the store for headphones.","Sentence


He changed into his uniform.","Sentence


He was being interrogated.","Sentence


She listened as her parents' sang.","Sentence


He looked at me in a way that felt accusatory.","Sentence


She put on her favorite song.","Sentence


He was so tired he fell asleep during the commute.","Sentence


He had another round of golf.","Sentence


She was glad she wore her overcoat.","Sentence


She was planning for her playdate.","Sentence


They were looking at the bride.","Sentence


They were watching the cartoon.","Sentence


Over the course of the semester, she lost a lot of friends.","Sentence


He was looking for a beer.","Sentence


At the party, she was shy.","Sentence


They lined up for sentencing.","Sentence


She changed into her gown.","Sentence


He couldn't hold back his frustration.","Sentence


He struggled with homework.","Sentence


They chatted at the banquet.","Sentence


He had been looking forward to see the game.","Sentence


She was struggling with alcoholism.","Sentence


Upon arriving, she realized she forgot to bring her calculator.","Sentence


He was experiencing feelings of great distress.","Sentence


After many months, she was excited to finally see her niece.","Sentence


She was getting ready for her operation."
"{""ImportId"":""startDate"",""timeZone"":""America/Denver""}","{""ImportId"":""endDate"",""timeZone"":""America/Denver""}","{""ImportId"":""status""}","{""ImportId"":""ipAddress""}","{""ImportId"":""progress""}","{""ImportId"":""duration""}","{""ImportId"":""finished""}","{""ImportId"":""recordedDate"",""timeZone"":""America/Denver""}","{""ImportId"":""_recordId""}","{""ImportId"":""recipientLastName""}","{""ImportId"":""recipientFirstName""}","{""ImportId"":""recipientEmail""}","{""ImportId"":""externalDataReference""}","{""ImportId"":""locationLatitude""}","{""ImportId"":""locationLongitude""}","{""ImportId"":""distributionChannel""}","{""ImportId"":""userLanguage""}","{""ImportId"":""QID1001""}","{""ImportId"":""QID1002""}","{""ImportId"":""QID1003""}","{""ImportId"":""QID1004""}","{""ImportId"":""QID1005""}","{""ImportId"":""QID1006""}","{""ImportId"":""QID1007""}","{""ImportId"":""QID1008""}","{""ImportId"":""QID1009""}","{""ImportId"":""QID1010""}","{""ImportId"":""QID1011""}","{""ImportId"":""QID1012""}","{""ImportId"":""QID1013""}","{""ImportId"":""QID1014""}","{""ImportId"":""QID1015""}","{""ImportId"":""QID1016""}","{""ImportId"":""QID1017""}","{""ImportId"":""QID1018""}","{""ImportId"":""QID1019""}","{""ImportId"":""QID1020""}","{""ImportId"":""QID1021""}","{""ImportId"":""QID1022""}","{""ImportId"":""QID1023""}","{""ImportId"":""QID1024""}","{""ImportId"":""QID1025""}","{""ImportId"":""QID1026""}","{""ImportId"":""QID1027""}","{""ImportId"":""QID1028""}","{""ImportId"":""QID1029""}","{""ImportId"":""QID1030""}","{""ImportId"":""QID1031""}","{""ImportId"":""QID1032""}","{""ImportId"":""QID1033""}","{""ImportId"":""QID1034""}","{""ImportId"":""QID1035""}","{""ImportId"":""QID1036""}","{""ImportId"":""QID1037""}","{""ImportId"":""QID1038""}","{""ImportId"":""QID1039""}","{""ImportId"":""QID1040""}","{""ImportId"":""QID1041""}","{""ImportId"":""QID1042""}","{""ImportId"":""QID1043""}","{""ImportId"":""QID1044""}","{""ImportId"":""QID1045""}","{""ImportId"":""QID1046""}","{""ImportId"":""QID1047""}","{""ImportId"":""QID1048""}","{""ImportId"":""QID1049""}","{""ImportId"":""QID1050""}","{""ImportId"":""QID1051""}","{""ImportId"":""QID1052""}","{""ImportId"":""QID1053""}","{""ImportId"":""QID1054""}","{""ImportId"":""QID1055""}","{""ImportId"":""QID1056""}","{""ImportId"":""QID1057""}","{""ImportId"":""QID1058""}","{""ImportId"":""QID1059""}","{""ImportId"":""QID1060""}","{""ImportId"":""QID1061""}","{""ImportId"":""QID1062""}","{""ImportId"":""QID1063""}","{""ImportId"":""QID1064""}","{""ImportId"":""QID1065""}","{""ImportId"":""QID1066""}","{""ImportId"":""QID1067""}","{""ImportId"":""QID1068""}","{""ImportId"":""QID1069""}","{""ImportId"":""QID1070""}","{""ImportId"":""QID1071""}","{""ImportId"":""QID1072""}","{""ImportId"":""QID1073""}","{""ImportId"":""QID1074""}","{""ImportId"":""QID1075""}","{""ImportId"":""QID1076""}","{""ImportId"":""QID1077""}","{""ImportId"":""QID1078""}","{""ImportId"":""QID1079""}","{""ImportId"":""QID1080""}"
2026-07-20 02:00:41,2026-07-20 02:05:19,IP Address,*******,100,278,True,2026-07-20 02:05:20,R_9NYWSDZSk19bHMJ,*******,*******,*******,*******,*******,*******,anonymous,EN,1 = Not compatible at all. The final word is clearly inconsistent with / unrelated to / contradicts the picture.,5 = Very compatible. The final word makes the sentence very consistent with / a natural interpretation of the picture.,4 = Compatible. The final word makes the sentence a reasonable interpretation of the picture.,5 = Very compatible. The final word makes the sentence very consistent with / a natural interpretation of the picture.,3 = Uncertain. The final word provides weak / ambiguous / mixed evidence for the picture.,1 = Not compatible at all. The final word is clearly inconsistent with / unrelated to / contradicts the picture.,1 = Not compatible at all. The final word is clearly inconsistent with / unrelated to / contradicts the picture.,3 = Uncertain. The final word provides weak / ambiguous / mixed evidence for the picture.,5 = Very compatible. The final word makes the sentence very consistent with / a natural interpretation of the picture.,5 = Very compatible. The final word makes the sentence very consistent with / a natural interpretation of the picture.,4 = Compatible. The final word makes the sentence a reasonable interpretation of the picture.,5 = Very compatible. The final word makes the sentence very consistent with / a natural interpretation of the picture.,3 = Uncertain. The final word provides weak / ambiguous / mixed evidence for the picture.,5 = Very compatible. The final word makes the sentence very consistent with / a natural interpretation of the picture.,1 = Not compatible at all. The final word is clearly inconsistent with / unrelated to / contradicts the picture.,5 = Very compatible. The final word makes the sentence very consistent with / a natural interpretation of the picture.,1 = Not compatible at all. The final word is clearly inconsistent with / unrelated to / contradicts the picture.,1 = Not compatible at all. The final word is clearly inconsistent with / unrelated to / contradicts the picture.,5 = Very compatible. The final word makes the sentence very consistent with / a natural interpretation of the picture.,3 = Uncertain. The final word provides weak / ambiguous / mixed evidence for the picture.,3 = Uncertain. The final word provides weak / ambiguous / mixed evidence for the picture.,1 = Not compatible at all. The final word is clearly inconsistent with / unrelated to / contradicts the picture.,1 = Not compatible at all. The final word is clearly inconsistent with / unrelated to / contradicts the picture.,1 = Not compatible at all. The final word is clearly inconsistent with / unrelated to / contradicts the picture.,1 = Not compatible at all. The final word is clearly inconsistent with / unrelated to / contradicts the picture.,2 = Low compatibility. The final word is technically plausible but would not be commonly associated with the picture / it would be unusual or difficult to reconcile this sentence with the picture.,4 = Compatible. The final word makes the sentence a reasonable interpretation of the picture.,1 = Not compatible at all. The final word is clearly inconsistent with / unrelated to / contradicts the picture.,5 = Very compatible. The final word makes the sentence very consistent with / a natural interpretation of the picture.,1 = Not compatible at all. The final word is clearly inconsistent with / unrelated to / contradicts the picture.,5 = Very compatible. The final word makes the sentence very consistent with / a natural interpretation of the picture.,1 = Not compatible at all. The final word is clearly inconsistent with / unrelated to / contradicts the picture.,5 = Very compatible. The final word makes the sentence very consistent with / a natural interpretation of the picture.,5 = Very compatible. The final word makes the sentence very consistent with / a natural interpretation of the picture.,5 = Very compatible. The final word makes the sentence very consistent with / a natural interpretation of the picture.,5 = Very compatible. The final word makes the sentence very consistent with / a natural interpretation of the picture.,1 = Not compatible at all. The final word is clearly inconsistent with / unrelated to / contradicts the picture.,2 = Low compatibility. The final word is technically plausible but would not be commonly associated with the picture / it would be unusual or difficult to reconcile this sentence with the picture.,1 = Not compatible at all. The final word is clearly inconsistent with / unrelated to / contradicts the picture.,5 = Very compatible. The final word makes the sentence very consistent with / a natural interpretation of the picture.,5 = Very compatible. The final word makes the sentence very consistent with / a natural interpretation of the picture.,3 = Uncertain. The final word provides weak / ambiguous / mixed evidence for the picture.,2 = Low compatibility. The final word is technically plausible but would not be commonly associated with the picture / it would be unusual or difficult to reconcile this sentence with the picture.,5 = Very compatible. The final word makes the sentence very consistent with / a natural interpretation of the picture.,2 = Low compatibility. The final word is technically plausible but would not be commonly associated with the picture / it would be unusual or difficult to reconcile this sentence with the picture.,2 = Low compatibility. The final word is technically plausible but would not be commonly associated with the picture / it would be unusual or difficult to reconcile this sentence with the picture.,2 = Low compatibility. The final word is technically plausible but would not be commonly associated with the picture / it would be unusual or difficult to reconcile this sentence with the picture.,1 = Not compatible at all. The final word is clearly inconsistent with / unrelated to / contradicts the picture.,5 = Very compatible. The final word makes the sentence very consistent with / a natural interpretation of the picture.,4 = Compatible. The final word makes the sentence a reasonable interpretation of the picture.,5 = Very compatible. The final word makes the sentence very consistent with / a natural interpretation of the picture.,1 = Not compatible at all. The final word is clearly inconsistent with / unrelated to / contradicts the picture.,5 = Very compatible. The final word makes the sentence very consistent with / a natural interpretation of the picture.,4 = Compatible. The final word makes the sentence a reasonable interpretation of the picture.,1 = Not compatible at all. The final word is clearly inconsistent with / unrelated to / contradicts the picture.,2 = Low compatibility. The final word is technically plausible but would not be commonly associated with the picture / it would be unusual or difficult to reconcile this sentence with the picture.,2 = Low compatibility. The final word is technically plausible but would not be commonly associated with the picture / it would be unusual or difficult to reconcile this sentence with the picture.,2 = Low compatibility. The final word is technically plausible but would not be commonly associated with the picture / it would be unusual or difficult to reconcile this sentence with the picture.,5 = Very compatible. The final word makes the sentence very consistent with / a natural interpretation of the picture.,5 = Very compatible. The final word makes the sentence very consistent with / a natural interpretation of the picture.,5 = Very compatible. The final word makes the sentence very consistent with / a natural interpretation of the picture.,5 = Very compatible. The final word makes the sentence very consistent with / a natural interpretation of the picture.,1 = Not compatible at all. The final word is clearly inconsistent with / unrelated to / contradicts the picture.,5 = Very compatible. The final word makes the sentence very consistent with / a natural interpretation of the picture.,5 = Very compatible. The final word makes the sentence very consistent with / a natural interpretation of the picture.,5 = Very compatible. The final word makes the sentence very consistent with / a natural interpretation of the picture.,1 = Not compatible at all. The final word is clearly inconsistent with / unrelated to / contradicts the picture.,5 = Very compatible. The final word makes the sentence very consistent with / a natural interpretation of the picture.,5 = Very compatible. The final word makes the sentence very consistent with / a natural interpretation of the picture.,1 = Not compatible at all. The final word is clearly inconsistent with / unrelated to / contradicts the picture.,2 = Low compatibility. The final word is technically plausible but would not be commonly associated with the picture / it would be unusual or difficult to reconcile this sentence with the picture.,1 = Not compatible at all. The final word is clearly inconsistent with / unrelated to / contradicts the picture.,1 = Not compatible at all. The final word is clearly inconsistent with / unrelated to / contradicts the picture.,1 = Not compatible at all. The final word is clearly inconsistent with / unrelated to / contradicts the picture.,4 = Compatible. The final word makes the sentence a reasonable interpretation of the picture.,5 = Very compatible. The final word makes the sentence very consistent with / a natural interpretation of the picture.,4 = Compatible. The final word makes the sentence a reasonable interpretation of the picture.,2 = Low compatibility. The final word is technically plausible but would not be commonly associated with the picture / it would be unusual or difficult to reconcile this sentence with the picture.,5 = Very compatible. The final word makes the sentence very consistent with / a natural interpretation of the picture.,3 = Uncertain. The final word provides weak / ambiguous / mixed evidence for the picture.
2026-07-20 07:00:52,2026-07-20 09:15:41,IP Address,*******,100,8089,True,2026-07-20 09:15:50,R_7PpihbykJqdZXVq,*******,*******,*******,*******,*******,*******,anonymous,EN,2 = Low compatibility. The final word is technically plausible but would not be commonly associated with the picture / it would be unusual or difficult to reconcile this sentence with the picture.,5 = Very compatible. The final word makes the sentence very consistent with / a natural interpretation of the picture.,4 = Compatible. The final word makes the sentence a reasonable interpretation of the picture.,5 = Very compatible. The final word makes the sentence very consistent with / a natural interpretation of the picture.,1 = Not compatible at all. The final word is clearly inconsistent with / unrelated to / contradicts the picture.,1 = Not compatible at all. The final word is clearly inconsistent with / unrelated to / contradicts the picture.,1 = Not compatible at all. The final word is clearly inconsistent with / unrelated to / contradicts the picture.,1 = Not compatible at all. The final word is clearly inconsistent with / unrelated to / contradicts the picture.,4 = Compatible. The final word makes the sentence a reasonable interpretation of the picture.,5 = Very compatible. The final word makes the sentence very consistent with / a natural interpretation of the picture.,3 = Uncertain. The final word provides weak / ambiguous / mixed evidence for the picture.,4 = Compatible. The final word makes the sentence a reasonable interpretation of the picture.,3 = Uncertain. The final word provides weak / ambiguous / mixed evidence for the picture.,4 = Compatible. The final word makes the sentence a reasonable interpretation of the picture.,1 = Not compatible at all. The final word is clearly inconsistent with / unrelated to / contradicts the picture.,5 = Very compatible. The final word makes the sentence very consistent with / a natural interpretation of the picture.,1 = Not compatible at all. The final word is clearly inconsistent with / unrelated to / contradicts the picture.,4 = Compatible. The final word makes the sentence a reasonable interpretation of the picture.,5 = Very compatible. The final word makes the sentence very consistent with / a natural interpretation of the picture.,3 = Uncertain. The final word provides weak / ambiguous / mixed evidence for the picture.,4 = Compatible. The final word makes the sentence a reasonable interpretation of the picture.,1 = Not compatible at all. The final word is clearly inconsistent with / unrelated to / contradicts the picture.,4 = Compatible. The final word makes the sentence a reasonable interpretation of the picture.,2 = Low compatibility. The final word is technically plausible but would not be commonly associated with the picture / it would be unusual or difficult to reconcile this sentence with the picture.,2 = Low compatibility. The final word is technically plausible but would not be commonly associated with the picture / it would be unusual or difficult to reconcile this sentence with the picture.,5 = Very compatible. The final word makes the sentence very consistent with / a natural interpretation of the picture.,4 = Compatible. The final word makes the sentence a reasonable interpretation of the picture.,1 = Not compatible at all. The final word is clearly inconsistent with / unrelated to / contradicts the picture.,4 = Compatible. The final word makes the sentence a reasonable interpretation of the picture.,1 = Not compatible at all. The final word is clearly inconsistent with / unrelated to / contradicts the picture.,4 = Compatible. The final word makes the sentence a reasonable interpretation of the picture.,1 = Not compatible at all. The final word is clearly inconsistent with / unrelated to / contradicts the picture.,5 = Very compatible. The final word makes the sentence very consistent with / a natural interpretation of the picture.,4 = Compatible. The final word makes the sentence a reasonable interpretation of the picture.,4 = Compatible. The final word makes the sentence a reasonable interpretation of the picture.,4 = Compatible. The final word makes the sentence a reasonable interpretation of the picture.,2 = Low compatibility. The final word is technically plausible but would not be commonly associated with the picture / it would be unusual or difficult to reconcile this sentence with the picture.,3 = Uncertain. The final word provides weak / ambiguous / mixed evidence for the picture.,2 = Low compatibility. The final word is technically plausible but would not be commonly associated with the picture / it would be unusual or difficult to reconcile this sentence with the picture.,5 = Very compatible. The final word makes the sentence very consistent with / a natural interpretation of the picture.,4 = Compatible. The final word makes the sentence a reasonable interpretation of the picture.,1 = Not compatible at all. The final word is clearly inconsistent with / unrelated to / contradicts the picture.,1 = Not compatible at all. The final word is clearly inconsistent with / unrelated to / contradicts the picture.,4 = Compatible. The final word makes the sentence a reasonable interpretation of the picture.,1 = Not compatible at all. The final word is clearly inconsistent with / unrelated to / contradicts the picture.,1 = Not compatible at all. The final word is clearly inconsistent with / unrelated to / contradicts the picture.,1 = Not compatible at all. The final word is clearly inconsistent with / unrelated to / contradicts the picture.,1 = Not compatible at all. The final word is clearly inconsistent with / unrelated to / contradicts the picture.,4 = Compatible. The final word makes the sentence a reasonable interpretation of the picture.,3 = Uncertain. The final word provides weak / ambiguous / mixed evidence for the picture.,4 = Compatible. The final word makes the sentence a reasonable interpretation of the picture.,2 = Low compatibility. The final word is technically plausible but would not be commonly associated with the picture / it would be unusual or difficult to reconcile this sentence with the picture.,4 = Compatible. The final word makes the sentence a reasonable interpretation of the picture.,3 = Uncertain. The final word provides weak / ambiguous / mixed evidence for the picture.,1 = Not compatible at all. The final word is clearly inconsistent with / unrelated to / contradicts the picture.,1 = Not compatible at all. The final word is clearly inconsistent with / unrelated to / contradicts the picture.,1 = Not compatible at all. The final word is clearly inconsistent with / unrelated to / contradicts the picture.,2 = Low compatibility. The final word is technically plausible but would not be commonly associated with the picture / it would be unusual or difficult to reconcile this sentence with the picture.,4 = Compatible. The final word makes the sentence a reasonable interpretation of the picture.,5 = Very compatible. The final word makes the sentence very consistent with / a natural interpretation of the picture.,4 = Compatible. The final word makes the sentence a reasonable interpretation of the picture.,5 = Very compatible. The final word makes the sentence very consistent with / a natural interpretation of the picture.,1 = Not compatible at all. The final word is clearly inconsistent with / unrelated to / contradicts the picture.,4 = Compatible. The final word makes the sentence a reasonable interpretation of the picture.,4 = Compatible. The final word makes the sentence a reasonable interpretation of the picture.,5 = Very compatible. The final word makes the sentence very consistent with / a natural interpretation of the picture.,3 = Uncertain. The final word provides weak / ambiguous / mixed evidence for the picture.,3 = Uncertain. The final word provides weak / ambiguous / mixed evidence for the picture.,4 = Compatible. The final word makes the sentence a reasonable interpretation of the picture.,1 = Not compatible at all. The final word is clearly inconsistent with / unrelated to / contradicts the picture.,2 = Low compatibility. The final word is technically plausible but would not be commonly associated with the picture / it would be unusual or difficult to reconcile this sentence with the picture.,1 = Not compatible at all. The final word is clearly inconsistent with / unrelated to / contradicts the picture.,1 = Not compatible at all. The final word is clearly inconsistent with / unrelated to / contradicts the picture.,2 = Low compatibility. The final word is technically plausible but would not be commonly associated with the picture / it would be unusual or difficult to reconcile this sentence with the picture.,5 = Very compatible. The final word makes the sentence very consistent with / a natural interpretation of the picture.,5 = Very compatible. The final word makes the sentence very consistent with / a natural interpretation of the picture.,4 = Compatible. The final word makes the sentence a reasonable interpretation of the picture.,2 = Low compatibility. The final word is technically plausible but would not be commonly associated with the picture / it would be unusual or difficult to reconcile this sentence with the picture.,4 = Compatible. The final word makes the sentence a reasonable interpretation of the picture.,5 = Very compatible. The final word makes the sentence very consistent with / a natural interpretation of the picture.
2026-07-20 09:46:34,2026-07-20 09:51:27,IP Address,*******,100,293,True,2026-07-20 09:51:28,R_4IlNNGenX9ZHenL,*******,*******,*******,*******,*******,*******,anonymous,EN,1 = Not compatible at all. The final word is clearly inconsistent with / unrelated to / contradicts the picture.,4 = Compatible. The final word makes the sentence a reasonable interpretation of the picture.,4 = Compatible. The final word makes the sentence a reasonable interpretation of the picture.,4 = Compatible. The final word makes the sentence a reasonable interpretation of the picture.,1 = Not compatible at all. The final word is clearly inconsistent with / unrelated to / contradicts the picture.,2 = Low compatibility. The final word is technically plausible but would not be commonly associated with the picture / it would be unusual or difficult to reconcile this sentence with the picture.,2 = Low compatibility. The final word is technically plausible but would not be commonly associated with the picture / it would be unusual or difficult to reconcile this sentence with the picture.,2 = Low compatibility. The final word is technically plausible but would not be commonly associated with the picture / it would be unusual or difficult to reconcile this sentence with the picture.,5 = Very compatible. The final word makes the sentence very consistent with / a natural interpretation of the picture.,4 = Compatible. The final word makes the sentence a reasonable interpretation of the picture.,4 = Compatible. The final word makes the sentence a reasonable interpretation of the picture.,4 = Compatible. The final word makes the sentence a reasonable interpretation of the picture.,2 = Low compatibility. The final word is technically plausible but would not be commonly associated with the picture / it would be unusual or difficult to reconcile this sentence with the picture.,4 = Compatible. The final word makes the sentence a reasonable interpretation of the picture.,2 = Low compatibility. The final word is technically plausible but would not be commonly associated with the picture / it would be unusual or difficult to reconcile this sentence with the picture.,4 = Compatible. The final word makes the sentence a reasonable interpretation of the picture.,2 = Low compatibility. The final word is technically plausible but would not be commonly associated with the picture / it would be unusual or difficult to reconcile this sentence with the picture.,2 = Low compatibility. The final word is technically plausible but would not be commonly associated with the picture / it would be unusual or difficult to reconcile this sentence with the picture.,4 = Compatible. The final word makes the sentence a reasonable interpretation of the picture.,2 = Low compatibility. The final word is technically plausible but would not be commonly associated with the picture / it would be unusual or difficult to reconcile this sentence with the picture.,3 = Uncertain. The final word provides weak / ambiguous / mixed evidence for the picture.,2 = Low compatibility. The final word is technically plausible but would not be commonly associated with the picture / it would be unusual or difficult to reconcile this sentence with the picture.,2 = Low compatibility. The final word is technically plausible but would not be commonly associated with the picture / it would be unusual or difficult to reconcile this sentence with the picture.,1 = Not compatible at all. The final word is clearly inconsistent with / unrelated to / contradicts the picture.,1 = Not compatible at all. The final word is clearly inconsistent with / unrelated to / contradicts the picture.,2 = Low compatibility. The final word is technically plausible but would not be commonly associated with the picture / it would be unusual or difficult to reconcile this sentence with the picture.,4 = Compatible. The final word makes the sentence a reasonable interpretation of the picture.,1 = Not compatible at all. The final word is clearly inconsistent with / unrelated to / contradicts the picture.,4 = Compatible. The final word makes the sentence a reasonable interpretation of the picture.,2 = Low compatibility. The final word is technically plausible but would not be commonly associated with the picture / it would be unusual or difficult to reconcile this sentence with the picture.,4 = Compatible. The final word makes the sentence a reasonable interpretation of the picture.,2 = Low compatibility. The final word is technically plausible but would not be commonly associated with the picture / it would be unusual or difficult to reconcile this sentence with the picture.,4 = Compatible. The final word makes the sentence a reasonable interpretation of the picture.,4 = Compatible. The final word makes the sentence a reasonable interpretation of the picture.,4 = Compatible. The final word makes the sentence a reasonable interpretation of the picture.,4 = Compatible. The final word makes the sentence a reasonable interpretation of the picture.,1 = Not compatible at all. The final word is clearly inconsistent with / unrelated to / contradicts the picture.,3 = Uncertain. The final word provides weak / ambiguous / mixed evidence for the picture.,1 = Not compatible at all. The final word is clearly inconsistent with / unrelated to / contradicts the picture.,5 = Very compatible. The final word makes the sentence very consistent with / a natural interpretation of the picture.,4 = Compatible. The final word makes the sentence a reasonable interpretation of the picture.,2 = Low compatibility. The final word is technically plausible but would not be commonly associated with the picture / it would be unusual or difficult to reconcile this sentence with the picture.,3 = Uncertain. The final word provides weak / ambiguous / mixed evidence for the picture.,4 = Compatible. The final word makes the sentence a reasonable interpretation of the picture.,1 = Not compatible at all. The final word is clearly inconsistent with / unrelated to / contradicts the picture.,1 = Not compatible at all. The final word is clearly inconsistent with / unrelated to / contradicts the picture.,2 = Low compatibility. The final word is technically plausible but would not be commonly associated with the picture / it would be unusual or difficult to reconcile this sentence with the picture.,1 = Not compatible at all. The final word is clearly inconsistent with / unrelated to / contradicts the picture.,4 = Compatible. The final word makes the sentence a reasonable interpretation of the picture.,3 = Uncertain. The final word provides weak / ambiguous / mixed evidence for the picture.,4 = Compatible. The final word makes the sentence a reasonable interpretation of the picture.,1 = Not compatible at all. The final word is clearly inconsistent with / unrelated to / contradicts the picture.,4 = Compatible. The final word makes the sentence a reasonable interpretation of the picture.,2 = Low compatibility. The final word is technically plausible but would not be commonly associated with the picture / it would be unusual or difficult to reconcile this sentence with the picture.,1 = Not compatible at all. The final word is clearly inconsistent with / unrelated to / contradicts the picture.,2 = Low compatibility. The final word is technically plausible but would not be commonly associated with the picture / it would be unusual or difficult to reconcile this sentence with the picture.,1 = Not compatible at all. The final word is clearly inconsistent with / unrelated to / contradicts the picture.,1 = Not compatible at all. The final word is clearly inconsistent with / unrelated to / contradicts the picture.,4 = Compatible. The final word makes the sentence a reasonable interpretation of the picture.,4 = Compatible. The final word makes the sentence a reasonable interpretation of the picture.,4 = Compatible. The final word makes the sentence a reasonable interpretation of the picture.,5 = Very compatible. The final word makes the sentence very consistent with / a natural interpretation of the picture.,2 = Low compatibility. The final word is technically plausible but would not be commonly associated with the picture / it would be unusual or difficult to reconcile this sentence with the picture.,4 = Compatible. The final word makes the sentence a reasonable interpretation of the picture.,4 = Compatible. The final word makes the sentence a reasonable interpretation of the picture.,5 = Very compatible. The final word makes the sentence very consistent with / a natural interpretation of the picture.,2 = Low compatibility. The final word is technically plausible but would not be commonly associated with the picture / it would be unusual or difficult to reconcile this sentence with the picture.,4 = Compatible. The final word makes the sentence a reasonable interpretation of the picture.,4 = Compatible. The final word makes the sentence a reasonable interpretation of the picture.,1 = Not compatible at all. The final word is clearly inconsistent with / unrelated to / contradicts the picture.,1 = Not compatible at all. The final word is clearly inconsistent with / unrelated to / contradicts the picture.,2 = Low compatibility. The final word is technically plausible but would not be commonly associated with the picture / it would be unusual or difficult to reconcile this sentence with the picture.,1 = Not compatible at all. The final word is clearly inconsistent with / unrelated to / contradicts the picture.,1 = Not compatible at all. The final word is clearly inconsistent with / unrelated to / contradicts the picture.,4 = Compatible. The final word makes the sentence a reasonable interpretation of the picture.,4 = Compatible. The final word makes the sentence a reasonable interpretation of the picture.,3 = Uncertain. The final word provides weak / ambiguous / mixed evidence for the picture.,2 = Low compatibility. The final word is technically plausible but would not be commonly associated with the picture / it would be unusual or difficult to reconcile this sentence with the picture.,4 = Compatible. The final word makes the sentence a reasonable interpretation of the picture.,4 = Compatible. The final word makes the sentence a reasonable interpretation of the picture.
2026-07-20 12:42:34,2026-07-20 12:51:28,IP Address,*******,100,533,True,2026-07-20 12:51:28,R_7NDP5u6TlpVLSki,*******,*******,*******,*******,*******,*******,anonymous,EN,1 = Not compatible at all. The final word is clearly inconsistent with / unrelated to / contradicts the picture.,4 = Compatible. The final word makes the sentence a reasonable interpretation of the picture.,4 = Compatible. The final word makes the sentence a reasonable interpretation of the picture.,5 = Very compatible. The final word makes the sentence very consistent with / a natural interpretation of the picture.,1 = Not compatible at all. The final word is clearly inconsistent with / unrelated to / contradicts the picture.,1 = Not compatible at all. The final word is clearly inconsistent with / unrelated to / contradicts the picture.,2 = Low compatibility. The final word is technically plausible but would not be commonly associated with the picture / it would be unusual or difficult to reconcile this sentence with the picture.,1 = Not compatible at all. The final word is clearly inconsistent with / unrelated to / contradicts the picture.,5 = Very compatible. The final word makes the sentence very consistent with / a natural interpretation of the picture.,5 = Very compatible. The final word makes the sentence very consistent with / a natural interpretation of the picture.,4 = Compatible. The final word makes the sentence a reasonable interpretation of the picture.,5 = Very compatible. The final word makes the sentence very consistent with / a natural interpretation of the picture.,2 = Low compatibility. The final word is technically plausible but would not be commonly associated with the picture / it would be unusual or difficult to reconcile this sentence with the picture.,5 = Very compatible. The final word makes the sentence very consistent with / a natural interpretation of the picture.,1 = Not compatible at all. The final word is clearly inconsistent with / unrelated to / contradicts the picture.,5 = Very compatible. The final word makes the sentence very consistent with / a natural interpretation of the picture.,1 = Not compatible at all. The final word is clearly inconsistent with / unrelated to / contradicts the picture.,2 = Low compatibility. The final word is technically plausible but would not be commonly associated with the picture / it would be unusual or difficult to reconcile this sentence with the picture.,5 = Very compatible. The final word makes the sentence very consistent with / a natural interpretation of the picture.,2 = Low compatibility. The final word is technically plausible but would not be commonly associated with the picture / it would be unusual or difficult to reconcile this sentence with the picture.,4 = Compatible. The final word makes the sentence a reasonable interpretation of the picture.,2 = Low compatibility. The final word is technically plausible but would not be commonly associated with the picture / it would be unusual or difficult to reconcile this sentence with the picture.,1 = Not compatible at all. The final word is clearly inconsistent with / unrelated to / contradicts the picture.,2 = Low compatibility. The final word is technically plausible but would not be commonly associated with the picture / it would be unusual or difficult to reconcile this sentence with the picture.,2 = Low compatibility. The final word is technically plausible but would not be commonly associated with the picture / it would be unusual or difficult to reconcile this sentence with the picture.,1 = Not compatible at all. The final word is clearly inconsistent with / unrelated to / contradicts the picture.,5 = Very compatible. The final word makes the sentence very consistent with / a natural interpretation of the picture.,1 = Not compatible at all. The final word is clearly inconsistent with / unrelated to / contradicts the picture.,4 = Compatible. The final word makes the sentence a reasonable interpretation of the picture.,2 = Low compatibility. The final word is technically plausible but would not be commonly associated with the picture / it would be unusual or difficult to reconcile this sentence with the picture.,4 = Compatible. The final word makes the sentence a reasonable interpretation of the picture.,1 = Not compatible at all. The final word is clearly inconsistent with / unrelated to / contradicts the picture.,5 = Very compatible. The final word makes the sentence very consistent with / a natural interpretation of the picture.,5 = Very compatible. The final word makes the sentence very consistent with / a natural interpretation of the picture.,5 = Very compatible. The final word makes the sentence very consistent with / a natural interpretation of the picture.,4 = Compatible. The final word makes the sentence a reasonable interpretation of the picture.,2 = Low compatibility. The final word is technically plausible but would not be commonly associated with the picture / it would be unusual or difficult to reconcile this sentence with the picture.,4 = Compatible. The final word makes the sentence a reasonable interpretation of the picture.,1 = Not compatible at all. The final word is clearly inconsistent with / unrelated to / contradicts the picture.,5 = Very compatible. The final word makes the sentence very consistent with / a natural interpretation of the picture.,5 = Very compatible. The final word makes the sentence very consistent with / a natural interpretation of the picture.,2 = Low compatibility. The final word is technically plausible but would not be commonly associated with the picture / it would be unusual or difficult to reconcile this sentence with the picture.,2 = Low compatibility. The final word is technically plausible but would not be commonly associated with the picture / it would be unusual or difficult to reconcile this sentence with the picture.,4 = Compatible. The final word makes the sentence a reasonable interpretation of the picture.,2 = Low compatibility. The final word is technically plausible but would not be commonly associated with the picture / it would be unusual or difficult to reconcile this sentence with the picture.,2 = Low compatibility. The final word is technically plausible but would not be commonly associated with the picture / it would be unusual or difficult to reconcile this sentence with the picture.,2 = Low compatibility. The final word is technically plausible but would not be commonly associated with the picture / it would be unusual or difficult to reconcile this sentence with the picture.,1 = Not compatible at all. The final word is clearly inconsistent with / unrelated to / contradicts the picture.,4 = Compatible. The final word makes the sentence a reasonable interpretation of the picture.,4 = Compatible. The final word makes the sentence a reasonable interpretation of the picture.,4 = Compatible. The final word makes the sentence a reasonable interpretation of the picture.,1 = Not compatible at all. The final word is clearly inconsistent with / unrelated to / contradicts the picture.,5 = Very compatible. The final word makes the sentence very consistent with / a natural interpretation of the picture.,2 = Low compatibility. The final word is technically plausible but would not be commonly associated with the picture / it would be unusual or difficult to reconcile this sentence with the picture.,2 = Low compatibility. The final word is technically plausible but would not be commonly associated with the picture / it would be unusual or difficult to reconcile this sentence with the picture.,2 = Low compatibility. The final word is technically plausible but would not be commonly associated with the picture / it would be unusual or difficult to reconcile this sentence with the picture.,2 = Low compatibility. The final word is technically plausible but would not be commonly associated with the picture / it would be unusual or difficult to reconcile this sentence with the picture.,1 = Not compatible at all. The final word is clearly inconsistent with / unrelated to / contradicts the picture.,5 = Very compatible. The final word makes the sentence very consistent with / a natural interpretation of the picture.,4 = Compatible. The final word makes the sentence a reasonable interpretation of the picture.,4 = Compatible. The final word makes the sentence a reasonable interpretation of the picture.,5 = Very compatible. The final word makes the sentence very consistent with / a natural interpretation of the picture.,2 = Low compatibility. The final word is technically plausible but would not be commonly associated with the picture / it would be unusual or difficult to reconcile this sentence with the picture.,4 = Compatible. The final word makes the sentence a reasonable interpretation of the picture.,4 = Compatible. The final word makes the sentence a reasonable interpretation of the picture.,5 = Very compatible. The final word makes the sentence very consistent with / a natural interpretation of the picture.,2 = Low compatibility. The final word is technically plausible but would not be commonly associated with the picture / it would be unusual or difficult to reconcile this sentence with the picture.,5 = Very compatible. The final word makes the sentence very consistent with / a natural interpretation of the picture.,4 = Compatible. The final word makes the sentence a reasonable interpretation of the picture.,1 = Not compatible at all. The final word is clearly inconsistent with / unrelated to / contradicts the picture.,1 = Not compatible at all. The final word is clearly inconsistent with / unrelated to / contradicts the picture.,2 = Low compatibility. The final word is technically plausible but would not be commonly associated with the picture / it would be unusual or difficult to reconcile this sentence with the picture.,1 = Not compatible at all. The final word is clearly inconsistent with / unrelated to / contradicts the picture.,1 = Not compatible at all. The final word is clearly inconsistent with / unrelated to / contradicts the picture.,5 = Very compatible. The final word makes the sentence very consistent with / a natural interpretation of the picture.,4 = Compatible. The final word makes the sentence a reasonable interpretation of the picture.,4 = Compatible. The final word makes the sentence a reasonable interpretation of the picture.,1 = Not compatible at all. The final word is clearly inconsistent with / unrelated to / contradicts the picture.,4 = Compatible. The final word makes the sentence a reasonable interpretation of the picture.,4 = Compatible. The final word makes the sentence a reasonable interpretation of the picture.
2026-07-20 21:42:15,2026-07-20 21:46:25,IP Address,*******,100,249,True,2026-07-20 21:46:26,R_9w34apnFo3xntf3,*******,*******,*******,*******,*******,*******,anonymous,EN,1 = Not compatible at all. The final word is clearly inconsistent with / unrelated to / contradicts the picture.,4 = Compatible. The final word makes the sentence a reasonable interpretation of the picture.,5 = Very compatible. The final word makes the sentence very consistent with / a natural interpretation of the picture.,5 = Very compatible. The final word makes the sentence very consistent with / a natural interpretation of the picture.,1 = Not compatible at all. The final word is clearly inconsistent with / unrelated to / contradicts the picture.,1 = Not compatible at all. The final word is clearly inconsistent with / unrelated to / contradicts the picture.,1 = Not compatible at all. The final word is clearly inconsistent with / unrelated to / contradicts the picture.,1 = Not compatible at all. The final word is clearly inconsistent with / unrelated to / contradicts the picture.,4 = Compatible. The final word makes the sentence a reasonable interpretation of the picture.,5 = Very compatible. The final word makes the sentence very consistent with / a natural interpretation of the picture.,4 = Compatible. The final word makes the sentence a reasonable interpretation of the picture.,5 = Very compatible. The final word makes the sentence very consistent with / a natural interpretation of the picture.,2 = Low compatibility. The final word is technically plausible but would not be commonly associated with the picture / it would be unusual or difficult to reconcile this sentence with the picture.,3 = Uncertain. The final word provides weak / ambiguous / mixed evidence for the picture.,1 = Not compatible at all. The final word is clearly inconsistent with / unrelated to / contradicts the picture.,5 = Very compatible. The final word makes the sentence very consistent with / a natural interpretation of the picture.,1 = Not compatible at all. The final word is clearly inconsistent with / unrelated to / contradicts the picture.,1 = Not compatible at all. The final word is clearly inconsistent with / unrelated to / contradicts the picture.,4 = Compatible. The final word makes the sentence a reasonable interpretation of the picture.,3 = Uncertain. The final word provides weak / ambiguous / mixed evidence for the picture.,5 = Very compatible. The final word makes the sentence very consistent with / a natural interpretation of the picture.,1 = Not compatible at all. The final word is clearly inconsistent with / unrelated to / contradicts the picture.,1 = Not compatible at all. The final word is clearly inconsistent with / unrelated to / contradicts the picture.,4 = Compatible. The final word makes the sentence a reasonable interpretation of the picture.,1 = Not compatible at all. The final word is clearly inconsistent with / unrelated to / contradicts the picture.,2 = Low compatibility. The final word is technically plausible but would not be commonly associated with the picture / it would be unusual or difficult to reconcile this sentence with the picture.,2 = Low compatibility. The final word is technically plausible but would not be commonly associated with the picture / it would be unusual or difficult to reconcile this sentence with the picture.,1 = Not compatible at all. The final word is clearly inconsistent with / unrelated to / contradicts the picture.,1 = Not compatible at all. The final word is clearly inconsistent with / unrelated to / contradicts the picture.,1 = Not compatible at all. The final word is clearly inconsistent with / unrelated to / contradicts the picture.,4 = Compatible. The final word makes the sentence a reasonable interpretation of the picture.,1 = Not compatible at all. The final word is clearly inconsistent with / unrelated to / contradicts the picture.,5 = Very compatible. The final word makes the sentence very consistent with / a natural interpretation of the picture.,2 = Low compatibility. The final word is technically plausible but would not be commonly associated with the picture / it would be unusual or difficult to reconcile this sentence with the picture.,5 = Very compatible. The final word makes the sentence very consistent with / a natural interpretation of the picture.,5 = Very compatible. The final word makes the sentence very consistent with / a natural interpretation of the picture.,1 = Not compatible at all. The final word is clearly inconsistent with / unrelated to / contradicts the picture.,1 = Not compatible at all. The final word is clearly inconsistent with / unrelated to / contradicts the picture.,1 = Not compatible at all. The final word is clearly inconsistent with / unrelated to / contradicts the picture.,3 = Uncertain. The final word provides weak / ambiguous / mixed evidence for the picture.,5 = Very compatible. The final word makes the sentence very consistent with / a natural interpretation of the picture.,1 = Not compatible at all. The final word is clearly inconsistent with / unrelated to / contradicts the picture.,1 = Not compatible at all. The final word is clearly inconsistent with / unrelated to / contradicts the picture.,3 = Uncertain. The final word provides weak / ambiguous / mixed evidence for the picture.,1 = Not compatible at all. The final word is clearly inconsistent with / unrelated to / contradicts the picture.,1 = Not compatible at all. The final word is clearly inconsistent with / unrelated to / contradicts the picture.,1 = Not compatible at all. The final word is clearly inconsistent with / unrelated to / contradicts the picture.,1 = Not compatible at all. The final word is clearly inconsistent with / unrelated to / contradicts the picture.,4 = Compatible. The final word makes the sentence a reasonable interpretation of the picture.,5 = Very compatible. The final word makes the sentence very consistent with / a natural interpretation of the picture.,4 = Compatible. The final word makes the sentence a reasonable interpretation of the picture.,1 = Not compatible at all. The final word is clearly inconsistent with / unrelated to / contradicts the picture.,4 = Compatible. The final word makes the sentence a reasonable interpretation of the picture.,2 = Low compatibility. The final word is technically plausible but would not be commonly associated with the picture / it would be unusual or difficult to reconcile this sentence with the picture.,1 = Not compatible at all. The final word is clearly inconsistent with / unrelated to / contradicts the picture.,1 = Not compatible at all. The final word is clearly inconsistent with / unrelated to / contradicts the picture.,1 = Not compatible at all. The final word is clearly inconsistent with / unrelated to / contradicts the picture.,1 = Not compatible at all. The final word is clearly inconsistent with / unrelated to / contradicts the picture.,5 = Very compatible. The final word makes the sentence very consistent with / a natural interpretation of the picture.,5 = Very compatible. The final word makes the sentence very consistent with / a natural interpretation of the picture.,5 = Very compatible. The final word makes the sentence very consistent with / a natural interpretation of the picture.,5 = Very compatible. The final word makes the sentence very consistent with / a natural interpretation of the picture.,2 = Low compatibility. The final word is technically plausible but would not be commonly associated with the picture / it would be unusual or difficult to reconcile this sentence with the picture.,1 = Not compatible at all. The final word is clearly inconsistent with / unrelated to / contradicts the picture.,2 = Low compatibility. The final word is technically plausible but would not be commonly associated with the picture / it would be unusual or difficult to reconcile this sentence with the picture.,5 = Very compatible. The final word makes the sentence very consistent with / a natural interpretation of the picture.,1 = Not compatible at all. The final word is clearly inconsistent with / unrelated to / contradicts the picture.,4 = Compatible. The final word makes the sentence a reasonable interpretation of the picture.,4 = Compatible. The final word makes the sentence a reasonable interpretation of the picture.,1 = Not compatible at all. The final word is clearly inconsistent with / unrelated to / contradicts the picture.,3 = Uncertain. The final word provides weak / ambiguous / mixed evidence for the picture.,1 = Not compatible at all. The final word is clearly inconsistent with / unrelated to / contradicts the picture.,1 = Not compatible at all. The final word is clearly inconsistent with / unrelated to / contradicts the picture.,1 = Not compatible at all. The final word is clearly inconsistent with / unrelated to / contradicts the picture.,3 = Uncertain. The final word provides weak / ambiguous / mixed evidence for the picture.,5 = Very compatible. The final word makes the sentence very consistent with / a natural interpretation of the picture.,2 = Low compatibility. The final word is technically plausible but would not be commonly associated with the picture / it would be unusual or difficult to reconcile this sentence with the picture.,1 = Not compatible at all. The final word is clearly inconsistent with / unrelated to / contradicts the picture.,4 = Compatible. The final word makes the sentence a reasonable interpretation of the picture.,4 = Compatible. The final word makes the sentence a reasonable interpretation of the picture.
2026-07-21 13:15:37,2026-07-21 13:21:24,IP Address,*******,100,346,True,2026-07-21 13:21:24,R_1VjIZcvKk3v3nYR,*******,*******,*******,*******,*******,*******,anonymous,EN,1 = Not compatible at all. The final word is clearly inconsistent with / unrelated to / contradicts the picture.,4 = Compatible. The final word makes the sentence a reasonable interpretation of the picture.,5 = Very compatible. The final word makes the sentence very consistent with / a natural interpretation of the picture.,5 = Very compatible. The final word makes the sentence very consistent with / a natural interpretation of the picture.,1 = Not compatible at all. The final word is clearly inconsistent with / unrelated to / contradicts the picture.,1 = Not compatible at all. The final word is clearly inconsistent with / unrelated to / contradicts the picture.,1 = Not compatible at all. The final word is clearly inconsistent with / unrelated to / contradicts the picture.,1 = Not compatible at all. The final word is clearly inconsistent with / unrelated to / contradicts the picture.,4 = Compatible. The final word makes the sentence a reasonable interpretation of the picture.,5 = Very compatible. The final word makes the sentence very consistent with / a natural interpretation of the picture.,3 = Uncertain. The final word provides weak / ambiguous / mixed evidence for the picture.,4 = Compatible. The final word makes the sentence a reasonable interpretation of the picture.,2 = Low compatibility. The final word is technically plausible but would not be commonly associated with the picture / it would be unusual or difficult to reconcile this sentence with the picture.,5 = Very compatible. The final word makes the sentence very consistent with / a natural interpretation of the picture.,1 = Not compatible at all. The final word is clearly inconsistent with / unrelated to / contradicts the picture.,5 = Very compatible. The final word makes the sentence very consistent with / a natural interpretation of the picture.,1 = Not compatible at all. The final word is clearly inconsistent with / unrelated to / contradicts the picture.,1 = Not compatible at all. The final word is clearly inconsistent with / unrelated to / contradicts the picture.,4 = Compatible. The final word makes the sentence a reasonable interpretation of the picture.,4 = Compatible. The final word makes the sentence a reasonable interpretation of the picture.,4 = Compatible. The final word makes the sentence a reasonable interpretation of the picture.,1 = Not compatible at all. The final word is clearly inconsistent with / unrelated to / contradicts the picture.,1 = Not compatible at all. The final word is clearly inconsistent with / unrelated to / contradicts the picture.,2 = Low compatibility. The final word is technically plausible but would not be commonly associated with the picture / it would be unusual or difficult to reconcile this sentence with the picture.,1 = Not compatible at all. The final word is clearly inconsistent with / unrelated to / contradicts the picture.,1 = Not compatible at all. The final word is clearly inconsistent with / unrelated to / contradicts the picture.,2 = Low compatibility. The final word is technically plausible but would not be commonly associated with the picture / it would be unusual or difficult to reconcile this sentence with the picture.,1 = Not compatible at all. The final word is clearly inconsistent with / unrelated to / contradicts the picture.,4 = Compatible. The final word makes the sentence a reasonable interpretation of the picture.,1 = Not compatible at all. The final word is clearly inconsistent with / unrelated to / contradicts the picture.,5 = Very compatible. The final word makes the sentence very consistent with / a natural interpretation of the picture.,1 = Not compatible at all. The final word is clearly inconsistent with / unrelated to / contradicts the picture.,5 = Very compatible. The final word makes the sentence very consistent with / a natural interpretation of the picture.,2 = Low compatibility. The final word is technically plausible but would not be commonly associated with the picture / it would be unusual or difficult to reconcile this sentence with the picture.,5 = Very compatible. The final word makes the sentence very consistent with / a natural interpretation of the picture.,5 = Very compatible. The final word makes the sentence very consistent with / a natural interpretation of the picture.,1 = Not compatible at all. The final word is clearly inconsistent with / unrelated to / contradicts the picture.,1 = Not compatible at all. The final word is clearly inconsistent with / unrelated to / contradicts the picture.,1 = Not compatible at all. The final word is clearly inconsistent with / unrelated to / contradicts the picture.,2 = Low compatibility. The final word is technically plausible but would not be commonly associated with the picture / it would be unusual or difficult to reconcile this sentence with the picture.,4 = Compatible. The final word makes the sentence a reasonable interpretation of the picture.,1 = Not compatible at all. The final word is clearly inconsistent with / unrelated to / contradicts the picture.,1 = Not compatible at all. The final word is clearly inconsistent with / unrelated to / contradicts the picture.,4 = Compatible. The final word makes the sentence a reasonable interpretation of the picture.,1 = Not compatible at all. The final word is clearly inconsistent with / unrelated to / contradicts the picture.,1 = Not compatible at all. The final word is clearly inconsistent with / unrelated to / contradicts the picture.,1 = Not compatible at all. The final word is clearly inconsistent with / unrelated to / contradicts the picture.,1 = Not compatible at all. The final word is clearly inconsistent with / unrelated to / contradicts the picture.,4 = Compatible. The final word makes the sentence a reasonable interpretation of the picture.,1 = Not compatible at all. The final word is clearly inconsistent with / unrelated to / contradicts the picture.,5 = Very compatible. The final word makes the sentence very consistent with / a natural interpretation of the picture.,1 = Not compatible at all. The final word is clearly inconsistent with / unrelated to / contradicts the picture.,4 = Compatible. The final word makes the sentence a reasonable interpretation of the picture.,1 = Not compatible at all. The final word is clearly inconsistent with / unrelated to / contradicts the picture.,1 = Not compatible at all. The final word is clearly inconsistent with / unrelated to / contradicts the picture.,1 = Not compatible at all. The final word is clearly inconsistent with / unrelated to / contradicts the picture.,1 = Not compatible at all. The final word is clearly inconsistent with / unrelated to / contradicts the picture.,1 = Not compatible at all. The final word is clearly inconsistent with / unrelated to / contradicts the picture.,5 = Very compatible. The final word makes the sentence very consistent with / a natural interpretation of the picture.,5 = Very compatible. The final word makes the sentence very consistent with / a natural interpretation of the picture.,5 = Very compatible. The final word makes the sentence very consistent with / a natural interpretation of the picture.,4 = Compatible. The final word makes the sentence a reasonable interpretation of the picture.,1 = Not compatible at all. The final word is clearly inconsistent with / unrelated to / contradicts the picture.,1 = Not compatible at all. The final word is clearly inconsistent with / unrelated to / contradicts the picture.,1 = Not compatible at all. The final word is clearly inconsistent with / unrelated to / contradicts the picture.,4 = Compatible. The final word makes the sentence a reasonable interpretation of the picture.,1 = Not compatible at all. The final word is clearly inconsistent with / unrelated to / contradicts the picture.,4 = Compatible. The final word makes the sentence a reasonable interpretation of the picture.,5 = Very compatible. The final word makes the sentence very consistent with / a natural interpretation of the picture.,1 = Not compatible at all. The final word is clearly inconsistent with / unrelated to / contradicts the picture.,1 = Not compatible at all. The final word is clearly inconsistent with / unrelated to / contradicts the picture.,1 = Not compatible at all. The final word is clearly inconsistent with / unrelated to / contradicts the picture.,1 = Not compatible at all. The final word is clearly inconsistent with / unrelated to / contradicts the picture.,1 = Not compatible at all. The final word is clearly inconsistent with / unrelated to / contradicts the picture.,4 = Compatible. The final word makes the sentence a reasonable interpretation of the picture.,5 = Very compatible. The final word makes the sentence very consistent with / a natural interpretation of the picture.,1 = Not compatible at all. The final word is clearly inconsistent with / unrelated to / contradicts the picture.,1 = Not compatible at all. The final word is clearly inconsistent with / unrelated to / contradicts the picture.,4 = Compatible. The final word makes the sentence a reasonable interpretation of the picture.,2 = Low compatibility. The final word is technically plausible but would not be commonly associated with the picture / it would be unusual or difficult to reconcile this sentence with the picture.
2026-07-21 17:04:30,2026-07-21 17:16:46,IP Address,*******,100,736,True,2026-07-21 17:16:47,R_70WXWYDyjKI8jbr,*******,*******,*******,*******,*******,*******,anonymous,EN,1 = Not compatible at all. The final word is clearly inconsistent with / unrelated to / contradicts the picture.,4 = Compatible. The final word makes the sentence a reasonable interpretation of the picture.,5 = Very compatible. The final word makes the sentence very consistent with / a natural interpretation of the picture.,5 = Very compatible. The final word makes the sentence very consistent with / a natural interpretation of the picture.,1 = Not compatible at all. The final word is clearly inconsistent with / unrelated to / contradicts the picture.,1 = Not compatible at all. The final word is clearly inconsistent with / unrelated to / contradicts the picture.,1 = Not compatible at all. The final word is clearly inconsistent with / unrelated to / contradicts the picture.,1 = Not compatible at all. The final word is clearly inconsistent with / unrelated to / contradicts the picture.,5 = Very compatible. The final word makes the sentence very consistent with / a natural interpretation of the picture.,5 = Very compatible. The final word makes the sentence very consistent with / a natural interpretation of the picture.,4 = Compatible. The final word makes the sentence a reasonable interpretation of the picture.,5 = Very compatible. The final word makes the sentence very consistent with / a natural interpretation of the picture.,2 = Low compatibility. The final word is technically plausible but would not be commonly associated with the picture / it would be unusual or difficult to reconcile this sentence with the picture.,5 = Very compatible. The final word makes the sentence very consistent with / a natural interpretation of the picture.,1 = Not compatible at all. The final word is clearly inconsistent with / unrelated to / contradicts the picture.,5 = Very compatible. The final word makes the sentence very consistent with / a natural interpretation of the picture.,1 = Not compatible at all. The final word is clearly inconsistent with / unrelated to / contradicts the picture.,2 = Low compatibility. The final word is technically plausible but would not be commonly associated with the picture / it would be unusual or difficult to reconcile this sentence with the picture.,5 = Very compatible. The final word makes the sentence very consistent with / a natural interpretation of the picture.,1 = Not compatible at all. The final word is clearly inconsistent with / unrelated to / contradicts the picture.,5 = Very compatible. The final word makes the sentence very consistent with / a natural interpretation of the picture.,2 = Low compatibility. The final word is technically plausible but would not be commonly associated with the picture / it would be unusual or difficult to reconcile this sentence with the picture.,1 = Not compatible at all. The final word is clearly inconsistent with / unrelated to / contradicts the picture.,3 = Uncertain. The final word provides weak / ambiguous / mixed evidence for the picture.,1 = Not compatible at all. The final word is clearly inconsistent with / unrelated to / contradicts the picture.,1 = Not compatible at all. The final word is clearly inconsistent with / unrelated to / contradicts the picture.,4 = Compatible. The final word makes the sentence a reasonable interpretation of the picture.,1 = Not compatible at all. The final word is clearly inconsistent with / unrelated to / contradicts the picture.,5 = Very compatible. The final word makes the sentence very consistent with / a natural interpretation of the picture.,1 = Not compatible at all. The final word is clearly inconsistent with / unrelated to / contradicts the picture.,5 = Very compatible. The final word makes the sentence very consistent with / a natural interpretation of the picture.,1 = Not compatible at all. The final word is clearly inconsistent with / unrelated to / contradicts the picture.,5 = Very compatible. The final word makes the sentence very consistent with / a natural interpretation of the picture.,5 = Very compatible. The final word makes the sentence very consistent with / a natural interpretation of the picture.,5 = Very compatible. The final word makes the sentence very consistent with / a natural interpretation of the picture.,5 = Very compatible. The final word makes the sentence very consistent with / a natural interpretation of the picture.,1 = Not compatible at all. The final word is clearly inconsistent with / unrelated to / contradicts the picture.,4 = Compatible. The final word makes the sentence a reasonable interpretation of the picture.,1 = Not compatible at all. The final word is clearly inconsistent with / unrelated to / contradicts the picture.,5 = Very compatible. The final word makes the sentence very consistent with / a natural interpretation of the picture.,5 = Very compatible. The final word makes the sentence very consistent with / a natural interpretation of the picture.,2 = Low compatibility. The final word is technically plausible but would not be commonly associated with the picture / it would be unusual or difficult to reconcile this sentence with the picture.,1 = Not compatible at all. The final word is clearly inconsistent with / unrelated to / contradicts the picture.,5 = Very compatible. The final word makes the sentence very consistent with / a natural interpretation of the picture.,2 = Low compatibility. The final word is technically plausible but would not be commonly associated with the picture / it would be unusual or difficult to reconcile this sentence with the picture.,1 = Not compatible at all. The final word is clearly inconsistent with / unrelated to / contradicts the picture.,2 = Low compatibility. The final word is technically plausible but would not be commonly associated with the picture / it would be unusual or difficult to reconcile this sentence with the picture.,1 = Not compatible at all. The final word is clearly inconsistent with / unrelated to / contradicts the picture.,5 = Very compatible. The final word makes the sentence very consistent with / a natural interpretation of the picture.,4 = Compatible. The final word makes the sentence a reasonable interpretation of the picture.,4 = Compatible. The final word makes the sentence a reasonable interpretation of the picture.,1 = Not compatible at all. The final word is clearly inconsistent with / unrelated to / contradicts the picture.,5 = Very compatible. The final word makes the sentence very consistent with / a natural interpretation of the picture.,2 = Low compatibility. The final word is technically plausible but would not be commonly associated with the picture / it would be unusual or difficult to reconcile this sentence with the picture.,1 = Not compatible at all. The final word is clearly inconsistent with / unrelated to / contradicts the picture.,1 = Not compatible at all. The final word is clearly inconsistent with / unrelated to / contradicts the picture.,1 = Not compatible at all. The final word is clearly inconsistent with / unrelated to / contradicts the picture.,1 = Not compatible at all. The final word is clearly inconsistent with / unrelated to / contradicts the picture.,5 = Very compatible. The final word makes the sentence very consistent with / a natural interpretation of the picture.,5 = Very compatible. The final word makes the sentence very consistent with / a natural interpretation of the picture.,5 = Very compatible. The final word makes the sentence very consistent with / a natural interpretation of the picture.,5 = Very compatible. The final word makes the sentence very consistent with / a natural interpretation of the picture.,1 = Not compatible at all. The final word is clearly inconsistent with / unrelated to / contradicts the picture.,4 = Compatible. The final word makes the sentence a reasonable interpretation of the picture.,5 = Very compatible. The final word makes the sentence very consistent with / a natural interpretation of the picture.,5 = Very compatible. The final word makes the sentence very consistent with / a natural interpretation of the picture.,1 = Not compatible at all. The final word is clearly inconsistent with / unrelated to / contradicts the picture.,5 = Very compatible. The final word makes the sentence very consistent with / a natural interpretation of the picture.,5 = Very compatible. The final word makes the sentence very consistent with / a natural interpretation of the picture.,1 = Not compatible at all. The final word is clearly inconsistent with / unrelated to / contradicts the picture.,1 = Not compatible at all. The final word is clearly inconsistent with / unrelated to / contradicts the picture.,1 = Not compatible at all. The final word is clearly inconsistent with / unrelated to / contradicts the picture.,1 = Not compatible at all. The final word is clearly inconsistent with / unrelated to / contradicts the picture.,1 = Not compatible at all. The final word is clearly inconsistent with / unrelated to / contradicts the picture.,5 = Very compatible. The final word makes the sentence very consistent with / a natural interpretation of the picture.,5 = Very compatible. The final word makes the sentence very consistent with / a natural interpretation of the picture.,4 = Compatible. The final word makes the sentence a reasonable interpretation of the picture.,1 = Not compatible at all. The final word is clearly inconsistent with / unrelated to / contradicts the picture.,4 = Compatible. The final word makes the sentence a reasonable interpretation of the picture.,5 = Very compatible. The final word makes the sentence very consistent with / a natural interpretation of the picture.
2026-07-22 15:54:48,2026-07-22 16:03:27,IP Address,*******,100,519,True,2026-07-22 16:03:28,R_30Szfcl2jVs51XS,*******,*******,*******,*******,*******,*******,anonymous,EN,1 = Not compatible at all. The final word is clearly inconsistent with / unrelated to / contradicts the picture.,4 = Compatible. The final word makes the sentence a reasonable interpretation of the picture.,4 = Compatible. The final word makes the sentence a reasonable interpretation of the picture.,5 = Very compatible. The final word makes the sentence very consistent with / a natural interpretation of the picture.,2 = Low compatibility. The final word is technically plausible but would not be commonly associated with the picture / it would be unusual or difficult to reconcile this sentence with the picture.,2 = Low compatibility. The final word is technically plausible but would not be commonly associated with the picture / it would be unusual or difficult to reconcile this sentence with the picture.,2 = Low compatibility. The final word is technically plausible but would not be commonly associated with the picture / it would be unusual or difficult to reconcile this sentence with the picture.,4 = Compatible. The final word makes the sentence a reasonable interpretation of the picture.,5 = Very compatible. The final word makes the sentence very consistent with / a natural interpretation of the picture.,5 = Very compatible. The final word makes the sentence very consistent with / a natural interpretation of the picture.,4 = Compatible. The final word makes the sentence a reasonable interpretation of the picture.,4 = Compatible. The final word makes the sentence a reasonable interpretation of the picture.,2 = Low compatibility. The final word is technically plausible but would not be commonly associated with the picture / it would be unusual or difficult to reconcile this sentence with the picture.,4 = Compatible. The final word makes the sentence a reasonable interpretation of the picture.,1 = Not compatible at all. The final word is clearly inconsistent with / unrelated to / contradicts the picture.,5 = Very compatible. The final word makes the sentence very consistent with / a natural interpretation of the picture.,2 = Low compatibility. The final word is technically plausible but would not be commonly associated with the picture / it would be unusual or difficult to reconcile this sentence with the picture.,2 = Low compatibility. The final word is technically plausible but would not be commonly associated with the picture / it would be unusual or difficult to reconcile this sentence with the picture.,5 = Very compatible. The final word makes the sentence very consistent with / a natural interpretation of the picture.,3 = Uncertain. The final word provides weak / ambiguous / mixed evidence for the picture.,4 = Compatible. The final word makes the sentence a reasonable interpretation of the picture.,2 = Low compatibility. The final word is technically plausible but would not be commonly associated with the picture / it would be unusual or difficult to reconcile this sentence with the picture.,2 = Low compatibility. The final word is technically plausible but would not be commonly associated with the picture / it would be unusual or difficult to reconcile this sentence with the picture.,4 = Compatible. The final word makes the sentence a reasonable interpretation of the picture.,2 = Low compatibility. The final word is technically plausible but would not be commonly associated with the picture / it would be unusual or difficult to reconcile this sentence with the picture.,1 = Not compatible at all. The final word is clearly inconsistent with / unrelated to / contradicts the picture.,3 = Uncertain. The final word provides weak / ambiguous / mixed evidence for the picture.,1 = Not compatible at all. The final word is clearly inconsistent with / unrelated to / contradicts the picture.,4 = Compatible. The final word makes the sentence a reasonable interpretation of the picture.,1 = Not compatible at all. The final word is clearly inconsistent with / unrelated to / contradicts the picture.,5 = Very compatible. The final word makes the sentence very consistent with / a natural interpretation of the picture.,1 = Not compatible at all. The final word is clearly inconsistent with / unrelated to / contradicts the picture.,4 = Compatible. The final word makes the sentence a reasonable interpretation of the picture.,4 = Compatible. The final word makes the sentence a reasonable interpretation of the picture.,5 = Very compatible. The final word makes the sentence very consistent with / a natural interpretation of the picture.,4 = Compatible. The final word makes the sentence a reasonable interpretation of the picture.,1 = Not compatible at all. The final word is clearly inconsistent with / unrelated to / contradicts the picture.,4 = Compatible. The final word makes the sentence a reasonable interpretation of the picture.,1 = Not compatible at all. The final word is clearly inconsistent with / unrelated to / contradicts the picture.,5 = Very compatible. The final word makes the sentence very consistent with / a natural interpretation of the picture.,4 = Compatible. The final word makes the sentence a reasonable interpretation of the picture.,3 = Uncertain. The final word provides weak / ambiguous / mixed evidence for the picture.,2 = Low compatibility. The final word is technically plausible but would not be commonly associated with the picture / it would be unusual or difficult to reconcile this sentence with the picture.,4 = Compatible. The final word makes the sentence a reasonable interpretation of the picture.,2 = Low compatibility. The final word is technically plausible but would not be commonly associated with the picture / it would be unusual or difficult to reconcile this sentence with the picture.,3 = Uncertain. The final word provides weak / ambiguous / mixed evidence for the picture.,1 = Not compatible at all. The final word is clearly inconsistent with / unrelated to / contradicts the picture.,2 = Low compatibility. The final word is technically plausible but would not be commonly associated with the picture / it would be unusual or difficult to reconcile this sentence with the picture.,4 = Compatible. The final word makes the sentence a reasonable interpretation of the picture.,4 = Compatible. The final word makes the sentence a reasonable interpretation of the picture.,4 = Compatible. The final word makes the sentence a reasonable interpretation of the picture.,1 = Not compatible at all. The final word is clearly inconsistent with / unrelated to / contradicts the picture.,4 = Compatible. The final word makes the sentence a reasonable interpretation of the picture.,3 = Uncertain. The final word provides weak / ambiguous / mixed evidence for the picture.,2 = Low compatibility. The final word is technically plausible but would not be commonly associated with the picture / it would be unusual or difficult to reconcile this sentence with the picture.,2 = Low compatibility. The final word is technically plausible but would not be commonly associated with the picture / it would be unusual or difficult to reconcile this sentence with the picture.,5 = Very compatible. The final word makes the sentence very consistent with / a natural interpretation of the picture.,2 = Low compatibility. The final word is technically plausible but would not be commonly associated with the picture / it would be unusual or difficult to reconcile this sentence with the picture.,4 = Compatible. The final word makes the sentence a reasonable interpretation of the picture.,5 = Very compatible. The final word makes the sentence very consistent with / a natural interpretation of the picture.,5 = Very compatible. The final word makes the sentence very consistent with / a natural interpretation of the picture.,5 = Very compatible. The final word makes the sentence very consistent with / a natural interpretation of the picture.,2 = Low compatibility. The final word is technically plausible but would not be commonly associated with the picture / it would be unusual or difficult to reconcile this sentence with the picture.,4 = Compatible. The final word makes the sentence a reasonable interpretation of the picture.,4 = Compatible. The final word makes the sentence a reasonable interpretation of the picture.,4 = Compatible. The final word makes the sentence a reasonable interpretation of the picture.,2 = Low compatibility. The final word is technically plausible but would not be commonly associated with the picture / it would be unusual or difficult to reconcile this sentence with the picture.,5 = Very compatible. The final word makes the sentence very consistent with / a natural interpretation of the picture.,4 = Compatible. The final word makes the sentence a reasonable interpretation of the picture.,2 = Low compatibility. The final word is technically plausible but would not be commonly associated with the picture / it would be unusual or difficult to reconcile this sentence with the picture.,2 = Low compatibility. The final word is technically plausible but would not be commonly associated with the picture / it would be unusual or difficult to reconcile this sentence with the picture.,2 = Low compatibility. The final word is technically plausible but would not be commonly associated with the picture / it would be unusual or difficult to reconcile this sentence with the picture.,2 = Low compatibility. The final word is technically plausible but would not be commonly associated with the picture / it would be unusual or difficult to reconcile this sentence with the picture.,2 = Low compatibility. The final word is technically plausible but would not be commonly associated with the picture / it would be unusual or difficult to reconcile this sentence with the picture.,4 = Compatible. The final word makes the sentence a reasonable interpretation of the picture.,5 = Very compatible. The final word makes the sentence very consistent with / a natural interpretation of the picture.,4 = Compatible. The final word makes the sentence a reasonable interpretation of the picture.,2 = Low compatibility. The final word is technically plausible but would not be commonly associated with the picture / it would be unusual or difficult to reconcile this sentence with the picture.,5 = Very compatible. The final word makes the sentence very consistent with / a natural interpretation of the picture.,5 = Very compatible. The final word makes the sentence very consistent with / a natural interpretation of the picture.
2026-07-22 18:39:49,2026-07-22 18:45:26,IP Address,*******,100,336,True,2026-07-22 18:45:26,R_5EuReDEEys27zB7,*******,*******,*******,*******,*******,*******,anonymous,EN,1 = Not compatible at all. The final word is clearly inconsistent with / unrelated to / contradicts the picture.,5 = Very compatible. The final word makes the sentence very consistent with / a natural interpretation of the picture.,5 = Very compatible. The final word makes the sentence very consistent with / a natural interpretation of the picture.,5 = Very compatible. The final word makes the sentence very consistent with / a natural interpretation of the picture.,2 = Low compatibility. The final word is technically plausible but would not be commonly associated with the picture / it would be unusual or difficult to reconcile this sentence with the picture.,1 = Not compatible at all. The final word is clearly inconsistent with / unrelated to / contradicts the picture.,1 = Not compatible at all. The final word is clearly inconsistent with / unrelated to / contradicts the picture.,2 = Low compatibility. The final word is technically plausible but would not be commonly associated with the picture / it would be unusual or difficult to reconcile this sentence with the picture.,5 = Very compatible. The final word makes the sentence very consistent with / a natural interpretation of the picture.,5 = Very compatible. The final word makes the sentence very consistent with / a natural interpretation of the picture.,4 = Compatible. The final word makes the sentence a reasonable interpretation of the picture.,5 = Very compatible. The final word makes the sentence very consistent with / a natural interpretation of the picture.,1 = Not compatible at all. The final word is clearly inconsistent with / unrelated to / contradicts the picture.,5 = Very compatible. The final word makes the sentence very consistent with / a natural interpretation of the picture.,1 = Not compatible at all. The final word is clearly inconsistent with / unrelated to / contradicts the picture.,5 = Very compatible. The final word makes the sentence very consistent with / a natural interpretation of the picture.,1 = Not compatible at all. The final word is clearly inconsistent with / unrelated to / contradicts the picture.,3 = Uncertain. The final word provides weak / ambiguous / mixed evidence for the picture.,5 = Very compatible. The final word makes the sentence very consistent with / a natural interpretation of the picture.,4 = Compatible. The final word makes the sentence a reasonable interpretation of the picture.,5 = Very compatible. The final word makes the sentence very consistent with / a natural interpretation of the picture.,2 = Low compatibility. The final word is technically plausible but would not be commonly associated with the picture / it would be unusual or difficult to reconcile this sentence with the picture.,1 = Not compatible at all. The final word is clearly inconsistent with / unrelated to / contradicts the picture.,4 = Compatible. The final word makes the sentence a reasonable interpretation of the picture.,1 = Not compatible at all. The final word is clearly inconsistent with / unrelated to / contradicts the picture.,1 = Not compatible at all. The final word is clearly inconsistent with / unrelated to / contradicts the picture.,4 = Compatible. The final word makes the sentence a reasonable interpretation of the picture.,1 = Not compatible at all. The final word is clearly inconsistent with / unrelated to / contradicts the picture.,4 = Compatible. The final word makes the sentence a reasonable interpretation of the picture.,1 = Not compatible at all. The final word is clearly inconsistent with / unrelated to / contradicts the picture.,5 = Very compatible. The final word makes the sentence very consistent with / a natural interpretation of the picture.,1 = Not compatible at all. The final word is clearly inconsistent with / unrelated to / contradicts the picture.,5 = Very compatible. The final word makes the sentence very consistent with / a natural interpretation of the picture.,5 = Very compatible. The final word makes the sentence very consistent with / a natural interpretation of the picture.,4 = Compatible. The final word makes the sentence a reasonable interpretation of the picture.,5 = Very compatible. The final word makes the sentence very consistent with / a natural interpretation of the picture.,2 = Low compatibility. The final word is technically plausible but would not be commonly associated with the picture / it would be unusual or difficult to reconcile this sentence with the picture.,4 = Compatible. The final word makes the sentence a reasonable interpretation of the picture.,1 = Not compatible at all. The final word is clearly inconsistent with / unrelated to / contradicts the picture.,5 = Very compatible. The final word makes the sentence very consistent with / a natural interpretation of the picture.,5 = Very compatible. The final word makes the sentence very consistent with / a natural interpretation of the picture.,3 = Uncertain. The final word provides weak / ambiguous / mixed evidence for the picture.,2 = Low compatibility. The final word is technically plausible but would not be commonly associated with the picture / it would be unusual or difficult to reconcile this sentence with the picture.,4 = Compatible. The final word makes the sentence a reasonable interpretation of the picture.,2 = Low compatibility. The final word is technically plausible but would not be commonly associated with the picture / it would be unusual or difficult to reconcile this sentence with the picture.,2 = Low compatibility. The final word is technically plausible but would not be commonly associated with the picture / it would be unusual or difficult to reconcile this sentence with the picture.,1 = Not compatible at all. The final word is clearly inconsistent with / unrelated to / contradicts the picture.,1 = Not compatible at all. The final word is clearly inconsistent with / unrelated to / contradicts the picture.,4 = Compatible. The final word makes the sentence a reasonable interpretation of the picture.,4 = Compatible. The final word makes the sentence a reasonable interpretation of the picture.,5 = Very compatible. The final word makes the sentence very consistent with / a natural interpretation of the picture.,1 = Not compatible at all. The final word is clearly inconsistent with / unrelated to / contradicts the picture.,4 = Compatible. The final word makes the sentence a reasonable interpretation of the picture.,2 = Low compatibility. The final word is technically plausible but would not be commonly associated with the picture / it would be unusual or difficult to reconcile this sentence with the picture.,1 = Not compatible at all. The final word is clearly inconsistent with / unrelated to / contradicts the picture.,2 = Low compatibility. The final word is technically plausible but would not be commonly associated with the picture / it would be unusual or difficult to reconcile this sentence with the picture.,2 = Low compatibility. The final word is technically plausible but would not be commonly associated with the picture / it would be unusual or difficult to reconcile this sentence with the picture.,2 = Low compatibility. The final word is technically plausible but would not be commonly associated with the picture / it would be unusual or difficult to reconcile this sentence with the picture.,5 = Very compatible. The final word makes the sentence very consistent with / a natural interpretation of the picture.,5 = Very compatible. The final word makes the sentence very consistent with / a natural interpretation of the picture.,5 = Very compatible. The final word makes the sentence very consistent with / a natural interpretation of the picture.,5 = Very compatible. The final word makes the sentence very consistent with / a natural interpretation of the picture.,1 = Not compatible at all. The final word is clearly inconsistent with / unrelated to / contradicts the picture.,5 = Very compatible. The final word makes the sentence very consistent with / a natural interpretation of the picture.,4 = Compatible. The final word makes the sentence a reasonable interpretation of the picture.,5 = Very compatible. The final word makes the sentence very consistent with / a natural interpretation of the picture.,1 = Not compatible at all. The final word is clearly inconsistent with / unrelated to / contradicts the picture.,5 = Very compatible. The final word makes the sentence very consistent with / a natural interpretation of the picture.,5 = Very compatible. The final word makes the sentence very consistent with / a natural interpretation of the picture.,1 = Not compatible at all. The final word is clearly inconsistent with / unrelated to / contradicts the picture.,3 = Uncertain. The final word provides weak / ambiguous / mixed evidence for the picture.,2 = Low compatibility. The final word is technically plausible but would not be commonly associated with the picture / it would be unusual or difficult to reconcile this sentence with the picture.,2 = Low compatibility. The final word is technically plausible but would not be commonly associated with the picture / it would be unusual or difficult to reconcile this sentence with the picture.,2 = Low compatibility. The final word is technically plausible but would not be commonly associated with the picture / it would be unusual or difficult to reconcile this sentence with the picture.,5 = Very compatible. The final word makes the sentence very consistent with / a natural interpretation of the picture.,5 = Very compatible. The final word makes the sentence very consistent with / a natural interpretation of the picture.,2 = Low compatibility. The final word is technically plausible but would not be commonly associated with the picture / it would be unusual or difficult to reconcile this sentence with the picture.,1 = Not compatible at all. The final word is clearly inconsistent with / unrelated to / contradicts the picture.,5 = Very compatible. The final word makes the sentence very consistent with / a natural interpretation of the picture.,5 = Very compatible. The final word makes the sentence very consistent with / a natural interpretation of the picture.
2026-07-23 14:36:35,2026-07-23 14:43:26,IP Address,*******,100,411,True,2026-07-23 14:43:27,R_7z9AHsvRgGlp1UR,*******,*******,*******,*******,*******,*******,anonymous,EN,1 = Not compatible at all. The final word is clearly inconsistent with / unrelated to / contradicts the picture.,4 = Compatible. The final word makes the sentence a reasonable interpretation of the picture.,4 = Compatible. The final word makes the sentence a reasonable interpretation of the picture.,5 = Very compatible. The final word makes the sentence very consistent with / a natural interpretation of the picture.,1 = Not compatible at all. The final word is clearly inconsistent with / unrelated to / contradicts the picture.,1 = Not compatible at all. The final word is clearly inconsistent with / unrelated to / contradicts the picture.,1 = Not compatible at all. The final word is clearly inconsistent with / unrelated to / contradicts the picture.,1 = Not compatible at all. The final word is clearly inconsistent with / unrelated to / contradicts the picture.,5 = Very compatible. The final word makes the sentence very consistent with / a natural interpretation of the picture.,5 = Very compatible. The final word makes the sentence very consistent with / a natural interpretation of the picture.,3 = Uncertain. The final word provides weak / ambiguous / mixed evidence for the picture.,4 = Compatible. The final word makes the sentence a reasonable interpretation of the picture.,2 = Low compatibility. The final word is technically plausible but would not be commonly associated with the picture / it would be unusual or difficult to reconcile this sentence with the picture.,5 = Very compatible. The final word makes the sentence very consistent with / a natural interpretation of the picture.,1 = Not compatible at all. The final word is clearly inconsistent with / unrelated to / contradicts the picture.,5 = Very compatible. The final word makes the sentence very consistent with / a natural interpretation of the picture.,1 = Not compatible at all. The final word is clearly inconsistent with / unrelated to / contradicts the picture.,1 = Not compatible at all. The final word is clearly inconsistent with / unrelated to / contradicts the picture.,5 = Very compatible. The final word makes the sentence very consistent with / a natural interpretation of the picture.,3 = Uncertain. The final word provides weak / ambiguous / mixed evidence for the picture.,4 = Compatible. The final word makes the sentence a reasonable interpretation of the picture.,1 = Not compatible at all. The final word is clearly inconsistent with / unrelated to / contradicts the picture.,1 = Not compatible at all. The final word is clearly inconsistent with / unrelated to / contradicts the picture.,2 = Low compatibility. The final word is technically plausible but would not be commonly associated with the picture / it would be unusual or difficult to reconcile this sentence with the picture.,1 = Not compatible at all. The final word is clearly inconsistent with / unrelated to / contradicts the picture.,2 = Low compatibility. The final word is technically plausible but would not be commonly associated with the picture / it would be unusual or difficult to reconcile this sentence with the picture.,4 = Compatible. The final word makes the sentence a reasonable interpretation of the picture.,1 = Not compatible at all. The final word is clearly inconsistent with / unrelated to / contradicts the picture.,5 = Very compatible. The final word makes the sentence very consistent with / a natural interpretation of the picture.,1 = Not compatible at all. The final word is clearly inconsistent with / unrelated to / contradicts the picture.,5 = Very compatible. The final word makes the sentence very consistent with / a natural interpretation of the picture.,1 = Not compatible at all. The final word is clearly inconsistent with / unrelated to / contradicts the picture.,5 = Very compatible. The final word makes the sentence very consistent with / a natural interpretation of the picture.,5 = Very compatible. The final word makes the sentence very consistent with / a natural interpretation of the picture.,5 = Very compatible. The final word makes the sentence very consistent with / a natural interpretation of the picture.,5 = Very compatible. The final word makes the sentence very consistent with / a natural interpretation of the picture.,1 = Not compatible at all. The final word is clearly inconsistent with / unrelated to / contradicts the picture.,4 = Compatible. The final word makes the sentence a reasonable interpretation of the picture.,3 = Uncertain. The final word provides weak / ambiguous / mixed evidence for the picture.,4 = Compatible. The final word makes the sentence a reasonable interpretation of the picture.,4 = Compatible. The final word makes the sentence a reasonable interpretation of the picture.,2 = Low compatibility. The final word is technically plausible but would not be commonly associated with the picture / it would be unusual or difficult to reconcile this sentence with the picture.,1 = Not compatible at all. The final word is clearly inconsistent with / unrelated to / contradicts the picture.,5 = Very compatible. The final word makes the sentence very consistent with / a natural interpretation of the picture.,1 = Not compatible at all. The final word is clearly inconsistent with / unrelated to / contradicts the picture.,1 = Not compatible at all. The final word is clearly inconsistent with / unrelated to / contradicts the picture.,1 = Not compatible at all. The final word is clearly inconsistent with / unrelated to / contradicts the picture.,1 = Not compatible at all. The final word is clearly inconsistent with / unrelated to / contradicts the picture.,5 = Very compatible. The final word makes the sentence very consistent with / a natural interpretation of the picture.,5 = Very compatible. The final word makes the sentence very consistent with / a natural interpretation of the picture.,5 = Very compatible. The final word makes the sentence very consistent with / a natural interpretation of the picture.,1 = Not compatible at all. The final word is clearly inconsistent with / unrelated to / contradicts the picture.,4 = Compatible. The final word makes the sentence a reasonable interpretation of the picture.,1 = Not compatible at all. The final word is clearly inconsistent with / unrelated to / contradicts the picture.,1 = Not compatible at all. The final word is clearly inconsistent with / unrelated to / contradicts the picture.,1 = Not compatible at all. The final word is clearly inconsistent with / unrelated to / contradicts the picture.,1 = Not compatible at all. The final word is clearly inconsistent with / unrelated to / contradicts the picture.,1 = Not compatible at all. The final word is clearly inconsistent with / unrelated to / contradicts the picture.,5 = Very compatible. The final word makes the sentence very consistent with / a natural interpretation of the picture.,5 = Very compatible. The final word makes the sentence very consistent with / a natural interpretation of the picture.,5 = Very compatible. The final word makes the sentence very consistent with / a natural interpretation of the picture.,5 = Very compatible. The final word makes the sentence very consistent with / a natural interpretation of the picture.,1 = Not compatible at all. The final word is clearly inconsistent with / unrelated to / contradicts the picture.,5 = Very compatible. The final word makes the sentence very consistent with / a natural interpretation of the picture.,5 = Very compatible. The final word makes the sentence very consistent with / a natural interpretation of the picture.,5 = Very compatible. The final word makes the sentence very consistent with / a natural interpretation of the picture.,3 = Uncertain. The final word provides weak / ambiguous / mixed evidence for the picture.,5 = Very compatible. The final word makes the sentence very consistent with / a natural interpretation of the picture.,5 = Very compatible. The final word makes the sentence very consistent with / a natural interpretation of the picture.,1 = Not compatible at all. The final word is clearly inconsistent with / unrelated to / contradicts the picture.,2 = Low compatibility. The final word is technically plausible but would not be commonly associated with the picture / it would be unusual or difficult to reconcile this sentence with the picture.,1 = Not compatible at all. The final word is clearly inconsistent with / unrelated to / contradicts the picture.,1 = Not compatible at all. The final word is clearly inconsistent with / unrelated to / contradicts the picture.,1 = Not compatible at all. The final word is clearly inconsistent with / unrelated to / contradicts the picture.,5 = Very compatible. The final word makes the sentence very consistent with / a natural interpretation of the picture.,5 = Very compatible. The final word makes the sentence very consistent with / a natural interpretation of the picture.,4 = Compatible. The final word makes the sentence a reasonable interpretation of the picture.,1 = Not compatible at all. The final word is clearly inconsistent with / unrelated to / contradicts the picture.,5 = Very compatible. The final word makes the sentence very consistent with / a natural interpretation of the picture.,5 = Very compatible. The final word makes the sentence very consistent with / a natural interpretation of the picture.
2026-07-24 00:39:21,2026-07-24 00:49:04,IP Address,*******,100,582,True,2026-07-24 00:49:04,R_53763JW4oVdqGWE,*******,*******,*******,*******,*******,*******,anonymous,EN,1 = Not compatible at all. The final word is clearly inconsistent with / unrelated to / contradicts the picture.,4 = Compatible. The final word makes the sentence a reasonable interpretation of the picture.,5 = Very compatible. The final word makes the sentence very consistent with / a natural interpretation of the picture.,5 = Very compatible. The final word makes the sentence very consistent with / a natural interpretation of the picture.,1 = Not compatible at all. The final word is clearly inconsistent with / unrelated to / contradicts the picture.,1 = Not compatible at all. The final word is clearly inconsistent with / unrelated to / contradicts the picture.,1 = Not compatible at all. The final word is clearly inconsistent with / unrelated to / contradicts the picture.,2 = Low compatibility. The final word is technically plausible but would not be commonly associated with the picture / it would be unusual or difficult to reconcile this sentence with the picture.,5 = Very compatible. The final word makes the sentence very consistent with / a natural interpretation of the picture.,5 = Very compatible. The final word makes the sentence very consistent with / a natural interpretation of the picture.,4 = Compatible. The final word makes the sentence a reasonable interpretation of the picture.,4 = Compatible. The final word makes the sentence a reasonable interpretation of the picture.,3 = Uncertain. The final word provides weak / ambiguous / mixed evidence for the picture.,5 = Very compatible. The final word makes the sentence very consistent with / a natural interpretation of the picture.,1 = Not compatible at all. The final word is clearly inconsistent with / unrelated to / contradicts the picture.,5 = Very compatible. The final word makes the sentence very consistent with / a natural interpretation of the picture.,2 = Low compatibility. The final word is technically plausible but would not be commonly associated with the picture / it would be unusual or difficult to reconcile this sentence with the picture.,2 = Low compatibility. The final word is technically plausible but would not be commonly associated with the picture / it would be unusual or difficult to reconcile this sentence with the picture.,5 = Very compatible. The final word makes the sentence very consistent with / a natural interpretation of the picture.,4 = Compatible. The final word makes the sentence a reasonable interpretation of the picture.,3 = Uncertain. The final word provides weak / ambiguous / mixed evidence for the picture.,2 = Low compatibility. The final word is technically plausible but would not be commonly associated with the picture / it would be unusual or difficult to reconcile this sentence with the picture.,1 = Not compatible at all. The final word is clearly inconsistent with / unrelated to / contradicts the picture.,5 = Very compatible. The final word makes the sentence very consistent with / a natural interpretation of the picture.,2 = Low compatibility. The final word is technically plausible but would not be commonly associated with the picture / it would be unusual or difficult to reconcile this sentence with the picture.,2 = Low compatibility. The final word is technically plausible but would not be commonly associated with the picture / it would be unusual or difficult to reconcile this sentence with the picture.,4 = Compatible. The final word makes the sentence a reasonable interpretation of the picture.,1 = Not compatible at all. The final word is clearly inconsistent with / unrelated to / contradicts the picture.,5 = Very compatible. The final word makes the sentence very consistent with / a natural interpretation of the picture.,2 = Low compatibility. The final word is technically plausible but would not be commonly associated with the picture / it would be unusual or difficult to reconcile this sentence with the picture.,5 = Very compatible. The final word makes the sentence very consistent with / a natural interpretation of the picture.,1 = Not compatible at all. The final word is clearly inconsistent with / unrelated to / contradicts the picture.,4 = Compatible. The final word makes the sentence a reasonable interpretation of the picture.,5 = Very compatible. The final word makes the sentence very consistent with / a natural interpretation of the picture.,5 = Very compatible. The final word makes the sentence very consistent with / a natural interpretation of the picture.,5 = Very compatible. The final word makes the sentence very consistent with / a natural interpretation of the picture.,2 = Low compatibility. The final word is technically plausible but would not be commonly associated with the picture / it would be unusual or difficult to reconcile this sentence with the picture.,3 = Uncertain. The final word provides weak / ambiguous / mixed evidence for the picture.,2 = Low compatibility. The final word is technically plausible but would not be commonly associated with the picture / it would be unusual or difficult to reconcile this sentence with the picture.,5 = Very compatible. The final word makes the sentence very consistent with / a natural interpretation of the picture.,5 = Very compatible. The final word makes the sentence very consistent with / a natural interpretation of the picture.,3 = Uncertain. The final word provides weak / ambiguous / mixed evidence for the picture.,3 = Uncertain. The final word provides weak / ambiguous / mixed evidence for the picture.,5 = Very compatible. The final word makes the sentence very consistent with / a natural interpretation of the picture.,1 = Not compatible at all. The final word is clearly inconsistent with / unrelated to / contradicts the picture.,2 = Low compatibility. The final word is technically plausible but would not be commonly associated with the picture / it would be unusual or difficult to reconcile this sentence with the picture.,2 = Low compatibility. The final word is technically plausible but would not be commonly associated with the picture / it would be unusual or difficult to reconcile this sentence with the picture.,2 = Low compatibility. The final word is technically plausible but would not be commonly associated with the picture / it would be unusual or difficult to reconcile this sentence with the picture.,5 = Very compatible. The final word makes the sentence very consistent with / a natural interpretation of the picture.,3 = Uncertain. The final word provides weak / ambiguous / mixed evidence for the picture.,4 = Compatible. The final word makes the sentence a reasonable interpretation of the picture.,3 = Uncertain. The final word provides weak / ambiguous / mixed evidence for the picture.,4 = Compatible. The final word makes the sentence a reasonable interpretation of the picture.,3 = Uncertain. The final word provides weak / ambiguous / mixed evidence for the picture.,2 = Low compatibility. The final word is technically plausible but would not be commonly associated with the picture / it would be unusual or difficult to reconcile this sentence with the picture.,1 = Not compatible at all. The final word is clearly inconsistent with / unrelated to / contradicts the picture.,2 = Low compatibility. The final word is technically plausible but would not be commonly associated with the picture / it would be unusual or difficult to reconcile this sentence with the picture.,2 = Low compatibility. The final word is technically plausible but would not be commonly associated with the picture / it would be unusual or difficult to reconcile this sentence with the picture.,5 = Very compatible. The final word makes the sentence very consistent with / a natural interpretation of the picture.,4 = Compatible. The final word makes the sentence a reasonable interpretation of the picture.,5 = Very compatible. The final word makes the sentence very consistent with / a natural interpretation of the picture.,5 = Very compatible. The final word makes the sentence very consistent with / a natural interpretation of the picture.,1 = Not compatible at all. The final word is clearly inconsistent with / unrelated to / contradicts the picture.,5 = Very compatible. The final word makes the sentence very consistent with / a natural interpretation of the picture.,4 = Compatible. The final word makes the sentence a reasonable interpretation of the picture.,5 = Very compatible. The final word makes the sentence very consistent with / a natural interpretation of the picture.,2 = Low compatibility. The final word is technically plausible but would not be commonly associated with the picture / it would be unusual or difficult to reconcile this sentence with the picture.,3 = Uncertain. The final word provides weak / ambiguous / mixed evidence for the picture.,5 = Very compatible. The final word makes the sentence very consistent with / a natural interpretation of the picture.,1 = Not compatible at all. The final word is clearly inconsistent with / unrelated to / contradicts the picture.,1 = Not compatible at all. The final word is clearly inconsistent with / unrelated to / contradicts the picture.,2 = Low compatibility. The final word is technically plausible but would not be commonly associated with the picture / it would be unusual or difficult to reconcile this sentence with the picture.,1 = Not compatible at all. The final word is clearly inconsistent with / unrelated to / contradicts the picture.,1 = Not compatible at all. The final word is clearly inconsistent with / unrelated to / contradicts the picture.,4 = Compatible. The final word makes the sentence a reasonable interpretation of the picture.,5 = Very compatible. The final word makes the sentence very consistent with / a natural interpretation of the picture.,3 = Uncertain. The final word provides weak / ambiguous / mixed evidence for the picture.,3 = Uncertain. The final word provides weak / ambiguous / mixed evidence for the picture.,5 = Very compatible. The final word makes the sentence very consistent with / a natural interpretation of the picture.,5 = Very compatible. The final word makes the sentence very consistent with / a natural interpretation of the picture.
2026-07-24 15:39:31,2026-07-24 15:45:25,IP Address,*******,100,354,True,2026-07-24 15:45:26,R_11vU0f5Y2igv4BY,*******,*******,*******,*******,*******,*******,anonymous,EN,1 = Not compatible at all. The final word is clearly inconsistent with / unrelated to / contradicts the picture.,4 = Compatible. The final word makes the sentence a reasonable interpretation of the picture.,4 = Compatible. The final word makes the sentence a reasonable interpretation of the picture.,5 = Very compatible. The final word makes the sentence very consistent with / a natural interpretation of the picture.,1 = Not compatible at all. The final word is clearly inconsistent with / unrelated to / contradicts the picture.,1 = Not compatible at all. The final word is clearly inconsistent with / unrelated to / contradicts the picture.,1 = Not compatible at all. The final word is clearly inconsistent with / unrelated to / contradicts the picture.,2 = Low compatibility. The final word is technically plausible but would not be commonly associated with the picture / it would be unusual or difficult to reconcile this sentence with the picture.,5 = Very compatible. The final word makes the sentence very consistent with / a natural interpretation of the picture.,5 = Very compatible. The final word makes the sentence very consistent with / a natural interpretation of the picture.,3 = Uncertain. The final word provides weak / ambiguous / mixed evidence for the picture.,4 = Compatible. The final word makes the sentence a reasonable interpretation of the picture.,2 = Low compatibility. The final word is technically plausible but would not be commonly associated with the picture / it would be unusual or difficult to reconcile this sentence with the picture.,4 = Compatible. The final word makes the sentence a reasonable interpretation of the picture.,1 = Not compatible at all. The final word is clearly inconsistent with / unrelated to / contradicts the picture.,5 = Very compatible. The final word makes the sentence very consistent with / a natural interpretation of the picture.,1 = Not compatible at all. The final word is clearly inconsistent with / unrelated to / contradicts the picture.,1 = Not compatible at all. The final word is clearly inconsistent with / unrelated to / contradicts the picture.,4 = Compatible. The final word makes the sentence a reasonable interpretation of the picture.,3 = Uncertain. The final word provides weak / ambiguous / mixed evidence for the picture.,4 = Compatible. The final word makes the sentence a reasonable interpretation of the picture.,1 = Not compatible at all. The final word is clearly inconsistent with / unrelated to / contradicts the picture.,1 = Not compatible at all. The final word is clearly inconsistent with / unrelated to / contradicts the picture.,1 = Not compatible at all. The final word is clearly inconsistent with / unrelated to / contradicts the picture.,1 = Not compatible at all. The final word is clearly inconsistent with / unrelated to / contradicts the picture.,1 = Not compatible at all. The final word is clearly inconsistent with / unrelated to / contradicts the picture.,4 = Compatible. The final word makes the sentence a reasonable interpretation of the picture.,1 = Not compatible at all. The final word is clearly inconsistent with / unrelated to / contradicts the picture.,4 = Compatible. The final word makes the sentence a reasonable interpretation of the picture.,1 = Not compatible at all. The final word is clearly inconsistent with / unrelated to / contradicts the picture.,4 = Compatible. The final word makes the sentence a reasonable interpretation of the picture.,1 = Not compatible at all. The final word is clearly inconsistent with / unrelated to / contradicts the picture.,5 = Very compatible. The final word makes the sentence very consistent with / a natural interpretation of the picture.,3 = Uncertain. The final word provides weak / ambiguous / mixed evidence for the picture.,5 = Very compatible. The final word makes the sentence very consistent with / a natural interpretation of the picture.,5 = Very compatible. The final word makes the sentence very consistent with / a natural interpretation of the picture.,1 = Not compatible at all. The final word is clearly inconsistent with / unrelated to / contradicts the picture.,3 = Uncertain. The final word provides weak / ambiguous / mixed evidence for the picture.,1 = Not compatible at all. The final word is clearly inconsistent with / unrelated to / contradicts the picture.,5 = Very compatible. The final word makes the sentence very consistent with / a natural interpretation of the picture.,5 = Very compatible. The final word makes the sentence very consistent with / a natural interpretation of the picture.,2 = Low compatibility. The final word is technically plausible but would not be commonly associated with the picture / it would be unusual or difficult to reconcile this sentence with the picture.,1 = Not compatible at all. The final word is clearly inconsistent with / unrelated to / contradicts the picture.,4 = Compatible. The final word makes the sentence a reasonable interpretation of the picture.,1 = Not compatible at all. The final word is clearly inconsistent with / unrelated to / contradicts the picture.,1 = Not compatible at all. The final word is clearly inconsistent with / unrelated to / contradicts the picture.,1 = Not compatible at all. The final word is clearly inconsistent with / unrelated to / contradicts the picture.,1 = Not compatible at all. The final word is clearly inconsistent with / unrelated to / contradicts the picture.,4 = Compatible. The final word makes the sentence a reasonable interpretation of the picture.,3 = Uncertain. The final word provides weak / ambiguous / mixed evidence for the picture.,4 = Compatible. The final word makes the sentence a reasonable interpretation of the picture.,1 = Not compatible at all. The final word is clearly inconsistent with / unrelated to / contradicts the picture.,4 = Compatible. The final word makes the sentence a reasonable interpretation of the picture.,3 = Uncertain. The final word provides weak / ambiguous / mixed evidence for the picture.,1 = Not compatible at all. The final word is clearly inconsistent with / unrelated to / contradicts the picture.,1 = Not compatible at all. The final word is clearly inconsistent with / unrelated to / contradicts the picture.,1 = Not compatible at all. The final word is clearly inconsistent with / unrelated to / contradicts the picture.,1 = Not compatible at all. The final word is clearly inconsistent with / unrelated to / contradicts the picture.,5 = Very compatible. The final word makes the sentence very consistent with / a natural interpretation of the picture.,4 = Compatible. The final word makes the sentence a reasonable interpretation of the picture.,5 = Very compatible. The final word makes the sentence very consistent with / a natural interpretation of the picture.,5 = Very compatible. The final word makes the sentence very consistent with / a natural interpretation of the picture.,1 = Not compatible at all. The final word is clearly inconsistent with / unrelated to / contradicts the picture.,3 = Uncertain. The final word provides weak / ambiguous / mixed evidence for the picture.,4 = Compatible. The final word makes the sentence a reasonable interpretation of the picture.,5 = Very compatible. The final word makes the sentence very consistent with / a natural interpretation of the picture.,1 = Not compatible at all. The final word is clearly inconsistent with / unrelated to / contradicts the picture.,4 = Compatible. The final word makes the sentence a reasonable interpretation of the picture.,4 = Compatible. The final word makes the sentence a reasonable interpretation of the picture.,1 = Not compatible at all. The final word is clearly inconsistent with / unrelated to / contradicts the picture.,3 = Uncertain. The final word provides weak / ambiguous / mixed evidence for the picture.,1 = Not compatible at all. The final word is clearly inconsistent with / unrelated to / contradicts the picture.,1 = Not compatible at all. The final word is clearly inconsistent with / unrelated to / contradicts the picture.,1 = Not compatible at all. The final word is clearly inconsistent with / unrelated to / contradicts the picture.,4 = Compatible. The final word makes the sentence a reasonable interpretation of the picture.,5 = Very compatible. The final word makes the sentence very consistent with / a natural interpretation of the picture.,3 = Uncertain. The final word provides weak / ambiguous / mixed evidence for the picture.,1 = Not compatible at all. The final word is clearly inconsistent with / unrelated to / contradicts the picture.,4 = Compatible. The final word makes the sentence a reasonable interpretation of the picture.,5 = Very compatible. The final word makes the sentence very consistent with / a natural interpretation of the picture.
2026-07-25 14:04:44,2026-07-25 14:16:39,IP Address,*******,100,715,True,2026-07-25 14:16:39,R_3JXWc7MFE1FCNBn,*******,*******,*******,*******,*******,*******,anonymous,EN,1 = Not compatible at all. The final word is clearly inconsistent with / unrelated to / contradicts the picture.,4 = Compatible. The final word makes the sentence a reasonable interpretation of the picture.,5 = Very compatible. The final word makes the sentence very consistent with / a natural interpretation of the picture.,5 = Very compatible. The final word makes the sentence very consistent with / a natural interpretation of the picture.,1 = Not compatible at all. The final word is clearly inconsistent with / unrelated to / contradicts the picture.,1 = Not compatible at all. The final word is clearly inconsistent with / unrelated to / contradicts the picture.,2 = Low compatibility. The final word is technically plausible but would not be commonly associated with the picture / it would be unusual or difficult to reconcile this sentence with the picture.,1 = Not compatible at all. The final word is clearly inconsistent with / unrelated to / contradicts the picture.,3 = Uncertain. The final word provides weak / ambiguous / mixed evidence for the picture.,4 = Compatible. The final word makes the sentence a reasonable interpretation of the picture.,3 = Uncertain. The final word provides weak / ambiguous / mixed evidence for the picture.,4 = Compatible. The final word makes the sentence a reasonable interpretation of the picture.,2 = Low compatibility. The final word is technically plausible but would not be commonly associated with the picture / it would be unusual or difficult to reconcile this sentence with the picture.,4 = Compatible. The final word makes the sentence a reasonable interpretation of the picture.,1 = Not compatible at all. The final word is clearly inconsistent with / unrelated to / contradicts the picture.,5 = Very compatible. The final word makes the sentence very consistent with / a natural interpretation of the picture.,1 = Not compatible at all. The final word is clearly inconsistent with / unrelated to / contradicts the picture.,1 = Not compatible at all. The final word is clearly inconsistent with / unrelated to / contradicts the picture.,4 = Compatible. The final word makes the sentence a reasonable interpretation of the picture.,3 = Uncertain. The final word provides weak / ambiguous / mixed evidence for the picture.,4 = Compatible. The final word makes the sentence a reasonable interpretation of the picture.,2 = Low compatibility. The final word is technically plausible but would not be commonly associated with the picture / it would be unusual or difficult to reconcile this sentence with the picture.,1 = Not compatible at all. The final word is clearly inconsistent with / unrelated to / contradicts the picture.,2 = Low compatibility. The final word is technically plausible but would not be commonly associated with the picture / it would be unusual or difficult to reconcile this sentence with the picture.,1 = Not compatible at all. The final word is clearly inconsistent with / unrelated to / contradicts the picture.,3 = Uncertain. The final word provides weak / ambiguous / mixed evidence for the picture.,2 = Low compatibility. The final word is technically plausible but would not be commonly associated with the picture / it would be unusual or difficult to reconcile this sentence with the picture.,1 = Not compatible at all. The final word is clearly inconsistent with / unrelated to / contradicts the picture.,4 = Compatible. The final word makes the sentence a reasonable interpretation of the picture.,1 = Not compatible at all. The final word is clearly inconsistent with / unrelated to / contradicts the picture.,5 = Very compatible. The final word makes the sentence very consistent with / a natural interpretation of the picture.,1 = Not compatible at all. The final word is clearly inconsistent with / unrelated to / contradicts the picture.,4 = Compatible. The final word makes the sentence a reasonable interpretation of the picture.,2 = Low compatibility. The final word is technically plausible but would not be commonly associated with the picture / it would be unusual or difficult to reconcile this sentence with the picture.,4 = Compatible. The final word makes the sentence a reasonable interpretation of the picture.,5 = Very compatible. The final word makes the sentence very consistent with / a natural interpretation of the picture.,2 = Low compatibility. The final word is technically plausible but would not be commonly associated with the picture / it would be unusual or difficult to reconcile this sentence with the picture.,2 = Low compatibility. The final word is technically plausible but would not be commonly associated with the picture / it would be unusual or difficult to reconcile this sentence with the picture.,1 = Not compatible at all. The final word is clearly inconsistent with / unrelated to / contradicts the picture.,4 = Compatible. The final word makes the sentence a reasonable interpretation of the picture.,4 = Compatible. The final word makes the sentence a reasonable interpretation of the picture.,2 = Low compatibility. The final word is technically plausible but would not be commonly associated with the picture / it would be unusual or difficult to reconcile this sentence with the picture.,1 = Not compatible at all. The final word is clearly inconsistent with / unrelated to / contradicts the picture.,4 = Compatible. The final word makes the sentence a reasonable interpretation of the picture.,1 = Not compatible at all. The final word is clearly inconsistent with / unrelated to / contradicts the picture.,2 = Low compatibility. The final word is technically plausible but would not be commonly associated with the picture / it would be unusual or difficult to reconcile this sentence with the picture.,1 = Not compatible at all. The final word is clearly inconsistent with / unrelated to / contradicts the picture.,1 = Not compatible at all. The final word is clearly inconsistent with / unrelated to / contradicts the picture.,4 = Compatible. The final word makes the sentence a reasonable interpretation of the picture.,3 = Uncertain. The final word provides weak / ambiguous / mixed evidence for the picture.,2 = Low compatibility. The final word is technically plausible but would not be commonly associated with the picture / it would be unusual or difficult to reconcile this sentence with the picture.,2 = Low compatibility. The final word is technically plausible but would not be commonly associated with the picture / it would be unusual or difficult to reconcile this sentence with the picture.,4 = Compatible. The final word makes the sentence a reasonable interpretation of the picture.,1 = Not compatible at all. The final word is clearly inconsistent with / unrelated to / contradicts the picture.,1 = Not compatible at all. The final word is clearly inconsistent with / unrelated to / contradicts the picture.,1 = Not compatible at all. The final word is clearly inconsistent with / unrelated to / contradicts the picture.,1 = Not compatible at all. The final word is clearly inconsistent with / unrelated to / contradicts the picture.,2 = Low compatibility. The final word is technically plausible but would not be commonly associated with the picture / it would be unusual or difficult to reconcile this sentence with the picture.,5 = Very compatible. The final word makes the sentence very consistent with / a natural interpretation of the picture.,5 = Very compatible. The final word makes the sentence very consistent with / a natural interpretation of the picture.,5 = Very compatible. The final word makes the sentence very consistent with / a natural interpretation of the picture.,5 = Very compatible. The final word makes the sentence very consistent with / a natural interpretation of the picture.,1 = Not compatible at all. The final word is clearly inconsistent with / unrelated to / contradicts the picture.,4 = Compatible. The final word makes the sentence a reasonable interpretation of the picture.,4 = Compatible. The final word makes the sentence a reasonable interpretation of the picture.,5 = Very compatible. The final word makes the sentence very consistent with / a natural interpretation of the picture.,2 = Low compatibility. The final word is technically plausible but would not be commonly associated with the picture / it would be unusual or difficult to reconcile this sentence with the picture.,4 = Compatible. The final word makes the sentence a reasonable interpretation of the picture.,4 = Compatible. The final word makes the sentence a reasonable interpretation of the picture.,1 = Not compatible at all. The final word is clearly inconsistent with / unrelated to / contradicts the picture.,1 = Not compatible at all. The final word is clearly inconsistent with / unrelated to / contradicts the picture.,1 = Not compatible at all. The final word is clearly inconsistent with / unrelated to / contradicts the picture.,2 = Low compatibility. The final word is technically plausible but would not be commonly associated with the picture / it would be unusual or difficult to reconcile this sentence with the picture.,1 = Not compatible at all. The final word is clearly inconsistent with / unrelated to / contradicts the picture.,5 = Very compatible. The final word makes the sentence very consistent with / a natural interpretation of the picture.,4 = Compatible. The final word makes the sentence a reasonable interpretation of the picture.,3 = Uncertain. The final word provides weak / ambiguous / mixed evidence for the picture.,2 = Low compatibility. The final word is technically plausible but would not be commonly associated with the picture / it would be unusual or difficult to reconcile this sentence with the picture.,4 = Compatible. The final word makes the sentence a reasonable interpretation of the picture.,5 = Very compatible. The final word makes the sentence very consistent with / a natural interpretation of the picture.
2026-07-27 08:42:09,2026-07-27 08:49:04,IP Address,*******,100,415,True,2026-07-27 08:49:05,R_3Zt2d7zx9Z4Cq41,*******,*******,*******,*******,*******,*******,anonymous,EN,1 = Not compatible at all. The final word is clearly inconsistent with / unrelated to / contradicts the picture.,5 = Very compatible. The final word makes the sentence very consistent with / a natural interpretation of the picture.,4 = Compatible. The final word makes the sentence a reasonable interpretation of the picture.,4 = Compatible. The final word makes the sentence a reasonable interpretation of the picture.,3 = Uncertain. The final word provides weak / ambiguous / mixed evidence for the picture.,1 = Not compatible at all. The final word is clearly inconsistent with / unrelated to / contradicts the picture.,1 = Not compatible at all. The final word is clearly inconsistent with / unrelated to / contradicts the picture.,1 = Not compatible at all. The final word is clearly inconsistent with / unrelated to / contradicts the picture.,5 = Very compatible. The final word makes the sentence very consistent with / a natural interpretation of the picture.,5 = Very compatible. The final word makes the sentence very consistent with / a natural interpretation of the picture.,3 = Uncertain. The final word provides weak / ambiguous / mixed evidence for the picture.,4 = Compatible. The final word makes the sentence a reasonable interpretation of the picture.,2 = Low compatibility. The final word is technically plausible but would not be commonly associated with the picture / it would be unusual or difficult to reconcile this sentence with the picture.,4 = Compatible. The final word makes the sentence a reasonable interpretation of the picture.,1 = Not compatible at all. The final word is clearly inconsistent with / unrelated to / contradicts the picture.,5 = Very compatible. The final word makes the sentence very consistent with / a natural interpretation of the picture.,1 = Not compatible at all. The final word is clearly inconsistent with / unrelated to / contradicts the picture.,1 = Not compatible at all. The final word is clearly inconsistent with / unrelated to / contradicts the picture.,5 = Very compatible. The final word makes the sentence very consistent with / a natural interpretation of the picture.,3 = Uncertain. The final word provides weak / ambiguous / mixed evidence for the picture.,4 = Compatible. The final word makes the sentence a reasonable interpretation of the picture.,2 = Low compatibility. The final word is technically plausible but would not be commonly associated with the picture / it would be unusual or difficult to reconcile this sentence with the picture.,1 = Not compatible at all. The final word is clearly inconsistent with / unrelated to / contradicts the picture.,1 = Not compatible at all. The final word is clearly inconsistent with / unrelated to / contradicts the picture.,1 = Not compatible at all. The final word is clearly inconsistent with / unrelated to / contradicts the picture.,2 = Low compatibility. The final word is technically plausible but would not be commonly associated with the picture / it would be unusual or difficult to reconcile this sentence with the picture.,3 = Uncertain. The final word provides weak / ambiguous / mixed evidence for the picture.,1 = Not compatible at all. The final word is clearly inconsistent with / unrelated to / contradicts the picture.,2 = Low compatibility. The final word is technically plausible but would not be commonly associated with the picture / it would be unusual or difficult to reconcile this sentence with the picture.,1 = Not compatible at all. The final word is clearly inconsistent with / unrelated to / contradicts the picture.,4 = Compatible. The final word makes the sentence a reasonable interpretation of the picture.,1 = Not compatible at all. The final word is clearly inconsistent with / unrelated to / contradicts the picture.,5 = Very compatible. The final word makes the sentence very consistent with / a natural interpretation of the picture.,2 = Low compatibility. The final word is technically plausible but would not be commonly associated with the picture / it would be unusual or difficult to reconcile this sentence with the picture.,5 = Very compatible. The final word makes the sentence very consistent with / a natural interpretation of the picture.,5 = Very compatible. The final word makes the sentence very consistent with / a natural interpretation of the picture.,1 = Not compatible at all. The final word is clearly inconsistent with / unrelated to / contradicts the picture.,2 = Low compatibility. The final word is technically plausible but would not be commonly associated with the picture / it would be unusual or difficult to reconcile this sentence with the picture.,1 = Not compatible at all. The final word is clearly inconsistent with / unrelated to / contradicts the picture.,2 = Low compatibility. The final word is technically plausible but would not be commonly associated with the picture / it would be unusual or difficult to reconcile this sentence with the picture.,5 = Very compatible. The final word makes the sentence very consistent with / a natural interpretation of the picture.,1 = Not compatible at all. The final word is clearly inconsistent with / unrelated to / contradicts the picture.,1 = Not compatible at all. The final word is clearly inconsistent with / unrelated to / contradicts the picture.,2 = Low compatibility. The final word is technically plausible but would not be commonly associated with the picture / it would be unusual or difficult to reconcile this sentence with the picture.,1 = Not compatible at all. The final word is clearly inconsistent with / unrelated to / contradicts the picture.,1 = Not compatible at all. The final word is clearly inconsistent with / unrelated to / contradicts the picture.,1 = Not compatible at all. The final word is clearly inconsistent with / unrelated to / contradicts the picture.,1 = Not compatible at all. The final word is clearly inconsistent with / unrelated to / contradicts the picture.,2 = Low compatibility. The final word is technically plausible but would not be commonly associated with the picture / it would be unusual or difficult to reconcile this sentence with the picture.,2 = Low compatibility. The final word is technically plausible but would not be commonly associated with the picture / it would be unusual or difficult to reconcile this sentence with the picture.,2 = Low compatibility. The final word is technically plausible but would not be commonly associated with the picture / it would be unusual or difficult to reconcile this sentence with the picture.,1 = Not compatible at all. The final word is clearly inconsistent with / unrelated to / contradicts the picture.,4 = Compatible. The final word makes the sentence a reasonable interpretation of the picture.,1 = Not compatible at all. The final word is clearly inconsistent with / unrelated to / contradicts the picture.,1 = Not compatible at all. The final word is clearly inconsistent with / unrelated to / contradicts the picture.,1 = Not compatible at all. The final word is clearly inconsistent with / unrelated to / contradicts the picture.,1 = Not compatible at all. The final word is clearly inconsistent with / unrelated to / contradicts the picture.,1 = Not compatible at all. The final word is clearly inconsistent with / unrelated to / contradicts the picture.,5 = Very compatible. The final word makes the sentence very consistent with / a natural interpretation of the picture.,5 = Very compatible. The final word makes the sentence very consistent with / a natural interpretation of the picture.,5 = Very compatible. The final word makes the sentence very consistent with / a natural interpretation of the picture.,5 = Very compatible. The final word makes the sentence very consistent with / a natural interpretation of the picture.,1 = Not compatible at all. The final word is clearly inconsistent with / unrelated to / contradicts the picture.,2 = Low compatibility. The final word is technically plausible but would not be commonly associated with the picture / it would be unusual or difficult to reconcile this sentence with the picture.,3 = Uncertain. The final word provides weak / ambiguous / mixed evidence for the picture.,5 = Very compatible. The final word makes the sentence very consistent with / a natural interpretation of the picture.,1 = Not compatible at all. The final word is clearly inconsistent with / unrelated to / contradicts the picture.,5 = Very compatible. The final word makes the sentence very consistent with / a natural interpretation of the picture.,3 = Uncertain. The final word provides weak / ambiguous / mixed evidence for the picture.,1 = Not compatible at all. The final word is clearly inconsistent with / unrelated to / contradicts the picture.,1 = Not compatible at all. The final word is clearly inconsistent with / unrelated to / contradicts the picture.,1 = Not compatible at all. The final word is clearly inconsistent with / unrelated to / contradicts the picture.,1 = Not compatible at all. The final word is clearly inconsistent with / unrelated to / contradicts the picture.,1 = Not compatible at all. The final word is clearly inconsistent with / unrelated to / contradicts the picture.,5 = Very compatible. The final word makes the sentence very consistent with / a natural interpretation of the picture.,5 = Very compatible. The final word makes the sentence very consistent with / a natural interpretation of the picture.,2 = Low compatibility. The final word is technically plausible but would not be commonly associated with the picture / it would be unusual or difficult to reconcile this sentence with the picture.,1 = Not compatible at all. The final word is clearly inconsistent with / unrelated to / contradicts the picture.,3 = Uncertain. The final word provides weak / ambiguous / mixed evidence for the picture.,3 = Uncertain. The final word provides weak / ambiguous / mixed evidence for the picture.
2026-07-20 16:33:49,2026-07-20 16:40:15,IP Address,*******,88,386,False,2026-07-27 16:40:16,R_6qkEO3j77E68aTQ,*******,*******,*******,*******,*******,*******,anonymous,EN,1 = Not compatible at all. The final word is clearly inconsistent with / unrelated to / contradicts the picture.,5 = Very compatible. The final word makes the sentence very consistent with / a natural interpretation of the picture.,3 = Uncertain. The final word provides weak / ambiguous / mixed evidence for the picture.,5 = Very compatible. The final word makes the sentence very consistent with / a natural interpretation of the picture.,1 = Not compatible at all. The final word is clearly inconsistent with / unrelated to / contradicts the picture.,1 = Not compatible at all. The final word is clearly inconsistent with / unrelated to / contradicts the picture.,1 = Not compatible at all. The final word is clearly inconsistent with / unrelated to / contradicts the picture.,1 = Not compatible at all. The final word is clearly inconsistent with / unrelated to / contradicts the picture.,5 = Very compatible. The final word makes the sentence very consistent with / a natural interpretation of the picture.,5 = Very compatible. The final word makes the sentence very consistent with / a natural interpretation of the picture.,5 = Very compatible. The final word makes the sentence very consistent with / a natural interpretation of the picture.,5 = Very compatible. The final word makes the sentence very consistent with / a natural interpretation of the picture.,2 = Low compatibility. The final word is technically plausible but would not be commonly associated with the picture / it would be unusual or difficult to reconcile this sentence with the picture.,5 = Very compatible. The final word makes the sentence very consistent with / a natural interpretation of the picture.,1 = Not compatible at all. The final word is clearly inconsistent with / unrelated to / contradicts the picture.,5 = Very compatible. The final word makes the sentence very consistent with / a natural interpretation of the picture.,2 = Low compatibility. The final word is technically plausible but would not be commonly associated with the picture / it would be unusual or difficult to reconcile this sentence with the picture.,2 = Low compatibility. The final word is technically plausible but would not be commonly associated with the picture / it would be unusual or difficult to reconcile this sentence with the picture.,5 = Very compatible. The final word makes the sentence very consistent with / a natural interpretation of the picture.,1 = Not compatible at all. The final word is clearly inconsistent with / unrelated to / contradicts the picture.,5 = Very compatible. The final word makes the sentence very consistent with / a natural interpretation of the picture.,1 = Not compatible at all. The final word is clearly inconsistent with / unrelated to / contradicts the picture.,1 = Not compatible at all. The final word is clearly inconsistent with / unrelated to / contradicts the picture.,2 = Low compatibility. The final word is technically plausible but would not be commonly associated with the picture / it would be unusual or difficult to reconcile this sentence with the picture.,1 = Not compatible at all. The final word is clearly inconsistent with / unrelated to / contradicts the picture.,2 = Low compatibility. The final word is technically plausible but would not be commonly associated with the picture / it would be unusual or difficult to reconcile this sentence with the picture.,5 = Very compatible. The final word makes the sentence very consistent with / a natural interpretation of the picture.,1 = Not compatible at all. The final word is clearly inconsistent with / unrelated to / contradicts the picture.,5 = Very compatible. The final word makes the sentence very consistent with / a natural interpretation of the picture.,1 = Not compatible at all. The final word is clearly inconsistent with / unrelated to / contradicts the picture.,5 = Very compatible. The final word makes the sentence very consistent with / a natural interpretation of the picture.,2 = Low compatibility. The final word is technically plausible but would not be commonly associated with the picture / it would be unusual or difficult to reconcile this sentence with the picture.,5 = Very compatible. The final word makes the sentence very consistent with / a natural interpretation of the picture.,5 = Very compatible. The final word makes the sentence very consistent with / a natural interpretation of the picture.,5 = Very compatible. The final word makes the sentence very consistent with / a natural interpretation of the picture.,5 = Very compatible. The final word makes the sentence very consistent with / a natural interpretation of the picture.,2 = Low compatibility. The final word is technically plausible but would not be commonly associated with the picture / it would be unusual or difficult to reconcile this sentence with the picture.,5 = Very compatible. The final word makes the sentence very consistent with / a natural interpretation of the picture.,2 = Low compatibility. The final word is technically plausible but would not be commonly associated with the picture / it would be unusual or difficult to reconcile this sentence with the picture.,5 = Very compatible. The final word makes the sentence very consistent with / a natural interpretation of the picture.,5 = Very compatible. The final word makes the sentence very consistent with / a natural interpretation of the picture.,3 = Uncertain. The final word provides weak / ambiguous / mixed evidence for the picture.,2 = Low compatibility. The final word is technically plausible but would not be commonly associated with the picture / it would be unusual or difficult to reconcile this sentence with the picture.,5 = Very compatible. The final word makes the sentence very consistent with / a natural interpretation of the picture.,2 = Low compatibility. The final word is technically plausible but would not be commonly associated with the picture / it would be unusual or difficult to reconcile this sentence with the picture.,2 = Low compatibility. The final word is technically plausible but would not be commonly associated with the picture / it would be unusual or difficult to reconcile this sentence with the picture.,3 = Uncertain. The final word provides weak / ambiguous / mixed evidence for the picture.,1 = Not compatible at all. The final word is clearly inconsistent with / unrelated to / contradicts the picture.,5 = Very compatible. The final word makes the sentence very consistent with / a natural interpretation of the picture.,5 = Very compatible. The final word makes the sentence very consistent with / a natural interpretation of the picture.,5 = Very compatible. The final word makes the sentence very consistent with / a natural interpretation of the picture.,2 = Low compatibility. The final word is technically plausible but would not be commonly associated with the picture / it would be unusual or difficult to reconcile this sentence with the picture.,5 = Very compatible. The final word makes the sentence very consistent with / a natural interpretation of the picture.,3 = Uncertain. The final word provides weak / ambiguous / mixed evidence for the picture.,1 = Not compatible at all. The final word is clearly inconsistent with / unrelated to / contradicts the picture.,3 = Uncertain. The final word provides weak / ambiguous / mixed evidence for the picture.,3 = Uncertain. The final word provides weak / ambiguous / mixed evidence for the picture.,1 = Not compatible at all. The final word is clearly inconsistent with / unrelated to / contradicts the picture.,5 = Very compatible. The final word makes the sentence very consistent with / a natural interpretation of the picture.,5 = Very compatible. The final word makes the sentence very consistent with / a natural interpretation of the picture.,5 = Very compatible. The final word makes the sentence very consistent with / a natural interpretation of the picture.,5 = Very compatible. The final word makes the sentence very consistent with / a natural interpretation of the picture.,1 = Not compatible at all. The final word is clearly inconsistent with / unrelated to / contradicts the picture.,5 = Very compatible. The final word makes the sentence very consistent with / a natural interpretation of the picture.,5 = Very compatible. The final word makes the sentence very consistent with / a natural interpretation of the picture.,5 = Very compatible. The final word makes the sentence very consistent with / a natural interpretation of the picture.,1 = Not compatible at all. The final word is clearly inconsistent with / unrelated to / contradicts the picture.,5 = Very compatible. The final word makes the sentence very consistent with / a natural interpretation of the picture.,5 = Very compatible. The final word makes the sentence very consistent with / a natural interpretation of the picture.,1 = Not compatible at all. The final word is clearly inconsistent with / unrelated to / contradicts the picture.,,,,,,,,,,
2026-07-20 19:18:35,2026-07-20 19:20:46,IP Address,*******,25,130,False,2026-07-27 19:20:48,R_7rT43VFGm3FLtvi,*******,*******,*******,*******,*******,*******,anonymous,EN,1 = Not compatible at all. The final word is clearly inconsistent with / unrelated to / contradicts the picture.,5 = Very compatible. The final word makes the sentence very consistent with / a natural interpretation of the picture.,5 = Very compatible. The final word makes the sentence very consistent with / a natural interpretation of the picture.,4 = Compatible. The final word makes the sentence a reasonable interpretation of the picture.,3 = Uncertain. The final word provides weak / ambiguous / mixed evidence for the picture.,1 = Not compatible at all. The final word is clearly inconsistent with / unrelated to / contradicts the picture.,1 = Not compatible at all. The final word is clearly inconsistent with / unrelated to / contradicts the picture.,1 = Not compatible at all. The final word is clearly inconsistent with / unrelated to / contradicts the picture.,5 = Very compatible. The final word makes the sentence very consistent with / a natural interpretation of the picture.,5 = Very compatible. The final word makes the sentence very consistent with / a natural interpretation of the picture.,2 = Low compatibility. The final word is technically plausible but would not be commonly associated with the picture / it would be unusual or difficult to reconcile this sentence with the picture.,2 = Low compatibility. The final word is technically plausible but would not be commonly associated with the picture / it would be unusual or difficult to reconcile this sentence with the picture.,2 = Low compatibility. The final word is technically plausible but would not be commonly associated with the picture / it would be unusual or difficult to reconcile this sentence with the picture.,4 = Compatible. The final word makes the sentence a reasonable interpretation of the picture.,1 = Not compatible at all. The final word is clearly inconsistent with / unrelated to / contradicts the picture.,5 = Very compatible. The final word makes the sentence very consistent with / a natural interpretation of the picture.,1 = Not compatible at all. The final word is clearly inconsistent with / unrelated to / contradicts the picture.,3 = Uncertain. The final word provides weak / ambiguous / mixed evidence for the picture.,5 = Very compatible. The final word makes the sentence very consistent with / a natural interpretation of the picture.,2 = Low compatibility. The final word is technically plausible but would not be commonly associated with the picture / it would be unusual or difficult to reconcile this sentence with the picture.,,,,,,,,,,,,,,,,,,,,,,,,,,,,,,,,,,,,,,,,,,,,,,,,,,,,,,,,,,,,
