StartDate,EndDate,Status,IPAddress,Progress,Duration (in seconds),Finished,RecordedDate,ResponseId,RecipientLastName,RecipientFirstName,RecipientEmail,ExternalReference,LocationLatitude,LocationLongitude,DistributionChannel,UserLanguage,SD_Q1,SD_Q2,SD_Q3,SD_Q4,SD_Q5,SD_Q6,SD_Q7,SD_Q8,SD_Q9,SD_Q10,SD_Q11,SD_Q12,SD_Q13,SD_Q14,SD_Q15,SD_Q16,SD_Q17,SD_Q18,SD_Q19,SD_Q20,SD_Q21,SD_Q22,SD_Q23,SD_Q24,SD_Q25,SD_Q26,SD_Q27,SD_Q28,SD_Q29,SD_Q30,SD_Q31,SD_Q32,SD_Q33,SD_Q34,SD_Q35,SD_Q36,SD_Q37,SD_Q38,SD_Q39,SD_Q40,SD_Q41,SD_Q42,SD_Q43,SD_Q44,SD_Q45,SD_Q46,SD_Q47,SD_Q48,SD_Q49,SD_Q50,SD_Q51,SD_Q52,SD_Q53,SD_Q54,SD_Q55,SD_Q56,SD_Q57,SD_Q58,SD_Q59,SD_Q60,SD_Q61,SD_Q62,SD_Q63,SD_Q64,SD_Q65,SD_Q66,SD_Q67,SD_Q68,SD_Q69,SD_Q70,SD_Q71,SD_Q72,SD_Q73,SD_Q74,SD_Q75,SD_Q76,SD_Q77,SD_Q78,SD_Q79,SD_Q80
Start Date,End Date,Response Type,IP Address,Progress,Duration (in seconds),Finished,Recorded Date,Response ID,Recipient Last Name,Recipient First Name,Recipient Email,External Data Reference,Location Latitude,Location Longitude,Distribution Channel,User Language,"Sentence


The kids played in the playroom.","Sentence


He changed into his uniform.","Sentence


She was looking for a waiter.","Sentence


She held her hands excitedly.","Sentence


She listened as her parents' sang.","Sentence


He was glad he did not forget his passport.","Sentence


She was taking a selfie.","Sentence


They were making pizza.","Sentence


She didn't want to go to jail.","Sentence


After many months, she was excited to finally see her niece.","Sentence


They got along in preschool.","Sentence


She looked over disapprovingly.","Sentence


The meeting quickly reached a consensus.","Sentence


She was experiencing an intense migraine.","Sentence


She put on her favorite song.","Sentence


She was changing her tire.","Sentence


He noticed she was being very playful.","Sentence


The cat leaped towards the sofa.","Sentence


Realizing the time, she hurried towards the terminal.","Sentence


She received the news about the celebration.","Sentence


He walked out of the interview depressed.","Sentence


He was so tired he fell asleep during the commute.","Sentence


She was glad she wore her overcoat.","Sentence


They were watching the cartoon.","Sentence


She was looking for a drink.","Sentence


She was looking for her keys.","Sentence


She was getting ready for her operation.","Sentence


He liked to spend time with his roommate.","Sentence


She was getting ready to go play in the pool.","Sentence


He was looking for a beer.","Sentence


He was being interrogated.","Sentence


She was excited to watch the sunrise.","Sentence


At the party, she was shy.","Sentence


Upon arriving, she realized she forgot to bring her calculator.","Sentence


She called to say she was on the road stuck in the snowstorm.","Sentence


Everyone stared because she was naked.","Sentence


The crowd was overcome with outrage.","Sentence


She looked around but could not find her sock.","Sentence


She spent months preparing for the exam.","Sentence


They chatted at the banquet.","Sentence


He was experiencing feelings of great distress.","Sentence


He had a conversation with his grandkid.","Sentence


Hearing the news, he could not hide his delight.","Sentence


When she opened the exam, she felt hopeless.","Sentence


She changed into her gown.","Sentence


He had been looking forward to see the game.","Sentence


At the family gathering, she told them about her engagement.","Sentence


His comment made her offended.","Sentence


He was talking with his teacher.","Sentence


He had another round of golf.","Sentence


He needed to make the deadline.","Sentence


He was arguing with his brother.","Sentence


She was struggling with alcoholism.","Sentence


The kids played in the bedroom.","Sentence


She came home for the funeral.","Sentence


He listened to the lullaby.","Sentence


She needed to put everything in the library.","Sentence


She was building a sandcastle.","Sentence


He realized he was out of cash.","Sentence


When she opened her grade, she was overjoyed.","Sentence


She found out about his affair.","Sentence


His employer gave him words of encouragement.","Sentence


I looked around the store for headphones.","Sentence


As he got older, he felt more lonely.","Sentence


She handed me the menu.","Sentence


Every morning, she warmly greets the patients.","Sentence


They were looking at the bride.","Sentence


They lined up for sentencing.","Sentence


They cheered loudly for the racers.","Sentence


He gestured from his car angrily.","Sentence


He couldn't believe he had gotten fired.","Sentence


He struggled with homework.","Sentence


He couldn't hold back his frustration.","Sentence


She was very close to her father.","Sentence


He needed his coffee.","Sentence


Over the course of the semester, she lost a lot of friends.","Sentence


He looked at me in a way that felt accusatory.","Sentence


She was planning for her playdate.","Sentence


Hearing his words, she was reassured.","Sentence


I rushed right over after hearing about his stroke."
"{""ImportId"":""startDate"",""timeZone"":""America/Denver""}","{""ImportId"":""endDate"",""timeZone"":""America/Denver""}","{""ImportId"":""status""}","{""ImportId"":""ipAddress""}","{""ImportId"":""progress""}","{""ImportId"":""duration""}","{""ImportId"":""finished""}","{""ImportId"":""recordedDate"",""timeZone"":""America/Denver""}","{""ImportId"":""_recordId""}","{""ImportId"":""recipientLastName""}","{""ImportId"":""recipientFirstName""}","{""ImportId"":""recipientEmail""}","{""ImportId"":""externalDataReference""}","{""ImportId"":""locationLatitude""}","{""ImportId"":""locationLongitude""}","{""ImportId"":""distributionChannel""}","{""ImportId"":""userLanguage""}","{""ImportId"":""QID1001""}","{""ImportId"":""QID1002""}","{""ImportId"":""QID1003""}","{""ImportId"":""QID1004""}","{""ImportId"":""QID1005""}","{""ImportId"":""QID1006""}","{""ImportId"":""QID1007""}","{""ImportId"":""QID1008""}","{""ImportId"":""QID1009""}","{""ImportId"":""QID1010""}","{""ImportId"":""QID1011""}","{""ImportId"":""QID1012""}","{""ImportId"":""QID1013""}","{""ImportId"":""QID1014""}","{""ImportId"":""QID1015""}","{""ImportId"":""QID1016""}","{""ImportId"":""QID1017""}","{""ImportId"":""QID1018""}","{""ImportId"":""QID1019""}","{""ImportId"":""QID1020""}","{""ImportId"":""QID1021""}","{""ImportId"":""QID1022""}","{""ImportId"":""QID1023""}","{""ImportId"":""QID1024""}","{""ImportId"":""QID1025""}","{""ImportId"":""QID1026""}","{""ImportId"":""QID1027""}","{""ImportId"":""QID1028""}","{""ImportId"":""QID1029""}","{""ImportId"":""QID1030""}","{""ImportId"":""QID1031""}","{""ImportId"":""QID1032""}","{""ImportId"":""QID1033""}","{""ImportId"":""QID1034""}","{""ImportId"":""QID1035""}","{""ImportId"":""QID1036""}","{""ImportId"":""QID1037""}","{""ImportId"":""QID1038""}","{""ImportId"":""QID1039""}","{""ImportId"":""QID1040""}","{""ImportId"":""QID1041""}","{""ImportId"":""QID1042""}","{""ImportId"":""QID1043""}","{""ImportId"":""QID1044""}","{""ImportId"":""QID1045""}","{""ImportId"":""QID1046""}","{""ImportId"":""QID1047""}","{""ImportId"":""QID1048""}","{""ImportId"":""QID1049""}","{""ImportId"":""QID1050""}","{""ImportId"":""QID1051""}","{""ImportId"":""QID1052""}","{""ImportId"":""QID1053""}","{""ImportId"":""QID1054""}","{""ImportId"":""QID1055""}","{""ImportId"":""QID1056""}","{""ImportId"":""QID1057""}","{""ImportId"":""QID1058""}","{""ImportId"":""QID1059""}","{""ImportId"":""QID1060""}","{""ImportId"":""QID1061""}","{""ImportId"":""QID1062""}","{""ImportId"":""QID1063""}","{""ImportId"":""QID1064""}","{""ImportId"":""QID1065""}","{""ImportId"":""QID1066""}","{""ImportId"":""QID1067""}","{""ImportId"":""QID1068""}","{""ImportId"":""QID1069""}","{""ImportId"":""QID1070""}","{""ImportId"":""QID1071""}","{""ImportId"":""QID1072""}","{""ImportId"":""QID1073""}","{""ImportId"":""QID1074""}","{""ImportId"":""QID1075""}","{""ImportId"":""QID1076""}","{""ImportId"":""QID1077""}","{""ImportId"":""QID1078""}","{""ImportId"":""QID1079""}","{""ImportId"":""QID1080""}"
2026-07-20 04:16:15,2026-07-20 04:36:29,IP Address,*******,100,1214,True,2026-07-20 04:36:30,R_8rM6H5nGKVFXAT4,*******,*******,*******,*******,*******,*******,anonymous,EN,5 = Very compatible. The final word makes the sentence very consistent with / a natural interpretation of the picture.,5 = Very compatible. The final word makes the sentence very consistent with / a natural interpretation of the picture.,2 = Low compatibility. The final word is technically plausible but would not be commonly associated with the picture / it would be unusual or difficult to reconcile this sentence with the picture.,4 = Compatible. The final word makes the sentence a reasonable interpretation of the picture.,3 = Uncertain. The final word provides weak / ambiguous / mixed evidence for the picture.,4 = Compatible. The final word makes the sentence a reasonable interpretation of the picture.,1 = Not compatible at all. The final word is clearly inconsistent with / unrelated to / contradicts the picture.,1 = Not compatible at all. The final word is clearly inconsistent with / unrelated to / contradicts the picture.,3 = Uncertain. The final word provides weak / ambiguous / mixed evidence for the picture.,3 = Uncertain. The final word provides weak / ambiguous / mixed evidence for the picture.,3 = Uncertain. The final word provides weak / ambiguous / mixed evidence for the picture.,4 = Compatible. The final word makes the sentence a reasonable interpretation of the picture.,3 = Uncertain. The final word provides weak / ambiguous / mixed evidence for the picture.,5 = Very compatible. The final word makes the sentence very consistent with / a natural interpretation of the picture.,2 = Low compatibility. The final word is technically plausible but would not be commonly associated with the picture / it would be unusual or difficult to reconcile this sentence with the picture.,5 = Very compatible. The final word makes the sentence very consistent with / a natural interpretation of the picture.,3 = Uncertain. The final word provides weak / ambiguous / mixed evidence for the picture.,3 = Uncertain. The final word provides weak / ambiguous / mixed evidence for the picture.,4 = Compatible. The final word makes the sentence a reasonable interpretation of the picture.,5 = Very compatible. The final word makes the sentence very consistent with / a natural interpretation of the picture.,4 = Compatible. The final word makes the sentence a reasonable interpretation of the picture.,1 = Not compatible at all. The final word is clearly inconsistent with / unrelated to / contradicts the picture.,2 = Low compatibility. The final word is technically plausible but would not be commonly associated with the picture / it would be unusual or difficult to reconcile this sentence with the picture.,1 = Not compatible at all. The final word is clearly inconsistent with / unrelated to / contradicts the picture.,1 = Not compatible at all. The final word is clearly inconsistent with / unrelated to / contradicts the picture.,1 = Not compatible at all. The final word is clearly inconsistent with / unrelated to / contradicts the picture.,2 = Low compatibility. The final word is technically plausible but would not be commonly associated with the picture / it would be unusual or difficult to reconcile this sentence with the picture.,4 = Compatible. The final word makes the sentence a reasonable interpretation of the picture.,3 = Uncertain. The final word provides weak / ambiguous / mixed evidence for the picture.,1 = Not compatible at all. The final word is clearly inconsistent with / unrelated to / contradicts the picture.,4 = Compatible. The final word makes the sentence a reasonable interpretation of the picture.,2 = Low compatibility. The final word is technically plausible but would not be commonly associated with the picture / it would be unusual or difficult to reconcile this sentence with the picture.,2 = Low compatibility. The final word is technically plausible but would not be commonly associated with the picture / it would be unusual or difficult to reconcile this sentence with the picture.,2 = Low compatibility. The final word is technically plausible but would not be commonly associated with the picture / it would be unusual or difficult to reconcile this sentence with the picture.,1 = Not compatible at all. The final word is clearly inconsistent with / unrelated to / contradicts the picture.,2 = Low compatibility. The final word is technically plausible but would not be commonly associated with the picture / it would be unusual or difficult to reconcile this sentence with the picture.,1 = Not compatible at all. The final word is clearly inconsistent with / unrelated to / contradicts the picture.,4 = Compatible. The final word makes the sentence a reasonable interpretation of the picture.,4 = Compatible. The final word makes the sentence a reasonable interpretation of the picture.,4 = Compatible. The final word makes the sentence a reasonable interpretation of the picture.,5 = Very compatible. The final word makes the sentence very consistent with / a natural interpretation of the picture.,4 = Compatible. The final word makes the sentence a reasonable interpretation of the picture.,4 = Compatible. The final word makes the sentence a reasonable interpretation of the picture.,5 = Very compatible. The final word makes the sentence very consistent with / a natural interpretation of the picture.,5 = Very compatible. The final word makes the sentence very consistent with / a natural interpretation of the picture.,2 = Low compatibility. The final word is technically plausible but would not be commonly associated with the picture / it would be unusual or difficult to reconcile this sentence with the picture.,3 = Uncertain. The final word provides weak / ambiguous / mixed evidence for the picture.,4 = Compatible. The final word makes the sentence a reasonable interpretation of the picture.,3 = Uncertain. The final word provides weak / ambiguous / mixed evidence for the picture.,1 = Not compatible at all. The final word is clearly inconsistent with / unrelated to / contradicts the picture.,3 = Uncertain. The final word provides weak / ambiguous / mixed evidence for the picture.,4 = Compatible. The final word makes the sentence a reasonable interpretation of the picture.,1 = Not compatible at all. The final word is clearly inconsistent with / unrelated to / contradicts the picture.,4 = Compatible. The final word makes the sentence a reasonable interpretation of the picture.,4 = Compatible. The final word makes the sentence a reasonable interpretation of the picture.,4 = Compatible. The final word makes the sentence a reasonable interpretation of the picture.,1 = Not compatible at all. The final word is clearly inconsistent with / unrelated to / contradicts the picture.,4 = Compatible. The final word makes the sentence a reasonable interpretation of the picture.,4 = Compatible. The final word makes the sentence a reasonable interpretation of the picture.,4 = Compatible. The final word makes the sentence a reasonable interpretation of the picture.,2 = Low compatibility. The final word is technically plausible but would not be commonly associated with the picture / it would be unusual or difficult to reconcile this sentence with the picture.,4 = Compatible. The final word makes the sentence a reasonable interpretation of the picture.,5 = Very compatible. The final word makes the sentence very consistent with / a natural interpretation of the picture.,5 = Very compatible. The final word makes the sentence very consistent with / a natural interpretation of the picture.,2 = Low compatibility. The final word is technically plausible but would not be commonly associated with the picture / it would be unusual or difficult to reconcile this sentence with the picture.,5 = Very compatible. The final word makes the sentence very consistent with / a natural interpretation of the picture.,2 = Low compatibility. The final word is technically plausible but would not be commonly associated with the picture / it would be unusual or difficult to reconcile this sentence with the picture.,5 = Very compatible. The final word makes the sentence very consistent with / a natural interpretation of the picture.,2 = Low compatibility. The final word is technically plausible but would not be commonly associated with the picture / it would be unusual or difficult to reconcile this sentence with the picture.,5 = Very compatible. The final word makes the sentence very consistent with / a natural interpretation of the picture.,2 = Low compatibility. The final word is technically plausible but would not be commonly associated with the picture / it would be unusual or difficult to reconcile this sentence with the picture.,5 = Very compatible. The final word makes the sentence very consistent with / a natural interpretation of the picture.,5 = Very compatible. The final word makes the sentence very consistent with / a natural interpretation of the picture.,2 = Low compatibility. The final word is technically plausible but would not be commonly associated with the picture / it would be unusual or difficult to reconcile this sentence with the picture.,5 = Very compatible. The final word makes the sentence very consistent with / a natural interpretation of the picture.,3 = Uncertain. The final word provides weak / ambiguous / mixed evidence for the picture.,2 = Low compatibility. The final word is technically plausible but would not be commonly associated with the picture / it would be unusual or difficult to reconcile this sentence with the picture.,3 = Uncertain. The final word provides weak / ambiguous / mixed evidence for the picture.,3 = Uncertain. The final word provides weak / ambiguous / mixed evidence for the picture.,4 = Compatible. The final word makes the sentence a reasonable interpretation of the picture.
2026-07-20 08:45:14,2026-07-20 08:57:02,IP Address,*******,100,708,True,2026-07-20 08:57:03,R_1cFoeEZ614em8et,*******,*******,*******,*******,*******,*******,anonymous,EN,4 = Compatible. The final word makes the sentence a reasonable interpretation of the picture.,4 = Compatible. The final word makes the sentence a reasonable interpretation of the picture.,2 = Low compatibility. The final word is technically plausible but would not be commonly associated with the picture / it would be unusual or difficult to reconcile this sentence with the picture.,4 = Compatible. The final word makes the sentence a reasonable interpretation of the picture.,3 = Uncertain. The final word provides weak / ambiguous / mixed evidence for the picture.,3 = Uncertain. The final word provides weak / ambiguous / mixed evidence for the picture.,1 = Not compatible at all. The final word is clearly inconsistent with / unrelated to / contradicts the picture.,1 = Not compatible at all. The final word is clearly inconsistent with / unrelated to / contradicts the picture.,2 = Low compatibility. The final word is technically plausible but would not be commonly associated with the picture / it would be unusual or difficult to reconcile this sentence with the picture.,2 = Low compatibility. The final word is technically plausible but would not be commonly associated with the picture / it would be unusual or difficult to reconcile this sentence with the picture.,1 = Not compatible at all. The final word is clearly inconsistent with / unrelated to / contradicts the picture.,4 = Compatible. The final word makes the sentence a reasonable interpretation of the picture.,1 = Not compatible at all. The final word is clearly inconsistent with / unrelated to / contradicts the picture.,4 = Compatible. The final word makes the sentence a reasonable interpretation of the picture.,1 = Not compatible at all. The final word is clearly inconsistent with / unrelated to / contradicts the picture.,5 = Very compatible. The final word makes the sentence very consistent with / a natural interpretation of the picture.,1 = Not compatible at all. The final word is clearly inconsistent with / unrelated to / contradicts the picture.,2 = Low compatibility. The final word is technically plausible but would not be commonly associated with the picture / it would be unusual or difficult to reconcile this sentence with the picture.,4 = Compatible. The final word makes the sentence a reasonable interpretation of the picture.,3 = Uncertain. The final word provides weak / ambiguous / mixed evidence for the picture.,4 = Compatible. The final word makes the sentence a reasonable interpretation of the picture.,1 = Not compatible at all. The final word is clearly inconsistent with / unrelated to / contradicts the picture.,2 = Low compatibility. The final word is technically plausible but would not be commonly associated with the picture / it would be unusual or difficult to reconcile this sentence with the picture.,1 = Not compatible at all. The final word is clearly inconsistent with / unrelated to / contradicts the picture.,1 = Not compatible at all. The final word is clearly inconsistent with / unrelated to / contradicts the picture.,1 = Not compatible at all. The final word is clearly inconsistent with / unrelated to / contradicts the picture.,1 = Not compatible at all. The final word is clearly inconsistent with / unrelated to / contradicts the picture.,3 = Uncertain. The final word provides weak / ambiguous / mixed evidence for the picture.,2 = Low compatibility. The final word is technically plausible but would not be commonly associated with the picture / it would be unusual or difficult to reconcile this sentence with the picture.,1 = Not compatible at all. The final word is clearly inconsistent with / unrelated to / contradicts the picture.,4 = Compatible. The final word makes the sentence a reasonable interpretation of the picture.,2 = Low compatibility. The final word is technically plausible but would not be commonly associated with the picture / it would be unusual or difficult to reconcile this sentence with the picture.,1 = Not compatible at all. The final word is clearly inconsistent with / unrelated to / contradicts the picture.,1 = Not compatible at all. The final word is clearly inconsistent with / unrelated to / contradicts the picture.,1 = Not compatible at all. The final word is clearly inconsistent with / unrelated to / contradicts the picture.,3 = Uncertain. The final word provides weak / ambiguous / mixed evidence for the picture.,1 = Not compatible at all. The final word is clearly inconsistent with / unrelated to / contradicts the picture.,4 = Compatible. The final word makes the sentence a reasonable interpretation of the picture.,4 = Compatible. The final word makes the sentence a reasonable interpretation of the picture.,4 = Compatible. The final word makes the sentence a reasonable interpretation of the picture.,5 = Very compatible. The final word makes the sentence very consistent with / a natural interpretation of the picture.,4 = Compatible. The final word makes the sentence a reasonable interpretation of the picture.,4 = Compatible. The final word makes the sentence a reasonable interpretation of the picture.,5 = Very compatible. The final word makes the sentence very consistent with / a natural interpretation of the picture.,5 = Very compatible. The final word makes the sentence very consistent with / a natural interpretation of the picture.,2 = Low compatibility. The final word is technically plausible but would not be commonly associated with the picture / it would be unusual or difficult to reconcile this sentence with the picture.,2 = Low compatibility. The final word is technically plausible but would not be commonly associated with the picture / it would be unusual or difficult to reconcile this sentence with the picture.,4 = Compatible. The final word makes the sentence a reasonable interpretation of the picture.,3 = Uncertain. The final word provides weak / ambiguous / mixed evidence for the picture.,1 = Not compatible at all. The final word is clearly inconsistent with / unrelated to / contradicts the picture.,1 = Not compatible at all. The final word is clearly inconsistent with / unrelated to / contradicts the picture.,1 = Not compatible at all. The final word is clearly inconsistent with / unrelated to / contradicts the picture.,1 = Not compatible at all. The final word is clearly inconsistent with / unrelated to / contradicts the picture.,5 = Very compatible. The final word makes the sentence very consistent with / a natural interpretation of the picture.,5 = Very compatible. The final word makes the sentence very consistent with / a natural interpretation of the picture.,4 = Compatible. The final word makes the sentence a reasonable interpretation of the picture.,1 = Not compatible at all. The final word is clearly inconsistent with / unrelated to / contradicts the picture.,4 = Compatible. The final word makes the sentence a reasonable interpretation of the picture.,5 = Very compatible. The final word makes the sentence very consistent with / a natural interpretation of the picture.,4 = Compatible. The final word makes the sentence a reasonable interpretation of the picture.,2 = Low compatibility. The final word is technically plausible but would not be commonly associated with the picture / it would be unusual or difficult to reconcile this sentence with the picture.,5 = Very compatible. The final word makes the sentence very consistent with / a natural interpretation of the picture.,4 = Compatible. The final word makes the sentence a reasonable interpretation of the picture.,4 = Compatible. The final word makes the sentence a reasonable interpretation of the picture.,1 = Not compatible at all. The final word is clearly inconsistent with / unrelated to / contradicts the picture.,4 = Compatible. The final word makes the sentence a reasonable interpretation of the picture.,2 = Low compatibility. The final word is technically plausible but would not be commonly associated with the picture / it would be unusual or difficult to reconcile this sentence with the picture.,3 = Uncertain. The final word provides weak / ambiguous / mixed evidence for the picture.,2 = Low compatibility. The final word is technically plausible but would not be commonly associated with the picture / it would be unusual or difficult to reconcile this sentence with the picture.,4 = Compatible. The final word makes the sentence a reasonable interpretation of the picture.,2 = Low compatibility. The final word is technically plausible but would not be commonly associated with the picture / it would be unusual or difficult to reconcile this sentence with the picture.,5 = Very compatible. The final word makes the sentence very consistent with / a natural interpretation of the picture.,4 = Compatible. The final word makes the sentence a reasonable interpretation of the picture.,1 = Not compatible at all. The final word is clearly inconsistent with / unrelated to / contradicts the picture.,4 = Compatible. The final word makes the sentence a reasonable interpretation of the picture.,3 = Uncertain. The final word provides weak / ambiguous / mixed evidence for the picture.,2 = Low compatibility. The final word is technically plausible but would not be commonly associated with the picture / it would be unusual or difficult to reconcile this sentence with the picture.,2 = Low compatibility. The final word is technically plausible but would not be commonly associated with the picture / it would be unusual or difficult to reconcile this sentence with the picture.,1 = Not compatible at all. The final word is clearly inconsistent with / unrelated to / contradicts the picture.,3 = Uncertain. The final word provides weak / ambiguous / mixed evidence for the picture.
2026-07-20 10:11:32,2026-07-20 10:17:32,IP Address,*******,100,360,True,2026-07-20 10:17:33,R_52untDVYKevVQX4,*******,*******,*******,*******,*******,*******,anonymous,EN,4 = Compatible. The final word makes the sentence a reasonable interpretation of the picture.,5 = Very compatible. The final word makes the sentence very consistent with / a natural interpretation of the picture.,1 = Not compatible at all. The final word is clearly inconsistent with / unrelated to / contradicts the picture.,5 = Very compatible. The final word makes the sentence very consistent with / a natural interpretation of the picture.,4 = Compatible. The final word makes the sentence a reasonable interpretation of the picture.,4 = Compatible. The final word makes the sentence a reasonable interpretation of the picture.,1 = Not compatible at all. The final word is clearly inconsistent with / unrelated to / contradicts the picture.,1 = Not compatible at all. The final word is clearly inconsistent with / unrelated to / contradicts the picture.,2 = Low compatibility. The final word is technically plausible but would not be commonly associated with the picture / it would be unusual or difficult to reconcile this sentence with the picture.,2 = Low compatibility. The final word is technically plausible but would not be commonly associated with the picture / it would be unusual or difficult to reconcile this sentence with the picture.,1 = Not compatible at all. The final word is clearly inconsistent with / unrelated to / contradicts the picture.,4 = Compatible. The final word makes the sentence a reasonable interpretation of the picture.,1 = Not compatible at all. The final word is clearly inconsistent with / unrelated to / contradicts the picture.,5 = Very compatible. The final word makes the sentence very consistent with / a natural interpretation of the picture.,2 = Low compatibility. The final word is technically plausible but would not be commonly associated with the picture / it would be unusual or difficult to reconcile this sentence with the picture.,5 = Very compatible. The final word makes the sentence very consistent with / a natural interpretation of the picture.,1 = Not compatible at all. The final word is clearly inconsistent with / unrelated to / contradicts the picture.,2 = Low compatibility. The final word is technically plausible but would not be commonly associated with the picture / it would be unusual or difficult to reconcile this sentence with the picture.,5 = Very compatible. The final word makes the sentence very consistent with / a natural interpretation of the picture.,4 = Compatible. The final word makes the sentence a reasonable interpretation of the picture.,5 = Very compatible. The final word makes the sentence very consistent with / a natural interpretation of the picture.,1 = Not compatible at all. The final word is clearly inconsistent with / unrelated to / contradicts the picture.,4 = Compatible. The final word makes the sentence a reasonable interpretation of the picture.,1 = Not compatible at all. The final word is clearly inconsistent with / unrelated to / contradicts the picture.,2 = Low compatibility. The final word is technically plausible but would not be commonly associated with the picture / it would be unusual or difficult to reconcile this sentence with the picture.,1 = Not compatible at all. The final word is clearly inconsistent with / unrelated to / contradicts the picture.,1 = Not compatible at all. The final word is clearly inconsistent with / unrelated to / contradicts the picture.,5 = Very compatible. The final word makes the sentence very consistent with / a natural interpretation of the picture.,2 = Low compatibility. The final word is technically plausible but would not be commonly associated with the picture / it would be unusual or difficult to reconcile this sentence with the picture.,1 = Not compatible at all. The final word is clearly inconsistent with / unrelated to / contradicts the picture.,5 = Very compatible. The final word makes the sentence very consistent with / a natural interpretation of the picture.,2 = Low compatibility. The final word is technically plausible but would not be commonly associated with the picture / it would be unusual or difficult to reconcile this sentence with the picture.,1 = Not compatible at all. The final word is clearly inconsistent with / unrelated to / contradicts the picture.,1 = Not compatible at all. The final word is clearly inconsistent with / unrelated to / contradicts the picture.,1 = Not compatible at all. The final word is clearly inconsistent with / unrelated to / contradicts the picture.,4 = Compatible. The final word makes the sentence a reasonable interpretation of the picture.,1 = Not compatible at all. The final word is clearly inconsistent with / unrelated to / contradicts the picture.,4 = Compatible. The final word makes the sentence a reasonable interpretation of the picture.,4 = Compatible. The final word makes the sentence a reasonable interpretation of the picture.,5 = Very compatible. The final word makes the sentence very consistent with / a natural interpretation of the picture.,5 = Very compatible. The final word makes the sentence very consistent with / a natural interpretation of the picture.,5 = Very compatible. The final word makes the sentence very consistent with / a natural interpretation of the picture.,5 = Very compatible. The final word makes the sentence very consistent with / a natural interpretation of the picture.,5 = Very compatible. The final word makes the sentence very consistent with / a natural interpretation of the picture.,5 = Very compatible. The final word makes the sentence very consistent with / a natural interpretation of the picture.,2 = Low compatibility. The final word is technically plausible but would not be commonly associated with the picture / it would be unusual or difficult to reconcile this sentence with the picture.,1 = Not compatible at all. The final word is clearly inconsistent with / unrelated to / contradicts the picture.,5 = Very compatible. The final word makes the sentence very consistent with / a natural interpretation of the picture.,1 = Not compatible at all. The final word is clearly inconsistent with / unrelated to / contradicts the picture.,1 = Not compatible at all. The final word is clearly inconsistent with / unrelated to / contradicts the picture.,3 = Uncertain. The final word provides weak / ambiguous / mixed evidence for the picture.,1 = Not compatible at all. The final word is clearly inconsistent with / unrelated to / contradicts the picture.,2 = Low compatibility. The final word is technically plausible but would not be commonly associated with the picture / it would be unusual or difficult to reconcile this sentence with the picture.,5 = Very compatible. The final word makes the sentence very consistent with / a natural interpretation of the picture.,5 = Very compatible. The final word makes the sentence very consistent with / a natural interpretation of the picture.,5 = Very compatible. The final word makes the sentence very consistent with / a natural interpretation of the picture.,1 = Not compatible at all. The final word is clearly inconsistent with / unrelated to / contradicts the picture.,5 = Very compatible. The final word makes the sentence very consistent with / a natural interpretation of the picture.,5 = Very compatible. The final word makes the sentence very consistent with / a natural interpretation of the picture.,5 = Very compatible. The final word makes the sentence very consistent with / a natural interpretation of the picture.,1 = Not compatible at all. The final word is clearly inconsistent with / unrelated to / contradicts the picture.,5 = Very compatible. The final word makes the sentence very consistent with / a natural interpretation of the picture.,4 = Compatible. The final word makes the sentence a reasonable interpretation of the picture.,5 = Very compatible. The final word makes the sentence very consistent with / a natural interpretation of the picture.,1 = Not compatible at all. The final word is clearly inconsistent with / unrelated to / contradicts the picture.,5 = Very compatible. The final word makes the sentence very consistent with / a natural interpretation of the picture.,2 = Low compatibility. The final word is technically plausible but would not be commonly associated with the picture / it would be unusual or difficult to reconcile this sentence with the picture.,4 = Compatible. The final word makes the sentence a reasonable interpretation of the picture.,2 = Low compatibility. The final word is technically plausible but would not be commonly associated with the picture / it would be unusual or difficult to reconcile this sentence with the picture.,5 = Very compatible. The final word makes the sentence very consistent with / a natural interpretation of the picture.,2 = Low compatibility. The final word is technically plausible but would not be commonly associated with the picture / it would be unusual or difficult to reconcile this sentence with the picture.,5 = Very compatible. The final word makes the sentence very consistent with / a natural interpretation of the picture.,5 = Very compatible. The final word makes the sentence very consistent with / a natural interpretation of the picture.,1 = Not compatible at all. The final word is clearly inconsistent with / unrelated to / contradicts the picture.,5 = Very compatible. The final word makes the sentence very consistent with / a natural interpretation of the picture.,3 = Uncertain. The final word provides weak / ambiguous / mixed evidence for the picture.,1 = Not compatible at all. The final word is clearly inconsistent with / unrelated to / contradicts the picture.,2 = Low compatibility. The final word is technically plausible but would not be commonly associated with the picture / it would be unusual or difficult to reconcile this sentence with the picture.,1 = Not compatible at all. The final word is clearly inconsistent with / unrelated to / contradicts the picture.,1 = Not compatible at all. The final word is clearly inconsistent with / unrelated to / contradicts the picture.
2026-07-20 17:03:15,2026-07-20 17:19:32,IP Address,*******,100,977,True,2026-07-20 17:19:33,R_5zcEKOO6jpxyitV,*******,*******,*******,*******,*******,*******,anonymous,EN,4 = Compatible. The final word makes the sentence a reasonable interpretation of the picture.,5 = Very compatible. The final word makes the sentence very consistent with / a natural interpretation of the picture.,1 = Not compatible at all. The final word is clearly inconsistent with / unrelated to / contradicts the picture.,5 = Very compatible. The final word makes the sentence very consistent with / a natural interpretation of the picture.,4 = Compatible. The final word makes the sentence a reasonable interpretation of the picture.,2 = Low compatibility. The final word is technically plausible but would not be commonly associated with the picture / it would be unusual or difficult to reconcile this sentence with the picture.,1 = Not compatible at all. The final word is clearly inconsistent with / unrelated to / contradicts the picture.,1 = Not compatible at all. The final word is clearly inconsistent with / unrelated to / contradicts the picture.,2 = Low compatibility. The final word is technically plausible but would not be commonly associated with the picture / it would be unusual or difficult to reconcile this sentence with the picture.,3 = Uncertain. The final word provides weak / ambiguous / mixed evidence for the picture.,1 = Not compatible at all. The final word is clearly inconsistent with / unrelated to / contradicts the picture.,4 = Compatible. The final word makes the sentence a reasonable interpretation of the picture.,1 = Not compatible at all. The final word is clearly inconsistent with / unrelated to / contradicts the picture.,4 = Compatible. The final word makes the sentence a reasonable interpretation of the picture.,1 = Not compatible at all. The final word is clearly inconsistent with / unrelated to / contradicts the picture.,5 = Very compatible. The final word makes the sentence very consistent with / a natural interpretation of the picture.,3 = Uncertain. The final word provides weak / ambiguous / mixed evidence for the picture.,1 = Not compatible at all. The final word is clearly inconsistent with / unrelated to / contradicts the picture.,4 = Compatible. The final word makes the sentence a reasonable interpretation of the picture.,4 = Compatible. The final word makes the sentence a reasonable interpretation of the picture.,3 = Uncertain. The final word provides weak / ambiguous / mixed evidence for the picture.,1 = Not compatible at all. The final word is clearly inconsistent with / unrelated to / contradicts the picture.,4 = Compatible. The final word makes the sentence a reasonable interpretation of the picture.,1 = Not compatible at all. The final word is clearly inconsistent with / unrelated to / contradicts the picture.,1 = Not compatible at all. The final word is clearly inconsistent with / unrelated to / contradicts the picture.,1 = Not compatible at all. The final word is clearly inconsistent with / unrelated to / contradicts the picture.,1 = Not compatible at all. The final word is clearly inconsistent with / unrelated to / contradicts the picture.,4 = Compatible. The final word makes the sentence a reasonable interpretation of the picture.,1 = Not compatible at all. The final word is clearly inconsistent with / unrelated to / contradicts the picture.,1 = Not compatible at all. The final word is clearly inconsistent with / unrelated to / contradicts the picture.,4 = Compatible. The final word makes the sentence a reasonable interpretation of the picture.,1 = Not compatible at all. The final word is clearly inconsistent with / unrelated to / contradicts the picture.,1 = Not compatible at all. The final word is clearly inconsistent with / unrelated to / contradicts the picture.,1 = Not compatible at all. The final word is clearly inconsistent with / unrelated to / contradicts the picture.,2 = Low compatibility. The final word is technically plausible but would not be commonly associated with the picture / it would be unusual or difficult to reconcile this sentence with the picture.,4 = Compatible. The final word makes the sentence a reasonable interpretation of the picture.,1 = Not compatible at all. The final word is clearly inconsistent with / unrelated to / contradicts the picture.,4 = Compatible. The final word makes the sentence a reasonable interpretation of the picture.,5 = Very compatible. The final word makes the sentence very consistent with / a natural interpretation of the picture.,4 = Compatible. The final word makes the sentence a reasonable interpretation of the picture.,4 = Compatible. The final word makes the sentence a reasonable interpretation of the picture.,4 = Compatible. The final word makes the sentence a reasonable interpretation of the picture.,5 = Very compatible. The final word makes the sentence very consistent with / a natural interpretation of the picture.,4 = Compatible. The final word makes the sentence a reasonable interpretation of the picture.,5 = Very compatible. The final word makes the sentence very consistent with / a natural interpretation of the picture.,2 = Low compatibility. The final word is technically plausible but would not be commonly associated with the picture / it would be unusual or difficult to reconcile this sentence with the picture.,2 = Low compatibility. The final word is technically plausible but would not be commonly associated with the picture / it would be unusual or difficult to reconcile this sentence with the picture.,4 = Compatible. The final word makes the sentence a reasonable interpretation of the picture.,4 = Compatible. The final word makes the sentence a reasonable interpretation of the picture.,1 = Not compatible at all. The final word is clearly inconsistent with / unrelated to / contradicts the picture.,3 = Uncertain. The final word provides weak / ambiguous / mixed evidence for the picture.,1 = Not compatible at all. The final word is clearly inconsistent with / unrelated to / contradicts the picture.,3 = Uncertain. The final word provides weak / ambiguous / mixed evidence for the picture.,5 = Very compatible. The final word makes the sentence very consistent with / a natural interpretation of the picture.,5 = Very compatible. The final word makes the sentence very consistent with / a natural interpretation of the picture.,4 = Compatible. The final word makes the sentence a reasonable interpretation of the picture.,1 = Not compatible at all. The final word is clearly inconsistent with / unrelated to / contradicts the picture.,4 = Compatible. The final word makes the sentence a reasonable interpretation of the picture.,4 = Compatible. The final word makes the sentence a reasonable interpretation of the picture.,5 = Very compatible. The final word makes the sentence very consistent with / a natural interpretation of the picture.,1 = Not compatible at all. The final word is clearly inconsistent with / unrelated to / contradicts the picture.,4 = Compatible. The final word makes the sentence a reasonable interpretation of the picture.,4 = Compatible. The final word makes the sentence a reasonable interpretation of the picture.,4 = Compatible. The final word makes the sentence a reasonable interpretation of the picture.,1 = Not compatible at all. The final word is clearly inconsistent with / unrelated to / contradicts the picture.,5 = Very compatible. The final word makes the sentence very consistent with / a natural interpretation of the picture.,1 = Not compatible at all. The final word is clearly inconsistent with / unrelated to / contradicts the picture.,5 = Very compatible. The final word makes the sentence very consistent with / a natural interpretation of the picture.,1 = Not compatible at all. The final word is clearly inconsistent with / unrelated to / contradicts the picture.,4 = Compatible. The final word makes the sentence a reasonable interpretation of the picture.,2 = Low compatibility. The final word is technically plausible but would not be commonly associated with the picture / it would be unusual or difficult to reconcile this sentence with the picture.,4 = Compatible. The final word makes the sentence a reasonable interpretation of the picture.,4 = Compatible. The final word makes the sentence a reasonable interpretation of the picture.,1 = Not compatible at all. The final word is clearly inconsistent with / unrelated to / contradicts the picture.,5 = Very compatible. The final word makes the sentence very consistent with / a natural interpretation of the picture.,4 = Compatible. The final word makes the sentence a reasonable interpretation of the picture.,1 = Not compatible at all. The final word is clearly inconsistent with / unrelated to / contradicts the picture.,2 = Low compatibility. The final word is technically plausible but would not be commonly associated with the picture / it would be unusual or difficult to reconcile this sentence with the picture.,1 = Not compatible at all. The final word is clearly inconsistent with / unrelated to / contradicts the picture.,2 = Low compatibility. The final word is technically plausible but would not be commonly associated with the picture / it would be unusual or difficult to reconcile this sentence with the picture.
2026-07-20 19:48:29,2026-07-20 19:57:40,IP Address,*******,100,551,True,2026-07-20 19:57:41,R_3gUO8iVFz9VWPlP,*******,*******,*******,*******,*******,*******,anonymous,EN,5 = Very compatible. The final word makes the sentence very consistent with / a natural interpretation of the picture.,3 = Uncertain. The final word provides weak / ambiguous / mixed evidence for the picture.,2 = Low compatibility. The final word is technically plausible but would not be commonly associated with the picture / it would be unusual or difficult to reconcile this sentence with the picture.,5 = Very compatible. The final word makes the sentence very consistent with / a natural interpretation of the picture.,3 = Uncertain. The final word provides weak / ambiguous / mixed evidence for the picture.,3 = Uncertain. The final word provides weak / ambiguous / mixed evidence for the picture.,1 = Not compatible at all. The final word is clearly inconsistent with / unrelated to / contradicts the picture.,2 = Low compatibility. The final word is technically plausible but would not be commonly associated with the picture / it would be unusual or difficult to reconcile this sentence with the picture.,2 = Low compatibility. The final word is technically plausible but would not be commonly associated with the picture / it would be unusual or difficult to reconcile this sentence with the picture.,3 = Uncertain. The final word provides weak / ambiguous / mixed evidence for the picture.,2 = Low compatibility. The final word is technically plausible but would not be commonly associated with the picture / it would be unusual or difficult to reconcile this sentence with the picture.,4 = Compatible. The final word makes the sentence a reasonable interpretation of the picture.,2 = Low compatibility. The final word is technically plausible but would not be commonly associated with the picture / it would be unusual or difficult to reconcile this sentence with the picture.,4 = Compatible. The final word makes the sentence a reasonable interpretation of the picture.,3 = Uncertain. The final word provides weak / ambiguous / mixed evidence for the picture.,5 = Very compatible. The final word makes the sentence very consistent with / a natural interpretation of the picture.,2 = Low compatibility. The final word is technically plausible but would not be commonly associated with the picture / it would be unusual or difficult to reconcile this sentence with the picture.,2 = Low compatibility. The final word is technically plausible but would not be commonly associated with the picture / it would be unusual or difficult to reconcile this sentence with the picture.,4 = Compatible. The final word makes the sentence a reasonable interpretation of the picture.,4 = Compatible. The final word makes the sentence a reasonable interpretation of the picture.,4 = Compatible. The final word makes the sentence a reasonable interpretation of the picture.,1 = Not compatible at all. The final word is clearly inconsistent with / unrelated to / contradicts the picture.,4 = Compatible. The final word makes the sentence a reasonable interpretation of the picture.,1 = Not compatible at all. The final word is clearly inconsistent with / unrelated to / contradicts the picture.,1 = Not compatible at all. The final word is clearly inconsistent with / unrelated to / contradicts the picture.,2 = Low compatibility. The final word is technically plausible but would not be commonly associated with the picture / it would be unusual or difficult to reconcile this sentence with the picture.,1 = Not compatible at all. The final word is clearly inconsistent with / unrelated to / contradicts the picture.,4 = Compatible. The final word makes the sentence a reasonable interpretation of the picture.,1 = Not compatible at all. The final word is clearly inconsistent with / unrelated to / contradicts the picture.,1 = Not compatible at all. The final word is clearly inconsistent with / unrelated to / contradicts the picture.,4 = Compatible. The final word makes the sentence a reasonable interpretation of the picture.,1 = Not compatible at all. The final word is clearly inconsistent with / unrelated to / contradicts the picture.,2 = Low compatibility. The final word is technically plausible but would not be commonly associated with the picture / it would be unusual or difficult to reconcile this sentence with the picture.,2 = Low compatibility. The final word is technically plausible but would not be commonly associated with the picture / it would be unusual or difficult to reconcile this sentence with the picture.,1 = Not compatible at all. The final word is clearly inconsistent with / unrelated to / contradicts the picture.,4 = Compatible. The final word makes the sentence a reasonable interpretation of the picture.,1 = Not compatible at all. The final word is clearly inconsistent with / unrelated to / contradicts the picture.,4 = Compatible. The final word makes the sentence a reasonable interpretation of the picture.,3 = Uncertain. The final word provides weak / ambiguous / mixed evidence for the picture.,4 = Compatible. The final word makes the sentence a reasonable interpretation of the picture.,5 = Very compatible. The final word makes the sentence very consistent with / a natural interpretation of the picture.,4 = Compatible. The final word makes the sentence a reasonable interpretation of the picture.,4 = Compatible. The final word makes the sentence a reasonable interpretation of the picture.,4 = Compatible. The final word makes the sentence a reasonable interpretation of the picture.,4 = Compatible. The final word makes the sentence a reasonable interpretation of the picture.,3 = Uncertain. The final word provides weak / ambiguous / mixed evidence for the picture.,2 = Low compatibility. The final word is technically plausible but would not be commonly associated with the picture / it would be unusual or difficult to reconcile this sentence with the picture.,4 = Compatible. The final word makes the sentence a reasonable interpretation of the picture.,4 = Compatible. The final word makes the sentence a reasonable interpretation of the picture.,1 = Not compatible at all. The final word is clearly inconsistent with / unrelated to / contradicts the picture.,1 = Not compatible at all. The final word is clearly inconsistent with / unrelated to / contradicts the picture.,1 = Not compatible at all. The final word is clearly inconsistent with / unrelated to / contradicts the picture.,3 = Uncertain. The final word provides weak / ambiguous / mixed evidence for the picture.,5 = Very compatible. The final word makes the sentence very consistent with / a natural interpretation of the picture.,5 = Very compatible. The final word makes the sentence very consistent with / a natural interpretation of the picture.,4 = Compatible. The final word makes the sentence a reasonable interpretation of the picture.,2 = Low compatibility. The final word is technically plausible but would not be commonly associated with the picture / it would be unusual or difficult to reconcile this sentence with the picture.,5 = Very compatible. The final word makes the sentence very consistent with / a natural interpretation of the picture.,5 = Very compatible. The final word makes the sentence very consistent with / a natural interpretation of the picture.,4 = Compatible. The final word makes the sentence a reasonable interpretation of the picture.,2 = Low compatibility. The final word is technically plausible but would not be commonly associated with the picture / it would be unusual or difficult to reconcile this sentence with the picture.,5 = Very compatible. The final word makes the sentence very consistent with / a natural interpretation of the picture.,4 = Compatible. The final word makes the sentence a reasonable interpretation of the picture.,3 = Uncertain. The final word provides weak / ambiguous / mixed evidence for the picture.,1 = Not compatible at all. The final word is clearly inconsistent with / unrelated to / contradicts the picture.,4 = Compatible. The final word makes the sentence a reasonable interpretation of the picture.,3 = Uncertain. The final word provides weak / ambiguous / mixed evidence for the picture.,5 = Very compatible. The final word makes the sentence very consistent with / a natural interpretation of the picture.,2 = Low compatibility. The final word is technically plausible but would not be commonly associated with the picture / it would be unusual or difficult to reconcile this sentence with the picture.,5 = Very compatible. The final word makes the sentence very consistent with / a natural interpretation of the picture.,3 = Uncertain. The final word provides weak / ambiguous / mixed evidence for the picture.,5 = Very compatible. The final word makes the sentence very consistent with / a natural interpretation of the picture.,5 = Very compatible. The final word makes the sentence very consistent with / a natural interpretation of the picture.,2 = Low compatibility. The final word is technically plausible but would not be commonly associated with the picture / it would be unusual or difficult to reconcile this sentence with the picture.,4 = Compatible. The final word makes the sentence a reasonable interpretation of the picture.,3 = Uncertain. The final word provides weak / ambiguous / mixed evidence for the picture.,3 = Uncertain. The final word provides weak / ambiguous / mixed evidence for the picture.,2 = Low compatibility. The final word is technically plausible but would not be commonly associated with the picture / it would be unusual or difficult to reconcile this sentence with the picture.,2 = Low compatibility. The final word is technically plausible but would not be commonly associated with the picture / it would be unusual or difficult to reconcile this sentence with the picture.,4 = Compatible. The final word makes the sentence a reasonable interpretation of the picture.
2026-07-20 23:39:34,2026-07-20 23:48:39,IP Address,*******,100,544,True,2026-07-20 23:48:39,R_9OZtbLT0JRi61rh,*******,*******,*******,*******,*******,*******,anonymous,EN,5 = Very compatible. The final word makes the sentence very consistent with / a natural interpretation of the picture.,5 = Very compatible. The final word makes the sentence very consistent with / a natural interpretation of the picture.,1 = Not compatible at all. The final word is clearly inconsistent with / unrelated to / contradicts the picture.,4 = Compatible. The final word makes the sentence a reasonable interpretation of the picture.,5 = Very compatible. The final word makes the sentence very consistent with / a natural interpretation of the picture.,2 = Low compatibility. The final word is technically plausible but would not be commonly associated with the picture / it would be unusual or difficult to reconcile this sentence with the picture.,2 = Low compatibility. The final word is technically plausible but would not be commonly associated with the picture / it would be unusual or difficult to reconcile this sentence with the picture.,1 = Not compatible at all. The final word is clearly inconsistent with / unrelated to / contradicts the picture.,1 = Not compatible at all. The final word is clearly inconsistent with / unrelated to / contradicts the picture.,2 = Low compatibility. The final word is technically plausible but would not be commonly associated with the picture / it would be unusual or difficult to reconcile this sentence with the picture.,1 = Not compatible at all. The final word is clearly inconsistent with / unrelated to / contradicts the picture.,4 = Compatible. The final word makes the sentence a reasonable interpretation of the picture.,1 = Not compatible at all. The final word is clearly inconsistent with / unrelated to / contradicts the picture.,5 = Very compatible. The final word makes the sentence very consistent with / a natural interpretation of the picture.,1 = Not compatible at all. The final word is clearly inconsistent with / unrelated to / contradicts the picture.,5 = Very compatible. The final word makes the sentence very consistent with / a natural interpretation of the picture.,1 = Not compatible at all. The final word is clearly inconsistent with / unrelated to / contradicts the picture.,1 = Not compatible at all. The final word is clearly inconsistent with / unrelated to / contradicts the picture.,4 = Compatible. The final word makes the sentence a reasonable interpretation of the picture.,5 = Very compatible. The final word makes the sentence very consistent with / a natural interpretation of the picture.,5 = Very compatible. The final word makes the sentence very consistent with / a natural interpretation of the picture.,1 = Not compatible at all. The final word is clearly inconsistent with / unrelated to / contradicts the picture.,2 = Low compatibility. The final word is technically plausible but would not be commonly associated with the picture / it would be unusual or difficult to reconcile this sentence with the picture.,1 = Not compatible at all. The final word is clearly inconsistent with / unrelated to / contradicts the picture.,1 = Not compatible at all. The final word is clearly inconsistent with / unrelated to / contradicts the picture.,1 = Not compatible at all. The final word is clearly inconsistent with / unrelated to / contradicts the picture.,1 = Not compatible at all. The final word is clearly inconsistent with / unrelated to / contradicts the picture.,5 = Very compatible. The final word makes the sentence very consistent with / a natural interpretation of the picture.,1 = Not compatible at all. The final word is clearly inconsistent with / unrelated to / contradicts the picture.,1 = Not compatible at all. The final word is clearly inconsistent with / unrelated to / contradicts the picture.,5 = Very compatible. The final word makes the sentence very consistent with / a natural interpretation of the picture.,1 = Not compatible at all. The final word is clearly inconsistent with / unrelated to / contradicts the picture.,1 = Not compatible at all. The final word is clearly inconsistent with / unrelated to / contradicts the picture.,1 = Not compatible at all. The final word is clearly inconsistent with / unrelated to / contradicts the picture.,1 = Not compatible at all. The final word is clearly inconsistent with / unrelated to / contradicts the picture.,4 = Compatible. The final word makes the sentence a reasonable interpretation of the picture.,1 = Not compatible at all. The final word is clearly inconsistent with / unrelated to / contradicts the picture.,3 = Uncertain. The final word provides weak / ambiguous / mixed evidence for the picture.,4 = Compatible. The final word makes the sentence a reasonable interpretation of the picture.,5 = Very compatible. The final word makes the sentence very consistent with / a natural interpretation of the picture.,5 = Very compatible. The final word makes the sentence very consistent with / a natural interpretation of the picture.,5 = Very compatible. The final word makes the sentence very consistent with / a natural interpretation of the picture.,5 = Very compatible. The final word makes the sentence very consistent with / a natural interpretation of the picture.,5 = Very compatible. The final word makes the sentence very consistent with / a natural interpretation of the picture.,5 = Very compatible. The final word makes the sentence very consistent with / a natural interpretation of the picture.,1 = Not compatible at all. The final word is clearly inconsistent with / unrelated to / contradicts the picture.,2 = Low compatibility. The final word is technically plausible but would not be commonly associated with the picture / it would be unusual or difficult to reconcile this sentence with the picture.,5 = Very compatible. The final word makes the sentence very consistent with / a natural interpretation of the picture.,4 = Compatible. The final word makes the sentence a reasonable interpretation of the picture.,1 = Not compatible at all. The final word is clearly inconsistent with / unrelated to / contradicts the picture.,1 = Not compatible at all. The final word is clearly inconsistent with / unrelated to / contradicts the picture.,1 = Not compatible at all. The final word is clearly inconsistent with / unrelated to / contradicts the picture.,1 = Not compatible at all. The final word is clearly inconsistent with / unrelated to / contradicts the picture.,4 = Compatible. The final word makes the sentence a reasonable interpretation of the picture.,5 = Very compatible. The final word makes the sentence very consistent with / a natural interpretation of the picture.,4 = Compatible. The final word makes the sentence a reasonable interpretation of the picture.,1 = Not compatible at all. The final word is clearly inconsistent with / unrelated to / contradicts the picture.,2 = Low compatibility. The final word is technically plausible but would not be commonly associated with the picture / it would be unusual or difficult to reconcile this sentence with the picture.,5 = Very compatible. The final word makes the sentence very consistent with / a natural interpretation of the picture.,4 = Compatible. The final word makes the sentence a reasonable interpretation of the picture.,1 = Not compatible at all. The final word is clearly inconsistent with / unrelated to / contradicts the picture.,5 = Very compatible. The final word makes the sentence very consistent with / a natural interpretation of the picture.,2 = Low compatibility. The final word is technically plausible but would not be commonly associated with the picture / it would be unusual or difficult to reconcile this sentence with the picture.,5 = Very compatible. The final word makes the sentence very consistent with / a natural interpretation of the picture.,1 = Not compatible at all. The final word is clearly inconsistent with / unrelated to / contradicts the picture.,5 = Very compatible. The final word makes the sentence very consistent with / a natural interpretation of the picture.,1 = Not compatible at all. The final word is clearly inconsistent with / unrelated to / contradicts the picture.,5 = Very compatible. The final word makes the sentence very consistent with / a natural interpretation of the picture.,2 = Low compatibility. The final word is technically plausible but would not be commonly associated with the picture / it would be unusual or difficult to reconcile this sentence with the picture.,5 = Very compatible. The final word makes the sentence very consistent with / a natural interpretation of the picture.,1 = Not compatible at all. The final word is clearly inconsistent with / unrelated to / contradicts the picture.,5 = Very compatible. The final word makes the sentence very consistent with / a natural interpretation of the picture.,5 = Very compatible. The final word makes the sentence very consistent with / a natural interpretation of the picture.,1 = Not compatible at all. The final word is clearly inconsistent with / unrelated to / contradicts the picture.,3 = Uncertain. The final word provides weak / ambiguous / mixed evidence for the picture.,2 = Low compatibility. The final word is technically plausible but would not be commonly associated with the picture / it would be unusual or difficult to reconcile this sentence with the picture.,1 = Not compatible at all. The final word is clearly inconsistent with / unrelated to / contradicts the picture.,1 = Not compatible at all. The final word is clearly inconsistent with / unrelated to / contradicts the picture.,1 = Not compatible at all. The final word is clearly inconsistent with / unrelated to / contradicts the picture.,1 = Not compatible at all. The final word is clearly inconsistent with / unrelated to / contradicts the picture.
2026-07-21 17:02:14,2026-07-21 17:10:45,IP Address,*******,100,511,True,2026-07-21 17:10:46,R_5xJE73KEDGkMRVb,*******,*******,*******,*******,*******,*******,anonymous,EN,5 = Very compatible. The final word makes the sentence very consistent with / a natural interpretation of the picture.,5 = Very compatible. The final word makes the sentence very consistent with / a natural interpretation of the picture.,2 = Low compatibility. The final word is technically plausible but would not be commonly associated with the picture / it would be unusual or difficult to reconcile this sentence with the picture.,4 = Compatible. The final word makes the sentence a reasonable interpretation of the picture.,4 = Compatible. The final word makes the sentence a reasonable interpretation of the picture.,2 = Low compatibility. The final word is technically plausible but would not be commonly associated with the picture / it would be unusual or difficult to reconcile this sentence with the picture.,1 = Not compatible at all. The final word is clearly inconsistent with / unrelated to / contradicts the picture.,1 = Not compatible at all. The final word is clearly inconsistent with / unrelated to / contradicts the picture.,2 = Low compatibility. The final word is technically plausible but would not be commonly associated with the picture / it would be unusual or difficult to reconcile this sentence with the picture.,3 = Uncertain. The final word provides weak / ambiguous / mixed evidence for the picture.,2 = Low compatibility. The final word is technically plausible but would not be commonly associated with the picture / it would be unusual or difficult to reconcile this sentence with the picture.,4 = Compatible. The final word makes the sentence a reasonable interpretation of the picture.,2 = Low compatibility. The final word is technically plausible but would not be commonly associated with the picture / it would be unusual or difficult to reconcile this sentence with the picture.,4 = Compatible. The final word makes the sentence a reasonable interpretation of the picture.,2 = Low compatibility. The final word is technically plausible but would not be commonly associated with the picture / it would be unusual or difficult to reconcile this sentence with the picture.,5 = Very compatible. The final word makes the sentence very consistent with / a natural interpretation of the picture.,2 = Low compatibility. The final word is technically plausible but would not be commonly associated with the picture / it would be unusual or difficult to reconcile this sentence with the picture.,2 = Low compatibility. The final word is technically plausible but would not be commonly associated with the picture / it would be unusual or difficult to reconcile this sentence with the picture.,4 = Compatible. The final word makes the sentence a reasonable interpretation of the picture.,3 = Uncertain. The final word provides weak / ambiguous / mixed evidence for the picture.,4 = Compatible. The final word makes the sentence a reasonable interpretation of the picture.,1 = Not compatible at all. The final word is clearly inconsistent with / unrelated to / contradicts the picture.,2 = Low compatibility. The final word is technically plausible but would not be commonly associated with the picture / it would be unusual or difficult to reconcile this sentence with the picture.,1 = Not compatible at all. The final word is clearly inconsistent with / unrelated to / contradicts the picture.,2 = Low compatibility. The final word is technically plausible but would not be commonly associated with the picture / it would be unusual or difficult to reconcile this sentence with the picture.,2 = Low compatibility. The final word is technically plausible but would not be commonly associated with the picture / it would be unusual or difficult to reconcile this sentence with the picture.,2 = Low compatibility. The final word is technically plausible but would not be commonly associated with the picture / it would be unusual or difficult to reconcile this sentence with the picture.,4 = Compatible. The final word makes the sentence a reasonable interpretation of the picture.,2 = Low compatibility. The final word is technically plausible but would not be commonly associated with the picture / it would be unusual or difficult to reconcile this sentence with the picture.,2 = Low compatibility. The final word is technically plausible but would not be commonly associated with the picture / it would be unusual or difficult to reconcile this sentence with the picture.,4 = Compatible. The final word makes the sentence a reasonable interpretation of the picture.,2 = Low compatibility. The final word is technically plausible but would not be commonly associated with the picture / it would be unusual or difficult to reconcile this sentence with the picture.,2 = Low compatibility. The final word is technically plausible but would not be commonly associated with the picture / it would be unusual or difficult to reconcile this sentence with the picture.,1 = Not compatible at all. The final word is clearly inconsistent with / unrelated to / contradicts the picture.,1 = Not compatible at all. The final word is clearly inconsistent with / unrelated to / contradicts the picture.,3 = Uncertain. The final word provides weak / ambiguous / mixed evidence for the picture.,1 = Not compatible at all. The final word is clearly inconsistent with / unrelated to / contradicts the picture.,3 = Uncertain. The final word provides weak / ambiguous / mixed evidence for the picture.,4 = Compatible. The final word makes the sentence a reasonable interpretation of the picture.,4 = Compatible. The final word makes the sentence a reasonable interpretation of the picture.,4 = Compatible. The final word makes the sentence a reasonable interpretation of the picture.,4 = Compatible. The final word makes the sentence a reasonable interpretation of the picture.,4 = Compatible. The final word makes the sentence a reasonable interpretation of the picture.,4 = Compatible. The final word makes the sentence a reasonable interpretation of the picture.,4 = Compatible. The final word makes the sentence a reasonable interpretation of the picture.,2 = Low compatibility. The final word is technically plausible but would not be commonly associated with the picture / it would be unusual or difficult to reconcile this sentence with the picture.,2 = Low compatibility. The final word is technically plausible but would not be commonly associated with the picture / it would be unusual or difficult to reconcile this sentence with the picture.,4 = Compatible. The final word makes the sentence a reasonable interpretation of the picture.,3 = Uncertain. The final word provides weak / ambiguous / mixed evidence for the picture.,2 = Low compatibility. The final word is technically plausible but would not be commonly associated with the picture / it would be unusual or difficult to reconcile this sentence with the picture.,2 = Low compatibility. The final word is technically plausible but would not be commonly associated with the picture / it would be unusual or difficult to reconcile this sentence with the picture.,2 = Low compatibility. The final word is technically plausible but would not be commonly associated with the picture / it would be unusual or difficult to reconcile this sentence with the picture.,3 = Uncertain. The final word provides weak / ambiguous / mixed evidence for the picture.,4 = Compatible. The final word makes the sentence a reasonable interpretation of the picture.,4 = Compatible. The final word makes the sentence a reasonable interpretation of the picture.,3 = Uncertain. The final word provides weak / ambiguous / mixed evidence for the picture.,2 = Low compatibility. The final word is technically plausible but would not be commonly associated with the picture / it would be unusual or difficult to reconcile this sentence with the picture.,3 = Uncertain. The final word provides weak / ambiguous / mixed evidence for the picture.,3 = Uncertain. The final word provides weak / ambiguous / mixed evidence for the picture.,4 = Compatible. The final word makes the sentence a reasonable interpretation of the picture.,2 = Low compatibility. The final word is technically plausible but would not be commonly associated with the picture / it would be unusual or difficult to reconcile this sentence with the picture.,4 = Compatible. The final word makes the sentence a reasonable interpretation of the picture.,3 = Uncertain. The final word provides weak / ambiguous / mixed evidence for the picture.,4 = Compatible. The final word makes the sentence a reasonable interpretation of the picture.,2 = Low compatibility. The final word is technically plausible but would not be commonly associated with the picture / it would be unusual or difficult to reconcile this sentence with the picture.,3 = Uncertain. The final word provides weak / ambiguous / mixed evidence for the picture.,2 = Low compatibility. The final word is technically plausible but would not be commonly associated with the picture / it would be unusual or difficult to reconcile this sentence with the picture.,3 = Uncertain. The final word provides weak / ambiguous / mixed evidence for the picture.,3 = Uncertain. The final word provides weak / ambiguous / mixed evidence for the picture.,4 = Compatible. The final word makes the sentence a reasonable interpretation of the picture.,2 = Low compatibility. The final word is technically plausible but would not be commonly associated with the picture / it would be unusual or difficult to reconcile this sentence with the picture.,4 = Compatible. The final word makes the sentence a reasonable interpretation of the picture.,4 = Compatible. The final word makes the sentence a reasonable interpretation of the picture.,2 = Low compatibility. The final word is technically plausible but would not be commonly associated with the picture / it would be unusual or difficult to reconcile this sentence with the picture.,4 = Compatible. The final word makes the sentence a reasonable interpretation of the picture.,2 = Low compatibility. The final word is technically plausible but would not be commonly associated with the picture / it would be unusual or difficult to reconcile this sentence with the picture.,2 = Low compatibility. The final word is technically plausible but would not be commonly associated with the picture / it would be unusual or difficult to reconcile this sentence with the picture.,1 = Not compatible at all. The final word is clearly inconsistent with / unrelated to / contradicts the picture.,2 = Low compatibility. The final word is technically plausible but would not be commonly associated with the picture / it would be unusual or difficult to reconcile this sentence with the picture.,3 = Uncertain. The final word provides weak / ambiguous / mixed evidence for the picture.
2026-07-22 15:15:38,2026-07-22 15:23:00,IP Address,*******,100,441,True,2026-07-22 15:23:00,R_5wbpMLS2LXTYRFy,*******,*******,*******,*******,*******,*******,anonymous,EN,5 = Very compatible. The final word makes the sentence very consistent with / a natural interpretation of the picture.,4 = Compatible. The final word makes the sentence a reasonable interpretation of the picture.,1 = Not compatible at all. The final word is clearly inconsistent with / unrelated to / contradicts the picture.,5 = Very compatible. The final word makes the sentence very consistent with / a natural interpretation of the picture.,5 = Very compatible. The final word makes the sentence very consistent with / a natural interpretation of the picture.,4 = Compatible. The final word makes the sentence a reasonable interpretation of the picture.,1 = Not compatible at all. The final word is clearly inconsistent with / unrelated to / contradicts the picture.,1 = Not compatible at all. The final word is clearly inconsistent with / unrelated to / contradicts the picture.,2 = Low compatibility. The final word is technically plausible but would not be commonly associated with the picture / it would be unusual or difficult to reconcile this sentence with the picture.,2 = Low compatibility. The final word is technically plausible but would not be commonly associated with the picture / it would be unusual or difficult to reconcile this sentence with the picture.,2 = Low compatibility. The final word is technically plausible but would not be commonly associated with the picture / it would be unusual or difficult to reconcile this sentence with the picture.,4 = Compatible. The final word makes the sentence a reasonable interpretation of the picture.,1 = Not compatible at all. The final word is clearly inconsistent with / unrelated to / contradicts the picture.,5 = Very compatible. The final word makes the sentence very consistent with / a natural interpretation of the picture.,4 = Compatible. The final word makes the sentence a reasonable interpretation of the picture.,5 = Very compatible. The final word makes the sentence very consistent with / a natural interpretation of the picture.,2 = Low compatibility. The final word is technically plausible but would not be commonly associated with the picture / it would be unusual or difficult to reconcile this sentence with the picture.,4 = Compatible. The final word makes the sentence a reasonable interpretation of the picture.,5 = Very compatible. The final word makes the sentence very consistent with / a natural interpretation of the picture.,5 = Very compatible. The final word makes the sentence very consistent with / a natural interpretation of the picture.,5 = Very compatible. The final word makes the sentence very consistent with / a natural interpretation of the picture.,4 = Compatible. The final word makes the sentence a reasonable interpretation of the picture.,2 = Low compatibility. The final word is technically plausible but would not be commonly associated with the picture / it would be unusual or difficult to reconcile this sentence with the picture.,1 = Not compatible at all. The final word is clearly inconsistent with / unrelated to / contradicts the picture.,1 = Not compatible at all. The final word is clearly inconsistent with / unrelated to / contradicts the picture.,1 = Not compatible at all. The final word is clearly inconsistent with / unrelated to / contradicts the picture.,1 = Not compatible at all. The final word is clearly inconsistent with / unrelated to / contradicts the picture.,4 = Compatible. The final word makes the sentence a reasonable interpretation of the picture.,1 = Not compatible at all. The final word is clearly inconsistent with / unrelated to / contradicts the picture.,2 = Low compatibility. The final word is technically plausible but would not be commonly associated with the picture / it would be unusual or difficult to reconcile this sentence with the picture.,5 = Very compatible. The final word makes the sentence very consistent with / a natural interpretation of the picture.,2 = Low compatibility. The final word is technically plausible but would not be commonly associated with the picture / it would be unusual or difficult to reconcile this sentence with the picture.,2 = Low compatibility. The final word is technically plausible but would not be commonly associated with the picture / it would be unusual or difficult to reconcile this sentence with the picture.,1 = Not compatible at all. The final word is clearly inconsistent with / unrelated to / contradicts the picture.,2 = Low compatibility. The final word is technically plausible but would not be commonly associated with the picture / it would be unusual or difficult to reconcile this sentence with the picture.,4 = Compatible. The final word makes the sentence a reasonable interpretation of the picture.,1 = Not compatible at all. The final word is clearly inconsistent with / unrelated to / contradicts the picture.,4 = Compatible. The final word makes the sentence a reasonable interpretation of the picture.,5 = Very compatible. The final word makes the sentence very consistent with / a natural interpretation of the picture.,4 = Compatible. The final word makes the sentence a reasonable interpretation of the picture.,5 = Very compatible. The final word makes the sentence very consistent with / a natural interpretation of the picture.,4 = Compatible. The final word makes the sentence a reasonable interpretation of the picture.,4 = Compatible. The final word makes the sentence a reasonable interpretation of the picture.,4 = Compatible. The final word makes the sentence a reasonable interpretation of the picture.,5 = Very compatible. The final word makes the sentence very consistent with / a natural interpretation of the picture.,2 = Low compatibility. The final word is technically plausible but would not be commonly associated with the picture / it would be unusual or difficult to reconcile this sentence with the picture.,2 = Low compatibility. The final word is technically plausible but would not be commonly associated with the picture / it would be unusual or difficult to reconcile this sentence with the picture.,5 = Very compatible. The final word makes the sentence very consistent with / a natural interpretation of the picture.,2 = Low compatibility. The final word is technically plausible but would not be commonly associated with the picture / it would be unusual or difficult to reconcile this sentence with the picture.,1 = Not compatible at all. The final word is clearly inconsistent with / unrelated to / contradicts the picture.,2 = Low compatibility. The final word is technically plausible but would not be commonly associated with the picture / it would be unusual or difficult to reconcile this sentence with the picture.,2 = Low compatibility. The final word is technically plausible but would not be commonly associated with the picture / it would be unusual or difficult to reconcile this sentence with the picture.,2 = Low compatibility. The final word is technically plausible but would not be commonly associated with the picture / it would be unusual or difficult to reconcile this sentence with the picture.,5 = Very compatible. The final word makes the sentence very consistent with / a natural interpretation of the picture.,5 = Very compatible. The final word makes the sentence very consistent with / a natural interpretation of the picture.,5 = Very compatible. The final word makes the sentence very consistent with / a natural interpretation of the picture.,1 = Not compatible at all. The final word is clearly inconsistent with / unrelated to / contradicts the picture.,4 = Compatible. The final word makes the sentence a reasonable interpretation of the picture.,5 = Very compatible. The final word makes the sentence very consistent with / a natural interpretation of the picture.,4 = Compatible. The final word makes the sentence a reasonable interpretation of the picture.,1 = Not compatible at all. The final word is clearly inconsistent with / unrelated to / contradicts the picture.,4 = Compatible. The final word makes the sentence a reasonable interpretation of the picture.,4 = Compatible. The final word makes the sentence a reasonable interpretation of the picture.,5 = Very compatible. The final word makes the sentence very consistent with / a natural interpretation of the picture.,1 = Not compatible at all. The final word is clearly inconsistent with / unrelated to / contradicts the picture.,4 = Compatible. The final word makes the sentence a reasonable interpretation of the picture.,1 = Not compatible at all. The final word is clearly inconsistent with / unrelated to / contradicts the picture.,5 = Very compatible. The final word makes the sentence very consistent with / a natural interpretation of the picture.,2 = Low compatibility. The final word is technically plausible but would not be commonly associated with the picture / it would be unusual or difficult to reconcile this sentence with the picture.,5 = Very compatible. The final word makes the sentence very consistent with / a natural interpretation of the picture.,3 = Uncertain. The final word provides weak / ambiguous / mixed evidence for the picture.,5 = Very compatible. The final word makes the sentence very consistent with / a natural interpretation of the picture.,5 = Very compatible. The final word makes the sentence very consistent with / a natural interpretation of the picture.,4 = Compatible. The final word makes the sentence a reasonable interpretation of the picture.,5 = Very compatible. The final word makes the sentence very consistent with / a natural interpretation of the picture.,4 = Compatible. The final word makes the sentence a reasonable interpretation of the picture.,2 = Low compatibility. The final word is technically plausible but would not be commonly associated with the picture / it would be unusual or difficult to reconcile this sentence with the picture.,2 = Low compatibility. The final word is technically plausible but would not be commonly associated with the picture / it would be unusual or difficult to reconcile this sentence with the picture.,1 = Not compatible at all. The final word is clearly inconsistent with / unrelated to / contradicts the picture.,2 = Low compatibility. The final word is technically plausible but would not be commonly associated with the picture / it would be unusual or difficult to reconcile this sentence with the picture.
2026-07-23 13:35:33,2026-07-23 13:44:42,IP Address,*******,100,549,True,2026-07-23 13:44:42,R_5flpsKYsz8FK2AZ,*******,*******,*******,*******,*******,*******,anonymous,EN,4 = Compatible. The final word makes the sentence a reasonable interpretation of the picture.,5 = Very compatible. The final word makes the sentence very consistent with / a natural interpretation of the picture.,1 = Not compatible at all. The final word is clearly inconsistent with / unrelated to / contradicts the picture.,4 = Compatible. The final word makes the sentence a reasonable interpretation of the picture.,5 = Very compatible. The final word makes the sentence very consistent with / a natural interpretation of the picture.,5 = Very compatible. The final word makes the sentence very consistent with / a natural interpretation of the picture.,1 = Not compatible at all. The final word is clearly inconsistent with / unrelated to / contradicts the picture.,1 = Not compatible at all. The final word is clearly inconsistent with / unrelated to / contradicts the picture.,1 = Not compatible at all. The final word is clearly inconsistent with / unrelated to / contradicts the picture.,4 = Compatible. The final word makes the sentence a reasonable interpretation of the picture.,1 = Not compatible at all. The final word is clearly inconsistent with / unrelated to / contradicts the picture.,5 = Very compatible. The final word makes the sentence very consistent with / a natural interpretation of the picture.,5 = Very compatible. The final word makes the sentence very consistent with / a natural interpretation of the picture.,5 = Very compatible. The final word makes the sentence very consistent with / a natural interpretation of the picture.,1 = Not compatible at all. The final word is clearly inconsistent with / unrelated to / contradicts the picture.,5 = Very compatible. The final word makes the sentence very consistent with / a natural interpretation of the picture.,1 = Not compatible at all. The final word is clearly inconsistent with / unrelated to / contradicts the picture.,3 = Uncertain. The final word provides weak / ambiguous / mixed evidence for the picture.,5 = Very compatible. The final word makes the sentence very consistent with / a natural interpretation of the picture.,4 = Compatible. The final word makes the sentence a reasonable interpretation of the picture.,4 = Compatible. The final word makes the sentence a reasonable interpretation of the picture.,1 = Not compatible at all. The final word is clearly inconsistent with / unrelated to / contradicts the picture.,4 = Compatible. The final word makes the sentence a reasonable interpretation of the picture.,1 = Not compatible at all. The final word is clearly inconsistent with / unrelated to / contradicts the picture.,1 = Not compatible at all. The final word is clearly inconsistent with / unrelated to / contradicts the picture.,1 = Not compatible at all. The final word is clearly inconsistent with / unrelated to / contradicts the picture.,1 = Not compatible at all. The final word is clearly inconsistent with / unrelated to / contradicts the picture.,4 = Compatible. The final word makes the sentence a reasonable interpretation of the picture.,1 = Not compatible at all. The final word is clearly inconsistent with / unrelated to / contradicts the picture.,1 = Not compatible at all. The final word is clearly inconsistent with / unrelated to / contradicts the picture.,5 = Very compatible. The final word makes the sentence very consistent with / a natural interpretation of the picture.,1 = Not compatible at all. The final word is clearly inconsistent with / unrelated to / contradicts the picture.,1 = Not compatible at all. The final word is clearly inconsistent with / unrelated to / contradicts the picture.,1 = Not compatible at all. The final word is clearly inconsistent with / unrelated to / contradicts the picture.,1 = Not compatible at all. The final word is clearly inconsistent with / unrelated to / contradicts the picture.,5 = Very compatible. The final word makes the sentence very consistent with / a natural interpretation of the picture.,1 = Not compatible at all. The final word is clearly inconsistent with / unrelated to / contradicts the picture.,4 = Compatible. The final word makes the sentence a reasonable interpretation of the picture.,4 = Compatible. The final word makes the sentence a reasonable interpretation of the picture.,5 = Very compatible. The final word makes the sentence very consistent with / a natural interpretation of the picture.,4 = Compatible. The final word makes the sentence a reasonable interpretation of the picture.,5 = Very compatible. The final word makes the sentence very consistent with / a natural interpretation of the picture.,5 = Very compatible. The final word makes the sentence very consistent with / a natural interpretation of the picture.,1 = Not compatible at all. The final word is clearly inconsistent with / unrelated to / contradicts the picture.,5 = Very compatible. The final word makes the sentence very consistent with / a natural interpretation of the picture.,1 = Not compatible at all. The final word is clearly inconsistent with / unrelated to / contradicts the picture.,1 = Not compatible at all. The final word is clearly inconsistent with / unrelated to / contradicts the picture.,1 = Not compatible at all. The final word is clearly inconsistent with / unrelated to / contradicts the picture.,1 = Not compatible at all. The final word is clearly inconsistent with / unrelated to / contradicts the picture.,1 = Not compatible at all. The final word is clearly inconsistent with / unrelated to / contradicts the picture.,1 = Not compatible at all. The final word is clearly inconsistent with / unrelated to / contradicts the picture.,1 = Not compatible at all. The final word is clearly inconsistent with / unrelated to / contradicts the picture.,1 = Not compatible at all. The final word is clearly inconsistent with / unrelated to / contradicts the picture.,5 = Very compatible. The final word makes the sentence very consistent with / a natural interpretation of the picture.,5 = Very compatible. The final word makes the sentence very consistent with / a natural interpretation of the picture.,5 = Very compatible. The final word makes the sentence very consistent with / a natural interpretation of the picture.,1 = Not compatible at all. The final word is clearly inconsistent with / unrelated to / contradicts the picture.,5 = Very compatible. The final word makes the sentence very consistent with / a natural interpretation of the picture.,5 = Very compatible. The final word makes the sentence very consistent with / a natural interpretation of the picture.,4 = Compatible. The final word makes the sentence a reasonable interpretation of the picture.,1 = Not compatible at all. The final word is clearly inconsistent with / unrelated to / contradicts the picture.,5 = Very compatible. The final word makes the sentence very consistent with / a natural interpretation of the picture.,5 = Very compatible. The final word makes the sentence very consistent with / a natural interpretation of the picture.,5 = Very compatible. The final word makes the sentence very consistent with / a natural interpretation of the picture.,1 = Not compatible at all. The final word is clearly inconsistent with / unrelated to / contradicts the picture.,5 = Very compatible. The final word makes the sentence very consistent with / a natural interpretation of the picture.,1 = Not compatible at all. The final word is clearly inconsistent with / unrelated to / contradicts the picture.,5 = Very compatible. The final word makes the sentence very consistent with / a natural interpretation of the picture.,5 = Very compatible. The final word makes the sentence very consistent with / a natural interpretation of the picture.,5 = Very compatible. The final word makes the sentence very consistent with / a natural interpretation of the picture.,1 = Not compatible at all. The final word is clearly inconsistent with / unrelated to / contradicts the picture.,5 = Very compatible. The final word makes the sentence very consistent with / a natural interpretation of the picture.,5 = Very compatible. The final word makes the sentence very consistent with / a natural interpretation of the picture.,1 = Not compatible at all. The final word is clearly inconsistent with / unrelated to / contradicts the picture.,5 = Very compatible. The final word makes the sentence very consistent with / a natural interpretation of the picture.,3 = Uncertain. The final word provides weak / ambiguous / mixed evidence for the picture.,1 = Not compatible at all. The final word is clearly inconsistent with / unrelated to / contradicts the picture.,1 = Not compatible at all. The final word is clearly inconsistent with / unrelated to / contradicts the picture.,1 = Not compatible at all. The final word is clearly inconsistent with / unrelated to / contradicts the picture.,1 = Not compatible at all. The final word is clearly inconsistent with / unrelated to / contradicts the picture.
2026-07-23 20:20:20,2026-07-23 20:33:08,IP Address,*******,100,767,True,2026-07-23 20:33:09,R_4tr6VBz0uX4Ie33,*******,*******,*******,*******,*******,*******,anonymous,EN,2 = Low compatibility. The final word is technically plausible but would not be commonly associated with the picture / it would be unusual or difficult to reconcile this sentence with the picture.,4 = Compatible. The final word makes the sentence a reasonable interpretation of the picture.,3 = Uncertain. The final word provides weak / ambiguous / mixed evidence for the picture.,2 = Low compatibility. The final word is technically plausible but would not be commonly associated with the picture / it would be unusual or difficult to reconcile this sentence with the picture.,4 = Compatible. The final word makes the sentence a reasonable interpretation of the picture.,1 = Not compatible at all. The final word is clearly inconsistent with / unrelated to / contradicts the picture.,4 = Compatible. The final word makes the sentence a reasonable interpretation of the picture.,1 = Not compatible at all. The final word is clearly inconsistent with / unrelated to / contradicts the picture.,2 = Low compatibility. The final word is technically plausible but would not be commonly associated with the picture / it would be unusual or difficult to reconcile this sentence with the picture.,3 = Uncertain. The final word provides weak / ambiguous / mixed evidence for the picture.,1 = Not compatible at all. The final word is clearly inconsistent with / unrelated to / contradicts the picture.,4 = Compatible. The final word makes the sentence a reasonable interpretation of the picture.,2 = Low compatibility. The final word is technically plausible but would not be commonly associated with the picture / it would be unusual or difficult to reconcile this sentence with the picture.,2 = Low compatibility. The final word is technically plausible but would not be commonly associated with the picture / it would be unusual or difficult to reconcile this sentence with the picture.,1 = Not compatible at all. The final word is clearly inconsistent with / unrelated to / contradicts the picture.,5 = Very compatible. The final word makes the sentence very consistent with / a natural interpretation of the picture.,1 = Not compatible at all. The final word is clearly inconsistent with / unrelated to / contradicts the picture.,1 = Not compatible at all. The final word is clearly inconsistent with / unrelated to / contradicts the picture.,4 = Compatible. The final word makes the sentence a reasonable interpretation of the picture.,4 = Compatible. The final word makes the sentence a reasonable interpretation of the picture.,4 = Compatible. The final word makes the sentence a reasonable interpretation of the picture.,1 = Not compatible at all. The final word is clearly inconsistent with / unrelated to / contradicts the picture.,4 = Compatible. The final word makes the sentence a reasonable interpretation of the picture.,1 = Not compatible at all. The final word is clearly inconsistent with / unrelated to / contradicts the picture.,1 = Not compatible at all. The final word is clearly inconsistent with / unrelated to / contradicts the picture.,1 = Not compatible at all. The final word is clearly inconsistent with / unrelated to / contradicts the picture.,1 = Not compatible at all. The final word is clearly inconsistent with / unrelated to / contradicts the picture.,4 = Compatible. The final word makes the sentence a reasonable interpretation of the picture.,1 = Not compatible at all. The final word is clearly inconsistent with / unrelated to / contradicts the picture.,1 = Not compatible at all. The final word is clearly inconsistent with / unrelated to / contradicts the picture.,2 = Low compatibility. The final word is technically plausible but would not be commonly associated with the picture / it would be unusual or difficult to reconcile this sentence with the picture.,1 = Not compatible at all. The final word is clearly inconsistent with / unrelated to / contradicts the picture.,1 = Not compatible at all. The final word is clearly inconsistent with / unrelated to / contradicts the picture.,1 = Not compatible at all. The final word is clearly inconsistent with / unrelated to / contradicts the picture.,1 = Not compatible at all. The final word is clearly inconsistent with / unrelated to / contradicts the picture.,4 = Compatible. The final word makes the sentence a reasonable interpretation of the picture.,2 = Low compatibility. The final word is technically plausible but would not be commonly associated with the picture / it would be unusual or difficult to reconcile this sentence with the picture.,4 = Compatible. The final word makes the sentence a reasonable interpretation of the picture.,4 = Compatible. The final word makes the sentence a reasonable interpretation of the picture.,3 = Uncertain. The final word provides weak / ambiguous / mixed evidence for the picture.,4 = Compatible. The final word makes the sentence a reasonable interpretation of the picture.,4 = Compatible. The final word makes the sentence a reasonable interpretation of the picture.,4 = Compatible. The final word makes the sentence a reasonable interpretation of the picture.,4 = Compatible. The final word makes the sentence a reasonable interpretation of the picture.,4 = Compatible. The final word makes the sentence a reasonable interpretation of the picture.,1 = Not compatible at all. The final word is clearly inconsistent with / unrelated to / contradicts the picture.,1 = Not compatible at all. The final word is clearly inconsistent with / unrelated to / contradicts the picture.,3 = Uncertain. The final word provides weak / ambiguous / mixed evidence for the picture.,1 = Not compatible at all. The final word is clearly inconsistent with / unrelated to / contradicts the picture.,1 = Not compatible at all. The final word is clearly inconsistent with / unrelated to / contradicts the picture.,1 = Not compatible at all. The final word is clearly inconsistent with / unrelated to / contradicts the picture.,1 = Not compatible at all. The final word is clearly inconsistent with / unrelated to / contradicts the picture.,1 = Not compatible at all. The final word is clearly inconsistent with / unrelated to / contradicts the picture.,4 = Compatible. The final word makes the sentence a reasonable interpretation of the picture.,4 = Compatible. The final word makes the sentence a reasonable interpretation of the picture.,4 = Compatible. The final word makes the sentence a reasonable interpretation of the picture.,1 = Not compatible at all. The final word is clearly inconsistent with / unrelated to / contradicts the picture.,4 = Compatible. The final word makes the sentence a reasonable interpretation of the picture.,4 = Compatible. The final word makes the sentence a reasonable interpretation of the picture.,4 = Compatible. The final word makes the sentence a reasonable interpretation of the picture.,3 = Uncertain. The final word provides weak / ambiguous / mixed evidence for the picture.,4 = Compatible. The final word makes the sentence a reasonable interpretation of the picture.,4 = Compatible. The final word makes the sentence a reasonable interpretation of the picture.,4 = Compatible. The final word makes the sentence a reasonable interpretation of the picture.,1 = Not compatible at all. The final word is clearly inconsistent with / unrelated to / contradicts the picture.,4 = Compatible. The final word makes the sentence a reasonable interpretation of the picture.,3 = Uncertain. The final word provides weak / ambiguous / mixed evidence for the picture.,1 = Not compatible at all. The final word is clearly inconsistent with / unrelated to / contradicts the picture.,3 = Uncertain. The final word provides weak / ambiguous / mixed evidence for the picture.,4 = Compatible. The final word makes the sentence a reasonable interpretation of the picture.,1 = Not compatible at all. The final word is clearly inconsistent with / unrelated to / contradicts the picture.,4 = Compatible. The final word makes the sentence a reasonable interpretation of the picture.,3 = Uncertain. The final word provides weak / ambiguous / mixed evidence for the picture.,1 = Not compatible at all. The final word is clearly inconsistent with / unrelated to / contradicts the picture.,4 = Compatible. The final word makes the sentence a reasonable interpretation of the picture.,1 = Not compatible at all. The final word is clearly inconsistent with / unrelated to / contradicts the picture.,3 = Uncertain. The final word provides weak / ambiguous / mixed evidence for the picture.,1 = Not compatible at all. The final word is clearly inconsistent with / unrelated to / contradicts the picture.,3 = Uncertain. The final word provides weak / ambiguous / mixed evidence for the picture.,1 = Not compatible at all. The final word is clearly inconsistent with / unrelated to / contradicts the picture.
2026-07-23 23:17:31,2026-07-23 23:34:33,IP Address,*******,100,1021,True,2026-07-23 23:34:33,R_7TZM5P46BRv9s3v,*******,*******,*******,*******,*******,*******,anonymous,EN,5 = Very compatible. The final word makes the sentence very consistent with / a natural interpretation of the picture.,4 = Compatible. The final word makes the sentence a reasonable interpretation of the picture.,2 = Low compatibility. The final word is technically plausible but would not be commonly associated with the picture / it would be unusual or difficult to reconcile this sentence with the picture.,3 = Uncertain. The final word provides weak / ambiguous / mixed evidence for the picture.,4 = Compatible. The final word makes the sentence a reasonable interpretation of the picture.,4 = Compatible. The final word makes the sentence a reasonable interpretation of the picture.,1 = Not compatible at all. The final word is clearly inconsistent with / unrelated to / contradicts the picture.,1 = Not compatible at all. The final word is clearly inconsistent with / unrelated to / contradicts the picture.,3 = Uncertain. The final word provides weak / ambiguous / mixed evidence for the picture.,2 = Low compatibility. The final word is technically plausible but would not be commonly associated with the picture / it would be unusual or difficult to reconcile this sentence with the picture.,3 = Uncertain. The final word provides weak / ambiguous / mixed evidence for the picture.,5 = Very compatible. The final word makes the sentence very consistent with / a natural interpretation of the picture.,3 = Uncertain. The final word provides weak / ambiguous / mixed evidence for the picture.,4 = Compatible. The final word makes the sentence a reasonable interpretation of the picture.,3 = Uncertain. The final word provides weak / ambiguous / mixed evidence for the picture.,5 = Very compatible. The final word makes the sentence very consistent with / a natural interpretation of the picture.,3 = Uncertain. The final word provides weak / ambiguous / mixed evidence for the picture.,3 = Uncertain. The final word provides weak / ambiguous / mixed evidence for the picture.,4 = Compatible. The final word makes the sentence a reasonable interpretation of the picture.,4 = Compatible. The final word makes the sentence a reasonable interpretation of the picture.,3 = Uncertain. The final word provides weak / ambiguous / mixed evidence for the picture.,3 = Uncertain. The final word provides weak / ambiguous / mixed evidence for the picture.,4 = Compatible. The final word makes the sentence a reasonable interpretation of the picture.,2 = Low compatibility. The final word is technically plausible but would not be commonly associated with the picture / it would be unusual or difficult to reconcile this sentence with the picture.,2 = Low compatibility. The final word is technically plausible but would not be commonly associated with the picture / it would be unusual or difficult to reconcile this sentence with the picture.,3 = Uncertain. The final word provides weak / ambiguous / mixed evidence for the picture.,3 = Uncertain. The final word provides weak / ambiguous / mixed evidence for the picture.,3 = Uncertain. The final word provides weak / ambiguous / mixed evidence for the picture.,3 = Uncertain. The final word provides weak / ambiguous / mixed evidence for the picture.,3 = Uncertain. The final word provides weak / ambiguous / mixed evidence for the picture.,4 = Compatible. The final word makes the sentence a reasonable interpretation of the picture.,3 = Uncertain. The final word provides weak / ambiguous / mixed evidence for the picture.,3 = Uncertain. The final word provides weak / ambiguous / mixed evidence for the picture.,3 = Uncertain. The final word provides weak / ambiguous / mixed evidence for the picture.,1 = Not compatible at all. The final word is clearly inconsistent with / unrelated to / contradicts the picture.,4 = Compatible. The final word makes the sentence a reasonable interpretation of the picture.,2 = Low compatibility. The final word is technically plausible but would not be commonly associated with the picture / it would be unusual or difficult to reconcile this sentence with the picture.,3 = Uncertain. The final word provides weak / ambiguous / mixed evidence for the picture.,3 = Uncertain. The final word provides weak / ambiguous / mixed evidence for the picture.,4 = Compatible. The final word makes the sentence a reasonable interpretation of the picture.,5 = Very compatible. The final word makes the sentence very consistent with / a natural interpretation of the picture.,4 = Compatible. The final word makes the sentence a reasonable interpretation of the picture.,4 = Compatible. The final word makes the sentence a reasonable interpretation of the picture.,3 = Uncertain. The final word provides weak / ambiguous / mixed evidence for the picture.,5 = Very compatible. The final word makes the sentence very consistent with / a natural interpretation of the picture.,3 = Uncertain. The final word provides weak / ambiguous / mixed evidence for the picture.,3 = Uncertain. The final word provides weak / ambiguous / mixed evidence for the picture.,4 = Compatible. The final word makes the sentence a reasonable interpretation of the picture.,2 = Low compatibility. The final word is technically plausible but would not be commonly associated with the picture / it would be unusual or difficult to reconcile this sentence with the picture.,4 = Compatible. The final word makes the sentence a reasonable interpretation of the picture.,4 = Compatible. The final word makes the sentence a reasonable interpretation of the picture.,3 = Uncertain. The final word provides weak / ambiguous / mixed evidence for the picture.,4 = Compatible. The final word makes the sentence a reasonable interpretation of the picture.,5 = Very compatible. The final word makes the sentence very consistent with / a natural interpretation of the picture.,4 = Compatible. The final word makes the sentence a reasonable interpretation of the picture.,4 = Compatible. The final word makes the sentence a reasonable interpretation of the picture.,3 = Uncertain. The final word provides weak / ambiguous / mixed evidence for the picture.,4 = Compatible. The final word makes the sentence a reasonable interpretation of the picture.,4 = Compatible. The final word makes the sentence a reasonable interpretation of the picture.,4 = Compatible. The final word makes the sentence a reasonable interpretation of the picture.,3 = Uncertain. The final word provides weak / ambiguous / mixed evidence for the picture.,4 = Compatible. The final word makes the sentence a reasonable interpretation of the picture.,4 = Compatible. The final word makes the sentence a reasonable interpretation of the picture.,3 = Uncertain. The final word provides weak / ambiguous / mixed evidence for the picture.,3 = Uncertain. The final word provides weak / ambiguous / mixed evidence for the picture.,4 = Compatible. The final word makes the sentence a reasonable interpretation of the picture.,3 = Uncertain. The final word provides weak / ambiguous / mixed evidence for the picture.,4 = Compatible. The final word makes the sentence a reasonable interpretation of the picture.,3 = Uncertain. The final word provides weak / ambiguous / mixed evidence for the picture.,4 = Compatible. The final word makes the sentence a reasonable interpretation of the picture.,3 = Uncertain. The final word provides weak / ambiguous / mixed evidence for the picture.,3 = Uncertain. The final word provides weak / ambiguous / mixed evidence for the picture.,5 = Very compatible. The final word makes the sentence very consistent with / a natural interpretation of the picture.,3 = Uncertain. The final word provides weak / ambiguous / mixed evidence for the picture.,3 = Uncertain. The final word provides weak / ambiguous / mixed evidence for the picture.,3 = Uncertain. The final word provides weak / ambiguous / mixed evidence for the picture.,3 = Uncertain. The final word provides weak / ambiguous / mixed evidence for the picture.,3 = Uncertain. The final word provides weak / ambiguous / mixed evidence for the picture.,2 = Low compatibility. The final word is technically plausible but would not be commonly associated with the picture / it would be unusual or difficult to reconcile this sentence with the picture.,4 = Compatible. The final word makes the sentence a reasonable interpretation of the picture.
2026-07-24 18:02:21,2026-07-24 19:20:31,IP Address,*******,100,4690,True,2026-07-24 19:20:32,R_57W0LOZgUcbxlj9,*******,*******,*******,*******,*******,*******,anonymous,EN,5 = Very compatible. The final word makes the sentence very consistent with / a natural interpretation of the picture.,4 = Compatible. The final word makes the sentence a reasonable interpretation of the picture.,2 = Low compatibility. The final word is technically plausible but would not be commonly associated with the picture / it would be unusual or difficult to reconcile this sentence with the picture.,4 = Compatible. The final word makes the sentence a reasonable interpretation of the picture.,4 = Compatible. The final word makes the sentence a reasonable interpretation of the picture.,2 = Low compatibility. The final word is technically plausible but would not be commonly associated with the picture / it would be unusual or difficult to reconcile this sentence with the picture.,1 = Not compatible at all. The final word is clearly inconsistent with / unrelated to / contradicts the picture.,1 = Not compatible at all. The final word is clearly inconsistent with / unrelated to / contradicts the picture.,1 = Not compatible at all. The final word is clearly inconsistent with / unrelated to / contradicts the picture.,3 = Uncertain. The final word provides weak / ambiguous / mixed evidence for the picture.,1 = Not compatible at all. The final word is clearly inconsistent with / unrelated to / contradicts the picture.,4 = Compatible. The final word makes the sentence a reasonable interpretation of the picture.,2 = Low compatibility. The final word is technically plausible but would not be commonly associated with the picture / it would be unusual or difficult to reconcile this sentence with the picture.,5 = Very compatible. The final word makes the sentence very consistent with / a natural interpretation of the picture.,1 = Not compatible at all. The final word is clearly inconsistent with / unrelated to / contradicts the picture.,4 = Compatible. The final word makes the sentence a reasonable interpretation of the picture.,2 = Low compatibility. The final word is technically plausible but would not be commonly associated with the picture / it would be unusual or difficult to reconcile this sentence with the picture.,1 = Not compatible at all. The final word is clearly inconsistent with / unrelated to / contradicts the picture.,4 = Compatible. The final word makes the sentence a reasonable interpretation of the picture.,4 = Compatible. The final word makes the sentence a reasonable interpretation of the picture.,4 = Compatible. The final word makes the sentence a reasonable interpretation of the picture.,1 = Not compatible at all. The final word is clearly inconsistent with / unrelated to / contradicts the picture.,3 = Uncertain. The final word provides weak / ambiguous / mixed evidence for the picture.,3 = Uncertain. The final word provides weak / ambiguous / mixed evidence for the picture.,2 = Low compatibility. The final word is technically plausible but would not be commonly associated with the picture / it would be unusual or difficult to reconcile this sentence with the picture.,1 = Not compatible at all. The final word is clearly inconsistent with / unrelated to / contradicts the picture.,2 = Low compatibility. The final word is technically plausible but would not be commonly associated with the picture / it would be unusual or difficult to reconcile this sentence with the picture.,5 = Very compatible. The final word makes the sentence very consistent with / a natural interpretation of the picture.,2 = Low compatibility. The final word is technically plausible but would not be commonly associated with the picture / it would be unusual or difficult to reconcile this sentence with the picture.,1 = Not compatible at all. The final word is clearly inconsistent with / unrelated to / contradicts the picture.,5 = Very compatible. The final word makes the sentence very consistent with / a natural interpretation of the picture.,2 = Low compatibility. The final word is technically plausible but would not be commonly associated with the picture / it would be unusual or difficult to reconcile this sentence with the picture.,2 = Low compatibility. The final word is technically plausible but would not be commonly associated with the picture / it would be unusual or difficult to reconcile this sentence with the picture.,1 = Not compatible at all. The final word is clearly inconsistent with / unrelated to / contradicts the picture.,1 = Not compatible at all. The final word is clearly inconsistent with / unrelated to / contradicts the picture.,4 = Compatible. The final word makes the sentence a reasonable interpretation of the picture.,2 = Low compatibility. The final word is technically plausible but would not be commonly associated with the picture / it would be unusual or difficult to reconcile this sentence with the picture.,2 = Low compatibility. The final word is technically plausible but would not be commonly associated with the picture / it would be unusual or difficult to reconcile this sentence with the picture.,4 = Compatible. The final word makes the sentence a reasonable interpretation of the picture.,4 = Compatible. The final word makes the sentence a reasonable interpretation of the picture.,4 = Compatible. The final word makes the sentence a reasonable interpretation of the picture.,4 = Compatible. The final word makes the sentence a reasonable interpretation of the picture.,4 = Compatible. The final word makes the sentence a reasonable interpretation of the picture.,4 = Compatible. The final word makes the sentence a reasonable interpretation of the picture.,4 = Compatible. The final word makes the sentence a reasonable interpretation of the picture.,2 = Low compatibility. The final word is technically plausible but would not be commonly associated with the picture / it would be unusual or difficult to reconcile this sentence with the picture.,2 = Low compatibility. The final word is technically plausible but would not be commonly associated with the picture / it would be unusual or difficult to reconcile this sentence with the picture.,4 = Compatible. The final word makes the sentence a reasonable interpretation of the picture.,4 = Compatible. The final word makes the sentence a reasonable interpretation of the picture.,1 = Not compatible at all. The final word is clearly inconsistent with / unrelated to / contradicts the picture.,2 = Low compatibility. The final word is technically plausible but would not be commonly associated with the picture / it would be unusual or difficult to reconcile this sentence with the picture.,1 = Not compatible at all. The final word is clearly inconsistent with / unrelated to / contradicts the picture.,2 = Low compatibility. The final word is technically plausible but would not be commonly associated with the picture / it would be unusual or difficult to reconcile this sentence with the picture.,4 = Compatible. The final word makes the sentence a reasonable interpretation of the picture.,4 = Compatible. The final word makes the sentence a reasonable interpretation of the picture.,4 = Compatible. The final word makes the sentence a reasonable interpretation of the picture.,1 = Not compatible at all. The final word is clearly inconsistent with / unrelated to / contradicts the picture.,5 = Very compatible. The final word makes the sentence very consistent with / a natural interpretation of the picture.,5 = Very compatible. The final word makes the sentence very consistent with / a natural interpretation of the picture.,5 = Very compatible. The final word makes the sentence very consistent with / a natural interpretation of the picture.,2 = Low compatibility. The final word is technically plausible but would not be commonly associated with the picture / it would be unusual or difficult to reconcile this sentence with the picture.,5 = Very compatible. The final word makes the sentence very consistent with / a natural interpretation of the picture.,4 = Compatible. The final word makes the sentence a reasonable interpretation of the picture.,5 = Very compatible. The final word makes the sentence very consistent with / a natural interpretation of the picture.,2 = Low compatibility. The final word is technically plausible but would not be commonly associated with the picture / it would be unusual or difficult to reconcile this sentence with the picture.,5 = Very compatible. The final word makes the sentence very consistent with / a natural interpretation of the picture.,2 = Low compatibility. The final word is technically plausible but would not be commonly associated with the picture / it would be unusual or difficult to reconcile this sentence with the picture.,4 = Compatible. The final word makes the sentence a reasonable interpretation of the picture.,3 = Uncertain. The final word provides weak / ambiguous / mixed evidence for the picture.,5 = Very compatible. The final word makes the sentence very consistent with / a natural interpretation of the picture.,2 = Low compatibility. The final word is technically plausible but would not be commonly associated with the picture / it would be unusual or difficult to reconcile this sentence with the picture.,5 = Very compatible. The final word makes the sentence very consistent with / a natural interpretation of the picture.,5 = Very compatible. The final word makes the sentence very consistent with / a natural interpretation of the picture.,2 = Low compatibility. The final word is technically plausible but would not be commonly associated with the picture / it would be unusual or difficult to reconcile this sentence with the picture.,5 = Very compatible. The final word makes the sentence very consistent with / a natural interpretation of the picture.,3 = Uncertain. The final word provides weak / ambiguous / mixed evidence for the picture.,2 = Low compatibility. The final word is technically plausible but would not be commonly associated with the picture / it would be unusual or difficult to reconcile this sentence with the picture.,2 = Low compatibility. The final word is technically plausible but would not be commonly associated with the picture / it would be unusual or difficult to reconcile this sentence with the picture.,1 = Not compatible at all. The final word is clearly inconsistent with / unrelated to / contradicts the picture.,2 = Low compatibility. The final word is technically plausible but would not be commonly associated with the picture / it would be unusual or difficult to reconcile this sentence with the picture.
2026-07-24 21:32:47,2026-07-24 21:48:07,IP Address,*******,100,920,True,2026-07-24 21:48:08,R_7nMV5phM8FXlgM4,*******,*******,*******,*******,*******,*******,anonymous,EN,5 = Very compatible. The final word makes the sentence very consistent with / a natural interpretation of the picture.,5 = Very compatible. The final word makes the sentence very consistent with / a natural interpretation of the picture.,2 = Low compatibility. The final word is technically plausible but would not be commonly associated with the picture / it would be unusual or difficult to reconcile this sentence with the picture.,5 = Very compatible. The final word makes the sentence very consistent with / a natural interpretation of the picture.,5 = Very compatible. The final word makes the sentence very consistent with / a natural interpretation of the picture.,3 = Uncertain. The final word provides weak / ambiguous / mixed evidence for the picture.,1 = Not compatible at all. The final word is clearly inconsistent with / unrelated to / contradicts the picture.,1 = Not compatible at all. The final word is clearly inconsistent with / unrelated to / contradicts the picture.,2 = Low compatibility. The final word is technically plausible but would not be commonly associated with the picture / it would be unusual or difficult to reconcile this sentence with the picture.,1 = Not compatible at all. The final word is clearly inconsistent with / unrelated to / contradicts the picture.,2 = Low compatibility. The final word is technically plausible but would not be commonly associated with the picture / it would be unusual or difficult to reconcile this sentence with the picture.,5 = Very compatible. The final word makes the sentence very consistent with / a natural interpretation of the picture.,1 = Not compatible at all. The final word is clearly inconsistent with / unrelated to / contradicts the picture.,5 = Very compatible. The final word makes the sentence very consistent with / a natural interpretation of the picture.,2 = Low compatibility. The final word is technically plausible but would not be commonly associated with the picture / it would be unusual or difficult to reconcile this sentence with the picture.,5 = Very compatible. The final word makes the sentence very consistent with / a natural interpretation of the picture.,1 = Not compatible at all. The final word is clearly inconsistent with / unrelated to / contradicts the picture.,3 = Uncertain. The final word provides weak / ambiguous / mixed evidence for the picture.,5 = Very compatible. The final word makes the sentence very consistent with / a natural interpretation of the picture.,5 = Very compatible. The final word makes the sentence very consistent with / a natural interpretation of the picture.,4 = Compatible. The final word makes the sentence a reasonable interpretation of the picture.,2 = Low compatibility. The final word is technically plausible but would not be commonly associated with the picture / it would be unusual or difficult to reconcile this sentence with the picture.,5 = Very compatible. The final word makes the sentence very consistent with / a natural interpretation of the picture.,1 = Not compatible at all. The final word is clearly inconsistent with / unrelated to / contradicts the picture.,2 = Low compatibility. The final word is technically plausible but would not be commonly associated with the picture / it would be unusual or difficult to reconcile this sentence with the picture.,1 = Not compatible at all. The final word is clearly inconsistent with / unrelated to / contradicts the picture.,1 = Not compatible at all. The final word is clearly inconsistent with / unrelated to / contradicts the picture.,5 = Very compatible. The final word makes the sentence very consistent with / a natural interpretation of the picture.,1 = Not compatible at all. The final word is clearly inconsistent with / unrelated to / contradicts the picture.,1 = Not compatible at all. The final word is clearly inconsistent with / unrelated to / contradicts the picture.,5 = Very compatible. The final word makes the sentence very consistent with / a natural interpretation of the picture.,1 = Not compatible at all. The final word is clearly inconsistent with / unrelated to / contradicts the picture.,1 = Not compatible at all. The final word is clearly inconsistent with / unrelated to / contradicts the picture.,2 = Low compatibility. The final word is technically plausible but would not be commonly associated with the picture / it would be unusual or difficult to reconcile this sentence with the picture.,1 = Not compatible at all. The final word is clearly inconsistent with / unrelated to / contradicts the picture.,4 = Compatible. The final word makes the sentence a reasonable interpretation of the picture.,1 = Not compatible at all. The final word is clearly inconsistent with / unrelated to / contradicts the picture.,5 = Very compatible. The final word makes the sentence very consistent with / a natural interpretation of the picture.,5 = Very compatible. The final word makes the sentence very consistent with / a natural interpretation of the picture.,4 = Compatible. The final word makes the sentence a reasonable interpretation of the picture.,5 = Very compatible. The final word makes the sentence very consistent with / a natural interpretation of the picture.,5 = Very compatible. The final word makes the sentence very consistent with / a natural interpretation of the picture.,5 = Very compatible. The final word makes the sentence very consistent with / a natural interpretation of the picture.,5 = Very compatible. The final word makes the sentence very consistent with / a natural interpretation of the picture.,5 = Very compatible. The final word makes the sentence very consistent with / a natural interpretation of the picture.,2 = Low compatibility. The final word is technically plausible but would not be commonly associated with the picture / it would be unusual or difficult to reconcile this sentence with the picture.,1 = Not compatible at all. The final word is clearly inconsistent with / unrelated to / contradicts the picture.,5 = Very compatible. The final word makes the sentence very consistent with / a natural interpretation of the picture.,5 = Very compatible. The final word makes the sentence very consistent with / a natural interpretation of the picture.,1 = Not compatible at all. The final word is clearly inconsistent with / unrelated to / contradicts the picture.,2 = Low compatibility. The final word is technically plausible but would not be commonly associated with the picture / it would be unusual or difficult to reconcile this sentence with the picture.,2 = Low compatibility. The final word is technically plausible but would not be commonly associated with the picture / it would be unusual or difficult to reconcile this sentence with the picture.,2 = Low compatibility. The final word is technically plausible but would not be commonly associated with the picture / it would be unusual or difficult to reconcile this sentence with the picture.,5 = Very compatible. The final word makes the sentence very consistent with / a natural interpretation of the picture.,5 = Very compatible. The final word makes the sentence very consistent with / a natural interpretation of the picture.,5 = Very compatible. The final word makes the sentence very consistent with / a natural interpretation of the picture.,2 = Low compatibility. The final word is technically plausible but would not be commonly associated with the picture / it would be unusual or difficult to reconcile this sentence with the picture.,5 = Very compatible. The final word makes the sentence very consistent with / a natural interpretation of the picture.,5 = Very compatible. The final word makes the sentence very consistent with / a natural interpretation of the picture.,5 = Very compatible. The final word makes the sentence very consistent with / a natural interpretation of the picture.,1 = Not compatible at all. The final word is clearly inconsistent with / unrelated to / contradicts the picture.,5 = Very compatible. The final word makes the sentence very consistent with / a natural interpretation of the picture.,5 = Very compatible. The final word makes the sentence very consistent with / a natural interpretation of the picture.,5 = Very compatible. The final word makes the sentence very consistent with / a natural interpretation of the picture.,1 = Not compatible at all. The final word is clearly inconsistent with / unrelated to / contradicts the picture.,5 = Very compatible. The final word makes the sentence very consistent with / a natural interpretation of the picture.,2 = Low compatibility. The final word is technically plausible but would not be commonly associated with the picture / it would be unusual or difficult to reconcile this sentence with the picture.,5 = Very compatible. The final word makes the sentence very consistent with / a natural interpretation of the picture.,2 = Low compatibility. The final word is technically plausible but would not be commonly associated with the picture / it would be unusual or difficult to reconcile this sentence with the picture.,5 = Very compatible. The final word makes the sentence very consistent with / a natural interpretation of the picture.,2 = Low compatibility. The final word is technically plausible but would not be commonly associated with the picture / it would be unusual or difficult to reconcile this sentence with the picture.,5 = Very compatible. The final word makes the sentence very consistent with / a natural interpretation of the picture.,5 = Very compatible. The final word makes the sentence very consistent with / a natural interpretation of the picture.,1 = Not compatible at all. The final word is clearly inconsistent with / unrelated to / contradicts the picture.,5 = Very compatible. The final word makes the sentence very consistent with / a natural interpretation of the picture.,4 = Compatible. The final word makes the sentence a reasonable interpretation of the picture.,1 = Not compatible at all. The final word is clearly inconsistent with / unrelated to / contradicts the picture.,1 = Not compatible at all. The final word is clearly inconsistent with / unrelated to / contradicts the picture.,1 = Not compatible at all. The final word is clearly inconsistent with / unrelated to / contradicts the picture.,1 = Not compatible at all. The final word is clearly inconsistent with / unrelated to / contradicts the picture.
2026-07-27 07:32:51,2026-07-27 07:39:30,IP Address,*******,100,398,True,2026-07-27 07:39:30,R_3P4YiCqYAwn90fr,*******,*******,*******,*******,*******,*******,anonymous,EN,5 = Very compatible. The final word makes the sentence very consistent with / a natural interpretation of the picture.,4 = Compatible. The final word makes the sentence a reasonable interpretation of the picture.,1 = Not compatible at all. The final word is clearly inconsistent with / unrelated to / contradicts the picture.,4 = Compatible. The final word makes the sentence a reasonable interpretation of the picture.,5 = Very compatible. The final word makes the sentence very consistent with / a natural interpretation of the picture.,4 = Compatible. The final word makes the sentence a reasonable interpretation of the picture.,4 = Compatible. The final word makes the sentence a reasonable interpretation of the picture.,1 = Not compatible at all. The final word is clearly inconsistent with / unrelated to / contradicts the picture.,1 = Not compatible at all. The final word is clearly inconsistent with / unrelated to / contradicts the picture.,4 = Compatible. The final word makes the sentence a reasonable interpretation of the picture.,1 = Not compatible at all. The final word is clearly inconsistent with / unrelated to / contradicts the picture.,4 = Compatible. The final word makes the sentence a reasonable interpretation of the picture.,4 = Compatible. The final word makes the sentence a reasonable interpretation of the picture.,5 = Very compatible. The final word makes the sentence very consistent with / a natural interpretation of the picture.,1 = Not compatible at all. The final word is clearly inconsistent with / unrelated to / contradicts the picture.,5 = Very compatible. The final word makes the sentence very consistent with / a natural interpretation of the picture.,2 = Low compatibility. The final word is technically plausible but would not be commonly associated with the picture / it would be unusual or difficult to reconcile this sentence with the picture.,1 = Not compatible at all. The final word is clearly inconsistent with / unrelated to / contradicts the picture.,4 = Compatible. The final word makes the sentence a reasonable interpretation of the picture.,5 = Very compatible. The final word makes the sentence very consistent with / a natural interpretation of the picture.,4 = Compatible. The final word makes the sentence a reasonable interpretation of the picture.,1 = Not compatible at all. The final word is clearly inconsistent with / unrelated to / contradicts the picture.,2 = Low compatibility. The final word is technically plausible but would not be commonly associated with the picture / it would be unusual or difficult to reconcile this sentence with the picture.,1 = Not compatible at all. The final word is clearly inconsistent with / unrelated to / contradicts the picture.,1 = Not compatible at all. The final word is clearly inconsistent with / unrelated to / contradicts the picture.,1 = Not compatible at all. The final word is clearly inconsistent with / unrelated to / contradicts the picture.,1 = Not compatible at all. The final word is clearly inconsistent with / unrelated to / contradicts the picture.,4 = Compatible. The final word makes the sentence a reasonable interpretation of the picture.,1 = Not compatible at all. The final word is clearly inconsistent with / unrelated to / contradicts the picture.,1 = Not compatible at all. The final word is clearly inconsistent with / unrelated to / contradicts the picture.,5 = Very compatible. The final word makes the sentence very consistent with / a natural interpretation of the picture.,1 = Not compatible at all. The final word is clearly inconsistent with / unrelated to / contradicts the picture.,2 = Low compatibility. The final word is technically plausible but would not be commonly associated with the picture / it would be unusual or difficult to reconcile this sentence with the picture.,1 = Not compatible at all. The final word is clearly inconsistent with / unrelated to / contradicts the picture.,2 = Low compatibility. The final word is technically plausible but would not be commonly associated with the picture / it would be unusual or difficult to reconcile this sentence with the picture.,4 = Compatible. The final word makes the sentence a reasonable interpretation of the picture.,1 = Not compatible at all. The final word is clearly inconsistent with / unrelated to / contradicts the picture.,4 = Compatible. The final word makes the sentence a reasonable interpretation of the picture.,5 = Very compatible. The final word makes the sentence very consistent with / a natural interpretation of the picture.,5 = Very compatible. The final word makes the sentence very consistent with / a natural interpretation of the picture.,5 = Very compatible. The final word makes the sentence very consistent with / a natural interpretation of the picture.,5 = Very compatible. The final word makes the sentence very consistent with / a natural interpretation of the picture.,5 = Very compatible. The final word makes the sentence very consistent with / a natural interpretation of the picture.,5 = Very compatible. The final word makes the sentence very consistent with / a natural interpretation of the picture.,5 = Very compatible. The final word makes the sentence very consistent with / a natural interpretation of the picture.,1 = Not compatible at all. The final word is clearly inconsistent with / unrelated to / contradicts the picture.,1 = Not compatible at all. The final word is clearly inconsistent with / unrelated to / contradicts the picture.,5 = Very compatible. The final word makes the sentence very consistent with / a natural interpretation of the picture.,4 = Compatible. The final word makes the sentence a reasonable interpretation of the picture.,1 = Not compatible at all. The final word is clearly inconsistent with / unrelated to / contradicts the picture.,1 = Not compatible at all. The final word is clearly inconsistent with / unrelated to / contradicts the picture.,4 = Compatible. The final word makes the sentence a reasonable interpretation of the picture.,1 = Not compatible at all. The final word is clearly inconsistent with / unrelated to / contradicts the picture.,5 = Very compatible. The final word makes the sentence very consistent with / a natural interpretation of the picture.,5 = Very compatible. The final word makes the sentence very consistent with / a natural interpretation of the picture.,5 = Very compatible. The final word makes the sentence very consistent with / a natural interpretation of the picture.,1 = Not compatible at all. The final word is clearly inconsistent with / unrelated to / contradicts the picture.,4 = Compatible. The final word makes the sentence a reasonable interpretation of the picture.,5 = Very compatible. The final word makes the sentence very consistent with / a natural interpretation of the picture.,5 = Very compatible. The final word makes the sentence very consistent with / a natural interpretation of the picture.,1 = Not compatible at all. The final word is clearly inconsistent with / unrelated to / contradicts the picture.,5 = Very compatible. The final word makes the sentence very consistent with / a natural interpretation of the picture.,4 = Compatible. The final word makes the sentence a reasonable interpretation of the picture.,5 = Very compatible. The final word makes the sentence very consistent with / a natural interpretation of the picture.,1 = Not compatible at all. The final word is clearly inconsistent with / unrelated to / contradicts the picture.,5 = Very compatible. The final word makes the sentence very consistent with / a natural interpretation of the picture.,1 = Not compatible at all. The final word is clearly inconsistent with / unrelated to / contradicts the picture.,5 = Very compatible. The final word makes the sentence very consistent with / a natural interpretation of the picture.,1 = Not compatible at all. The final word is clearly inconsistent with / unrelated to / contradicts the picture.,5 = Very compatible. The final word makes the sentence very consistent with / a natural interpretation of the picture.,1 = Not compatible at all. The final word is clearly inconsistent with / unrelated to / contradicts the picture.,5 = Very compatible. The final word makes the sentence very consistent with / a natural interpretation of the picture.,5 = Very compatible. The final word makes the sentence very consistent with / a natural interpretation of the picture.,1 = Not compatible at all. The final word is clearly inconsistent with / unrelated to / contradicts the picture.,5 = Very compatible. The final word makes the sentence very consistent with / a natural interpretation of the picture.,2 = Low compatibility. The final word is technically plausible but would not be commonly associated with the picture / it would be unusual or difficult to reconcile this sentence with the picture.,1 = Not compatible at all. The final word is clearly inconsistent with / unrelated to / contradicts the picture.,1 = Not compatible at all. The final word is clearly inconsistent with / unrelated to / contradicts the picture.,2 = Low compatibility. The final word is technically plausible but would not be commonly associated with the picture / it would be unusual or difficult to reconcile this sentence with the picture.,1 = Not compatible at all. The final word is clearly inconsistent with / unrelated to / contradicts the picture.
2026-07-20 09:40:21,2026-07-20 09:45:28,IP Address,*******,75,306,False,2026-07-27 09:45:32,R_4Gd34aMhC81y4s5,*******,*******,*******,*******,*******,*******,anonymous,EN,4 = Compatible. The final word makes the sentence a reasonable interpretation of the picture.,4 = Compatible. The final word makes the sentence a reasonable interpretation of the picture.,1 = Not compatible at all. The final word is clearly inconsistent with / unrelated to / contradicts the picture.,3 = Uncertain. The final word provides weak / ambiguous / mixed evidence for the picture.,4 = Compatible. The final word makes the sentence a reasonable interpretation of the picture.,3 = Uncertain. The final word provides weak / ambiguous / mixed evidence for the picture.,1 = Not compatible at all. The final word is clearly inconsistent with / unrelated to / contradicts the picture.,1 = Not compatible at all. The final word is clearly inconsistent with / unrelated to / contradicts the picture.,1 = Not compatible at all. The final word is clearly inconsistent with / unrelated to / contradicts the picture.,2 = Low compatibility. The final word is technically plausible but would not be commonly associated with the picture / it would be unusual or difficult to reconcile this sentence with the picture.,1 = Not compatible at all. The final word is clearly inconsistent with / unrelated to / contradicts the picture.,4 = Compatible. The final word makes the sentence a reasonable interpretation of the picture.,1 = Not compatible at all. The final word is clearly inconsistent with / unrelated to / contradicts the picture.,4 = Compatible. The final word makes the sentence a reasonable interpretation of the picture.,1 = Not compatible at all. The final word is clearly inconsistent with / unrelated to / contradicts the picture.,5 = Very compatible. The final word makes the sentence very consistent with / a natural interpretation of the picture.,2 = Low compatibility. The final word is technically plausible but would not be commonly associated with the picture / it would be unusual or difficult to reconcile this sentence with the picture.,2 = Low compatibility. The final word is technically plausible but would not be commonly associated with the picture / it would be unusual or difficult to reconcile this sentence with the picture.,4 = Compatible. The final word makes the sentence a reasonable interpretation of the picture.,4 = Compatible. The final word makes the sentence a reasonable interpretation of the picture.,4 = Compatible. The final word makes the sentence a reasonable interpretation of the picture.,1 = Not compatible at all. The final word is clearly inconsistent with / unrelated to / contradicts the picture.,2 = Low compatibility. The final word is technically plausible but would not be commonly associated with the picture / it would be unusual or difficult to reconcile this sentence with the picture.,1 = Not compatible at all. The final word is clearly inconsistent with / unrelated to / contradicts the picture.,1 = Not compatible at all. The final word is clearly inconsistent with / unrelated to / contradicts the picture.,1 = Not compatible at all. The final word is clearly inconsistent with / unrelated to / contradicts the picture.,1 = Not compatible at all. The final word is clearly inconsistent with / unrelated to / contradicts the picture.,4 = Compatible. The final word makes the sentence a reasonable interpretation of the picture.,1 = Not compatible at all. The final word is clearly inconsistent with / unrelated to / contradicts the picture.,1 = Not compatible at all. The final word is clearly inconsistent with / unrelated to / contradicts the picture.,4 = Compatible. The final word makes the sentence a reasonable interpretation of the picture.,2 = Low compatibility. The final word is technically plausible but would not be commonly associated with the picture / it would be unusual or difficult to reconcile this sentence with the picture.,2 = Low compatibility. The final word is technically plausible but would not be commonly associated with the picture / it would be unusual or difficult to reconcile this sentence with the picture.,1 = Not compatible at all. The final word is clearly inconsistent with / unrelated to / contradicts the picture.,1 = Not compatible at all. The final word is clearly inconsistent with / unrelated to / contradicts the picture.,2 = Low compatibility. The final word is technically plausible but would not be commonly associated with the picture / it would be unusual or difficult to reconcile this sentence with the picture.,1 = Not compatible at all. The final word is clearly inconsistent with / unrelated to / contradicts the picture.,4 = Compatible. The final word makes the sentence a reasonable interpretation of the picture.,4 = Compatible. The final word makes the sentence a reasonable interpretation of the picture.,4 = Compatible. The final word makes the sentence a reasonable interpretation of the picture.,4 = Compatible. The final word makes the sentence a reasonable interpretation of the picture.,4 = Compatible. The final word makes the sentence a reasonable interpretation of the picture.,4 = Compatible. The final word makes the sentence a reasonable interpretation of the picture.,4 = Compatible. The final word makes the sentence a reasonable interpretation of the picture.,5 = Very compatible. The final word makes the sentence very consistent with / a natural interpretation of the picture.,2 = Low compatibility. The final word is technically plausible but would not be commonly associated with the picture / it would be unusual or difficult to reconcile this sentence with the picture.,3 = Uncertain. The final word provides weak / ambiguous / mixed evidence for the picture.,4 = Compatible. The final word makes the sentence a reasonable interpretation of the picture.,1 = Not compatible at all. The final word is clearly inconsistent with / unrelated to / contradicts the picture.,1 = Not compatible at all. The final word is clearly inconsistent with / unrelated to / contradicts the picture.,2 = Low compatibility. The final word is technically plausible but would not be commonly associated with the picture / it would be unusual or difficult to reconcile this sentence with the picture.,1 = Not compatible at all. The final word is clearly inconsistent with / unrelated to / contradicts the picture.,1 = Not compatible at all. The final word is clearly inconsistent with / unrelated to / contradicts the picture.,4 = Compatible. The final word makes the sentence a reasonable interpretation of the picture.,4 = Compatible. The final word makes the sentence a reasonable interpretation of the picture.,3 = Uncertain. The final word provides weak / ambiguous / mixed evidence for the picture.,1 = Not compatible at all. The final word is clearly inconsistent with / unrelated to / contradicts the picture.,3 = Uncertain. The final word provides weak / ambiguous / mixed evidence for the picture.,4 = Compatible. The final word makes the sentence a reasonable interpretation of the picture.,4 = Compatible. The final word makes the sentence a reasonable interpretation of the picture.,,,,,,,,,,,,,,,,,,,,
2026-08-02 20:11:02,2026-08-02 20:29:07,IP Address,*******,100,1084,True,2026-08-02 20:29:07,R_5TOSUwHgp7fN6rD,*******,*******,*******,*******,*******,*******,anonymous,EN,5 = Very compatible. The final word makes the sentence very consistent with / a natural interpretation of the picture.,5 = Very compatible. The final word makes the sentence very consistent with / a natural interpretation of the picture.,1 = Not compatible at all. The final word is clearly inconsistent with / unrelated to / contradicts the picture.,5 = Very compatible. The final word makes the sentence very consistent with / a natural interpretation of the picture.,1 = Not compatible at all. The final word is clearly inconsistent with / unrelated to / contradicts the picture.,1 = Not compatible at all. The final word is clearly inconsistent with / unrelated to / contradicts the picture.,1 = Not compatible at all. The final word is clearly inconsistent with / unrelated to / contradicts the picture.,1 = Not compatible at all. The final word is clearly inconsistent with / unrelated to / contradicts the picture.,1 = Not compatible at all. The final word is clearly inconsistent with / unrelated to / contradicts the picture.,5 = Very compatible. The final word makes the sentence very consistent with / a natural interpretation of the picture.,1 = Not compatible at all. The final word is clearly inconsistent with / unrelated to / contradicts the picture.,5 = Very compatible. The final word makes the sentence very consistent with / a natural interpretation of the picture.,1 = Not compatible at all. The final word is clearly inconsistent with / unrelated to / contradicts the picture.,1 = Not compatible at all. The final word is clearly inconsistent with / unrelated to / contradicts the picture.,1 = Not compatible at all. The final word is clearly inconsistent with / unrelated to / contradicts the picture.,5 = Very compatible. The final word makes the sentence very consistent with / a natural interpretation of the picture.,1 = Not compatible at all. The final word is clearly inconsistent with / unrelated to / contradicts the picture.,1 = Not compatible at all. The final word is clearly inconsistent with / unrelated to / contradicts the picture.,5 = Very compatible. The final word makes the sentence very consistent with / a natural interpretation of the picture.,3 = Uncertain. The final word provides weak / ambiguous / mixed evidence for the picture.,3 = Uncertain. The final word provides weak / ambiguous / mixed evidence for the picture.,1 = Not compatible at all. The final word is clearly inconsistent with / unrelated to / contradicts the picture.,5 = Very compatible. The final word makes the sentence very consistent with / a natural interpretation of the picture.,1 = Not compatible at all. The final word is clearly inconsistent with / unrelated to / contradicts the picture.,1 = Not compatible at all. The final word is clearly inconsistent with / unrelated to / contradicts the picture.,1 = Not compatible at all. The final word is clearly inconsistent with / unrelated to / contradicts the picture.,1 = Not compatible at all. The final word is clearly inconsistent with / unrelated to / contradicts the picture.,5 = Very compatible. The final word makes the sentence very consistent with / a natural interpretation of the picture.,1 = Not compatible at all. The final word is clearly inconsistent with / unrelated to / contradicts the picture.,1 = Not compatible at all. The final word is clearly inconsistent with / unrelated to / contradicts the picture.,1 = Not compatible at all. The final word is clearly inconsistent with / unrelated to / contradicts the picture.,1 = Not compatible at all. The final word is clearly inconsistent with / unrelated to / contradicts the picture.,1 = Not compatible at all. The final word is clearly inconsistent with / unrelated to / contradicts the picture.,1 = Not compatible at all. The final word is clearly inconsistent with / unrelated to / contradicts the picture.,1 = Not compatible at all. The final word is clearly inconsistent with / unrelated to / contradicts the picture.,1 = Not compatible at all. The final word is clearly inconsistent with / unrelated to / contradicts the picture.,1 = Not compatible at all. The final word is clearly inconsistent with / unrelated to / contradicts the picture.,5 = Very compatible. The final word makes the sentence very consistent with / a natural interpretation of the picture.,5 = Very compatible. The final word makes the sentence very consistent with / a natural interpretation of the picture.,5 = Very compatible. The final word makes the sentence very consistent with / a natural interpretation of the picture.,5 = Very compatible. The final word makes the sentence very consistent with / a natural interpretation of the picture.,5 = Very compatible. The final word makes the sentence very consistent with / a natural interpretation of the picture.,5 = Very compatible. The final word makes the sentence very consistent with / a natural interpretation of the picture.,3 = Uncertain. The final word provides weak / ambiguous / mixed evidence for the picture.,5 = Very compatible. The final word makes the sentence very consistent with / a natural interpretation of the picture.,1 = Not compatible at all. The final word is clearly inconsistent with / unrelated to / contradicts the picture.,1 = Not compatible at all. The final word is clearly inconsistent with / unrelated to / contradicts the picture.,5 = Very compatible. The final word makes the sentence very consistent with / a natural interpretation of the picture.,1 = Not compatible at all. The final word is clearly inconsistent with / unrelated to / contradicts the picture.,1 = Not compatible at all. The final word is clearly inconsistent with / unrelated to / contradicts the picture.,1 = Not compatible at all. The final word is clearly inconsistent with / unrelated to / contradicts the picture.,1 = Not compatible at all. The final word is clearly inconsistent with / unrelated to / contradicts the picture.,1 = Not compatible at all. The final word is clearly inconsistent with / unrelated to / contradicts the picture.,5 = Very compatible. The final word makes the sentence very consistent with / a natural interpretation of the picture.,1 = Not compatible at all. The final word is clearly inconsistent with / unrelated to / contradicts the picture.,1 = Not compatible at all. The final word is clearly inconsistent with / unrelated to / contradicts the picture.,1 = Not compatible at all. The final word is clearly inconsistent with / unrelated to / contradicts the picture.,5 = Very compatible. The final word makes the sentence very consistent with / a natural interpretation of the picture.,5 = Very compatible. The final word makes the sentence very consistent with / a natural interpretation of the picture.,5 = Very compatible. The final word makes the sentence very consistent with / a natural interpretation of the picture.,5 = Very compatible. The final word makes the sentence very consistent with / a natural interpretation of the picture.,5 = Very compatible. The final word makes the sentence very consistent with / a natural interpretation of the picture.,3 = Uncertain. The final word provides weak / ambiguous / mixed evidence for the picture.,5 = Very compatible. The final word makes the sentence very consistent with / a natural interpretation of the picture.,1 = Not compatible at all. The final word is clearly inconsistent with / unrelated to / contradicts the picture.,5 = Very compatible. The final word makes the sentence very consistent with / a natural interpretation of the picture.,1 = Not compatible at all. The final word is clearly inconsistent with / unrelated to / contradicts the picture.,4 = Compatible. The final word makes the sentence a reasonable interpretation of the picture.,1 = Not compatible at all. The final word is clearly inconsistent with / unrelated to / contradicts the picture.,5 = Very compatible. The final word makes the sentence very consistent with / a natural interpretation of the picture.,1 = Not compatible at all. The final word is clearly inconsistent with / unrelated to / contradicts the picture.,5 = Very compatible. The final word makes the sentence very consistent with / a natural interpretation of the picture.,5 = Very compatible. The final word makes the sentence very consistent with / a natural interpretation of the picture.,1 = Not compatible at all. The final word is clearly inconsistent with / unrelated to / contradicts the picture.,5 = Very compatible. The final word makes the sentence very consistent with / a natural interpretation of the picture.,3 = Uncertain. The final word provides weak / ambiguous / mixed evidence for the picture.,3 = Uncertain. The final word provides weak / ambiguous / mixed evidence for the picture.,3 = Uncertain. The final word provides weak / ambiguous / mixed evidence for the picture.,5 = Very compatible. The final word makes the sentence very consistent with / a natural interpretation of the picture.,4 = Compatible. The final word makes the sentence a reasonable interpretation of the picture.
2026-08-04 21:16:56,2026-08-04 21:27:56,IP Address,*******,100,659,True,2026-08-04 21:27:56,R_3Bz1nrZwUxJmgGB,*******,*******,*******,*******,*******,*******,anonymous,EN,5 = Very compatible. The final word makes the sentence very consistent with / a natural interpretation of the picture.,2 = Low compatibility. The final word is technically plausible but would not be commonly associated with the picture / it would be unusual or difficult to reconcile this sentence with the picture.,2 = Low compatibility. The final word is technically plausible but would not be commonly associated with the picture / it would be unusual or difficult to reconcile this sentence with the picture.,3 = Uncertain. The final word provides weak / ambiguous / mixed evidence for the picture.,4 = Compatible. The final word makes the sentence a reasonable interpretation of the picture.,3 = Uncertain. The final word provides weak / ambiguous / mixed evidence for the picture.,1 = Not compatible at all. The final word is clearly inconsistent with / unrelated to / contradicts the picture.,1 = Not compatible at all. The final word is clearly inconsistent with / unrelated to / contradicts the picture.,2 = Low compatibility. The final word is technically plausible but would not be commonly associated with the picture / it would be unusual or difficult to reconcile this sentence with the picture.,2 = Low compatibility. The final word is technically plausible but would not be commonly associated with the picture / it would be unusual or difficult to reconcile this sentence with the picture.,2 = Low compatibility. The final word is technically plausible but would not be commonly associated with the picture / it would be unusual or difficult to reconcile this sentence with the picture.,4 = Compatible. The final word makes the sentence a reasonable interpretation of the picture.,1 = Not compatible at all. The final word is clearly inconsistent with / unrelated to / contradicts the picture.,4 = Compatible. The final word makes the sentence a reasonable interpretation of the picture.,1 = Not compatible at all. The final word is clearly inconsistent with / unrelated to / contradicts the picture.,5 = Very compatible. The final word makes the sentence very consistent with / a natural interpretation of the picture.,2 = Low compatibility. The final word is technically plausible but would not be commonly associated with the picture / it would be unusual or difficult to reconcile this sentence with the picture.,2 = Low compatibility. The final word is technically plausible but would not be commonly associated with the picture / it would be unusual or difficult to reconcile this sentence with the picture.,4 = Compatible. The final word makes the sentence a reasonable interpretation of the picture.,3 = Uncertain. The final word provides weak / ambiguous / mixed evidence for the picture.,3 = Uncertain. The final word provides weak / ambiguous / mixed evidence for the picture.,1 = Not compatible at all. The final word is clearly inconsistent with / unrelated to / contradicts the picture.,3 = Uncertain. The final word provides weak / ambiguous / mixed evidence for the picture.,1 = Not compatible at all. The final word is clearly inconsistent with / unrelated to / contradicts the picture.,1 = Not compatible at all. The final word is clearly inconsistent with / unrelated to / contradicts the picture.,1 = Not compatible at all. The final word is clearly inconsistent with / unrelated to / contradicts the picture.,1 = Not compatible at all. The final word is clearly inconsistent with / unrelated to / contradicts the picture.,4 = Compatible. The final word makes the sentence a reasonable interpretation of the picture.,1 = Not compatible at all. The final word is clearly inconsistent with / unrelated to / contradicts the picture.,1 = Not compatible at all. The final word is clearly inconsistent with / unrelated to / contradicts the picture.,4 = Compatible. The final word makes the sentence a reasonable interpretation of the picture.,1 = Not compatible at all. The final word is clearly inconsistent with / unrelated to / contradicts the picture.,2 = Low compatibility. The final word is technically plausible but would not be commonly associated with the picture / it would be unusual or difficult to reconcile this sentence with the picture.,1 = Not compatible at all. The final word is clearly inconsistent with / unrelated to / contradicts the picture.,1 = Not compatible at all. The final word is clearly inconsistent with / unrelated to / contradicts the picture.,4 = Compatible. The final word makes the sentence a reasonable interpretation of the picture.,1 = Not compatible at all. The final word is clearly inconsistent with / unrelated to / contradicts the picture.,4 = Compatible. The final word makes the sentence a reasonable interpretation of the picture.,4 = Compatible. The final word makes the sentence a reasonable interpretation of the picture.,3 = Uncertain. The final word provides weak / ambiguous / mixed evidence for the picture.,3 = Uncertain. The final word provides weak / ambiguous / mixed evidence for the picture.,4 = Compatible. The final word makes the sentence a reasonable interpretation of the picture.,3 = Uncertain. The final word provides weak / ambiguous / mixed evidence for the picture.,4 = Compatible. The final word makes the sentence a reasonable interpretation of the picture.,4 = Compatible. The final word makes the sentence a reasonable interpretation of the picture.,1 = Not compatible at all. The final word is clearly inconsistent with / unrelated to / contradicts the picture.,2 = Low compatibility. The final word is technically plausible but would not be commonly associated with the picture / it would be unusual or difficult to reconcile this sentence with the picture.,4 = Compatible. The final word makes the sentence a reasonable interpretation of the picture.,1 = Not compatible at all. The final word is clearly inconsistent with / unrelated to / contradicts the picture.,1 = Not compatible at all. The final word is clearly inconsistent with / unrelated to / contradicts the picture.,1 = Not compatible at all. The final word is clearly inconsistent with / unrelated to / contradicts the picture.,1 = Not compatible at all. The final word is clearly inconsistent with / unrelated to / contradicts the picture.,1 = Not compatible at all. The final word is clearly inconsistent with / unrelated to / contradicts the picture.,5 = Very compatible. The final word makes the sentence very consistent with / a natural interpretation of the picture.,3 = Uncertain. The final word provides weak / ambiguous / mixed evidence for the picture.,4 = Compatible. The final word makes the sentence a reasonable interpretation of the picture.,1 = Not compatible at all. The final word is clearly inconsistent with / unrelated to / contradicts the picture.,4 = Compatible. The final word makes the sentence a reasonable interpretation of the picture.,4 = Compatible. The final word makes the sentence a reasonable interpretation of the picture.,4 = Compatible. The final word makes the sentence a reasonable interpretation of the picture.,1 = Not compatible at all. The final word is clearly inconsistent with / unrelated to / contradicts the picture.,3 = Uncertain. The final word provides weak / ambiguous / mixed evidence for the picture.,3 = Uncertain. The final word provides weak / ambiguous / mixed evidence for the picture.,4 = Compatible. The final word makes the sentence a reasonable interpretation of the picture.,1 = Not compatible at all. The final word is clearly inconsistent with / unrelated to / contradicts the picture.,3 = Uncertain. The final word provides weak / ambiguous / mixed evidence for the picture.,1 = Not compatible at all. The final word is clearly inconsistent with / unrelated to / contradicts the picture.,3 = Uncertain. The final word provides weak / ambiguous / mixed evidence for the picture.,3 = Uncertain. The final word provides weak / ambiguous / mixed evidence for the picture.,5 = Very compatible. The final word makes the sentence very consistent with / a natural interpretation of the picture.,1 = Not compatible at all. The final word is clearly inconsistent with / unrelated to / contradicts the picture.,4 = Compatible. The final word makes the sentence a reasonable interpretation of the picture.,4 = Compatible. The final word makes the sentence a reasonable interpretation of the picture.,1 = Not compatible at all. The final word is clearly inconsistent with / unrelated to / contradicts the picture.,4 = Compatible. The final word makes the sentence a reasonable interpretation of the picture.,1 = Not compatible at all. The final word is clearly inconsistent with / unrelated to / contradicts the picture.,1 = Not compatible at all. The final word is clearly inconsistent with / unrelated to / contradicts the picture.,1 = Not compatible at all. The final word is clearly inconsistent with / unrelated to / contradicts the picture.,2 = Low compatibility. The final word is technically plausible but would not be commonly associated with the picture / it would be unusual or difficult to reconcile this sentence with the picture.,3 = Uncertain. The final word provides weak / ambiguous / mixed evidence for the picture.
2026-07-22 17:37:20,2026-07-29 12:34:20,IP Address,*******,38,586620,False,2026-08-05 12:34:21,R_56aGU86nHrlx3CF,*******,*******,*******,*******,*******,*******,anonymous,EN,5 = Very compatible. The final word makes the sentence very consistent with / a natural interpretation of the picture.,5 = Very compatible. The final word makes the sentence very consistent with / a natural interpretation of the picture.,2 = Low compatibility. The final word is technically plausible but would not be commonly associated with the picture / it would be unusual or difficult to reconcile this sentence with the picture.,5 = Very compatible. The final word makes the sentence very consistent with / a natural interpretation of the picture.,5 = Very compatible. The final word makes the sentence very consistent with / a natural interpretation of the picture.,3 = Uncertain. The final word provides weak / ambiguous / mixed evidence for the picture.,1 = Not compatible at all. The final word is clearly inconsistent with / unrelated to / contradicts the picture.,1 = Not compatible at all. The final word is clearly inconsistent with / unrelated to / contradicts the picture.,2 = Low compatibility. The final word is technically plausible but would not be commonly associated with the picture / it would be unusual or difficult to reconcile this sentence with the picture.,1 = Not compatible at all. The final word is clearly inconsistent with / unrelated to / contradicts the picture.,2 = Low compatibility. The final word is technically plausible but would not be commonly associated with the picture / it would be unusual or difficult to reconcile this sentence with the picture.,5 = Very compatible. The final word makes the sentence very consistent with / a natural interpretation of the picture.,1 = Not compatible at all. The final word is clearly inconsistent with / unrelated to / contradicts the picture.,5 = Very compatible. The final word makes the sentence very consistent with / a natural interpretation of the picture.,2 = Low compatibility. The final word is technically plausible but would not be commonly associated with the picture / it would be unusual or difficult to reconcile this sentence with the picture.,5 = Very compatible. The final word makes the sentence very consistent with / a natural interpretation of the picture.,1 = Not compatible at all. The final word is clearly inconsistent with / unrelated to / contradicts the picture.,2 = Low compatibility. The final word is technically plausible but would not be commonly associated with the picture / it would be unusual or difficult to reconcile this sentence with the picture.,5 = Very compatible. The final word makes the sentence very consistent with / a natural interpretation of the picture.,5 = Very compatible. The final word makes the sentence very consistent with / a natural interpretation of the picture.,4 = Compatible. The final word makes the sentence a reasonable interpretation of the picture.,2 = Low compatibility. The final word is technically plausible but would not be commonly associated with the picture / it would be unusual or difficult to reconcile this sentence with the picture.,4 = Compatible. The final word makes the sentence a reasonable interpretation of the picture.,1 = Not compatible at all. The final word is clearly inconsistent with / unrelated to / contradicts the picture.,2 = Low compatibility. The final word is technically plausible but would not be commonly associated with the picture / it would be unusual or difficult to reconcile this sentence with the picture.,2 = Low compatibility. The final word is technically plausible but would not be commonly associated with the picture / it would be unusual or difficult to reconcile this sentence with the picture.,2 = Low compatibility. The final word is technically plausible but would not be commonly associated with the picture / it would be unusual or difficult to reconcile this sentence with the picture.,5 = Very compatible. The final word makes the sentence very consistent with / a natural interpretation of the picture.,1 = Not compatible at all. The final word is clearly inconsistent with / unrelated to / contradicts the picture.,2 = Low compatibility. The final word is technically plausible but would not be commonly associated with the picture / it would be unusual or difficult to reconcile this sentence with the picture.,,,,,,,,,,,,,,,,,,,,,,,,,,,,,,,,,,,,,,,,,,,,,,,,,,
