layer_index,item_index,image_word,condition,pass,probability_congruent
0,0,library,congruent,❌,0.0942748090543989
0,0,refrigerator,congruent,✅,0.6110681573069628
0,0,library,incongruent,✅,0.48128500593340307
0,0,refrigerator,incongruent,✅,0.16755203714213351
0,1,disappointment,congruent,✅,0.5698475598940395
0,1,delight,congruent,❌,0.43103473268792014
0,1,disappointment,incongruent,✅,0.26016935099403754
0,1,delight,incongruent,❌,0.6134224466892243
0,10,cash,congruent,❌,0.1175885288483988
0,10,groceries,congruent,❌,0.12069666552240253
0,10,cash,incongruent,✅,0.17562022790239598
0,10,groceries,incongruent,✅,0.08493958893800742
0,11,lonely,congruent,❌,0.11699955299657122
0,11,confident,congruent,✅,0.697853933123034
0,11,lonely,incongruent,❌,0.6461071186714756
0,11,confident,incongruent,✅,0.03084353510923389
0,12,joy,congruent,✅,0.8752504540806809
0,12,outrage,congruent,❌,0.3606421255104465
0,12,joy,incongruent,✅,0.4101968097092244
0,12,outrage,incongruent,✅,0.25586957596362736
0,13,traffic,congruent,✅,0.9852731713742086
0,13,snowstorm,congruent,✅,0.9644889838492499
0,13,traffic,incongruent,❌,0.9621752754144388
0,13,snowstorm,incongruent,❌,0.9770649320523367
0,14,laughter,congruent,❌,0.4684491911099561
0,14,frustration,congruent,❌,0.44047686235533073
0,14,laughter,incongruent,✅,0.4115338203989429
0,14,frustration,incongruent,✅,0.4637166214798544
0,15,calculator,congruent,❌,0.277384238936769
0,15,instrument,congruent,❌,0.1896345656675012
0,15,calculator,incongruent,✅,0.03864842828396664
0,15,instrument,incongruent,✅,0.1171457866729172
0,16,orchestra,congruent,✅,0.8563868989566286
0,16,racers,congruent,✅,0.7837672199111425
0,16,orchestra,incongruent,❌,0.5882128159133088
0,16,racers,incongruent,❌,0.6351763892895121
0,17,retirement,congruent,✅,0.7068455959997684
0,17,playdate,congruent,❌,0.02816861528730282
0,17,retirement,incongruent,✅,0.03412985283479362
0,17,playdate,incongruent,❌,0.5346646485201644
0,18,relieved,congruent,❌,0.30519404834202774
0,18,depressed,congruent,❌,0.2714441420092855
0,18,relieved,incongruent,✅,0.3387425449655426
0,18,depressed,incongruent,✅,0.39863359408990207
0,19,friends,congruent,✅,0.7209192908907232
0,19,weight,congruent,✅,0.8237132599517403
0,19,friends,incongruent,❌,0.6049389120697168
0,19,weight,incongruent,❌,0.6913170853124058
0,2,overcoat,congruent,❌,0.3770738046757732
0,2,sandals,congruent,✅,0.596812977458184
0,2,overcoat,incongruent,✅,0.21660090163557844
0,2,sandals,incongruent,✅,0.33172593239352155
0,20,lipstick,congruent,✅,0.9429497367742049
0,20,song,congruent,✅,0.9522595812470817
0,20,lipstick,incongruent,✅,0.31143523259332684
0,20,song,incongruent,❌,0.8092017100138014
0,21,fought,congruent,❌,0.015044564509478584
0,21,sang,congruent,✅,0.9094523685815518
0,21,fought,incongruent,❌,0.8793490308179034
0,21,sang,incongruent,✅,0.011107613554599084
0,22,skeptical,congruent,❌,0.07243749849019422
0,22,reassured,congruent,❌,0.29623556231289466
0,22,skeptical,incongruent,✅,0.2764894575877772
0,22,reassured,incongruent,✅,0.11727488083923754
0,23,graduation,congruent,✅,0.6482358267678358
0,23,operation,congruent,✅,0.5296321294780315
0,23,graduation,incongruent,✅,0.24268949395617587
0,23,operation,incongruent,✅,0.34015214658816445
0,24,bride,congruent,❌,0.4664524489006487
0,24,aftermath,congruent,❌,0.42827850335851175
0,24,bride,incongruent,✅,0.15666498697407438
0,24,aftermath,incongruent,✅,0.01431109670171728
0,25,teacher,congruent,✅,0.8002068740006201
0,25,daughter,congruent,✅,0.5618929965695748
0,25,teacher,incongruent,✅,0.3585513778818474
0,25,daughter,incongruent,❌,0.8098819948794865
0,26,roommate,congruent,✅,0.5458183962706742
0,26,grandma,congruent,❌,0.292176775049848
0,26,roommate,incongruent,✅,0.21361094401560177
0,26,grandma,incongruent,❌,0.6174977132450097
0,27,brother,congruent,❌,0.4836770000552224
0,27,mother,congruent,✅,0.951751846171229
0,27,brother,incongruent,❌,0.7082577032704948
0,27,mother,incongruent,✅,0.4667953608941917
0,28,preschool,congruent,✅,0.5627056400356629
0,28,prison,congruent,✅,0.6636153290491449
0,28,preschool,incongruent,✅,0.27222498086106867
0,28,prison,incongruent,✅,0.08688685230603604
0,29,hopeful,congruent,✅,0.7598547810811531
0,29,hopeless,congruent,✅,0.6737236556015639
0,29,hopeful,incongruent,❌,0.5331778993594248
0,29,hopeless,incongruent,❌,0.708953053658102
0,3,marathon,congruent,❌,0.4404000513912739
0,3,exam,congruent,❌,0.244447963286453
0,3,marathon,incongruent,✅,0.34887539380770527
0,3,exam,incongruent,✅,0.08683780735129314
0,30,appalled,congruent,❌,0.24479410639434174
0,30,overjoyed,congruent,❌,0.3201421185091689
0,30,appalled,incongruent,✅,0.34227267213557605
0,30,overjoyed,incongruent,✅,0.2416598712793443
0,31,reprimand,congruent,❌,0.2108362816865637
0,31,encouragement,congruent,✅,0.5867759212760909
0,31,reprimand,incongruent,❌,0.6964875944337959
0,31,encouragement,incongruent,✅,0.16933545825395496
0,32,angrily,congruent,❌,0.08160590487250996
0,32,cordially,congruent,❌,0.06392181022975847
0,32,angrily,incongruent,✅,0.09722069501157425
0,32,cordially,incongruent,✅,0.04982383715631703
0,33,accusatory,congruent,❌,0.174761530517499
0,33,flirtatious,congruent,❌,0.1818089719749621
0,33,accusatory,incongruent,✅,0.1759253136029748
0,33,flirtatious,incongruent,✅,0.17468757741764063
0,34,disapprovingly,congruent,✅,0.6582675832144333
0,34,lovingly,congruent,✅,0.9463875294251226
0,34,disapprovingly,incongruent,❌,0.9627792568827103
0,34,lovingly,incongruent,❌,0.5241169400915903
0,35,playful,congruent,✅,0.7550440943891593
0,35,distant,congruent,❌,0.0620262602701606
0,35,playful,incongruent,✅,0.055804226457084896
0,35,distant,incongruent,❌,0.6803009871344561
0,36,headphones,congruent,✅,0.9768143151887918
0,36,mangoes,congruent,✅,0.6794890400508031
0,36,headphones,incongruent,✅,0.4032121695708827
0,36,mangoes,incongruent,❌,0.6055642227053304
0,37,playroom,congruent,✅,0.8982687178665743
0,37,park,congruent,✅,0.7946306222507056
0,37,playroom,incongruent,❌,0.7036277658017024
0,37,park,incongruent,❌,0.9116203149214683
0,38,bedroom,congruent,✅,0.9016319485839924
0,38,backyard,congruent,✅,0.9139969696498931
0,38,bedroom,incongruent,❌,0.8129934552338159
0,38,backyard,incongruent,❌,0.8071756655564563
0,39,solemnly,congruent,✅,0.9623908892267015
0,39,excitedly,congruent,✅,0.6898729894306929
0,39,solemnly,incongruent,❌,0.6256996047632953
0,39,excitedly,incongruent,❌,0.9701109312161912
0,4,menu,congruent,✅,0.6258792566824558
0,4,prescription,congruent,✅,0.8770888406135647
0,4,menu,incongruent,❌,0.880796807705506
0,4,prescription,incongruent,❌,0.5618730424220886
0,40,car,congruent,✅,0.7936855392627283
0,40,sock,congruent,❌,0.17230044719545157
0,40,car,incongruent,✅,0.09954238397296791
0,40,sock,incongruent,✅,0.4963777307755718
0,41,overdressed,congruent,✅,0.7135279014243007
0,41,naked,congruent,✅,0.6898804665700696
0,41,overdressed,incongruent,❌,0.61542197309754
0,41,naked,incongruent,❌,0.8678544869609489
0,42,shy,congruent,✅,0.770293943557367
0,42,lively,congruent,✅,0.8483561888358233
0,42,shy,incongruent,✅,0.4909138820387985
0,42,lively,incongruent,❌,0.8723639647385425
0,43,offended,congruent,✅,0.6638926440034074
0,43,flattered,congruent,❌,0.2756297686865505
0,43,offended,incongruent,✅,0.34015418616896254
0,43,flattered,incongruent,✅,0.23953039590815706
0,44,grandkid,congruent,✅,0.7412755061081856
0,44,cellmate,congruent,✅,0.628388798886817
0,44,grandkid,incongruent,✅,0.3956293385416739
0,44,cellmate,incongruent,❌,0.5932567205437747
0,45,promoted,congruent,❌,0.4732802608455669
0,45,fired,congruent,❌,0.15746922877819283
0,45,promoted,incongruent,✅,0.18754743127663948
0,45,fired,incongruent,❌,0.6310989390589693
0,46,shooting,congruent,❌,0.35644738130984943
0,46,celebration,congruent,✅,0.5425500836103072
0,46,shooting,incongruent,✅,0.1990464986049707
0,46,celebration,incongruent,✅,0.41038688242120064
0,47,crayon,congruent,✅,0.6533059930243779
0,47,beer,congruent,✅,0.7935227814798119
0,47,crayon,incongruent,✅,0.10670511879479809
0,47,beer,incongruent,✅,0.4278824843784316
0,48,waiter,congruent,❌,0.49478897005299055
0,48,taxi,congruent,✅,0.5135407434261773
0,48,waiter,incongruent,✅,0.1205410055633718
0,48,taxi,incongruent,❌,0.582029979235548
0,49,parents,congruent,✅,0.59580517352765
0,49,keys,congruent,❌,0.11042321443251504
0,49,parents,incongruent,✅,0.0902722924786001
0,49,keys,incongruent,✅,0.39630980724071985
0,5,distress,congruent,✅,0.7438192410490955
0,5,tranquility,congruent,✅,0.8667577613300139
0,5,distress,incongruent,❌,0.8719484708373022
0,5,tranquility,incongruent,❌,0.5537261546179235
0,50,sofa,congruent,✅,0.9287860275612021
0,50,sky,congruent,✅,0.6107203403018372
0,50,sofa,incongruent,✅,0.3396549498330765
0,50,sky,incongruent,❌,0.7929942987419065
0,51,obesity,congruent,✅,0.5821924902796232
0,51,homework,congruent,✅,0.8129157329032941
0,51,obesity,incongruent,✅,0.18283684310887424
0,51,homework,incongruent,❌,0.6865519443452869
0,52,quiz,congruent,❌,0.2846079039670326
0,52,commute,congruent,✅,0.6727425937619107
0,52,quiz,incongruent,❌,0.5619947242760018
0,52,commute,incongruent,✅,0.044455770181995695
0,53,migraine,congruent,✅,0.785369826153021
0,53,excitement,congruent,✅,0.9680975225592588
0,53,migraine,incongruent,❌,0.9452541989798466
0,53,excitement,incongruent,✅,0.19423160046040083
0,54,niece,congruent,✅,0.7709155483633503
0,54,husband,congruent,✅,0.7913369471894464
0,54,niece,incongruent,❌,0.9601176661937004
0,54,husband,incongruent,❌,0.5328162986395855
0,55,film,congruent,✅,0.6099774995094807
0,55,sunrise,congruent,✅,0.7745162097905535
0,55,film,incongruent,✅,0.09500476743052196
0,55,sunrise,incongruent,✅,0.3996576557689659
0,56,lecture,congruent,✅,0.5914954426384157
0,56,banquet,congruent,✅,0.5392054311207363
0,56,lecture,incongruent,✅,0.11574827272039193
0,56,banquet,incongruent,✅,0.1514537069765335
0,57,drink,congruent,✅,0.581973594664943
0,57,textbook,congruent,❌,0.3495055022196705
0,57,drink,incongruent,✅,0.08045463491397116
0,57,textbook,incongruent,✅,0.35772186722330385
0,58,pool,congruent,✅,0.7023121906102677
0,58,snow,congruent,❌,0.322495854915885
0,58,pool,incongruent,❌,0.6383151348250762
0,58,snow,incongruent,❌,0.6501487666148673
0,59,passport,congruent,✅,0.5159609807180305
0,59,plushy,congruent,✅,0.613429001245029
0,59,passport,incongruent,❌,0.5621353676032131
0,59,plushy,incongruent,✅,0.160178484659267
0,6,patients,congruent,✅,0.9787889071644555
0,6,students,congruent,❌,0.284732542715864
0,6,patients,incongruent,✅,0.026804694774387915
0,6,students,incongruent,❌,0.7662245804796163
0,60,sister,congruent,✅,0.660833640559967
0,60,father,congruent,❌,0.1509711823336697
0,60,sister,incongruent,✅,0.27336346211150747
0,60,father,incongruent,❌,0.6232391165304986
0,61,game,congruent,❌,0.1757300182701591
0,61,sunset,congruent,✅,0.8698812086844447
0,61,game,incongruent,✅,0.49124605562384593
0,61,sunset,incongruent,✅,0.09239910059895957
0,62,holidays,congruent,✅,0.9680661566380224
0,62,funeral,congruent,✅,0.9942468572019936
0,62,holidays,incongruent,❌,0.9882316459432052
0,62,funeral,incongruent,❌,0.8480026207320337
0,63,grades,congruent,✅,0.7914694005183006
0,63,affair,congruent,✅,0.5569216364371993
0,63,grades,incongruent,✅,0.3656454443159665
0,63,affair,incongruent,❌,0.7441345934623071
0,64,arrest,congruent,✅,0.9240337510204756
0,64,stroke,congruent,❌,0.4639514091461313
0,64,arrest,incongruent,❌,0.5590822596758455
0,64,stroke,incongruent,❌,0.5509390169826354
0,65,pacifier,congruent,✅,0.5910917187883751
0,65,coffee,congruent,✅,0.7768583834114802
0,65,pacifier,incongruent,❌,0.5494509469901104
0,65,coffee,incongruent,❌,0.5022952480492091
0,66,sweets,congruent,✅,0.9143973639039378
0,66,sentencing,congruent,❌,0.0827566381431136
0,66,sweets,incongruent,✅,0.002128216478575859
0,66,sentencing,incongruent,✅,0.32352510582480865
0,67,nap,congruent,✅,0.5893380369848255
0,67,selfie,congruent,✅,0.740736626460043
0,67,nap,incongruent,✅,0.294485569646628
0,67,selfie,incongruent,✅,0.40143072206030006
0,68,diaper,congruent,✅,0.9246516882785901
0,68,tire,congruent,✅,0.8021243377319252
0,68,diaper,incongruent,✅,0.4477884510657338
0,68,tire,incongruent,❌,0.8351599586468177
0,69,chemotherapy,congruent,✅,0.7994171693355665
0,69,golf,congruent,✅,0.6764743175430779
0,69,chemotherapy,incongruent,✅,0.014526541817668704
0,69,golf,incongruent,✅,0.08685657931391318
0,7,consensus,congruent,❌,0.24193632472223375
0,7,deadlock,congruent,❌,0.05850923723869549
0,7,consensus,incongruent,✅,0.031956210247214865
0,7,deadlock,incongruent,✅,0.4128044411224746
0,70,thunder,congruent,❌,0.09457130368745312
0,70,lullaby,congruent,✅,0.5704984786268434
0,70,thunder,incongruent,✅,0.21542568993923397
0,70,lullaby,incongruent,✅,0.0588879852330736
0,71,pajamas,congruent,✅,0.8671134590144656
0,71,uniform,congruent,❌,0.4724435423439602
0,71,pajamas,incongruent,✅,0.30317671752524583
0,71,uniform,incongruent,❌,0.8129166584411427
0,72,gown,congruent,❌,0.4857873505124736
0,72,sweats,congruent,❌,0.4273652815308294
0,72,gown,incongruent,✅,0.4348860576479808
0,72,sweats,incongruent,✅,0.25010007433203574
0,73,deadline,congruent,✅,0.9198722035361242
0,73,bed,congruent,✅,0.5374378099512762
0,73,deadline,incongruent,✅,0.15067275512021278
0,73,bed,incongruent,❌,0.8127171426279245
0,74,kindergarten,congruent,✅,0.786192950567429
0,74,jail,congruent,✅,0.7328983889829468
0,74,kindergarten,incongruent,❌,0.6657234117860904
0,74,jail,incongruent,✅,0.4830193052140992
0,75,interrogated,congruent,❌,0.4610777918286008
0,75,tickled,congruent,✅,0.5173795916245412
0,75,interrogated,incongruent,❌,0.5000295601807548
0,75,tickled,incongruent,✅,0.46055255242800347
0,76,sandcastle,congruent,✅,0.5920700569055186
0,76,snowman,congruent,❌,0.0648360966882124
0,76,sandcastle,incongruent,✅,0.07850897431116817
0,76,snowman,incongruent,❌,0.5945472243575997
0,77,music,congruent,✅,0.8705671987444077
0,77,pizza,congruent,✅,0.942222103297757
0,77,music,incongruent,❌,0.8605033889777123
0,77,pizza,incongruent,❌,0.5837341413465014
0,78,playoffs,congruent,❌,0.31509691256144035
0,78,cartoon,congruent,✅,0.9092078626936093
0,78,playoffs,incongruent,❌,0.8240120288554075
0,78,cartoon,incongruent,✅,0.037832103251869115
0,79,alcoholism,congruent,❌,0.13167651237902156
0,79,academics,congruent,✅,0.5022889249639398
0,79,alcoholism,incongruent,✅,0.24800004502164932
0,79,academics,incongruent,✅,0.14323859790077095
0,8,engagement,congruent,❌,0.49296598196457597
0,8,cancer,congruent,✅,0.7428079340975965
0,8,engagement,incongruent,❌,0.5974708103571904
0,8,cancer,incongruent,❌,0.5146690870462107
0,9,terminal,congruent,❌,0.10085613825830464
0,9,classroom,congruent,❌,0.0710636327011961
0,9,terminal,incongruent,✅,0.052628674431283703
0,9,classroom,incongruent,✅,0.08646520601427808
1,0,library,congruent,❌,0.10090972311756218
1,0,refrigerator,congruent,✅,0.715813797110546
1,0,library,incongruent,❌,0.6286081504304981
1,0,refrigerator,incongruent,✅,0.17308568413446698
1,1,disappointment,congruent,❌,0.43853569382280644
1,1,delight,congruent,❌,0.4122045091272332
1,1,disappointment,incongruent,✅,0.2625569312677583
1,1,delight,incongruent,✅,0.493186488663475
1,10,cash,congruent,❌,0.23510746183524409
1,10,groceries,congruent,❌,0.1897999443999357
1,10,cash,incongruent,✅,0.260507239020475
1,10,groceries,incongruent,✅,0.14829628022171015
1,11,lonely,congruent,❌,0.14233144456904773
1,11,confident,congruent,✅,0.7745612838442014
1,11,lonely,incongruent,❌,0.7092618902491589
1,11,confident,incongruent,✅,0.04627712487598957
1,12,joy,congruent,✅,0.8985601071995033
1,12,outrage,congruent,✅,0.5056283250331103
1,12,joy,incongruent,❌,0.5105590916630194
1,12,outrage,incongruent,✅,0.32818103300738505
1,13,traffic,congruent,✅,0.9910358469267508
1,13,snowstorm,congruent,✅,0.9777235015653238
1,13,traffic,incongruent,❌,0.9721863509307017
1,13,snowstorm,incongruent,❌,0.985731702176541
1,14,laughter,congruent,❌,0.32523674046841355
1,14,frustration,congruent,❌,0.4557606614065118
1,14,laughter,incongruent,✅,0.43213838134451704
1,14,frustration,incongruent,✅,0.29984605180623647
1,15,calculator,congruent,❌,0.21873482572487588
1,15,instrument,congruent,❌,0.1671468340083185
1,15,calculator,incongruent,✅,0.02931662249116303
1,15,instrument,incongruent,✅,0.07871426951848609
1,16,orchestra,congruent,✅,0.8447842215021072
1,16,racers,congruent,✅,0.8440359544383903
1,16,orchestra,incongruent,❌,0.608573071433674
1,16,racers,incongruent,❌,0.596703382058336
1,17,retirement,congruent,✅,0.6870929916679769
1,17,playdate,congruent,❌,0.04083194972036313
1,17,retirement,incongruent,✅,0.04549527321405193
1,17,playdate,incongruent,✅,0.4963114416728966
1,18,relieved,congruent,❌,0.2226897277110697
1,18,depressed,congruent,❌,0.20134774538754122
1,18,relieved,incongruent,✅,0.2855751333448401
1,18,depressed,incongruent,✅,0.2808040125129803
1,19,friends,congruent,✅,0.742346636761563
1,19,weight,congruent,✅,0.8760185040486144
1,19,friends,incongruent,❌,0.6893256550939317
1,19,weight,incongruent,❌,0.7060276289279322
1,2,overcoat,congruent,❌,0.36491922802188786
1,2,sandals,congruent,❌,0.4899988119716544
1,2,overcoat,incongruent,✅,0.17537342071732592
1,2,sandals,incongruent,✅,0.3687905516548726
1,20,lipstick,congruent,✅,0.9422996346855994
1,20,song,congruent,✅,0.9748793022769707
1,20,lipstick,incongruent,✅,0.3001774490588948
1,20,song,incongruent,❌,0.7932451936072672
1,21,fought,congruent,❌,0.032137421506451824
1,21,sang,congruent,✅,0.8901813117749879
1,21,fought,incongruent,❌,0.8235197328148279
1,21,sang,incongruent,✅,0.027051171463461865
1,22,skeptical,congruent,❌,0.11525482426336062
1,22,reassured,congruent,❌,0.3069859422491407
1,22,skeptical,incongruent,✅,0.2816953782425642
1,22,reassured,incongruent,✅,0.16967676062304482
1,23,graduation,congruent,✅,0.699529187153324
1,23,operation,congruent,✅,0.5548398903912714
1,23,graduation,incongruent,✅,0.2723893578880933
1,23,operation,incongruent,✅,0.31997707398795106
1,24,bride,congruent,❌,0.48126621153628435
1,24,aftermath,congruent,✅,0.508371609323764
1,24,bride,incongruent,✅,0.21221343794823258
1,24,aftermath,incongruent,✅,0.010801208948546184
1,25,teacher,congruent,✅,0.838623037746819
1,25,daughter,congruent,✅,0.5335747824142479
1,25,teacher,incongruent,✅,0.3154370964269099
1,25,daughter,incongruent,❌,0.8466495238486488
1,26,roommate,congruent,✅,0.5712106785981561
1,26,grandma,congruent,❌,0.24930683128351677
1,26,roommate,incongruent,✅,0.16900235857817564
1,26,grandma,incongruent,❌,0.6370462134293524
1,27,brother,congruent,✅,0.547168759582428
1,27,mother,congruent,✅,0.9747373646368396
1,27,brother,incongruent,❌,0.8286788212919
1,27,mother,incongruent,❌,0.5145038637698844
1,28,preschool,congruent,❌,0.45305763717707354
1,28,prison,congruent,❌,0.4849146232328688
1,28,preschool,incongruent,✅,0.18210685500465057
1,28,prison,incongruent,✅,0.04067176119724952
1,29,hopeful,congruent,✅,0.6988224569261972
1,29,hopeless,congruent,✅,0.6415698998289323
1,29,hopeful,incongruent,✅,0.4335508441937729
1,29,hopeless,incongruent,❌,0.6905013947691466
1,3,marathon,congruent,❌,0.4011458234703233
1,3,exam,congruent,❌,0.21204209373004373
1,3,marathon,incongruent,✅,0.2814785199543723
1,3,exam,incongruent,✅,0.07258292803171566
1,30,appalled,congruent,❌,0.33612060312832587
1,30,overjoyed,congruent,❌,0.2062000240030337
1,30,appalled,incongruent,✅,0.22196892998756002
1,30,overjoyed,incongruent,✅,0.3297511659211534
1,31,reprimand,congruent,❌,0.11932237094607406
1,31,encouragement,congruent,✅,0.5113181627869212
1,31,reprimand,incongruent,❌,0.6249584214467939
1,31,encouragement,incongruent,✅,0.10212100392229612
1,32,angrily,congruent,❌,0.06523095236360162
1,32,cordially,congruent,❌,0.04002857389990916
1,32,angrily,incongruent,✅,0.05561138728014895
1,32,cordially,incongruent,✅,0.038032614428678904
1,33,accusatory,congruent,❌,0.14780902458267964
1,33,flirtatious,congruent,❌,0.20548176692286546
1,33,accusatory,incongruent,✅,0.20044338031645967
1,33,flirtatious,incongruent,✅,0.14201357308924975
1,34,disapprovingly,congruent,✅,0.656260374784334
1,34,lovingly,congruent,✅,0.9546242834382004
1,34,disapprovingly,incongruent,❌,0.9691994449326105
1,34,lovingly,incongruent,❌,0.524983913711893
1,35,playful,congruent,✅,0.8470718710965055
1,35,distant,congruent,❌,0.056063636476680015
1,35,playful,incongruent,✅,0.04746645421461507
1,35,distant,incongruent,❌,0.8037351438462946
1,36,headphones,congruent,✅,0.9847536030613678
1,36,mangoes,congruent,✅,0.6039516227698809
1,36,headphones,incongruent,✅,0.2877228879698834
1,36,mangoes,incongruent,❌,0.6834986583150099
1,37,playroom,congruent,✅,0.8986683455593006
1,37,park,congruent,✅,0.7483286987852801
1,37,playroom,incongruent,❌,0.6237604902084604
1,37,park,incongruent,❌,0.9130025433499753
1,38,bedroom,congruent,✅,0.9005961272494151
1,38,backyard,congruent,✅,0.9437001663150694
1,38,bedroom,incongruent,❌,0.8451027749880192
1,38,backyard,incongruent,❌,0.8183282799875775
1,39,solemnly,congruent,✅,0.9780453000230809
1,39,excitedly,congruent,✅,0.6820824229303908
1,39,solemnly,incongruent,❌,0.652168595170973
1,39,excitedly,incongruent,❌,0.9820660387424563
1,4,menu,congruent,✅,0.619838938990836
1,4,prescription,congruent,✅,0.9267842805157266
1,4,menu,incongruent,❌,0.9366652364119508
1,4,prescription,incongruent,❌,0.5251475057785808
1,40,car,congruent,✅,0.8097200396079284
1,40,sock,congruent,❌,0.12839131871501153
1,40,car,incongruent,✅,0.07149603720204417
1,40,sock,incongruent,❌,0.5430374872082006
1,41,overdressed,congruent,✅,0.6321775140372085
1,41,naked,congruent,✅,0.5976126503796675
1,41,overdressed,incongruent,❌,0.5345555799577209
1,41,naked,incongruent,❌,0.8098794369409047
1,42,shy,congruent,✅,0.6984276744245873
1,42,lively,congruent,✅,0.8882272514279063
1,42,shy,incongruent,❌,0.6214492822778573
1,42,lively,incongruent,❌,0.819498210182192
1,43,offended,congruent,✅,0.7822900422557539
1,43,flattered,congruent,❌,0.4562459431503471
1,43,offended,incongruent,❌,0.5655887951697705
1,43,flattered,incongruent,✅,0.38916784897373047
1,44,grandkid,congruent,✅,0.8188302200025911
1,44,cellmate,congruent,✅,0.6754652403195048
1,44,grandkid,incongruent,✅,0.4533164345724579
1,44,cellmate,incongruent,❌,0.6992471566481643
1,45,promoted,congruent,❌,0.47647738695460645
1,45,fired,congruent,❌,0.10221221901037342
1,45,promoted,incongruent,✅,0.12332041598338839
1,45,fired,incongruent,❌,0.6478005322010525
1,46,shooting,congruent,❌,0.32731168762825924
1,46,celebration,congruent,❌,0.3574343669210285
1,46,shooting,incongruent,✅,0.0983053447497998
1,46,celebration,incongruent,✅,0.3684145960602644
1,47,crayon,congruent,✅,0.6923609696765441
1,47,beer,congruent,✅,0.7711851678840995
1,47,crayon,incongruent,✅,0.09888609404853366
1,47,beer,incongruent,✅,0.4390725345142788
1,48,waiter,congruent,✅,0.5038918370749337
1,48,taxi,congruent,✅,0.5710933422159754
1,48,waiter,incongruent,✅,0.14152373347001404
1,48,taxi,incongruent,❌,0.5785594095045701
1,49,parents,congruent,✅,0.5760530854987558
1,49,keys,congruent,❌,0.09978400319354107
1,49,parents,incongruent,✅,0.07956075443798298
1,49,keys,incongruent,✅,0.38739350063421396
1,5,distress,congruent,✅,0.8258160276555035
1,5,tranquility,congruent,✅,0.8252030849617098
1,5,distress,incongruent,❌,0.8338793072871254
1,5,tranquility,incongruent,❌,0.6587755509526972
1,50,sofa,congruent,✅,0.9480992812596793
1,50,sky,congruent,✅,0.7498829387892687
1,50,sofa,incongruent,✅,0.4470888860337145
1,50,sky,incongruent,❌,0.8321396675081438
1,51,obesity,congruent,✅,0.6057391120235289
1,51,homework,congruent,✅,0.7905533294740075
1,51,obesity,incongruent,✅,0.1498403857261626
1,51,homework,incongruent,❌,0.7387880067426645
1,52,quiz,congruent,❌,0.42360427625660313
1,52,commute,congruent,✅,0.5947245393406009
1,52,quiz,incongruent,✅,0.44334627900343915
1,52,commute,incongruent,✅,0.0762901265182458
1,53,migraine,congruent,✅,0.7336777868743298
1,53,excitement,congruent,✅,0.9763447434144599
1,53,migraine,incongruent,❌,0.9578781759213946
1,53,excitement,incongruent,✅,0.1294873827213683
1,54,niece,congruent,✅,0.7514882550582664
1,54,husband,congruent,✅,0.8092004769159857
1,54,niece,incongruent,❌,0.9699737214999501
1,54,husband,incongruent,✅,0.4728749146849275
1,55,film,congruent,✅,0.8070828015646848
1,55,sunrise,congruent,✅,0.8486385594877468
1,55,film,incongruent,✅,0.1052235854490889
1,55,sunrise,incongruent,❌,0.5928871534747036
1,56,lecture,congruent,❌,0.47380998325446694
1,56,banquet,congruent,✅,0.5605010064610242
1,56,lecture,incongruent,✅,0.10900590459461994
1,56,banquet,incongruent,✅,0.10593469890930368
1,57,drink,congruent,✅,0.8322528583528207
1,57,textbook,congruent,❌,0.3684517807518115
1,57,drink,incongruent,✅,0.08416713340042004
1,57,textbook,incongruent,❌,0.600747172910652
1,58,pool,congruent,✅,0.6342157541181985
1,58,snow,congruent,❌,0.35530015847372814
1,58,pool,incongruent,❌,0.7403459781705208
1,58,snow,incongruent,✅,0.46027039051736424
1,59,passport,congruent,❌,0.47076675024537407
1,59,plushy,congruent,❌,0.4327244640200796
1,59,passport,incongruent,✅,0.41302740738553534
1,59,plushy,incongruent,✅,0.1290193798335297
1,6,patients,congruent,✅,0.9883550076725118
1,6,students,congruent,❌,0.34959664582900407
1,6,patients,incongruent,✅,0.038396144647731036
1,6,students,incongruent,❌,0.8063075790704834
1,60,sister,congruent,✅,0.5887230573635618
1,60,father,congruent,❌,0.08278231621212771
1,60,sister,incongruent,✅,0.16077659438243339
1,60,father,incongruent,❌,0.5508797319763922
1,61,game,congruent,❌,0.21666138140235588
1,61,sunset,congruent,✅,0.8920492803776796
1,61,game,incongruent,❌,0.5425794554201645
1,61,sunset,incongruent,✅,0.06620434257120673
1,62,holidays,congruent,✅,0.9770586417291993
1,62,funeral,congruent,✅,0.9966839043628638
1,62,holidays,incongruent,❌,0.9922517028821622
1,62,funeral,incongruent,❌,0.8826396070229534
1,63,grades,congruent,✅,0.7915831343521149
1,63,affair,congruent,✅,0.5324727105246838
1,63,grades,incongruent,✅,0.3694162167755924
1,63,affair,incongruent,❌,0.7364157097323349
1,64,arrest,congruent,✅,0.9516315679796057
1,64,stroke,congruent,✅,0.5451051783374302
1,64,arrest,incongruent,❌,0.6152071696556802
1,64,stroke,incongruent,❌,0.659024761340064
1,65,pacifier,congruent,❌,0.3710679765908824
1,65,coffee,congruent,✅,0.7183922938253805
1,65,pacifier,incongruent,✅,0.4517681566691162
1,65,coffee,incongruent,✅,0.3083141315036029
1,66,sweets,congruent,✅,0.9159968281518689
1,66,sentencing,congruent,❌,0.07057814022105494
1,66,sweets,incongruent,✅,0.0022177252935259768
1,66,sentencing,incongruent,✅,0.2428175762721591
1,67,nap,congruent,✅,0.6518521230728528
1,67,selfie,congruent,✅,0.7078821678485993
1,67,nap,incongruent,✅,0.20322528043216956
1,67,selfie,incongruent,✅,0.44833006095224015
1,68,diaper,congruent,✅,0.9433103436377498
1,68,tire,congruent,✅,0.8783211936402198
1,68,diaper,incongruent,✅,0.42854494392328457
1,68,tire,incongruent,❌,0.9012913790042557
1,69,chemotherapy,congruent,✅,0.9685670037223367
1,69,golf,congruent,✅,0.7946403542155936
1,69,chemotherapy,incongruent,✅,0.014106202934917168
1,69,golf,incongruent,✅,0.2943918278570668
1,7,consensus,congruent,❌,0.3610169033542463
1,7,deadlock,congruent,❌,0.04867093482626402
1,7,consensus,incongruent,✅,0.024406849507726282
1,7,deadlock,incongruent,❌,0.5967754226901908
1,70,thunder,congruent,❌,0.09697345338660357
1,70,lullaby,congruent,✅,0.5845655907879312
1,70,thunder,incongruent,✅,0.20954309692019393
1,70,lullaby,incongruent,✅,0.057962069438372406
1,71,pajamas,congruent,✅,0.8319498622762189
1,71,uniform,congruent,❌,0.44140163727742643
1,71,pajamas,incongruent,✅,0.3270204227643522
1,71,uniform,incongruent,❌,0.7671708679235404
1,72,gown,congruent,✅,0.604331618040041
1,72,sweats,congruent,❌,0.29339250751744134
1,72,gown,incongruent,✅,0.28268447744531483
1,72,sweats,incongruent,✅,0.4118075281292456
1,73,deadline,congruent,✅,0.9308948078025375
1,73,bed,congruent,✅,0.6374063059852242
1,73,deadline,incongruent,✅,0.1672451760520383
1,73,bed,incongruent,❌,0.8255485130640504
1,74,kindergarten,congruent,✅,0.6998167516545387
1,74,jail,congruent,✅,0.8452798788658586
1,74,kindergarten,incongruent,❌,0.8202700884700549
1,74,jail,incongruent,✅,0.38677092269417873
1,75,interrogated,congruent,✅,0.5644167032247459
1,75,tickled,congruent,✅,0.6472018519753242
1,75,interrogated,incongruent,❌,0.6554082463948706
1,75,tickled,incongruent,❌,0.5284065948963464
1,76,sandcastle,congruent,✅,0.6344865232502788
1,76,snowman,congruent,❌,0.06685231551605197
1,76,sandcastle,incongruent,✅,0.07600143770888168
1,76,snowman,incongruent,❌,0.637646709194844
1,77,music,congruent,✅,0.8924222665419798
1,77,pizza,congruent,✅,0.956627991556663
1,77,music,incongruent,❌,0.8939250813074217
1,77,pizza,incongruent,❌,0.5510051192332003
1,78,playoffs,congruent,❌,0.2644155585268451
1,78,cartoon,congruent,✅,0.8843345220468533
1,78,playoffs,incongruent,❌,0.8017162653847916
1,78,cartoon,incongruent,✅,0.02098541395729041
1,79,alcoholism,congruent,❌,0.1690248466963724
1,79,academics,congruent,❌,0.44314838172585413
1,79,alcoholism,incongruent,✅,0.17117693682354782
1,79,academics,incongruent,✅,0.21182143113885538
1,8,engagement,congruent,✅,0.582525809904829
1,8,cancer,congruent,✅,0.8042114074782558
1,8,engagement,incongruent,❌,0.6358579540766026
1,8,cancer,incongruent,❌,0.599599063952531
1,9,terminal,congruent,❌,0.06806253286687519
1,9,classroom,congruent,❌,0.06131297732135454
1,9,terminal,incongruent,✅,0.05087706733500664
1,9,classroom,incongruent,✅,0.06270045589379115
2,0,library,congruent,❌,0.11148606486432816
2,0,refrigerator,congruent,✅,0.6338199415927618
2,0,library,incongruent,❌,0.5620108246944953
2,0,refrigerator,incongruent,✅,0.16376101644504384
2,1,disappointment,congruent,❌,0.31933880656516594
2,1,delight,congruent,❌,0.34689963020405057
2,1,disappointment,incongruent,✅,0.2021228696470508
2,1,delight,incongruent,✅,0.37336548933751984
2,10,cash,congruent,❌,0.2979971260839962
2,10,groceries,congruent,❌,0.2926343403625698
2,10,cash,incongruent,✅,0.35016501627629165
2,10,groceries,incongruent,✅,0.19114317375145687
2,11,lonely,congruent,✅,0.7457521238020625
2,11,confident,congruent,✅,0.891537513865832
2,11,lonely,incongruent,❌,0.8349067269425089
2,11,confident,incongruent,✅,0.46013897220105293
2,12,joy,congruent,✅,0.8593079339417043
2,12,outrage,congruent,✅,0.6736219023432329
2,12,joy,incongruent,❌,0.6377669781235928
2,12,outrage,incongruent,✅,0.3408880878362624
2,13,traffic,congruent,✅,0.9849068917501682
2,13,snowstorm,congruent,✅,0.962836322235809
2,13,traffic,incongruent,❌,0.9515552573175791
2,13,snowstorm,incongruent,❌,0.9769365834341295
2,14,laughter,congruent,✅,0.512759958190875
2,14,frustration,congruent,❌,0.45222994950753864
2,14,laughter,incongruent,✅,0.4452897807927895
2,14,frustration,incongruent,✅,0.45877042666689943
2,15,calculator,congruent,❌,0.3367836487927014
2,15,instrument,congruent,❌,0.38663244336623087
2,15,calculator,incongruent,✅,0.06276166086275929
2,15,instrument,incongruent,✅,0.1128589035193681
2,16,orchestra,congruent,✅,0.9637779298498028
2,16,racers,congruent,✅,0.6103372294990359
2,16,orchestra,incongruent,✅,0.3472392763823873
2,16,racers,incongruent,❌,0.8475740458136072
2,17,retirement,congruent,✅,0.8030119117551027
2,17,playdate,congruent,❌,0.10205919810481408
2,17,retirement,incongruent,✅,0.10562377118818556
2,17,playdate,incongruent,❌,0.6515845943857956
2,18,relieved,congruent,❌,0.1252016251551959
2,18,depressed,congruent,❌,0.15346523427398828
2,18,relieved,incongruent,✅,0.22571027840867397
2,18,depressed,incongruent,✅,0.15942740465464694
2,19,friends,congruent,✅,0.5829737347325009
2,19,weight,congruent,✅,0.8108781459324071
2,19,friends,incongruent,❌,0.5912784840780562
2,19,weight,incongruent,❌,0.523349082103075
2,2,overcoat,congruent,❌,0.1930654831401783
2,2,sandals,congruent,✅,0.6789148522915004
2,2,overcoat,incongruent,✅,0.3287941101294694
2,2,sandals,incongruent,✅,0.23177951133208763
2,20,lipstick,congruent,✅,0.876565520922679
2,20,song,congruent,✅,0.9692977801267862
2,20,lipstick,incongruent,✅,0.2917475301816154
2,20,song,incongruent,❌,0.6852853191244765
2,21,fought,congruent,❌,0.03744532593052357
2,21,sang,congruent,✅,0.8083904586238493
2,21,fought,incongruent,❌,0.6724343265417156
2,21,sang,incongruent,✅,0.03385806002082076
2,22,skeptical,congruent,❌,0.15976666839944909
2,22,reassured,congruent,❌,0.32267265080812235
2,22,skeptical,incongruent,✅,0.3423224392845683
2,22,reassured,incongruent,✅,0.1865400702483464
2,23,graduation,congruent,✅,0.5718184179698826
2,23,operation,congruent,❌,0.45170318513276825
2,23,graduation,incongruent,✅,0.2111234470200313
2,23,operation,incongruent,✅,0.2410116642358123
2,24,bride,congruent,✅,0.5633759190418632
2,24,aftermath,congruent,❌,0.3797801005330629
2,24,bride,incongruent,✅,0.1619644283123789
2,24,aftermath,incongruent,✅,0.02290332354671724
2,25,teacher,congruent,✅,0.9065575176490126
2,25,daughter,congruent,✅,0.5351229981308278
2,25,teacher,incongruent,✅,0.349950803138557
2,25,daughter,incongruent,❌,0.9082030145356287
2,26,roommate,congruent,✅,0.5561385673207646
2,26,grandma,congruent,❌,0.21749424361846328
2,26,roommate,incongruent,✅,0.16112506607595947
2,26,grandma,incongruent,❌,0.5829362794376125
2,27,brother,congruent,✅,0.5060922845244981
2,27,mother,congruent,✅,0.9353043793473764
2,27,brother,incongruent,❌,0.7183295133523714
2,27,mother,incongruent,❌,0.5010732637697219
2,28,preschool,congruent,❌,0.42530501249962704
2,28,prison,congruent,❌,0.3416095639648897
2,28,preschool,incongruent,✅,0.15714788949286992
2,28,prison,incongruent,✅,0.03983370937017631
2,29,hopeful,congruent,✅,0.6478098190351642
2,29,hopeless,congruent,✅,0.5464070646547327
2,29,hopeful,incongruent,✅,0.35667485015379624
2,29,hopeless,incongruent,❌,0.6483558179917743
2,3,marathon,congruent,❌,0.4347946485059369
2,3,exam,congruent,❌,0.22470119434914
2,3,marathon,incongruent,✅,0.32210099110625334
2,3,exam,incongruent,✅,0.09970067059467047
2,30,appalled,congruent,❌,0.29050751734270264
2,30,overjoyed,congruent,❌,0.18594320512135826
2,30,appalled,incongruent,✅,0.20190770648226739
2,30,overjoyed,incongruent,✅,0.2712782264730391
2,31,reprimand,congruent,❌,0.1050127895882331
2,31,encouragement,congruent,❌,0.39344891121911385
2,31,reprimand,incongruent,✅,0.45769688475275433
2,31,encouragement,incongruent,✅,0.0887338028605861
2,32,angrily,congruent,❌,0.07427182452967221
2,32,cordially,congruent,❌,0.032512848410896654
2,32,angrily,incongruent,✅,0.043557544003870574
2,32,cordially,incongruent,✅,0.04162779651710215
2,33,accusatory,congruent,❌,0.10855321292747984
2,33,flirtatious,congruent,❌,0.3190416916940718
2,33,accusatory,incongruent,✅,0.33705383369620523
2,33,flirtatious,incongruent,✅,0.09671418896062316
2,34,disapprovingly,congruent,✅,0.5890252553232502
2,34,lovingly,congruent,✅,0.9496418274262801
2,34,disapprovingly,incongruent,❌,0.9593236948857996
2,34,lovingly,incongruent,✅,0.4956098140739127
2,35,playful,congruent,✅,0.8987425750276918
2,35,distant,congruent,❌,0.07036829948978453
2,35,playful,incongruent,✅,0.060311402445174446
2,35,distant,incongruent,❌,0.8720392891052464
2,36,headphones,congruent,✅,0.9841254427333482
2,36,mangoes,congruent,✅,0.6201761752804238
2,36,headphones,incongruent,✅,0.2680571724501742
2,36,mangoes,incongruent,❌,0.7005610947738539
2,37,playroom,congruent,✅,0.8506557516730491
2,37,park,congruent,✅,0.7128006790866137
2,37,playroom,incongruent,❌,0.5717177591080728
2,37,park,incongruent,❌,0.8783743217838076
2,38,bedroom,congruent,✅,0.9118597502952216
2,38,backyard,congruent,✅,0.8518033087132977
2,38,bedroom,incongruent,❌,0.6878441372785118
2,38,backyard,incongruent,❌,0.8459057456659607
2,39,solemnly,congruent,✅,0.9588238062154255
2,39,excitedly,congruent,✅,0.7358105259232698
2,39,solemnly,incongruent,❌,0.7236818671374626
2,39,excitedly,incongruent,❌,0.9585298297111685
2,4,menu,congruent,✅,0.5529761017978286
2,4,prescription,congruent,✅,0.7862205094563707
2,4,menu,incongruent,❌,0.812665533236229
2,4,prescription,incongruent,✅,0.4548680217474153
2,40,car,congruent,✅,0.8137385260422522
2,40,sock,congruent,❌,0.07061843206807493
2,40,car,incongruent,✅,0.03933127833740308
2,40,sock,incongruent,❌,0.5760557558694146
2,41,overdressed,congruent,✅,0.5897111874617738
2,41,naked,congruent,✅,0.6039601920720127
2,41,overdressed,incongruent,❌,0.5703382055905742
2,41,naked,incongruent,❌,0.7391658620519543
2,42,shy,congruent,❌,0.4817026717310416
2,42,lively,congruent,✅,0.7525187058906704
2,42,shy,incongruent,✅,0.4457755245882016
2,42,lively,incongruent,❌,0.6152483157957738
2,43,offended,congruent,✅,0.8636681353200012
2,43,flattered,congruent,❌,0.43945372669442706
2,43,offended,incongruent,❌,0.5098401492477302
2,43,flattered,incongruent,❌,0.5830818069830048
2,44,grandkid,congruent,✅,0.8743694179206887
2,44,cellmate,congruent,✅,0.7543340063515962
2,44,grandkid,incongruent,❌,0.5724598101732234
2,44,cellmate,incongruent,❌,0.8011468961968703
2,45,promoted,congruent,✅,0.62918099650312
2,45,fired,congruent,❌,0.16173731055311483
2,45,promoted,incongruent,✅,0.17210793162888022
2,45,fired,incongruent,❌,0.7718164728055056
2,46,shooting,congruent,✅,0.668082144902147
2,46,celebration,congruent,❌,0.22856799565175484
2,46,shooting,incongruent,✅,0.07336884491357885
2,46,celebration,incongruent,❌,0.7036930183306268
2,47,crayon,congruent,✅,0.7888381169260448
2,47,beer,congruent,✅,0.7737503538572369
2,47,crayon,incongruent,✅,0.1608982937339973
2,47,beer,incongruent,❌,0.535012853199691
2,48,waiter,congruent,❌,0.4214543313916043
2,48,taxi,congruent,✅,0.5980724468639311
2,48,waiter,incongruent,✅,0.1786247618712173
2,48,taxi,incongruent,✅,0.4837966020069184
2,49,parents,congruent,✅,0.6088334744252135
2,49,keys,congruent,❌,0.10070968547467526
2,49,parents,incongruent,✅,0.07828380938599762
2,49,keys,incongruent,✅,0.48018187843140736
2,5,distress,congruent,✅,0.7760615750259745
2,5,tranquility,congruent,✅,0.7565616100855248
2,5,distress,incongruent,❌,0.7718908409269128
2,5,tranquility,incongruent,❌,0.5955835914249499
2,50,sofa,congruent,✅,0.9329405084335817
2,50,sky,congruent,✅,0.7832604524468514
2,50,sofa,incongruent,❌,0.5318476752079417
2,50,sky,incongruent,❌,0.7997222618795538
2,51,obesity,congruent,❌,0.47275219121609713
2,51,homework,congruent,✅,0.8051508547809801
2,51,obesity,incongruent,✅,0.20917327063975089
2,51,homework,incongruent,❌,0.6332506319269824
2,52,quiz,congruent,❌,0.440825747591211
2,52,commute,congruent,❌,0.4898993997292595
2,52,quiz,incongruent,✅,0.3430143692742348
2,52,commute,incongruent,✅,0.09290851626398776
2,53,migraine,congruent,❌,0.4755909232739745
2,53,excitement,congruent,✅,0.9140047382120268
2,53,migraine,incongruent,❌,0.8646578781018921
2,53,excitement,incongruent,✅,0.05801289031257766
2,54,niece,congruent,✅,0.7039572527524919
2,54,husband,congruent,✅,0.6859870093894871
2,54,niece,incongruent,❌,0.9239631526788107
2,54,husband,incongruent,✅,0.4669227077356792
2,55,film,congruent,✅,0.8396586308441991
2,55,sunrise,congruent,✅,0.7061337550444577
2,55,film,incongruent,✅,0.0560081664099532
2,55,sunrise,incongruent,❌,0.7418651019181404
2,56,lecture,congruent,✅,0.5093888151289816
2,56,banquet,congruent,❌,0.432864046342894
2,56,lecture,incongruent,✅,0.07646564524117257
2,56,banquet,incongruent,✅,0.12717104344753347
2,57,drink,congruent,✅,0.7367429684744607
2,57,textbook,congruent,❌,0.3358484712057583
2,57,drink,incongruent,✅,0.09435759238129811
2,57,textbook,incongruent,✅,0.47837506165341104
2,58,pool,congruent,✅,0.5833740881204982
2,58,snow,congruent,❌,0.38237581820209565
2,58,pool,incongruent,❌,0.6884922847755415
2,58,snow,incongruent,✅,0.4215743803737094
2,59,passport,congruent,❌,0.31217495416823654
2,59,plushy,congruent,❌,0.30314146878879666
2,59,passport,incongruent,✅,0.28258858968341877
2,59,plushy,incongruent,✅,0.09175279738150623
2,6,patients,congruent,✅,0.9616832952781984
2,6,students,congruent,❌,0.46641318617938454
2,6,patients,incongruent,✅,0.07778974951871903
2,6,students,incongruent,❌,0.6481913200592334
2,60,sister,congruent,✅,0.5520306397812971
2,60,father,congruent,❌,0.17941852056217236
2,60,sister,incongruent,✅,0.2872673116792673
2,60,father,incongruent,❌,0.5107023529804305
2,61,game,congruent,❌,0.24109158355651372
2,61,sunset,congruent,✅,0.7757930274172772
2,61,game,incongruent,✅,0.32779835795199586
2,61,sunset,incongruent,✅,0.11709320005737626
2,62,holidays,congruent,✅,0.9873403433996512
2,62,funeral,congruent,✅,0.9953777807003478
2,62,holidays,incongruent,❌,0.9885549588632662
2,62,funeral,incongruent,❌,0.9533105711412515
2,63,grades,congruent,✅,0.7946806422792225
2,63,affair,congruent,❌,0.32049282837213805
2,63,grades,incongruent,✅,0.2040587472979073
2,63,affair,incongruent,❌,0.7327393058682381
2,64,arrest,congruent,✅,0.9256410909990854
2,64,stroke,congruent,✅,0.5119218521684055
2,64,arrest,incongruent,❌,0.5477169083913223
2,64,stroke,incongruent,❌,0.6269659529144865
2,65,pacifier,congruent,❌,0.32533211760023245
2,65,coffee,congruent,✅,0.8236675945137995
2,65,pacifier,incongruent,❌,0.637104532034323
2,65,coffee,incongruent,✅,0.256110926368445
2,66,sweets,congruent,✅,0.8892318585375035
2,66,sentencing,congruent,❌,0.20275565825229558
2,66,sweets,incongruent,✅,0.006524772398152156
2,66,sentencing,incongruent,✅,0.28856783929356056
2,67,nap,congruent,✅,0.6054133518247186
2,67,selfie,congruent,✅,0.6787904826306446
2,67,nap,incongruent,✅,0.24282075634496705
2,67,selfie,incongruent,✅,0.40745719700494043
2,68,diaper,congruent,✅,0.905548422430502
2,68,tire,congruent,✅,0.8776580031047003
2,68,diaper,incongruent,✅,0.3948129231487149
2,68,tire,incongruent,❌,0.8736223796583191
2,69,chemotherapy,congruent,✅,0.9443861831630246
2,69,golf,congruent,✅,0.7230576689414914
2,69,chemotherapy,incongruent,✅,0.024974191946089328
2,69,golf,incongruent,✅,0.25931884376587266
2,7,consensus,congruent,❌,0.4724117725753366
2,7,deadlock,congruent,❌,0.11440620903451233
2,7,consensus,incongruent,✅,0.05917776560206544
2,7,deadlock,incongruent,❌,0.6955870138948476
2,70,thunder,congruent,❌,0.05236192239209563
2,70,lullaby,congruent,✅,0.5287858476426318
2,70,thunder,incongruent,✅,0.2403902424004506
2,70,lullaby,incongruent,✅,0.025701801965469142
2,71,pajamas,congruent,✅,0.7766907602784505
2,71,uniform,congruent,❌,0.36152210050902994
2,71,pajamas,incongruent,✅,0.26527619162900135
2,71,uniform,incongruent,❌,0.6582269317713186
2,72,gown,congruent,✅,0.7788008218151412
2,72,sweats,congruent,❌,0.2319602030831332
2,72,gown,incongruent,✅,0.23113356401323665
2,72,sweats,incongruent,❌,0.653088594381114
2,73,deadline,congruent,✅,0.8694651290280342
2,73,bed,congruent,✅,0.519590613641095
2,73,deadline,incongruent,✅,0.1382414499498818
2,73,bed,incongruent,❌,0.7179654765680379
2,74,kindergarten,congruent,✅,0.5666390396089431
2,74,jail,congruent,✅,0.9659388643594691
2,74,kindergarten,incongruent,❌,0.9581360059251822
2,74,jail,incongruent,✅,0.31910960432277247
2,75,interrogated,congruent,✅,0.6650302666533217
2,75,tickled,congruent,✅,0.7338017166790883
2,75,interrogated,incongruent,❌,0.7178518961541609
2,75,tickled,incongruent,❌,0.6236400874708623
2,76,sandcastle,congruent,✅,0.5304999942632562
2,76,snowman,congruent,❌,0.22969677149141995
2,76,sandcastle,incongruent,✅,0.2569030124903898
2,76,snowman,incongruent,❌,0.5084664111472457
2,77,music,congruent,✅,0.8238053116142297
2,77,pizza,congruent,✅,0.8932490122910506
2,77,music,incongruent,❌,0.7725159109184104
2,77,pizza,incongruent,✅,0.4788318910188001
2,78,playoffs,congruent,❌,0.21668931352528387
2,78,cartoon,congruent,✅,0.8190643701074616
2,78,playoffs,incongruent,❌,0.7512116638322742
2,78,cartoon,incongruent,✅,0.013691917463733326
2,79,alcoholism,congruent,❌,0.1597646760423719
2,79,academics,congruent,❌,0.45831771061192655
2,79,alcoholism,incongruent,✅,0.20816560111152282
2,79,academics,incongruent,✅,0.1603993499737845
2,8,engagement,congruent,✅,0.7040305230353157
2,8,cancer,congruent,✅,0.6553676848604879
2,8,engagement,incongruent,✅,0.48499107667816965
2,8,cancer,incongruent,❌,0.7165145654590755
2,9,terminal,congruent,❌,0.03929219712127651
2,9,classroom,congruent,❌,0.06567506652358428
2,9,terminal,incongruent,✅,0.048207832643757026
2,9,classroom,incongruent,✅,0.04646507820588326
3,0,library,congruent,❌,0.07169079236218596
3,0,refrigerator,congruent,❌,0.24319337405582886
3,0,library,incongruent,✅,0.18468354412515084
3,0,refrigerator,incongruent,✅,0.08072503737866896
3,1,disappointment,congruent,❌,0.4232916948616999
3,1,delight,congruent,❌,0.23521482317261327
3,1,disappointment,incongruent,✅,0.14611501721200723
3,1,delight,incongruent,✅,0.4121754191360643
3,10,cash,congruent,❌,0.3476725379222729
3,10,groceries,congruent,❌,0.4873486535714186
3,10,cash,incongruent,✅,0.40573171075784864
3,10,groceries,incongruent,✅,0.18669689225883318
3,11,lonely,congruent,✅,0.7671504437732258
3,11,confident,congruent,✅,0.7931753650442241
3,11,lonely,incongruent,❌,0.7156970722632897
3,11,confident,incongruent,✅,0.4493246988457665
3,12,joy,congruent,✅,0.9772628327832527
3,12,outrage,congruent,✅,0.8545268959275087
3,12,joy,incongruent,❌,0.872984147981556
3,12,outrage,incongruent,❌,0.7941062418796789
3,13,traffic,congruent,✅,0.9606472681145405
3,13,snowstorm,congruent,✅,0.9375479559603808
3,13,traffic,incongruent,❌,0.9016770588539958
3,13,snowstorm,incongruent,❌,0.9397550865779802
3,14,laughter,congruent,✅,0.8391722343963953
3,14,frustration,congruent,❌,0.3032872266211342
3,14,laughter,incongruent,✅,0.32548832679364686
3,14,frustration,incongruent,❌,0.7483988049349967
3,15,calculator,congruent,❌,0.22332283590052882
3,15,instrument,congruent,❌,0.31588752553320226
3,15,calculator,incongruent,✅,0.06309826603414899
3,15,instrument,incongruent,✅,0.06369505108196633
3,16,orchestra,congruent,✅,0.9452715351469121
3,16,racers,congruent,✅,0.7143519439631987
3,16,orchestra,incongruent,❌,0.5364446184248876
3,16,racers,incongruent,❌,0.8394618828554404
3,17,retirement,congruent,✅,0.7322040751180894
3,17,playdate,congruent,❌,0.08376071527521721
3,17,retirement,incongruent,✅,0.10308807531415086
3,17,playdate,incongruent,✅,0.4590844316697612
3,18,relieved,congruent,❌,0.0667684179096156
3,18,depressed,congruent,❌,0.04692571005015975
3,18,relieved,incongruent,✅,0.06962941724119963
3,18,depressed,incongruent,✅,0.08788728218896949
3,19,friends,congruent,✅,0.6147272877175488
3,19,weight,congruent,✅,0.7410005877988849
3,19,friends,incongruent,❌,0.5225872567687018
3,19,weight,incongruent,❌,0.5014691667008766
3,2,overcoat,congruent,❌,0.2336052730288507
3,2,sandals,congruent,✅,0.6880749864603318
3,2,overcoat,incongruent,✅,0.3212559303026529
3,2,sandals,incongruent,✅,0.4000242399511385
3,20,lipstick,congruent,✅,0.7521426307819425
3,20,song,congruent,✅,0.9274089002862987
3,20,lipstick,incongruent,✅,0.21279582398365532
3,20,song,incongruent,❌,0.6940991463438256
3,21,fought,congruent,❌,0.03836912992830736
3,21,sang,congruent,✅,0.7681890420712598
3,21,fought,incongruent,❌,0.5676282582545616
3,21,sang,incongruent,✅,0.045350463551915056
3,22,skeptical,congruent,❌,0.3158127117221177
3,22,reassured,congruent,❌,0.18891152044461548
3,22,skeptical,incongruent,✅,0.18352041616987116
3,22,reassured,incongruent,✅,0.3667808623000719
3,23,graduation,congruent,❌,0.38502909732935275
3,23,operation,congruent,❌,0.45095662405674497
3,23,graduation,incongruent,✅,0.23457441233881451
3,23,operation,incongruent,✅,0.12772228144875147
3,24,bride,congruent,✅,0.5850363306929917
3,24,aftermath,congruent,❌,0.4437441808186785
3,24,bride,incongruent,✅,0.25065822710611724
3,24,aftermath,incongruent,✅,0.042274088292031026
3,25,teacher,congruent,✅,0.8391512816661296
3,25,daughter,congruent,✅,0.5051944374899674
3,25,teacher,incongruent,✅,0.364958907879258
3,25,daughter,incongruent,❌,0.8426918580949663
3,26,roommate,congruent,✅,0.6515976091179295
3,26,grandma,congruent,❌,0.3393639295103347
3,26,roommate,incongruent,✅,0.28092532139954496
3,26,grandma,incongruent,❌,0.6790862293802675
3,27,brother,congruent,✅,0.5580642248336788
3,27,mother,congruent,✅,0.9453410058455785
3,27,brother,incongruent,❌,0.7818642970638395
3,27,mother,incongruent,❌,0.5439547586054962
3,28,preschool,congruent,✅,0.7325327746749982
3,28,prison,congruent,❌,0.3460640478891223
3,28,preschool,incongruent,✅,0.18208420224873095
3,28,prison,incongruent,✅,0.12579904777995812
3,29,hopeful,congruent,❌,0.35346793088621514
3,29,hopeless,congruent,✅,0.6856261933639876
3,29,hopeful,incongruent,✅,0.3009810295765077
3,29,hopeless,incongruent,✅,0.4952023843778222
3,3,marathon,congruent,❌,0.24324473932976393
3,3,exam,congruent,✅,0.8268901758612517
3,3,marathon,incongruent,❌,0.7916223379049411
3,3,exam,incongruent,✅,0.05270288745468578
3,30,appalled,congruent,❌,0.1973495899123211
3,30,overjoyed,congruent,❌,0.13851815797379394
3,30,appalled,incongruent,✅,0.14315051243852425
3,30,overjoyed,incongruent,✅,0.1713058199385252
3,31,reprimand,congruent,❌,0.11779004776878106
3,31,encouragement,congruent,❌,0.34917971410959286
3,31,reprimand,incongruent,✅,0.3670804480092677
3,31,encouragement,incongruent,✅,0.10048590297680739
3,32,angrily,congruent,❌,0.352467970096377
3,32,cordially,congruent,❌,0.08547244087031433
3,32,angrily,incongruent,✅,0.09846176857727333
3,32,cordially,incongruent,✅,0.2364761208868132
3,33,accusatory,congruent,❌,0.06220472006373618
3,33,flirtatious,congruent,✅,0.6235470893469801
3,33,accusatory,incongruent,❌,0.6672632959499438
3,33,flirtatious,incongruent,✅,0.04715892563570977
3,34,disapprovingly,congruent,❌,0.3209252880121002
3,34,lovingly,congruent,✅,0.6952278047641369
3,34,disapprovingly,incongruent,❌,0.7397088923154712
3,34,lovingly,incongruent,✅,0.22753674202422863
3,35,playful,congruent,✅,0.8566552613385312
3,35,distant,congruent,❌,0.14660625246086162
3,35,playful,incongruent,✅,0.1172928596214125
3,35,distant,incongruent,❌,0.8335405811337628
3,36,headphones,congruent,✅,0.9433023486328594
3,36,mangoes,congruent,✅,0.7673393760520709
3,36,headphones,incongruent,✅,0.31899954659227664
3,36,mangoes,incongruent,❌,0.5382387961398521
3,37,playroom,congruent,✅,0.7956018330411888
3,37,park,congruent,✅,0.8731892936800519
3,37,playroom,incongruent,❌,0.6268605134086342
3,37,park,incongruent,❌,0.8335573335505612
3,38,bedroom,congruent,✅,0.7901201028200867
3,38,backyard,congruent,✅,0.5180393552691015
3,38,bedroom,incongruent,✅,0.3432984936710629
3,38,backyard,incongruent,❌,0.6581525591832533
3,39,solemnly,congruent,✅,0.7796649281539713
3,39,excitedly,congruent,❌,0.2609820522246809
3,39,solemnly,incongruent,✅,0.27412285450940116
3,39,excitedly,incongruent,❌,0.7465395065285825
3,4,menu,congruent,✅,0.6808155080732324
3,4,prescription,congruent,✅,0.5699930639722464
3,4,menu,incongruent,❌,0.5517967687604245
3,4,prescription,incongruent,❌,0.5342262761322043
3,40,car,congruent,✅,0.6424024675512647
3,40,sock,congruent,❌,0.05670563418763125
3,40,car,incongruent,✅,0.034884007543551934
3,40,sock,incongruent,✅,0.40639450755429773
3,41,overdressed,congruent,✅,0.8674012507396904
3,41,naked,congruent,❌,0.18548042299131534
3,41,overdressed,incongruent,✅,0.26360515480194313
3,41,naked,incongruent,❌,0.9094740741482371
3,42,shy,congruent,✅,0.6564318517354549
3,42,lively,congruent,✅,0.6186019087593405
3,42,shy,incongruent,✅,0.33126740094469176
3,42,lively,incongruent,❌,0.6667142537675805
3,43,offended,congruent,✅,0.8088951863338552
3,43,flattered,congruent,✅,0.5260835460795963
3,43,offended,incongruent,❌,0.5670031953493372
3,43,flattered,incongruent,❌,0.5145600603606901
3,44,grandkid,congruent,✅,0.7645440828990684
3,44,cellmate,congruent,✅,0.6786786811814975
3,44,grandkid,incongruent,❌,0.5466051340715727
3,44,cellmate,incongruent,❌,0.6814001887831024
3,45,promoted,congruent,❌,0.42116921330385415
3,45,fired,congruent,❌,0.44949326134111556
3,45,promoted,incongruent,✅,0.4371462574258557
3,45,fired,incongruent,❌,0.5782902057145729
3,46,shooting,congruent,✅,0.6196502201826692
3,46,celebration,congruent,❌,0.4790824501374371
3,46,shooting,incongruent,✅,0.16324454376460762
3,46,celebration,incongruent,❌,0.6648200792008347
3,47,crayon,congruent,❌,0.4877556576845232
3,47,beer,congruent,✅,0.524378850823362
3,47,crayon,incongruent,✅,0.11193006391430677
3,47,beer,incongruent,✅,0.29764113671687387
3,48,waiter,congruent,✅,0.5049317264378655
3,48,taxi,congruent,✅,0.530415889860919
3,48,waiter,incongruent,✅,0.1442938458526683
3,48,taxi,incongruent,❌,0.5820717927125811
3,49,parents,congruent,✅,0.6415142158101436
3,49,keys,congruent,❌,0.11720641275581922
3,49,parents,incongruent,✅,0.08532848594413832
3,49,keys,incongruent,❌,0.5635679457810108
3,5,distress,congruent,✅,0.6550717225662376
3,5,tranquility,congruent,❌,0.47603823889488633
3,5,distress,incongruent,❌,0.5361219165477898
3,5,tranquility,incongruent,✅,0.4387636193833996
3,50,sofa,congruent,✅,0.8402874358597333
3,50,sky,congruent,✅,0.9147020961170149
3,50,sofa,incongruent,❌,0.801736448207293
3,50,sky,incongruent,❌,0.550865110909711
3,51,obesity,congruent,❌,0.4972442118680911
3,51,homework,congruent,❌,0.45664887827446404
3,51,obesity,incongruent,✅,0.0767252926861202
3,51,homework,incongruent,❌,0.6106824557916054
3,52,quiz,congruent,❌,0.19871368145059437
3,52,commute,congruent,✅,0.5076050365777838
3,52,quiz,incongruent,✅,0.30180736473591663
3,52,commute,incongruent,✅,0.03428433760761349
3,53,migraine,congruent,✅,0.6592591904833858
3,53,excitement,congruent,✅,0.8253317448473423
3,53,migraine,incongruent,❌,0.704291072082556
3,53,excitement,incongruent,✅,0.25476164999317646
3,54,niece,congruent,✅,0.7662714034608495
3,54,husband,congruent,✅,0.819875964686269
3,54,niece,incongruent,❌,0.9531944238798736
3,54,husband,incongruent,✅,0.4684212363470942
3,55,film,congruent,✅,0.572676583647051
3,55,sunrise,congruent,✅,0.5725785257191249
3,55,film,incongruent,✅,0.05286474199750233
3,55,sunrise,incongruent,✅,0.40847117169032515
3,56,lecture,congruent,❌,0.4781895502079426
3,56,banquet,congruent,❌,0.18413665912843677
3,56,lecture,incongruent,✅,0.040602564555620356
3,56,banquet,incongruent,✅,0.14765593236733873
3,57,drink,congruent,✅,0.8793771798047616
3,57,textbook,congruent,✅,0.6682403815641359
3,57,drink,incongruent,✅,0.23818947241350372
3,57,textbook,incongruent,❌,0.7379482643004811
3,58,pool,congruent,✅,0.7442436410316775
3,58,snow,congruent,❌,0.30179019366165016
3,58,pool,incongruent,❌,0.6137243804386506
3,58,snow,incongruent,✅,0.3489683318137677
3,59,passport,congruent,❌,0.23881922014586549
3,59,plushy,congruent,❌,0.3236881255753018
3,59,passport,incongruent,✅,0.2327284197708346
3,59,plushy,incongruent,✅,0.04606964189807109
3,6,patients,congruent,✅,0.9460706196975911
3,6,students,congruent,❌,0.4989683236096305
3,6,patients,incongruent,✅,0.1136512879480594
3,6,students,incongruent,❌,0.5608393691054513
3,60,sister,congruent,❌,0.3893649070319653
3,60,father,congruent,❌,0.10834901524712663
3,60,sister,incongruent,✅,0.12374602962254126
3,60,father,incongruent,✅,0.36147363358208645
3,61,game,congruent,❌,0.1515205296547276
3,61,sunset,congruent,✅,0.6604063399268384
3,61,game,incongruent,✅,0.28850585518948874
3,61,sunset,incongruent,✅,0.07077764991125313
3,62,holidays,congruent,✅,0.9830036672649137
3,62,funeral,congruent,✅,0.9802608437770188
3,62,holidays,incongruent,❌,0.9489781156019018
3,62,funeral,incongruent,❌,0.9414820638037685
3,63,grades,congruent,✅,0.5376520524233533
3,63,affair,congruent,❌,0.13686598045944814
3,63,grades,incongruent,✅,0.09542630829888764
3,63,affair,incongruent,✅,0.4402941912998915
3,64,arrest,congruent,✅,0.9301172334750515
3,64,stroke,congruent,❌,0.4039439440505931
3,64,arrest,incongruent,✅,0.4173022814504464
3,64,stroke,incongruent,❌,0.7479306811239768
3,65,pacifier,congruent,❌,0.3703216411330589
3,65,coffee,congruent,✅,0.7485000763711794
3,65,pacifier,incongruent,❌,0.5742615214076204
3,65,coffee,incongruent,✅,0.29834189691811325
3,66,sweets,congruent,✅,0.8785805041152762
3,66,sentencing,congruent,❌,0.4200877075535252
3,66,sweets,incongruent,✅,0.014411155323562378
3,66,sentencing,incongruent,✅,0.3074236394994454
3,67,nap,congruent,✅,0.6201629103770429
3,67,selfie,congruent,✅,0.6698510612736357
3,67,nap,incongruent,✅,0.368497392780209
3,67,selfie,incongruent,✅,0.41320357156768184
3,68,diaper,congruent,✅,0.9234865671385305
3,68,tire,congruent,✅,0.9127342710621406
3,68,diaper,incongruent,✅,0.4333209597699147
3,68,tire,incongruent,❌,0.8609926164125755
3,69,chemotherapy,congruent,✅,0.7400708474161228
3,69,golf,congruent,✅,0.9427484040286755
3,69,chemotherapy,incongruent,✅,0.04301034025226484
3,69,golf,incongruent,✅,0.12060656728227004
3,7,consensus,congruent,❌,0.37706546682443515
3,7,deadlock,congruent,❌,0.323184108804665
3,7,consensus,incongruent,✅,0.14117589260263272
3,7,deadlock,incongruent,❌,0.6046029273596102
3,70,thunder,congruent,❌,0.09426449194986157
3,70,lullaby,congruent,❌,0.35532249736423366
3,70,thunder,incongruent,✅,0.19498335981659426
3,70,lullaby,incongruent,✅,0.02667086914431475
3,71,pajamas,congruent,✅,0.688353774625466
3,71,uniform,congruent,❌,0.2897481813856273
3,71,pajamas,incongruent,✅,0.2178210051144056
3,71,uniform,incongruent,✅,0.4723993461855982
3,72,gown,congruent,✅,0.8933992772842716
3,72,sweats,congruent,❌,0.39166694932405477
3,72,gown,incongruent,✅,0.3102229960398458
3,72,sweats,incongruent,❌,0.8361480914917007
3,73,deadline,congruent,✅,0.600482483645961
3,73,bed,congruent,✅,0.6722181391739314
3,73,deadline,incongruent,✅,0.21150989752618568
3,73,bed,incongruent,✅,0.3749698767990429
3,74,kindergarten,congruent,✅,0.6311351460326907
3,74,jail,congruent,✅,0.9290997959283214
3,74,kindergarten,incongruent,❌,0.9136067627222798
3,74,jail,incongruent,✅,0.392720096376713
3,75,interrogated,congruent,✅,0.5611221680266957
3,75,tickled,congruent,✅,0.6802041551682068
3,75,interrogated,incongruent,❌,0.7021605606820587
3,75,tickled,incongruent,✅,0.40905490433518416
3,76,sandcastle,congruent,❌,0.1922978910457883
3,76,snowman,congruent,❌,0.26913568625587214
3,76,sandcastle,incongruent,✅,0.2018408426314614
3,76,snowman,incongruent,✅,0.2709263019596097
3,77,music,congruent,✅,0.650359120902037
3,77,pizza,congruent,✅,0.948376567548193
3,77,music,incongruent,❌,0.7768711666255992
3,77,pizza,incongruent,✅,0.3004311963742595
3,78,playoffs,congruent,❌,0.3062989671162953
3,78,cartoon,congruent,✅,0.8555599305893054
3,78,playoffs,incongruent,❌,0.7326367873468825
3,78,cartoon,incongruent,✅,0.031558092260174454
3,79,alcoholism,congruent,❌,0.18863506839148966
3,79,academics,congruent,❌,0.37674278878164974
3,79,alcoholism,incongruent,✅,0.13746479417551138
3,79,academics,incongruent,✅,0.22178131664532738
3,8,engagement,congruent,✅,0.6189751405937232
3,8,cancer,congruent,✅,0.5787990736982285
3,8,engagement,incongruent,✅,0.42388774233680443
3,8,cancer,incongruent,❌,0.6181946078773427
3,9,terminal,congruent,❌,0.044539515598703665
3,9,classroom,congruent,❌,0.2615042364066007
3,9,terminal,incongruent,✅,0.12569121042604778
3,9,classroom,incongruent,✅,0.04421238418845741
4,0,library,congruent,❌,0.1300994617639673
4,0,refrigerator,congruent,❌,0.274978108373634
4,0,library,incongruent,✅,0.20424286196595393
4,0,refrigerator,incongruent,✅,0.14297510368524158
4,1,disappointment,congruent,❌,0.421872919486308
4,1,delight,congruent,❌,0.25535370042721306
4,1,disappointment,incongruent,✅,0.18085846925043117
4,1,delight,incongruent,✅,0.4204377787344584
4,10,cash,congruent,❌,0.4586832227432619
4,10,groceries,congruent,❌,0.40648642533552737
4,10,cash,incongruent,✅,0.33747459909303984
4,10,groceries,incongruent,✅,0.2865167058125658
4,11,lonely,congruent,✅,0.5644987593562821
4,11,confident,congruent,✅,0.7823866845758323
4,11,lonely,incongruent,❌,0.7269682449875512
4,11,confident,incongruent,✅,0.337518637483188
4,12,joy,congruent,✅,0.9279359483385804
4,12,outrage,congruent,✅,0.7665089411826506
4,12,joy,incongruent,❌,0.7797754911370223
4,12,outrage,incongruent,❌,0.6891766636043566
4,13,traffic,congruent,✅,0.9019149076017904
4,13,snowstorm,congruent,✅,0.8939639224827385
4,13,traffic,incongruent,❌,0.8353321830466842
4,13,snowstorm,incongruent,❌,0.8686738419420358
4,14,laughter,congruent,✅,0.8449560256626908
4,14,frustration,congruent,✅,0.5403364775326184
4,14,laughter,incongruent,❌,0.5663564256831285
4,14,frustration,incongruent,❌,0.7845888992069604
4,15,calculator,congruent,❌,0.4170798942239196
4,15,instrument,congruent,❌,0.4172298090764865
4,15,calculator,incongruent,✅,0.13409966846602003
4,15,instrument,incongruent,✅,0.1855462480767531
4,16,orchestra,congruent,✅,0.9648367765533122
4,16,racers,congruent,✅,0.5908644326624233
4,16,orchestra,incongruent,✅,0.43445620720052947
4,16,racers,incongruent,❌,0.9100212075074671
4,17,retirement,congruent,✅,0.7594975459434332
4,17,playdate,congruent,❌,0.09513953847326892
4,17,retirement,incongruent,✅,0.11224654563268807
4,17,playdate,incongruent,❌,0.5709350994148403
4,18,relieved,congruent,❌,0.12502315818980178
4,18,depressed,congruent,❌,0.12403356995336856
4,18,relieved,incongruent,✅,0.16091984834043685
4,18,depressed,incongruent,✅,0.14472611448319755
4,19,friends,congruent,✅,0.6493020828610644
4,19,weight,congruent,✅,0.5950503342997265
4,19,friends,incongruent,✅,0.4325213093834328
4,19,weight,incongruent,❌,0.5469195236266237
4,2,overcoat,congruent,❌,0.38089313588083873
4,2,sandals,congruent,✅,0.7079507594966015
4,2,overcoat,incongruent,✅,0.4479005702386939
4,2,sandals,incongruent,❌,0.5110038728929839
4,20,lipstick,congruent,✅,0.9052391648067075
4,20,song,congruent,✅,0.9230704563330451
4,20,lipstick,incongruent,✅,0.33745677417242276
4,20,song,incongruent,❌,0.8236286537561545
4,21,fought,congruent,❌,0.054796056065031434
4,21,sang,congruent,✅,0.5562243983655628
4,21,fought,incongruent,✅,0.3683693056220087
4,21,sang,incongruent,✅,0.05776507235095196
4,22,skeptical,congruent,❌,0.4364824734606836
4,22,reassured,congruent,❌,0.3519037232697421
4,22,skeptical,incongruent,✅,0.3490865660981828
4,22,reassured,incongruent,✅,0.4651231818747632
4,23,graduation,congruent,✅,0.5466956714862968
4,23,operation,congruent,✅,0.5893620960772532
4,23,graduation,incongruent,✅,0.31678764634468126
4,23,operation,incongruent,✅,0.26629831661015513
4,24,bride,congruent,✅,0.554311493334249
4,24,aftermath,congruent,❌,0.45502928463270453
4,24,bride,incongruent,✅,0.3060073407691951
4,24,aftermath,incongruent,✅,0.0759566326142446
4,25,teacher,congruent,✅,0.7917470935323194
4,25,daughter,congruent,✅,0.7056797747143986
4,25,teacher,incongruent,❌,0.6048546563395659
4,25,daughter,incongruent,❌,0.7870627305754013
4,26,roommate,congruent,✅,0.7268097857010168
4,26,grandma,congruent,✅,0.5335428532790379
4,26,roommate,incongruent,✅,0.4544815220117269
4,26,grandma,incongruent,❌,0.7565363784078771
4,27,brother,congruent,❌,0.4162325804031109
4,27,mother,congruent,✅,0.8366303186869518
4,27,brother,incongruent,❌,0.5844975744581449
4,27,mother,incongruent,✅,0.4381972518870671
4,28,preschool,congruent,✅,0.6607810413380566
4,28,prison,congruent,✅,0.5065654127335965
4,28,preschool,incongruent,✅,0.35785506919757587
4,28,prison,incongruent,✅,0.1720574872675788
4,29,hopeful,congruent,✅,0.5381809526551975
4,29,hopeless,congruent,✅,0.6594218109808453
4,29,hopeful,incongruent,✅,0.36481230760953604
4,29,hopeless,incongruent,❌,0.649329479582515
4,3,marathon,congruent,❌,0.2961248963213925
4,3,exam,congruent,✅,0.8744274830016752
4,3,marathon,incongruent,❌,0.8267127272854358
4,3,exam,incongruent,✅,0.0919193938717848
4,30,appalled,congruent,❌,0.2744981352578501
4,30,overjoyed,congruent,❌,0.23717854938513025
4,30,appalled,incongruent,✅,0.24486761837766036
4,30,overjoyed,incongruent,✅,0.2559924515558725
4,31,reprimand,congruent,❌,0.1277250310750679
4,31,encouragement,congruent,❌,0.4435567564856125
4,31,reprimand,incongruent,✅,0.4618820836705477
4,31,encouragement,incongruent,✅,0.11282006603785528
4,32,angrily,congruent,❌,0.27078533220988593
4,32,cordially,congruent,❌,0.1377826956442991
4,32,angrily,incongruent,✅,0.14578376346792912
4,32,cordially,incongruent,✅,0.20616681317747362
4,33,accusatory,congruent,❌,0.15596889847091044
4,33,flirtatious,congruent,✅,0.5536400592436477
4,33,accusatory,incongruent,❌,0.6037943964686123
4,33,flirtatious,incongruent,✅,0.11652075366096844
4,34,disapprovingly,congruent,❌,0.33624223473518006
4,34,lovingly,congruent,✅,0.6604398963605274
4,34,disapprovingly,incongruent,❌,0.6850748691865103
4,34,lovingly,incongruent,✅,0.2670386472809433
4,35,playful,congruent,✅,0.8245572616647306
4,35,distant,congruent,❌,0.2299458050769474
4,35,playful,incongruent,✅,0.2038525916593141
4,35,distant,incongruent,❌,0.8047402764303925
4,36,headphones,congruent,✅,0.8651854240218427
4,36,mangoes,congruent,✅,0.7243652538920027
4,36,headphones,incongruent,✅,0.3484686955385908
4,36,mangoes,incongruent,✅,0.45207752043968846
4,37,playroom,congruent,✅,0.834891820351291
4,37,park,congruent,✅,0.8212187745288099
4,37,playroom,incongruent,❌,0.621699703497212
4,37,park,incongruent,❌,0.8594230875948773
4,38,bedroom,congruent,✅,0.8327310495981637
4,38,backyard,congruent,✅,0.5704550626207633
4,38,bedroom,incongruent,✅,0.4527782226650879
4,38,backyard,incongruent,❌,0.7165682106288164
4,39,solemnly,congruent,✅,0.7624084596712046
4,39,excitedly,congruent,❌,0.43991976293679924
4,39,solemnly,incongruent,✅,0.4464395682749014
4,39,excitedly,incongruent,❌,0.7384636736009296
4,4,menu,congruent,✅,0.6159087527082626
4,4,prescription,congruent,❌,0.4476615479483353
4,4,menu,incongruent,✅,0.37330954196024435
4,4,prescription,incongruent,✅,0.44686560864758706
4,40,car,congruent,✅,0.7434676631070668
4,40,sock,congruent,❌,0.14667414763997055
4,40,car,incongruent,✅,0.0866950347454531
4,40,sock,incongruent,❌,0.591634167527179
4,41,overdressed,congruent,✅,0.6971081809520207
4,41,naked,congruent,❌,0.29493707083635284
4,41,overdressed,incongruent,✅,0.34932560436765464
4,41,naked,incongruent,❌,0.7702012877134111
4,42,shy,congruent,❌,0.4552430132364495
4,42,lively,congruent,✅,0.6180040187343171
4,42,shy,incongruent,✅,0.40868193585206913
4,42,lively,incongruent,✅,0.46960403571546366
4,43,offended,congruent,✅,0.6660349155913466
4,43,flattered,congruent,✅,0.530885076793779
4,43,offended,incongruent,❌,0.5625838806279458
4,43,flattered,incongruent,✅,0.4136612204114887
4,44,grandkid,congruent,✅,0.7036378978093208
4,44,cellmate,congruent,❌,0.31620250704534963
4,44,grandkid,incongruent,✅,0.2204978875294757
4,44,cellmate,incongruent,❌,0.6578479597357044
4,45,promoted,congruent,❌,0.34258945174051564
4,45,fired,congruent,❌,0.3788882964477436
4,45,promoted,incongruent,✅,0.3874429238625096
4,45,fired,incongruent,✅,0.43115793293113547
4,46,shooting,congruent,✅,0.671594255751736
4,46,celebration,congruent,❌,0.4498741481805567
4,46,shooting,incongruent,✅,0.1929441272510583
4,46,celebration,incongruent,❌,0.7150580067916964
4,47,crayon,congruent,❌,0.2945947519230718
4,47,beer,congruent,✅,0.5555387170547191
4,47,crayon,incongruent,✅,0.18252088253185686
4,47,beer,incongruent,✅,0.2009183852863499
4,48,waiter,congruent,❌,0.4308909106393305
4,48,taxi,congruent,✅,0.5824238511899681
4,48,waiter,incongruent,✅,0.2256118829308919
4,48,taxi,incongruent,✅,0.49541339936592593
4,49,parents,congruent,✅,0.5618000552952601
4,49,keys,congruent,❌,0.1355646547721219
4,49,parents,incongruent,✅,0.09947585854326818
4,49,keys,incongruent,❌,0.5069729910213788
4,5,distress,congruent,❌,0.3730832272855289
4,5,tranquility,congruent,❌,0.36945884590976585
4,5,distress,incongruent,✅,0.39313642529172693
4,5,tranquility,incongruent,✅,0.2404384053392233
4,50,sofa,congruent,✅,0.7658576091454462
4,50,sky,congruent,✅,0.895293998887905
4,50,sofa,incongruent,❌,0.7989351680545568
4,50,sky,incongruent,❌,0.5060090866882259
4,51,obesity,congruent,✅,0.502463375149234
4,51,homework,congruent,✅,0.5527959809421312
4,51,obesity,incongruent,✅,0.15449576863548614
4,51,homework,incongruent,❌,0.5153337850573265
4,52,quiz,congruent,❌,0.20209202332179804
4,52,commute,congruent,✅,0.5524771337646266
4,52,quiz,incongruent,✅,0.3601680967827361
4,52,commute,incongruent,✅,0.04458095757785771
4,53,migraine,congruent,✅,0.6546781527551758
4,53,excitement,congruent,✅,0.674890208788712
4,53,migraine,incongruent,❌,0.5534494563071202
4,53,excitement,incongruent,✅,0.3107326233081437
4,54,niece,congruent,✅,0.6649983479895858
4,54,husband,congruent,✅,0.7777360297624516
4,54,niece,incongruent,❌,0.922553035757099
4,54,husband,incongruent,✅,0.3765881945993981
4,55,film,congruent,✅,0.6949061037396816
4,55,sunrise,congruent,✅,0.753553956559987
4,55,film,incongruent,✅,0.19575297374662168
4,55,sunrise,incongruent,❌,0.5385834029015082
4,56,lecture,congruent,❌,0.38022489126549974
4,56,banquet,congruent,❌,0.2978879595420986
4,56,lecture,incongruent,✅,0.1020297528474848
4,56,banquet,incongruent,✅,0.13722334848164885
4,57,drink,congruent,✅,0.8284798898382938
4,57,textbook,congruent,✅,0.6415822378808811
4,57,drink,incongruent,✅,0.2811264879843887
4,57,textbook,incongruent,❌,0.6860383936388078
4,58,pool,congruent,✅,0.6891557506487108
4,58,snow,congruent,❌,0.346621909005629
4,58,pool,incongruent,❌,0.554084015202934
4,58,snow,incongruent,✅,0.3953462756200378
4,59,passport,congruent,❌,0.28540698855634666
4,59,plushy,congruent,❌,0.20495349916093641
4,59,passport,incongruent,✅,0.14807050145495154
4,59,plushy,incongruent,✅,0.08234441248413411
4,6,patients,congruent,✅,0.9123043682008366
4,6,students,congruent,❌,0.47428304391077153
4,6,patients,incongruent,✅,0.14612351694253417
4,6,students,incongruent,❌,0.5289367141157372
4,60,sister,congruent,✅,0.5510802940178756
4,60,father,congruent,❌,0.2914536872228344
4,60,sister,incongruent,✅,0.30775763980966425
4,60,father,incongruent,❌,0.5450483951207692
4,61,game,congruent,❌,0.2747273427827831
4,61,sunset,congruent,✅,0.8841579666503072
4,61,game,incongruent,❌,0.6455964809156961
4,61,sunset,incongruent,✅,0.18196491007476825
4,62,holidays,congruent,✅,0.9601529845428002
4,62,funeral,congruent,✅,0.9550243364471451
4,62,holidays,incongruent,❌,0.9135271502328802
4,62,funeral,incongruent,❌,0.9033905771138632
4,63,grades,congruent,✅,0.7187102930534323
4,63,affair,congruent,❌,0.24149058231426385
4,63,grades,incongruent,✅,0.19598309691661775
4,63,affair,incongruent,❌,0.5967932978952488
4,64,arrest,congruent,✅,0.8844213252032107
4,64,stroke,congruent,❌,0.34710081368390966
4,64,arrest,incongruent,✅,0.3156266691606081
4,64,stroke,incongruent,❌,0.7209094040492185
4,65,pacifier,congruent,❌,0.2970453321936248
4,65,coffee,congruent,✅,0.7568147466075776
4,65,pacifier,incongruent,❌,0.6319573285219136
4,65,coffee,incongruent,✅,0.2315744311456394
4,66,sweets,congruent,✅,0.8913140823924315
4,66,sentencing,congruent,❌,0.39752086436408535
4,66,sweets,incongruent,✅,0.03513642812479962
4,66,sentencing,incongruent,✅,0.4258241363586534
4,67,nap,congruent,✅,0.838919804077704
4,67,selfie,congruent,✅,0.5460113127034002
4,67,nap,incongruent,✅,0.3137124020122571
4,67,selfie,incongruent,❌,0.7322669975169607
4,68,diaper,congruent,✅,0.9041374420216227
4,68,tire,congruent,✅,0.8722597311491498
4,68,diaper,incongruent,✅,0.4214753483862873
4,68,tire,incongruent,❌,0.8777083971572471
4,69,chemotherapy,congruent,✅,0.6718179330791175
4,69,golf,congruent,✅,0.8415453554154733
4,69,chemotherapy,incongruent,✅,0.041351210275473185
4,69,golf,incongruent,✅,0.144584606407742
4,7,consensus,congruent,✅,0.5458604989831721
4,7,deadlock,congruent,❌,0.34474208421346897
4,7,consensus,incongruent,✅,0.18510114098361066
4,7,deadlock,incongruent,❌,0.7064484140167887
4,70,thunder,congruent,❌,0.11771062031178013
4,70,lullaby,congruent,❌,0.16781651049165042
4,70,thunder,incongruent,✅,0.09607914964230085
4,70,lullaby,incongruent,✅,0.03935047902419289
4,71,pajamas,congruent,❌,0.48463027505672285
4,71,uniform,congruent,❌,0.31977384761019517
4,71,pajamas,incongruent,✅,0.27066252463530494
4,71,uniform,incongruent,✅,0.28659157956870795
4,72,gown,congruent,✅,0.8884642404310197
4,72,sweats,congruent,✅,0.5317616246082865
4,72,gown,incongruent,✅,0.4725689963222273
4,72,sweats,incongruent,❌,0.8407517662952861
4,73,deadline,congruent,✅,0.5690520355401516
4,73,bed,congruent,✅,0.6995903101037573
4,73,deadline,incongruent,✅,0.2482204485728815
4,73,bed,incongruent,✅,0.4341977610286479
4,74,kindergarten,congruent,✅,0.5157492940922338
4,74,jail,congruent,✅,0.8551747845945981
4,74,kindergarten,incongruent,❌,0.833164320474392
4,74,jail,incongruent,✅,0.36263701347873617
4,75,interrogated,congruent,✅,0.5873011523555455
4,75,tickled,congruent,✅,0.6626964349320408
4,75,interrogated,incongruent,❌,0.7070350968923689
4,75,tickled,incongruent,✅,0.41756369718811104
4,76,sandcastle,congruent,❌,0.2159045338697158
4,76,snowman,congruent,❌,0.30818631021924453
4,76,sandcastle,incongruent,✅,0.2196242975988939
4,76,snowman,incongruent,✅,0.2940945922015798
4,77,music,congruent,✅,0.6835920887632904
4,77,pizza,congruent,✅,0.8901597281789968
4,77,music,incongruent,❌,0.7048071658184757
4,77,pizza,incongruent,✅,0.3799443650679663
4,78,playoffs,congruent,❌,0.30652120877202016
4,78,cartoon,congruent,✅,0.856793560376752
4,78,playoffs,incongruent,❌,0.7619495694608365
4,78,cartoon,incongruent,✅,0.04542163514120677
4,79,alcoholism,congruent,❌,0.1371386442214662
4,79,academics,congruent,❌,0.41538453292711114
4,79,alcoholism,incongruent,✅,0.14989116977535624
4,79,academics,incongruent,✅,0.14339975962958834
4,8,engagement,congruent,✅,0.5506506673185427
4,8,cancer,congruent,✅,0.6183762379108256
4,8,engagement,incongruent,✅,0.47395165355280106
4,8,cancer,incongruent,❌,0.5704492842029505
4,9,terminal,congruent,❌,0.10009670226362606
4,9,classroom,congruent,❌,0.27872134499088086
4,9,terminal,incongruent,✅,0.16886912468061846
4,9,classroom,incongruent,✅,0.09215980894329692
5,0,library,congruent,❌,0.16837475203164506
5,0,refrigerator,congruent,❌,0.22437404049074736
5,0,library,incongruent,✅,0.1331565489037937
5,0,refrigerator,incongruent,✅,0.1638027175390742
5,1,disappointment,congruent,❌,0.4965081908014264
5,1,delight,congruent,❌,0.2267307213668219
5,1,disappointment,incongruent,✅,0.1699331931326178
5,1,delight,incongruent,✅,0.49753770084730875
5,10,cash,congruent,✅,0.5075126807035608
5,10,groceries,congruent,❌,0.49530065294147485
5,10,cash,incongruent,✅,0.40016881175758273
5,10,groceries,incongruent,✅,0.3305587083365751
5,11,lonely,congruent,❌,0.4703382073129505
5,11,confident,congruent,✅,0.8042314154229797
5,11,lonely,incongruent,❌,0.7654299337084023
5,11,confident,incongruent,✅,0.2801726384167006
5,12,joy,congruent,✅,0.8367264552146981
5,12,outrage,congruent,✅,0.7741407761310329
5,12,joy,incongruent,❌,0.7950411208015278
5,12,outrage,incongruent,❌,0.5170740743475537
5,13,traffic,congruent,✅,0.8990817313336316
5,13,snowstorm,congruent,✅,0.9196129338758401
5,13,traffic,incongruent,❌,0.8758985676548949
5,13,snowstorm,incongruent,❌,0.865914528777005
5,14,laughter,congruent,✅,0.7443287852944169
5,14,frustration,congruent,❌,0.4473531443658868
5,14,laughter,incongruent,✅,0.46574226289112364
5,14,frustration,incongruent,❌,0.6601439390048813
5,15,calculator,congruent,❌,0.4501270100927522
5,15,instrument,congruent,✅,0.7013799589809315
5,15,calculator,incongruent,✅,0.30162935272514335
5,15,instrument,incongruent,✅,0.2301983950381442
5,16,orchestra,congruent,✅,0.967291045717361
5,16,racers,congruent,✅,0.6425473055949078
5,16,orchestra,incongruent,✅,0.4537088869077764
5,16,racers,incongruent,❌,0.918004756315539
5,17,retirement,congruent,✅,0.745003057589808
5,17,playdate,congruent,❌,0.17009859321739185
5,17,retirement,incongruent,✅,0.19097475496454644
5,17,playdate,incongruent,❌,0.5992574418396949
5,18,relieved,congruent,❌,0.06826130842575762
5,18,depressed,congruent,❌,0.1430027133775752
5,18,relieved,incongruent,✅,0.17697239326278355
5,18,depressed,incongruent,✅,0.08109196711425148
5,19,friends,congruent,✅,0.5934183811189028
5,19,weight,congruent,✅,0.563725463507336
5,19,friends,incongruent,✅,0.4225953488833327
5,19,weight,incongruent,❌,0.5042942035037263
5,2,overcoat,congruent,✅,0.5766967474415391
5,2,sandals,congruent,✅,0.7502839597194274
5,2,overcoat,incongruent,❌,0.5291437436256665
5,2,sandals,incongruent,❌,0.6834733125693803
5,20,lipstick,congruent,✅,0.8437181694928879
5,20,song,congruent,✅,0.8117437286428957
5,20,lipstick,incongruent,✅,0.2651859350654682
5,20,song,incongruent,❌,0.7313220219486966
5,21,fought,congruent,❌,0.06202826739740366
5,21,sang,congruent,❌,0.34717849730538974
5,21,fought,incongruent,✅,0.19310692457112089
5,21,sang,incongruent,✅,0.06585353930197711
5,22,skeptical,congruent,❌,0.27272525965803635
5,22,reassured,congruent,✅,0.5200234137839982
5,22,skeptical,incongruent,❌,0.5036826929621597
5,22,reassured,incongruent,✅,0.28028838742856677
5,23,graduation,congruent,✅,0.7774232509653943
5,23,operation,congruent,✅,0.6668821783802965
5,23,graduation,incongruent,✅,0.3968400514471174
5,23,operation,incongruent,❌,0.5047305511614557
5,24,bride,congruent,✅,0.5774516822034066
5,24,aftermath,congruent,❌,0.4782811183610438
5,24,bride,incongruent,✅,0.3073575944712534
5,24,aftermath,incongruent,✅,0.133957078382492
5,25,teacher,congruent,✅,0.7756159631391418
5,25,daughter,congruent,✅,0.659622056041899
5,25,teacher,incongruent,❌,0.567822923761057
5,25,daughter,incongruent,❌,0.7719780745206232
5,26,roommate,congruent,✅,0.8086083057831485
5,26,grandma,congruent,✅,0.5754229447224449
5,26,roommate,incongruent,✅,0.475872897400051
5,26,grandma,incongruent,❌,0.8381494315340909
5,27,brother,congruent,❌,0.39244152758859036
5,27,mother,congruent,✅,0.8014479642625592
5,27,brother,incongruent,❌,0.5860171820405469
5,27,mother,incongruent,✅,0.39729388685934663
5,28,preschool,congruent,✅,0.6910882746269073
5,28,prison,congruent,✅,0.517618605072118
5,28,preschool,incongruent,✅,0.3888452240251785
5,28,prison,incongruent,✅,0.20180372633186994
5,29,hopeful,congruent,✅,0.7309782587381842
5,29,hopeless,congruent,✅,0.752328379554359
5,29,hopeful,incongruent,❌,0.5201931429219513
5,29,hopeless,incongruent,❌,0.7932049910901005
5,3,marathon,congruent,✅,0.7992404289950036
5,3,exam,congruent,✅,0.9097635455478197
5,3,marathon,incongruent,❌,0.8664796809048253
5,3,exam,incongruent,✅,0.41158429323399487
5,30,appalled,congruent,❌,0.39941992747354993
5,30,overjoyed,congruent,✅,0.5280904545187814
5,30,appalled,incongruent,❌,0.5322091619547891
5,30,overjoyed,incongruent,✅,0.3910752300083906
5,31,reprimand,congruent,❌,0.267681185522944
5,31,encouragement,congruent,✅,0.5072835462235838
5,31,reprimand,incongruent,❌,0.506643901156673
5,31,encouragement,incongruent,✅,0.22361277790835385
5,32,angrily,congruent,❌,0.2228096071114349
5,32,cordially,congruent,❌,0.06224153839491873
5,32,angrily,incongruent,✅,0.06173584409568511
5,32,cordially,incongruent,✅,0.17399671210581377
5,33,accusatory,congruent,❌,0.1558302484008978
5,33,flirtatious,congruent,❌,0.34149614269863776
5,33,accusatory,incongruent,✅,0.3881906413030128
5,33,flirtatious,incongruent,✅,0.11308244794217359
5,34,disapprovingly,congruent,✅,0.5230112743052555
5,34,lovingly,congruent,✅,0.805110120960173
5,34,disapprovingly,incongruent,❌,0.8160552270924364
5,34,lovingly,incongruent,✅,0.4503196380893784
5,35,playful,congruent,✅,0.8210074889279253
5,35,distant,congruent,❌,0.23956429129609003
5,35,playful,incongruent,✅,0.2111706832992802
5,35,distant,incongruent,❌,0.7993704724312659
5,36,headphones,congruent,✅,0.8514524644478636
5,36,mangoes,congruent,✅,0.7658067563444628
5,36,headphones,incongruent,✅,0.40633431235353623
5,36,mangoes,incongruent,✅,0.46226718360108354
5,37,playroom,congruent,❌,0.47124991578498904
5,37,park,congruent,✅,0.7554171206584007
5,37,playroom,incongruent,❌,0.5049390950079871
5,37,park,incongruent,❌,0.5256387197614358
5,38,bedroom,congruent,✅,0.8969986270266955
5,38,backyard,congruent,✅,0.6885366658649065
5,38,bedroom,incongruent,❌,0.6011772594009606
5,38,backyard,incongruent,❌,0.8200452017680206
5,39,solemnly,congruent,✅,0.9269326533853506
5,39,excitedly,congruent,✅,0.6766570281162629
5,39,solemnly,incongruent,❌,0.6558159591852624
5,39,excitedly,incongruent,❌,0.924663596437388
5,4,menu,congruent,✅,0.6360350408929039
5,4,prescription,congruent,✅,0.5229808152786699
5,4,menu,incongruent,✅,0.4430888629001297
5,4,prescription,incongruent,✅,0.4326173138354193
5,40,car,congruent,✅,0.7282366405276078
5,40,sock,congruent,❌,0.18283546681815924
5,40,car,incongruent,✅,0.10123721627860505
5,40,sock,incongruent,❌,0.5751757490364318
5,41,overdressed,congruent,✅,0.6762140043098194
5,41,naked,congruent,❌,0.34393031596724344
5,41,overdressed,incongruent,✅,0.39891690945777963
5,41,naked,incongruent,❌,0.75248275081017
5,42,shy,congruent,❌,0.4472455560597592
5,42,lively,congruent,✅,0.588243817053
5,42,shy,incongruent,✅,0.407029375202628
5,42,lively,incongruent,✅,0.4595785521545784
5,43,offended,congruent,❌,0.4704256849967208
5,43,flattered,congruent,❌,0.45278708042843985
5,43,offended,incongruent,✅,0.49794129224883876
5,43,flattered,incongruent,✅,0.2607446758508523
5,44,grandkid,congruent,✅,0.6248148006402356
5,44,cellmate,congruent,❌,0.18198015573083626
5,44,grandkid,incongruent,✅,0.1311832560599475
5,44,cellmate,incongruent,❌,0.5666286415261951
5,45,promoted,congruent,❌,0.3098883750721348
5,45,fired,congruent,❌,0.33209607706724326
5,45,promoted,incongruent,✅,0.33004349671399275
5,45,fired,incongruent,✅,0.38090133464125664
5,46,shooting,congruent,✅,0.595739535450117
5,46,celebration,congruent,❌,0.4268839203991832
5,46,shooting,incongruent,✅,0.21638685442952413
5,46,celebration,incongruent,❌,0.619982377670179
5,47,crayon,congruent,❌,0.25314280599572025
5,47,beer,congruent,✅,0.6058356337174841
5,47,crayon,incongruent,✅,0.24939034082313505
5,47,beer,incongruent,✅,0.16606727537013605
5,48,waiter,congruent,✅,0.6713149937923782
5,48,taxi,congruent,✅,0.5770820704927769
5,48,waiter,incongruent,✅,0.25414025128458456
5,48,taxi,incongruent,❌,0.7130261998153121
5,49,parents,congruent,✅,0.6459429628043648
5,49,keys,congruent,❌,0.13502356575959568
5,49,parents,incongruent,✅,0.10121032345878131
5,49,keys,incongruent,❌,0.5959944079919505
5,5,distress,congruent,❌,0.4527471332072736
5,5,tranquility,congruent,❌,0.42805979183817666
5,5,distress,incongruent,✅,0.45235193572502463
5,5,tranquility,incongruent,✅,0.3290155556541141
5,50,sofa,congruent,✅,0.6598983196615626
5,50,sky,congruent,✅,0.8938831066447764
5,50,sofa,incongruent,❌,0.8145393316098194
5,50,sky,incongruent,✅,0.4025731441720392
5,51,obesity,congruent,✅,0.526692736406405
5,51,homework,congruent,✅,0.6404879703016139
5,51,obesity,incongruent,✅,0.24586738257175292
5,51,homework,incongruent,❌,0.5491330577084375
5,52,quiz,congruent,❌,0.1289638101066824
5,52,commute,congruent,✅,0.5911023633092235
5,52,quiz,incongruent,✅,0.4187601418741393
5,52,commute,incongruent,✅,0.02766203756917514
5,53,migraine,congruent,✅,0.7722977778435401
5,53,excitement,congruent,✅,0.7200741922463484
5,53,migraine,incongruent,❌,0.6137731288238856
5,53,excitement,incongruent,❌,0.5047721498622153
5,54,niece,congruent,✅,0.687601635093471
5,54,husband,congruent,✅,0.62298872730626
5,54,niece,incongruent,❌,0.849641567901863
5,54,husband,incongruent,✅,0.40713256518191704
5,55,film,congruent,✅,0.8172115308968652
5,55,sunrise,congruent,✅,0.827166232288125
5,55,film,incongruent,✅,0.4034849320716566
5,55,sunrise,incongruent,❌,0.7153060645382737
5,56,lecture,congruent,✅,0.6135848468988615
5,56,banquet,congruent,❌,0.4167469729286865
5,56,lecture,incongruent,✅,0.17058721769064164
5,56,banquet,incongruent,✅,0.31205178898771924
5,57,drink,congruent,✅,0.8410392184496251
5,57,textbook,congruent,✅,0.6374248566123684
5,57,drink,incongruent,✅,0.27197251638646897
5,57,textbook,incongruent,❌,0.7216444174080138
5,58,pool,congruent,✅,0.6913038561363499
5,58,snow,congruent,❌,0.420259889924155
5,58,pool,incongruent,❌,0.6009869851666793
5,58,snow,incongruent,✅,0.3963796696311112
5,59,passport,congruent,❌,0.35343646569174875
5,59,plushy,congruent,❌,0.19112470592506767
5,59,passport,incongruent,✅,0.12495435974713925
5,59,plushy,incongruent,✅,0.10641283800519595
5,6,patients,congruent,✅,0.8110769843831355
5,6,students,congruent,❌,0.4694972485088033
5,6,patients,incongruent,✅,0.1802435621701692
5,6,students,incongruent,✅,0.35449834564840327
5,60,sister,congruent,✅,0.5526026964909082
5,60,father,congruent,❌,0.3101851189381551
5,60,sister,incongruent,✅,0.3263868295544025
5,60,father,incongruent,❌,0.5483089571022428
5,61,game,congruent,❌,0.49783085009479966
5,61,sunset,congruent,✅,0.9433254220685849
5,61,game,incongruent,❌,0.8314202562932381
5,61,sunset,incongruent,✅,0.25654770450944675
5,62,holidays,congruent,✅,0.9078776974131325
5,62,funeral,congruent,✅,0.925626687084967
5,62,holidays,incongruent,❌,0.8530454922145453
5,62,funeral,incongruent,❌,0.8209892989091653
5,63,grades,congruent,✅,0.6796273540050675
5,63,affair,congruent,❌,0.3502754195278131
5,63,grades,incongruent,✅,0.28037514230575733
5,63,affair,incongruent,❌,0.574508779009366
5,64,arrest,congruent,✅,0.8564046828374681
5,64,stroke,congruent,❌,0.22105576484945544
5,64,arrest,incongruent,✅,0.1787887964309241
5,64,stroke,incongruent,❌,0.6910231971147275
5,65,pacifier,congruent,❌,0.3430502532292677
5,65,coffee,congruent,✅,0.6405417146273066
5,65,pacifier,incongruent,❌,0.5277841999466217
5,65,coffee,incongruent,✅,0.25754213322325664
5,66,sweets,congruent,✅,0.8165782390410904
5,66,sentencing,congruent,❌,0.40925932456986225
5,66,sweets,incongruent,✅,0.05913205525415923
5,66,sentencing,incongruent,✅,0.3178905752048605
5,67,nap,congruent,✅,0.8753889548842043
5,67,selfie,congruent,❌,0.15778511402307283
5,67,nap,incongruent,✅,0.07146044470436816
5,67,selfie,incongruent,❌,0.7708821084672057
5,68,diaper,congruent,✅,0.8172242208426697
5,68,tire,congruent,✅,0.9137177931730828
5,68,diaper,incongruent,❌,0.5658299491673979
5,68,tire,incongruent,❌,0.7388310787641463
5,69,chemotherapy,congruent,✅,0.6894949249535522
5,69,golf,congruent,✅,0.8839589255124439
5,69,chemotherapy,incongruent,✅,0.08611546165551774
5,69,golf,incongruent,✅,0.1541341363035961
5,7,consensus,congruent,✅,0.5929435818232885
5,7,deadlock,congruent,❌,0.32152194897553715
5,7,consensus,incongruent,✅,0.1936094036861616
5,7,deadlock,incongruent,❌,0.7315116766716068
5,70,thunder,congruent,❌,0.12066758817770787
5,70,lullaby,congruent,❌,0.2244819274744619
5,70,thunder,incongruent,✅,0.1603608540804651
5,70,lullaby,incongruent,✅,0.04351444561206218
5,71,pajamas,congruent,❌,0.3940934296742474
5,71,uniform,congruent,❌,0.45815838296725725
5,71,pajamas,incongruent,✅,0.37118378134379987
5,71,uniform,incongruent,✅,0.19434394584618872
5,72,gown,congruent,✅,0.8853591071305305
5,72,sweats,congruent,✅,0.5818990943790424
5,72,gown,incongruent,❌,0.5245198784458073
5,72,sweats,incongruent,❌,0.8413323697264993
5,73,deadline,congruent,❌,0.42408726405211916
5,73,bed,congruent,✅,0.674801546880173
5,73,deadline,incongruent,✅,0.21912480224394407
5,73,bed,incongruent,✅,0.3124851488635208
5,74,kindergarten,congruent,✅,0.5830805100938146
5,74,jail,congruent,✅,0.7352948811585275
5,74,kindergarten,incongruent,❌,0.7012964099504964
5,74,jail,incongruent,✅,0.42342485871517344
5,75,interrogated,congruent,✅,0.5686341018206698
5,75,tickled,congruent,❌,0.42870362980677723
5,75,interrogated,incongruent,✅,0.47689530635844174
5,75,tickled,incongruent,✅,0.37728858600578635
5,76,sandcastle,congruent,❌,0.21899050810774348
5,76,snowman,congruent,❌,0.3578970430023283
5,76,sandcastle,incongruent,✅,0.2619299932393878
5,76,snowman,incongruent,✅,0.2765576151271587
5,77,music,congruent,✅,0.6991787102086563
5,77,pizza,congruent,✅,0.9623667968688487
5,77,music,incongruent,❌,0.850515933710725
5,77,pizza,incongruent,✅,0.41601179130109217
5,78,playoffs,congruent,❌,0.3203992962547778
5,78,cartoon,congruent,✅,0.920623416290283
5,78,playoffs,incongruent,❌,0.8486024369805167
5,78,cartoon,incongruent,✅,0.06677324121841503
5,79,alcoholism,congruent,✅,0.72875621874758
5,79,academics,congruent,❌,0.41531308783525633
5,79,alcoholism,incongruent,✅,0.1761577288943926
5,79,academics,incongruent,❌,0.7485482767232821
5,8,engagement,congruent,❌,0.3793203332015445
5,8,cancer,congruent,❌,0.4712476825785453
5,8,engagement,incongruent,✅,0.33126349660877485
5,8,cancer,incongruent,✅,0.4209082363410781
5,9,terminal,congruent,❌,0.14595183894379718
5,9,classroom,congruent,❌,0.3733506445388375
5,9,terminal,incongruent,✅,0.27142983049588415
5,9,classroom,incongruent,✅,0.10334776386550061
6,0,library,congruent,❌,0.3292336987834259
6,0,refrigerator,congruent,✅,0.5326244105018714
6,0,library,incongruent,✅,0.25174759891119486
6,0,refrigerator,incongruent,✅,0.05939483449701446
6,1,disappointment,congruent,✅,0.5051455620191639
6,1,delight,congruent,❌,0.0462507780445483
6,1,disappointment,incongruent,✅,0.02857949482033963
6,1,delight,incongruent,✅,0.49916193473837206
6,10,cash,congruent,✅,0.6592422197210658
6,10,groceries,congruent,✅,0.8961592041210393
6,10,cash,incongruent,✅,0.431418564449288
6,10,groceries,incongruent,✅,0.23050263137114418
6,11,lonely,congruent,✅,0.7427480722621314
6,11,confident,congruent,✅,0.8853213667899487
6,11,lonely,incongruent,❌,0.8150752787379136
6,11,confident,incongruent,✅,0.40544219645696067
6,12,joy,congruent,✅,0.8195118968367779
6,12,outrage,congruent,✅,0.8260201307953198
6,12,joy,incongruent,❌,0.7804890380537712
6,12,outrage,incongruent,❌,0.597051404905615
6,13,traffic,congruent,✅,0.958134585575911
6,13,snowstorm,congruent,✅,0.933387270193827
6,13,traffic,incongruent,❌,0.8272646427201811
6,13,snowstorm,incongruent,❌,0.8579011096565704
6,14,laughter,congruent,✅,0.7639594813752746
6,14,frustration,congruent,✅,0.5796502996033175
6,14,laughter,incongruent,❌,0.5107679595339855
6,14,frustration,incongruent,❌,0.6495194179686515
6,15,calculator,congruent,✅,0.6561207935890734
6,15,instrument,congruent,✅,0.9776048586599604
6,15,calculator,incongruent,✅,0.23950765036410848
6,15,instrument,incongruent,✅,0.150166803927811
6,16,orchestra,congruent,✅,0.9437976386952847
6,16,racers,congruent,✅,0.8657874552515259
6,16,orchestra,incongruent,✅,0.4300666785541024
6,16,racers,incongruent,❌,0.6929609938786573
6,17,retirement,congruent,✅,0.6012691269177317
6,17,playdate,congruent,❌,0.13852730549918607
6,17,retirement,incongruent,✅,0.11825417963364969
6,17,playdate,incongruent,✅,0.2946173988656454
6,18,relieved,congruent,❌,0.17703651260483802
6,18,depressed,congruent,❌,0.2994714592758925
6,18,relieved,incongruent,✅,0.4966339297569429
6,18,depressed,incongruent,✅,0.1813899407593175
6,19,friends,congruent,✅,0.6214938763470211
6,19,weight,congruent,❌,0.47126597808110515
6,19,friends,incongruent,✅,0.15498199148270245
6,19,weight,incongruent,❌,0.5553334931038507
6,2,overcoat,congruent,✅,0.7640895689760435
6,2,sandals,congruent,✅,0.7833954507174553
6,2,overcoat,incongruent,❌,0.7209282985065179
6,2,sandals,incongruent,❌,0.7018767298708829
6,20,lipstick,congruent,✅,0.5462291563403877
6,20,song,congruent,✅,0.7165046964263395
6,20,lipstick,incongruent,✅,0.013700711506201583
6,20,song,incongruent,✅,0.16295001149534571
6,21,fought,congruent,❌,0.062404266009688535
6,21,sang,congruent,✅,0.6694303236460771
6,21,fought,incongruent,✅,0.19539691340613416
6,21,sang,incongruent,✅,0.0638680513475718
6,22,skeptical,congruent,❌,0.10927643585218283
6,22,reassured,congruent,✅,0.5840927421205337
6,22,skeptical,incongruent,❌,0.5333932046349935
6,22,reassured,incongruent,✅,0.1503031575472421
6,23,graduation,congruent,✅,0.9470787889690692
6,23,operation,congruent,✅,0.6758001035157494
6,23,graduation,incongruent,✅,0.32021899842429746
6,23,operation,incongruent,✅,0.12942976914136245
6,24,bride,congruent,✅,0.9468757587219613
6,24,aftermath,congruent,✅,0.6955949659560825
6,24,bride,incongruent,✅,0.2622470598148991
6,24,aftermath,incongruent,✅,0.19522751320956683
6,25,teacher,congruent,✅,0.7905366306588617
6,25,daughter,congruent,✅,0.8075330076588562
6,25,teacher,incongruent,✅,0.3680576466788095
6,25,daughter,incongruent,❌,0.655098008007671
6,26,roommate,congruent,✅,0.7483486170285026
6,26,grandma,congruent,✅,0.5119090480898063
6,26,roommate,incongruent,✅,0.34838751375572014
6,26,grandma,incongruent,❌,0.6760720661538041
6,27,brother,congruent,❌,0.2997144066634249
6,27,mother,congruent,✅,0.5974581377749486
6,27,brother,incongruent,✅,0.3195150717131032
6,27,mother,incongruent,✅,0.2651740815272372
6,28,preschool,congruent,✅,0.6912363442363759
6,28,prison,congruent,✅,0.6757975147535839
6,28,preschool,incongruent,✅,0.09215761128311364
6,28,prison,incongruent,✅,0.014113965729346587
6,29,hopeful,congruent,✅,0.5357339881609829
6,29,hopeless,congruent,❌,0.3963702991855975
6,29,hopeful,incongruent,✅,0.18703252695328604
6,29,hopeless,incongruent,❌,0.5757194655133895
6,3,marathon,congruent,✅,0.9120252284164267
6,3,exam,congruent,✅,0.8358484865175938
6,3,marathon,incongruent,✅,0.31395899916877223
6,3,exam,incongruent,✅,0.2030864381832253
6,30,appalled,congruent,✅,0.5944297136952393
6,30,overjoyed,congruent,❌,0.31393072962339735
6,30,appalled,incongruent,✅,0.3049745163510425
6,30,overjoyed,incongruent,❌,0.56129473368658
6,31,reprimand,congruent,❌,0.4183521978777741
6,31,encouragement,congruent,✅,0.561633343120134
6,31,reprimand,incongruent,❌,0.5105526055449691
6,31,encouragement,incongruent,✅,0.2453915675964202
6,32,angrily,congruent,❌,0.40368626784009987
6,32,cordially,congruent,❌,0.08974274176536916
6,32,angrily,incongruent,✅,0.09155897759188514
6,32,cordially,incongruent,✅,0.28014396262318864
6,33,accusatory,congruent,❌,0.3180187356871921
6,33,flirtatious,congruent,✅,0.566835197448072
6,33,accusatory,incongruent,❌,0.5955858303311633
6,33,flirtatious,incongruent,✅,0.15124897273457713
6,34,disapprovingly,congruent,❌,0.27824946134884676
6,34,lovingly,congruent,✅,0.7244152845294406
6,34,disapprovingly,incongruent,❌,0.7190081743644144
6,34,lovingly,incongruent,✅,0.2486526002181077
6,35,playful,congruent,❌,0.4625473475470339
6,35,distant,congruent,❌,0.1603707396369983
6,35,playful,incongruent,✅,0.14474963595207974
6,35,distant,incongruent,❌,0.5498414291091346
6,36,headphones,congruent,✅,0.6832745418203555
6,36,mangoes,congruent,✅,0.8659577915662908
6,36,headphones,incongruent,✅,0.1863458806769819
6,36,mangoes,incongruent,✅,0.07318480508131801
6,37,playroom,congruent,✅,0.7598674769682825
6,37,park,congruent,✅,0.91894134116758
6,37,playroom,incongruent,❌,0.5049396520230097
6,37,park,incongruent,❌,0.8062407323748045
6,38,bedroom,congruent,✅,0.896066281382953
6,38,backyard,congruent,✅,0.8751826716333048
6,38,bedroom,incongruent,❌,0.7173491320805965
6,38,backyard,incongruent,❌,0.7330635580055077
6,39,solemnly,congruent,✅,0.7751644661124542
6,39,excitedly,congruent,✅,0.589188333254597
6,39,solemnly,incongruent,❌,0.544559491786101
6,39,excitedly,incongruent,❌,0.7364097419550165
6,4,menu,congruent,❌,0.4910007230937365
6,4,prescription,congruent,✅,0.9271219523381576
6,4,menu,incongruent,❌,0.5249645507519455
6,4,prescription,incongruent,✅,0.2726175878065593
6,40,car,congruent,✅,0.5083257224714139
6,40,sock,congruent,❌,0.20535311556817
6,40,car,incongruent,✅,0.020124162892425006
6,40,sock,incongruent,✅,0.08652404858203634
6,41,overdressed,congruent,✅,0.8286507576006081
6,41,naked,congruent,✅,0.9654369772169966
6,41,overdressed,incongruent,❌,0.9322650812209188
6,41,naked,incongruent,❌,0.858259816501327
6,42,shy,congruent,✅,0.6625933646472466
6,42,lively,congruent,✅,0.8200465719868614
6,42,shy,incongruent,❌,0.691744067561123
6,42,lively,incongruent,❌,0.6752507374398259
6,43,offended,congruent,✅,0.5194877087421723
6,43,flattered,congruent,✅,0.5085745141631854
6,43,offended,incongruent,❌,0.5942579741384292
6,43,flattered,incongruent,✅,0.3307217848763159
6,44,grandkid,congruent,✅,0.6657362153864118
6,44,cellmate,congruent,❌,0.16436167829014287
6,44,grandkid,incongruent,✅,0.10258956059170925
6,44,cellmate,incongruent,✅,0.36596482879877856
6,45,promoted,congruent,❌,0.2368130382193638
6,45,fired,congruent,❌,0.2263583050261709
6,45,promoted,incongruent,✅,0.3579070104946125
6,45,fired,incongruent,✅,0.15725927159531333
6,46,shooting,congruent,❌,0.3141258588247195
6,46,celebration,congruent,❌,0.4380057597258635
6,46,shooting,incongruent,✅,0.14913528652088537
6,46,celebration,incongruent,✅,0.2850054149946501
6,47,crayon,congruent,✅,0.7665185677736325
6,47,beer,congruent,✅,0.9229713829780994
6,47,crayon,incongruent,✅,0.04086058446588814
6,47,beer,incongruent,✅,0.4273728571938334
6,48,waiter,congruent,✅,0.7789269217862614
6,48,taxi,congruent,✅,0.722241625756895
6,48,waiter,incongruent,✅,0.2954594090602655
6,48,taxi,incongruent,❌,0.6098355776538245
6,49,parents,congruent,✅,0.593207206979672
6,49,keys,congruent,❌,0.28382272796732294
6,49,parents,incongruent,✅,0.23024504347044053
6,49,keys,incongruent,✅,0.3217267799437603
6,5,distress,congruent,✅,0.6314532345488846
6,5,tranquility,congruent,✅,0.5089800256152114
6,5,distress,incongruent,❌,0.5183610670914786
6,5,tranquility,incongruent,✅,0.3946462320289911
6,50,sofa,congruent,✅,0.8006165021276822
6,50,sky,congruent,✅,0.9204063204044205
6,50,sofa,incongruent,❌,0.692348791139723
6,50,sky,incongruent,✅,0.15713810976733966
6,51,obesity,congruent,✅,0.7993607706596539
6,51,homework,congruent,✅,0.7379606443235077
6,51,obesity,incongruent,✅,0.03957515013505029
6,51,homework,incongruent,❌,0.8310374781713203
6,52,quiz,congruent,❌,0.17840151352794914
6,52,commute,congruent,✅,0.9501999646761407
6,52,quiz,incongruent,❌,0.5675619436619764
6,52,commute,incongruent,✅,0.026590702945454077
6,53,migraine,congruent,❌,0.4317618979719608
6,53,excitement,congruent,✅,0.5976004705748221
6,53,migraine,incongruent,✅,0.49093338626863636
6,53,excitement,incongruent,✅,0.11644064475467927
6,54,niece,congruent,✅,0.9223055278055952
6,54,husband,congruent,❌,0.313813663862894
6,54,niece,incongruent,❌,0.9472205497320143
6,54,husband,incongruent,✅,0.30222166844891896
6,55,film,congruent,✅,0.5690655992137035
6,55,sunrise,congruent,✅,0.946253744985721
6,55,film,incongruent,✅,0.30477765474995233
6,55,sunrise,incongruent,❌,0.6446772139580973
6,56,lecture,congruent,✅,0.8165881397239007
6,56,banquet,congruent,✅,0.9723415418208268
6,56,lecture,incongruent,✅,0.2658808276193806
6,56,banquet,incongruent,✅,0.35615573480724977
6,57,drink,congruent,✅,0.9309715237249561
6,57,textbook,congruent,✅,0.7369721627632814
6,57,drink,incongruent,✅,0.05386666393623823
6,57,textbook,incongruent,✅,0.4103382183209836
6,58,pool,congruent,✅,0.7237768565924961
6,58,snow,congruent,❌,0.1056596863221898
6,58,pool,incongruent,✅,0.15271072205073924
6,58,snow,incongruent,✅,0.18505461621725838
6,59,passport,congruent,✅,0.8378139296526262
6,59,plushy,congruent,❌,0.21818340586147628
6,59,passport,incongruent,✅,0.12853063208827759
6,59,plushy,incongruent,✅,0.26858820793393245
6,6,patients,congruent,✅,0.978321209331202
6,6,students,congruent,✅,0.6709397722361774
6,6,patients,incongruent,✅,0.03231283507165415
6,6,students,incongruent,✅,0.08646338807144903
6,60,sister,congruent,✅,0.6959686807809519
6,60,father,congruent,✅,0.7011425106879676
6,60,sister,incongruent,❌,0.5465930989831853
6,60,father,incongruent,❌,0.7592446179250993
6,61,game,congruent,❌,0.3541256795011767
6,61,sunset,congruent,✅,0.9704739611687649
6,61,game,incongruent,✅,0.4999720898333578
6,61,sunset,incongruent,✅,0.032987104136910646
6,62,holidays,congruent,✅,0.8944335178165085
6,62,funeral,congruent,✅,0.9278422975444816
6,62,holidays,incongruent,❌,0.6520764693053498
6,62,funeral,incongruent,❌,0.7922179106469107
6,63,grades,congruent,✅,0.7375430433118739
6,63,affair,congruent,✅,0.5158960950023969
6,63,grades,incongruent,✅,0.38277589247395477
6,63,affair,incongruent,✅,0.33985051040231806
6,64,arrest,congruent,✅,0.8707163442533885
6,64,stroke,congruent,❌,0.11495121556532883
6,64,arrest,incongruent,✅,0.07372485820473713
6,64,stroke,incongruent,✅,0.4106634806700806
6,65,pacifier,congruent,❌,0.16604590046397144
6,65,coffee,congruent,✅,0.6968179237911863
6,65,pacifier,incongruent,✅,0.12017526764492822
6,65,coffee,incongruent,✅,0.09575579871115354
6,66,sweets,congruent,✅,0.9079708398059554
6,66,sentencing,congruent,✅,0.8323820790467398
6,66,sweets,incongruent,✅,0.0504678435048237
6,66,sentencing,incongruent,✅,0.2727557754573812
6,67,nap,congruent,✅,0.5836431231400335
6,67,selfie,congruent,✅,0.5777781202892379
6,67,nap,incongruent,✅,0.1109085067958837
6,67,selfie,incongruent,✅,0.43823817140071436
6,68,diaper,congruent,✅,0.7495830071149837
6,68,tire,congruent,✅,0.988859361541599
6,68,diaper,incongruent,✅,0.4103484155295301
6,68,tire,incongruent,✅,0.4010993178621302
6,69,chemotherapy,congruent,✅,0.919830411614288
6,69,golf,congruent,✅,0.8476952779210365
6,69,chemotherapy,incongruent,✅,0.005101182706636327
6,69,golf,incongruent,✅,0.11250276557841507
6,7,consensus,congruent,✅,0.8318791752680346
6,7,deadlock,congruent,❌,0.3238577318328624
6,7,consensus,incongruent,✅,0.20438438260116018
6,7,deadlock,incongruent,❌,0.8458574238109046
6,70,thunder,congruent,✅,0.5782588276454688
6,70,lullaby,congruent,❌,0.4600414723502073
6,70,thunder,incongruent,✅,0.07858655885402155
6,70,lullaby,incongruent,✅,0.06799331040001169
6,71,pajamas,congruent,✅,0.6592507943505092
6,71,uniform,congruent,✅,0.7974899139755584
6,71,pajamas,incongruent,❌,0.5406253345690697
6,71,uniform,incongruent,❌,0.5047125435177175
6,72,gown,congruent,✅,0.9840597457001814
6,72,sweats,congruent,✅,0.5792700071715029
6,72,gown,incongruent,✅,0.47850142667219964
6,72,sweats,incongruent,❌,0.8256921963082473
6,73,deadline,congruent,❌,0.44468679992380694
6,73,bed,congruent,✅,0.9213384383870621
6,73,deadline,incongruent,✅,0.12054979891481211
6,73,bed,incongruent,✅,0.30260527782553714
6,74,kindergarten,congruent,✅,0.5004859293749138
6,74,jail,congruent,✅,0.6863531130709859
6,74,kindergarten,incongruent,✅,0.4101531245765452
6,74,jail,incongruent,✅,0.23176179151364673
6,75,interrogated,congruent,✅,0.8379739172972634
6,75,tickled,congruent,✅,0.6552334392695096
6,75,interrogated,incongruent,❌,0.6427464741706824
6,75,tickled,incongruent,✅,0.31901062307633005
6,76,sandcastle,congruent,❌,0.13626410062158414
6,76,snowman,congruent,❌,0.3604555352224463
6,76,sandcastle,incongruent,✅,0.26210876448648857
6,76,snowman,incongruent,✅,0.10438167299397597
6,77,music,congruent,✅,0.957257057586516
6,77,pizza,congruent,✅,0.9564058870141757
6,77,music,incongruent,✅,0.13820434473475876
6,77,pizza,incongruent,✅,0.15986093918194189
6,78,playoffs,congruent,✅,0.6571583612077926
6,78,cartoon,congruent,✅,0.9262103499968509
6,78,playoffs,incongruent,❌,0.7519035716546689
6,78,cartoon,incongruent,✅,0.03304281673865345
6,79,alcoholism,congruent,✅,0.7707551938011022
6,79,academics,congruent,✅,0.5700307811061431
6,79,alcoholism,incongruent,✅,0.043325149341201866
6,79,academics,incongruent,❌,0.7203248763120791
6,8,engagement,congruent,❌,0.42288852607056643
6,8,cancer,congruent,❌,0.2957934765285404
6,8,engagement,incongruent,✅,0.07939488389375512
6,8,cancer,incongruent,❌,0.5261534996841958
6,9,terminal,congruent,✅,0.5598478415047052
6,9,classroom,congruent,❌,0.1533368518470417
6,9,terminal,incongruent,✅,0.050701657213691756
6,9,classroom,incongruent,✅,0.31745603388117716
7,0,library,congruent,✅,0.5110718016802718
7,0,refrigerator,congruent,✅,0.8292738410056806
7,0,library,incongruent,✅,0.3246098689074951
7,0,refrigerator,incongruent,✅,0.04194768055705297
7,1,disappointment,congruent,✅,0.575861330181147
7,1,delight,congruent,❌,0.053166349569682546
7,1,disappointment,incongruent,✅,0.03195283468884468
7,1,delight,incongruent,❌,0.5905697548932758
7,10,cash,congruent,✅,0.5164605641502501
7,10,groceries,congruent,✅,0.8053508704777717
7,10,cash,incongruent,✅,0.33189844081743325
7,10,groceries,incongruent,✅,0.016810967508196457
7,11,lonely,congruent,✅,0.5930331082311479
7,11,confident,congruent,✅,0.8374725526462793
7,11,lonely,incongruent,❌,0.6587316242112291
7,11,confident,incongruent,✅,0.20042982222220582
7,12,joy,congruent,✅,0.7496336843416109
7,12,outrage,congruent,✅,0.7447800070746154
7,12,joy,incongruent,❌,0.5788789680371307
7,12,outrage,incongruent,✅,0.4843019045679257
7,13,traffic,congruent,✅,0.9939442660436062
7,13,snowstorm,congruent,✅,0.9850903310212425
7,13,traffic,incongruent,❌,0.8823955396894552
7,13,snowstorm,incongruent,❌,0.9740995231749335
7,14,laughter,congruent,✅,0.7971196785149298
7,14,frustration,congruent,✅,0.714018615667567
7,14,laughter,incongruent,❌,0.5309358782374572
7,14,frustration,incongruent,❌,0.6935408313985865
7,15,calculator,congruent,✅,0.5767356143036494
7,15,instrument,congruent,✅,0.9547279511051189
7,15,calculator,incongruent,✅,0.20794269539844007
7,15,instrument,incongruent,✅,0.07259863028988978
7,16,orchestra,congruent,✅,0.9292814333839697
7,16,racers,congruent,❌,0.4905690641358119
7,16,orchestra,incongruent,✅,0.025361976705809672
7,16,racers,incongruent,✅,0.42533017290194336
7,17,retirement,congruent,❌,0.3519165176487801
7,17,playdate,congruent,❌,0.06961911923278197
7,17,retirement,incongruent,✅,0.02532317054810772
7,17,playdate,incongruent,✅,0.20990423937137329
7,18,relieved,congruent,❌,0.15877039180476388
7,18,depressed,congruent,❌,0.14156308102639978
7,18,relieved,incongruent,✅,0.2086881236028352
7,18,depressed,incongruent,✅,0.1716291067701528
7,19,friends,congruent,✅,0.5161176914399712
7,19,weight,congruent,✅,0.8071825324450007
7,19,friends,incongruent,✅,0.2785208763781492
7,19,weight,incongruent,✅,0.473234530241795
7,2,overcoat,congruent,❌,0.25306396126073766
7,2,sandals,congruent,✅,0.6601613363834615
7,2,overcoat,incongruent,❌,0.5151135220261782
7,2,sandals,incongruent,✅,0.22897546862125723
7,20,lipstick,congruent,✅,0.8200896523039324
7,20,song,congruent,✅,0.8465129749260224
7,20,lipstick,incongruent,✅,0.05098564657769838
7,20,song,incongruent,✅,0.3308084338707716
7,21,fought,congruent,❌,0.09659772029269198
7,21,sang,congruent,✅,0.8151520786375516
7,21,fought,incongruent,✅,0.21104523420680182
7,21,sang,incongruent,✅,0.05060733958006869
7,22,skeptical,congruent,❌,0.09203414936794853
7,22,reassured,congruent,❌,0.30974717832344356
7,22,skeptical,incongruent,✅,0.2945640360275697
7,22,reassured,incongruent,✅,0.11477936943268939
7,23,graduation,congruent,✅,0.9680123044683495
7,23,operation,congruent,✅,0.9104964687203759
7,23,graduation,incongruent,✅,0.18274895873787955
7,23,operation,incongruent,✅,0.1681446955851016
7,24,bride,congruent,✅,0.939596931054805
7,24,aftermath,congruent,✅,0.8239774980834291
7,24,bride,incongruent,✅,0.15175984470192083
7,24,aftermath,incongruent,✅,0.012119338561633714
7,25,teacher,congruent,✅,0.7295909451716599
7,25,daughter,congruent,✅,0.7073319258164096
7,25,teacher,incongruent,✅,0.2211274829326867
7,25,daughter,incongruent,❌,0.6534487180911973
7,26,roommate,congruent,❌,0.3369439635897622
7,26,grandma,congruent,✅,0.6258284159932823
7,26,roommate,incongruent,✅,0.3098793620942123
7,26,grandma,incongruent,✅,0.29644480246364285
7,27,brother,congruent,❌,0.4823792260593615
7,27,mother,congruent,❌,0.48304853639303535
7,27,brother,incongruent,✅,0.3634301057443528
7,27,mother,incongruent,✅,0.20885690006403504
7,28,preschool,congruent,✅,0.6776557276660345
7,28,prison,congruent,✅,0.5656377894509346
7,28,preschool,incongruent,✅,0.03207759303463191
7,28,prison,incongruent,✅,0.004432139376941584
7,29,hopeful,congruent,✅,0.6402064184737963
7,29,hopeless,congruent,✅,0.7666764301858187
7,29,hopeful,incongruent,✅,0.4921455580182549
7,29,hopeless,incongruent,❌,0.6592215383180053
7,3,marathon,congruent,✅,0.8773408467477884
7,3,exam,congruent,✅,0.7623497668304846
7,3,marathon,incongruent,✅,0.11811741257894452
7,3,exam,incongruent,✅,0.0653287663780276
7,30,appalled,congruent,✅,0.5183213811630375
7,30,overjoyed,congruent,✅,0.5065604629212934
7,30,appalled,incongruent,✅,0.4725425687417322
7,30,overjoyed,incongruent,✅,0.42989668315192847
7,31,reprimand,congruent,✅,0.6134686209369107
7,31,encouragement,congruent,✅,0.5630319631498607
7,31,reprimand,incongruent,✅,0.4867132210755924
7,31,encouragement,incongruent,✅,0.35539546061904037
7,32,angrily,congruent,✅,0.6868356334688068
7,32,cordially,congruent,❌,0.09474361545813285
7,32,angrily,incongruent,✅,0.08786623670064454
7,32,cordially,incongruent,✅,0.31626345078255974
7,33,accusatory,congruent,❌,0.3687289743981209
7,33,flirtatious,congruent,❌,0.3057539597595133
7,33,accusatory,incongruent,✅,0.2771814301361935
7,33,flirtatious,incongruent,✅,0.16705093977097266
7,34,disapprovingly,congruent,❌,0.1303834363537834
7,34,lovingly,congruent,✅,0.51674547921265
7,34,disapprovingly,incongruent,❌,0.5166356729140585
7,34,lovingly,incongruent,✅,0.12041726332505992
7,35,playful,congruent,❌,0.3715949313678735
7,35,distant,congruent,❌,0.09136628878357442
7,35,playful,incongruent,✅,0.08738635114781419
7,35,distant,incongruent,✅,0.3823057466085276
7,36,headphones,congruent,✅,0.7011533831417862
7,36,mangoes,congruent,✅,0.8793405637808835
7,36,headphones,incongruent,✅,0.12966566773439958
7,36,mangoes,incongruent,✅,0.03206847690461943
7,37,playroom,congruent,✅,0.9625020865649191
7,37,park,congruent,✅,0.9805938265336421
7,37,playroom,incongruent,❌,0.620375183063735
7,37,park,incongruent,❌,0.9689106954584453
7,38,bedroom,congruent,✅,0.9134930615048885
7,38,backyard,congruent,✅,0.966351327404437
7,38,bedroom,incongruent,❌,0.8904309883540777
7,38,backyard,incongruent,❌,0.5072199157040355
7,39,solemnly,congruent,✅,0.6745460321529738
7,39,excitedly,congruent,✅,0.501451763467586
7,39,solemnly,incongruent,✅,0.42933448178319217
7,39,excitedly,incongruent,❌,0.6515066899617673
7,4,menu,congruent,✅,0.8322947067178108
7,4,prescription,congruent,✅,0.9630843541416853
7,4,menu,incongruent,❌,0.5441410901963786
7,4,prescription,incongruent,✅,0.1915893205193507
7,40,car,congruent,❌,0.13486205844298568
7,40,sock,congruent,❌,0.20775594353690796
7,40,car,incongruent,✅,0.024487190260881662
7,40,sock,incongruent,✅,0.014502639226787763
7,41,overdressed,congruent,✅,0.9083977123434476
7,41,naked,congruent,✅,0.9221548946861067
7,41,overdressed,incongruent,❌,0.8812218965839943
7,41,naked,incongruent,❌,0.9003149686076143
7,42,shy,congruent,✅,0.8802159665486413
7,42,lively,congruent,✅,0.6162655312589733
7,42,shy,incongruent,✅,0.47495629641850917
7,42,lively,incongruent,❌,0.8599631620418459
7,43,offended,congruent,❌,0.3201683606158049
7,43,flattered,congruent,❌,0.23267308350559193
7,43,offended,incongruent,✅,0.31121331680472225
7,43,flattered,incongruent,✅,0.1392499256163791
7,44,grandkid,congruent,✅,0.8173424374084597
7,44,cellmate,congruent,❌,0.2517528272721504
7,44,grandkid,incongruent,✅,0.15477570449763056
7,44,cellmate,incongruent,✅,0.45210200235485026
7,45,promoted,congruent,❌,0.3334192303720628
7,45,fired,congruent,❌,0.20682051066913862
7,45,promoted,incongruent,✅,0.25119142705517344
7,45,fired,incongruent,✅,0.17821607322768676
7,46,shooting,congruent,❌,0.33378373289223995
7,46,celebration,congruent,❌,0.3968910835115779
7,46,shooting,incongruent,✅,0.10811537809437291
7,46,celebration,incongruent,✅,0.24552190846726543
7,47,crayon,congruent,✅,0.6886898721086656
7,47,beer,congruent,✅,0.9760439073129994
7,47,crayon,incongruent,✅,0.02871142351715464
7,47,beer,incongruent,✅,0.17536213058820752
7,48,waiter,congruent,✅,0.9392439635685917
7,48,taxi,congruent,✅,0.829995551859555
7,48,waiter,incongruent,✅,0.4253837661990334
7,48,taxi,incongruent,❌,0.6871084001072789
7,49,parents,congruent,✅,0.7459781281450653
7,49,keys,congruent,❌,0.393425740823509
7,49,parents,incongruent,✅,0.34459008091243887
7,49,keys,incongruent,✅,0.3438286280236539
7,5,distress,congruent,✅,0.6958626487612938
7,5,tranquility,congruent,✅,0.5688832539474101
7,5,distress,incongruent,✅,0.44243315681685147
7,5,tranquility,incongruent,✅,0.4926237516938583
7,50,sofa,congruent,✅,0.9337585684002304
7,50,sky,congruent,✅,0.9376633275142797
7,50,sofa,incongruent,❌,0.7469913647752785
7,50,sky,incongruent,✅,0.10869188669095314
7,51,obesity,congruent,✅,0.6642620794334845
7,51,homework,congruent,✅,0.9493871770197887
7,51,obesity,incongruent,✅,0.04800213030211727
7,51,homework,incongruent,❌,0.6793062652923166
7,52,quiz,congruent,✅,0.5591061549734991
7,52,commute,congruent,✅,0.9318439071086932
7,52,quiz,incongruent,✅,0.24161352973336003
7,52,commute,incongruent,✅,0.034597853201348845
7,53,migraine,congruent,✅,0.7280947370431613
7,53,excitement,congruent,❌,0.49831709901243215
7,53,migraine,incongruent,✅,0.3552799458395139
7,53,excitement,incongruent,✅,0.23531386841102928
7,54,niece,congruent,✅,0.8447577028368742
7,54,husband,congruent,❌,0.1533486029352828
7,54,niece,incongruent,❌,0.905022143039362
7,54,husband,incongruent,✅,0.0882956901686727
7,55,film,congruent,❌,0.39449005213203014
7,55,sunrise,congruent,✅,0.9290852967864864
7,55,film,incongruent,✅,0.16763860280454632
7,55,sunrise,incongruent,✅,0.2132603679211121
7,56,lecture,congruent,✅,0.8952507073559188
7,56,banquet,congruent,✅,0.9742093276282179
7,56,lecture,incongruent,✅,0.25478490503050505
7,56,banquet,incongruent,✅,0.3285478425824947
7,57,drink,congruent,✅,0.9826034061180515
7,57,textbook,congruent,✅,0.7800025628378805
7,57,drink,incongruent,✅,0.007095686848890692
7,57,textbook,incongruent,✅,0.41311363651887495
7,58,pool,congruent,✅,0.7682110788984036
7,58,snow,congruent,❌,0.45160423125904936
7,58,pool,incongruent,✅,0.43505644459949455
7,58,snow,incongruent,✅,0.2114053791226281
7,59,passport,congruent,✅,0.9153678268315338
7,59,plushy,congruent,❌,0.0843026563128857
7,59,passport,incongruent,✅,0.04273998885029006
7,59,plushy,incongruent,✅,0.1880218613580895
7,6,patients,congruent,✅,0.9810905772334289
7,6,students,congruent,✅,0.7893918360278486
7,6,patients,incongruent,✅,0.03492396472195681
7,6,students,incongruent,✅,0.02028984348166904
7,60,sister,congruent,✅,0.7389647216244074
7,60,father,congruent,✅,0.8742796660296384
7,60,sister,incongruent,❌,0.5104019915190751
7,60,father,incongruent,❌,0.916592694186795
7,61,game,congruent,✅,0.8170079990601941
7,61,sunset,congruent,✅,0.8510691884719537
7,61,game,incongruent,✅,0.2545501875332586
7,61,sunset,incongruent,✅,0.012538799862756496
7,62,holidays,congruent,✅,0.9142376183811471
7,62,funeral,congruent,✅,0.9890534048069042
7,62,holidays,incongruent,❌,0.8027503584737398
7,62,funeral,incongruent,❌,0.7168431191083461
7,63,grades,congruent,✅,0.8405990332352646
7,63,affair,congruent,✅,0.8669108968968522
7,63,grades,incongruent,❌,0.6035869254398336
7,63,affair,incongruent,✅,0.3846862487580791
7,64,arrest,congruent,✅,0.9538031577947232
7,64,stroke,congruent,❌,0.14578389171218992
7,64,arrest,incongruent,✅,0.0740503702040003
7,64,stroke,incongruent,✅,0.4791832843733635
7,65,pacifier,congruent,✅,0.8055497020212224
7,65,coffee,congruent,✅,0.9114630315455748
7,65,pacifier,incongruent,✅,0.094860009132865
7,65,coffee,incongruent,✅,0.33666876281838687
7,66,sweets,congruent,✅,0.9108146943822351
7,66,sentencing,congruent,✅,0.9590663299233753
7,66,sweets,incongruent,✅,0.03749613635152209
7,66,sentencing,incongruent,✅,0.14113954507549684
7,67,nap,congruent,✅,0.8213882013167846
7,67,selfie,congruent,✅,0.62127120604337
7,67,nap,incongruent,✅,0.08969806655840105
7,67,selfie,incongruent,✅,0.26339223506344633
7,68,diaper,congruent,✅,0.8726316786007553
7,68,tire,congruent,✅,0.9915911351152245
7,68,diaper,incongruent,✅,0.15961259995565596
7,68,tire,incongruent,✅,0.19413783664105194
7,69,chemotherapy,congruent,✅,0.9492077770501348
7,69,golf,congruent,✅,0.8473544461934951
7,69,chemotherapy,incongruent,✅,0.006191287983824102
7,69,golf,incongruent,✅,0.10417530373104716
7,7,consensus,congruent,✅,0.757453277574367
7,7,deadlock,congruent,❌,0.22186296180712747
7,7,consensus,incongruent,✅,0.09482615357847113
7,7,deadlock,incongruent,❌,0.7685725933547428
7,70,thunder,congruent,✅,0.7268130825088595
7,70,lullaby,congruent,❌,0.49681857655149575
7,70,thunder,incongruent,✅,0.05356959869692966
7,70,lullaby,incongruent,✅,0.024066206827375026
7,71,pajamas,congruent,✅,0.7623707304458262
7,71,uniform,congruent,✅,0.8925057237566377
7,71,pajamas,incongruent,✅,0.49249125279763634
7,71,uniform,incongruent,✅,0.37558225873041556
7,72,gown,congruent,✅,0.9822741407333812
7,72,sweats,congruent,✅,0.5800815496950947
7,72,gown,incongruent,❌,0.6077866095532591
7,72,sweats,incongruent,❌,0.7625065012701555
7,73,deadline,congruent,❌,0.4109904628692671
7,73,bed,congruent,✅,0.9604645359591835
7,73,deadline,incongruent,✅,0.08375302741562399
7,73,bed,incongruent,✅,0.08264454280808887
7,74,kindergarten,congruent,✅,0.6794530505952355
7,74,jail,congruent,❌,0.400299700992343
7,74,kindergarten,incongruent,✅,0.12111334942476272
7,74,jail,incongruent,✅,0.1581529399129438
7,75,interrogated,congruent,✅,0.984562328981542
7,75,tickled,congruent,✅,0.641747832674551
7,75,interrogated,incongruent,❌,0.6373113989404819
7,75,tickled,incongruent,❌,0.6183465281858009
7,76,sandcastle,congruent,❌,0.08929759895416815
7,76,snowman,congruent,✅,0.5725519950091239
7,76,sandcastle,incongruent,✅,0.4346436423673009
7,76,snowman,incongruent,✅,0.06756302982672942
7,77,music,congruent,✅,0.9580134782423682
7,77,pizza,congruent,✅,0.9977433918100768
7,77,music,incongruent,✅,0.29592719800748923
7,77,pizza,incongruent,✅,0.03461129315855806
7,78,playoffs,congruent,✅,0.8252219107503193
7,78,cartoon,congruent,✅,0.8614060846487821
7,78,playoffs,incongruent,❌,0.5586087583625807
7,78,cartoon,incongruent,✅,0.017244896176836385
7,79,alcoholism,congruent,✅,0.8714004969736743
7,79,academics,congruent,✅,0.9234813073127124
7,79,alcoholism,incongruent,✅,0.2624072954584275
7,79,academics,incongruent,❌,0.869339887032487
7,8,engagement,congruent,✅,0.7229677773760534
7,8,cancer,congruent,❌,0.37293503147698737
7,8,engagement,incongruent,✅,0.12417065738493371
7,8,cancer,incongruent,❌,0.7093539142686046
7,9,terminal,congruent,✅,0.6691998278495264
7,9,classroom,congruent,✅,0.5929579307036386
7,9,terminal,incongruent,✅,0.0328459527286917
7,9,classroom,incongruent,✅,0.06626518881225574
8,0,library,congruent,✅,0.637810005777684
8,0,refrigerator,congruent,✅,0.6476688211775133
8,0,library,incongruent,✅,0.18058910265878822
8,0,refrigerator,incongruent,✅,0.026749478292669403
8,1,disappointment,congruent,✅,0.6080275198636085
8,1,delight,congruent,❌,0.038520886031204876
8,1,disappointment,incongruent,✅,0.025552114764155774
8,1,delight,incongruent,❌,0.6436297643072797
8,10,cash,congruent,✅,0.7054688891164228
8,10,groceries,congruent,✅,0.8573787453278414
8,10,cash,incongruent,✅,0.3266772561870098
8,10,groceries,incongruent,✅,0.03220474918640953
8,11,lonely,congruent,✅,0.8680232405089152
8,11,confident,congruent,✅,0.8338852339048796
8,11,lonely,incongruent,❌,0.6667469826564223
8,11,confident,incongruent,✅,0.49708571481248304
8,12,joy,congruent,✅,0.7991900830741451
8,12,outrage,congruent,✅,0.7241518925718942
8,12,joy,incongruent,❌,0.5635982843265304
8,12,outrage,incongruent,❌,0.5412737747724299
8,13,traffic,congruent,✅,0.9916891535204962
8,13,snowstorm,congruent,✅,0.9789157245094374
8,13,traffic,incongruent,❌,0.8546989849112726
8,13,snowstorm,incongruent,❌,0.978298035118945
8,14,laughter,congruent,✅,0.8659543644665159
8,14,frustration,congruent,✅,0.7421922506823931
8,14,laughter,incongruent,❌,0.5021577544089703
8,14,frustration,incongruent,❌,0.7829291081776498
8,15,calculator,congruent,✅,0.8576763083186976
8,15,instrument,congruent,✅,0.9684662431164082
8,15,calculator,incongruent,✅,0.14152136085611572
8,15,instrument,incongruent,✅,0.1519403537534592
8,16,orchestra,congruent,✅,0.926654308143186
8,16,racers,congruent,✅,0.7959679588433454
8,16,orchestra,incongruent,✅,0.07147455554071327
8,16,racers,incongruent,✅,0.32278199623913123
8,17,retirement,congruent,❌,0.16314043855589352
8,17,playdate,congruent,❌,0.15816187064477633
8,17,retirement,incongruent,✅,0.03553921746262156
8,17,playdate,incongruent,✅,0.05057916462578743
8,18,relieved,congruent,❌,0.14475381880509755
8,18,depressed,congruent,❌,0.1511638163077963
8,18,relieved,incongruent,✅,0.19886338632266662
8,18,depressed,incongruent,✅,0.14616726005643757
8,19,friends,congruent,✅,0.6169254996154614
8,19,weight,congruent,✅,0.6896704716154738
8,19,friends,incongruent,✅,0.21957679560355892
8,19,weight,incongruent,❌,0.5910888362012147
8,2,overcoat,congruent,❌,0.1183552658816096
8,2,sandals,congruent,✅,0.6625741014325793
8,2,overcoat,incongruent,❌,0.5338933998612052
8,2,sandals,incongruent,✅,0.11582535054844151
8,20,lipstick,congruent,✅,0.7916890282560906
8,20,song,congruent,✅,0.8211886043215035
8,20,lipstick,incongruent,✅,0.012591438779277072
8,20,song,incongruent,✅,0.12641996075550213
8,21,fought,congruent,❌,0.08547465069663965
8,21,sang,congruent,✅,0.8605403629188293
8,21,fought,incongruent,✅,0.30811384847910445
8,21,sang,incongruent,✅,0.04282477202613124
8,22,skeptical,congruent,❌,0.10235479706446209
8,22,reassured,congruent,❌,0.30918095500987014
8,22,skeptical,incongruent,✅,0.2767084467603875
8,22,reassured,incongruent,✅,0.1626760336217033
8,23,graduation,congruent,✅,0.9861200588821264
8,23,operation,congruent,✅,0.953330210274946
8,23,graduation,incongruent,✅,0.428396446366768
8,23,operation,incongruent,✅,0.37730398291473577
8,24,bride,congruent,✅,0.9643380583102148
8,24,aftermath,congruent,✅,0.723005823558841
8,24,bride,incongruent,✅,0.08223130275336572
8,24,aftermath,incongruent,✅,0.01864372371458307
8,25,teacher,congruent,✅,0.8523602428546903
8,25,daughter,congruent,✅,0.7295050212281697
8,25,teacher,incongruent,✅,0.38229747444589024
8,25,daughter,incongruent,❌,0.7932288385734452
8,26,roommate,congruent,✅,0.5585623820040391
8,26,grandma,congruent,✅,0.6131106229562338
8,26,roommate,incongruent,✅,0.3921681721833624
8,26,grandma,incongruent,✅,0.39455013916122206
8,27,brother,congruent,❌,0.4065082723580536
8,27,mother,congruent,❌,0.371171906194701
8,27,brother,incongruent,✅,0.28402965642461675
8,27,mother,incongruent,✅,0.18854329841860926
8,28,preschool,congruent,✅,0.8260923412948528
8,28,prison,congruent,✅,0.6709715745205455
8,28,preschool,incongruent,✅,0.05216570654731747
8,28,prison,incongruent,✅,0.013249904830548801
8,29,hopeful,congruent,✅,0.6819704243174218
8,29,hopeless,congruent,✅,0.7588786365049865
8,29,hopeful,incongruent,✅,0.3915993297583772
8,29,hopeless,incongruent,❌,0.7441501329225336
8,3,marathon,congruent,✅,0.8779275118318057
8,3,exam,congruent,✅,0.6946539040144358
8,3,marathon,incongruent,✅,0.047535034024307164
8,3,exam,incongruent,✅,0.05209360074087943
8,30,appalled,congruent,❌,0.35814955720400066
8,30,overjoyed,congruent,❌,0.49690137441297777
8,30,appalled,incongruent,✅,0.4465669409431641
8,30,overjoyed,incongruent,✅,0.2856492610844263
8,31,reprimand,congruent,✅,0.7575025348570941
8,31,encouragement,congruent,✅,0.6255726120800073
8,31,reprimand,incongruent,❌,0.5901351536583276
8,31,encouragement,incongruent,✅,0.42903344836331514
8,32,angrily,congruent,✅,0.5627076176458592
8,32,cordially,congruent,❌,0.04176834120972959
8,32,angrily,incongruent,✅,0.04432824741335612
8,32,cordially,incongruent,✅,0.22504172030407596
8,33,accusatory,congruent,✅,0.6561725501761189
8,33,flirtatious,congruent,❌,0.29685958264564793
8,33,accusatory,incongruent,✅,0.3046526946373034
8,33,flirtatious,incongruent,✅,0.33348070127174406
8,34,disapprovingly,congruent,❌,0.2536420267465749
8,34,lovingly,congruent,✅,0.628148791587029
8,34,disapprovingly,incongruent,❌,0.6599932315022728
8,34,lovingly,incongruent,✅,0.1916509288470386
8,35,playful,congruent,❌,0.40282135056536156
8,35,distant,congruent,❌,0.17167772083515714
8,35,playful,incongruent,✅,0.16224090922305107
8,35,distant,incongruent,✅,0.3865031378371432
8,36,headphones,congruent,✅,0.9255749052434885
8,36,mangoes,congruent,✅,0.8836432426944467
8,36,headphones,incongruent,✅,0.08879196241256823
8,36,mangoes,incongruent,✅,0.11008581772848582
8,37,playroom,congruent,✅,0.9688367772375704
8,37,park,congruent,✅,0.9880478950877404
8,37,playroom,incongruent,❌,0.8428076172011176
8,37,park,incongruent,❌,0.9833741145899089
8,38,bedroom,congruent,✅,0.882018323175942
8,38,backyard,congruent,✅,0.8935084023040205
8,38,bedroom,incongruent,❌,0.7623148369265269
8,38,backyard,incongruent,❌,0.5226210738154888
8,39,solemnly,congruent,❌,0.47638905533273895
8,39,excitedly,congruent,✅,0.5944614021706559
8,39,solemnly,incongruent,✅,0.48735171030650437
8,39,excitedly,incongruent,✅,0.46242621279213025
8,4,menu,congruent,✅,0.8725170927632749
8,4,prescription,congruent,✅,0.9673891198492939
8,4,menu,incongruent,✅,0.3441392414167409
8,4,prescription,incongruent,✅,0.21403572334061854
8,40,car,congruent,❌,0.257785531220639
8,40,sock,congruent,❌,0.22766356522165523
8,40,car,incongruent,✅,0.0683607808407858
8,40,sock,incongruent,✅,0.02198538012735595
8,41,overdressed,congruent,✅,0.8773769433920499
8,41,naked,congruent,✅,0.9259757471009372
8,41,overdressed,incongruent,❌,0.8991054506465561
8,41,naked,incongruent,❌,0.8812286952969982
8,42,shy,congruent,✅,0.78162376874318
8,42,lively,congruent,✅,0.5653011073596178
8,42,shy,incongruent,✅,0.39796609379408243
8,42,lively,incongruent,❌,0.7518041405896507
8,43,offended,congruent,❌,0.2243015980596869
8,43,flattered,congruent,✅,0.5262962533767684
8,43,offended,incongruent,❌,0.6016938652359585
8,43,flattered,incongruent,✅,0.11473268844430361
8,44,grandkid,congruent,✅,0.6994758623718647
8,44,cellmate,congruent,❌,0.34103554754469756
8,44,grandkid,incongruent,✅,0.13992892529893367
8,44,cellmate,incongruent,✅,0.31036877699825
8,45,promoted,congruent,❌,0.17609191007163982
8,45,fired,congruent,❌,0.21030410382517592
8,45,promoted,incongruent,✅,0.27548556548927544
8,45,fired,incongruent,✅,0.104454587090034
8,46,shooting,congruent,✅,0.7113063246408101
8,46,celebration,congruent,✅,0.5083790834963731
8,46,shooting,incongruent,✅,0.18775014932409434
8,46,celebration,incongruent,❌,0.6225732775775865
8,47,crayon,congruent,✅,0.6103698846138526
8,47,beer,congruent,✅,0.9372705465076924
8,47,crayon,incongruent,✅,0.014986873787156995
8,47,beer,incongruent,✅,0.11239891523685325
8,48,waiter,congruent,✅,0.9159875095154192
8,48,taxi,congruent,✅,0.8949515235457073
8,48,waiter,incongruent,❌,0.6000018283862191
8,48,taxi,incongruent,❌,0.7352463208322122
8,49,parents,congruent,✅,0.7912029931895296
8,49,keys,congruent,❌,0.3049502973911805
8,49,parents,incongruent,✅,0.22275499295334103
8,49,keys,incongruent,✅,0.41602013866913945
8,5,distress,congruent,✅,0.733927237011797
8,5,tranquility,congruent,❌,0.4317307536776891
8,5,distress,incongruent,✅,0.2852717052997424
8,5,tranquility,incongruent,❌,0.5591915739618849
8,50,sofa,congruent,✅,0.963277966943179
8,50,sky,congruent,✅,0.9430762649275746
8,50,sofa,incongruent,❌,0.7613012213001996
8,50,sky,incongruent,✅,0.40743990827289495
8,51,obesity,congruent,✅,0.6632768220037998
8,51,homework,congruent,✅,0.9862293525303152
8,51,obesity,incongruent,✅,0.0956735187762693
8,51,homework,incongruent,❌,0.5373345737281509
8,52,quiz,congruent,✅,0.7028362189119558
8,52,commute,congruent,✅,0.8810312272213925
8,52,quiz,incongruent,✅,0.2186213860749284
8,52,commute,incongruent,✅,0.03861973495913731
8,53,migraine,congruent,✅,0.8066721359075631
8,53,excitement,congruent,❌,0.3951996293950429
8,53,migraine,incongruent,✅,0.28751816657530394
8,53,excitement,incongruent,✅,0.27797139846480806
8,54,niece,congruent,✅,0.8871519638292364
8,54,husband,congruent,❌,0.1334686461593998
8,54,niece,incongruent,❌,0.8513119285827111
8,54,husband,incongruent,✅,0.21707614825723298
8,55,film,congruent,❌,0.18926921112499426
8,55,sunrise,congruent,✅,0.8902480305584393
8,55,film,incongruent,✅,0.0888866305050322
8,55,sunrise,incongruent,✅,0.1353241189581148
8,56,lecture,congruent,✅,0.8792133652244644
8,56,banquet,congruent,✅,0.9435227586433872
8,56,lecture,incongruent,✅,0.1763769557140383
8,56,banquet,incongruent,✅,0.2023868952225219
8,57,drink,congruent,✅,0.9883648175224653
8,57,textbook,congruent,✅,0.7181343043148977
8,57,drink,incongruent,✅,0.004609838526860752
8,57,textbook,incongruent,✅,0.34372790390932334
8,58,pool,congruent,✅,0.9205276081014443
8,58,snow,congruent,✅,0.7471196895329446
8,58,pool,incongruent,❌,0.5824519037357272
8,58,snow,incongruent,✅,0.41451864722587395
8,59,passport,congruent,✅,0.9182908434425424
8,59,plushy,congruent,❌,0.17211705445170955
8,59,passport,incongruent,✅,0.05304431189261181
8,59,plushy,incongruent,✅,0.1506989298055581
8,6,patients,congruent,✅,0.945223562423155
8,6,students,congruent,✅,0.7069349640233243
8,6,patients,incongruent,✅,0.013290146326353093
8,6,students,incongruent,✅,0.013054287682087924
8,60,sister,congruent,✅,0.7355157623413258
8,60,father,congruent,✅,0.8291101855289028
8,60,sister,incongruent,✅,0.47541270303040956
8,60,father,incongruent,❌,0.8764467672141072
8,61,game,congruent,✅,0.7612796391357651
8,61,sunset,congruent,✅,0.8543331007650977
8,61,game,incongruent,✅,0.10886679650167676
8,61,sunset,incongruent,✅,0.021064274783994294
8,62,holidays,congruent,✅,0.7517370285616698
8,62,funeral,congruent,✅,0.9739817066509947
8,62,holidays,incongruent,❌,0.6338109325038973
8,62,funeral,incongruent,✅,0.4382469228230597
8,63,grades,congruent,✅,0.856000365364455
8,63,affair,congruent,✅,0.7141338022994095
8,63,grades,incongruent,✅,0.36581499973857434
8,63,affair,incongruent,✅,0.35749826556390185
8,64,arrest,congruent,✅,0.9598031590695925
8,64,stroke,congruent,❌,0.3921139142155798
8,64,arrest,incongruent,✅,0.13970238536530152
8,64,stroke,incongruent,❌,0.519506496305128
8,65,pacifier,congruent,✅,0.7996509310181958
8,65,coffee,congruent,✅,0.9014376771141636
8,65,pacifier,incongruent,✅,0.1781703293955316
8,65,coffee,incongruent,✅,0.31521266969012657
8,66,sweets,congruent,✅,0.8677277635302977
8,66,sentencing,congruent,✅,0.9311038314772759
8,66,sweets,incongruent,✅,0.016375284907708256
8,66,sentencing,incongruent,✅,0.07508089287901358
8,67,nap,congruent,✅,0.913429560767414
8,67,selfie,congruent,❌,0.44976769751732093
8,67,nap,incongruent,✅,0.0649726892998745
8,67,selfie,incongruent,✅,0.4738689183638084
8,68,diaper,congruent,✅,0.8892931357110269
8,68,tire,congruent,✅,0.9862550797407734
8,68,diaper,incongruent,✅,0.06757653996517649
8,68,tire,incongruent,✅,0.2876472698871459
8,69,chemotherapy,congruent,✅,0.7597100378925944
8,69,golf,congruent,✅,0.9827994531703282
8,69,chemotherapy,incongruent,✅,0.015997167667590118
8,69,golf,incongruent,✅,0.005061787368565567
8,7,consensus,congruent,✅,0.725256056065644
8,7,deadlock,congruent,❌,0.22632279225772614
8,7,consensus,incongruent,✅,0.09820644911695824
8,7,deadlock,incongruent,❌,0.7019734380140198
8,70,thunder,congruent,❌,0.4311205303383554
8,70,lullaby,congruent,✅,0.5921138790235233
8,70,thunder,incongruent,✅,0.12592109973551427
8,70,lullaby,incongruent,✅,0.0055890992161350544
8,71,pajamas,congruent,✅,0.8096807355653038
8,71,uniform,congruent,✅,0.9120754710118444
8,71,pajamas,incongruent,✅,0.33252206299770903
8,71,uniform,incongruent,✅,0.3435346519289387
8,72,gown,congruent,✅,0.9940929606677354
8,72,sweats,congruent,✅,0.7464235106855969
8,72,gown,incongruent,❌,0.7763756124372887
8,72,sweats,incongruent,❌,0.8978775027398942
8,73,deadline,congruent,❌,0.3528335338118034
8,73,bed,congruent,✅,0.9562746119583265
8,73,deadline,incongruent,✅,0.1299110135089699
8,73,bed,incongruent,✅,0.03978168855880399
8,74,kindergarten,congruent,✅,0.6169924648795029
8,74,jail,congruent,❌,0.39455759367163346
8,74,kindergarten,incongruent,✅,0.07218838185168155
8,74,jail,incongruent,✅,0.14773285331858715
8,75,interrogated,congruent,✅,0.9672581506801975
8,75,tickled,congruent,✅,0.5036741997193007
8,75,interrogated,incongruent,✅,0.48029401100242525
8,75,tickled,incongruent,✅,0.42469608555363175
8,76,sandcastle,congruent,❌,0.09797747841504356
8,76,snowman,congruent,✅,0.8059996438431448
8,76,sandcastle,incongruent,❌,0.6146680044791659
8,76,snowman,incongruent,✅,0.08010356024516226
8,77,music,congruent,✅,0.978511128145489
8,77,pizza,congruent,✅,0.9950449498849923
8,77,music,incongruent,✅,0.058964436390055955
8,77,pizza,incongruent,✅,0.015318318410095984
8,78,playoffs,congruent,✅,0.8489353002876963
8,78,cartoon,congruent,✅,0.7839933492684048
8,78,playoffs,incongruent,✅,0.2027254707913869
8,78,cartoon,incongruent,✅,0.015903051122145052
8,79,alcoholism,congruent,✅,0.6699562190509752
8,79,academics,congruent,✅,0.9172714354881674
8,79,alcoholism,incongruent,✅,0.22118798623998698
8,79,academics,incongruent,❌,0.7139571264278828
8,8,engagement,congruent,✅,0.737456328190814
8,8,cancer,congruent,❌,0.42955414405291753
8,8,engagement,incongruent,✅,0.29551108918466684
8,8,cancer,incongruent,❌,0.6376864963658863
8,9,terminal,congruent,✅,0.9187195226156899
8,9,classroom,congruent,✅,0.6722806050248528
8,9,terminal,incongruent,✅,0.0568481546473796
8,9,classroom,incongruent,✅,0.08677282099730693
9,0,library,congruent,✅,0.5392413850309756
9,0,refrigerator,congruent,✅,0.6960459086054824
9,0,library,incongruent,✅,0.22262342296892784
9,0,refrigerator,incongruent,✅,0.0308142375747806
9,1,disappointment,congruent,✅,0.5287956497874927
9,1,delight,congruent,❌,0.03821284280685547
9,1,disappointment,incongruent,✅,0.024491226350922
9,1,delight,incongruent,❌,0.5738901990828904
9,10,cash,congruent,✅,0.832911092519039
9,10,groceries,congruent,✅,0.8446358032909868
9,10,cash,incongruent,✅,0.40085500090273163
9,10,groceries,incongruent,✅,0.04922469798146035
9,11,lonely,congruent,✅,0.8201827230386969
9,11,confident,congruent,✅,0.9029518968811715
9,11,lonely,incongruent,❌,0.7983160551385886
9,11,confident,incongruent,❌,0.5078669474905914
9,12,joy,congruent,✅,0.8499502463779515
9,12,outrage,congruent,✅,0.6190315256322387
9,12,joy,incongruent,❌,0.5652267900573414
9,12,outrage,incongruent,❌,0.551021188252954
9,13,traffic,congruent,✅,0.9907156457653652
9,13,snowstorm,congruent,✅,0.9889238902717158
9,13,traffic,incongruent,❌,0.9274591233619277
9,13,snowstorm,incongruent,❌,0.9773076550770413
9,14,laughter,congruent,✅,0.8696421026980773
9,14,frustration,congruent,✅,0.661397608568288
9,14,laughter,incongruent,✅,0.42015873084246236
9,14,frustration,incongruent,❌,0.7807673761816895
9,15,calculator,congruent,✅,0.817979711845796
9,15,instrument,congruent,✅,0.9652767091403806
9,15,calculator,incongruent,✅,0.09411375024023869
9,15,instrument,incongruent,✅,0.12812368655138756
9,16,orchestra,congruent,✅,0.933897100267716
9,16,racers,congruent,✅,0.9090536073474035
9,16,orchestra,incongruent,✅,0.15497263501344014
9,16,racers,incongruent,✅,0.29733746495972563
9,17,retirement,congruent,❌,0.24285184199523457
9,17,playdate,congruent,❌,0.21541758640443054
9,17,retirement,incongruent,✅,0.03853912230747983
9,17,playdate,incongruent,✅,0.09921840574081368
9,18,relieved,congruent,❌,0.07087489807078068
9,18,depressed,congruent,❌,0.12292917971944428
9,18,relieved,incongruent,✅,0.17081575937978194
9,18,depressed,incongruent,✅,0.07052215898346761
9,19,friends,congruent,❌,0.4942347750592596
9,19,weight,congruent,✅,0.7586789044070292
9,19,friends,incongruent,✅,0.2542676818107542
9,19,weight,incongruent,✅,0.4529917240958048
9,2,overcoat,congruent,❌,0.1680911068176728
9,2,sandals,congruent,✅,0.7239106370141865
9,2,overcoat,incongruent,❌,0.5686226787109085
9,2,sandals,incongruent,✅,0.16225391710560008
9,20,lipstick,congruent,✅,0.9528538949086651
9,20,song,congruent,✅,0.8325623577260988
9,20,lipstick,incongruent,✅,0.029602796467997693
9,20,song,incongruent,✅,0.46121239017784404
9,21,fought,congruent,❌,0.07437230344671225
9,21,sang,congruent,✅,0.8333482303295021
9,21,fought,incongruent,✅,0.24214010445156744
9,21,sang,incongruent,✅,0.03351675813714258
9,22,skeptical,congruent,❌,0.09558479906023765
9,22,reassured,congruent,❌,0.3000801522777975
9,22,skeptical,incongruent,✅,0.2802110004956362
9,22,reassured,incongruent,✅,0.13792923057050843
9,23,graduation,congruent,✅,0.9834436935558935
9,23,operation,congruent,✅,0.9136868421581713
9,23,graduation,incongruent,✅,0.3690254032275753
9,23,operation,incongruent,✅,0.43205908185356423
9,24,bride,congruent,✅,0.9832097398848432
9,24,aftermath,congruent,❌,0.38855493743549824
9,24,bride,incongruent,✅,0.025618333625729205
9,24,aftermath,incongruent,✅,0.02970415657763913
9,25,teacher,congruent,✅,0.7597157194366433
9,25,daughter,congruent,✅,0.6751465722963835
9,25,teacher,incongruent,✅,0.3818590927071518
9,25,daughter,incongruent,❌,0.680950289002026
9,26,roommate,congruent,❌,0.46727608825553046
9,26,grandma,congruent,❌,0.422499809587104
9,26,roommate,incongruent,✅,0.23031878268358405
9,26,grandma,incongruent,✅,0.309734820227418
9,27,brother,congruent,❌,0.402524791529214
9,27,mother,congruent,❌,0.3028791796669232
9,27,brother,incongruent,✅,0.27122845833140524
9,27,mother,incongruent,✅,0.18455052366876074
9,28,preschool,congruent,✅,0.890526055940993
9,28,prison,congruent,✅,0.6391432832845286
9,28,preschool,incongruent,✅,0.06834294773555065
9,28,prison,incongruent,✅,0.03964406693557391
9,29,hopeful,congruent,✅,0.7333510030446714
9,29,hopeless,congruent,✅,0.7965328189666165
9,29,hopeful,incongruent,✅,0.4701667558289711
9,29,hopeless,incongruent,❌,0.7845980039813459
9,3,marathon,congruent,✅,0.867985168978714
9,3,exam,congruent,✅,0.728121225286411
9,3,marathon,incongruent,✅,0.051576192331295644
9,3,exam,incongruent,✅,0.06268926198295859
9,30,appalled,congruent,❌,0.22303483897652054
9,30,overjoyed,congruent,❌,0.42503071903481093
9,30,appalled,incongruent,✅,0.36268962063020554
9,30,overjoyed,incongruent,✅,0.1627705444813009
9,31,reprimand,congruent,✅,0.7716796337217314
9,31,encouragement,congruent,✅,0.7546060268452285
9,31,reprimand,incongruent,❌,0.7164827621032647
9,31,encouragement,incongruent,✅,0.4860820662048426
9,32,angrily,congruent,✅,0.6215356357663723
9,32,cordially,congruent,❌,0.07053864555915952
9,32,angrily,incongruent,✅,0.05831392072669577
9,32,cordially,incongruent,✅,0.31387827979511906
9,33,accusatory,congruent,❌,0.48960406832669207
9,33,flirtatious,congruent,❌,0.23576517880668
9,33,accusatory,incongruent,✅,0.23750361482611446
9,33,flirtatious,incongruent,✅,0.20732928023829922
9,34,disapprovingly,congruent,❌,0.4557064826315707
9,34,lovingly,congruent,✅,0.5761595196222198
9,34,disapprovingly,incongruent,❌,0.5411169875186438
9,34,lovingly,incongruent,✅,0.39247492255218835
9,35,playful,congruent,❌,0.3470304837650997
9,35,distant,congruent,❌,0.2037195248452831
9,35,playful,incongruent,✅,0.20181586222922165
9,35,distant,incongruent,✅,0.29892469467669686
9,36,headphones,congruent,✅,0.8740140271952975
9,36,mangoes,congruent,✅,0.9483531366542239
9,36,headphones,incongruent,✅,0.17068128907508928
9,36,mangoes,incongruent,✅,0.12097534732099031
9,37,playroom,congruent,✅,0.9521416120655211
9,37,park,congruent,✅,0.9944160554515319
9,37,playroom,incongruent,❌,0.9233263881511159
9,37,park,incongruent,❌,0.9741982320026744
9,38,bedroom,congruent,✅,0.8865807288613166
9,38,backyard,congruent,✅,0.7765224251732583
9,38,bedroom,incongruent,❌,0.5517592235185579
9,38,backyard,incongruent,❌,0.5515129826292843
9,39,solemnly,congruent,✅,0.6292183781778926
9,39,excitedly,congruent,✅,0.5546736103202731
9,39,solemnly,incongruent,✅,0.47049325455198593
9,39,excitedly,incongruent,❌,0.5956792288880096
9,4,menu,congruent,✅,0.9472027857922223
9,4,prescription,congruent,✅,0.9201207365328126
9,4,menu,incongruent,✅,0.17707106344437035
9,4,prescription,incongruent,✅,0.2218360487568406
9,40,car,congruent,❌,0.274589950408624
9,40,sock,congruent,❌,0.3404949054163677
9,40,car,incongruent,✅,0.10145497702447585
9,40,sock,incongruent,✅,0.039973370159243106
9,41,overdressed,congruent,✅,0.8565306936315897
9,41,naked,congruent,✅,0.8353237726747537
9,41,overdressed,incongruent,❌,0.7833836685496185
9,41,naked,incongruent,❌,0.8611183026656394
9,42,shy,congruent,✅,0.8106725968075331
9,42,lively,congruent,✅,0.770025493277079
9,42,shy,incongruent,❌,0.634640911874177
9,42,lively,incongruent,❌,0.7925421802648247
9,43,offended,congruent,✅,0.543349914096798
9,43,flattered,congruent,✅,0.635456459209247
9,43,offended,incongruent,❌,0.6921948583408176
9,43,flattered,incongruent,✅,0.3461746491047907
9,44,grandkid,congruent,✅,0.7501597666944009
9,44,cellmate,congruent,❌,0.4064480447275534
9,44,grandkid,incongruent,✅,0.1549264884315718
9,44,cellmate,incongruent,✅,0.3855021163274259
9,45,promoted,congruent,❌,0.11459050588412324
9,45,fired,congruent,❌,0.1725026144856791
9,45,promoted,incongruent,✅,0.2078018467110519
9,45,fired,incongruent,✅,0.08806073558656845
9,46,shooting,congruent,✅,0.5591154410741775
9,46,celebration,congruent,❌,0.4658197593821356
9,46,shooting,incongruent,✅,0.16884576883853872
9,46,celebration,incongruent,✅,0.4361885562030821
9,47,crayon,congruent,❌,0.27933744369110675
9,47,beer,congruent,✅,0.9220210615393831
9,47,crayon,incongruent,✅,0.014323429320174294
9,47,beer,incongruent,✅,0.03488744446748755
9,48,waiter,congruent,✅,0.9536381751564754
9,48,taxi,congruent,✅,0.7671227470023189
9,48,waiter,incongruent,✅,0.39832391173635434
9,48,taxi,incongruent,❌,0.833601663039423
9,49,parents,congruent,✅,0.7835625482728984
9,49,keys,congruent,❌,0.36616560322219543
9,49,parents,incongruent,✅,0.20044762878666955
9,49,keys,incongruent,✅,0.4630266783679825
9,5,distress,congruent,✅,0.7954106004671098
9,5,tranquility,congruent,❌,0.3555349014818317
9,5,distress,incongruent,✅,0.22351010004346253
9,5,tranquility,incongruent,❌,0.5654908494221862
9,50,sofa,congruent,✅,0.9100961395638093
9,50,sky,congruent,✅,0.9119189448752225
9,50,sofa,incongruent,❌,0.630073304761678
9,50,sky,incongruent,✅,0.27782797556801025
9,51,obesity,congruent,✅,0.7135504556292948
9,51,homework,congruent,✅,0.9808180194690118
9,51,obesity,incongruent,✅,0.17717205265558855
9,51,homework,incongruent,❌,0.5331475839112038
9,52,quiz,congruent,✅,0.6600245020567836
9,52,commute,congruent,✅,0.8910283664533842
9,52,quiz,incongruent,✅,0.21324564652792052
9,52,commute,incongruent,✅,0.03227268882270929
9,53,migraine,congruent,✅,0.8597948160000607
9,53,excitement,congruent,✅,0.5608566170923059
9,53,migraine,incongruent,✅,0.4407903278503456
9,53,excitement,incongruent,✅,0.41553695508993965
9,54,niece,congruent,✅,0.8411365568301182
9,54,husband,congruent,❌,0.23000279892462505
9,54,niece,incongruent,❌,0.8396971129051173
9,54,husband,incongruent,✅,0.22111922552120974
9,55,film,congruent,❌,0.2861797065206002
9,55,sunrise,congruent,✅,0.8223955103495627
9,55,film,incongruent,✅,0.07182777331261513
9,55,sunrise,incongruent,✅,0.22939921878047884
9,56,lecture,congruent,✅,0.9099048265311319
9,56,banquet,congruent,✅,0.8025177625144332
9,56,lecture,incongruent,✅,0.05095580983369936
9,56,banquet,incongruent,✅,0.19370910655927226
9,57,drink,congruent,✅,0.9897776417348088
9,57,textbook,congruent,✅,0.65871409262887
9,57,drink,incongruent,✅,0.006561898380054551
9,57,textbook,incongruent,✅,0.35699349322258783
9,58,pool,congruent,✅,0.9367546017949457
9,58,snow,congruent,✅,0.7943645670618141
9,58,pool,incongruent,❌,0.656370727290481
9,58,snow,incongruent,❌,0.5659389804980064
9,59,passport,congruent,✅,0.8901376381636543
9,59,plushy,congruent,❌,0.4957910866309763
9,59,passport,incongruent,✅,0.18246641637698044
9,59,plushy,incongruent,✅,0.1678175243603399
9,6,patients,congruent,✅,0.9120207593423669
9,6,students,congruent,✅,0.6358206755290343
9,6,patients,incongruent,✅,0.013581345797471086
9,6,students,incongruent,✅,0.0262369664212323
9,60,sister,congruent,✅,0.6583501622212352
9,60,father,congruent,✅,0.8350137694598927
9,60,sister,incongruent,❌,0.5591337997509971
9,60,father,incongruent,❌,0.8101448640967504
9,61,game,congruent,✅,0.7675563241540624
9,61,sunset,congruent,✅,0.7679026065344299
9,61,game,incongruent,✅,0.07849989083480885
9,61,sunset,incongruent,✅,0.023559269578598007
9,62,holidays,congruent,✅,0.6908095507283046
9,62,funeral,congruent,✅,0.9458718542284937
9,62,holidays,incongruent,❌,0.5236251848957095
9,62,funeral,incongruent,✅,0.3289317203238659
9,63,grades,congruent,✅,0.8507046105087335
9,63,affair,congruent,✅,0.8183109598410061
9,63,grades,incongruent,✅,0.47616637116287325
9,63,affair,incongruent,✅,0.39736465554117956
9,64,arrest,congruent,✅,0.9322433494240672
9,64,stroke,congruent,✅,0.5585599250781652
9,64,arrest,incongruent,✅,0.28665352899975594
9,64,stroke,incongruent,✅,0.48986177525560637
9,65,pacifier,congruent,✅,0.9042739841324338
9,65,coffee,congruent,✅,0.8223556837723841
9,65,pacifier,incongruent,✅,0.1255133280415166
9,65,coffee,incongruent,✅,0.4367648468959321
9,66,sweets,congruent,✅,0.7169814322596024
9,66,sentencing,congruent,✅,0.8866321696499269
9,66,sweets,incongruent,✅,0.00647719423988875
9,66,sentencing,incongruent,✅,0.01291540776435582
9,67,nap,congruent,✅,0.9325615059787928
9,67,selfie,congruent,❌,0.4212671103505707
9,67,nap,incongruent,✅,0.06941931727186683
9,67,selfie,incongruent,✅,0.37094746498502623
9,68,diaper,congruent,✅,0.8187031748222174
9,68,tire,congruent,✅,0.9569328946402693
9,68,diaper,incongruent,✅,0.061352532417118986
9,68,tire,incongruent,✅,0.10698740977127733
9,69,chemotherapy,congruent,✅,0.672178955236978
9,69,golf,congruent,✅,0.9757786968793806
9,69,chemotherapy,incongruent,✅,0.033237142661861015
9,69,golf,incongruent,✅,0.006404369597828385
9,7,consensus,congruent,✅,0.8145167377467568
9,7,deadlock,congruent,❌,0.2601620359676503
9,7,consensus,incongruent,✅,0.14510190013941934
9,7,deadlock,incongruent,❌,0.79745507679804
9,70,thunder,congruent,❌,0.44580199111713537
9,70,lullaby,congruent,✅,0.8752465950588617
9,70,thunder,incongruent,✅,0.3181921840501803
9,70,lullaby,incongruent,✅,0.009750168314095283
9,71,pajamas,congruent,✅,0.8150107502984274
9,71,uniform,congruent,✅,0.901751652227416
9,71,pajamas,incongruent,✅,0.2846771738987127
9,71,uniform,incongruent,✅,0.35257652997624234
9,72,gown,congruent,✅,0.9848080494015584
9,72,sweats,congruent,✅,0.7785627672149525
9,72,gown,incongruent,❌,0.8128217963247956
9,72,sweats,incongruent,❌,0.7500546011499913
9,73,deadline,congruent,❌,0.4581439614679566
9,73,bed,congruent,✅,0.9579566179646453
9,73,deadline,incongruent,✅,0.07194001703618655
9,73,bed,incongruent,✅,0.07110935415817968
9,74,kindergarten,congruent,✅,0.7095873463403087
9,74,jail,congruent,❌,0.48405484254256154
9,74,kindergarten,incongruent,✅,0.11022159435955946
9,74,jail,incongruent,✅,0.2985932002070278
9,75,interrogated,congruent,✅,0.9644149273368281
9,75,tickled,congruent,✅,0.6015085674816475
9,75,interrogated,incongruent,❌,0.5313274767240359
9,75,tickled,incongruent,❌,0.5440545078080867
9,76,sandcastle,congruent,❌,0.03370780286273349
9,76,snowman,congruent,❌,0.496454633779307
9,76,sandcastle,incongruent,✅,0.3112294719708179
9,76,snowman,incongruent,✅,0.03203932426593706
9,77,music,congruent,✅,0.961533288848015
9,77,pizza,congruent,✅,0.990563655007564
9,77,music,incongruent,✅,0.07026800259098336
9,77,pizza,incongruent,✅,0.019737714571853113
9,78,playoffs,congruent,✅,0.8588246209243005
9,78,cartoon,congruent,✅,0.8674988406435022
9,78,playoffs,incongruent,✅,0.2732570519833688
9,78,cartoon,incongruent,✅,0.025246750471568043
9,79,alcoholism,congruent,✅,0.6187751386285036
9,79,academics,congruent,✅,0.8724377877249206
9,79,alcoholism,incongruent,✅,0.26383609853077084
9,79,academics,incongruent,❌,0.5864209156483364
9,8,engagement,congruent,✅,0.8893569656706946
9,8,cancer,congruent,❌,0.2174990862453646
9,8,engagement,incongruent,✅,0.12942867183441403
9,8,cancer,incongruent,❌,0.8044854057108854
9,9,terminal,congruent,✅,0.9825531264127545
9,9,classroom,congruent,✅,0.6774446439242575
9,9,terminal,incongruent,✅,0.11339204753010758
9,9,classroom,incongruent,✅,0.3030752964574031
10,0,library,congruent,✅,0.89595205417479
10,0,refrigerator,congruent,✅,0.6335831725811119
10,0,library,incongruent,✅,0.03590538713683862
10,0,refrigerator,incongruent,✅,0.006079685515838944
10,1,disappointment,congruent,✅,0.5019988439748568
10,1,delight,congruent,❌,0.04491313408044053
10,1,disappointment,incongruent,✅,0.02665420867879805
10,1,delight,incongruent,❌,0.6128593540323034
10,10,cash,congruent,✅,0.9842530824820455
10,10,groceries,congruent,✅,0.9626560122819925
10,10,cash,incongruent,✅,0.3977666925892495
10,10,groceries,incongruent,✅,0.04998782389694882
10,11,lonely,congruent,✅,0.7839053438189177
10,11,confident,congruent,✅,0.9238200073949718
10,11,lonely,incongruent,❌,0.738737110326559
10,11,confident,incongruent,✅,0.4731583939076507
10,12,joy,congruent,✅,0.8227491374427927
10,12,outrage,congruent,✅,0.7561813758203098
10,12,joy,incongruent,❌,0.5789560914120837
10,12,outrage,incongruent,❌,0.5358152089929867
10,13,traffic,congruent,✅,0.9935915928890727
10,13,snowstorm,congruent,✅,0.9851206843465242
10,13,traffic,incongruent,❌,0.8077735357387801
10,13,snowstorm,incongruent,❌,0.9815971552272134
10,14,laughter,congruent,✅,0.7200880665830102
10,14,frustration,congruent,✅,0.758284047023611
10,14,laughter,incongruent,❌,0.5247009479076689
10,14,frustration,incongruent,❌,0.7078081996386912
10,15,calculator,congruent,✅,0.8612912943575454
10,15,instrument,congruent,✅,0.9747852031492437
10,15,calculator,incongruent,✅,0.2063352155913883
10,15,instrument,incongruent,✅,0.05091298893829686
10,16,orchestra,congruent,✅,0.9898776086824081
10,16,racers,congruent,✅,0.9717217052698676
10,16,orchestra,incongruent,✅,0.09890567346610428
10,16,racers,incongruent,✅,0.2416634565186267
10,17,retirement,congruent,❌,0.32000843242977817
10,17,playdate,congruent,❌,0.4153370233080116
10,17,retirement,incongruent,✅,0.01598046726124327
10,17,playdate,incongruent,✅,0.10288685247275962
10,18,relieved,congruent,❌,0.07959444552293497
10,18,depressed,congruent,❌,0.06825918370335023
10,18,relieved,incongruent,✅,0.09083114756388774
10,18,depressed,incongruent,✅,0.07535447421820324
10,19,friends,congruent,❌,0.33788482000048364
10,19,weight,congruent,✅,0.7256550212499739
10,19,friends,incongruent,✅,0.2652028479237142
10,19,weight,incongruent,✅,0.24601763680699062
10,2,overcoat,congruent,❌,0.28250934248932696
10,2,sandals,congruent,✅,0.7127443284378494
10,2,overcoat,incongruent,❌,0.9307192626433577
10,2,sandals,incongruent,✅,0.03535540220378005
10,20,lipstick,congruent,✅,0.8749901881347937
10,20,song,congruent,✅,0.7450617708847012
10,20,lipstick,incongruent,✅,0.006869402088452643
10,20,song,incongruent,✅,0.4671343206164363
10,21,fought,congruent,❌,0.14147705685059492
10,21,sang,congruent,✅,0.8833904391027527
10,21,fought,incongruent,✅,0.28926823022816783
10,21,sang,incongruent,✅,0.03514202444289283
10,22,skeptical,congruent,❌,0.08295915478501482
10,22,reassured,congruent,❌,0.3730209943290142
10,22,skeptical,incongruent,✅,0.28262110239343535
10,22,reassured,incongruent,✅,0.15005052995128523
10,23,graduation,congruent,✅,0.9888477904483159
10,23,operation,congruent,✅,0.8018228198127292
10,23,graduation,incongruent,✅,0.08058166553062092
10,23,operation,incongruent,✅,0.15990307376907004
10,24,bride,congruent,✅,0.9787089385142482
10,24,aftermath,congruent,✅,0.6929568114569009
10,24,bride,incongruent,✅,0.06462261070497681
10,24,aftermath,incongruent,✅,0.0031081228522710073
10,25,teacher,congruent,✅,0.8936737444384256
10,25,daughter,congruent,✅,0.6933995037614901
10,25,teacher,incongruent,✅,0.3997251580435975
10,25,daughter,incongruent,❌,0.7503728254763237
10,26,roommate,congruent,✅,0.6713395163655153
10,26,grandma,congruent,✅,0.7442477427753639
10,26,roommate,incongruent,✅,0.3262244373055225
10,26,grandma,incongruent,✅,0.3423730565641775
10,27,brother,congruent,❌,0.4221377206304981
10,27,mother,congruent,❌,0.270258020154129
10,27,brother,incongruent,✅,0.41057112433233556
10,27,mother,incongruent,✅,0.1856529956063629
10,28,preschool,congruent,✅,0.9618102469431675
10,28,prison,congruent,✅,0.7850864640772102
10,28,preschool,incongruent,✅,0.015548946371368742
10,28,prison,incongruent,✅,0.038032348389375324
10,29,hopeful,congruent,✅,0.5722853719315166
10,29,hopeless,congruent,✅,0.6112069190879592
10,29,hopeful,incongruent,✅,0.2704467847254334
10,29,hopeless,incongruent,❌,0.6248687966743258
10,3,marathon,congruent,✅,0.9791973796912598
10,3,exam,congruent,✅,0.6232914854193883
10,3,marathon,incongruent,✅,0.014914283163009138
10,3,exam,incongruent,✅,0.0337922391181882
10,30,appalled,congruent,❌,0.14370984593440134
10,30,overjoyed,congruent,✅,0.5726376738394361
10,30,appalled,incongruent,✅,0.40976589854066814
10,30,overjoyed,incongruent,✅,0.08958746688639821
10,31,reprimand,congruent,✅,0.6569360440651777
10,31,encouragement,congruent,✅,0.8465676401364863
10,31,reprimand,incongruent,❌,0.7974476018141754
10,31,encouragement,incongruent,✅,0.48160985045073007
10,32,angrily,congruent,✅,0.7390377815771214
10,32,cordially,congruent,❌,0.2247111792142127
10,32,angrily,incongruent,✅,0.17623253750810977
10,32,cordially,incongruent,✅,0.3672360458908766
10,33,accusatory,congruent,✅,0.5242188073762363
10,33,flirtatious,congruent,✅,0.6754117072197054
10,33,accusatory,incongruent,❌,0.6215096509516035
10,33,flirtatious,incongruent,✅,0.23113272773319085
10,34,disapprovingly,congruent,✅,0.5831208256810865
10,34,lovingly,congruent,✅,0.5025089867557311
10,34,disapprovingly,incongruent,✅,0.41508869887218913
10,34,lovingly,incongruent,❌,0.5509182236563868
10,35,playful,congruent,❌,0.3770433857092366
10,35,distant,congruent,❌,0.2547375907708001
10,35,playful,incongruent,✅,0.25553172795272444
10,35,distant,incongruent,✅,0.2765397113605427
10,36,headphones,congruent,✅,0.7823630502462533
10,36,mangoes,congruent,✅,0.9791396760813124
10,36,headphones,incongruent,✅,0.053397984210847425
10,36,mangoes,incongruent,✅,0.01960577663991378
10,37,playroom,congruent,✅,0.9151154800204615
10,37,park,congruent,✅,0.9917039489570275
10,37,playroom,incongruent,❌,0.6649247145977352
10,37,park,incongruent,❌,0.9832977457641906
10,38,bedroom,congruent,✅,0.9755382798529888
10,38,backyard,congruent,✅,0.7753043588506731
10,38,bedroom,incongruent,✅,0.40221464155840464
10,38,backyard,incongruent,✅,0.3993683450464785
10,39,solemnly,congruent,✅,0.5643229241262743
10,39,excitedly,congruent,✅,0.7752162679958794
10,39,solemnly,incongruent,❌,0.6410589099221048
10,39,excitedly,incongruent,❌,0.5471865360915543
10,4,menu,congruent,✅,0.943567629347764
10,4,prescription,congruent,✅,0.9746668772498819
10,4,menu,incongruent,✅,0.06910976125194966
10,4,prescription,incongruent,✅,0.07665486669507494
10,40,car,congruent,❌,0.3690394061931303
10,40,sock,congruent,❌,0.04647785176574303
10,40,car,incongruent,✅,0.07585896721975317
10,40,sock,incongruent,✅,0.02583699936257636
10,41,overdressed,congruent,✅,0.8873298644391557
10,41,naked,congruent,✅,0.7373817353006578
10,41,overdressed,incongruent,❌,0.527339012606423
10,41,naked,incongruent,❌,0.8608933711786901
10,42,shy,congruent,✅,0.8978107337985288
10,42,lively,congruent,✅,0.803981298924969
10,42,shy,incongruent,❌,0.6639453392721268
10,42,lively,incongruent,❌,0.9155309646549811
10,43,offended,congruent,✅,0.6902556672341437
10,43,flattered,congruent,✅,0.7513963485415295
10,43,offended,incongruent,❌,0.7730478339463408
10,43,flattered,incongruent,❌,0.5149974567363036
10,44,grandkid,congruent,✅,0.6978141576221577
10,44,cellmate,congruent,✅,0.9361720954187542
10,44,grandkid,incongruent,✅,0.2692406545686369
10,44,cellmate,incongruent,✅,0.23981074753274545
10,45,promoted,congruent,❌,0.2212871740747998
10,45,fired,congruent,❌,0.08859823488294732
10,45,promoted,incongruent,✅,0.11722823918447611
10,45,fired,incongruent,✅,0.16736380498955228
10,46,shooting,congruent,❌,0.32363996081160235
10,46,celebration,congruent,❌,0.27081987807841973
10,46,shooting,incongruent,✅,0.06243531393032225
10,46,celebration,incongruent,✅,0.21279612310376564
10,47,crayon,congruent,❌,0.3769740153986953
10,47,beer,congruent,✅,0.9626374017260463
10,47,crayon,incongruent,✅,0.00689770269036978
10,47,beer,incongruent,✅,0.005336344947912896
10,48,waiter,congruent,✅,0.8189894579644718
10,48,taxi,congruent,❌,0.29230024530916027
10,48,waiter,incongruent,✅,0.07103789265721008
10,48,taxi,incongruent,✅,0.1704567585382853
10,49,parents,congruent,✅,0.6750633442401002
10,49,keys,congruent,✅,0.838387098687493
10,49,parents,incongruent,✅,0.22293730040158916
10,49,keys,incongruent,✅,0.3167741067080788
10,5,distress,congruent,✅,0.8831906182485855
10,5,tranquility,congruent,❌,0.2727976007644695
10,5,distress,incongruent,✅,0.1855507785258819
10,5,tranquility,incongruent,❌,0.6825357534227582
10,50,sofa,congruent,✅,0.9903511984500292
10,50,sky,congruent,✅,0.9468680822729844
10,50,sofa,incongruent,✅,0.39641293570583763
10,50,sky,incongruent,✅,0.32397869854908184
10,51,obesity,congruent,❌,0.3974109875191975
10,51,homework,congruent,✅,0.9844706477720869
10,51,obesity,incongruent,✅,0.06039164206362493
10,51,homework,incongruent,✅,0.057075208561376115
10,52,quiz,congruent,✅,0.6594954704069255
10,52,commute,congruent,✅,0.9035608054489497
10,52,quiz,incongruent,✅,0.270606851979479
10,52,commute,incongruent,✅,0.013881706073871592
10,53,migraine,congruent,✅,0.9419802725737118
10,53,excitement,congruent,❌,0.4754621346802507
10,53,migraine,incongruent,✅,0.23213298046054856
10,53,excitement,incongruent,✅,0.45923396622745244
10,54,niece,congruent,✅,0.8512103346666555
10,54,husband,congruent,❌,0.2726998918428333
10,54,niece,incongruent,❌,0.6762354596646618
10,54,husband,incongruent,✅,0.3479616375791761
10,55,film,congruent,❌,0.4103824764559932
10,55,sunrise,congruent,✅,0.8359833530591162
10,55,film,incongruent,✅,0.008220321323598328
10,55,sunrise,incongruent,✅,0.3436835659641725
10,56,lecture,congruent,✅,0.9860271730113287
10,56,banquet,congruent,✅,0.8466958273574007
10,56,lecture,incongruent,✅,0.008675103152317523
10,56,banquet,incongruent,✅,0.07679104744693817
10,57,drink,congruent,✅,0.9953401375198951
10,57,textbook,congruent,✅,0.9401030571574313
10,57,drink,incongruent,✅,0.013256795122392211
10,57,textbook,incongruent,✅,0.43866378086846575
10,58,pool,congruent,✅,0.9916116790482661
10,58,snow,congruent,✅,0.5597844759143225
10,58,pool,incongruent,❌,0.5578296912627008
10,58,snow,incongruent,✅,0.09224216070304007
10,59,passport,congruent,✅,0.9132717918259778
10,59,plushy,congruent,✅,0.8373135874221264
10,59,passport,incongruent,✅,0.14376516620659466
10,59,plushy,incongruent,✅,0.05631798824220255
10,6,patients,congruent,✅,0.9859092372922682
10,6,students,congruent,✅,0.9543082409586705
10,6,patients,incongruent,✅,0.010842865118889218
10,6,students,incongruent,✅,0.010302412846858563
10,60,sister,congruent,✅,0.590942090841727
10,60,father,congruent,✅,0.9095449375119091
10,60,sister,incongruent,✅,0.4952826239384202
10,60,father,incongruent,❌,0.7805695311017555
10,61,game,congruent,✅,0.9566190384920158
10,61,sunset,congruent,✅,0.8280943461603297
10,61,game,incongruent,✅,0.07834126063939209
10,61,sunset,incongruent,✅,0.04640927372808051
10,62,holidays,congruent,✅,0.904381740334289
10,62,funeral,congruent,✅,0.9625152817257068
10,62,holidays,incongruent,✅,0.37508212300200017
10,62,funeral,incongruent,❌,0.554736673755299
10,63,grades,congruent,✅,0.7265780186266618
10,63,affair,congruent,✅,0.8229544977136902
10,63,grades,incongruent,✅,0.22410798481974686
10,63,affair,incongruent,✅,0.1898386531130051
10,64,arrest,congruent,✅,0.842539864115318
10,64,stroke,congruent,❌,0.18494192362571926
10,64,arrest,incongruent,✅,0.05161004850479213
10,64,stroke,incongruent,✅,0.1606277249594424
10,65,pacifier,congruent,✅,0.9730930134342427
10,65,coffee,congruent,✅,0.9522607362270371
10,65,pacifier,incongruent,✅,0.08146607381844859
10,65,coffee,incongruent,✅,0.07461184425803592
10,66,sweets,congruent,✅,0.9631751714790797
10,66,sentencing,congruent,✅,0.9774305660816726
10,66,sweets,incongruent,✅,0.00043165801956556176
10,66,sentencing,incongruent,✅,0.002536453204639325
10,67,nap,congruent,✅,0.9773408643678587
10,67,selfie,congruent,✅,0.768134054775963
10,67,nap,incongruent,✅,0.08360306689032825
10,67,selfie,incongruent,✅,0.14673291119563314
10,68,diaper,congruent,✅,0.9959748082134702
10,68,tire,congruent,✅,0.9934242121332033
10,68,diaper,incongruent,✅,0.04658480352541831
10,68,tire,incongruent,✅,0.04972473146507579
10,69,chemotherapy,congruent,✅,0.6185595897082127
10,69,golf,congruent,✅,0.9670555466757994
10,69,chemotherapy,incongruent,✅,0.01539810370668332
10,69,golf,incongruent,✅,0.026269359355658592
10,7,consensus,congruent,✅,0.9630826031652088
10,7,deadlock,congruent,❌,0.49639076114208525
10,7,consensus,incongruent,✅,0.37324276881283724
10,7,deadlock,incongruent,❌,0.9523459072647621
10,70,thunder,congruent,✅,0.7437901400714673
10,70,lullaby,congruent,✅,0.998233463028518
10,70,thunder,incongruent,✅,0.4660724429458487
10,70,lullaby,incongruent,✅,0.012315151854615406
10,71,pajamas,congruent,✅,0.9411400608149565
10,71,uniform,congruent,✅,0.9898475903100138
10,71,pajamas,incongruent,❌,0.5479056088212969
10,71,uniform,incongruent,❌,0.5795296748148572
10,72,gown,congruent,✅,0.9970675329373101
10,72,sweats,congruent,❌,0.3971499460138918
10,72,gown,incongruent,✅,0.41045998835955483
10,72,sweats,incongruent,❌,0.682918775458198
10,73,deadline,congruent,❌,0.3858150450818345
10,73,bed,congruent,✅,0.9792434906674663
10,73,deadline,incongruent,✅,0.011844259070720535
10,73,bed,incongruent,✅,0.043111058441577345
10,74,kindergarten,congruent,❌,0.37198276554633003
10,74,jail,congruent,✅,0.7717384450198425
10,74,kindergarten,incongruent,✅,0.09902393370538333
10,74,jail,incongruent,✅,0.08892528099085374
10,75,interrogated,congruent,✅,0.8526725366594137
10,75,tickled,congruent,❌,0.3963740574036459
10,75,interrogated,incongruent,✅,0.20180361182440876
10,75,tickled,incongruent,✅,0.19778704125240415
10,76,sandcastle,congruent,❌,0.43095734451776213
10,76,snowman,congruent,✅,0.9780100092372831
10,76,sandcastle,incongruent,✅,0.4053613653316719
10,76,snowman,incongruent,✅,0.09550857756864675
10,77,music,congruent,✅,0.9619848349777257
10,77,pizza,congruent,✅,0.9990885233404392
10,77,music,incongruent,✅,0.008902208196182745
10,77,pizza,incongruent,✅,0.009206794954147682
10,78,playoffs,congruent,✅,0.8652398530082998
10,78,cartoon,congruent,✅,0.9463926902558545
10,78,playoffs,incongruent,✅,0.10640511460248084
10,78,cartoon,incongruent,✅,0.019089673323879758
10,79,alcoholism,congruent,✅,0.7890034085568147
10,79,academics,congruent,✅,0.9367911970473931
10,79,alcoholism,incongruent,✅,0.38268195936534705
10,79,academics,incongruent,✅,0.43613319189336275
10,8,engagement,congruent,✅,0.8997184772715322
10,8,cancer,congruent,❌,0.20987931392664083
10,8,engagement,incongruent,✅,0.08634869879809502
10,8,cancer,incongruent,❌,0.7965302249658237
10,9,terminal,congruent,✅,0.9929227295563703
10,9,classroom,congruent,✅,0.6645635230567535
10,9,terminal,incongruent,✅,0.05589799850634192
10,9,classroom,incongruent,✅,0.14504742592139233
11,0,library,congruent,✅,0.8635612885240538
11,0,refrigerator,congruent,✅,0.7158873048453156
11,0,library,incongruent,✅,0.049782106599797385
11,0,refrigerator,incongruent,✅,0.005542189403455954
11,1,disappointment,congruent,❌,0.39825791767886554
11,1,delight,congruent,❌,0.04689870620430464
11,1,disappointment,incongruent,✅,0.026709301459679972
11,1,delight,incongruent,✅,0.4969093896393168
11,10,cash,congruent,✅,0.9777839292352806
11,10,groceries,congruent,✅,0.9800145019331751
11,10,cash,incongruent,❌,0.5414875667139394
11,10,groceries,incongruent,✅,0.12421422570459703
11,11,lonely,congruent,✅,0.8804982618885401
11,11,confident,congruent,✅,0.9237539848984675
11,11,lonely,incongruent,❌,0.7773297600717877
11,11,confident,incongruent,❌,0.6502408529192736
11,12,joy,congruent,✅,0.7928155764595981
11,12,outrage,congruent,✅,0.7572779468729984
11,12,joy,incongruent,❌,0.5945772446733413
11,12,outrage,incongruent,❌,0.5402438420211947
11,13,traffic,congruent,✅,0.9845186120871547
11,13,snowstorm,congruent,✅,0.9897091393989585
11,13,traffic,incongruent,❌,0.872526359889587
11,13,snowstorm,incongruent,❌,0.9666211301140714
11,14,laughter,congruent,✅,0.736773602469856
11,14,frustration,congruent,✅,0.7868729434656603
11,14,laughter,incongruent,❌,0.5867049339422206
11,14,frustration,incongruent,❌,0.7300963470143502
11,15,calculator,congruent,✅,0.8981314090563144
11,15,instrument,congruent,✅,0.9772005174623966
11,15,calculator,incongruent,✅,0.30024462088945897
11,15,instrument,incongruent,✅,0.05917088553271639
11,16,orchestra,congruent,✅,0.977812483254732
11,16,racers,congruent,✅,0.8770194633550247
11,16,orchestra,incongruent,✅,0.048144471922856064
11,16,racers,incongruent,✅,0.11860841693427843
11,17,retirement,congruent,❌,0.2790452615205148
11,17,playdate,congruent,✅,0.5512340836639507
11,17,retirement,incongruent,✅,0.029759768381748822
11,17,playdate,incongruent,✅,0.0763643482591816
11,18,relieved,congruent,❌,0.1267443933566489
11,18,depressed,congruent,❌,0.10595716925063936
11,18,relieved,incongruent,✅,0.13142785151554107
11,18,depressed,incongruent,✅,0.12608251483137017
11,19,friends,congruent,❌,0.2916168366645273
11,19,weight,congruent,✅,0.6541455742899468
11,19,friends,incongruent,✅,0.18522406652012613
11,19,weight,incongruent,✅,0.21617067472655338
11,2,overcoat,congruent,❌,0.27814645288274176
11,2,sandals,congruent,✅,0.7138089181450704
11,2,overcoat,incongruent,❌,0.8724425498700904
11,2,sandals,incongruent,✅,0.03933227306187695
11,20,lipstick,congruent,✅,0.9358654480672062
11,20,song,congruent,✅,0.8100259771194037
11,20,lipstick,incongruent,✅,0.012149399241389929
11,20,song,incongruent,❌,0.62726130997578
11,21,fought,congruent,❌,0.2280446590468314
11,21,sang,congruent,✅,0.855182592781299
11,21,fought,incongruent,✅,0.2443914832656454
11,21,sang,incongruent,✅,0.07399551276996184
11,22,skeptical,congruent,❌,0.09860284431073058
11,22,reassured,congruent,✅,0.5148741991668266
11,22,skeptical,incongruent,✅,0.4229859251499973
11,22,reassured,incongruent,✅,0.1719665962185052
11,23,graduation,congruent,✅,0.9822848946421305
11,23,operation,congruent,✅,0.8733684124199084
11,23,graduation,incongruent,✅,0.15422248069760117
11,23,operation,incongruent,✅,0.15972458360074437
11,24,bride,congruent,✅,0.9789687106273465
11,24,aftermath,congruent,✅,0.6372587021491115
11,24,bride,incongruent,✅,0.06247335743625622
11,24,aftermath,incongruent,✅,0.005769431496755964
11,25,teacher,congruent,✅,0.8900321289145079
11,25,daughter,congruent,✅,0.6606278063968469
11,25,teacher,incongruent,✅,0.3709255655996265
11,25,daughter,incongruent,❌,0.7266974769542842
11,26,roommate,congruent,✅,0.7002940085819667
11,26,grandma,congruent,✅,0.7212494118175339
11,26,roommate,incongruent,✅,0.3241091213244405
11,26,grandma,incongruent,✅,0.38323693941223924
11,27,brother,congruent,❌,0.40737027073394333
11,27,mother,congruent,❌,0.28545923578565974
11,27,brother,incongruent,✅,0.4262604490417502
11,27,mother,incongruent,✅,0.20700145033058026
11,28,preschool,congruent,✅,0.943909759311727
11,28,prison,congruent,✅,0.6746049270431284
11,28,preschool,incongruent,✅,0.007331685064989025
11,28,prison,incongruent,✅,0.02097731062845057
11,29,hopeful,congruent,✅,0.52786672314556
11,29,hopeless,congruent,✅,0.5812170510962311
11,29,hopeful,incongruent,✅,0.27096304640167546
11,29,hopeless,incongruent,❌,0.5767562369847629
11,3,marathon,congruent,✅,0.9775327183102778
11,3,exam,congruent,✅,0.5887677428577117
11,3,marathon,incongruent,✅,0.014996288887385946
11,3,exam,incongruent,✅,0.04175806541897495
11,30,appalled,congruent,❌,0.16339927159744125
11,30,overjoyed,congruent,✅,0.5639682291252173
11,30,appalled,incongruent,✅,0.4308018726415663
11,30,overjoyed,incongruent,✅,0.10774893581723895
11,31,reprimand,congruent,✅,0.6616830661972273
11,31,encouragement,congruent,✅,0.7930310721769951
11,31,reprimand,incongruent,❌,0.731960351699171
11,31,encouragement,incongruent,✅,0.4966440094099073
11,32,angrily,congruent,✅,0.7155595444118231
11,32,cordially,congruent,❌,0.37212434736819194
11,32,angrily,incongruent,✅,0.3099278056920632
11,32,cordially,incongruent,✅,0.39390916713133994
11,33,accusatory,congruent,❌,0.4862870845495221
11,33,flirtatious,congruent,✅,0.6946712310870875
11,33,accusatory,incongruent,❌,0.6662446199134744
11,33,flirtatious,incongruent,✅,0.23276949926296253
11,34,disapprovingly,congruent,✅,0.6420686589891352
11,34,lovingly,congruent,❌,0.3986486963167064
11,34,disapprovingly,incongruent,✅,0.31390056652816267
11,34,lovingly,incongruent,❌,0.6074054611028717
11,35,playful,congruent,❌,0.4656628022536107
11,35,distant,congruent,❌,0.2669255289232399
11,35,playful,incongruent,✅,0.2634593869260611
11,35,distant,incongruent,✅,0.3701937292005129
11,36,headphones,congruent,✅,0.7109332269564052
11,36,mangoes,congruent,✅,0.9752693424100326
11,36,headphones,incongruent,✅,0.06106295234116218
11,36,mangoes,incongruent,✅,0.013950326599408076
11,37,playroom,congruent,✅,0.9240097724552798
11,37,park,congruent,✅,0.9927086626527092
11,37,playroom,incongruent,❌,0.7220866821844938
11,37,park,incongruent,❌,0.9837207006631574
11,38,bedroom,congruent,✅,0.9565599164892908
11,38,backyard,congruent,✅,0.7188733549537286
11,38,bedroom,incongruent,✅,0.37009943248175703
11,38,backyard,incongruent,✅,0.3483996126693685
11,39,solemnly,congruent,❌,0.4746189578413363
11,39,excitedly,congruent,✅,0.7153053545896502
11,39,solemnly,incongruent,❌,0.5725344996095519
11,39,excitedly,incongruent,✅,0.45437312197929947
11,4,menu,congruent,✅,0.952138667918468
11,4,prescription,congruent,✅,0.9588137254179822
11,4,menu,incongruent,✅,0.04811705452578989
11,4,prescription,incongruent,✅,0.0922398054825206
11,40,car,congruent,❌,0.4083385594073126
11,40,sock,congruent,❌,0.09362186744415447
11,40,car,incongruent,✅,0.18123223176409317
11,40,sock,incongruent,✅,0.029194688620940497
11,41,overdressed,congruent,✅,0.7706067793845683
11,41,naked,congruent,✅,0.851297369094596
11,41,overdressed,incongruent,❌,0.7090289976448338
11,41,naked,incongruent,❌,0.7416106243929527
11,42,shy,congruent,✅,0.8590461841328134
11,42,lively,congruent,✅,0.8533971456973145
11,42,shy,incongruent,❌,0.7555107543444288
11,42,lively,incongruent,❌,0.8781449330274765
11,43,offended,congruent,✅,0.7134804151283624
11,43,flattered,congruent,✅,0.6995554307844806
11,43,offended,incongruent,❌,0.7094584912059438
11,43,flattered,incongruent,❌,0.549273545050534
11,44,grandkid,congruent,✅,0.6869615462407157
11,44,cellmate,congruent,✅,0.9400048483447421
11,44,grandkid,incongruent,✅,0.21235917886243008
11,44,cellmate,incongruent,✅,0.21205859855798045
11,45,promoted,congruent,❌,0.1538926726035166
11,45,fired,congruent,❌,0.09563098314369106
11,45,promoted,incongruent,✅,0.13271366253447425
11,45,fired,incongruent,✅,0.11551570014109654
11,46,shooting,congruent,❌,0.37649575221973375
11,46,celebration,congruent,❌,0.12836103194550721
11,46,shooting,incongruent,✅,0.02677677686847136
11,46,celebration,incongruent,✅,0.26310837051610825
11,47,crayon,congruent,✅,0.5315858044858554
11,47,beer,congruent,✅,0.9715558816354414
11,47,crayon,incongruent,✅,0.012030285381579256
11,47,beer,incongruent,✅,0.005755734542535815
11,48,waiter,congruent,✅,0.8182418794285256
11,48,taxi,congruent,❌,0.3921160576144534
11,48,waiter,incongruent,✅,0.10386859182325271
11,48,taxi,incongruent,✅,0.17043412282792195
11,49,parents,congruent,✅,0.6767482398341704
11,49,keys,congruent,✅,0.8235817251555336
11,49,parents,incongruent,✅,0.21496600429622753
11,49,keys,incongruent,✅,0.3416355645148065
11,5,distress,congruent,✅,0.7615704199305602
11,5,tranquility,congruent,❌,0.2517460347349839
11,5,distress,incongruent,✅,0.16678517235948345
11,5,tranquility,incongruent,❌,0.5236426176844627
11,50,sofa,congruent,✅,0.9916331697722556
11,50,sky,congruent,✅,0.9153464402454505
11,50,sofa,incongruent,✅,0.3948359596581784
11,50,sky,incongruent,✅,0.42482304766567136
11,51,obesity,congruent,✅,0.6294528853641355
11,51,homework,congruent,✅,0.9852164670058434
11,51,obesity,incongruent,✅,0.05936292596093062
11,51,homework,incongruent,✅,0.11565486230724814
11,52,quiz,congruent,✅,0.5365450100730745
11,52,commute,congruent,✅,0.8973878958334678
11,52,quiz,incongruent,✅,0.2530893916912801
11,52,commute,incongruent,✅,0.00889127517548658
11,53,migraine,congruent,✅,0.9610580310888703
11,53,excitement,congruent,✅,0.5077472650527879
11,53,migraine,incongruent,✅,0.2726623357809505
11,53,excitement,incongruent,❌,0.563555747681946
11,54,niece,congruent,✅,0.8140439200397808
11,54,husband,congruent,❌,0.3421821970961684
11,54,niece,incongruent,❌,0.6973615553586123
11,54,husband,incongruent,✅,0.3064016362992999
11,55,film,congruent,❌,0.453790509656937
11,55,sunrise,congruent,✅,0.8786923116390161
11,55,film,incongruent,✅,0.014354164437571546
11,55,sunrise,incongruent,✅,0.3547646654604025
11,56,lecture,congruent,✅,0.9811436443506064
11,56,banquet,congruent,✅,0.7986287586225961
11,56,lecture,incongruent,✅,0.006224045231535479
11,56,banquet,incongruent,✅,0.05964823441791941
11,57,drink,congruent,✅,0.9941305730185623
11,57,textbook,congruent,✅,0.8879372436901403
11,57,drink,incongruent,✅,0.009837690128452575
11,57,textbook,incongruent,✅,0.49936230616882366
11,58,pool,congruent,✅,0.9837462611951809
11,58,snow,congruent,❌,0.48528869440492983
11,58,pool,incongruent,❌,0.5276715550495659
11,58,snow,incongruent,✅,0.07618871595263829
11,59,passport,congruent,✅,0.9102386559058728
11,59,plushy,congruent,✅,0.788089815576616
11,59,passport,incongruent,✅,0.10708988086474
11,59,plushy,incongruent,✅,0.06561086138536223
11,6,patients,congruent,✅,0.9813574536283134
11,6,students,congruent,✅,0.9557724082572072
11,6,patients,incongruent,✅,0.01806940649462943
11,6,students,incongruent,✅,0.010528277895226389
11,60,sister,congruent,✅,0.5237725982712624
11,60,father,congruent,✅,0.8770480481819984
11,60,sister,incongruent,✅,0.48007692960586784
11,60,father,incongruent,❌,0.7242499553362
11,61,game,congruent,✅,0.962272683068277
11,61,sunset,congruent,✅,0.8891815155268251
11,61,game,incongruent,✅,0.13182330542152154
11,61,sunset,incongruent,✅,0.0770594769443356
11,62,holidays,congruent,✅,0.9242512276683322
11,62,funeral,congruent,✅,0.9702976863542306
11,62,holidays,incongruent,❌,0.5054610435080752
11,62,funeral,incongruent,❌,0.6324562197058254
11,63,grades,congruent,✅,0.770705414229108
11,63,affair,congruent,✅,0.7848008452954781
11,63,grades,incongruent,✅,0.18787944876898213
11,63,affair,incongruent,✅,0.24604033471727954
11,64,arrest,congruent,✅,0.7874463095146423
11,64,stroke,congruent,❌,0.2380621850669814
11,64,arrest,incongruent,✅,0.06570219979060048
11,64,stroke,incongruent,✅,0.10720406600465336
11,65,pacifier,congruent,✅,0.9736442203828855
11,65,coffee,congruent,✅,0.9474226852669856
11,65,pacifier,incongruent,✅,0.07294969983423492
11,65,coffee,incongruent,✅,0.05756772462901905
11,66,sweets,congruent,✅,0.9777838831823217
11,66,sentencing,congruent,✅,0.9743370292039957
11,66,sweets,incongruent,✅,0.000641702292826671
11,66,sentencing,incongruent,✅,0.003770900723443266
11,67,nap,congruent,✅,0.9678745842966298
11,67,selfie,congruent,✅,0.702672287590616
11,67,nap,incongruent,✅,0.06483607004538754
11,67,selfie,incongruent,✅,0.12565830858287852
11,68,diaper,congruent,✅,0.9910924619317416
11,68,tire,congruent,✅,0.9923929402960161
11,68,diaper,incongruent,✅,0.06905064711628515
11,68,tire,incongruent,✅,0.04643326240155136
11,69,chemotherapy,congruent,✅,0.5409400496529362
11,69,golf,congruent,✅,0.9734230491475186
11,69,chemotherapy,incongruent,✅,0.0322267034816236
11,69,golf,incongruent,✅,0.024398700555346327
11,7,consensus,congruent,✅,0.9452285988488762
11,7,deadlock,congruent,❌,0.4366036038310193
11,7,consensus,incongruent,✅,0.34713005138256564
11,7,deadlock,incongruent,❌,0.9315849028203981
11,70,thunder,congruent,✅,0.742670904055699
11,70,lullaby,congruent,✅,0.9968663775041977
11,70,thunder,incongruent,✅,0.290831813933273
11,70,lullaby,incongruent,✅,0.010851391469951167
11,71,pajamas,congruent,✅,0.9122486506347021
11,71,uniform,congruent,✅,0.9748500447479402
11,71,pajamas,incongruent,✅,0.4823223138239268
11,71,uniform,incongruent,❌,0.5211546094081992
11,72,gown,congruent,✅,0.9967593894590511
11,72,sweats,congruent,❌,0.3593443258766325
11,72,gown,incongruent,✅,0.34548085919181626
11,72,sweats,incongruent,❌,0.7366481974955662
11,73,deadline,congruent,❌,0.3490949733918588
11,73,bed,congruent,✅,0.9508902857074083
11,73,deadline,incongruent,✅,0.012894696513336513
11,73,bed,incongruent,✅,0.043793021607898955
11,74,kindergarten,congruent,❌,0.37400028409531233
11,74,jail,congruent,✅,0.7967764790997893
11,74,kindergarten,incongruent,✅,0.13421415081319502
11,74,jail,incongruent,✅,0.07804090396899692
11,75,interrogated,congruent,✅,0.8213785690676346
11,75,tickled,congruent,❌,0.38025681163959196
11,75,interrogated,incongruent,✅,0.19384545373452458
11,75,tickled,incongruent,✅,0.16090190880944558
11,76,sandcastle,congruent,❌,0.4327877332170689
11,76,snowman,congruent,✅,0.9565631995786317
11,76,sandcastle,incongruent,✅,0.29256801957771866
11,76,snowman,incongruent,✅,0.08621855245558932
11,77,music,congruent,✅,0.9695825669798435
11,77,pizza,congruent,✅,0.998899358067496
11,77,music,incongruent,✅,0.011622934580857938
11,77,pizza,incongruent,✅,0.010432164100378182
11,78,playoffs,congruent,✅,0.8510191378418822
11,78,cartoon,congruent,✅,0.9282822368164322
11,78,playoffs,incongruent,✅,0.06760189812619007
11,78,cartoon,incongruent,✅,0.022746884787729488
11,79,alcoholism,congruent,✅,0.7241874502385384
11,79,academics,congruent,✅,0.9368931755298829
11,79,alcoholism,incongruent,✅,0.409460487444756
11,79,academics,incongruent,✅,0.3263794146687957
11,8,engagement,congruent,✅,0.8885159335542875
11,8,cancer,congruent,❌,0.20523895616279128
11,8,engagement,incongruent,✅,0.09530521747802853
11,8,cancer,incongruent,❌,0.7472422426075546
11,9,terminal,congruent,✅,0.9889099686403686
11,9,classroom,congruent,✅,0.6739851062960418
11,9,terminal,incongruent,✅,0.05633938373581288
11,9,classroom,incongruent,✅,0.12099144475120927
12,0,library,congruent,✅,0.8492697625464095
12,0,refrigerator,congruent,✅,0.6923166248366946
12,0,library,incongruent,✅,0.05001927970861511
12,0,refrigerator,incongruent,✅,0.007266937068502572
12,1,disappointment,congruent,✅,0.5003219557320423
12,1,delight,congruent,❌,0.06303281620900379
12,1,disappointment,incongruent,✅,0.036281036742409935
12,1,delight,incongruent,❌,0.589146506277714
12,10,cash,congruent,✅,0.9186847147593167
12,10,groceries,congruent,✅,0.9650798632719164
12,10,cash,incongruent,✅,0.42316820775305525
12,10,groceries,incongruent,✅,0.06404365549960624
12,11,lonely,congruent,✅,0.859439396976979
12,11,confident,congruent,✅,0.919039932903051
12,11,lonely,incongruent,❌,0.7941690789927278
12,11,confident,incongruent,❌,0.6163462219601419
12,12,joy,congruent,✅,0.7839683995467316
12,12,outrage,congruent,✅,0.7083719199779407
12,12,joy,incongruent,❌,0.5535556581235634
12,12,outrage,incongruent,❌,0.5391130066611065
12,13,traffic,congruent,✅,0.9716869754553462
12,13,snowstorm,congruent,✅,0.9823745192453873
12,13,traffic,incongruent,❌,0.8165068234798447
12,13,snowstorm,incongruent,❌,0.9442604586703158
12,14,laughter,congruent,✅,0.7519159492027756
12,14,frustration,congruent,✅,0.7752401267431096
12,14,laughter,incongruent,❌,0.5732476505296829
12,14,frustration,incongruent,❌,0.7545720831324145
12,15,calculator,congruent,✅,0.9126790321931865
12,15,instrument,congruent,✅,0.9790786289245724
12,15,calculator,incongruent,✅,0.382798454418168
12,15,instrument,incongruent,✅,0.05176400309240889
12,16,orchestra,congruent,✅,0.9752649353302704
12,16,racers,congruent,✅,0.9217565768595386
12,16,orchestra,incongruent,✅,0.09150171394537701
12,16,racers,incongruent,✅,0.11950971231116925
12,17,retirement,congruent,❌,0.2263717315861147
12,17,playdate,congruent,❌,0.34918780215727074
12,17,retirement,incongruent,✅,0.015883212024232363
12,17,playdate,incongruent,✅,0.058899602277401944
12,18,relieved,congruent,❌,0.16242983211368214
12,18,depressed,congruent,❌,0.07104370864601778
12,18,relieved,incongruent,✅,0.09254534247804691
12,18,depressed,incongruent,✅,0.15900216053261193
12,19,friends,congruent,❌,0.2882264714609323
12,19,weight,congruent,✅,0.7455257154955968
12,19,friends,incongruent,✅,0.2848518851069211
12,19,weight,incongruent,✅,0.22299067037943793
12,2,overcoat,congruent,❌,0.2263325119664247
12,2,sandals,congruent,✅,0.7696419936807815
12,2,overcoat,incongruent,❌,0.8932354655896019
12,2,sandals,incongruent,✅,0.03856704634998425
12,20,lipstick,congruent,✅,0.9433125219229521
12,20,song,congruent,✅,0.7442156414096746
12,20,lipstick,incongruent,✅,0.008358252729579053
12,20,song,incongruent,❌,0.6653312392614121
12,21,fought,congruent,❌,0.21871973499931732
12,21,sang,congruent,✅,0.8827821866999035
12,21,fought,incongruent,✅,0.305171974902146
12,21,sang,incongruent,✅,0.0758659448881942
12,22,skeptical,congruent,❌,0.10002268091046687
12,22,reassured,congruent,✅,0.5590014764999737
12,22,skeptical,incongruent,✅,0.4618773327724609
12,22,reassured,incongruent,✅,0.1566976372535611
12,23,graduation,congruent,✅,0.9781144214730733
12,23,operation,congruent,✅,0.86069963081481
12,23,graduation,incongruent,✅,0.17554001858110543
12,23,operation,incongruent,✅,0.16789239043735846
12,24,bride,congruent,✅,0.9837113460280142
12,24,aftermath,congruent,✅,0.6919597307887512
12,24,bride,incongruent,✅,0.09995803158695879
12,24,aftermath,incongruent,✅,0.009528017127589685
12,25,teacher,congruent,✅,0.8803969843459586
12,25,daughter,congruent,✅,0.6889341903735341
12,25,teacher,incongruent,✅,0.40247105701945984
12,25,daughter,incongruent,❌,0.7225994251214876
12,26,roommate,congruent,✅,0.7188526593180973
12,26,grandma,congruent,✅,0.7066893955064232
12,26,roommate,incongruent,✅,0.3227061009161976
12,26,grandma,incongruent,✅,0.41593897015940057
12,27,brother,congruent,❌,0.4169816872543895
12,27,mother,congruent,❌,0.29449693678200883
12,27,brother,incongruent,✅,0.43719889682349006
12,27,mother,incongruent,✅,0.2032801754318233
12,28,preschool,congruent,✅,0.924825080037731
12,28,prison,congruent,✅,0.7229185372506038
12,28,preschool,incongruent,✅,0.011624480681884583
12,28,prison,incongruent,✅,0.017499456381981002
12,29,hopeful,congruent,✅,0.5581863021070805
12,29,hopeless,congruent,✅,0.5113751575889484
12,29,hopeful,incongruent,✅,0.2308723115961945
12,29,hopeless,incongruent,❌,0.6013383580113392
12,3,marathon,congruent,✅,0.9682536535620816
12,3,exam,congruent,✅,0.6092752277263196
12,3,marathon,incongruent,✅,0.014521072921725128
12,3,exam,incongruent,✅,0.03456523043714194
12,30,appalled,congruent,❌,0.1190461822969324
12,30,overjoyed,congruent,✅,0.6968822877681631
12,30,appalled,incongruent,❌,0.5905105861838335
12,30,overjoyed,incongruent,✅,0.0808070703358671
12,31,reprimand,congruent,✅,0.5548472835747529
12,31,encouragement,congruent,✅,0.7552270571509246
12,31,reprimand,incongruent,❌,0.6935065527497034
12,31,encouragement,incongruent,✅,0.3892410125906136
12,32,angrily,congruent,✅,0.7249641255913293
12,32,cordially,congruent,❌,0.4115838134919961
12,32,angrily,incongruent,✅,0.3433634356332899
12,32,cordially,incongruent,✅,0.4453876148764132
12,33,accusatory,congruent,❌,0.49262244976967473
12,33,flirtatious,congruent,✅,0.7504603747646561
12,33,accusatory,incongruent,❌,0.7357423257298149
12,33,flirtatious,incongruent,✅,0.2405473376073418
12,34,disapprovingly,congruent,✅,0.6711821773800924
12,34,lovingly,congruent,❌,0.3874022678761193
12,34,disapprovingly,incongruent,✅,0.3241629478243531
12,34,lovingly,incongruent,❌,0.6194599290691988
12,35,playful,congruent,❌,0.46709549222434593
12,35,distant,congruent,❌,0.28584652199728267
12,35,playful,incongruent,✅,0.2833528296881379
12,35,distant,incongruent,✅,0.36344153895488834
12,36,headphones,congruent,✅,0.7675545803146188
12,36,mangoes,congruent,✅,0.9714476966960867
12,36,headphones,incongruent,✅,0.052704462726244516
12,36,mangoes,incongruent,✅,0.026934661756892426
12,37,playroom,congruent,✅,0.9253428705549316
12,37,park,congruent,✅,0.9949530840009561
12,37,playroom,incongruent,❌,0.7962645223669412
12,37,park,incongruent,❌,0.9820071111060762
12,38,bedroom,congruent,✅,0.9630578910680552
12,38,backyard,congruent,✅,0.707078662240099
12,38,bedroom,incongruent,✅,0.34151109966028675
12,38,backyard,incongruent,❌,0.5037625819125204
12,39,solemnly,congruent,❌,0.4698739870201293
12,39,excitedly,congruent,✅,0.6734486299413506
12,39,solemnly,incongruent,❌,0.516122529487823
12,39,excitedly,incongruent,✅,0.4703652028222739
12,4,menu,congruent,✅,0.9551826906778285
12,4,prescription,congruent,✅,0.9764853483103396
12,4,menu,incongruent,✅,0.09699657340902645
12,4,prescription,incongruent,✅,0.15665664476404478
12,40,car,congruent,❌,0.3353577155492257
12,40,sock,congruent,❌,0.20893824955144355
12,40,car,incongruent,✅,0.3109773010518535
12,40,sock,incongruent,✅,0.02396629716246979
12,41,overdressed,congruent,✅,0.7337147783619443
12,41,naked,congruent,✅,0.8472373535078236
12,41,overdressed,incongruent,❌,0.7513806955388104
12,41,naked,incongruent,❌,0.6751399325507007
12,42,shy,congruent,✅,0.7848562840879008
12,42,lively,congruent,✅,0.8121068672335142
12,42,shy,incongruent,❌,0.6864193995756692
12,42,lively,incongruent,❌,0.8189487924261117
12,43,offended,congruent,✅,0.6139279250567874
12,43,flattered,congruent,✅,0.8341822350336133
12,43,offended,incongruent,❌,0.842380183051837
12,43,flattered,incongruent,✅,0.4235398054328415
12,44,grandkid,congruent,✅,0.7482133544251315
12,44,cellmate,congruent,✅,0.9313670599599368
12,44,grandkid,incongruent,✅,0.16916521800532527
12,44,cellmate,incongruent,✅,0.273519365893349
12,45,promoted,congruent,❌,0.17082945684952253
12,45,fired,congruent,❌,0.1273253240420667
12,45,promoted,incongruent,✅,0.17633949678858474
12,45,fired,incongruent,✅,0.13091506389570812
12,46,shooting,congruent,❌,0.40008872425734004
12,46,celebration,congruent,❌,0.10930870971560587
12,46,shooting,incongruent,✅,0.020027181641741904
12,46,celebration,incongruent,✅,0.28901176319871974
12,47,crayon,congruent,✅,0.5328938222810347
12,47,beer,congruent,✅,0.9653692215460111
12,47,crayon,incongruent,✅,0.011243052441073218
12,47,beer,incongruent,✅,0.0053067705922941015
12,48,waiter,congruent,✅,0.8944461376818094
12,48,taxi,congruent,❌,0.4471917301520913
12,48,waiter,incongruent,✅,0.11912925031382801
12,48,taxi,incongruent,✅,0.31173427126023573
12,49,parents,congruent,✅,0.6332867525416565
12,49,keys,congruent,✅,0.692212966715602
12,49,parents,incongruent,✅,0.1233755601380242
12,49,keys,incongruent,✅,0.3086371095965466
12,5,distress,congruent,✅,0.6985017502003674
12,5,tranquility,congruent,❌,0.1589846798167377
12,5,distress,incongruent,✅,0.09691692918562232
12,5,tranquility,incongruent,✅,0.46684071128992793
12,50,sofa,congruent,✅,0.9876615057110159
12,50,sky,congruent,✅,0.8727453345424534
12,50,sofa,incongruent,✅,0.2921521063500175
12,50,sky,incongruent,✅,0.39391574244313277
12,51,obesity,congruent,✅,0.6259829598103273
12,51,homework,congruent,✅,0.9725813244916784
12,51,obesity,incongruent,✅,0.02090366972292357
12,51,homework,incongruent,✅,0.14852494901610983
12,52,quiz,congruent,✅,0.5539648717939308
12,52,commute,congruent,✅,0.9221198939487522
12,52,quiz,incongruent,✅,0.341100149935407
12,52,commute,incongruent,✅,0.009833028148919076
12,53,migraine,congruent,✅,0.9646206304190466
12,53,excitement,congruent,❌,0.46461967214835476
12,53,migraine,incongruent,✅,0.25655040156678294
12,53,excitement,incongruent,❌,0.5921912364420308
12,54,niece,congruent,✅,0.744128328427895
12,54,husband,congruent,❌,0.40019273921529724
12,54,niece,incongruent,❌,0.7480052205348493
12,54,husband,incongruent,✅,0.23704825933633236
12,55,film,congruent,❌,0.4961784413507795
12,55,sunrise,congruent,✅,0.8584026852428244
12,55,film,incongruent,✅,0.014096833242442423
12,55,sunrise,incongruent,✅,0.402318494698732
12,56,lecture,congruent,✅,0.9793272970992116
12,56,banquet,congruent,✅,0.7957223227911381
12,56,lecture,incongruent,✅,0.009570494196539046
12,56,banquet,incongruent,✅,0.0805366381587985
12,57,drink,congruent,✅,0.9955702407523724
12,57,textbook,congruent,✅,0.8396882702500805
12,57,drink,incongruent,✅,0.00971551465649512
12,57,textbook,incongruent,❌,0.6485231018666765
12,58,pool,congruent,✅,0.9700281562544237
12,58,snow,congruent,❌,0.425142955335697
12,58,pool,incongruent,✅,0.4387188340434409
12,58,snow,incongruent,✅,0.05940500412976116
12,59,passport,congruent,✅,0.8605926978956423
12,59,plushy,congruent,✅,0.7906747497423559
12,59,passport,incongruent,✅,0.14164255299671127
12,59,plushy,incongruent,✅,0.05162319255433294
12,6,patients,congruent,✅,0.9713682059475979
12,6,students,congruent,✅,0.9399023427686332
12,6,patients,incongruent,✅,0.01841791134658698
12,6,students,incongruent,✅,0.007988057567185592
12,60,sister,congruent,✅,0.5151505971929179
12,60,father,congruent,✅,0.8624647747139271
12,60,sister,incongruent,✅,0.4995312676635295
12,60,father,incongruent,❌,0.6945282052884743
12,61,game,congruent,✅,0.9714507069017962
12,61,sunset,congruent,✅,0.8883812926448166
12,61,game,incongruent,✅,0.15596011482545624
12,61,sunset,incongruent,✅,0.12737474228767368
12,62,holidays,congruent,✅,0.8794711532575069
12,62,funeral,congruent,✅,0.9639983631124236
12,62,holidays,incongruent,✅,0.48452825711108105
12,62,funeral,incongruent,✅,0.4916533530524988
12,63,grades,congruent,✅,0.886562941166218
12,63,affair,congruent,✅,0.7651115090243708
12,63,grades,incongruent,✅,0.19008392771936
12,63,affair,incongruent,✅,0.45441858075361835
12,64,arrest,congruent,✅,0.8219839790956303
12,64,stroke,congruent,❌,0.26368581158115095
12,64,arrest,incongruent,✅,0.07496356438170969
12,64,stroke,incongruent,✅,0.15104349361735156
12,65,pacifier,congruent,✅,0.9889199059421366
12,65,coffee,congruent,✅,0.9354638027734355
12,65,pacifier,incongruent,✅,0.08358680537145946
12,65,coffee,incongruent,✅,0.10777575438852476
12,66,sweets,congruent,✅,0.9604556837231377
12,66,sentencing,congruent,✅,0.9579391364334275
12,66,sweets,incongruent,✅,0.0002480562828382537
12,66,sentencing,incongruent,✅,0.003679918334786635
12,67,nap,congruent,✅,0.9601498790848843
12,67,selfie,congruent,✅,0.7940245637498495
12,67,nap,incongruent,✅,0.12234522550874209
12,67,selfie,incongruent,✅,0.11416785545623079
12,68,diaper,congruent,✅,0.9905982070746131
12,68,tire,congruent,✅,0.9826730411418078
12,68,diaper,incongruent,✅,0.04105356683060596
12,68,tire,incongruent,✅,0.04340133556013585
12,69,chemotherapy,congruent,✅,0.5794453894355093
12,69,golf,congruent,✅,0.9540726248670846
12,69,chemotherapy,incongruent,✅,0.012563501030095466
12,69,golf,incongruent,✅,0.03437378942576813
12,7,consensus,congruent,✅,0.9171596556272914
12,7,deadlock,congruent,❌,0.4642602055902409
12,7,consensus,incongruent,✅,0.3569153868853621
12,7,deadlock,incongruent,❌,0.9104376013829065
12,70,thunder,congruent,✅,0.659323967841246
12,70,lullaby,congruent,✅,0.9981134994598271
12,70,thunder,incongruent,✅,0.4101115330862736
12,70,lullaby,incongruent,✅,0.00992013137575849
12,71,pajamas,congruent,✅,0.895626768077642
12,71,uniform,congruent,✅,0.9551773760854991
12,71,pajamas,incongruent,✅,0.4008269987133629
12,71,uniform,incongruent,❌,0.5092864085750599
12,72,gown,congruent,✅,0.9962814945913003
12,72,sweats,congruent,❌,0.43641755308860514
12,72,gown,incongruent,✅,0.4385071853328744
12,72,sweats,incongruent,❌,0.7402039569157882
12,73,deadline,congruent,❌,0.25293838275545605
12,73,bed,congruent,✅,0.9490942961084641
12,73,deadline,incongruent,✅,0.017273588973163147
12,73,bed,incongruent,✅,0.03469245476857427
12,74,kindergarten,congruent,❌,0.4560020524612228
12,74,jail,congruent,✅,0.794727589651055
12,74,kindergarten,incongruent,✅,0.15336722952544124
12,74,jail,incongruent,✅,0.11285191834345397
12,75,interrogated,congruent,✅,0.8230730256060567
12,75,tickled,congruent,❌,0.27990213481556436
12,75,interrogated,incongruent,✅,0.13519124559159804
12,75,tickled,incongruent,✅,0.18532550218749594
12,76,sandcastle,congruent,❌,0.43175611893170907
12,76,snowman,congruent,✅,0.9668823634778639
12,76,sandcastle,incongruent,✅,0.38589117490971114
12,76,snowman,incongruent,✅,0.10058044369146067
12,77,music,congruent,✅,0.9760298385159173
12,77,pizza,congruent,✅,0.998883907420347
12,77,music,incongruent,✅,0.018499820429796865
12,77,pizza,incongruent,✅,0.009703869279125516
12,78,playoffs,congruent,✅,0.8207665862908106
12,78,cartoon,congruent,✅,0.8999421017701262
12,78,playoffs,incongruent,✅,0.04564390457366153
12,78,cartoon,incongruent,✅,0.024635834746011526
12,79,alcoholism,congruent,✅,0.6642388091385202
12,79,academics,congruent,✅,0.943000213146909
12,79,alcoholism,incongruent,✅,0.4389911537956748
12,79,academics,incongruent,✅,0.24990286949241372
12,8,engagement,congruent,✅,0.9213825224057798
12,8,cancer,congruent,❌,0.2808724292668629
12,8,engagement,incongruent,✅,0.15712214076240535
12,8,cancer,incongruent,❌,0.7743302518066826
12,9,terminal,congruent,✅,0.9883532182586778
12,9,classroom,congruent,✅,0.676987987787946
12,9,terminal,incongruent,✅,0.06287801233626729
12,9,classroom,incongruent,✅,0.1547752583115271
13,0,library,congruent,✅,0.8707049935897141
13,0,refrigerator,congruent,✅,0.7348576959128061
13,0,library,incongruent,✅,0.07519135768222783
13,0,refrigerator,incongruent,✅,0.012349527733498279
13,1,disappointment,congruent,✅,0.5297742712146998
13,1,delight,congruent,❌,0.09300069700351994
13,1,disappointment,incongruent,✅,0.05842890579505674
13,1,delight,incongruent,❌,0.6048256862294169
13,10,cash,congruent,✅,0.8859504918371157
13,10,groceries,congruent,✅,0.9650632799806945
13,10,cash,incongruent,✅,0.4495260914086308
13,10,groceries,incongruent,✅,0.07950484348688497
13,11,lonely,congruent,✅,0.8601952232166912
13,11,confident,congruent,✅,0.8761954257656219
13,11,lonely,incongruent,❌,0.6935037129447978
13,11,confident,incongruent,❌,0.649023790344821
13,12,joy,congruent,✅,0.8553333094236287
13,12,outrage,congruent,✅,0.7931718576683986
13,12,joy,incongruent,❌,0.6764558442613173
13,12,outrage,incongruent,❌,0.6697051557263483
13,13,traffic,congruent,✅,0.954434445908504
13,13,snowstorm,congruent,✅,0.9770243059641414
13,13,traffic,incongruent,❌,0.817428613256149
13,13,snowstorm,incongruent,❌,0.9026905475400977
13,14,laughter,congruent,✅,0.7839487170185141
13,14,frustration,congruent,✅,0.6900474737296615
13,14,laughter,incongruent,✅,0.49869315125125463
13,14,frustration,incongruent,❌,0.7806753221459957
13,15,calculator,congruent,✅,0.87403303159519
13,15,instrument,congruent,✅,0.9640945126788723
13,15,calculator,incongruent,✅,0.2853189427446226
13,15,instrument,incongruent,✅,0.046653392042430256
13,16,orchestra,congruent,✅,0.9761564963993327
13,16,racers,congruent,✅,0.924972779195736
13,16,orchestra,incongruent,✅,0.14383914551406782
13,16,racers,incongruent,✅,0.1557591915999776
13,17,retirement,congruent,❌,0.2796460740285345
13,17,playdate,congruent,❌,0.48219751994064924
13,17,retirement,incongruent,✅,0.03611979272848354
13,17,playdate,incongruent,✅,0.08781710198316792
13,18,relieved,congruent,❌,0.1772287037757682
13,18,depressed,congruent,❌,0.1684691705144794
13,18,relieved,incongruent,✅,0.20281899866665962
13,18,depressed,incongruent,✅,0.1734168373525372
13,19,friends,congruent,❌,0.2537114384339826
13,19,weight,congruent,✅,0.7547293144734845
13,19,friends,incongruent,✅,0.3288607190009208
13,19,weight,incongruent,✅,0.1910457312449765
13,2,overcoat,congruent,❌,0.38849227440925865
13,2,sandals,congruent,✅,0.8039779574509173
13,2,overcoat,incongruent,❌,0.8903681657770077
13,2,sandals,incongruent,✅,0.084574972992103
13,20,lipstick,congruent,✅,0.9298134516801606
13,20,song,congruent,✅,0.8641126240866939
13,20,lipstick,incongruent,✅,0.024522468474440985
13,20,song,incongruent,❌,0.6227333991008004
13,21,fought,congruent,❌,0.17180287083271065
13,21,sang,congruent,✅,0.866280615092767
13,21,fought,incongruent,✅,0.2946720071119283
13,21,sang,incongruent,✅,0.06136934518594497
13,22,skeptical,congruent,❌,0.1882955177985877
13,22,reassured,congruent,❌,0.47720897015873315
13,22,skeptical,incongruent,✅,0.40644619358680995
13,22,reassured,incongruent,✅,0.2797371479959108
13,23,graduation,congruent,✅,0.9778621855314388
13,23,operation,congruent,✅,0.9303002546518325
13,23,graduation,incongruent,✅,0.3358794151686276
13,23,operation,incongruent,✅,0.2272465807953933
13,24,bride,congruent,✅,0.978482453757217
13,24,aftermath,congruent,✅,0.6778339856510409
13,24,bride,incongruent,✅,0.11526389600363122
13,24,aftermath,incongruent,✅,0.014096046449434331
13,25,teacher,congruent,✅,0.8350887842095888
13,25,daughter,congruent,✅,0.6187954195644277
13,25,teacher,incongruent,✅,0.35899140163435295
13,25,daughter,incongruent,❌,0.6671077392881738
13,26,roommate,congruent,✅,0.7551043805178963
13,26,grandma,congruent,✅,0.6460094020484546
13,26,roommate,incongruent,✅,0.2822830128373999
13,26,grandma,incongruent,✅,0.4627440624706613
13,27,brother,congruent,❌,0.4086347350769331
13,27,mother,congruent,❌,0.31841988139961125
13,27,brother,incongruent,✅,0.485076224341888
13,27,mother,incongruent,✅,0.20478792409887592
13,28,preschool,congruent,✅,0.9284330947434329
13,28,prison,congruent,✅,0.6640840210727543
13,28,preschool,incongruent,✅,0.0136616273181159
13,28,prison,incongruent,✅,0.027736090348746318
13,29,hopeful,congruent,✅,0.5241812020049849
13,29,hopeless,congruent,✅,0.5865664498696427
13,29,hopeful,incongruent,✅,0.2990138667048712
13,29,hopeless,incongruent,❌,0.5734659474028023
13,3,marathon,congruent,✅,0.97843318311584
13,3,exam,congruent,✅,0.7699042246762074
13,3,marathon,incongruent,✅,0.04254015636969957
13,3,exam,incongruent,✅,0.07585085559525
13,30,appalled,congruent,❌,0.15551958648213585
13,30,overjoyed,congruent,✅,0.6007343296425189
13,30,appalled,incongruent,❌,0.5018026927690278
13,30,overjoyed,incongruent,✅,0.10895419008038962
13,31,reprimand,congruent,❌,0.49017177632347353
13,31,encouragement,congruent,✅,0.8111648210630659
13,31,reprimand,incongruent,❌,0.7608980380167648
13,31,encouragement,incongruent,✅,0.3591930963560125
13,32,angrily,congruent,✅,0.7396866705365407
13,32,cordially,congruent,✅,0.538615619342908
13,32,angrily,incongruent,✅,0.45732387016866005
13,32,cordially,incongruent,✅,0.4948864489622733
13,33,accusatory,congruent,✅,0.5853311596087462
13,33,flirtatious,congruent,✅,0.7884515769946245
13,33,accusatory,incongruent,❌,0.7855001264645001
13,33,flirtatious,incongruent,✅,0.3422937103661579
13,34,disapprovingly,congruent,✅,0.6890990541658882
13,34,lovingly,congruent,❌,0.23393294520167202
13,34,disapprovingly,incongruent,✅,0.18529331908862987
13,34,lovingly,incongruent,❌,0.6470291877054896
13,35,playful,congruent,✅,0.5624674046574605
13,35,distant,congruent,❌,0.2940509752114085
13,35,playful,incongruent,✅,0.28539508241267886
13,35,distant,incongruent,✅,0.46381308370386637
13,36,headphones,congruent,✅,0.7099233510376229
13,36,mangoes,congruent,✅,0.9676867034986911
13,36,headphones,incongruent,✅,0.09657345105126534
13,36,mangoes,incongruent,✅,0.022419357999334755
13,37,playroom,congruent,✅,0.8665764416196818
13,37,park,congruent,✅,0.9914676252924026
13,37,playroom,incongruent,❌,0.7475452058789999
13,37,park,incongruent,❌,0.9635589400045993
13,38,bedroom,congruent,✅,0.9615014366399028
13,38,backyard,congruent,✅,0.8017085442162742
13,38,bedroom,incongruent,❌,0.5516479516110501
13,38,backyard,incongruent,❌,0.5034123051125908
13,39,solemnly,congruent,❌,0.42683300508261995
13,39,excitedly,congruent,✅,0.7126228530221193
13,39,solemnly,incongruent,❌,0.5955050681528533
13,39,excitedly,incongruent,✅,0.4351106868282394
13,4,menu,congruent,✅,0.9559347346646616
13,4,prescription,congruent,✅,0.9541097356184857
13,4,menu,incongruent,✅,0.06292100451208606
13,4,prescription,incongruent,✅,0.16160160208044244
13,40,car,congruent,❌,0.3522914440458777
13,40,sock,congruent,❌,0.17311705285607756
13,40,car,incongruent,✅,0.2002663949498449
13,40,sock,incongruent,✅,0.04134331651342798
13,41,overdressed,congruent,✅,0.7559168022374115
13,41,naked,congruent,✅,0.7891650086788656
13,41,overdressed,incongruent,❌,0.6761652745285328
13,41,naked,incongruent,❌,0.6752690610480696
13,42,shy,congruent,✅,0.721615230010711
13,42,lively,congruent,✅,0.6762119193276646
13,42,shy,incongruent,❌,0.5140266764915509
13,42,lively,incongruent,❌,0.7668165234435326
13,43,offended,congruent,❌,0.48719271402808634
13,43,flattered,congruent,✅,0.7972103593169244
13,43,offended,incongruent,❌,0.8028234263066123
13,43,flattered,incongruent,✅,0.31234700861263676
13,44,grandkid,congruent,✅,0.6697424560337222
13,44,cellmate,congruent,✅,0.8965054300093648
13,44,grandkid,incongruent,✅,0.14427204310119224
13,44,cellmate,incongruent,✅,0.2330280850052124
13,45,promoted,congruent,❌,0.26036369372384305
13,45,fired,congruent,❌,0.14967430496637843
13,45,promoted,incongruent,✅,0.2032158094560335
13,45,fired,incongruent,✅,0.19162593498093614
13,46,shooting,congruent,❌,0.3523054676768005
13,46,celebration,congruent,❌,0.16356716484805361
13,46,shooting,incongruent,✅,0.03285802394763884
13,46,celebration,incongruent,✅,0.26383849295946105
13,47,crayon,congruent,✅,0.6965241595011851
13,47,beer,congruent,✅,0.942557360368452
13,47,crayon,incongruent,✅,0.015114524487815369
13,47,beer,incongruent,✅,0.009698195366759099
13,48,waiter,congruent,✅,0.9186984927770715
13,48,taxi,congruent,❌,0.43921715573232056
13,48,waiter,incongruent,✅,0.1595361204025859
13,48,taxi,incongruent,✅,0.40893928540768293
13,49,parents,congruent,✅,0.5751863784067471
13,49,keys,congruent,✅,0.623727148895157
13,49,parents,incongruent,✅,0.14023614411139557
13,49,keys,incongruent,✅,0.25010663810432343
13,5,distress,congruent,✅,0.7099608643200988
13,5,tranquility,congruent,❌,0.12694741800157675
13,5,distress,incongruent,✅,0.0755951003147046
13,5,tranquility,incongruent,✅,0.49459721785342176
13,50,sofa,congruent,✅,0.968825195401795
13,50,sky,congruent,✅,0.8473542154874447
13,50,sofa,incongruent,✅,0.2942408594967698
13,50,sky,incongruent,✅,0.2269390108815437
13,51,obesity,congruent,✅,0.6331265865126837
13,51,homework,congruent,✅,0.9675925814534038
13,51,obesity,incongruent,✅,0.01821998836808994
13,51,homework,incongruent,✅,0.17835923929821726
13,52,quiz,congruent,✅,0.515783530671288
13,52,commute,congruent,✅,0.8588406363276424
13,52,quiz,incongruent,✅,0.26516749918107224
13,52,commute,incongruent,✅,0.010098378264794096
13,53,migraine,congruent,✅,0.9475924715218107
13,53,excitement,congruent,❌,0.3492269781232048
13,53,migraine,incongruent,✅,0.19313335865623474
13,53,excitement,incongruent,❌,0.5033049129104397
13,54,niece,congruent,✅,0.7684025866625452
13,54,husband,congruent,❌,0.41832524421964906
13,54,niece,incongruent,❌,0.7692723587031477
13,54,husband,incongruent,✅,0.2943771651510367
13,55,film,congruent,❌,0.43643291379224575
13,55,sunrise,congruent,✅,0.847255810252262
13,55,film,incongruent,✅,0.021180493603073617
13,55,sunrise,incongruent,✅,0.33307403499097854
13,56,lecture,congruent,✅,0.9763868175588926
13,56,banquet,congruent,✅,0.8239487033119881
13,56,lecture,incongruent,✅,0.014707056752159497
13,56,banquet,incongruent,✅,0.07269338834930938
13,57,drink,congruent,✅,0.9957266448527357
13,57,textbook,congruent,✅,0.8627544839529008
13,57,drink,incongruent,✅,0.013669959742309066
13,57,textbook,incongruent,❌,0.7829708791882435
13,58,pool,congruent,✅,0.946126507818684
13,58,snow,congruent,✅,0.5127897027624961
13,58,pool,incongruent,❌,0.5059959291833439
13,58,snow,incongruent,✅,0.0474704076683779
13,59,passport,congruent,✅,0.8702751608026739
13,59,plushy,congruent,✅,0.7457397874517232
13,59,passport,incongruent,✅,0.16312225741724168
13,59,plushy,incongruent,✅,0.07333325968894587
13,6,patients,congruent,✅,0.9777473319346064
13,6,students,congruent,✅,0.9199753714343819
13,6,patients,incongruent,✅,0.016869581642757803
13,6,students,incongruent,✅,0.01550144521585615
13,60,sister,congruent,✅,0.5300060277967902
13,60,father,congruent,✅,0.8543344019892809
13,60,sister,incongruent,❌,0.5105315776130683
13,60,father,incongruent,❌,0.6941699757891189
13,61,game,congruent,✅,0.9206384334254462
13,61,sunset,congruent,✅,0.7775332989197505
13,61,game,incongruent,✅,0.11154959458382246
13,61,sunset,incongruent,✅,0.0729693522344026
13,62,holidays,congruent,✅,0.7805651856274243
13,62,funeral,congruent,✅,0.959885155762944
13,62,holidays,incongruent,❌,0.5242356166966062
13,62,funeral,incongruent,✅,0.35946761013833634
13,63,grades,congruent,✅,0.8709799005103954
13,63,affair,congruent,✅,0.7861062240304663
13,63,grades,incongruent,✅,0.2998494688930239
13,63,affair,incongruent,✅,0.4360260485495337
13,64,arrest,congruent,✅,0.8197712709929826
13,64,stroke,congruent,❌,0.1759031675500798
13,64,arrest,incongruent,✅,0.05139858515606043
13,64,stroke,incongruent,✅,0.18886897459303068
13,65,pacifier,congruent,✅,0.9891524373918479
13,65,coffee,congruent,✅,0.8503284835240145
13,65,pacifier,incongruent,✅,0.05620921011928109
13,65,coffee,incongruent,✅,0.12864881654259278
13,66,sweets,congruent,✅,0.9139012434350975
13,66,sentencing,congruent,✅,0.915374838646185
13,66,sweets,incongruent,✅,0.00029900547051654784
13,66,sentencing,incongruent,✅,0.0025027654601974827
13,67,nap,congruent,✅,0.9780832542218233
13,67,selfie,congruent,✅,0.793662957125946
13,67,nap,incongruent,✅,0.152088651749869
13,67,selfie,incongruent,✅,0.2063970772317889
13,68,diaper,congruent,✅,0.9853051544579328
13,68,tire,congruent,✅,0.9721271423814969
13,68,diaper,incongruent,✅,0.05009102636125219
13,68,tire,incongruent,✅,0.050554875515924365
13,69,chemotherapy,congruent,❌,0.47620312319844355
13,69,golf,congruent,✅,0.9449495670519564
13,69,chemotherapy,incongruent,✅,0.01232164611867146
13,69,golf,incongruent,✅,0.024599489598711957
13,7,consensus,congruent,✅,0.8827663551896245
13,7,deadlock,congruent,❌,0.360029975238415
13,7,consensus,incongruent,✅,0.27907625092561583
13,7,deadlock,incongruent,❌,0.8810181615812405
13,70,thunder,congruent,✅,0.7674029624826068
13,70,lullaby,congruent,✅,0.9964853061702267
13,70,thunder,incongruent,✅,0.3819012358638492
13,70,lullaby,incongruent,✅,0.027955300501896787
13,71,pajamas,congruent,✅,0.9047598038332186
13,71,uniform,congruent,✅,0.9673859140157532
13,71,pajamas,incongruent,✅,0.4677381039148209
13,71,uniform,incongruent,❌,0.5854119020450881
13,72,gown,congruent,✅,0.989156913899856
13,72,sweats,congruent,✅,0.6915178003265711
13,72,gown,incongruent,❌,0.6467122425862423
13,72,sweats,incongruent,❌,0.5472464277846933
13,73,deadline,congruent,❌,0.1482629744134095
13,73,bed,congruent,✅,0.8162075823759765
13,73,deadline,incongruent,✅,0.008568829100909347
13,73,bed,incongruent,✅,0.021600163078516917
13,74,kindergarten,congruent,❌,0.4010610791893277
13,74,jail,congruent,✅,0.7539953975914035
13,74,kindergarten,incongruent,✅,0.16482250303518808
13,74,jail,incongruent,✅,0.09003550638406535
13,75,interrogated,congruent,✅,0.8492901532669179
13,75,tickled,congruent,❌,0.34580778365088044
13,75,interrogated,incongruent,✅,0.16310151159584754
13,75,tickled,incongruent,✅,0.24840862051535992
13,76,sandcastle,congruent,✅,0.5845485135586975
13,76,snowman,congruent,✅,0.9525353941366317
13,76,sandcastle,incongruent,✅,0.3660621462842875
13,76,snowman,incongruent,✅,0.1728719160672474
13,77,music,congruent,✅,0.9724678693419236
13,77,pizza,congruent,✅,0.9987652739087747
13,77,music,incongruent,✅,0.032272354898930634
13,77,pizza,incongruent,✅,0.009926224195051084
13,78,playoffs,congruent,✅,0.8665250607651505
13,78,cartoon,congruent,✅,0.8493776422859995
13,78,playoffs,incongruent,✅,0.053535253986998335
13,78,cartoon,incongruent,✅,0.04248772274820883
13,79,alcoholism,congruent,✅,0.6497665078635506
13,79,academics,congruent,✅,0.9410520856958378
13,79,alcoholism,incongruent,✅,0.45646608611652556
13,79,academics,incongruent,✅,0.22804330706485462
13,8,engagement,congruent,✅,0.8979644946154577
13,8,cancer,congruent,❌,0.37446854720298095
13,8,engagement,incongruent,✅,0.22870646644223364
13,8,cancer,incongruent,❌,0.7319676085115063
13,9,terminal,congruent,✅,0.9879317038552966
13,9,classroom,congruent,✅,0.7521276576168385
13,9,terminal,incongruent,✅,0.10850812572912594
13,9,classroom,incongruent,✅,0.18188376374153897
14,0,library,congruent,✅,0.8786428741410497
14,0,refrigerator,congruent,✅,0.8942845848650794
14,0,library,incongruent,✅,0.21443022529629766
14,0,refrigerator,incongruent,✅,0.010539479502851638
14,1,disappointment,congruent,✅,0.6957887298972375
14,1,delight,congruent,❌,0.09324820416017189
14,1,disappointment,incongruent,✅,0.05758146978373514
14,1,delight,incongruent,❌,0.759884928251907
14,10,cash,congruent,✅,0.8549277616503638
14,10,groceries,congruent,✅,0.936857594457826
14,10,cash,incongruent,✅,0.33123657190050715
14,10,groceries,incongruent,✅,0.0810189697197041
14,11,lonely,congruent,✅,0.8700231475613175
14,11,confident,congruent,✅,0.8523415758291836
14,11,lonely,incongruent,❌,0.6452215741829961
14,11,confident,incongruent,❌,0.6640076754567783
14,12,joy,congruent,✅,0.9403509713252464
14,12,outrage,congruent,✅,0.8161977242703372
14,12,joy,incongruent,❌,0.7260620098168072
14,12,outrage,incongruent,❌,0.8503825714502731
14,13,traffic,congruent,✅,0.9727887971026914
14,13,snowstorm,congruent,✅,0.959595798787289
14,13,traffic,incongruent,❌,0.7255112101752021
14,13,snowstorm,incongruent,❌,0.9450863378918314
14,14,laughter,congruent,✅,0.7814052276294554
14,14,frustration,congruent,✅,0.6270072642162274
14,14,laughter,incongruent,✅,0.44271831098721315
14,14,frustration,incongruent,❌,0.7567047671321879
14,15,calculator,congruent,✅,0.9009703079379426
14,15,instrument,congruent,✅,0.9609351913196765
14,15,calculator,incongruent,✅,0.24728392264436144
14,15,instrument,incongruent,✅,0.06406812172442236
14,16,orchestra,congruent,✅,0.9813558058735158
14,16,racers,congruent,✅,0.9068293261299251
14,16,orchestra,incongruent,✅,0.1461662090015799
14,16,racers,incongruent,✅,0.18147268111149678
14,17,retirement,congruent,❌,0.3169104429484068
14,17,playdate,congruent,❌,0.475845335610518
14,17,retirement,incongruent,✅,0.047053603850551386
14,17,playdate,incongruent,✅,0.08333206470117853
14,18,relieved,congruent,❌,0.18317749502083042
14,18,depressed,congruent,❌,0.11126601836157124
14,18,relieved,incongruent,✅,0.1284665419498547
14,18,depressed,incongruent,✅,0.18423887725548976
14,19,friends,congruent,❌,0.2912370878049356
14,19,weight,congruent,✅,0.9145935311436968
14,19,friends,incongruent,❌,0.6480952329868128
14,19,weight,incongruent,✅,0.2221516482298879
14,2,overcoat,congruent,❌,0.3883308121302695
14,2,sandals,congruent,✅,0.7593514014619992
14,2,overcoat,incongruent,❌,0.8615261047923185
14,2,sandals,incongruent,✅,0.07967716208352399
14,20,lipstick,congruent,✅,0.905523548475849
14,20,song,congruent,✅,0.8881294771422785
14,20,lipstick,incongruent,✅,0.055379479303325235
14,20,song,incongruent,❌,0.5577466965800033
14,21,fought,congruent,❌,0.12504292541957163
14,21,sang,congruent,✅,0.7258737605330585
14,21,fought,incongruent,✅,0.13791648142103702
14,21,sang,incongruent,✅,0.045419759888713405
14,22,skeptical,congruent,❌,0.19784020992715293
14,22,reassured,congruent,✅,0.6958439506622415
14,22,skeptical,incongruent,❌,0.654500611998001
14,22,reassured,incongruent,✅,0.2541527221012413
14,23,graduation,congruent,✅,0.9772243516058458
14,23,operation,congruent,✅,0.9348022784728579
14,23,graduation,incongruent,✅,0.24196489484265127
14,23,operation,incongruent,✅,0.25929309182811666
14,24,bride,congruent,✅,0.9732328639833664
14,24,aftermath,congruent,✅,0.7744779029625083
14,24,bride,incongruent,✅,0.15872405428336045
14,24,aftermath,incongruent,✅,0.02102443290559528
14,25,teacher,congruent,✅,0.8252915493774414
14,25,daughter,congruent,✅,0.5445122958555272
14,25,teacher,incongruent,✅,0.2313445578911583
14,25,daughter,incongruent,❌,0.6493394122297946
14,26,roommate,congruent,✅,0.7483997736663625
14,26,grandma,congruent,✅,0.7663373957970396
14,26,roommate,incongruent,✅,0.236346423216029
14,26,grandma,incongruent,✅,0.458823004667058
14,27,brother,congruent,❌,0.3936752399027233
14,27,mother,congruent,❌,0.27533114308953116
14,27,brother,incongruent,✅,0.3908072582238882
14,27,mother,incongruent,✅,0.21069382260131414
14,28,preschool,congruent,✅,0.8991290234815359
14,28,prison,congruent,✅,0.6203999379395105
14,28,preschool,incongruent,✅,0.012722904645932214
14,28,prison,incongruent,✅,0.03405213860106267
14,29,hopeful,congruent,✅,0.6360127612506354
14,29,hopeless,congruent,✅,0.5961115979594405
14,29,hopeful,incongruent,✅,0.33360313955921517
14,29,hopeless,incongruent,❌,0.6606753595247136
14,3,marathon,congruent,✅,0.9659440092169863
14,3,exam,congruent,✅,0.838623101864215
14,3,marathon,incongruent,✅,0.118694756276565
14,3,exam,incongruent,✅,0.07383636512802683
14,30,appalled,congruent,❌,0.11903089866935437
14,30,overjoyed,congruent,❌,0.39523888586772893
14,30,appalled,incongruent,✅,0.29462014797853264
14,30,overjoyed,incongruent,✅,0.0824683909302318
14,31,reprimand,congruent,✅,0.6730427811224079
14,31,encouragement,congruent,✅,0.890808587209241
14,31,reprimand,incongruent,❌,0.8504004022822854
14,31,encouragement,incongruent,❌,0.542657582383401
14,32,angrily,congruent,✅,0.7804295089740778
14,32,cordially,congruent,✅,0.640757590105369
14,32,angrily,incongruent,❌,0.5491725017774538
14,32,cordially,incongruent,❌,0.5664160683789891
14,33,accusatory,congruent,✅,0.7017437526176757
14,33,flirtatious,congruent,✅,0.8559314979914983
14,33,accusatory,incongruent,❌,0.8483115415615606
14,33,flirtatious,incongruent,✅,0.45973160746282093
14,34,disapprovingly,congruent,✅,0.5515486525579752
14,34,lovingly,congruent,❌,0.2156107787550737
14,34,disapprovingly,incongruent,✅,0.1680540372214614
14,34,lovingly,incongruent,❌,0.5078016964037165
14,35,playful,congruent,✅,0.5152554866305565
14,35,distant,congruent,❌,0.43008334158393063
14,35,playful,incongruent,✅,0.4446196117660337
14,35,distant,incongruent,✅,0.3834133642212173
14,36,headphones,congruent,✅,0.8037177092847171
14,36,mangoes,congruent,✅,0.974693115481684
14,36,headphones,incongruent,✅,0.16203463807902474
14,36,mangoes,incongruent,✅,0.06794408360031975
14,37,playroom,congruent,✅,0.8894513672530542
14,37,park,congruent,✅,0.9873329636805785
14,37,playroom,incongruent,❌,0.6465584955721133
14,37,park,incongruent,❌,0.9684523873743852
14,38,bedroom,congruent,✅,0.9443282172423995
14,38,backyard,congruent,✅,0.7928596488060048
14,38,bedroom,incongruent,✅,0.492179174162655
14,38,backyard,incongruent,✅,0.427316550907831
14,39,solemnly,congruent,✅,0.5040209975365
14,39,excitedly,congruent,✅,0.7883490931547829
14,39,solemnly,incongruent,❌,0.6554682324062074
14,39,excitedly,incongruent,❌,0.515704653125854
14,4,menu,congruent,✅,0.9037049753922703
14,4,prescription,congruent,✅,0.8592436817265464
14,4,menu,incongruent,✅,0.026236897458752826
14,4,prescription,incongruent,✅,0.06564869829594565
14,40,car,congruent,❌,0.33501508173555655
14,40,sock,congruent,❌,0.0879538392662313
14,40,car,incongruent,✅,0.08605495866888006
14,40,sock,incongruent,✅,0.048726761387366646
14,41,overdressed,congruent,✅,0.6643612819020213
14,41,naked,congruent,✅,0.7433253651112851
14,41,overdressed,incongruent,❌,0.5747930133801112
14,41,naked,incongruent,❌,0.5682479946423726
14,42,shy,congruent,✅,0.7972787671858838
14,42,lively,congruent,✅,0.6539659040659412
14,42,shy,incongruent,✅,0.48109340660747046
14,42,lively,incongruent,❌,0.8327942159089263
14,43,offended,congruent,❌,0.44890162261418975
14,43,flattered,congruent,✅,0.8155814655181858
14,43,offended,incongruent,❌,0.8134765767617993
14,43,flattered,incongruent,✅,0.28765170657994416
14,44,grandkid,congruent,✅,0.5732460501790708
14,44,cellmate,congruent,✅,0.9186171159253832
14,44,grandkid,incongruent,✅,0.20562372137489707
14,44,cellmate,incongruent,✅,0.14831048422382312
14,45,promoted,congruent,❌,0.3073237223105298
14,45,fired,congruent,❌,0.1804833636494941
14,45,promoted,incongruent,✅,0.25704568806228334
14,45,fired,incongruent,✅,0.21754503537775804
14,46,shooting,congruent,❌,0.35804789563696443
14,46,celebration,congruent,❌,0.11661084275028946
14,46,shooting,incongruent,✅,0.025232683002731873
14,46,celebration,incongruent,✅,0.2624392958409797
14,47,crayon,congruent,✅,0.8301595676443557
14,47,beer,congruent,✅,0.9458990665564803
14,47,crayon,incongruent,✅,0.016677347614091186
14,47,beer,incongruent,✅,0.01663953507741011
14,48,waiter,congruent,✅,0.8922498878944789
14,48,taxi,congruent,✅,0.5657485438326235
14,48,waiter,incongruent,✅,0.24837469609441315
14,48,taxi,incongruent,✅,0.3429111692021734
14,49,parents,congruent,✅,0.5669607944499397
14,49,keys,congruent,✅,0.5518171598525614
14,49,parents,incongruent,✅,0.11316794358288844
14,49,keys,incongruent,✅,0.2180477584397663
14,5,distress,congruent,✅,0.6677544959049435
14,5,tranquility,congruent,❌,0.07044198524918108
14,5,distress,incongruent,✅,0.03991313655893217
14,5,tranquility,incongruent,✅,0.4575434840476629
14,50,sofa,congruent,✅,0.9665077037764768
14,50,sky,congruent,✅,0.8662531021732944
14,50,sofa,incongruent,✅,0.3212759921078471
14,50,sky,incongruent,✅,0.21654353638725185
14,51,obesity,congruent,✅,0.5086697079071569
14,51,homework,congruent,✅,0.9509600598665614
14,51,obesity,incongruent,✅,0.019211790133345147
14,51,homework,incongruent,✅,0.15173782032630917
14,52,quiz,congruent,❌,0.3963993489952001
14,52,commute,congruent,✅,0.8028443574025074
14,52,quiz,incongruent,✅,0.2309087697973357
14,52,commute,incongruent,✅,0.006866456253340722
14,53,migraine,congruent,✅,0.9638822760876316
14,53,excitement,congruent,❌,0.2810872210020412
14,53,migraine,incongruent,✅,0.12593468365421193
14,53,excitement,incongruent,❌,0.6455616972186433
14,54,niece,congruent,✅,0.8665329155971034
14,54,husband,congruent,❌,0.4122717471169569
14,54,niece,incongruent,❌,0.7333357881901689
14,54,husband,incongruent,✅,0.3586429049298124
14,55,film,congruent,❌,0.3092440002835254
14,55,sunrise,congruent,✅,0.8975380580306171
14,55,film,incongruent,✅,0.0370810699795647
14,55,sunrise,incongruent,✅,0.21330336057803465
14,56,lecture,congruent,✅,0.9676527293504247
14,56,banquet,congruent,✅,0.8282838208394215
14,56,lecture,incongruent,✅,0.020261830901322688
14,56,banquet,incongruent,✅,0.06567320103776392
14,57,drink,congruent,✅,0.9911421560626107
14,57,textbook,congruent,✅,0.8351273746826401
14,57,drink,incongruent,✅,0.02108098730321795
14,57,textbook,incongruent,❌,0.5780154071150774
14,58,pool,congruent,✅,0.962578555031714
14,58,snow,congruent,❌,0.44572567723712925
14,58,pool,incongruent,✅,0.4722469346226245
14,58,snow,incongruent,✅,0.06730191432659309
14,59,passport,congruent,✅,0.8881595395948908
14,59,plushy,congruent,✅,0.7951603723728988
14,59,passport,incongruent,✅,0.1920889574627327
14,59,plushy,incongruent,✅,0.12563907936411667
14,6,patients,congruent,✅,0.9660729196950276
14,6,students,congruent,✅,0.9225815046762688
14,6,patients,incongruent,✅,0.04030582515587541
14,6,students,incongruent,✅,0.01452007589629353
14,60,sister,congruent,✅,0.6575777262237081
14,60,father,congruent,✅,0.8213951101102798
14,60,sister,incongruent,✅,0.4383621598093718
14,60,father,incongruent,❌,0.7183893772566001
14,61,game,congruent,✅,0.9464196125242725
14,61,sunset,congruent,✅,0.8334114674153534
14,61,game,incongruent,✅,0.20616808611691012
14,61,sunset,incongruent,✅,0.13372083426233164
14,62,holidays,congruent,✅,0.8819570132125193
14,62,funeral,congruent,✅,0.9663331502189121
14,62,holidays,incongruent,❌,0.6381326003932927
14,62,funeral,incongruent,❌,0.5606303230088513
14,63,grades,congruent,✅,0.8899759789200028
14,63,affair,congruent,✅,0.8755210193823103
14,63,grades,incongruent,✅,0.45271343489805566
14,63,affair,incongruent,✅,0.42962210387335514
14,64,arrest,congruent,✅,0.836015255454276
14,64,stroke,congruent,❌,0.1473958179605593
14,64,arrest,incongruent,✅,0.06245910656308995
14,64,stroke,incongruent,✅,0.17353865450286568
14,65,pacifier,congruent,✅,0.9789002710633931
14,65,coffee,congruent,✅,0.796632554476792
14,65,pacifier,incongruent,✅,0.030201753914617276
14,65,coffee,incongruent,✅,0.09980482224283453
14,66,sweets,congruent,✅,0.9088636218919749
14,66,sentencing,congruent,✅,0.9114577430034313
14,66,sweets,incongruent,✅,0.0006292305898170656
14,66,sentencing,incongruent,✅,0.0018613858546914716
14,67,nap,congruent,✅,0.9508875563302612
14,67,selfie,congruent,✅,0.5454803631998174
14,67,nap,incongruent,✅,0.04908872751456517
14,67,selfie,incongruent,✅,0.13199206406876737
14,68,diaper,congruent,✅,0.9742435973278487
14,68,tire,congruent,✅,0.9798769779842664
14,68,diaper,incongruent,✅,0.027906988878784678
14,68,tire,incongruent,✅,0.03940545369582098
14,69,chemotherapy,congruent,✅,0.7713240538361559
14,69,golf,congruent,✅,0.9459946753532806
14,69,chemotherapy,incongruent,✅,0.017928827356990387
14,69,golf,incongruent,✅,0.08839881551427943
14,7,consensus,congruent,✅,0.8797821150813333
14,7,deadlock,congruent,❌,0.17208627249904707
14,7,consensus,incongruent,✅,0.13146655925324688
14,7,deadlock,incongruent,❌,0.8839455980084778
14,70,thunder,congruent,✅,0.7818375319870545
14,70,lullaby,congruent,✅,0.993764812409682
14,70,thunder,incongruent,✅,0.3099798379480648
14,70,lullaby,incongruent,✅,0.0236381776340494
14,71,pajamas,congruent,✅,0.7469896716609857
14,71,uniform,congruent,✅,0.8950417072564354
14,71,pajamas,incongruent,✅,0.222465393842292
14,71,uniform,incongruent,✅,0.3285796721931508
14,72,gown,congruent,✅,0.9862125717224562
14,72,sweats,congruent,✅,0.8925708094481515
14,72,gown,incongruent,❌,0.842535475457396
14,72,sweats,incongruent,✅,0.4764024765165215
14,73,deadline,congruent,❌,0.19233063033609665
14,73,bed,congruent,✅,0.873887827961882
14,73,deadline,incongruent,✅,0.027799923418093373
14,73,bed,incongruent,✅,0.03625331403834915
14,74,kindergarten,congruent,❌,0.3180032027141522
14,74,jail,congruent,✅,0.637987642609534
14,74,kindergarten,incongruent,✅,0.10361499045253976
14,74,jail,incongruent,✅,0.05993066296426088
14,75,interrogated,congruent,✅,0.7588782192344222
14,75,tickled,congruent,✅,0.5889053160958342
14,75,interrogated,incongruent,✅,0.33797912905294814
14,75,tickled,incongruent,✅,0.140763397925153
14,76,sandcastle,congruent,✅,0.8385358396213901
14,76,snowman,congruent,✅,0.9446815714358942
14,76,sandcastle,incongruent,✅,0.3128344381900799
14,76,snowman,incongruent,✅,0.41157958037433096
14,77,music,congruent,✅,0.986717036408435
14,77,pizza,congruent,✅,0.9987993522501696
14,77,music,incongruent,✅,0.04419978965809826
14,77,pizza,incongruent,✅,0.022687083042848114
14,78,playoffs,congruent,✅,0.8962523759487911
14,78,cartoon,congruent,✅,0.931496304959882
14,78,playoffs,incongruent,✅,0.1268490675631237
14,78,cartoon,incongruent,✅,0.07495592309648659
14,79,alcoholism,congruent,✅,0.637779557922552
14,79,academics,congruent,✅,0.9325962929334045
14,79,alcoholism,incongruent,✅,0.452650276183793
14,79,academics,incongruent,✅,0.18850713706916583
14,8,engagement,congruent,✅,0.8888860192909059
14,8,cancer,congruent,❌,0.39020591704292484
14,8,engagement,incongruent,✅,0.26082274811197037
14,8,cancer,incongruent,❌,0.7206961258833123
14,9,terminal,congruent,✅,0.9847088912025898
14,9,classroom,congruent,✅,0.7254202047541068
14,9,terminal,incongruent,✅,0.1192021261628869
14,9,classroom,incongruent,✅,0.20602109765139778
15,0,library,congruent,✅,0.8851043210783305
15,0,refrigerator,congruent,✅,0.9253761263650248
15,0,library,incongruent,✅,0.2176456609683657
15,0,refrigerator,incongruent,✅,0.01497996629002431
15,1,disappointment,congruent,❌,0.3931448336021206
15,1,delight,congruent,❌,0.1317770912223839
15,1,disappointment,incongruent,✅,0.059048141450037124
15,1,delight,incongruent,✅,0.45318630595542386
15,10,cash,congruent,✅,0.8407948642026386
15,10,groceries,congruent,✅,0.8935854491588675
15,10,cash,incongruent,✅,0.3667032115676677
15,10,groceries,incongruent,✅,0.09471288973482882
15,11,lonely,congruent,✅,0.8969481727979208
15,11,confident,congruent,✅,0.8902363006323242
15,11,lonely,incongruent,❌,0.7116664033321352
15,11,confident,incongruent,❌,0.5774376745638924
15,12,joy,congruent,✅,0.9420895061653597
15,12,outrage,congruent,✅,0.6450979449018746
15,12,joy,incongruent,❌,0.5063140213909935
15,12,outrage,incongruent,❌,0.8353622108185064
15,13,traffic,congruent,✅,0.9831253207787652
15,13,snowstorm,congruent,✅,0.9785964674737765
15,13,traffic,incongruent,❌,0.8937254842058965
15,13,snowstorm,incongruent,❌,0.961490826342655
15,14,laughter,congruent,✅,0.8633630298104932
15,14,frustration,congruent,✅,0.8789528167145194
15,14,laughter,incongruent,❌,0.5270193952565777
15,14,frustration,incongruent,❌,0.8325914172084498
15,15,calculator,congruent,✅,0.7260623380621517
15,15,instrument,congruent,✅,0.9349742759751049
15,15,calculator,incongruent,✅,0.1078747415509502
15,15,instrument,incongruent,✅,0.05341937739216918
15,16,orchestra,congruent,✅,0.9853996971893383
15,16,racers,congruent,✅,0.8976950097467082
15,16,orchestra,incongruent,✅,0.22961664546121727
15,16,racers,incongruent,✅,0.13061222610940884
15,17,retirement,congruent,❌,0.3319677872175264
15,17,playdate,congruent,❌,0.3681733869236896
15,17,retirement,incongruent,✅,0.028705144394552518
15,17,playdate,incongruent,✅,0.06100524762886864
15,18,relieved,congruent,❌,0.11693584067840433
15,18,depressed,congruent,❌,0.12901561983675358
15,18,relieved,incongruent,✅,0.11953456955719516
15,18,depressed,incongruent,✅,0.11836190495743726
15,19,friends,congruent,❌,0.458862965823478
15,19,weight,congruent,✅,0.8502163272860935
15,19,friends,incongruent,✅,0.4766384516786948
15,19,weight,incongruent,✅,0.3094685571696737
15,2,overcoat,congruent,✅,0.6670696645348915
15,2,sandals,congruent,✅,0.8840886141549145
15,2,overcoat,incongruent,❌,0.5144615200092477
15,2,sandals,incongruent,✅,0.02931991088996234
15,20,lipstick,congruent,✅,0.9472710990198026
15,20,song,congruent,✅,0.9390897943774678
15,20,lipstick,incongruent,✅,0.08455228868505384
15,20,song,incongruent,❌,0.6363102635338906
15,21,fought,congruent,❌,0.35581997197456067
15,21,sang,congruent,✅,0.8535230724410601
15,21,fought,incongruent,✅,0.222113993637576
15,21,sang,incongruent,✅,0.13204057281864
15,22,skeptical,congruent,❌,0.17575732082704268
15,22,reassured,congruent,❌,0.3315482853852141
15,22,skeptical,incongruent,✅,0.2656294514999159
15,22,reassured,incongruent,✅,0.19807956992719558
15,23,graduation,congruent,✅,0.9735925205042489
15,23,operation,congruent,✅,0.9193178876236175
15,23,graduation,incongruent,✅,0.1485349872404314
15,23,operation,incongruent,✅,0.128125680868711
15,24,bride,congruent,✅,0.9970053091841784
15,24,aftermath,congruent,✅,0.7545579652480788
15,24,bride,incongruent,✅,0.1988013428185216
15,24,aftermath,incongruent,✅,0.05704048835326421
15,25,teacher,congruent,✅,0.7982368983846873
15,25,daughter,congruent,✅,0.510905752553903
15,25,teacher,incongruent,✅,0.09583192351910781
15,25,daughter,incongruent,✅,0.442807689689293
15,26,roommate,congruent,✅,0.7269225153680647
15,26,grandma,congruent,✅,0.9117865352326184
15,26,roommate,incongruent,✅,0.32057422008039577
15,26,grandma,incongruent,✅,0.36327392318852497
15,27,brother,congruent,❌,0.33738306084831166
15,27,mother,congruent,❌,0.46851964028991244
15,27,brother,incongruent,❌,0.5368651832837804
15,27,mother,incongruent,✅,0.12635334393381398
15,28,preschool,congruent,✅,0.77776827614143
15,28,prison,congruent,✅,0.5775768851277966
15,28,preschool,incongruent,✅,0.003119655621276436
15,28,prison,incongruent,✅,0.021440893042968808
15,29,hopeful,congruent,✅,0.5245112012910635
15,29,hopeless,congruent,✅,0.5732942498986203
15,29,hopeful,incongruent,✅,0.2973260546642056
15,29,hopeless,incongruent,❌,0.5242838496013692
15,3,marathon,congruent,✅,0.8851686594316944
15,3,exam,congruent,✅,0.8820813204992641
15,3,marathon,incongruent,✅,0.140364754247992
15,3,exam,incongruent,✅,0.052661107090794246
15,30,appalled,congruent,❌,0.11128640923383655
15,30,overjoyed,congruent,✅,0.5101023286307248
15,30,appalled,incongruent,✅,0.369542113477234
15,30,overjoyed,incongruent,✅,0.0698860117212176
15,31,reprimand,congruent,❌,0.44944951145827583
15,31,encouragement,congruent,✅,0.8334506848577355
15,31,reprimand,incongruent,❌,0.7451673833296837
15,31,encouragement,incongruent,✅,0.3060365844231145
15,32,angrily,congruent,✅,0.7741055575799877
15,32,cordially,congruent,✅,0.5927622568968828
15,32,angrily,incongruent,✅,0.4952271845884581
15,32,cordially,incongruent,✅,0.401020921428336
15,33,accusatory,congruent,✅,0.7392538023566584
15,33,flirtatious,congruent,✅,0.6543422009833547
15,33,accusatory,incongruent,❌,0.5992322870269488
15,33,flirtatious,incongruent,✅,0.3863814326157041
15,34,disapprovingly,congruent,✅,0.6041286177242575
15,34,lovingly,congruent,❌,0.20479099206905196
15,34,disapprovingly,incongruent,✅,0.15769767121755357
15,34,lovingly,incongruent,✅,0.43899776884437797
15,35,playful,congruent,❌,0.27258976120866635
15,35,distant,congruent,❌,0.4626787834192755
15,35,playful,incongruent,✅,0.4566442557492645
15,35,distant,incongruent,✅,0.1525427419679162
15,36,headphones,congruent,✅,0.5315309730638785
15,36,mangoes,congruent,✅,0.9609064875831977
15,36,headphones,incongruent,✅,0.1744037261655699
15,36,mangoes,incongruent,✅,0.014252996798079743
15,37,playroom,congruent,✅,0.9709040723735287
15,37,park,congruent,✅,0.9912976917410256
15,37,playroom,incongruent,❌,0.6680141662744971
15,37,park,incongruent,❌,0.986768535927694
15,38,bedroom,congruent,✅,0.9138367915002711
15,38,backyard,congruent,✅,0.5833117528871409
15,38,bedroom,incongruent,✅,0.22917372052256474
15,38,backyard,incongruent,✅,0.1798548640152696
15,39,solemnly,congruent,❌,0.39505825626528723
15,39,excitedly,congruent,✅,0.78203423470238
15,39,solemnly,incongruent,❌,0.6514171259870617
15,39,excitedly,incongruent,✅,0.30857129384953874
15,4,menu,congruent,✅,0.9674481455982923
15,4,prescription,congruent,✅,0.931522455989457
15,4,menu,incongruent,✅,0.037082730735480005
15,4,prescription,incongruent,✅,0.07816268842463857
15,40,car,congruent,❌,0.3051515845746851
15,40,sock,congruent,❌,0.08480106834709357
15,40,car,incongruent,✅,0.0939509930689668
15,40,sock,incongruent,✅,0.04455582044954344
15,41,overdressed,congruent,✅,0.7760746739259177
15,41,naked,congruent,✅,0.6518633870752251
15,41,overdressed,incongruent,✅,0.4036911955058139
15,41,naked,incongruent,❌,0.5813041596024894
15,42,shy,congruent,✅,0.8930406812913709
15,42,lively,congruent,✅,0.8837314337363783
15,42,shy,incongruent,❌,0.7567542888535688
15,42,lively,incongruent,❌,0.8985469593717517
15,43,offended,congruent,❌,0.49961498244728003
15,43,flattered,congruent,✅,0.8312476806114947
15,43,offended,incongruent,❌,0.7458125533511698
15,43,flattered,incongruent,✅,0.3009394695710304
15,44,grandkid,congruent,✅,0.5387452935799546
15,44,cellmate,congruent,✅,0.9049651755954924
15,44,grandkid,incongruent,✅,0.21628489639623327
15,44,cellmate,incongruent,✅,0.05565049873564953
15,45,promoted,congruent,❌,0.34797062026247394
15,45,fired,congruent,❌,0.18559023949752612
15,45,promoted,incongruent,✅,0.15232432865217924
15,45,fired,incongruent,✅,0.33044095931152784
15,46,shooting,congruent,❌,0.30740236011100086
15,46,celebration,congruent,❌,0.09076730012423816
15,46,shooting,incongruent,✅,0.017908730077361993
15,46,celebration,incongruent,✅,0.23695116102910718
15,47,crayon,congruent,✅,0.7731919207546027
15,47,beer,congruent,✅,0.9684811983847541
15,47,crayon,incongruent,✅,0.009552191676665584
15,47,beer,incongruent,✅,0.027320733040159004
15,48,waiter,congruent,✅,0.8486418167828622
15,48,taxi,congruent,❌,0.4725015290427485
15,48,waiter,incongruent,✅,0.14122383534886104
15,48,taxi,incongruent,✅,0.3304174848932233
15,49,parents,congruent,✅,0.5390413604117581
15,49,keys,congruent,✅,0.8244186784384677
15,49,parents,incongruent,✅,0.33316746158324373
15,49,keys,incongruent,✅,0.2359345223525809
15,5,distress,congruent,✅,0.8196970190145874
15,5,tranquility,congruent,❌,0.2290901156529456
15,5,distress,incongruent,✅,0.10518803824601974
15,5,tranquility,incongruent,❌,0.5901361030270871
15,50,sofa,congruent,✅,0.9309936423390325
15,50,sky,congruent,✅,0.8615951852975143
15,50,sofa,incongruent,✅,0.23338232028351977
15,50,sky,incongruent,✅,0.1137428806456165
15,51,obesity,congruent,✅,0.5394802724554769
15,51,homework,congruent,✅,0.9623035142490246
15,51,obesity,incongruent,✅,0.02888856459680082
15,51,homework,incongruent,✅,0.1377631218975536
15,52,quiz,congruent,✅,0.6493679609521543
15,52,commute,congruent,✅,0.8159784022284904
15,52,quiz,incongruent,✅,0.20253637249776696
15,52,commute,incongruent,✅,0.016695514757343415
15,53,migraine,congruent,✅,0.9486934507547256
15,53,excitement,congruent,❌,0.26500292409119225
15,53,migraine,incongruent,✅,0.10111863581257285
15,53,excitement,incongruent,❌,0.5347895554949684
15,54,niece,congruent,✅,0.9364739896737204
15,54,husband,congruent,❌,0.43574937183471174
15,54,niece,incongruent,❌,0.7813443783685088
15,54,husband,incongruent,✅,0.34531491858076097
15,55,film,congruent,❌,0.42988770666533294
15,55,sunrise,congruent,✅,0.9283118706190989
15,55,film,incongruent,✅,0.05390579460814811
15,55,sunrise,incongruent,✅,0.2311774906532575
15,56,lecture,congruent,✅,0.9758524126694338
15,56,banquet,congruent,✅,0.8916353279580818
15,56,lecture,incongruent,✅,0.01587256806604157
15,56,banquet,incongruent,✅,0.027447230774280972
15,57,drink,congruent,✅,0.9950043977598074
15,57,textbook,congruent,✅,0.8605073689878254
15,57,drink,incongruent,✅,0.017740152900154973
15,57,textbook,incongruent,✅,0.45456993324710576
15,58,pool,congruent,✅,0.9275206865830867
15,58,snow,congruent,❌,0.21498493734667362
15,58,pool,incongruent,✅,0.09163649075350035
15,58,snow,incongruent,✅,0.022798483801523065
15,59,passport,congruent,✅,0.8613215288204884
15,59,plushy,congruent,✅,0.8440962207632705
15,59,passport,incongruent,✅,0.13996583533072113
15,59,plushy,incongruent,✅,0.10445758453936321
15,6,patients,congruent,✅,0.9608710965622247
15,6,students,congruent,✅,0.8990469673483308
15,6,patients,incongruent,✅,0.02867093574195674
15,6,students,incongruent,✅,0.023061270154015285
15,60,sister,congruent,✅,0.603571134269548
15,60,father,congruent,✅,0.7311024998095209
15,60,sister,incongruent,✅,0.22930304182954592
15,60,father,incongruent,❌,0.8197756024262125
15,61,game,congruent,✅,0.9733050969138348
15,61,sunset,congruent,✅,0.8641276556140033
15,61,game,incongruent,✅,0.22414791943962276
15,61,sunset,incongruent,✅,0.2026476916190569
15,62,holidays,congruent,✅,0.9561456463396678
15,62,funeral,congruent,✅,0.8975435190300755
15,62,holidays,incongruent,✅,0.280298362571112
15,62,funeral,incongruent,❌,0.7342709513341402
15,63,grades,congruent,✅,0.8267410500382527
15,63,affair,congruent,✅,0.8122960213960547
15,63,grades,incongruent,✅,0.2904723329119955
15,63,affair,incongruent,✅,0.2722628239851027
15,64,arrest,congruent,✅,0.9311342173591779
15,64,stroke,congruent,❌,0.10879667380553232
15,64,arrest,incongruent,✅,0.07520369993895751
15,64,stroke,incongruent,✅,0.2957683553281192
15,65,pacifier,congruent,✅,0.9649665016136505
15,65,coffee,congruent,✅,0.9467230009794548
15,65,pacifier,incongruent,✅,0.10211023779251739
15,65,coffee,incongruent,✅,0.09533970687752318
15,66,sweets,congruent,✅,0.9029811423730038
15,66,sentencing,congruent,✅,0.9707875167018294
15,66,sweets,incongruent,✅,0.004294317112788427
15,66,sentencing,incongruent,✅,0.0025009307022192486
15,67,nap,congruent,✅,0.8483870067522888
15,67,selfie,congruent,✅,0.8008083400814533
15,67,nap,incongruent,✅,0.08907650784615233
15,67,selfie,incongruent,✅,0.018131774253731525
15,68,diaper,congruent,✅,0.9623109812094094
15,68,tire,congruent,✅,0.989674959120371
15,68,diaper,incongruent,✅,0.03337409096149885
15,68,tire,incongruent,✅,0.06419513460942122
15,69,chemotherapy,congruent,✅,0.8641847013151477
15,69,golf,congruent,✅,0.8996058672468792
15,69,chemotherapy,incongruent,✅,0.020886375705931083
15,69,golf,incongruent,✅,0.16925393132133298
15,7,consensus,congruent,✅,0.8811130842474187
15,7,deadlock,congruent,❌,0.1983382554239452
15,7,consensus,incongruent,✅,0.12962847254573454
15,7,deadlock,incongruent,❌,0.901237982810589
15,70,thunder,congruent,✅,0.9252630395875093
15,70,lullaby,congruent,✅,0.9775552999666939
15,70,thunder,incongruent,✅,0.12196600647690571
15,70,lullaby,incongruent,✅,0.07375519332118875
15,71,pajamas,congruent,✅,0.8587074636275115
15,71,uniform,congruent,✅,0.9089987361303831
15,71,pajamas,incongruent,✅,0.4514100099355178
15,71,uniform,incongruent,✅,0.18624886819409625
15,72,gown,congruent,✅,0.9971776527878304
15,72,sweats,congruent,✅,0.9656277058943405
15,72,gown,incongruent,❌,0.8110321936742171
15,72,sweats,incongruent,✅,0.41223028381814336
15,73,deadline,congruent,❌,0.1949882298174432
15,73,bed,congruent,✅,0.9639229464035647
15,73,deadline,incongruent,✅,0.04237869403098327
15,73,bed,incongruent,✅,0.03974506476281351
15,74,kindergarten,congruent,✅,0.5540210527374598
15,74,jail,congruent,✅,0.7941632930132703
15,74,kindergarten,incongruent,✅,0.10321857214908065
15,74,jail,incongruent,✅,0.14590353142137508
15,75,interrogated,congruent,✅,0.7243959154468194
15,75,tickled,congruent,❌,0.14735443818750552
15,75,interrogated,incongruent,✅,0.06633501699744553
15,75,tickled,incongruent,✅,0.0877833904823742
15,76,sandcastle,congruent,✅,0.7270968569073983
15,76,snowman,congruent,✅,0.9866850072371532
15,76,sandcastle,incongruent,✅,0.45767207186766007
15,76,snowman,incongruent,✅,0.23233372340597325
15,77,music,congruent,✅,0.9889599525808932
15,77,pizza,congruent,✅,0.9976372082563982
15,77,music,incongruent,✅,0.033330802464688516
15,77,pizza,incongruent,✅,0.029977248254951048
15,78,playoffs,congruent,✅,0.8405260891972409
15,78,cartoon,congruent,✅,0.9123893181162039
15,78,playoffs,incongruent,✅,0.06895559282224684
15,78,cartoon,incongruent,✅,0.06984274175551174
15,79,alcoholism,congruent,✅,0.6113168130540972
15,79,academics,congruent,✅,0.9195908586093062
15,79,alcoholism,incongruent,✅,0.3539115925979445
15,79,academics,incongruent,✅,0.2032502408981107
15,8,engagement,congruent,✅,0.7341843322789665
15,8,cancer,congruent,❌,0.497936587331739
15,8,engagement,incongruent,✅,0.22074278534480168
15,8,cancer,incongruent,✅,0.4729164826154065
15,9,terminal,congruent,✅,0.9500108244815071
15,9,classroom,congruent,✅,0.7354194959493026
15,9,terminal,incongruent,✅,0.056832722002159226
15,9,classroom,incongruent,✅,0.06067172134841472
16,0,library,congruent,✅,0.8306593393834728
16,0,refrigerator,congruent,✅,0.8250847092475029
16,0,library,incongruent,✅,0.12178935805005203
16,0,refrigerator,incongruent,✅,0.009398781422623258
16,1,disappointment,congruent,❌,0.4796205163539914
16,1,delight,congruent,❌,0.3216371773378654
16,1,disappointment,incongruent,✅,0.0850525779405961
16,1,delight,incongruent,✅,0.407509531779967
16,10,cash,congruent,✅,0.8898723991029059
16,10,groceries,congruent,✅,0.9307170108968688
16,10,cash,incongruent,✅,0.49219854726508333
16,10,groceries,incongruent,✅,0.17801815151326567
16,11,lonely,congruent,✅,0.834165823644041
16,11,confident,congruent,✅,0.896343836291235
16,11,lonely,incongruent,❌,0.6135525341116124
16,11,confident,incongruent,✅,0.36591527855673783
16,12,joy,congruent,✅,0.9662147985543588
16,12,outrage,congruent,✅,0.7706290449044856
16,12,joy,incongruent,✅,0.4470048571367605
16,12,outrage,incongruent,❌,0.7123044464520191
16,13,traffic,congruent,✅,0.9879044602794205
16,13,snowstorm,congruent,✅,0.9787492007987232
16,13,traffic,incongruent,❌,0.8999556738773489
16,13,snowstorm,incongruent,❌,0.956761491394226
16,14,laughter,congruent,✅,0.8156836306401005
16,14,frustration,congruent,✅,0.9086771030330918
16,14,laughter,incongruent,✅,0.34225190091948543
16,14,frustration,incongruent,❌,0.6161705809553742
16,15,calculator,congruent,✅,0.7949708310637692
16,15,instrument,congruent,✅,0.8934778683111225
16,15,calculator,incongruent,✅,0.09158353695335514
16,15,instrument,incongruent,✅,0.055223659029572984
16,16,orchestra,congruent,✅,0.9891306793694502
16,16,racers,congruent,✅,0.8178499375758672
16,16,orchestra,incongruent,✅,0.1454243859257065
16,16,racers,incongruent,✅,0.1843930679593257
16,17,retirement,congruent,❌,0.33236845327923914
16,17,playdate,congruent,❌,0.49741236449197695
16,17,retirement,incongruent,✅,0.058713884962622274
16,17,playdate,incongruent,✅,0.059314174323740074
16,18,relieved,congruent,❌,0.19213346716210428
16,18,depressed,congruent,❌,0.2959259506656135
16,18,relieved,incongruent,✅,0.13254384419952597
16,18,depressed,incongruent,✅,0.17311246854402595
16,19,friends,congruent,❌,0.3797976746725169
16,19,weight,congruent,✅,0.6270783403182958
16,19,friends,incongruent,✅,0.15306333530970742
16,19,weight,incongruent,✅,0.22710371608608995
16,2,overcoat,congruent,✅,0.8131253649366064
16,2,sandals,congruent,✅,0.9364241657323219
16,2,overcoat,incongruent,✅,0.17736925990699623
16,2,sandals,incongruent,✅,0.012673028666271458
16,20,lipstick,congruent,✅,0.9219037477831301
16,20,song,congruent,✅,0.9154499824867152
16,20,lipstick,incongruent,✅,0.06661924427326765
16,20,song,incongruent,✅,0.46417467351101754
16,21,fought,congruent,✅,0.6942458938086785
16,21,sang,congruent,✅,0.9108406470835545
16,21,fought,incongruent,✅,0.3073659552078583
16,21,sang,incongruent,✅,0.31463044294022413
16,22,skeptical,congruent,❌,0.3691321867806636
16,22,reassured,congruent,❌,0.4453447121255413
16,22,skeptical,incongruent,✅,0.30214752014702323
16,22,reassured,incongruent,✅,0.3335221762371945
16,23,graduation,congruent,✅,0.9655407368731184
16,23,operation,congruent,✅,0.9512939128602921
16,23,graduation,incongruent,✅,0.1617431660833331
16,23,operation,incongruent,✅,0.0435101234055336
16,24,bride,congruent,✅,0.9925153331396324
16,24,aftermath,congruent,✅,0.6814825045055601
16,24,bride,incongruent,✅,0.13104684860090382
16,24,aftermath,incongruent,✅,0.01864282821793832
16,25,teacher,congruent,✅,0.7572140299295155
16,25,daughter,congruent,✅,0.7611121575410037
16,25,teacher,incongruent,✅,0.202350995490938
16,25,daughter,incongruent,❌,0.5062022867290673
16,26,roommate,congruent,✅,0.7619608586644154
16,26,grandma,congruent,✅,0.9435764131310455
16,26,roommate,incongruent,✅,0.37424681868073245
16,26,grandma,incongruent,✅,0.371630861649464
16,27,brother,congruent,❌,0.35135565217027415
16,27,mother,congruent,❌,0.33052838049696637
16,27,brother,incongruent,✅,0.27260012015032037
16,27,mother,incongruent,✅,0.12396494143713933
16,28,preschool,congruent,✅,0.8207213300637851
16,28,prison,congruent,✅,0.6141391854650711
16,28,preschool,incongruent,✅,0.002550246989532165
16,28,prison,incongruent,✅,0.03298339717071008
16,29,hopeful,congruent,❌,0.4025522467603096
16,29,hopeless,congruent,❌,0.40810236375516223
16,29,hopeful,incongruent,✅,0.17258964181738068
16,29,hopeless,incongruent,✅,0.12117862281501435
16,3,marathon,congruent,✅,0.9489743120743411
16,3,exam,congruent,✅,0.8950758473217267
16,3,marathon,incongruent,✅,0.19248833680808533
16,3,exam,incongruent,✅,0.13441993901891158
16,30,appalled,congruent,❌,0.3302610046994948
16,30,overjoyed,congruent,✅,0.7623282923538838
16,30,appalled,incongruent,✅,0.48558607596726394
16,30,overjoyed,incongruent,✅,0.1547361380758295
16,31,reprimand,congruent,✅,0.5610273842094673
16,31,encouragement,congruent,✅,0.8735160032357585
16,31,reprimand,incongruent,✅,0.4675046733848564
16,31,encouragement,incongruent,✅,0.2838585218466175
16,32,angrily,congruent,✅,0.900030181354224
16,32,cordially,congruent,❌,0.3245236355215507
16,32,angrily,incongruent,✅,0.21037390022478689
16,32,cordially,incongruent,✅,0.3001821886053188
16,33,accusatory,congruent,✅,0.8898848556257752
16,33,flirtatious,congruent,✅,0.8126130233401497
16,33,accusatory,incongruent,❌,0.696447771003269
16,33,flirtatious,incongruent,❌,0.5782029399901302
16,34,disapprovingly,congruent,✅,0.8813621507374559
16,34,lovingly,congruent,✅,0.6239929776207985
16,34,disapprovingly,incongruent,✅,0.2557962882581599
16,34,lovingly,incongruent,❌,0.6298288252586577
16,35,playful,congruent,❌,0.4015663239965751
16,35,distant,congruent,❌,0.44151156828194604
16,35,playful,incongruent,✅,0.3853782906268234
16,35,distant,incongruent,✅,0.23058927985138344
16,36,headphones,congruent,✅,0.5595779007475012
16,36,mangoes,congruent,✅,0.9525547148984533
16,36,headphones,incongruent,✅,0.22912331838817793
16,36,mangoes,incongruent,✅,0.03604642941203344
16,37,playroom,congruent,✅,0.970102118930316
16,37,park,congruent,✅,0.9967041997381797
16,37,playroom,incongruent,❌,0.7044041522536865
16,37,park,incongruent,❌,0.9849587637832226
16,38,bedroom,congruent,✅,0.8903389863547272
16,38,backyard,congruent,❌,0.43817224243869524
16,38,bedroom,incongruent,✅,0.09645836558392576
16,38,backyard,incongruent,✅,0.11452356048384688
16,39,solemnly,congruent,✅,0.5844409030890728
16,39,excitedly,congruent,✅,0.6983779981823928
16,39,solemnly,incongruent,❌,0.5210096180461005
16,39,excitedly,incongruent,✅,0.3612272882374021
16,4,menu,congruent,✅,0.9720402503080166
16,4,prescription,congruent,✅,0.9547398754151523
16,4,menu,incongruent,✅,0.046409641915087944
16,4,prescription,incongruent,✅,0.07482935930208133
16,40,car,congruent,❌,0.2438200927669175
16,40,sock,congruent,❌,0.06373055835954278
16,40,car,incongruent,✅,0.03896826755492634
16,40,sock,incongruent,✅,0.036414006958471044
16,41,overdressed,congruent,✅,0.5749955046747186
16,41,naked,congruent,✅,0.8330782224230827
16,41,overdressed,incongruent,✅,0.4472496541304796
16,41,naked,incongruent,✅,0.3291014093710051
16,42,shy,congruent,✅,0.8339984974178649
16,42,lively,congruent,✅,0.8530546602544524
16,42,shy,incongruent,❌,0.6029053556843151
16,42,lively,incongruent,❌,0.785106267201297
16,43,offended,congruent,✅,0.5283859773945486
16,43,flattered,congruent,✅,0.6568603620247363
16,43,offended,incongruent,✅,0.3421752852647154
16,43,flattered,incongruent,✅,0.19770164470565557
16,44,grandkid,congruent,❌,0.464731313177934
16,44,cellmate,congruent,✅,0.9077008088441963
16,44,grandkid,incongruent,✅,0.21335822037371124
16,44,cellmate,incongruent,✅,0.049677944465073454
16,45,promoted,congruent,✅,0.5920892520441609
16,45,fired,congruent,❌,0.3191550786530775
16,45,promoted,incongruent,✅,0.2582778035602751
16,45,fired,incongruent,✅,0.4951325997587826
16,46,shooting,congruent,❌,0.288743388599764
16,46,celebration,congruent,❌,0.06772130150971796
16,46,shooting,incongruent,✅,0.0057598979615956555
16,46,celebration,incongruent,✅,0.3020930728002283
16,47,crayon,congruent,❌,0.3159153952994506
16,47,beer,congruent,✅,0.9543397763439817
16,47,crayon,incongruent,✅,0.012148878829343195
16,47,beer,incongruent,✅,0.0032890752513125886
16,48,waiter,congruent,✅,0.7037153385575358
16,48,taxi,congruent,✅,0.6691957707055094
16,48,waiter,incongruent,✅,0.22123562584110792
16,48,taxi,incongruent,✅,0.1999685142302984
16,49,parents,congruent,✅,0.6816086890098118
16,49,keys,congruent,✅,0.8093395080042305
16,49,parents,incongruent,✅,0.41361214360731346
16,49,keys,incongruent,✅,0.2827895901557772
16,5,distress,congruent,✅,0.9477395240430416
16,5,tranquility,congruent,❌,0.42943739654893237
16,5,distress,incongruent,✅,0.10535217463494188
16,5,tranquility,incongruent,❌,0.6004033921488681
16,50,sofa,congruent,✅,0.9852423973053953
16,50,sky,congruent,✅,0.9926199186314012
16,50,sofa,incongruent,❌,0.6595935284851441
16,50,sky,incongruent,✅,0.20051525605353612
16,51,obesity,congruent,❌,0.423551610117822
16,51,homework,congruent,✅,0.9318513280538919
16,51,obesity,incongruent,✅,0.019342884469912707
16,51,homework,incongruent,✅,0.0792804354590907
16,52,quiz,congruent,✅,0.6530459502360915
16,52,commute,congruent,✅,0.9390926411435715
16,52,quiz,incongruent,✅,0.296995397847239
16,52,commute,incongruent,✅,0.01607662030999975
16,53,migraine,congruent,✅,0.9497257207622329
16,53,excitement,congruent,✅,0.5496047812936771
16,53,migraine,incongruent,✅,0.08007071223880025
16,53,excitement,incongruent,❌,0.5553289563018342
16,54,niece,congruent,✅,0.9712776488061742
16,54,husband,congruent,✅,0.5360262259254177
16,54,niece,incongruent,❌,0.7035936706176719
16,54,husband,incongruent,✅,0.47073842169679836
16,55,film,congruent,❌,0.4962811646642911
16,55,sunrise,congruent,✅,0.8653582919528251
16,55,film,incongruent,✅,0.06825957552842041
16,55,sunrise,incongruent,✅,0.23854719458127988
16,56,lecture,congruent,✅,0.9883279598500511
16,56,banquet,congruent,✅,0.9316824373655426
16,56,lecture,incongruent,✅,0.037202248109857276
16,56,banquet,incongruent,✅,0.031252428338067705
16,57,drink,congruent,✅,0.9949697529831206
16,57,textbook,congruent,✅,0.8866721055924781
16,57,drink,incongruent,✅,0.03544859447128728
16,57,textbook,incongruent,✅,0.3625866854587622
16,58,pool,congruent,✅,0.9533004819751798
16,58,snow,congruent,❌,0.17838918616466296
16,58,pool,incongruent,✅,0.0723565369607269
16,58,snow,incongruent,✅,0.01132682217904459
16,59,passport,congruent,✅,0.8349148743881525
16,59,plushy,congruent,✅,0.9309807399392787
16,59,passport,incongruent,✅,0.12535760137891008
16,59,plushy,incongruent,✅,0.09123292317680942
16,6,patients,congruent,✅,0.9615695454527458
16,6,students,congruent,✅,0.9242445141432725
16,6,patients,incongruent,✅,0.029102967668639085
16,6,students,incongruent,✅,0.014367999919220362
16,60,sister,congruent,✅,0.6425972709096792
16,60,father,congruent,✅,0.8227137872816435
16,60,sister,incongruent,✅,0.2000646037452738
16,60,father,incongruent,❌,0.7614933307706678
16,61,game,congruent,✅,0.9783589917062264
16,61,sunset,congruent,✅,0.7593019312740992
16,61,game,incongruent,✅,0.10969298789037382
16,61,sunset,incongruent,✅,0.1920181318004392
16,62,holidays,congruent,✅,0.972421969155412
16,62,funeral,congruent,✅,0.9247576871244129
16,62,holidays,incongruent,✅,0.34414756464306245
16,62,funeral,incongruent,❌,0.6806314400528324
16,63,grades,congruent,✅,0.845445376138051
16,63,affair,congruent,✅,0.8212824129934635
16,63,grades,incongruent,✅,0.24485405971735127
16,63,affair,incongruent,✅,0.3047947868076771
16,64,arrest,congruent,✅,0.9001753091872023
16,64,stroke,congruent,❌,0.06145232179488665
16,64,arrest,incongruent,✅,0.045368139525704725
16,64,stroke,incongruent,✅,0.2599212896452441
16,65,pacifier,congruent,✅,0.9564452336747481
16,65,coffee,congruent,✅,0.9408428582006444
16,65,pacifier,incongruent,✅,0.07173541208348086
16,65,coffee,incongruent,✅,0.07633084694930121
16,66,sweets,congruent,✅,0.8849648706360852
16,66,sentencing,congruent,✅,0.8939769461453105
16,66,sweets,incongruent,✅,0.0019890112216980186
16,66,sentencing,incongruent,✅,0.0026035340028775582
16,67,nap,congruent,✅,0.8708972099116816
16,67,selfie,congruent,✅,0.8937797562255999
16,67,nap,incongruent,✅,0.10294659240263028
16,67,selfie,incongruent,✅,0.0053734425481956885
16,68,diaper,congruent,✅,0.9295822726156752
16,68,tire,congruent,✅,0.9897083716724115
16,68,diaper,incongruent,✅,0.04451901029821509
16,68,tire,incongruent,✅,0.03780704264020041
16,69,chemotherapy,congruent,✅,0.9034550451893377
16,69,golf,congruent,✅,0.9351563777105507
16,69,chemotherapy,incongruent,✅,0.015901782101176376
16,69,golf,incongruent,✅,0.12710944866724
16,7,consensus,congruent,✅,0.6896101256128742
16,7,deadlock,congruent,❌,0.17462856617897157
16,7,consensus,incongruent,✅,0.10593119452567223
16,7,deadlock,incongruent,❌,0.6434026371549192
16,70,thunder,congruent,✅,0.9535691450705203
16,70,lullaby,congruent,✅,0.9900035567223139
16,70,thunder,incongruent,✅,0.18121850616922525
16,70,lullaby,incongruent,✅,0.03472677748222468
16,71,pajamas,congruent,✅,0.8649038227274646
16,71,uniform,congruent,✅,0.9274830157045996
16,71,pajamas,incongruent,❌,0.5218708052660029
16,71,uniform,incongruent,✅,0.13796367868798246
16,72,gown,congruent,✅,0.9964061902802288
16,72,sweats,congruent,✅,0.9339688928916495
16,72,gown,incongruent,❌,0.5645392083615699
16,72,sweats,incongruent,✅,0.20341825074816758
16,73,deadline,congruent,❌,0.4636382876229565
16,73,bed,congruent,✅,0.991285263297411
16,73,deadline,incongruent,✅,0.13021921158215805
16,73,bed,incongruent,✅,0.09168792454990436
16,74,kindergarten,congruent,✅,0.6706715278400919
16,74,jail,congruent,✅,0.7817029934298778
16,74,kindergarten,incongruent,✅,0.08939740324979793
16,74,jail,incongruent,✅,0.21037741806280064
16,75,interrogated,congruent,✅,0.695203020020109
16,75,tickled,congruent,❌,0.2155322598873432
16,75,interrogated,incongruent,✅,0.0486101849561346
16,75,tickled,incongruent,✅,0.07133575666874568
16,76,sandcastle,congruent,✅,0.7672257640019211
16,76,snowman,congruent,✅,0.9789228715934203
16,76,sandcastle,incongruent,✅,0.4384890840134031
16,76,snowman,incongruent,✅,0.2382443797817432
16,77,music,congruent,✅,0.9531821469319346
16,77,pizza,congruent,✅,0.996834007466221
16,77,music,incongruent,✅,0.0328166765012176
16,77,pizza,incongruent,✅,0.006512653422514695
16,78,playoffs,congruent,✅,0.6229293383507755
16,78,cartoon,congruent,✅,0.9217027980218305
16,78,playoffs,incongruent,✅,0.059326458108245134
16,78,cartoon,incongruent,✅,0.02672736919618997
16,79,alcoholism,congruent,✅,0.7230347943019771
16,79,academics,congruent,✅,0.8886281083516031
16,79,alcoholism,incongruent,✅,0.29264851197166336
16,79,academics,incongruent,✅,0.3067933540699015
16,8,engagement,congruent,✅,0.905040803346859
16,8,cancer,congruent,❌,0.4600635246903808
16,8,engagement,incongruent,✅,0.21342404976979762
16,8,cancer,incongruent,❌,0.7206018590230795
16,9,terminal,congruent,✅,0.9214978414013298
16,9,classroom,congruent,✅,0.6350157337311311
16,9,terminal,incongruent,✅,0.03697073010600686
16,9,classroom,incongruent,✅,0.0535047996997651
17,0,library,congruent,✅,0.8019430689398117
17,0,refrigerator,congruent,✅,0.7535222068825652
17,0,library,incongruent,✅,0.058545941495966175
17,0,refrigerator,incongruent,✅,0.009064165730414913
17,1,disappointment,congruent,✅,0.5483498401631381
17,1,delight,congruent,❌,0.447216335427478
17,1,disappointment,incongruent,✅,0.09687712135443158
17,1,delight,incongruent,✅,0.4989785661157076
17,10,cash,congruent,✅,0.961253844210066
17,10,groceries,congruent,✅,0.9197239670223609
17,10,cash,incongruent,❌,0.5684435107153355
17,10,groceries,incongruent,✅,0.4182777565963463
17,11,lonely,congruent,✅,0.8708153239580271
17,11,confident,congruent,✅,0.9064328746596194
17,11,lonely,incongruent,❌,0.6038615838780983
17,11,confident,incongruent,✅,0.4399110418980046
17,12,joy,congruent,✅,0.9887095298923548
17,12,outrage,congruent,✅,0.7777324049790559
17,12,joy,incongruent,✅,0.48773609266551343
17,12,outrage,incongruent,❌,0.8012373749803845
17,13,traffic,congruent,✅,0.9958460441497309
17,13,snowstorm,congruent,✅,0.9806955941193886
17,13,traffic,incongruent,❌,0.9160165424745939
17,13,snowstorm,incongruent,❌,0.9712187663322496
17,14,laughter,congruent,✅,0.7283471511366836
17,14,frustration,congruent,✅,0.8709338313499166
17,14,laughter,incongruent,✅,0.24435169498742715
17,14,frustration,incongruent,✅,0.28484901204770424
17,15,calculator,congruent,✅,0.8357872797696486
17,15,instrument,congruent,✅,0.8322425590576122
17,15,calculator,incongruent,✅,0.0356650722551864
17,15,instrument,incongruent,✅,0.06997281515776826
17,16,orchestra,congruent,✅,0.9587351703262188
17,16,racers,congruent,✅,0.726395493617558
17,16,orchestra,incongruent,✅,0.09198380235129243
17,16,racers,incongruent,✅,0.08113329688249221
17,17,retirement,congruent,❌,0.32443653059576205
17,17,playdate,congruent,✅,0.6213908058294636
17,17,retirement,incongruent,✅,0.10210205916928637
17,17,playdate,incongruent,✅,0.056780369498299774
17,18,relieved,congruent,❌,0.37309465806191455
17,18,depressed,congruent,❌,0.44512852673576525
17,18,relieved,incongruent,✅,0.25810532171019385
17,18,depressed,incongruent,✅,0.3221519805236861
17,19,friends,congruent,❌,0.23709214286254496
17,19,weight,congruent,✅,0.6657873859392659
17,19,friends,incongruent,✅,0.12627334953944125
17,19,weight,incongruent,✅,0.11152184010278907
17,2,overcoat,congruent,✅,0.8729890376321079
17,2,sandals,congruent,✅,0.9374233423908896
17,2,overcoat,incongruent,✅,0.17660324438016795
17,2,sandals,incongruent,✅,0.019429743632383503
17,20,lipstick,congruent,✅,0.9415459098656539
17,20,song,congruent,✅,0.917168560298559
17,20,lipstick,incongruent,✅,0.03206260262213214
17,20,song,incongruent,❌,0.5467074324685812
17,21,fought,congruent,✅,0.5250983682794366
17,21,sang,congruent,✅,0.8267671836744677
17,21,fought,incongruent,✅,0.18397622771638256
17,21,sang,incongruent,✅,0.13382895523592458
17,22,skeptical,congruent,❌,0.37265508875971964
17,22,reassured,congruent,❌,0.4660160824079254
17,22,skeptical,incongruent,✅,0.350922291314707
17,22,reassured,incongruent,✅,0.3009195306784521
17,23,graduation,congruent,✅,0.9981207826644815
17,23,operation,congruent,✅,0.9467429938521292
17,23,graduation,incongruent,✅,0.31458651581650193
17,23,operation,incongruent,✅,0.09141252897863496
17,24,bride,congruent,✅,0.9904914976122142
17,24,aftermath,congruent,✅,0.9543671430682364
17,24,bride,incongruent,✅,0.23853055267243622
17,24,aftermath,incongruent,✅,0.0322159839147619
17,25,teacher,congruent,✅,0.588534065234425
17,25,daughter,congruent,✅,0.7927344934016339
17,25,teacher,incongruent,✅,0.11134316456387765
17,25,daughter,incongruent,✅,0.3305353594263291
17,26,roommate,congruent,✅,0.7529205743898897
17,26,grandma,congruent,✅,0.9791960157884417
17,26,roommate,incongruent,✅,0.28413372284931854
17,26,grandma,incongruent,✅,0.21863974323053506
17,27,brother,congruent,✅,0.5937001973684743
17,27,mother,congruent,❌,0.3341194398190912
17,27,brother,incongruent,✅,0.28649909720451094
17,27,mother,incongruent,✅,0.17080401669470924
17,28,preschool,congruent,✅,0.8333380054622133
17,28,prison,congruent,✅,0.8170405740621315
17,28,preschool,incongruent,✅,0.005788032005195746
17,28,prison,incongruent,✅,0.03805086009102146
17,29,hopeful,congruent,❌,0.41520895992963947
17,29,hopeless,congruent,❌,0.3564657219555113
17,29,hopeful,incongruent,✅,0.1346073125678132
17,29,hopeless,incongruent,✅,0.10612688026206929
17,3,marathon,congruent,✅,0.9140516790629282
17,3,exam,congruent,✅,0.8192963957903475
17,3,marathon,incongruent,✅,0.1377429753127828
17,3,exam,incongruent,✅,0.08843250987560602
17,30,appalled,congruent,✅,0.5124325359093423
17,30,overjoyed,congruent,✅,0.6461999424865311
17,30,appalled,incongruent,✅,0.3052241930915284
17,30,overjoyed,incongruent,✅,0.2750490156855174
17,31,reprimand,congruent,✅,0.7684976598673555
17,31,encouragement,congruent,✅,0.914856201999064
17,31,reprimand,incongruent,✅,0.4685290405343757
17,31,encouragement,incongruent,✅,0.4513731525598591
17,32,angrily,congruent,✅,0.9009937698984841
17,32,cordially,congruent,❌,0.25291806217633905
17,32,angrily,incongruent,✅,0.12026409368558233
17,32,cordially,incongruent,✅,0.30562940173259356
17,33,accusatory,congruent,✅,0.9147831271102471
17,33,flirtatious,congruent,✅,0.8526828588581158
17,33,accusatory,incongruent,❌,0.7710032639406275
17,33,flirtatious,incongruent,❌,0.6109768166787115
17,34,disapprovingly,congruent,✅,0.7757957464233063
17,34,lovingly,congruent,✅,0.5129369611668306
17,34,disapprovingly,incongruent,✅,0.1729769359942569
17,34,lovingly,incongruent,✅,0.39414610752579193
17,35,playful,congruent,✅,0.5861272784544471
17,35,distant,congruent,✅,0.6171580076832148
17,35,playful,incongruent,❌,0.6026547906573253
17,35,distant,incongruent,✅,0.3290459802304715
17,36,headphones,congruent,✅,0.6677538499201852
17,36,mangoes,congruent,✅,0.961387260080278
17,36,headphones,incongruent,✅,0.1611351120331578
17,36,mangoes,incongruent,✅,0.015435908160892348
17,37,playroom,congruent,✅,0.9814261475065358
17,37,park,congruent,✅,0.9964543122674838
17,37,playroom,incongruent,❌,0.7431593243917743
17,37,park,incongruent,❌,0.9697286488739574
17,38,bedroom,congruent,✅,0.8784177981700687
17,38,backyard,congruent,✅,0.6801255414344183
17,38,bedroom,incongruent,✅,0.06728885525875163
17,38,backyard,incongruent,✅,0.07385528429209283
17,39,solemnly,congruent,✅,0.6125438272212989
17,39,excitedly,congruent,✅,0.7187888968690769
17,39,solemnly,incongruent,✅,0.4822751644261654
17,39,excitedly,incongruent,✅,0.3411410197809208
17,4,menu,congruent,✅,0.9287250694043463
17,4,prescription,congruent,✅,0.9531560002521533
17,4,menu,incongruent,✅,0.05151913829197492
17,4,prescription,incongruent,✅,0.04612929594557635
17,40,car,congruent,❌,0.28012496476798143
17,40,sock,congruent,❌,0.056218885805003935
17,40,car,incongruent,✅,0.03847902784364818
17,40,sock,incongruent,✅,0.07515054741919451
17,41,overdressed,congruent,✅,0.6849652930063411
17,41,naked,congruent,✅,0.9498918448853303
17,41,overdressed,incongruent,✅,0.43475129634601367
17,41,naked,incongruent,✅,0.33954322645105844
17,42,shy,congruent,✅,0.8701113895175648
17,42,lively,congruent,✅,0.9048062284512552
17,42,shy,incongruent,❌,0.7393941025779805
17,42,lively,incongruent,❌,0.8569795691409471
17,43,offended,congruent,✅,0.5187368898553729
17,43,flattered,congruent,✅,0.5885203134707442
17,43,offended,incongruent,✅,0.22207496448506606
17,43,flattered,incongruent,✅,0.21156508295841364
17,44,grandkid,congruent,✅,0.6097263643445177
17,44,cellmate,congruent,✅,0.9554923241425147
17,44,grandkid,incongruent,✅,0.23863094843826618
17,44,cellmate,incongruent,✅,0.04449211743578667
17,45,promoted,congruent,✅,0.549791425368016
17,45,fired,congruent,❌,0.490506318541173
17,45,promoted,incongruent,✅,0.32195343577289187
17,45,fired,incongruent,✅,0.49584043153447704
17,46,shooting,congruent,❌,0.17911930791469852
17,46,celebration,congruent,❌,0.06407054090590829
17,46,shooting,incongruent,✅,0.003658441941047235
17,46,celebration,incongruent,✅,0.17467905122439656
17,47,crayon,congruent,❌,0.33998459696779837
17,47,beer,congruent,✅,0.977969889464509
17,47,crayon,incongruent,✅,0.005447350565733584
17,47,beer,incongruent,✅,0.00493354337214458
17,48,waiter,congruent,✅,0.6811550831712472
17,48,taxi,congruent,✅,0.5993765013132346
17,48,waiter,incongruent,✅,0.17315393647862995
17,48,taxi,incongruent,✅,0.22171393172496698
17,49,parents,congruent,✅,0.6230539262049625
17,49,keys,congruent,✅,0.8567094967167579
17,49,parents,incongruent,✅,0.48036474980059074
17,49,keys,incongruent,✅,0.20340099225189562
17,5,distress,congruent,✅,0.9790001623574531
17,5,tranquility,congruent,❌,0.38390926367083744
17,5,distress,incongruent,✅,0.09778374156013031
17,5,tranquility,incongruent,❌,0.6813660009557817
17,50,sofa,congruent,✅,0.9968998304918002
17,50,sky,congruent,✅,0.9954093356256638
17,50,sofa,incongruent,❌,0.758818132261737
17,50,sky,incongruent,✅,0.21353828080534226
17,51,obesity,congruent,❌,0.29916140577509165
17,51,homework,congruent,✅,0.8924311661043124
17,51,obesity,incongruent,✅,0.008254720251758049
17,51,homework,incongruent,✅,0.04094794324249874
17,52,quiz,congruent,✅,0.7158012890261326
17,52,commute,congruent,✅,0.9216227473492412
17,52,quiz,incongruent,✅,0.21950278444092675
17,52,commute,incongruent,✅,0.020112150288086755
17,53,migraine,congruent,✅,0.9769854199742711
17,53,excitement,congruent,✅,0.5078691442686244
17,53,migraine,incongruent,✅,0.028414488208630958
17,53,excitement,incongruent,✅,0.49031995754908286
17,54,niece,congruent,✅,0.9585345516409971
17,54,husband,congruent,❌,0.41682882608888727
17,54,niece,incongruent,✅,0.42487830800328996
17,54,husband,incongruent,✅,0.3115211384379466
17,55,film,congruent,❌,0.345512742135303
17,55,sunrise,congruent,✅,0.9574802970617103
17,55,film,incongruent,✅,0.06684829351258623
17,55,sunrise,incongruent,✅,0.13316227841616138
17,56,lecture,congruent,✅,0.9933703860240394
17,56,banquet,congruent,✅,0.9174245747215487
17,56,lecture,incongruent,✅,0.016675518526169664
17,56,banquet,incongruent,✅,0.037564846990628876
17,57,drink,congruent,✅,0.9940973582191474
17,57,textbook,congruent,✅,0.9088123261455068
17,57,drink,incongruent,✅,0.013056157702868363
17,57,textbook,incongruent,✅,0.2763205780340653
17,58,pool,congruent,✅,0.942473664567121
17,58,snow,congruent,❌,0.09609791429994938
17,58,pool,incongruent,✅,0.0322534371103487
17,58,snow,incongruent,✅,0.004743258344800727
17,59,passport,congruent,✅,0.7536299710473225
17,59,plushy,congruent,✅,0.9851714469557024
17,59,passport,incongruent,✅,0.14390517327417407
17,59,plushy,incongruent,✅,0.04670249090855964
17,6,patients,congruent,✅,0.9170037043170394
17,6,students,congruent,✅,0.9559006797837928
17,6,patients,incongruent,✅,0.02873963830675209
17,6,students,incongruent,✅,0.005231410645682888
17,60,sister,congruent,✅,0.5614180641491511
17,60,father,congruent,✅,0.916076568758445
17,60,sister,incongruent,✅,0.17697558880586797
17,60,father,incongruent,❌,0.7346666098895721
17,61,game,congruent,✅,0.9817727596266982
17,61,sunset,congruent,✅,0.841794573211153
17,61,game,incongruent,✅,0.1778013521827273
17,61,sunset,incongruent,✅,0.26519680914231886
17,62,holidays,congruent,✅,0.9779704696734197
17,62,funeral,congruent,✅,0.9142573042600726
17,62,holidays,incongruent,✅,0.25766359629320323
17,62,funeral,incongruent,❌,0.7101422468009038
17,63,grades,congruent,✅,0.8737648502085665
17,63,affair,congruent,✅,0.6828477856942826
17,63,grades,incongruent,✅,0.19553355018785296
17,63,affair,incongruent,✅,0.37294073032434255
17,64,arrest,congruent,✅,0.8081855774895518
17,64,stroke,congruent,❌,0.050557614673640124
17,64,arrest,incongruent,✅,0.041068140112371324
17,64,stroke,incongruent,✅,0.15305246290188196
17,65,pacifier,congruent,✅,0.9665097141644223
17,65,coffee,congruent,✅,0.9342049140568435
17,65,pacifier,incongruent,✅,0.04210366947762793
17,65,coffee,incongruent,✅,0.11282101126917704
17,66,sweets,congruent,✅,0.9374662031263705
17,66,sentencing,congruent,✅,0.8629173595628568
17,66,sweets,incongruent,✅,0.0036038667084358285
17,66,sentencing,incongruent,✅,0.00396794982167685
17,67,nap,congruent,✅,0.8182830933046642
17,67,selfie,congruent,✅,0.9319993183602846
17,67,nap,incongruent,✅,0.11657856700291405
17,67,selfie,incongruent,✅,0.007679955083096028
17,68,diaper,congruent,✅,0.896416378922222
17,68,tire,congruent,✅,0.9947559012389344
17,68,diaper,incongruent,✅,0.050833724786927256
17,68,tire,incongruent,✅,0.028869915217262374
17,69,chemotherapy,congruent,✅,0.890329923993882
17,69,golf,congruent,✅,0.9600123245936847
17,69,chemotherapy,incongruent,✅,0.03313929931233366
17,69,golf,incongruent,✅,0.12380966350479551
17,7,consensus,congruent,✅,0.6187537185497709
17,7,deadlock,congruent,❌,0.19328186069933234
17,7,consensus,incongruent,✅,0.11579013700574661
17,7,deadlock,incongruent,❌,0.5932202429231491
17,70,thunder,congruent,✅,0.9868516285641594
17,70,lullaby,congruent,✅,0.988606385785723
17,70,thunder,incongruent,✅,0.28963392815853095
17,70,lullaby,incongruent,✅,0.062318966288421165
17,71,pajamas,congruent,✅,0.9384222329433292
17,71,uniform,congruent,✅,0.9878207577697502
17,71,pajamas,incongruent,❌,0.8309447163273507
17,71,uniform,incongruent,✅,0.19350389568174053
17,72,gown,congruent,✅,0.9981100144167632
17,72,sweats,congruent,✅,0.967979050061431
17,72,gown,incongruent,✅,0.49200467797681574
17,72,sweats,incongruent,✅,0.17324356801796606
17,73,deadline,congruent,❌,0.2848279646977877
17,73,bed,congruent,✅,0.9927610458302902
17,73,deadline,incongruent,✅,0.13703003466068672
17,73,bed,incongruent,✅,0.03533095937558184
17,74,kindergarten,congruent,✅,0.7200995121160334
17,74,jail,congruent,❌,0.4722045445358541
17,74,kindergarten,incongruent,✅,0.03131005872055396
17,74,jail,incongruent,✅,0.17238523546456208
17,75,interrogated,congruent,✅,0.715149994638155
17,75,tickled,congruent,❌,0.22728055749304588
17,75,interrogated,incongruent,✅,0.025474488089984617
17,75,tickled,incongruent,✅,0.049188735955522714
17,76,sandcastle,congruent,✅,0.8762742049204272
17,76,snowman,congruent,✅,0.9958046078289027
17,76,sandcastle,incongruent,✅,0.4858702642880304
17,76,snowman,incongruent,❌,0.7265512066883331
17,77,music,congruent,✅,0.9571383413762459
17,77,pizza,congruent,✅,0.9958596375125871
17,77,music,incongruent,✅,0.014250540733822393
17,77,pizza,incongruent,✅,0.007608450067266882
17,78,playoffs,congruent,✅,0.5591751931497544
17,78,cartoon,congruent,✅,0.9821677683209388
17,78,playoffs,incongruent,✅,0.1326705848607628
17,78,cartoon,incongruent,✅,0.023096262087983266
17,79,alcoholism,congruent,✅,0.8848581705672919
17,79,academics,congruent,✅,0.9514345991194101
17,79,alcoholism,incongruent,✅,0.41140759081835226
17,79,academics,incongruent,❌,0.5596723763845923
17,8,engagement,congruent,✅,0.8217109373472178
17,8,cancer,congruent,✅,0.5310699574550789
17,8,engagement,incongruent,✅,0.23804362140793317
17,8,cancer,incongruent,❌,0.6552109945152309
17,9,terminal,congruent,✅,0.9772776161775552
17,9,classroom,congruent,✅,0.6262817662448269
17,9,terminal,incongruent,✅,0.03997057675704269
17,9,classroom,incongruent,✅,0.022084242253391125
18,0,library,congruent,✅,0.8120737431035725
18,0,refrigerator,congruent,✅,0.8140709868857698
18,0,library,incongruent,✅,0.0493037770239853
18,0,refrigerator,incongruent,✅,0.006214042175025935
18,1,disappointment,congruent,✅,0.7491523629427205
18,1,delight,congruent,❌,0.4115146472859614
18,1,disappointment,incongruent,✅,0.07536739927027408
18,1,delight,incongruent,❌,0.6587010559953597
18,10,cash,congruent,✅,0.9640789620826246
18,10,groceries,congruent,✅,0.942624287668606
18,10,cash,incongruent,❌,0.7132931153661137
18,10,groceries,incongruent,✅,0.39066442663676154
18,11,lonely,congruent,✅,0.8918720549211238
18,11,confident,congruent,✅,0.9035858093126904
18,11,lonely,incongruent,❌,0.5854661775598302
18,11,confident,incongruent,✅,0.4237113526622599
18,12,joy,congruent,✅,0.9914307018411935
18,12,outrage,congruent,✅,0.5903229510766765
18,12,joy,incongruent,✅,0.24568009417729994
18,12,outrage,incongruent,❌,0.8313830341461486
18,13,traffic,congruent,✅,0.9956170100341586
18,13,snowstorm,congruent,✅,0.9885441212865576
18,13,traffic,incongruent,❌,0.9518353192563788
18,13,snowstorm,incongruent,❌,0.9710090425221412
18,14,laughter,congruent,✅,0.8029372110812618
18,14,frustration,congruent,✅,0.8271676335687219
18,14,laughter,incongruent,✅,0.1236166218919994
18,14,frustration,incongruent,✅,0.3409364301518208
18,15,calculator,congruent,✅,0.8075091242483483
18,15,instrument,congruent,✅,0.8975835119924007
18,15,calculator,incongruent,✅,0.06163899483864047
18,15,instrument,incongruent,✅,0.051635141314986616
18,16,orchestra,congruent,✅,0.951828353673123
18,16,racers,congruent,✅,0.7464720404621048
18,16,orchestra,incongruent,✅,0.11538537611671597
18,16,racers,incongruent,✅,0.051688861762004955
18,17,retirement,congruent,✅,0.7208984652393735
18,17,playdate,congruent,✅,0.7462029685131447
18,17,retirement,incongruent,✅,0.08945614658724148
18,17,playdate,incongruent,✅,0.1158533126916926
18,18,relieved,congruent,✅,0.5067179937255657
18,18,depressed,congruent,❌,0.3959762509238019
18,18,relieved,incongruent,✅,0.2147422207423161
18,18,depressed,incongruent,✅,0.4350041334553785
18,19,friends,congruent,❌,0.15135451109443276
18,19,weight,congruent,✅,0.8391189723288643
18,19,friends,incongruent,✅,0.33249812916572286
18,19,weight,incongruent,✅,0.07263424582270873
18,2,overcoat,congruent,✅,0.8409928726325205
18,2,sandals,congruent,✅,0.9568453020274921
18,2,overcoat,incongruent,✅,0.16198300085832307
18,2,sandals,incongruent,✅,0.01739996433422827
18,20,lipstick,congruent,✅,0.8684218587832182
18,20,song,congruent,✅,0.947051782755008
18,20,lipstick,incongruent,✅,0.03580273514089651
18,20,song,incongruent,✅,0.3710141912747973
18,21,fought,congruent,✅,0.7178227048682545
18,21,sang,congruent,✅,0.842573796524802
18,21,fought,incongruent,✅,0.3015134068655925
18,21,sang,incongruent,✅,0.24958522833016944
18,22,skeptical,congruent,❌,0.22162050013645623
18,22,reassured,congruent,✅,0.605034579795632
18,22,skeptical,incongruent,✅,0.4894727911975596
18,22,reassured,incongruent,✅,0.1671941331205057
18,23,graduation,congruent,✅,0.997633800544754
18,23,operation,congruent,✅,0.915975579823407
18,23,graduation,incongruent,✅,0.163578374547367
18,23,operation,incongruent,✅,0.07719896905558522
18,24,bride,congruent,✅,0.9793583254903128
18,24,aftermath,congruent,✅,0.9671396743861269
18,24,bride,incongruent,✅,0.16614705948038794
18,24,aftermath,incongruent,✅,0.022473939998843565
18,25,teacher,congruent,✅,0.5371987948796191
18,25,daughter,congruent,✅,0.6963950655361487
18,25,teacher,incongruent,✅,0.07518974472215643
18,25,daughter,incongruent,✅,0.21565248857281627
18,26,roommate,congruent,✅,0.8434730600114846
18,26,grandma,congruent,✅,0.9747761794805035
18,26,roommate,incongruent,✅,0.1358523043403135
18,26,grandma,incongruent,✅,0.24973898674446335
18,27,brother,congruent,✅,0.7228253773848284
18,27,mother,congruent,❌,0.4429083763567
18,27,brother,incongruent,✅,0.3646953853618119
18,27,mother,incongruent,✅,0.23351670867756524
18,28,preschool,congruent,✅,0.9452058536942565
18,28,prison,congruent,✅,0.81281239145858
18,28,preschool,incongruent,✅,0.00428940914569563
18,28,prison,incongruent,✅,0.04903550736766835
18,29,hopeful,congruent,❌,0.33921333952879845
18,29,hopeless,congruent,✅,0.5167591140322838
18,29,hopeful,incongruent,✅,0.15485096413948274
18,29,hopeless,incongruent,✅,0.0686027494837185
18,3,marathon,congruent,✅,0.8451651951354602
18,3,exam,congruent,✅,0.8777609429610388
18,3,marathon,incongruent,✅,0.20326241900662412
18,3,exam,incongruent,✅,0.058172994781095236
18,30,appalled,congruent,✅,0.8092173700895565
18,30,overjoyed,congruent,✅,0.7150110324442538
18,30,appalled,incongruent,✅,0.3106572869168608
18,30,overjoyed,incongruent,❌,0.5895448204179934
18,31,reprimand,congruent,✅,0.5708548619240353
18,31,encouragement,congruent,✅,0.8777105870776631
18,31,reprimand,incongruent,✅,0.39805156961830895
18,31,encouragement,incongruent,✅,0.21119300744201966
18,32,angrily,congruent,✅,0.9400506166712903
18,32,cordially,congruent,❌,0.23673538879221764
18,32,angrily,incongruent,✅,0.09689870321214902
18,32,cordially,incongruent,✅,0.22763450245318764
18,33,accusatory,congruent,✅,0.9157399016315368
18,33,flirtatious,congruent,✅,0.7922454161341304
18,33,accusatory,incongruent,❌,0.6811524948219442
18,33,flirtatious,incongruent,❌,0.6052617274264923
18,34,disapprovingly,congruent,✅,0.8513870964227882
18,34,lovingly,congruent,✅,0.5112546277004171
18,34,disapprovingly,incongruent,✅,0.17791281064738007
18,34,lovingly,incongruent,✅,0.41681171198434447
18,35,playful,congruent,❌,0.4366299687929871
18,35,distant,congruent,✅,0.5361674174561283
18,35,playful,incongruent,✅,0.48677939832282935
18,35,distant,incongruent,✅,0.19764485461619916
18,36,headphones,congruent,✅,0.6128890430368491
18,36,mangoes,congruent,✅,0.9633148838853516
18,36,headphones,incongruent,✅,0.17324694215515668
18,36,mangoes,incongruent,✅,0.007782055379652612
18,37,playroom,congruent,✅,0.9850759900297936
18,37,park,congruent,✅,0.9951157016546344
18,37,playroom,incongruent,❌,0.5672735783741291
18,37,park,incongruent,❌,0.9277938347916048
18,38,bedroom,congruent,✅,0.8921748293895966
18,38,backyard,congruent,✅,0.656383009342358
18,38,bedroom,incongruent,✅,0.05543366324610498
18,38,backyard,incongruent,✅,0.036628513634486604
18,39,solemnly,congruent,✅,0.7063774942040393
18,39,excitedly,congruent,✅,0.7289213730855115
18,39,solemnly,incongruent,✅,0.4851115043441773
18,39,excitedly,incongruent,✅,0.427896251430557
18,4,menu,congruent,✅,0.9649715354734572
18,4,prescription,congruent,✅,0.9367766484313574
18,4,menu,incongruent,✅,0.03540913092320657
18,4,prescription,incongruent,✅,0.18300386297051616
18,40,car,congruent,❌,0.16519949204362494
18,40,sock,congruent,❌,0.08655198352447967
18,40,car,incongruent,✅,0.016358342570000108
18,40,sock,incongruent,✅,0.03415670599311013
18,41,overdressed,congruent,❌,0.48825622012958575
18,41,naked,congruent,✅,0.9549032264581606
18,41,overdressed,incongruent,✅,0.3945894129608658
18,41,naked,incongruent,✅,0.16940672041678337
18,42,shy,congruent,✅,0.9618488131222981
18,42,lively,congruent,✅,0.9509028809939389
18,42,shy,incongruent,❌,0.8592288730650601
18,42,lively,incongruent,❌,0.950894144598227
18,43,offended,congruent,✅,0.5607205416637179
18,43,flattered,congruent,✅,0.6406294023551035
18,43,offended,incongruent,✅,0.22968430593275438
18,43,flattered,incongruent,✅,0.1951974114655358
18,44,grandkid,congruent,✅,0.8334699666958836
18,44,cellmate,congruent,✅,0.9561110022082725
18,44,grandkid,incongruent,✅,0.1466806428592268
18,44,cellmate,incongruent,✅,0.059410468517501425
18,45,promoted,congruent,✅,0.6311544202111989
18,45,fired,congruent,✅,0.5694484103510556
18,45,promoted,incongruent,✅,0.36586381640779153
18,45,fired,incongruent,❌,0.5849099999880162
18,46,shooting,congruent,❌,0.18352589966547145
18,46,celebration,congruent,❌,0.05150211460893818
18,46,shooting,incongruent,✅,0.00208562162006438
18,46,celebration,incongruent,✅,0.16441763061432393
18,47,crayon,congruent,✅,0.5060497411202097
18,47,beer,congruent,✅,0.9689640878247064
18,47,crayon,incongruent,✅,0.004423291593247604
18,47,beer,incongruent,✅,0.004197586105722603
18,48,waiter,congruent,✅,0.5325137333674215
18,48,taxi,congruent,✅,0.6170652856282872
18,48,waiter,incongruent,✅,0.12941005339067405
18,48,taxi,incongruent,✅,0.14414249210804267
18,49,parents,congruent,✅,0.7802119017909556
18,49,keys,congruent,✅,0.868010246853689
18,49,parents,incongruent,✅,0.49538492341195683
18,49,keys,incongruent,✅,0.2889386098036541
18,5,distress,congruent,✅,0.9841474229657398
18,5,tranquility,congruent,❌,0.3629395946713712
18,5,distress,incongruent,✅,0.09454123715622569
18,5,tranquility,incongruent,❌,0.6447693835263001
18,50,sofa,congruent,✅,0.9980483597682076
18,50,sky,congruent,✅,0.9940847836752393
18,50,sofa,incongruent,❌,0.6850815716588162
18,50,sky,incongruent,✅,0.3746413825090297
18,51,obesity,congruent,❌,0.3581818498342314
18,51,homework,congruent,✅,0.9471669374479822
18,51,obesity,incongruent,✅,0.011423538575254922
18,51,homework,incongruent,✅,0.05443957979925711
18,52,quiz,congruent,✅,0.8148766604676188
18,52,commute,congruent,✅,0.9298157628301409
18,52,quiz,incongruent,✅,0.1239347830649604
18,52,commute,incongruent,✅,0.039891063288128956
18,53,migraine,congruent,✅,0.9918737912376872
18,53,excitement,congruent,✅,0.5807081040486818
18,53,migraine,incongruent,✅,0.025656402401636382
18,53,excitement,incongruent,❌,0.7301181106260519
18,54,niece,congruent,✅,0.9669798742799928
18,54,husband,congruent,✅,0.743796953910192
18,54,niece,incongruent,❌,0.7134105732697353
18,54,husband,incongruent,✅,0.3470104876108279
18,55,film,congruent,❌,0.23657899822364972
18,55,sunrise,congruent,✅,0.8692205559598715
18,55,film,incongruent,✅,0.018750891806857524
18,55,sunrise,incongruent,✅,0.08808124618009622
18,56,lecture,congruent,✅,0.9909726871220453
18,56,banquet,congruent,✅,0.9633703074176867
18,56,lecture,incongruent,✅,0.026507314921105068
18,56,banquet,incongruent,✅,0.0193771287593586
18,57,drink,congruent,✅,0.9862162925716219
18,57,textbook,congruent,✅,0.9239746289461928
18,57,drink,incongruent,✅,0.021031283460585113
18,57,textbook,incongruent,✅,0.20987429632351504
18,58,pool,congruent,✅,0.961898760211358
18,58,snow,congruent,❌,0.0668394080402315
18,58,pool,incongruent,✅,0.030118558920606345
18,58,snow,incongruent,✅,0.007475361696046296
18,59,passport,congruent,✅,0.7925998416421086
18,59,plushy,congruent,✅,0.9570868050778837
18,59,passport,incongruent,✅,0.05897124825855436
18,59,plushy,incongruent,✅,0.054962189699463905
18,6,patients,congruent,✅,0.9508712510694964
18,6,students,congruent,✅,0.9411974603464814
18,6,patients,incongruent,✅,0.0311980082532388
18,6,students,incongruent,✅,0.009510758501474502
18,60,sister,congruent,❌,0.33924728652483543
18,60,father,congruent,✅,0.8537555396183915
18,60,sister,incongruent,✅,0.1014736498359014
18,60,father,incongruent,❌,0.7093406056640874
18,61,game,congruent,✅,0.9775525163767464
18,61,sunset,congruent,✅,0.7698146768423983
18,61,game,incongruent,✅,0.12987667443356987
18,61,sunset,incongruent,✅,0.24401073536789578
18,62,holidays,congruent,✅,0.9856450581229994
18,62,funeral,congruent,✅,0.948165310530771
18,62,holidays,incongruent,✅,0.3278403409956675
18,62,funeral,incongruent,❌,0.8403331832037781
18,63,grades,congruent,✅,0.8741268897875717
18,63,affair,congruent,✅,0.8250130469088971
18,63,grades,incongruent,✅,0.244393681180795
18,63,affair,incongruent,✅,0.32899173812130533
18,64,arrest,congruent,✅,0.7363450388637197
18,64,stroke,congruent,❌,0.05522378544122833
18,64,arrest,incongruent,✅,0.046304950001665346
18,64,stroke,incongruent,✅,0.09508505086619143
18,65,pacifier,congruent,✅,0.9763776747410176
18,65,coffee,congruent,✅,0.9604724834763351
18,65,pacifier,incongruent,✅,0.03804330704312637
18,65,coffee,incongruent,✅,0.0972189570379836
18,66,sweets,congruent,✅,0.9787075088886796
18,66,sentencing,congruent,✅,0.8428769571900536
18,66,sweets,incongruent,✅,0.0023674931004800267
18,66,sentencing,incongruent,✅,0.005667321472463395
18,67,nap,congruent,✅,0.7619572624882898
18,67,selfie,congruent,✅,0.9418249189857952
18,67,nap,incongruent,✅,0.09358928275903397
18,67,selfie,incongruent,✅,0.00223597028474766
18,68,diaper,congruent,✅,0.900987036814311
18,68,tire,congruent,✅,0.9940143139723341
18,68,diaper,incongruent,✅,0.023101831148850224
18,68,tire,incongruent,✅,0.020522777913463592
18,69,chemotherapy,congruent,✅,0.7644759231393642
18,69,golf,congruent,✅,0.9752525946360072
18,69,chemotherapy,incongruent,✅,0.03893011804038152
18,69,golf,incongruent,✅,0.06436844049944918
18,7,consensus,congruent,✅,0.764410267545828
18,7,deadlock,congruent,❌,0.4288865423031795
18,7,consensus,incongruent,✅,0.2498859744770124
18,7,deadlock,incongruent,❌,0.7154149512315366
18,70,thunder,congruent,✅,0.9900164071584272
18,70,lullaby,congruent,✅,0.9884577951657872
18,70,thunder,incongruent,✅,0.25556372061198396
18,70,lullaby,incongruent,✅,0.0640336978742781
18,71,pajamas,congruent,✅,0.8917095794286384
18,71,uniform,congruent,✅,0.9892560877349466
18,71,pajamas,incongruent,❌,0.8109491271453482
18,71,uniform,incongruent,✅,0.07388476103649248
18,72,gown,congruent,✅,0.9973721458193169
18,72,sweats,congruent,✅,0.9711359248792044
18,72,gown,incongruent,✅,0.4584421885989601
18,72,sweats,incongruent,✅,0.19400064967949424
18,73,deadline,congruent,❌,0.15156323601775912
18,73,bed,congruent,✅,0.9757986492326359
18,73,deadline,incongruent,✅,0.08024990032376192
18,73,bed,incongruent,✅,0.01734915998515646
18,74,kindergarten,congruent,✅,0.7730991224138719
18,74,jail,congruent,✅,0.535938413777296
18,74,kindergarten,incongruent,✅,0.023211266503117126
18,74,jail,incongruent,✅,0.18793294596675872
18,75,interrogated,congruent,✅,0.8291520268694943
18,75,tickled,congruent,❌,0.39551633523779267
18,75,interrogated,incongruent,✅,0.01853779748447931
18,75,tickled,incongruent,✅,0.0735803669876618
18,76,sandcastle,congruent,✅,0.9324896180191133
18,76,snowman,congruent,✅,0.997749109563167
18,76,sandcastle,incongruent,❌,0.6522497090201932
18,76,snowman,incongruent,❌,0.8269391347740307
18,77,music,congruent,✅,0.9431017093312616
18,77,pizza,congruent,✅,0.9965415266149564
18,77,music,incongruent,✅,0.015929196152225714
18,77,pizza,incongruent,✅,0.006560080132573721
18,78,playoffs,congruent,✅,0.5278629691686023
18,78,cartoon,congruent,✅,0.9894802655506079
18,78,playoffs,incongruent,✅,0.09901630699058009
18,78,cartoon,incongruent,✅,0.023372040732220375
18,79,alcoholism,congruent,✅,0.8496858408399928
18,79,academics,congruent,✅,0.8923705269218136
18,79,alcoholism,incongruent,✅,0.19217370025619698
18,79,academics,incongruent,❌,0.5006744661214801
18,8,engagement,congruent,✅,0.8894187966367976
18,8,cancer,congruent,✅,0.5760074607839022
18,8,engagement,incongruent,✅,0.2531602482454996
18,8,cancer,incongruent,❌,0.7008988335336839
18,9,terminal,congruent,✅,0.9861577489675221
18,9,classroom,congruent,✅,0.6396673741432153
18,9,terminal,incongruent,✅,0.03885759898586
18,9,classroom,incongruent,✅,0.07028100656805221
19,0,library,congruent,✅,0.975517869698409
19,0,refrigerator,congruent,✅,0.7344664680699348
19,0,library,incongruent,✅,0.005757383577237105
19,0,refrigerator,incongruent,✅,0.002345376637705258
19,1,disappointment,congruent,✅,0.6118657813204009
19,1,delight,congruent,❌,0.24299760313020552
19,1,disappointment,incongruent,✅,0.021966266547630977
19,1,delight,incongruent,❌,0.5884574073942143
19,10,cash,congruent,✅,0.9891651188783843
19,10,groceries,congruent,✅,0.9218752690391709
19,10,cash,incongruent,✅,0.4207532848844079
19,10,groceries,incongruent,✅,0.31153375154016766
19,11,lonely,congruent,✅,0.8908777765622379
19,11,confident,congruent,✅,0.871233076709873
19,11,lonely,incongruent,✅,0.31296561340277596
19,11,confident,incongruent,✅,0.2381630782965455
19,12,joy,congruent,✅,0.9957084488394234
19,12,outrage,congruent,✅,0.6864657055315803
19,12,joy,incongruent,✅,0.2577811267283019
19,12,outrage,incongruent,❌,0.7649741519722346
19,13,traffic,congruent,✅,0.9957095075244342
19,13,snowstorm,congruent,✅,0.9959626627559812
19,13,traffic,incongruent,❌,0.9687797269906411
19,13,snowstorm,incongruent,❌,0.9669637525023489
19,14,laughter,congruent,✅,0.8341927900438542
19,14,frustration,congruent,✅,0.8415664317510978
19,14,laughter,incongruent,✅,0.09078677320856417
19,14,frustration,incongruent,✅,0.3912770268048556
19,15,calculator,congruent,✅,0.901320749806217
19,15,instrument,congruent,✅,0.9435815062277666
19,15,calculator,incongruent,✅,0.08455943264784656
19,15,instrument,incongruent,✅,0.0463999037004042
19,16,orchestra,congruent,✅,0.9909893346999419
19,16,racers,congruent,✅,0.9601474414808695
19,16,orchestra,incongruent,✅,0.09263073426207702
19,16,racers,incongruent,✅,0.055620811837614234
19,17,retirement,congruent,✅,0.836491432851024
19,17,playdate,congruent,✅,0.9460011975332564
19,17,retirement,incongruent,✅,0.2029192169797042
19,17,playdate,incongruent,✅,0.03664542175847134
19,18,relieved,congruent,❌,0.45892781076146677
19,18,depressed,congruent,❌,0.25125340702297666
19,18,relieved,incongruent,✅,0.1457385007642668
19,18,depressed,incongruent,✅,0.4278325281957856
19,19,friends,congruent,❌,0.052853688695604625
19,19,weight,congruent,✅,0.7996858263134512
19,19,friends,incongruent,✅,0.13005486104701472
19,19,weight,incongruent,✅,0.017053128651222244
19,2,overcoat,congruent,✅,0.6400934727388904
19,2,sandals,congruent,✅,0.942844438728012
19,2,overcoat,incongruent,✅,0.029979199589225975
19,2,sandals,incongruent,✅,0.0072499028754968
19,20,lipstick,congruent,✅,0.9649523017622479
19,20,song,congruent,✅,0.9951585757285795
19,20,lipstick,incongruent,✅,0.024128441737193997
19,20,song,incongruent,❌,0.640964612952261
19,21,fought,congruent,✅,0.7474168263705606
19,21,sang,congruent,✅,0.9644285790307483
19,21,fought,incongruent,✅,0.1832497143577537
19,21,sang,incongruent,✅,0.22142265225924634
19,22,skeptical,congruent,❌,0.24063568615817663
19,22,reassured,congruent,✅,0.6641387821595804
19,22,skeptical,incongruent,❌,0.5185760847794761
19,22,reassured,incongruent,✅,0.1786150371320762
19,23,graduation,congruent,✅,0.9992139043294126
19,23,operation,congruent,✅,0.9843822929367937
19,23,graduation,incongruent,✅,0.05157112626875916
19,23,operation,incongruent,✅,0.0551475200118593
19,24,bride,congruent,✅,0.9595112190089469
19,24,aftermath,congruent,✅,0.9861868179667957
19,24,bride,incongruent,✅,0.0506092947362976
19,24,aftermath,incongruent,✅,0.008763753076217415
19,25,teacher,congruent,❌,0.4818090201838923
19,25,daughter,congruent,✅,0.846657490076879
19,25,teacher,incongruent,✅,0.06676893087712675
19,25,daughter,incongruent,✅,0.09570848007959541
19,26,roommate,congruent,✅,0.727070835153091
19,26,grandma,congruent,✅,0.990235536764794
19,26,roommate,incongruent,✅,0.06788688725215561
19,26,grandma,incongruent,✅,0.12245316796054434
19,27,brother,congruent,✅,0.7883573031634676
19,27,mother,congruent,✅,0.8084415711228146
19,27,brother,incongruent,✅,0.4235088176266474
19,27,mother,incongruent,✅,0.2612604885480056
19,28,preschool,congruent,✅,0.9418334951299547
19,28,prison,congruent,✅,0.9063822892674585
19,28,preschool,incongruent,✅,0.0017001984011264812
19,28,prison,incongruent,✅,0.008028906670209337
19,29,hopeful,congruent,✅,0.5058554827125871
19,29,hopeless,congruent,✅,0.8278379406599948
19,29,hopeful,incongruent,✅,0.2972009314323742
19,29,hopeless,incongruent,✅,0.1655096636812264
19,3,marathon,congruent,✅,0.8900261785652751
19,3,exam,congruent,✅,0.9168910502228877
19,3,marathon,incongruent,✅,0.033702569380556234
19,3,exam,incongruent,✅,0.03800020543175597
19,30,appalled,congruent,✅,0.8778468581782122
19,30,overjoyed,congruent,✅,0.8916342623898779
19,30,appalled,incongruent,✅,0.4780693644077002
19,30,overjoyed,incongruent,❌,0.6803179549926875
19,31,reprimand,congruent,✅,0.5941311675462635
19,31,encouragement,congruent,✅,0.8572679652065881
19,31,reprimand,incongruent,✅,0.122195655688669
19,31,encouragement,incongruent,✅,0.14739482434781076
19,32,angrily,congruent,✅,0.9105688422349655
19,32,cordially,congruent,❌,0.35909333596195175
19,32,angrily,incongruent,✅,0.06175154377489268
19,32,cordially,incongruent,✅,0.06376890456883502
19,33,accusatory,congruent,✅,0.9414612139824204
19,33,flirtatious,congruent,✅,0.8392709935195067
19,33,accusatory,incongruent,❌,0.7483496546889195
19,33,flirtatious,incongruent,❌,0.6066963701427768
19,34,disapprovingly,congruent,✅,0.8244357274615154
19,34,lovingly,congruent,✅,0.6121276528128899
19,34,disapprovingly,incongruent,✅,0.24411140162407738
19,34,lovingly,incongruent,✅,0.17651106173206815
19,35,playful,congruent,❌,0.3685670558518736
19,35,distant,congruent,✅,0.8829147898657468
19,35,playful,incongruent,❌,0.8325796779423238
19,35,distant,incongruent,✅,0.14850037762243792
19,36,headphones,congruent,✅,0.8149556853037818
19,36,mangoes,congruent,✅,0.9615183437275161
19,36,headphones,incongruent,✅,0.003535076374982571
19,36,mangoes,incongruent,✅,0.0010567117540117989
19,37,playroom,congruent,✅,0.9812361418619585
19,37,park,congruent,✅,0.988914272557914
19,37,playroom,incongruent,✅,0.17769422005954838
19,37,park,incongruent,✅,0.44485091849189556
19,38,bedroom,congruent,✅,0.96544370240542
19,38,backyard,congruent,✅,0.9059061176805386
19,38,bedroom,incongruent,✅,0.080899676012823
19,38,backyard,incongruent,✅,0.005478449839744023
19,39,solemnly,congruent,✅,0.5424682562569942
19,39,excitedly,congruent,✅,0.8553842781577642
19,39,solemnly,incongruent,❌,0.5509146183857296
19,39,excitedly,incongruent,✅,0.2907369622135162
19,4,menu,congruent,✅,0.8168030910461006
19,4,prescription,congruent,✅,0.9786020301368992
19,4,menu,incongruent,✅,0.044742541697098716
19,4,prescription,incongruent,✅,0.11717941540110499
19,40,car,congruent,❌,0.26468159847699596
19,40,sock,congruent,❌,0.1955880570079683
19,40,car,incongruent,✅,0.016763671096130337
19,40,sock,incongruent,✅,0.01298935110699805
19,41,overdressed,congruent,❌,0.29948335395609565
19,41,naked,congruent,✅,0.8696713311517611
19,41,overdressed,incongruent,✅,0.12572362703830403
19,41,naked,incongruent,✅,0.047096980934482086
19,42,shy,congruent,✅,0.9706514298386321
19,42,lively,congruent,✅,0.9755772606401276
19,42,shy,incongruent,❌,0.8888721089049769
19,42,lively,incongruent,❌,0.9551860762877368
19,43,offended,congruent,✅,0.637161413898947
19,43,flattered,congruent,✅,0.7773013387124026
19,43,offended,incongruent,✅,0.31279001801893513
19,43,flattered,incongruent,✅,0.19768089652614465
19,44,grandkid,congruent,✅,0.8002295790827434
19,44,cellmate,congruent,✅,0.960601011003229
19,44,grandkid,incongruent,✅,0.03380554966385864
19,44,cellmate,incongruent,✅,0.0354572005863124
19,45,promoted,congruent,✅,0.9189133582280994
19,45,fired,congruent,✅,0.9131429698400706
19,45,promoted,incongruent,❌,0.6822488221312132
19,45,fired,incongruent,❌,0.9065169741588486
19,46,shooting,congruent,❌,0.031089857694252824
19,46,celebration,congruent,❌,0.18348581466527536
19,46,shooting,incongruent,✅,0.0006439542321865227
19,46,celebration,incongruent,✅,0.032318187989832325
19,47,crayon,congruent,✅,0.9253391237288785
19,47,beer,congruent,✅,0.9898876232305674
19,47,crayon,incongruent,✅,0.0037810335179755414
19,47,beer,incongruent,✅,0.018870442034350877
19,48,waiter,congruent,✅,0.5671090522343415
19,48,taxi,congruent,✅,0.8620151934736787
19,48,waiter,incongruent,✅,0.13020612543040566
19,48,taxi,incongruent,✅,0.123191935905051
19,49,parents,congruent,✅,0.5413865386661816
19,49,keys,congruent,✅,0.9350832966276899
19,49,parents,incongruent,✅,0.2838587474650168
19,49,keys,incongruent,✅,0.08918561317807613
19,5,distress,congruent,✅,0.9833227135276738
19,5,tranquility,congruent,✅,0.5967889326288107
19,5,distress,incongruent,✅,0.10550187795825948
19,5,tranquility,incongruent,❌,0.5638534754122521
19,50,sofa,congruent,✅,0.9993850294833011
19,50,sky,congruent,✅,0.9441033426014405
19,50,sofa,incongruent,✅,0.16288688530136217
19,50,sky,incongruent,❌,0.8030245992805205
19,51,obesity,congruent,❌,0.19722419020210896
19,51,homework,congruent,✅,0.9201062220805332
19,51,obesity,incongruent,✅,0.0077836074111008475
19,51,homework,incongruent,✅,0.03162900728913525
19,52,quiz,congruent,✅,0.8348340595745921
19,52,commute,congruent,✅,0.9805353863000404
19,52,quiz,incongruent,✅,0.10411244513492578
19,52,commute,incongruent,✅,0.02263055774347298
19,53,migraine,congruent,✅,0.9930788532578048
19,53,excitement,congruent,❌,0.3909329827448965
19,53,migraine,incongruent,✅,0.006390994508423936
19,53,excitement,incongruent,✅,0.3196270874620696
19,54,niece,congruent,✅,0.9792751724507512
19,54,husband,congruent,✅,0.8693764745297964
19,54,niece,incongruent,❌,0.8252013726359921
19,54,husband,incongruent,✅,0.4236746038592623
19,55,film,congruent,✅,0.538329855809699
19,55,sunrise,congruent,✅,0.9775318083224166
19,55,film,incongruent,✅,0.007145806561283665
19,55,sunrise,incongruent,✅,0.025193870591857886
19,56,lecture,congruent,✅,0.9972517706024318
19,56,banquet,congruent,✅,0.9658810858943908
19,56,lecture,incongruent,✅,0.012439976685312663
19,56,banquet,incongruent,✅,0.0074626662076524505
19,57,drink,congruent,✅,0.992250478110658
19,57,textbook,congruent,✅,0.9774716580201356
19,57,drink,incongruent,✅,0.021911060444505467
19,57,textbook,incongruent,✅,0.07485339715841942
19,58,pool,congruent,✅,0.9930684142568048
19,58,snow,congruent,❌,0.0240988023037641
19,58,pool,incongruent,✅,0.002277782040398757
19,58,snow,incongruent,✅,0.011511704651160751
19,59,passport,congruent,✅,0.9832539836285914
19,59,plushy,congruent,✅,0.9618578687280624
19,59,passport,incongruent,✅,0.01163963236480705
19,59,plushy,incongruent,✅,0.1373503608213861
19,6,patients,congruent,✅,0.9950043549817885
19,6,students,congruent,✅,0.9869498735261206
19,6,patients,incongruent,✅,0.04925079900488144
19,6,students,incongruent,✅,0.004268414876507311
19,60,sister,congruent,✅,0.5327833781822501
19,60,father,congruent,✅,0.8639260132214709
19,60,sister,incongruent,✅,0.11848566340837394
19,60,father,incongruent,❌,0.5345646756170084
19,61,game,congruent,✅,0.9975204010577147
19,61,sunset,congruent,✅,0.9323809686906038
19,61,game,incongruent,✅,0.15234144673625985
19,61,sunset,incongruent,✅,0.15498804640834868
19,62,holidays,congruent,✅,0.9674837654486829
19,62,funeral,congruent,✅,0.9782443703460565
19,62,holidays,incongruent,✅,0.1103208452174839
19,62,funeral,incongruent,❌,0.7602783146230774
19,63,grades,congruent,✅,0.7701414685397523
19,63,affair,congruent,✅,0.7089243609588953
19,63,grades,incongruent,✅,0.027056381384211216
19,63,affair,incongruent,✅,0.06687663675110414
19,64,arrest,congruent,✅,0.8916932584832974
19,64,stroke,congruent,❌,0.1733342428576619
19,64,arrest,incongruent,✅,0.12027729842715688
19,64,stroke,incongruent,✅,0.2229710028716355
19,65,pacifier,congruent,✅,0.867965014527521
19,65,coffee,congruent,✅,0.9934988003810628
19,65,pacifier,incongruent,✅,0.01029711615651521
19,65,coffee,incongruent,✅,0.020246443733341155
19,66,sweets,congruent,✅,0.995003087913606
19,66,sentencing,congruent,✅,0.8880286393149657
19,66,sweets,incongruent,✅,0.0006444031430078654
19,66,sentencing,incongruent,✅,0.007542190020261962
19,67,nap,congruent,✅,0.8015593826414763
19,67,selfie,congruent,✅,0.8962429406120332
19,67,nap,incongruent,✅,0.013159325234844638
19,67,selfie,incongruent,✅,0.00030399806655060345
19,68,diaper,congruent,✅,0.9484296618617988
19,68,tire,congruent,✅,0.9915759920123056
19,68,diaper,incongruent,✅,0.0037043645283858432
19,68,tire,incongruent,✅,0.005747404832276149
19,69,chemotherapy,congruent,✅,0.9385965909543843
19,69,golf,congruent,✅,0.9789375640782004
19,69,chemotherapy,incongruent,✅,0.008281464066919259
19,69,golf,incongruent,✅,0.039579002651245095
19,7,consensus,congruent,✅,0.7797637206719916
19,7,deadlock,congruent,✅,0.7204466932836578
19,7,consensus,incongruent,✅,0.3975746282825311
19,7,deadlock,incongruent,❌,0.7286004843596625
19,70,thunder,congruent,✅,0.9656372068466138
19,70,lullaby,congruent,✅,0.9391893381089025
19,70,thunder,incongruent,✅,0.14010661033745603
19,70,lullaby,incongruent,✅,0.01852124471007497
19,71,pajamas,congruent,✅,0.9455892379992167
19,71,uniform,congruent,✅,0.9916036989479555
19,71,pajamas,incongruent,✅,0.420633911041249
19,71,uniform,incongruent,✅,0.09053857030087976
19,72,gown,congruent,✅,0.9968140227894385
19,72,sweats,congruent,✅,0.897076081973714
19,72,gown,incongruent,✅,0.07329839212398437
19,72,sweats,incongruent,✅,0.0983811458469549
19,73,deadline,congruent,❌,0.39528349753418623
19,73,bed,congruent,✅,0.9696378108115443
19,73,deadline,incongruent,✅,0.05936111896069949
19,73,bed,incongruent,✅,0.010402096068052863
19,74,kindergarten,congruent,✅,0.8769551818701425
19,74,jail,congruent,✅,0.8798026356357299
19,74,kindergarten,incongruent,✅,0.015356356657244014
19,74,jail,incongruent,✅,0.17692359218646814
19,75,interrogated,congruent,✅,0.9725203892939351
19,75,tickled,congruent,✅,0.6122197320500932
19,75,interrogated,incongruent,✅,0.010824681987262462
19,75,tickled,incongruent,✅,0.047835055985017964
19,76,sandcastle,congruent,✅,0.9959572640514391
19,76,snowman,congruent,✅,0.9989444000185117
19,76,sandcastle,incongruent,❌,0.8464789289984165
19,76,snowman,incongruent,❌,0.9928172105331059
19,77,music,congruent,✅,0.9875694144118774
19,77,pizza,congruent,✅,0.9991093225641305
19,77,music,incongruent,✅,0.006600920238752997
19,77,pizza,incongruent,✅,0.0008514964586282065
19,78,playoffs,congruent,✅,0.9421182141051921
19,78,cartoon,congruent,✅,0.998776885091178
19,78,playoffs,incongruent,✅,0.05743459869096393
19,78,cartoon,incongruent,✅,0.02392340304732541
19,79,alcoholism,congruent,✅,0.8654590427026824
19,79,academics,congruent,✅,0.9903895812547197
19,79,alcoholism,incongruent,✅,0.4924344306526572
19,79,academics,incongruent,✅,0.33610871401267844
19,8,engagement,congruent,✅,0.9313518966212545
19,8,cancer,congruent,✅,0.8614079600212496
19,8,engagement,incongruent,✅,0.17499310840270318
19,8,cancer,incongruent,❌,0.6898995548791065
19,9,terminal,congruent,✅,0.991563705599857
19,9,classroom,congruent,✅,0.9300124967953101
19,9,terminal,incongruent,✅,0.003455697363364156
19,9,classroom,incongruent,✅,0.15542807784311835
20,0,library,congruent,✅,0.9764497132777142
20,0,refrigerator,congruent,✅,0.55522833527718
20,0,library,incongruent,✅,0.001363674310358045
20,0,refrigerator,incongruent,✅,0.0018664904336541859
20,1,disappointment,congruent,✅,0.5195404652792368
20,1,delight,congruent,❌,0.18662059766428546
20,1,disappointment,incongruent,✅,0.013701207071217743
20,1,delight,incongruent,✅,0.496695710037672
20,10,cash,congruent,✅,0.9960581039902575
20,10,groceries,congruent,✅,0.9424641455277742
20,10,cash,incongruent,✅,0.1251233712364999
20,10,groceries,incongruent,✅,0.11017051876085335
20,11,lonely,congruent,✅,0.8591052178281611
20,11,confident,congruent,✅,0.8344940461041184
20,11,lonely,incongruent,✅,0.18963564871682137
20,11,confident,incongruent,✅,0.16321274082152568
20,12,joy,congruent,✅,0.9982251283128237
20,12,outrage,congruent,✅,0.692949039512937
20,12,joy,incongruent,✅,0.186634220557847
20,12,outrage,incongruent,❌,0.8832491961125166
20,13,traffic,congruent,✅,0.9956504329468038
20,13,snowstorm,congruent,✅,0.9986403941248695
20,13,traffic,incongruent,❌,0.9540208984315023
20,13,snowstorm,incongruent,❌,0.94247601028179
20,14,laughter,congruent,✅,0.839611260586731
20,14,frustration,congruent,✅,0.9258292630517125
20,14,laughter,incongruent,✅,0.14996958363844273
20,14,frustration,incongruent,✅,0.28087472321358387
20,15,calculator,congruent,✅,0.8873255702278596
20,15,instrument,congruent,✅,0.9749499235270028
20,15,calculator,incongruent,✅,0.05773218222914886
20,15,instrument,incongruent,✅,0.04270531606207795
20,16,orchestra,congruent,✅,0.9679145816267775
20,16,racers,congruent,✅,0.9589922708127363
20,16,orchestra,incongruent,✅,0.032717012146344586
20,16,racers,incongruent,✅,0.004805514687029818
20,17,retirement,congruent,✅,0.8089102351545869
20,17,playdate,congruent,✅,0.9616915948724922
20,17,retirement,incongruent,✅,0.25790850996964926
20,17,playdate,incongruent,✅,0.05267310735380354
20,18,relieved,congruent,❌,0.41054284066808183
20,18,depressed,congruent,❌,0.28023236942770047
20,18,relieved,incongruent,✅,0.22091252543272036
20,18,depressed,incongruent,✅,0.3546417687474488
20,19,friends,congruent,❌,0.08763265078007425
20,19,weight,congruent,✅,0.8262360699166351
20,19,friends,incongruent,✅,0.025750226964739956
20,19,weight,incongruent,✅,0.0237036874226785
20,2,overcoat,congruent,✅,0.7911645563586517
20,2,sandals,congruent,✅,0.9263144677826207
20,2,overcoat,incongruent,✅,0.006280261030123036
20,2,sandals,incongruent,✅,0.01393181536386913
20,20,lipstick,congruent,✅,0.9557169301623987
20,20,song,congruent,✅,0.9950413437786566
20,20,lipstick,incongruent,✅,0.02397346566443948
20,20,song,incongruent,✅,0.4242686265416483
20,21,fought,congruent,✅,0.7558761694837376
20,21,sang,congruent,✅,0.9116181435463109
20,21,fought,incongruent,✅,0.10247529916721863
20,21,sang,incongruent,✅,0.20014694705555633
20,22,skeptical,congruent,❌,0.2308907887529677
20,22,reassured,congruent,✅,0.6480194869434556
20,22,skeptical,incongruent,✅,0.4221983504517975
20,22,reassured,incongruent,✅,0.181671213482164
20,23,graduation,congruent,✅,0.9992606193741252
20,23,operation,congruent,✅,0.9904932770266952
20,23,graduation,incongruent,✅,0.011554166771852743
20,23,operation,incongruent,✅,0.025778213617349412
20,24,bride,congruent,✅,0.9778223105199524
20,24,aftermath,congruent,✅,0.9754140686503517
20,24,bride,incongruent,✅,0.05866457686255068
20,24,aftermath,incongruent,✅,0.009613747623059846
20,25,teacher,congruent,✅,0.6832551367335359
20,25,daughter,congruent,✅,0.8718880862789888
20,25,teacher,incongruent,✅,0.08532601252236789
20,25,daughter,incongruent,✅,0.03686811601346617
20,26,roommate,congruent,✅,0.8005356551773481
20,26,grandma,congruent,✅,0.9953781696111141
20,26,roommate,incongruent,✅,0.07453311928766106
20,26,grandma,incongruent,✅,0.05572963256347139
20,27,brother,congruent,✅,0.809036068313967
20,27,mother,congruent,✅,0.8696677763321004
20,27,brother,incongruent,❌,0.6219877621856194
20,27,mother,incongruent,✅,0.2224699318182688
20,28,preschool,congruent,✅,0.8736207395162896
20,28,prison,congruent,✅,0.9081396408369042
20,28,preschool,incongruent,✅,0.002633525357126103
20,28,prison,incongruent,✅,0.0038013665095528023
20,29,hopeful,congruent,✅,0.5805695651704791
20,29,hopeless,congruent,✅,0.7805175816007485
20,29,hopeful,incongruent,✅,0.2820330188749389
20,29,hopeless,incongruent,✅,0.20887892887829312
20,3,marathon,congruent,✅,0.9842216195197916
20,3,exam,congruent,✅,0.9332231142776757
20,3,marathon,incongruent,✅,0.0215263709492761
20,3,exam,incongruent,✅,0.0452798428467693
20,30,appalled,congruent,✅,0.8291692429362405
20,30,overjoyed,congruent,✅,0.8186924116500218
20,30,appalled,incongruent,✅,0.3056925264293142
20,30,overjoyed,incongruent,❌,0.5450820423152921
20,31,reprimand,congruent,❌,0.431185049420275
20,31,encouragement,congruent,✅,0.793077230944442
20,31,reprimand,incongruent,✅,0.09396310526427276
20,31,encouragement,incongruent,✅,0.09828939718153068
20,32,angrily,congruent,✅,0.8642772947912983
20,32,cordially,congruent,❌,0.3921573734995059
20,32,angrily,incongruent,✅,0.05865508829380254
20,32,cordially,incongruent,✅,0.03975483687090753
20,33,accusatory,congruent,✅,0.9191557940663849
20,33,flirtatious,congruent,✅,0.7625040187478128
20,33,accusatory,incongruent,❌,0.5842451630996971
20,33,flirtatious,incongruent,✅,0.49080114768710115
20,34,disapprovingly,congruent,✅,0.8270362213377549
20,34,lovingly,congruent,✅,0.5167000730675252
20,34,disapprovingly,incongruent,✅,0.167003988867614
20,34,lovingly,incongruent,✅,0.20128235950607296
20,35,playful,congruent,❌,0.43193234500688305
20,35,distant,congruent,✅,0.9493425933500959
20,35,playful,incongruent,❌,0.9064920162598458
20,35,distant,incongruent,✅,0.1778004304886416
20,36,headphones,congruent,✅,0.8211513696444698
20,36,mangoes,congruent,✅,0.9769693682606189
20,36,headphones,incongruent,✅,0.012290821543445678
20,36,mangoes,incongruent,✅,0.0019827613604852124
20,37,playroom,congruent,✅,0.9842721689545897
20,37,park,congruent,✅,0.9923800199568211
20,37,playroom,incongruent,✅,0.15221652847744843
20,37,park,incongruent,✅,0.4620966325822618
20,38,bedroom,congruent,✅,0.9814749969177922
20,38,backyard,congruent,✅,0.9651283312732768
20,38,bedroom,incongruent,✅,0.04675819025609935
20,38,backyard,incongruent,✅,0.003800553789735145
20,39,solemnly,congruent,✅,0.7151370323160076
20,39,excitedly,congruent,✅,0.904278222852191
20,39,solemnly,incongruent,❌,0.670539046444893
20,39,excitedly,incongruent,❌,0.5407655088503871
20,4,menu,congruent,✅,0.8630557851058092
20,4,prescription,congruent,✅,0.9950659488656579
20,4,menu,incongruent,✅,0.0382754165866418
20,4,prescription,incongruent,✅,0.019261976661438675
20,40,car,congruent,❌,0.49531436641232285
20,40,sock,congruent,❌,0.17272143484502225
20,40,car,incongruent,✅,0.050180553567841464
20,40,sock,incongruent,✅,0.009006232856082645
20,41,overdressed,congruent,✅,0.5298727268352605
20,41,naked,congruent,✅,0.8171438424614452
20,41,overdressed,incongruent,✅,0.059990206521108015
20,41,naked,incongruent,✅,0.08867804889620662
20,42,shy,congruent,✅,0.9458567131771141
20,42,lively,congruent,✅,0.9820918195751871
20,42,shy,incongruent,❌,0.9101221637360641
20,42,lively,incongruent,❌,0.9502726826761442
20,43,offended,congruent,✅,0.6004118080109383
20,43,flattered,congruent,✅,0.851157808982515
20,43,offended,incongruent,✅,0.27806495452970487
20,43,flattered,incongruent,✅,0.23654056120731887
20,44,grandkid,congruent,✅,0.7888151181324725
20,44,cellmate,congruent,✅,0.9792039275046674
20,44,grandkid,incongruent,✅,0.01928173388591528
20,44,cellmate,incongruent,✅,0.004688123304826603
20,45,promoted,congruent,✅,0.9125669332362002
20,45,fired,congruent,✅,0.9168388164194363
20,45,promoted,incongruent,❌,0.7775156828273039
20,45,fired,incongruent,❌,0.8266314983252647
20,46,shooting,congruent,❌,0.04962907376511372
20,46,celebration,congruent,✅,0.59908423127785
20,46,shooting,incongruent,✅,0.0031992131897606614
20,46,celebration,incongruent,✅,0.06266909580989546
20,47,crayon,congruent,✅,0.9091642030934417
20,47,beer,congruent,✅,0.9926463079780614
20,47,crayon,incongruent,✅,0.0014010676061063517
20,47,beer,incongruent,✅,0.009828886904689648
20,48,waiter,congruent,✅,0.6970343286116754
20,48,taxi,congruent,✅,0.8424252330281592
20,48,waiter,incongruent,✅,0.09136396784175271
20,48,taxi,incongruent,✅,0.07073764530944476
20,49,parents,congruent,✅,0.5473885517757372
20,49,keys,congruent,✅,0.9668970196217003
20,49,parents,incongruent,✅,0.17135605160315695
20,49,keys,incongruent,✅,0.07244703693465217
20,5,distress,congruent,✅,0.990592353412861
20,5,tranquility,congruent,✅,0.8289245432979208
20,5,distress,incongruent,✅,0.21967145265839572
20,5,tranquility,incongruent,❌,0.7725410475771479
20,50,sofa,congruent,✅,0.9988416546950877
20,50,sky,congruent,✅,0.9513129493097898
20,50,sofa,incongruent,✅,0.2718803869475788
20,50,sky,incongruent,❌,0.7594408340512031
20,51,obesity,congruent,❌,0.413822861203697
20,51,homework,congruent,✅,0.93890445568783
20,51,obesity,incongruent,✅,0.004497804179889601
20,51,homework,incongruent,✅,0.1413675894732217
20,52,quiz,congruent,✅,0.8779718923384693
20,52,commute,congruent,✅,0.9946252821859802
20,52,quiz,incongruent,✅,0.21054668531920737
20,52,commute,incongruent,✅,0.032722028058935385
20,53,migraine,congruent,✅,0.9988812889307697
20,53,excitement,congruent,❌,0.31458336368568984
20,53,migraine,incongruent,✅,0.0014176772806006952
20,53,excitement,incongruent,✅,0.16379629529352369
20,54,niece,congruent,✅,0.9757777482157918
20,54,husband,congruent,✅,0.8589052379427856
20,54,niece,incongruent,❌,0.5936891177201971
20,54,husband,incongruent,✅,0.4367709917483771
20,55,film,congruent,✅,0.8878331782284595
20,55,sunrise,congruent,✅,0.9932418742189009
20,55,film,incongruent,✅,0.013907738740135431
20,55,sunrise,incongruent,✅,0.06174660526234567
20,56,lecture,congruent,✅,0.9989869287056735
20,56,banquet,congruent,✅,0.9797975967828619
20,56,lecture,incongruent,✅,0.010274753548747708
20,56,banquet,incongruent,✅,0.009182892711359952
20,57,drink,congruent,✅,0.9968009022179152
20,57,textbook,congruent,✅,0.993189249315582
20,57,drink,incongruent,✅,0.020932038273914405
20,57,textbook,incongruent,✅,0.11373535055286951
20,58,pool,congruent,✅,0.9962058710748585
20,58,snow,congruent,❌,0.011398530554633704
20,58,pool,incongruent,✅,0.0003826085158192375
20,58,snow,incongruent,✅,0.01130253504464962
20,59,passport,congruent,✅,0.9804195381334955
20,59,plushy,congruent,✅,0.981604270354294
20,59,passport,incongruent,✅,0.005931881974829385
20,59,plushy,incongruent,✅,0.14287915478982705
20,6,patients,congruent,✅,0.9909398431631565
20,6,students,congruent,✅,0.9889289882784986
20,6,patients,incongruent,✅,0.014438744735135534
20,6,students,incongruent,✅,0.0003577297494912322
20,60,sister,congruent,✅,0.6406544447905295
20,60,father,congruent,✅,0.9442472074125617
20,60,sister,incongruent,✅,0.16969814494342528
20,60,father,incongruent,❌,0.5518511763615298
20,61,game,congruent,✅,0.997190640335863
20,61,sunset,congruent,✅,0.9828553031860948
20,61,game,incongruent,✅,0.4736103010689029
20,61,sunset,incongruent,✅,0.1132266952939945
20,62,holidays,congruent,✅,0.9825047042080476
20,62,funeral,congruent,✅,0.9863637378858096
20,62,holidays,incongruent,✅,0.07802757424318565
20,62,funeral,incongruent,❌,0.7521268240162182
20,63,grades,congruent,✅,0.6475063937491037
20,63,affair,congruent,✅,0.8700040000258216
20,63,grades,incongruent,✅,0.06318770953864118
20,63,affair,incongruent,✅,0.07658456124835619
20,64,arrest,congruent,✅,0.9102045815126012
20,64,stroke,congruent,❌,0.10532416990978691
20,64,arrest,incongruent,✅,0.036516077694922426
20,64,stroke,incongruent,✅,0.11875166367416427
20,65,pacifier,congruent,✅,0.8402334428964362
20,65,coffee,congruent,✅,0.9959724566171257
20,65,pacifier,incongruent,✅,0.008678368240111565
20,65,coffee,incongruent,✅,0.008611277977890677
20,66,sweets,congruent,✅,0.9871137591053418
20,66,sentencing,congruent,✅,0.8656619950748917
20,66,sweets,incongruent,✅,0.0004125327271287305
20,66,sentencing,incongruent,✅,0.006941168436523582
20,67,nap,congruent,✅,0.8773541476609151
20,67,selfie,congruent,✅,0.9657987163151202
20,67,nap,incongruent,✅,0.005583239372981799
20,67,selfie,incongruent,✅,0.00021749562467851435
20,68,diaper,congruent,✅,0.9806304913409218
20,68,tire,congruent,✅,0.9963801005166055
20,68,diaper,incongruent,✅,0.0005561634333777457
20,68,tire,incongruent,✅,0.007081787656171739
20,69,chemotherapy,congruent,✅,0.953206012761984
20,69,golf,congruent,✅,0.990557209393988
20,69,chemotherapy,incongruent,✅,0.007262905027028452
20,69,golf,incongruent,✅,0.10370982183751334
20,7,consensus,congruent,✅,0.659153386531683
20,7,deadlock,congruent,❌,0.48048966938433685
20,7,consensus,incongruent,✅,0.13488895963136063
20,7,deadlock,incongruent,❌,0.6694927129718271
20,70,thunder,congruent,✅,0.9944514917937577
20,70,lullaby,congruent,✅,0.9109348883739037
20,70,thunder,incongruent,✅,0.036311382400651335
20,70,lullaby,incongruent,✅,0.03850328731521298
20,71,pajamas,congruent,✅,0.9790173336217789
20,71,uniform,congruent,✅,0.9941936455499357
20,71,pajamas,incongruent,✅,0.36993150411205583
20,71,uniform,incongruent,✅,0.05215675508812915
20,72,gown,congruent,✅,0.9963015011324374
20,72,sweats,congruent,✅,0.9656280065130204
20,72,gown,incongruent,✅,0.04173322294170082
20,72,sweats,incongruent,✅,0.06088299767087793
20,73,deadline,congruent,❌,0.3210843917786925
20,73,bed,congruent,✅,0.992688921883619
20,73,deadline,incongruent,✅,0.03746440794254844
20,73,bed,incongruent,✅,0.014721772845679373
20,74,kindergarten,congruent,✅,0.9000661025409904
20,74,jail,congruent,✅,0.9528120309696648
20,74,kindergarten,incongruent,✅,0.008145089161509208
20,74,jail,incongruent,✅,0.126723815973149
20,75,interrogated,congruent,✅,0.9479850935581022
20,75,tickled,congruent,✅,0.5722836973008596
20,75,interrogated,incongruent,✅,0.0038965542611736244
20,75,tickled,incongruent,✅,0.020332981163244335
20,76,sandcastle,congruent,✅,0.9994623262731214
20,76,snowman,congruent,✅,0.9995740205443792
20,76,sandcastle,incongruent,❌,0.8531253716142838
20,76,snowman,incongruent,❌,0.9880528034385698
20,77,music,congruent,✅,0.992189640525289
20,77,pizza,congruent,✅,0.9993970145063474
20,77,music,incongruent,✅,0.013855388914375029
20,77,pizza,incongruent,✅,0.0004061972813769275
20,78,playoffs,congruent,✅,0.9703958040464118
20,78,cartoon,congruent,✅,0.9962465576664417
20,78,playoffs,incongruent,✅,0.041163283118399105
20,78,cartoon,incongruent,✅,0.09680567691537886
20,79,alcoholism,congruent,✅,0.8699375928120083
20,79,academics,congruent,✅,0.9880814250775279
20,79,alcoholism,incongruent,❌,0.5259669981892141
20,79,academics,incongruent,✅,0.0758427636600713
20,8,engagement,congruent,✅,0.8230549893654189
20,8,cancer,congruent,✅,0.7874879186404516
20,8,engagement,incongruent,✅,0.21678083728099046
20,8,cancer,incongruent,❌,0.7120984284546908
20,9,terminal,congruent,✅,0.9830179564296132
20,9,classroom,congruent,✅,0.951867331426244
20,9,terminal,incongruent,✅,0.0014674038429776202
20,9,classroom,incongruent,✅,0.02407057556933742
21,0,library,congruent,✅,0.9656026632642459
21,0,refrigerator,congruent,✅,0.5124792312373767
21,0,library,incongruent,✅,0.01889067106517755
21,0,refrigerator,incongruent,✅,0.0025573973641750927
21,1,disappointment,congruent,❌,0.36079420828634473
21,1,delight,congruent,❌,0.12260809126461694
21,1,disappointment,incongruent,✅,0.005171185159433455
21,1,delight,incongruent,✅,0.20551615649556268
21,10,cash,congruent,✅,0.9936730821212707
21,10,groceries,congruent,✅,0.9780000438839698
21,10,cash,incongruent,✅,0.22500289441077642
21,10,groceries,incongruent,✅,0.11487895845016995
21,11,lonely,congruent,✅,0.9409708909366612
21,11,confident,congruent,✅,0.8865263309077803
21,11,lonely,incongruent,✅,0.1914170235046697
21,11,confident,incongruent,✅,0.17906821837940792
21,12,joy,congruent,✅,0.9991838328855397
21,12,outrage,congruent,✅,0.6799275618458919
21,12,joy,incongruent,✅,0.2115287991090268
21,12,outrage,incongruent,❌,0.8814763341835622
21,13,traffic,congruent,✅,0.9962788302328661
21,13,snowstorm,congruent,✅,0.9987806950564417
21,13,traffic,incongruent,❌,0.8851727075946314
21,13,snowstorm,incongruent,❌,0.8228757454371262
21,14,laughter,congruent,✅,0.9587292425844424
21,14,frustration,congruent,✅,0.9813302234953964
21,14,laughter,incongruent,✅,0.4045589469829321
21,14,frustration,incongruent,✅,0.4192862143558707
21,15,calculator,congruent,✅,0.8523095645285732
21,15,instrument,congruent,✅,0.9609473970431138
21,15,calculator,incongruent,✅,0.00941085353159924
21,15,instrument,incongruent,✅,0.07572223463937848
21,16,orchestra,congruent,✅,0.9537987248311285
21,16,racers,congruent,✅,0.9103421305237425
21,16,orchestra,incongruent,✅,0.009599109541098388
21,16,racers,incongruent,✅,0.007423453534677468
21,17,retirement,congruent,✅,0.8696612366906813
21,17,playdate,congruent,✅,0.9808973195084583
21,17,retirement,incongruent,✅,0.38526458156253884
21,17,playdate,incongruent,✅,0.007532918980176871
21,18,relieved,congruent,❌,0.4746746289325714
21,18,depressed,congruent,❌,0.31811485138561685
21,18,relieved,incongruent,✅,0.17064302529702627
21,18,depressed,incongruent,✅,0.41607597351921366
21,19,friends,congruent,❌,0.05391179338248733
21,19,weight,congruent,✅,0.7229356653409259
21,19,friends,incongruent,✅,0.01999145425597306
21,19,weight,incongruent,✅,0.008327469798157182
21,2,overcoat,congruent,✅,0.7381560715858542
21,2,sandals,congruent,✅,0.938897498753336
21,2,overcoat,incongruent,✅,0.002800055179243734
21,2,sandals,incongruent,✅,0.004786998895442796
21,20,lipstick,congruent,✅,0.9387916805771461
21,20,song,congruent,✅,0.9873838619578627
21,20,lipstick,incongruent,✅,0.016484828916538
21,20,song,incongruent,✅,0.24414483549622493
21,21,fought,congruent,✅,0.9036133306736249
21,21,sang,congruent,✅,0.9327549849503555
21,21,fought,incongruent,✅,0.14568074278031795
21,21,sang,incongruent,✅,0.12121686794422697
21,22,skeptical,congruent,❌,0.2900083898886372
21,22,reassured,congruent,✅,0.6176612480621633
21,22,skeptical,incongruent,✅,0.41257664258217325
21,22,reassured,incongruent,✅,0.25786291483171875
21,23,graduation,congruent,✅,0.9992752135932507
21,23,operation,congruent,✅,0.9974270366986485
21,23,graduation,incongruent,✅,0.042960601969125795
21,23,operation,incongruent,✅,0.032546370521217005
21,24,bride,congruent,✅,0.9864453457826282
21,24,aftermath,congruent,✅,0.9903160228166381
21,24,bride,incongruent,✅,0.0415980027705126
21,24,aftermath,incongruent,✅,0.0038960624592222445
21,25,teacher,congruent,✅,0.907592943107923
21,25,daughter,congruent,✅,0.9175240133303965
21,25,teacher,incongruent,✅,0.18670699312686898
21,25,daughter,incongruent,✅,0.04399030017428532
21,26,roommate,congruent,✅,0.8530165680284377
21,26,grandma,congruent,✅,0.9913250359646778
21,26,roommate,incongruent,✅,0.02426064061815878
21,26,grandma,incongruent,✅,0.034321827408707754
21,27,brother,congruent,✅,0.8125814840609391
21,27,mother,congruent,✅,0.7713483040214761
21,27,brother,incongruent,✅,0.47057117005721083
21,27,mother,incongruent,✅,0.14435412484580945
21,28,preschool,congruent,✅,0.836132906856114
21,28,prison,congruent,✅,0.9204692184642125
21,28,preschool,incongruent,✅,0.0008469981349319211
21,28,prison,incongruent,✅,0.0032159808375600103
21,29,hopeful,congruent,✅,0.7012367529755479
21,29,hopeless,congruent,✅,0.8469184914440658
21,29,hopeful,incongruent,✅,0.3460608165026419
21,29,hopeless,incongruent,✅,0.2723200274869187
21,3,marathon,congruent,✅,0.9733874919248798
21,3,exam,congruent,✅,0.9097716962376745
21,3,marathon,incongruent,✅,0.011075918669671213
21,3,exam,incongruent,✅,0.02084033903193671
21,30,appalled,congruent,✅,0.8534547526327018
21,30,overjoyed,congruent,✅,0.8019451605855233
21,30,appalled,incongruent,✅,0.11005549671840498
21,30,overjoyed,incongruent,❌,0.5928440942592298
21,31,reprimand,congruent,✅,0.60982676227342
21,31,encouragement,congruent,✅,0.7423779040070624
21,31,reprimand,incongruent,✅,0.04109608633759284
21,31,encouragement,incongruent,✅,0.2030821153622632
21,32,angrily,congruent,✅,0.8960278076754572
21,32,cordially,congruent,❌,0.44410006249266676
21,32,angrily,incongruent,✅,0.021050609689680935
21,32,cordially,incongruent,✅,0.020858958893409146
21,33,accusatory,congruent,✅,0.9221853244759254
21,33,flirtatious,congruent,✅,0.7777391301993319
21,33,accusatory,incongruent,✅,0.3308125931219286
21,33,flirtatious,incongruent,✅,0.3879687412287862
21,34,disapprovingly,congruent,✅,0.9550474582499695
21,34,lovingly,congruent,✅,0.8103679088674774
21,34,disapprovingly,incongruent,✅,0.3444348597120607
21,34,lovingly,incongruent,✅,0.32233855377362786
21,35,playful,congruent,✅,0.5462123808640864
21,35,distant,congruent,✅,0.9621540909279882
21,35,playful,incongruent,❌,0.9019678766729884
21,35,distant,incongruent,✅,0.10432034006347009
21,36,headphones,congruent,✅,0.8068575232462736
21,36,mangoes,congruent,✅,0.9652352803308711
21,36,headphones,incongruent,✅,0.006491865285602727
21,36,mangoes,incongruent,✅,0.002848596290859258
21,37,playroom,congruent,✅,0.9931504171412434
21,37,park,congruent,✅,0.9769388028612717
21,37,playroom,incongruent,✅,0.009622621682850245
21,37,park,incongruent,✅,0.4415551563623431
21,38,bedroom,congruent,✅,0.9905637732646309
21,38,backyard,congruent,✅,0.9922638064901199
21,38,bedroom,incongruent,✅,0.013550105473678947
21,38,backyard,incongruent,✅,0.0030707799020689187
21,39,solemnly,congruent,✅,0.7326901971351801
21,39,excitedly,congruent,✅,0.9482581316517632
21,39,solemnly,incongruent,❌,0.8278806954322204
21,39,excitedly,incongruent,✅,0.29217807875637763
21,4,menu,congruent,✅,0.9147135561673327
21,4,prescription,congruent,✅,0.9966937009333929
21,4,menu,incongruent,✅,0.0684543098176493
21,4,prescription,incongruent,✅,0.020228947297235657
21,40,car,congruent,❌,0.40695728847183094
21,40,sock,congruent,❌,0.10558223181165309
21,40,car,incongruent,✅,0.06710727540063084
21,40,sock,incongruent,✅,0.018633004921480758
21,41,overdressed,congruent,✅,0.752055802870952
21,41,naked,congruent,✅,0.8331618430812737
21,41,overdressed,incongruent,✅,0.05359352550366109
21,41,naked,incongruent,✅,0.15778732232414913
21,42,shy,congruent,✅,0.9148493959119437
21,42,lively,congruent,✅,0.9838220218588267
21,42,shy,incongruent,❌,0.6835522995089317
21,42,lively,incongruent,❌,0.9157533931101542
21,43,offended,congruent,✅,0.7737246451084007
21,43,flattered,congruent,✅,0.898119058910705
21,43,offended,incongruent,✅,0.1148432158409657
21,43,flattered,incongruent,✅,0.34797804979611785
21,44,grandkid,congruent,✅,0.6694268106478062
21,44,cellmate,congruent,✅,0.9785010941693301
21,44,grandkid,incongruent,✅,0.007559949040296196
21,44,cellmate,incongruent,✅,0.01239586057903664
21,45,promoted,congruent,✅,0.9685378836698533
21,45,fired,congruent,✅,0.9329383544635926
21,45,promoted,incongruent,❌,0.8148324620335294
21,45,fired,incongruent,❌,0.8037915929517649
21,46,shooting,congruent,❌,0.04562581147336391
21,46,celebration,congruent,✅,0.7825448643574907
21,46,shooting,incongruent,✅,0.005593499176486009
21,46,celebration,incongruent,✅,0.03545626339081776
21,47,crayon,congruent,✅,0.8078403542862546
21,47,beer,congruent,✅,0.9945138300219376
21,47,crayon,incongruent,✅,0.003596604932141049
21,47,beer,incongruent,✅,0.0007862727918342092
21,48,waiter,congruent,✅,0.873761832435143
21,48,taxi,congruent,✅,0.76437599181807
21,48,waiter,incongruent,✅,0.07197798532324455
21,48,taxi,incongruent,✅,0.20005144825113844
21,49,parents,congruent,✅,0.748273164263431
21,49,keys,congruent,✅,0.9821448174224042
21,49,parents,incongruent,✅,0.28683063857363256
21,49,keys,incongruent,✅,0.0901272125208176
21,5,distress,congruent,✅,0.9757120078859648
21,5,tranquility,congruent,✅,0.9658309697089447
21,5,distress,incongruent,✅,0.026773604535051936
21,5,tranquility,incongruent,✅,0.45580527391555953
21,50,sofa,congruent,✅,0.9973867793005246
21,50,sky,congruent,✅,0.9506616909806033
21,50,sofa,incongruent,❌,0.5273009239665708
21,50,sky,incongruent,❌,0.5446562786026117
21,51,obesity,congruent,✅,0.7136030656463598
21,51,homework,congruent,✅,0.9447022055933038
21,51,obesity,incongruent,✅,0.0038293578008086054
21,51,homework,incongruent,✅,0.18989324123075357
21,52,quiz,congruent,✅,0.8804552076738729
21,52,commute,congruent,✅,0.9924973922138357
21,52,quiz,incongruent,✅,0.1259131120248359
21,52,commute,incongruent,✅,0.015864352079932278
21,53,migraine,congruent,✅,0.9988735002789938
21,53,excitement,congruent,❌,0.4578912392836776
21,53,migraine,incongruent,✅,0.0019025695488862583
21,53,excitement,incongruent,✅,0.15867442326465775
21,54,niece,congruent,✅,0.987896290504998
21,54,husband,congruent,✅,0.8434607908223035
21,54,niece,incongruent,❌,0.5557566149495103
21,54,husband,incongruent,❌,0.6417921163212398
21,55,film,congruent,✅,0.978344303848468
21,55,sunrise,congruent,✅,0.9840090105676661
21,55,film,incongruent,✅,0.005123827017383619
21,55,sunrise,incongruent,✅,0.0986809339020335
21,56,lecture,congruent,✅,0.9978116894437196
21,56,banquet,congruent,✅,0.9235657769902813
21,56,lecture,incongruent,✅,0.001280633252838792
21,56,banquet,incongruent,✅,0.008653894871578926
21,57,drink,congruent,✅,0.9978584511228283
21,57,textbook,congruent,✅,0.9787518497014177
21,57,drink,incongruent,✅,0.011366463667545009
21,57,textbook,incongruent,✅,0.09393873142832752
21,58,pool,congruent,✅,0.9984901027503733
21,58,snow,congruent,❌,0.095271903238297
21,58,pool,incongruent,✅,0.0005321200597388754
21,58,snow,incongruent,✅,0.007398606698591018
21,59,passport,congruent,✅,0.9861012917723931
21,59,plushy,congruent,✅,0.9860591229042557
21,59,passport,incongruent,✅,0.005584439413332509
21,59,plushy,incongruent,✅,0.10005145730722509
21,6,patients,congruent,✅,0.997636579788981
21,6,students,congruent,✅,0.9941331607825634
21,6,patients,incongruent,✅,0.005293751481952322
21,6,students,incongruent,✅,0.0011882646644848257
21,60,sister,congruent,✅,0.5667097261827329
21,60,father,congruent,✅,0.9420069751473554
21,60,sister,incongruent,✅,0.1899668440913015
21,60,father,incongruent,✅,0.2975232584456734
21,61,game,congruent,✅,0.9985197697007149
21,61,sunset,congruent,✅,0.971740074215476
21,61,game,incongruent,✅,0.13890542324280147
21,61,sunset,incongruent,✅,0.08649428690400016
21,62,holidays,congruent,✅,0.9802476412443424
21,62,funeral,congruent,✅,0.9562153011684619
21,62,holidays,incongruent,✅,0.051770861362691406
21,62,funeral,incongruent,❌,0.6415743218289589
21,63,grades,congruent,✅,0.591787822545193
21,63,affair,congruent,✅,0.7087763953204398
21,63,grades,incongruent,✅,0.019557171792224604
21,63,affair,incongruent,✅,0.05858183476612936
21,64,arrest,congruent,✅,0.9314378874610354
21,64,stroke,congruent,❌,0.22470092299254069
21,64,arrest,incongruent,✅,0.060549335195409136
21,64,stroke,incongruent,✅,0.2520691893572715
21,65,pacifier,congruent,✅,0.9408771234491831
21,65,coffee,congruent,✅,0.9956686849576418
21,65,pacifier,incongruent,✅,0.01499598086742686
21,65,coffee,incongruent,✅,0.021636244196927203
21,66,sweets,congruent,✅,0.992309257839585
21,66,sentencing,congruent,✅,0.9092046672245712
21,66,sweets,incongruent,✅,0.002786838618831964
21,66,sentencing,incongruent,✅,0.005726354023370201
21,67,nap,congruent,✅,0.9315161213056877
21,67,selfie,congruent,✅,0.9757387571637156
21,67,nap,incongruent,✅,0.004371294499796645
21,67,selfie,incongruent,✅,0.000697770771448125
21,68,diaper,congruent,✅,0.9756175098718931
21,68,tire,congruent,✅,0.9925617381127826
21,68,diaper,incongruent,✅,0.0008179053550685565
21,68,tire,incongruent,✅,0.0018711497218331303
21,69,chemotherapy,congruent,✅,0.9608814861983547
21,69,golf,congruent,✅,0.9984387386495467
21,69,chemotherapy,incongruent,✅,0.005524888125989608
21,69,golf,incongruent,✅,0.10175233627489447
21,7,consensus,congruent,✅,0.7316962198378276
21,7,deadlock,congruent,❌,0.4677673708658366
21,7,consensus,incongruent,✅,0.08548093506194139
21,7,deadlock,incongruent,❌,0.756362736411124
21,70,thunder,congruent,✅,0.9967994774566653
21,70,lullaby,congruent,✅,0.9077513892687987
21,70,thunder,incongruent,✅,0.0357421410954412
21,70,lullaby,incongruent,✅,0.031231500526486218
21,71,pajamas,congruent,✅,0.9902265686906001
21,71,uniform,congruent,✅,0.9953587158085557
21,71,pajamas,incongruent,✅,0.21490055365481084
21,71,uniform,incongruent,✅,0.009254499884914084
21,72,gown,congruent,✅,0.99797822423421
21,72,sweats,congruent,✅,0.9638736927121548
21,72,gown,incongruent,✅,0.009002782631126336
21,72,sweats,incongruent,✅,0.09286718979222745
21,73,deadline,congruent,✅,0.5582670982900638
21,73,bed,congruent,✅,0.9909507485482862
21,73,deadline,incongruent,✅,0.0142287364130673
21,73,bed,incongruent,✅,0.044855883894072884
21,74,kindergarten,congruent,✅,0.8971110942724572
21,74,jail,congruent,✅,0.9885417847720875
21,74,kindergarten,incongruent,✅,0.057496502717937936
21,74,jail,incongruent,✅,0.09556032947795474
21,75,interrogated,congruent,✅,0.9603130526740978
21,75,tickled,congruent,✅,0.6902054980092237
21,75,interrogated,incongruent,✅,0.0060013620862643235
21,75,tickled,incongruent,✅,0.005365464718673904
21,76,sandcastle,congruent,✅,0.9997139673870269
21,76,snowman,congruent,✅,0.9991084162307579
21,76,sandcastle,incongruent,❌,0.6035970181765862
21,76,snowman,incongruent,❌,0.9591344198642968
21,77,music,congruent,✅,0.9970538004808858
21,77,pizza,congruent,✅,0.9981865896290486
21,77,music,incongruent,✅,0.0018105245581639033
21,77,pizza,incongruent,✅,0.0027751682829581367
21,78,playoffs,congruent,✅,0.9841070797515983
21,78,cartoon,congruent,✅,0.9977278778506822
21,78,playoffs,incongruent,✅,0.010850640040727536
21,78,cartoon,incongruent,✅,0.06557716497899754
21,79,alcoholism,congruent,✅,0.9094252894260038
21,79,academics,congruent,✅,0.9877005732368355
21,79,alcoholism,incongruent,✅,0.36772185589346845
21,79,academics,incongruent,✅,0.02856625726647959
21,8,engagement,congruent,✅,0.7826477618882534
21,8,cancer,congruent,✅,0.810320437544071
21,8,engagement,incongruent,✅,0.3052162572827908
21,8,cancer,incongruent,❌,0.7189565321720732
21,9,terminal,congruent,✅,0.9915650850431441
21,9,classroom,congruent,✅,0.9482326456152574
21,9,terminal,incongruent,✅,0.0022796007331038993
21,9,classroom,incongruent,✅,0.03245364993353928
22,0,library,congruent,✅,0.9733327694551759
22,0,refrigerator,congruent,✅,0.5140690824942573
22,0,library,incongruent,✅,0.02783811697853466
22,0,refrigerator,incongruent,✅,0.003297546487377756
22,1,disappointment,congruent,✅,0.5056332798948143
22,1,delight,congruent,❌,0.1837746072154924
22,1,disappointment,incongruent,✅,0.011983826274371496
22,1,delight,incongruent,✅,0.3157371807623011
22,10,cash,congruent,✅,0.9895767327032164
22,10,groceries,congruent,✅,0.9726035093478893
22,10,cash,incongruent,✅,0.22940281451082595
22,10,groceries,incongruent,✅,0.11857462390691458
22,11,lonely,congruent,✅,0.9140005893724664
22,11,confident,congruent,✅,0.7205967207688051
22,11,lonely,incongruent,✅,0.08408820440971242
22,11,confident,incongruent,✅,0.156372491463488
22,12,joy,congruent,✅,0.998780412145705
22,12,outrage,congruent,✅,0.6569930262250746
22,12,joy,incongruent,✅,0.20054238141383537
22,12,outrage,incongruent,❌,0.9005462525337888
22,13,traffic,congruent,✅,0.9934215363751103
22,13,snowstorm,congruent,✅,0.9985135895152237
22,13,traffic,incongruent,❌,0.9201305832302342
22,13,snowstorm,incongruent,❌,0.804229620154773
22,14,laughter,congruent,✅,0.9487603058429512
22,14,frustration,congruent,✅,0.9705169552520545
22,14,laughter,incongruent,✅,0.32365312358415804
22,14,frustration,incongruent,✅,0.4746333009209868
22,15,calculator,congruent,✅,0.7417917841320575
22,15,instrument,congruent,✅,0.9629515553161229
22,15,calculator,incongruent,✅,0.016828871465185764
22,15,instrument,incongruent,✅,0.04389316604914856
22,16,orchestra,congruent,✅,0.954051599255077
22,16,racers,congruent,✅,0.9034709455693567
22,16,orchestra,incongruent,✅,0.0224705546407369
22,16,racers,incongruent,✅,0.014137983892844784
22,17,retirement,congruent,✅,0.8667704521940208
22,17,playdate,congruent,✅,0.9409392503404475
22,17,retirement,incongruent,✅,0.1944899983366323
22,17,playdate,incongruent,✅,0.015315058967703077
22,18,relieved,congruent,✅,0.5287906908140177
22,18,depressed,congruent,❌,0.4190650401353431
22,18,relieved,incongruent,✅,0.23285594139200425
22,18,depressed,incongruent,❌,0.5043810200052535
22,19,friends,congruent,❌,0.08132487679825333
22,19,weight,congruent,✅,0.7779356981376828
22,19,friends,incongruent,✅,0.024717905164655593
22,19,weight,incongruent,✅,0.009247329600491858
22,2,overcoat,congruent,✅,0.828310029803869
22,2,sandals,congruent,✅,0.9452418223576393
22,2,overcoat,incongruent,✅,0.022840305229231705
22,2,sandals,incongruent,✅,0.013712450756928774
22,20,lipstick,congruent,✅,0.9329226375691523
22,20,song,congruent,✅,0.9842767910925146
22,20,lipstick,incongruent,✅,0.015120412294134336
22,20,song,incongruent,✅,0.2842003571953951
22,21,fought,congruent,✅,0.8882247502817987
22,21,sang,congruent,✅,0.9692672425500878
22,21,fought,incongruent,✅,0.26541350120896473
22,21,sang,incongruent,✅,0.1472274206694372
22,22,skeptical,congruent,❌,0.33920613133403743
22,22,reassured,congruent,✅,0.6293487893360914
22,22,skeptical,incongruent,✅,0.4578648394829516
22,22,reassured,incongruent,✅,0.3044930404167704
22,23,graduation,congruent,✅,0.9993543636836609
22,23,operation,congruent,✅,0.9957660992742065
22,23,graduation,incongruent,✅,0.03723809803471921
22,23,operation,incongruent,✅,0.05822725089845455
22,24,bride,congruent,✅,0.9768461477080833
22,24,aftermath,congruent,✅,0.9837317060942705
22,24,bride,incongruent,✅,0.03605228120400361
22,24,aftermath,incongruent,✅,0.0035115861548942057
22,25,teacher,congruent,✅,0.8904028779633901
22,25,daughter,congruent,✅,0.875082615287699
22,25,teacher,incongruent,✅,0.12553041653641522
22,25,daughter,incongruent,✅,0.037521530781893714
22,26,roommate,congruent,✅,0.8851811211534084
22,26,grandma,congruent,✅,0.9905138141493717
22,26,roommate,incongruent,✅,0.03339317757470249
22,26,grandma,incongruent,✅,0.04007509845423125
22,27,brother,congruent,✅,0.8072904628132587
22,27,mother,congruent,✅,0.7576776676545864
22,27,brother,incongruent,✅,0.47036326099778136
22,27,mother,incongruent,✅,0.15965772643076934
22,28,preschool,congruent,✅,0.7029708819406383
22,28,prison,congruent,✅,0.948437777270148
22,28,preschool,incongruent,✅,0.0004890105054537649
22,28,prison,incongruent,✅,0.003278257028973856
22,29,hopeful,congruent,✅,0.8151334916888625
22,29,hopeless,congruent,✅,0.8651632786435707
22,29,hopeful,incongruent,✅,0.472967848041698
22,29,hopeless,incongruent,✅,0.49037347808609
22,3,marathon,congruent,✅,0.9787868104619032
22,3,exam,congruent,✅,0.901132524223118
22,3,marathon,incongruent,✅,0.010794622688060243
22,3,exam,incongruent,✅,0.05080238789214205
22,30,appalled,congruent,✅,0.7419812935456486
22,30,overjoyed,congruent,✅,0.7133122816342989
22,30,appalled,incongruent,✅,0.08946979812243884
22,30,overjoyed,incongruent,✅,0.444791772191628
22,31,reprimand,congruent,✅,0.7487147152110692
22,31,encouragement,congruent,✅,0.7554406790787376
22,31,reprimand,incongruent,✅,0.05845600857993268
22,31,encouragement,incongruent,✅,0.4064751095006875
22,32,angrily,congruent,✅,0.8984404246914671
22,32,cordially,congruent,✅,0.5532846553074867
22,32,angrily,incongruent,✅,0.04426691733716676
22,32,cordially,incongruent,✅,0.02198411706128478
22,33,accusatory,congruent,✅,0.9346787660985216
22,33,flirtatious,congruent,✅,0.8574613031807735
22,33,accusatory,incongruent,✅,0.4941123609014035
22,33,flirtatious,incongruent,✅,0.4111436867570826
22,34,disapprovingly,congruent,✅,0.8608264592862811
22,34,lovingly,congruent,✅,0.727686036949503
22,34,disapprovingly,incongruent,✅,0.2768711512673339
22,34,lovingly,incongruent,✅,0.17019162550046757
22,35,playful,congruent,✅,0.593830320667281
22,35,distant,congruent,✅,0.9372778347748043
22,35,playful,incongruent,❌,0.839520251781068
22,35,distant,incongruent,✅,0.1339135712615945
22,36,headphones,congruent,✅,0.8242743004440709
22,36,mangoes,congruent,✅,0.8461913442718296
22,36,headphones,incongruent,✅,0.0016828089955792085
22,36,mangoes,incongruent,✅,0.0036785004934547063
22,37,playroom,congruent,✅,0.9919603126906369
22,37,park,congruent,✅,0.9681248367106307
22,37,playroom,incongruent,✅,0.00909215887322499
22,37,park,incongruent,❌,0.5237211568115473
22,38,bedroom,congruent,✅,0.9893300855896784
22,38,backyard,congruent,✅,0.9837696415342394
22,38,bedroom,incongruent,✅,0.011291194044172483
22,38,backyard,incongruent,✅,0.00655935733412109
22,39,solemnly,congruent,✅,0.6297644047529345
22,39,excitedly,congruent,✅,0.9128993443994965
22,39,solemnly,incongruent,❌,0.7226931064722063
22,39,excitedly,incongruent,✅,0.22585716009634785
22,4,menu,congruent,✅,0.9635846247669284
22,4,prescription,congruent,✅,0.9976013770252598
22,4,menu,incongruent,✅,0.12367673007309686
22,4,prescription,incongruent,✅,0.03459168508509456
22,40,car,congruent,✅,0.502191776033765
22,40,sock,congruent,❌,0.044899306027739054
22,40,car,incongruent,✅,0.03205503553954631
22,40,sock,incongruent,✅,0.03270688038878937
22,41,overdressed,congruent,✅,0.730512992726447
22,41,naked,congruent,✅,0.782287154964151
22,41,overdressed,incongruent,✅,0.04175099433603618
22,41,naked,incongruent,✅,0.2165899618477324
22,42,shy,congruent,✅,0.9007970400685118
22,42,lively,congruent,✅,0.9652931160609528
22,42,shy,incongruent,❌,0.568037125943575
22,42,lively,incongruent,❌,0.9071871910653674
22,43,offended,congruent,✅,0.6522898883218211
22,43,flattered,congruent,✅,0.7588536627069818
22,43,offended,incongruent,✅,0.06771732610573451
22,43,flattered,incongruent,✅,0.27667683814773486
22,44,grandkid,congruent,✅,0.6281391183107158
22,44,cellmate,congruent,✅,0.9774006451816778
22,44,grandkid,incongruent,✅,0.01090770525433234
22,44,cellmate,incongruent,✅,0.011174474583410985
22,45,promoted,congruent,✅,0.9613657532756777
22,45,fired,congruent,✅,0.948630459350365
22,45,promoted,incongruent,❌,0.853191772289824
22,45,fired,incongruent,❌,0.8154584882314804
22,46,shooting,congruent,❌,0.06218710026288568
22,46,celebration,congruent,✅,0.629906644177324
22,46,shooting,incongruent,✅,0.0044755143428781225
22,46,celebration,incongruent,✅,0.04123541168013592
22,47,crayon,congruent,✅,0.7833190460850994
22,47,beer,congruent,✅,0.9962220258666029
22,47,crayon,incongruent,✅,0.004500738641951264
22,47,beer,incongruent,✅,0.0009115247329369928
22,48,waiter,congruent,✅,0.8605667207442352
22,48,taxi,congruent,✅,0.8470979109516064
22,48,waiter,incongruent,✅,0.16075661871940453
22,48,taxi,incongruent,✅,0.21923027336724313
22,49,parents,congruent,✅,0.724017008149555
22,49,keys,congruent,✅,0.986862708306577
22,49,parents,incongruent,✅,0.3076534647720071
22,49,keys,incongruent,✅,0.13096932698748956
22,5,distress,congruent,✅,0.9871630809042207
22,5,tranquility,congruent,✅,0.9185508917690695
22,5,distress,incongruent,✅,0.023550585474375163
22,5,tranquility,incongruent,❌,0.5994890898552393
22,50,sofa,congruent,✅,0.9977505755904306
22,50,sky,congruent,✅,0.9652934667334845
22,50,sofa,incongruent,❌,0.5572200826294778
22,50,sky,incongruent,❌,0.5356230117513515
22,51,obesity,congruent,✅,0.5436004040085599
22,51,homework,congruent,✅,0.9419221087062678
22,51,obesity,incongruent,✅,0.006450758597381114
22,51,homework,incongruent,✅,0.13959422952529493
22,52,quiz,congruent,✅,0.9114991696405936
22,52,commute,congruent,✅,0.9916943532833906
22,52,quiz,incongruent,✅,0.10174244184073823
22,52,commute,incongruent,✅,0.02331245789234023
22,53,migraine,congruent,✅,0.998239408591816
22,53,excitement,congruent,✅,0.5532286986076363
22,53,migraine,incongruent,✅,0.0032883063298254586
22,53,excitement,incongruent,✅,0.1973823354373581
22,54,niece,congruent,✅,0.9886731831850848
22,54,husband,congruent,✅,0.7978091892183958
22,54,niece,incongruent,❌,0.5059198137716012
22,54,husband,incongruent,❌,0.7061998973661663
22,55,film,congruent,✅,0.980672036214661
22,55,sunrise,congruent,✅,0.9494225282066715
22,55,film,incongruent,✅,0.002687900287604127
22,55,sunrise,incongruent,✅,0.13332557235930825
22,56,lecture,congruent,✅,0.9959901335379058
22,56,banquet,congruent,✅,0.9243858802654445
22,56,lecture,incongruent,✅,0.001362763558134525
22,56,banquet,incongruent,✅,0.005033964554272258
22,57,drink,congruent,✅,0.9976676120578101
22,57,textbook,congruent,✅,0.9669337215549099
22,57,drink,incongruent,✅,0.011971655240687638
22,57,textbook,incongruent,✅,0.10072141115549987
22,58,pool,congruent,✅,0.9972998491154657
22,58,snow,congruent,❌,0.15712360841479056
22,58,pool,incongruent,✅,0.0008266189317424219
22,58,snow,incongruent,✅,0.012505558900174471
22,59,passport,congruent,✅,0.9885213791647329
22,59,plushy,congruent,✅,0.9913148533886642
22,59,passport,incongruent,✅,0.017083852158404026
22,59,plushy,incongruent,✅,0.12940632429675614
22,6,patients,congruent,✅,0.9969077876906929
22,6,students,congruent,✅,0.9949334648700608
22,6,patients,incongruent,✅,0.02078826815737257
22,6,students,incongruent,✅,0.0028247367406466725
22,60,sister,congruent,✅,0.5002072771038254
22,60,father,congruent,✅,0.9231886405444318
22,60,sister,incongruent,✅,0.1547247485491874
22,60,father,incongruent,✅,0.3029686790605942
22,61,game,congruent,✅,0.9968788330624094
22,61,sunset,congruent,✅,0.8705265455138725
22,61,game,incongruent,✅,0.06048571259234525
22,61,sunset,incongruent,✅,0.08093938486681537
22,62,holidays,congruent,✅,0.9722025415068378
22,62,funeral,congruent,✅,0.9589451336480204
22,62,holidays,incongruent,✅,0.06208844735864136
22,62,funeral,incongruent,❌,0.5801983533981032
22,63,grades,congruent,✅,0.6337511625174232
22,63,affair,congruent,✅,0.8115693677159352
22,63,grades,incongruent,✅,0.03239903338534969
22,63,affair,incongruent,✅,0.08034910032316499
22,64,arrest,congruent,✅,0.8764074019146785
22,64,stroke,congruent,❌,0.2274429916360168
22,64,arrest,incongruent,✅,0.05373078119872458
22,64,stroke,incongruent,✅,0.15037725646184258
22,65,pacifier,congruent,✅,0.9064152682748241
22,65,coffee,congruent,✅,0.992792968667736
22,65,pacifier,incongruent,✅,0.016673338721558555
22,65,coffee,incongruent,✅,0.020213389536473513
22,66,sweets,congruent,✅,0.98921816422539
22,66,sentencing,congruent,✅,0.89042385953057
22,66,sweets,incongruent,✅,0.0025227362842451945
22,66,sentencing,incongruent,✅,0.008984595807180485
22,67,nap,congruent,✅,0.9499163829760882
22,67,selfie,congruent,✅,0.9795546660819321
22,67,nap,incongruent,✅,0.011072719960134108
22,67,selfie,incongruent,✅,0.0019929253278628428
22,68,diaper,congruent,✅,0.9813710147768019
22,68,tire,congruent,✅,0.9960718846359503
22,68,diaper,incongruent,✅,0.0013565175852031264
22,68,tire,incongruent,✅,0.003945594754898449
22,69,chemotherapy,congruent,✅,0.9281417760027045
22,69,golf,congruent,✅,0.9947715257172761
22,69,chemotherapy,incongruent,✅,0.0034316293384386736
22,69,golf,incongruent,✅,0.12479548556021204
22,7,consensus,congruent,✅,0.8444833871004723
22,7,deadlock,congruent,✅,0.6351099166256342
22,7,consensus,incongruent,✅,0.18350873411751853
22,7,deadlock,incongruent,❌,0.8507147811177074
22,70,thunder,congruent,✅,0.9954420704803624
22,70,lullaby,congruent,✅,0.9187050886724174
22,70,thunder,incongruent,✅,0.04555417624104295
22,70,lullaby,incongruent,✅,0.042713122192556456
22,71,pajamas,congruent,✅,0.9912377664121189
22,71,uniform,congruent,✅,0.993435209258265
22,71,pajamas,incongruent,✅,0.24371624685493012
22,71,uniform,incongruent,✅,0.03692745073913941
22,72,gown,congruent,✅,0.9955682788083784
22,72,sweats,congruent,✅,0.9419271508165296
22,72,gown,incongruent,✅,0.009105060797580474
22,72,sweats,incongruent,✅,0.05543247810100482
22,73,deadline,congruent,✅,0.5232253826887283
22,73,bed,congruent,✅,0.992519453278894
22,73,deadline,incongruent,✅,0.026884046773032785
22,73,bed,incongruent,✅,0.04189108532012006
22,74,kindergarten,congruent,✅,0.9237750706229257
22,74,jail,congruent,✅,0.984919112942397
22,74,kindergarten,incongruent,✅,0.05094877920329758
22,74,jail,incongruent,✅,0.16056441371575725
22,75,interrogated,congruent,✅,0.9477706855974796
22,75,tickled,congruent,✅,0.9034586975683128
22,75,interrogated,incongruent,✅,0.016951788098736896
22,75,tickled,incongruent,✅,0.002997579165449347
22,76,sandcastle,congruent,✅,0.9987085012933773
22,76,snowman,congruent,✅,0.9979448473354026
22,76,sandcastle,incongruent,❌,0.5917317986076165
22,76,snowman,incongruent,❌,0.936679273415698
22,77,music,congruent,✅,0.9977355860992917
22,77,pizza,congruent,✅,0.9979677331660901
22,77,music,incongruent,✅,0.004533785402141722
22,77,pizza,incongruent,✅,0.005789945614977588
22,78,playoffs,congruent,✅,0.9620152876661343
22,78,cartoon,congruent,✅,0.992337408609562
22,78,playoffs,incongruent,✅,0.008059999305732275
22,78,cartoon,incongruent,✅,0.06412375404194358
22,79,alcoholism,congruent,✅,0.8848128268933331
22,79,academics,congruent,✅,0.9737854087460758
22,79,alcoholism,incongruent,✅,0.27526421860595585
22,79,academics,incongruent,✅,0.0421970833777062
22,8,engagement,congruent,✅,0.8120986569238371
22,8,cancer,congruent,✅,0.7161261503019706
22,8,engagement,incongruent,✅,0.1992353622486123
22,8,cancer,incongruent,❌,0.7340843596000062
22,9,terminal,congruent,✅,0.9937140325234523
22,9,classroom,congruent,✅,0.9557837213389012
22,9,terminal,incongruent,✅,0.0036066911215587587
22,9,classroom,incongruent,✅,0.033395030086628655
23,0,library,congruent,✅,0.9642306099936463
23,0,refrigerator,congruent,✅,0.7628703642237482
23,0,library,incongruent,✅,0.038156405471380855
23,0,refrigerator,incongruent,✅,0.002510180350441578
23,1,disappointment,congruent,✅,0.5292170840969552
23,1,delight,congruent,❌,0.09568678098201176
23,1,disappointment,incongruent,✅,0.006573751581445743
23,1,delight,incongruent,✅,0.325148398219753
23,10,cash,congruent,✅,0.9857445415552413
23,10,groceries,congruent,✅,0.9573355557589702
23,10,cash,incongruent,✅,0.15402453855041964
23,10,groceries,incongruent,✅,0.13863351700712612
23,11,lonely,congruent,✅,0.9089906853813191
23,11,confident,congruent,✅,0.684903011198324
23,11,lonely,incongruent,✅,0.12066700339092379
23,11,confident,incongruent,✅,0.1726452526278666
23,12,joy,congruent,✅,0.9983320936293469
23,12,outrage,congruent,✅,0.759813598781806
23,12,joy,incongruent,✅,0.24085236979507332
23,12,outrage,incongruent,❌,0.9164287887320577
23,13,traffic,congruent,✅,0.9828314585569475
23,13,snowstorm,congruent,✅,0.9978223519898398
23,13,traffic,incongruent,❌,0.908574507588767
23,13,snowstorm,incongruent,❌,0.6553952061186736
23,14,laughter,congruent,✅,0.8912679495112233
23,14,frustration,congruent,✅,0.9652599355556502
23,14,laughter,incongruent,✅,0.30449838774300647
23,14,frustration,incongruent,✅,0.3473690017868619
23,15,calculator,congruent,✅,0.7291679829092481
23,15,instrument,congruent,✅,0.941458076774042
23,15,calculator,incongruent,✅,0.0227692378742528
23,15,instrument,incongruent,✅,0.03755148143380405
23,16,orchestra,congruent,✅,0.9534481234014848
23,16,racers,congruent,✅,0.9034537764608217
23,16,orchestra,incongruent,✅,0.02686673930550612
23,16,racers,incongruent,✅,0.024836122976769227
23,17,retirement,congruent,✅,0.8301696831023813
23,17,playdate,congruent,✅,0.9364867768143947
23,17,retirement,incongruent,✅,0.09493811657576685
23,17,playdate,incongruent,✅,0.02068990162425331
23,18,relieved,congruent,❌,0.4434250205521974
23,18,depressed,congruent,❌,0.3855458907586594
23,18,relieved,incongruent,✅,0.20742893304261847
23,18,depressed,incongruent,✅,0.4602911740904205
23,19,friends,congruent,❌,0.10862856204164044
23,19,weight,congruent,✅,0.6052009738520263
23,19,friends,incongruent,✅,0.017329958546994213
23,19,weight,incongruent,✅,0.014386910943198468
23,2,overcoat,congruent,✅,0.8013075682108629
23,2,sandals,congruent,✅,0.9162694033878241
23,2,overcoat,incongruent,✅,0.031185664855238788
23,2,sandals,incongruent,✅,0.014958075260613282
23,20,lipstick,congruent,✅,0.9491764872665078
23,20,song,congruent,✅,0.9678650391408895
23,20,lipstick,incongruent,✅,0.01631896208994718
23,20,song,incongruent,✅,0.3856513236452732
23,21,fought,congruent,✅,0.7126941970614844
23,21,sang,congruent,✅,0.93040437921171
23,21,fought,incongruent,✅,0.1379724648289913
23,21,sang,incongruent,✅,0.08355405353774095
23,22,skeptical,congruent,❌,0.23147773989754636
23,22,reassured,congruent,❌,0.42069938145770447
23,22,skeptical,incongruent,✅,0.2782908170799114
23,22,reassured,incongruent,✅,0.21670887237092978
23,23,graduation,congruent,✅,0.9988615486666305
23,23,operation,congruent,✅,0.9947583412660289
23,23,graduation,incongruent,✅,0.030083590914791236
23,23,operation,incongruent,✅,0.055764417757888485
23,24,bride,congruent,✅,0.9775820291496904
23,24,aftermath,congruent,✅,0.9885091990736996
23,24,bride,incongruent,✅,0.043617128882666494
23,24,aftermath,incongruent,✅,0.004458239748713309
23,25,teacher,congruent,✅,0.939255182197916
23,25,daughter,congruent,✅,0.908374305085966
23,25,teacher,incongruent,✅,0.23391323510780773
23,25,daughter,incongruent,✅,0.06845751472268703
23,26,roommate,congruent,✅,0.8038098143351434
23,26,grandma,congruent,✅,0.9817978426692536
23,26,roommate,incongruent,✅,0.03792235559963048
23,26,grandma,incongruent,✅,0.019814342219817038
23,27,brother,congruent,✅,0.7938667740157764
23,27,mother,congruent,✅,0.7314462635786166
23,27,brother,incongruent,✅,0.42647664831613585
23,27,mother,incongruent,✅,0.18474817987358438
23,28,preschool,congruent,✅,0.739254845418131
23,28,prison,congruent,✅,0.9551015669534885
23,28,preschool,incongruent,✅,0.0008190838304441109
23,28,prison,incongruent,✅,0.004320036507567199
23,29,hopeful,congruent,✅,0.9378527636703133
23,29,hopeless,congruent,✅,0.927702086487131
23,29,hopeful,incongruent,❌,0.668449377942917
23,29,hopeless,incongruent,❌,0.7690841453359833
23,3,marathon,congruent,✅,0.957054893654042
23,3,exam,congruent,✅,0.8650393248969122
23,3,marathon,incongruent,✅,0.00898821578329008
23,3,exam,incongruent,✅,0.04086590356493815
23,30,appalled,congruent,✅,0.6660938913061811
23,30,overjoyed,congruent,✅,0.6695860735920556
23,30,appalled,incongruent,✅,0.095902474330203
23,30,overjoyed,incongruent,✅,0.3569959356885731
23,31,reprimand,congruent,✅,0.7321808826558168
23,31,encouragement,congruent,✅,0.7721993220331864
23,31,reprimand,incongruent,✅,0.09982394821121507
23,31,encouragement,incongruent,✅,0.39753175729367324
23,32,angrily,congruent,✅,0.904038964899008
23,32,cordially,congruent,✅,0.6340860789917386
23,32,angrily,incongruent,✅,0.07459322384686673
23,32,cordially,incongruent,✅,0.03946807531958744
23,33,accusatory,congruent,✅,0.8845216238355321
23,33,flirtatious,congruent,✅,0.7780644413884376
23,33,accusatory,incongruent,✅,0.440960060175661
23,33,flirtatious,incongruent,✅,0.31097864848615675
23,34,disapprovingly,congruent,✅,0.8563549453921361
23,34,lovingly,congruent,✅,0.7339814309158197
23,34,disapprovingly,incongruent,✅,0.2998261332090358
23,34,lovingly,incongruent,✅,0.1847473628926627
23,35,playful,congruent,✅,0.5552415935689768
23,35,distant,congruent,✅,0.9355708432561751
23,35,playful,incongruent,❌,0.8295798742547208
23,35,distant,incongruent,✅,0.12918386729473932
23,36,headphones,congruent,✅,0.7875938076424812
23,36,mangoes,congruent,✅,0.7556939155675649
23,36,headphones,incongruent,✅,0.0015274195118020455
23,36,mangoes,incongruent,✅,0.005523791671381631
23,37,playroom,congruent,✅,0.9930695402230078
23,37,park,congruent,✅,0.9757299699346398
23,37,playroom,incongruent,✅,0.03104363462868167
23,37,park,incongruent,❌,0.6237330973171937
23,38,bedroom,congruent,✅,0.9819635445886321
23,38,backyard,congruent,✅,0.9793198811493218
23,38,bedroom,incongruent,✅,0.02059306107929166
23,38,backyard,incongruent,✅,0.006541906485759848
23,39,solemnly,congruent,✅,0.632954702123024
23,39,excitedly,congruent,✅,0.9142976765733546
23,39,solemnly,incongruent,❌,0.7054685363753922
23,39,excitedly,incongruent,✅,0.2355859062784145
23,4,menu,congruent,✅,0.9597743556947678
23,4,prescription,congruent,✅,0.9972344290069061
23,4,menu,incongruent,✅,0.16566525200815965
23,4,prescription,incongruent,✅,0.04265877332204078
23,40,car,congruent,❌,0.47977766326216625
23,40,sock,congruent,❌,0.03880456046812119
23,40,car,incongruent,✅,0.028156375797636895
23,40,sock,incongruent,✅,0.035125693016714976
23,41,overdressed,congruent,✅,0.7064322808829214
23,41,naked,congruent,✅,0.8412910984438501
23,41,overdressed,incongruent,✅,0.09253391531075443
23,41,naked,incongruent,✅,0.214861870172363
23,42,shy,congruent,✅,0.8700131850336492
23,42,lively,congruent,✅,0.9747019504826135
23,42,shy,incongruent,❌,0.7074209205774928
23,42,lively,incongruent,❌,0.8691247988607145
23,43,offended,congruent,✅,0.6481154695311921
23,43,flattered,congruent,✅,0.8665247352629784
23,43,offended,incongruent,✅,0.1770952489450668
23,43,flattered,incongruent,✅,0.29246887201881444
23,44,grandkid,congruent,✅,0.6325680889851408
23,44,cellmate,congruent,✅,0.9543801140894189
23,44,grandkid,incongruent,✅,0.006265816753084378
23,44,cellmate,incongruent,✅,0.012991003350768748
23,45,promoted,congruent,✅,0.9300183932057786
23,45,fired,congruent,✅,0.9318153767623651
23,45,promoted,incongruent,❌,0.8144607523545248
23,45,fired,incongruent,❌,0.7499928446270906
23,46,shooting,congruent,❌,0.11439872329915197
23,46,celebration,congruent,✅,0.6514372419772665
23,46,shooting,incongruent,✅,0.008384538098828
23,46,celebration,incongruent,✅,0.061073883464458405
23,47,crayon,congruent,✅,0.7130761028594249
23,47,beer,congruent,✅,0.9942107995334332
23,47,crayon,incongruent,✅,0.0017905838205464573
23,47,beer,incongruent,✅,0.001286897646996506
23,48,waiter,congruent,✅,0.7935314290976316
23,48,taxi,congruent,✅,0.8451166121149113
23,48,waiter,incongruent,✅,0.15437495675334317
23,48,taxi,incongruent,✅,0.19788489482095
23,49,parents,congruent,✅,0.8159696161684125
23,49,keys,congruent,✅,0.9881008145861323
23,49,parents,incongruent,✅,0.3584785746226427
23,49,keys,incongruent,✅,0.1620436973569423
23,5,distress,congruent,✅,0.9910363127380173
23,5,tranquility,congruent,✅,0.8528558347441282
23,5,distress,incongruent,✅,0.025742055386526137
23,5,tranquility,incongruent,❌,0.7039980700743288
23,50,sofa,congruent,✅,0.9970047081332954
23,50,sky,congruent,✅,0.9444708751651674
23,50,sofa,incongruent,✅,0.42524719231485764
23,50,sky,incongruent,❌,0.5328946443668588
23,51,obesity,congruent,❌,0.4715568901778621
23,51,homework,congruent,✅,0.9779695276342498
23,51,obesity,incongruent,✅,0.015038007910046282
23,51,homework,incongruent,✅,0.1371060420833394
23,52,quiz,congruent,✅,0.9159682835960637
23,52,commute,congruent,✅,0.9952151042020574
23,52,quiz,incongruent,✅,0.15894886150653412
23,52,commute,incongruent,✅,0.03396179217132068
23,53,migraine,congruent,✅,0.9974031764708424
23,53,excitement,congruent,❌,0.4504241991843279
23,53,migraine,incongruent,✅,0.0039518563610458236
23,53,excitement,incongruent,✅,0.20505554937843778
23,54,niece,congruent,✅,0.9801192400229602
23,54,husband,congruent,✅,0.8273675224821816
23,54,niece,incongruent,❌,0.529910910156534
23,54,husband,incongruent,❌,0.6519871585824076
23,55,film,congruent,✅,0.961567156693565
23,55,sunrise,congruent,✅,0.9404063307569885
23,55,film,incongruent,✅,0.0029405122183086695
23,55,sunrise,incongruent,✅,0.11872124226300607
23,56,lecture,congruent,✅,0.9967947186400712
23,56,banquet,congruent,✅,0.952523273420149
23,56,lecture,incongruent,✅,0.002438432400843019
23,56,banquet,incongruent,✅,0.005668051159303622
23,57,drink,congruent,✅,0.998245138197564
23,57,textbook,congruent,✅,0.9424009947810121
23,57,drink,incongruent,✅,0.005000088612742222
23,57,textbook,incongruent,✅,0.10897519051142843
23,58,pool,congruent,✅,0.9948466736864714
23,58,snow,congruent,❌,0.17031856496548234
23,58,pool,incongruent,✅,0.0013831356850554967
23,58,snow,incongruent,✅,0.007596207378755613
23,59,passport,congruent,✅,0.9773623821468804
23,59,plushy,congruent,✅,0.9892201467630392
23,59,passport,incongruent,✅,0.03428642654256638
23,59,plushy,incongruent,✅,0.08789620488587503
23,6,patients,congruent,✅,0.9975279319191154
23,6,students,congruent,✅,0.9951748616759124
23,6,patients,incongruent,✅,0.04215974730122834
23,6,students,incongruent,✅,0.002616051658632192
23,60,sister,congruent,❌,0.4429234108848801
23,60,father,congruent,✅,0.8601680327003278
23,60,sister,incongruent,✅,0.12865111270804322
23,60,father,incongruent,✅,0.34323895691538586
23,61,game,congruent,✅,0.9963599008428611
23,61,sunset,congruent,✅,0.8532955819401714
23,61,game,incongruent,✅,0.06109641693125619
23,61,sunset,incongruent,✅,0.08294834790939569
23,62,holidays,congruent,✅,0.974371591280321
23,62,funeral,congruent,✅,0.9432767354739214
23,62,holidays,incongruent,✅,0.07741504683451228
23,62,funeral,incongruent,❌,0.6603201241087475
23,63,grades,congruent,✅,0.803992902907845
23,63,affair,congruent,✅,0.7904456341802515
23,63,grades,incongruent,✅,0.03472186493247492
23,63,affair,incongruent,✅,0.16198704672442252
23,64,arrest,congruent,✅,0.8398967670752265
23,64,stroke,congruent,❌,0.3633446287774446
23,64,arrest,incongruent,✅,0.10853210831655138
23,64,stroke,incongruent,✅,0.1439277862621499
23,65,pacifier,congruent,✅,0.9714608797709402
23,65,coffee,congruent,✅,0.9941232195785735
23,65,pacifier,incongruent,✅,0.021169664666894548
23,65,coffee,incongruent,✅,0.03744919538351136
23,66,sweets,congruent,✅,0.9892074108718837
23,66,sentencing,congruent,✅,0.8638687640423341
23,66,sweets,incongruent,✅,0.001769931255792484
23,66,sentencing,incongruent,✅,0.012746169612293645
23,67,nap,congruent,✅,0.9446723583777491
23,67,selfie,congruent,✅,0.9816375212144102
23,67,nap,incongruent,✅,0.014672661237524387
23,67,selfie,incongruent,✅,0.0023249706273187603
23,68,diaper,congruent,✅,0.9794873527610273
23,68,tire,congruent,✅,0.9888413700590036
23,68,diaper,incongruent,✅,0.00036062483878488306
23,68,tire,incongruent,✅,0.003509699847947599
23,69,chemotherapy,congruent,✅,0.970201681000782
23,69,golf,congruent,✅,0.9951455631820812
23,69,chemotherapy,incongruent,✅,0.0068420309428619645
23,69,golf,incongruent,✅,0.2641235406670423
23,7,consensus,congruent,✅,0.7757410743419143
23,7,deadlock,congruent,✅,0.589753037540006
23,7,consensus,incongruent,✅,0.18173729550931736
23,7,deadlock,incongruent,❌,0.7778769861007366
23,70,thunder,congruent,✅,0.9929312155582846
23,70,lullaby,congruent,✅,0.9317740795541196
23,70,thunder,incongruent,✅,0.041139168607735865
23,70,lullaby,incongruent,✅,0.046388865634059695
23,71,pajamas,congruent,✅,0.9945540167065352
23,71,uniform,congruent,✅,0.9894989572534827
23,71,pajamas,incongruent,✅,0.2711682206564125
23,71,uniform,incongruent,✅,0.07320326262689965
23,72,gown,congruent,✅,0.9935756113133919
23,72,sweats,congruent,✅,0.916311325091518
23,72,gown,incongruent,✅,0.011941918578779576
23,72,sweats,incongruent,✅,0.06017392580726088
23,73,deadline,congruent,❌,0.41146187245352384
23,73,bed,congruent,✅,0.985336947258051
23,73,deadline,incongruent,✅,0.013615845734535843
23,73,bed,incongruent,✅,0.02910097335439807
23,74,kindergarten,congruent,✅,0.930810143196823
23,74,jail,congruent,✅,0.9815831223347161
23,74,kindergarten,incongruent,✅,0.04389860804813712
23,74,jail,incongruent,✅,0.15287383604872568
23,75,interrogated,congruent,✅,0.9648586441429087
23,75,tickled,congruent,✅,0.9413353187146872
23,75,interrogated,incongruent,✅,0.025655226690929497
23,75,tickled,incongruent,✅,0.006715349429348173
23,76,sandcastle,congruent,✅,0.9983165494603056
23,76,snowman,congruent,✅,0.9980281819813003
23,76,sandcastle,incongruent,❌,0.6764838963434372
23,76,snowman,incongruent,❌,0.9617310356702903
23,77,music,congruent,✅,0.9982778728889287
23,77,pizza,congruent,✅,0.9969893107639441
23,77,music,incongruent,✅,0.007588913042506701
23,77,pizza,incongruent,✅,0.010386375086199006
23,78,playoffs,congruent,✅,0.9302846452422591
23,78,cartoon,congruent,✅,0.9920842651427338
23,78,playoffs,incongruent,✅,0.009512562318641922
23,78,cartoon,incongruent,✅,0.053706348051360826
23,79,alcoholism,congruent,✅,0.850164152031567
23,79,academics,congruent,✅,0.959651215445439
23,79,alcoholism,incongruent,✅,0.14416944659140407
23,79,academics,incongruent,✅,0.036922564743117614
23,8,engagement,congruent,✅,0.750691842161433
23,8,cancer,congruent,✅,0.5344320334366129
23,8,engagement,incongruent,✅,0.1307907409178927
23,8,cancer,incongruent,❌,0.6760491523068592
23,9,terminal,congruent,✅,0.992880017809794
23,9,classroom,congruent,✅,0.9456806327340356
23,9,terminal,incongruent,✅,0.004762948733747746
23,9,classroom,incongruent,✅,0.03051247991080301
24,0,library,congruent,✅,0.9697987127747371
24,0,refrigerator,congruent,✅,0.7220477953917374
24,0,library,incongruent,✅,0.05850928493225871
24,0,refrigerator,incongruent,✅,0.0022281949971185134
24,1,disappointment,congruent,❌,0.39292001149319544
24,1,delight,congruent,❌,0.16020268432386414
24,1,disappointment,incongruent,✅,0.014262058839478448
24,1,delight,incongruent,✅,0.23912361471928095
24,10,cash,congruent,✅,0.9910429411043953
24,10,groceries,congruent,✅,0.9737290264886879
24,10,cash,incongruent,✅,0.26635504760949774
24,10,groceries,incongruent,✅,0.11421278284707613
24,11,lonely,congruent,✅,0.8942309543110295
24,11,confident,congruent,✅,0.8250711010690756
24,11,lonely,incongruent,✅,0.20711534818971505
24,11,confident,incongruent,✅,0.15820130546670913
24,12,joy,congruent,✅,0.9981995486412251
24,12,outrage,congruent,✅,0.7478300482183038
24,12,joy,incongruent,✅,0.23048265608630478
24,12,outrage,incongruent,❌,0.9289697039029557
24,13,traffic,congruent,✅,0.9710679691197293
24,13,snowstorm,congruent,✅,0.9987987392954976
24,13,traffic,incongruent,❌,0.9667814492632533
24,13,snowstorm,incongruent,❌,0.5640463862763603
24,14,laughter,congruent,✅,0.8083376703740934
24,14,frustration,congruent,✅,0.9690108179399958
24,14,laughter,incongruent,✅,0.3504489486259872
24,14,frustration,incongruent,✅,0.22919955812644352
24,15,calculator,congruent,✅,0.7402255281200297
24,15,instrument,congruent,✅,0.9617714108854997
24,15,calculator,incongruent,✅,0.05372625893062639
24,15,instrument,incongruent,✅,0.040740501380400786
24,16,orchestra,congruent,✅,0.9444111940152341
24,16,racers,congruent,✅,0.9173147198671606
24,16,orchestra,incongruent,✅,0.03143128943306174
24,16,racers,incongruent,✅,0.01827318898493271
24,17,retirement,congruent,✅,0.7367485204953886
24,17,playdate,congruent,✅,0.9642440880088805
24,17,retirement,incongruent,✅,0.13148418360759637
24,17,playdate,incongruent,✅,0.01107826658585182
24,18,relieved,congruent,✅,0.5437342509361687
24,18,depressed,congruent,❌,0.4581024334453923
24,18,relieved,incongruent,✅,0.2461353419394529
24,18,depressed,incongruent,❌,0.510920491908221
24,19,friends,congruent,❌,0.06573232901092257
24,19,weight,congruent,✅,0.6166775334838637
24,19,friends,incongruent,✅,0.022502818529190078
24,19,weight,incongruent,✅,0.01080573868296656
24,2,overcoat,congruent,✅,0.7970057381033169
24,2,sandals,congruent,✅,0.8971208518523642
24,2,overcoat,incongruent,✅,0.02948302340675354
24,2,sandals,incongruent,✅,0.017893791276572334
24,20,lipstick,congruent,✅,0.9117737206213473
24,20,song,congruent,✅,0.9649170278569705
24,20,lipstick,incongruent,✅,0.01947003573118842
24,20,song,incongruent,✅,0.2554615005034314
24,21,fought,congruent,✅,0.7408353744280459
24,21,sang,congruent,✅,0.943124726422841
24,21,fought,incongruent,✅,0.12511107773383778
24,21,sang,incongruent,✅,0.09065762029951152
24,22,skeptical,congruent,❌,0.3080769616423046
24,22,reassured,congruent,❌,0.24582540082205856
24,22,skeptical,incongruent,✅,0.1448120824594426
24,22,reassured,incongruent,✅,0.268054204884774
24,23,graduation,congruent,✅,0.998691953747989
24,23,operation,congruent,✅,0.9888248721818766
24,23,graduation,incongruent,✅,0.011054143736103519
24,23,operation,incongruent,✅,0.05166808754287788
24,24,bride,congruent,✅,0.9734427568025559
24,24,aftermath,congruent,✅,0.9918614767777351
24,24,bride,incongruent,✅,0.0737781879983979
24,24,aftermath,incongruent,✅,0.0038033861348085378
24,25,teacher,congruent,✅,0.9510693980882392
24,25,daughter,congruent,✅,0.8684260236393165
24,25,teacher,incongruent,✅,0.2735252283958151
24,25,daughter,incongruent,✅,0.07227373067085902
24,26,roommate,congruent,✅,0.8272689508885573
24,26,grandma,congruent,✅,0.9857406735850267
24,26,roommate,incongruent,✅,0.052360712008747236
24,26,grandma,incongruent,✅,0.021424550372183708
24,27,brother,congruent,✅,0.7416808955273634
24,27,mother,congruent,✅,0.7622017817250735
24,27,brother,incongruent,✅,0.3328293198576755
24,27,mother,incongruent,✅,0.15505985413657128
24,28,preschool,congruent,✅,0.7529309152668284
24,28,prison,congruent,✅,0.9694292440643225
24,28,preschool,incongruent,✅,0.0006865372936833327
24,28,prison,incongruent,✅,0.003765991998265419
24,29,hopeful,congruent,✅,0.9132191610196506
24,29,hopeless,congruent,✅,0.9007359378521024
24,29,hopeful,incongruent,❌,0.6022979340195453
24,29,hopeless,incongruent,❌,0.7547873204000548
24,3,marathon,congruent,✅,0.9711522014857082
24,3,exam,congruent,✅,0.8473942125845749
24,3,marathon,incongruent,✅,0.012985624085849017
24,3,exam,incongruent,✅,0.0789808943254161
24,30,appalled,congruent,✅,0.8003870053076713
24,30,overjoyed,congruent,✅,0.6786420748989352
24,30,appalled,incongruent,✅,0.120742844950206
24,30,overjoyed,incongruent,❌,0.5141018292503758
24,31,reprimand,congruent,✅,0.7028055837345153
24,31,encouragement,congruent,✅,0.7943958103097875
24,31,reprimand,incongruent,✅,0.13312552086715754
24,31,encouragement,incongruent,✅,0.30331498396747675
24,32,angrily,congruent,✅,0.8752016668067242
24,32,cordially,congruent,✅,0.6219451662264076
24,32,angrily,incongruent,✅,0.07468370074950899
24,32,cordially,incongruent,✅,0.03347008790724756
24,33,accusatory,congruent,✅,0.9292446132060875
24,33,flirtatious,congruent,✅,0.864069851990552
24,33,accusatory,incongruent,❌,0.5914844351994075
24,33,flirtatious,incongruent,❌,0.5039118268267486
24,34,disapprovingly,congruent,✅,0.8576562608541294
24,34,lovingly,congruent,✅,0.735042713633656
24,34,disapprovingly,incongruent,✅,0.2975782277090158
24,34,lovingly,incongruent,✅,0.24181045024379566
24,35,playful,congruent,❌,0.4292400789269925
24,35,distant,congruent,✅,0.9257160544225309
24,35,playful,incongruent,❌,0.808632602915365
24,35,distant,incongruent,✅,0.07682346201360207
24,36,headphones,congruent,✅,0.7929724711746533
24,36,mangoes,congruent,✅,0.5400131596922054
24,36,headphones,incongruent,✅,0.0011921507605168022
24,36,mangoes,incongruent,✅,0.00544921471863214
24,37,playroom,congruent,✅,0.9943029529478271
24,37,park,congruent,✅,0.9680376266385317
24,37,playroom,incongruent,✅,0.04096206714880344
24,37,park,incongruent,❌,0.5010504596747817
24,38,bedroom,congruent,✅,0.9827125575334199
24,38,backyard,congruent,✅,0.9764610891673918
24,38,bedroom,incongruent,✅,0.015941030287465987
24,38,backyard,incongruent,✅,0.004670044471581467
24,39,solemnly,congruent,✅,0.5214473398420192
24,39,excitedly,congruent,✅,0.8798823367279709
24,39,solemnly,incongruent,❌,0.5401053784789772
24,39,excitedly,incongruent,✅,0.17193811246405685
24,4,menu,congruent,✅,0.9660994440979752
24,4,prescription,congruent,✅,0.9923309585524703
24,4,menu,incongruent,✅,0.11745361645273206
24,4,prescription,incongruent,✅,0.06855716644726084
24,40,car,congruent,✅,0.5441402592660958
24,40,sock,congruent,❌,0.05680055427411094
24,40,car,incongruent,✅,0.02526020690430482
24,40,sock,incongruent,✅,0.04912082268499415
24,41,overdressed,congruent,✅,0.7194441088344623
24,41,naked,congruent,✅,0.8860144321315278
24,41,overdressed,incongruent,✅,0.12513332774032368
24,41,naked,incongruent,✅,0.196660616239941
24,42,shy,congruent,✅,0.7498979041277056
24,42,lively,congruent,✅,0.9690783092401924
24,42,shy,incongruent,❌,0.6798044669067602
24,42,lively,incongruent,❌,0.7040836103410624
24,43,offended,congruent,✅,0.6816347369860298
24,43,flattered,congruent,✅,0.807612440823436
24,43,offended,incongruent,✅,0.15418815784858414
24,43,flattered,incongruent,✅,0.3089250549160243
24,44,grandkid,congruent,✅,0.6344617439512947
24,44,cellmate,congruent,✅,0.9580358525754795
24,44,grandkid,incongruent,✅,0.0062850126591092285
24,44,cellmate,incongruent,✅,0.01281626019774652
24,45,promoted,congruent,✅,0.9837176849973258
24,45,fired,congruent,✅,0.9873589084998617
24,45,promoted,incongruent,❌,0.9480909004158998
24,45,fired,incongruent,❌,0.9373287830162541
24,46,shooting,congruent,❌,0.060631908874859114
24,46,celebration,congruent,✅,0.5657257295528705
24,46,shooting,incongruent,✅,0.004594960875696766
24,46,celebration,incongruent,✅,0.02942081474966745
24,47,crayon,congruent,✅,0.8482090177285315
24,47,beer,congruent,✅,0.9909123640916614
24,47,crayon,incongruent,✅,0.0017229557039419884
24,47,beer,incongruent,✅,0.001338250214739598
24,48,waiter,congruent,✅,0.7650830391409423
24,48,taxi,congruent,✅,0.825706074630805
24,48,waiter,incongruent,✅,0.16132905847814336
24,48,taxi,incongruent,✅,0.1652278003244899
24,49,parents,congruent,✅,0.9324823665912455
24,49,keys,congruent,✅,0.9907045866941228
24,49,parents,incongruent,✅,0.41578621491823714
24,49,keys,incongruent,✅,0.23433689619801726
24,5,distress,congruent,✅,0.9927502455045724
24,5,tranquility,congruent,✅,0.8970889222797291
24,5,distress,incongruent,✅,0.05077570651819479
24,5,tranquility,incongruent,❌,0.7758688168363472
24,50,sofa,congruent,✅,0.997630337953686
24,50,sky,congruent,✅,0.9047092912823407
24,50,sofa,incongruent,✅,0.31794050895031545
24,50,sky,incongruent,❌,0.593382730821195
24,51,obesity,congruent,❌,0.43466522724912465
24,51,homework,congruent,✅,0.9887255225443893
24,51,obesity,incongruent,✅,0.02378247576185235
24,51,homework,incongruent,✅,0.10401827465428273
24,52,quiz,congruent,✅,0.9154758055298008
24,52,commute,congruent,✅,0.9909583958998929
24,52,quiz,incongruent,✅,0.07891833260852356
24,52,commute,incongruent,✅,0.03517929964706679
24,53,migraine,congruent,✅,0.9938954862858231
24,53,excitement,congruent,❌,0.42598180414580006
24,53,migraine,incongruent,✅,0.0035321265789721636
24,53,excitement,incongruent,✅,0.11501574842470608
24,54,niece,congruent,✅,0.9815577012251777
24,54,husband,congruent,✅,0.868755730567897
24,54,niece,incongruent,❌,0.621178297075566
24,54,husband,incongruent,❌,0.6713087809162441
24,55,film,congruent,✅,0.9741969563311316
24,55,sunrise,congruent,✅,0.8818898854687331
24,55,film,incongruent,✅,0.0016551919404886966
24,55,sunrise,incongruent,✅,0.11471812047999812
24,56,lecture,congruent,✅,0.9959894481792761
24,56,banquet,congruent,✅,0.9527256485558393
24,56,lecture,incongruent,✅,0.0017780756696062954
24,56,banquet,incongruent,✅,0.0032210285790051354
24,57,drink,congruent,✅,0.9978892901734879
24,57,textbook,congruent,✅,0.9628138887510831
24,57,drink,incongruent,✅,0.003848023654662382
24,57,textbook,incongruent,✅,0.09532181820191604
24,58,pool,congruent,✅,0.9968855210192863
24,58,snow,congruent,❌,0.21582197437942902
24,58,pool,incongruent,✅,0.002800966535318336
24,58,snow,incongruent,✅,0.009629499938608996
24,59,passport,congruent,✅,0.9876967109613604
24,59,plushy,congruent,✅,0.9945695156439246
24,59,passport,incongruent,✅,0.061343258167124624
24,59,plushy,incongruent,✅,0.12504290685531882
24,6,patients,congruent,✅,0.994902316242561
24,6,students,congruent,✅,0.9905073716096897
24,6,patients,incongruent,✅,0.00989852409656659
24,6,students,incongruent,✅,0.000755801808763046
24,60,sister,congruent,❌,0.4876952714005831
24,60,father,congruent,✅,0.8691607253888239
24,60,sister,incongruent,✅,0.14879462120289985
24,60,father,incongruent,✅,0.384063949057664
24,61,game,congruent,✅,0.9961724352050021
24,61,sunset,congruent,✅,0.7721046633062371
24,61,game,incongruent,✅,0.03633649980455668
24,61,sunset,incongruent,✅,0.0772816447246008
24,62,holidays,congruent,✅,0.9627626861580125
24,62,funeral,congruent,✅,0.9542100452961417
24,62,holidays,incongruent,✅,0.11611004489246765
24,62,funeral,incongruent,❌,0.5656623113389297
24,63,grades,congruent,✅,0.8490581451051453
24,63,affair,congruent,✅,0.7789025205225217
24,63,grades,incongruent,✅,0.031308661911369606
24,63,affair,incongruent,✅,0.21626908682445842
24,64,arrest,congruent,✅,0.7444717715048554
24,64,stroke,congruent,❌,0.3228068258805357
24,64,arrest,incongruent,✅,0.09240523515220929
24,64,stroke,incongruent,✅,0.07315577892569554
24,65,pacifier,congruent,✅,0.9396463754094078
24,65,coffee,congruent,✅,0.9905090454368684
24,65,pacifier,incongruent,✅,0.010347046781885874
24,65,coffee,incongruent,✅,0.03693665474204102
24,66,sweets,congruent,✅,0.9897087061908104
24,66,sentencing,congruent,✅,0.9466982289648633
24,66,sweets,incongruent,✅,0.0012122253509188944
24,66,sentencing,incongruent,✅,0.017385857828004753
24,67,nap,congruent,✅,0.938533823075858
24,67,selfie,congruent,✅,0.9820599481005169
24,67,nap,incongruent,✅,0.021543006061041425
24,67,selfie,incongruent,✅,0.0036024046462611557
24,68,diaper,congruent,✅,0.972030968109766
24,68,tire,congruent,✅,0.9717561596777972
24,68,diaper,incongruent,✅,0.0001594864944484929
24,68,tire,incongruent,✅,0.003441257246142362
24,69,chemotherapy,congruent,✅,0.9563245280105748
24,69,golf,congruent,✅,0.9930713642099266
24,69,chemotherapy,incongruent,✅,0.0034735762290065194
24,69,golf,incongruent,✅,0.225802843411857
24,7,consensus,congruent,✅,0.834909305311809
24,7,deadlock,congruent,✅,0.6297772820455455
24,7,consensus,incongruent,✅,0.20835702067836995
24,7,deadlock,incongruent,❌,0.8268366283020986
24,70,thunder,congruent,✅,0.9876804707677057
24,70,lullaby,congruent,✅,0.9475517691644505
24,70,thunder,incongruent,✅,0.051049523477134685
24,70,lullaby,incongruent,✅,0.04112660720654098
24,71,pajamas,congruent,✅,0.992552651355847
24,71,uniform,congruent,✅,0.9881510039127219
24,71,pajamas,incongruent,✅,0.2064621139363253
24,71,uniform,incongruent,✅,0.12750950276396994
24,72,gown,congruent,✅,0.993399929597007
24,72,sweats,congruent,✅,0.9133749412862452
24,72,gown,incongruent,✅,0.008966154747598105
24,72,sweats,incongruent,✅,0.05868644515664153
24,73,deadline,congruent,❌,0.2547483893329902
24,73,bed,congruent,✅,0.9819328264753462
24,73,deadline,incongruent,✅,0.007282642382364899
24,73,bed,incongruent,✅,0.008988214775106279
24,74,kindergarten,congruent,✅,0.9030096513576168
24,74,jail,congruent,✅,0.9762756396314339
24,74,kindergarten,incongruent,✅,0.01671178094246763
24,74,jail,incongruent,✅,0.1233084926967614
24,75,interrogated,congruent,✅,0.951889472819813
24,75,tickled,congruent,✅,0.9651422803527786
24,75,interrogated,incongruent,✅,0.03834727742563909
24,75,tickled,incongruent,✅,0.005712760151819354
24,76,sandcastle,congruent,✅,0.9967531762491436
24,76,snowman,congruent,✅,0.9940962046921359
24,76,sandcastle,incongruent,✅,0.37772450525426465
24,76,snowman,incongruent,❌,0.941035706360454
24,77,music,congruent,✅,0.996777587324347
24,77,pizza,congruent,✅,0.998445534544093
24,77,music,incongruent,✅,0.020520841500166923
24,77,pizza,incongruent,✅,0.005470197295951961
24,78,playoffs,congruent,✅,0.9686284538057564
24,78,cartoon,congruent,✅,0.9950135514749391
24,78,playoffs,incongruent,✅,0.008131306825607006
24,78,cartoon,incongruent,✅,0.09000552972106839
24,79,alcoholism,congruent,✅,0.8780183243386307
24,79,academics,congruent,✅,0.9777084230270968
24,79,alcoholism,incongruent,✅,0.15043655619802107
24,79,academics,incongruent,✅,0.06090973182846718
24,8,engagement,congruent,✅,0.7600355221354174
24,8,cancer,congruent,❌,0.4626096397085387
24,8,engagement,incongruent,✅,0.12897749960518806
24,8,cancer,incongruent,❌,0.6198139980058655
24,9,terminal,congruent,✅,0.9935758149828521
24,9,classroom,congruent,✅,0.962964078393125
24,9,terminal,incongruent,✅,0.00548572245193258
24,9,classroom,incongruent,✅,0.03375199049673872
25,0,library,congruent,✅,0.9822097043707121
25,0,refrigerator,congruent,✅,0.6902290451983938
25,0,library,incongruent,✅,0.0458737511990301
25,0,refrigerator,incongruent,✅,0.0028559019197896187
25,1,disappointment,congruent,❌,0.3927908046445984
25,1,delight,congruent,✅,0.6592265403982164
25,1,disappointment,incongruent,✅,0.027384749782039156
25,1,delight,incongruent,✅,0.14674458118426417
25,10,cash,congruent,✅,0.9882326608327716
25,10,groceries,congruent,✅,0.9667802736301733
25,10,cash,incongruent,✅,0.3471399436008931
25,10,groceries,incongruent,✅,0.122935628306896
25,11,lonely,congruent,✅,0.8056663330287966
25,11,confident,congruent,✅,0.8616113516097309
25,11,lonely,incongruent,✅,0.20157308097543253
25,11,confident,incongruent,✅,0.11234433322221504
25,12,joy,congruent,✅,0.9984622201174428
25,12,outrage,congruent,✅,0.7380751794381029
25,12,joy,incongruent,✅,0.17034689775028306
25,12,outrage,incongruent,❌,0.8185451512734887
25,13,traffic,congruent,✅,0.9963987914688952
25,13,snowstorm,congruent,✅,0.9988235741036862
25,13,traffic,incongruent,❌,0.7835846062181929
25,13,snowstorm,incongruent,✅,0.35229536617421314
25,14,laughter,congruent,✅,0.9282221574683054
25,14,frustration,congruent,✅,0.9929906785363867
25,14,laughter,incongruent,✅,0.11144074135032718
25,14,frustration,incongruent,✅,0.014716172621126206
25,15,calculator,congruent,✅,0.5775189099223628
25,15,instrument,congruent,✅,0.9450989936251957
25,15,calculator,incongruent,✅,0.04816253828922156
25,15,instrument,incongruent,✅,0.08950934787318414
25,16,orchestra,congruent,✅,0.9658955619265162
25,16,racers,congruent,✅,0.9397393362756603
25,16,orchestra,incongruent,✅,0.044643201460541626
25,16,racers,incongruent,✅,0.02752628878933622
25,17,retirement,congruent,✅,0.7297365082451757
25,17,playdate,congruent,✅,0.9475655322880152
25,17,retirement,incongruent,✅,0.03911174516209726
25,17,playdate,incongruent,✅,0.003245805074897964
25,18,relieved,congruent,❌,0.3296578227529967
25,18,depressed,congruent,✅,0.845240025107529
25,18,relieved,incongruent,✅,0.26232247085060073
25,18,depressed,incongruent,✅,0.28152875782194986
25,19,friends,congruent,❌,0.15051427638374704
25,19,weight,congruent,✅,0.8441529330156371
25,19,friends,incongruent,✅,0.0484245421029416
25,19,weight,incongruent,✅,0.035638586958438634
25,2,overcoat,congruent,✅,0.9237075369217537
25,2,sandals,congruent,✅,0.934012210743833
25,2,overcoat,incongruent,✅,0.006482528549793595
25,2,sandals,incongruent,✅,0.01468727772875791
25,20,lipstick,congruent,✅,0.8434876473000814
25,20,song,congruent,✅,0.9377082188299027
25,20,lipstick,incongruent,✅,0.026784575295648653
25,20,song,incongruent,✅,0.1561254486400919
25,21,fought,congruent,✅,0.9591572157510533
25,21,sang,congruent,✅,0.8158153764186244
25,21,fought,incongruent,✅,0.04067623354886181
25,21,sang,incongruent,✅,0.0696642772541405
25,22,skeptical,congruent,✅,0.6578213165439036
25,22,reassured,congruent,❌,0.34622650429501756
25,22,skeptical,incongruent,✅,0.08562293225666866
25,22,reassured,incongruent,✅,0.17713475707279253
25,23,graduation,congruent,✅,0.999032729175594
25,23,operation,congruent,✅,0.9730192938076275
25,23,graduation,incongruent,✅,0.008546165782976697
25,23,operation,incongruent,✅,0.06557888994102906
25,24,bride,congruent,✅,0.9621944346753577
25,24,aftermath,congruent,✅,0.9867698802105901
25,24,bride,incongruent,✅,0.04196935779331197
25,24,aftermath,incongruent,✅,0.0022954440235132814
25,25,teacher,congruent,✅,0.9350875433639634
25,25,daughter,congruent,✅,0.9719536219776859
25,25,teacher,incongruent,✅,0.27693663514487854
25,25,daughter,incongruent,✅,0.05904107505408069
25,26,roommate,congruent,✅,0.7576636399997659
25,26,grandma,congruent,✅,0.9931434954372406
25,26,roommate,incongruent,✅,0.03821622932506706
25,26,grandma,incongruent,✅,0.0080969299743834
25,27,brother,congruent,✅,0.7386096154813881
25,27,mother,congruent,✅,0.7954584596745556
25,27,brother,incongruent,✅,0.09587622864016976
25,27,mother,incongruent,✅,0.08474591378649869
25,28,preschool,congruent,✅,0.908068079044627
25,28,prison,congruent,✅,0.9777256414742913
25,28,preschool,incongruent,✅,0.0014225750828226636
25,28,prison,incongruent,✅,0.010531642763483364
25,29,hopeful,congruent,✅,0.8971411487689157
25,29,hopeless,congruent,✅,0.8396589945973465
25,29,hopeful,incongruent,✅,0.2956723614558254
25,29,hopeless,incongruent,✅,0.3703412985142261
25,3,marathon,congruent,✅,0.9639837667712089
25,3,exam,congruent,✅,0.7652501865310608
25,3,marathon,incongruent,✅,0.01394987622690472
25,3,exam,incongruent,✅,0.08610480161027333
25,30,appalled,congruent,✅,0.9704817696853705
25,30,overjoyed,congruent,✅,0.9305084619878469
25,30,appalled,incongruent,✅,0.11377134550587797
25,30,overjoyed,incongruent,❌,0.7537452294567999
25,31,reprimand,congruent,✅,0.8806675137154488
25,31,encouragement,congruent,✅,0.9483583861147957
25,31,reprimand,incongruent,✅,0.09363704840674823
25,31,encouragement,incongruent,✅,0.08225856653945642
25,32,angrily,congruent,✅,0.9355335581072607
25,32,cordially,congruent,✅,0.8003726213673733
25,32,angrily,incongruent,✅,0.024075570131115543
25,32,cordially,incongruent,✅,0.011404015342458712
25,33,accusatory,congruent,✅,0.9699532341898665
25,33,flirtatious,congruent,✅,0.8922100799300696
25,33,accusatory,incongruent,✅,0.35039128649421075
25,33,flirtatious,incongruent,✅,0.2985845124065911
25,34,disapprovingly,congruent,✅,0.9083188642857511
25,34,lovingly,congruent,✅,0.5424397212345475
25,34,disapprovingly,incongruent,✅,0.009827914981282633
25,34,lovingly,incongruent,✅,0.08567987774892054
25,35,playful,congruent,✅,0.7507907767046558
25,35,distant,congruent,✅,0.9509979889779298
25,35,playful,incongruent,✅,0.3364753454920021
25,35,distant,incongruent,✅,0.0236094102678415
25,36,headphones,congruent,✅,0.844249922107988
25,36,mangoes,congruent,✅,0.6778351289715555
25,36,headphones,incongruent,✅,0.0032115111476341738
25,36,mangoes,incongruent,✅,0.01889514469643238
25,37,playroom,congruent,✅,0.9979669981686423
25,37,park,congruent,✅,0.9666368914581321
25,37,playroom,incongruent,✅,0.032670664766154094
25,37,park,incongruent,❌,0.523648602176248
25,38,bedroom,congruent,✅,0.9894113640228263
25,38,backyard,congruent,✅,0.9937504834482217
25,38,bedroom,incongruent,✅,0.008324485368425416
25,38,backyard,incongruent,✅,0.0028593500274858665
25,39,solemnly,congruent,✅,0.7729992139934989
25,39,excitedly,congruent,✅,0.9015883139155744
25,39,solemnly,incongruent,✅,0.16384540253974966
25,39,excitedly,incongruent,✅,0.015003892807106704
25,4,menu,congruent,✅,0.941513786414341
25,4,prescription,congruent,✅,0.9812847389523103
25,4,menu,incongruent,✅,0.15601157183027456
25,4,prescription,incongruent,✅,0.07671591919033358
25,40,car,congruent,❌,0.37582152616666853
25,40,sock,congruent,❌,0.13041323839175828
25,40,car,incongruent,✅,0.03650935932033928
25,40,sock,incongruent,✅,0.0919425311475895
25,41,overdressed,congruent,✅,0.9374062935219302
25,41,naked,congruent,✅,0.9897935734061604
25,41,overdressed,incongruent,✅,0.12132505103171012
25,41,naked,incongruent,✅,0.021299241685887534
25,42,shy,congruent,✅,0.7195263460595962
25,42,lively,congruent,✅,0.9420857746994774
25,42,shy,incongruent,✅,0.08289974558772864
25,42,lively,incongruent,✅,0.18820368770852475
25,43,offended,congruent,✅,0.8188840308183847
25,43,flattered,congruent,✅,0.8934189991271012
25,43,offended,incongruent,✅,0.2524433834464463
25,43,flattered,incongruent,✅,0.11660850008774443
25,44,grandkid,congruent,✅,0.7817467711437871
25,44,cellmate,congruent,✅,0.9866697543982464
25,44,grandkid,incongruent,✅,0.008320094856510888
25,44,cellmate,incongruent,✅,0.017534692478629148
25,45,promoted,congruent,✅,0.9807906175658089
25,45,fired,congruent,✅,0.9715011937788497
25,45,promoted,incongruent,❌,0.7486752196409087
25,45,fired,incongruent,❌,0.884742059522565
25,46,shooting,congruent,❌,0.038983735536692966
25,46,celebration,congruent,✅,0.7661700901642567
25,46,shooting,incongruent,✅,0.006299932813713141
25,46,celebration,incongruent,✅,0.011044854172325404
25,47,crayon,congruent,✅,0.864856908870431
25,47,beer,congruent,✅,0.9904777814492207
25,47,crayon,incongruent,✅,0.0002516711041388356
25,47,beer,incongruent,✅,0.0009891235666453903
25,48,waiter,congruent,✅,0.5923398463835486
25,48,taxi,congruent,✅,0.6694761816655332
25,48,waiter,incongruent,✅,0.07770229180580054
25,48,taxi,incongruent,✅,0.10350056814332141
25,49,parents,congruent,✅,0.9127952188682197
25,49,keys,congruent,✅,0.9918219612324986
25,49,parents,incongruent,✅,0.37726117060095254
25,49,keys,incongruent,✅,0.20205908790570115
25,5,distress,congruent,✅,0.9953025840996376
25,5,tranquility,congruent,✅,0.979644275298927
25,5,distress,incongruent,✅,0.0027534853286872063
25,5,tranquility,incongruent,✅,0.48375537928227647
25,50,sofa,congruent,✅,0.9993908063588892
25,50,sky,congruent,✅,0.9820770979338235
25,50,sofa,incongruent,❌,0.5778562587790262
25,50,sky,incongruent,❌,0.6930993539688314
25,51,obesity,congruent,✅,0.6759315832471465
25,51,homework,congruent,✅,0.99029741392534
25,51,obesity,incongruent,✅,0.02951008558202037
25,51,homework,incongruent,✅,0.08507102601815451
25,52,quiz,congruent,✅,0.9484923543986015
25,52,commute,congruent,✅,0.992475678833369
25,52,quiz,incongruent,✅,0.04532440405021913
25,52,commute,incongruent,✅,0.05843750804024402
25,53,migraine,congruent,✅,0.9897961605649237
25,53,excitement,congruent,✅,0.9029374131865894
25,53,migraine,incongruent,✅,0.001223342107445157
25,53,excitement,incongruent,✅,0.142265475013095
25,54,niece,congruent,✅,0.9810386764969911
25,54,husband,congruent,✅,0.9147991177471813
25,54,niece,incongruent,❌,0.5058225110420745
25,54,husband,incongruent,❌,0.5434949539174544
25,55,film,congruent,✅,0.9450655248711827
25,55,sunrise,congruent,✅,0.5896967325079078
25,55,film,incongruent,✅,0.0014508531811228572
25,55,sunrise,incongruent,✅,0.09567412061760192
25,56,lecture,congruent,✅,0.9931716671418919
25,56,banquet,congruent,✅,0.9168614839314452
25,56,lecture,incongruent,✅,0.0027718602870760245
25,56,banquet,incongruent,✅,0.002212864161328553
25,57,drink,congruent,✅,0.9976147652398019
25,57,textbook,congruent,✅,0.9256936506993574
25,57,drink,incongruent,✅,0.005225635323377134
25,57,textbook,incongruent,✅,0.07741549139550921
25,58,pool,congruent,✅,0.998402612274981
25,58,snow,congruent,❌,0.19258203555533374
25,58,pool,incongruent,✅,0.0006758544586750847
25,58,snow,incongruent,✅,0.012928006753090299
25,59,passport,congruent,✅,0.9909177454205889
25,59,plushy,congruent,✅,0.9980861185333751
25,59,passport,incongruent,✅,0.06674955096223883
25,59,plushy,incongruent,✅,0.10692730225484093
25,6,patients,congruent,✅,0.996321120324247
25,6,students,congruent,✅,0.9969328300024546
25,6,patients,incongruent,✅,0.005146444917634492
25,6,students,incongruent,✅,0.00022681302276404515
25,60,sister,congruent,✅,0.7360517410135317
25,60,father,congruent,✅,0.9664209794762193
25,60,sister,incongruent,✅,0.06974737243302367
25,60,father,incongruent,✅,0.3859044675851335
25,61,game,congruent,✅,0.9941916484501345
25,61,sunset,congruent,✅,0.9597620300154456
25,61,game,incongruent,✅,0.05295826480065183
25,61,sunset,incongruent,✅,0.081710751522749
25,62,holidays,congruent,✅,0.9783725055176723
25,62,funeral,congruent,✅,0.9747165192411698
25,62,holidays,incongruent,✅,0.16816752439424243
25,62,funeral,incongruent,❌,0.7309952324598536
25,63,grades,congruent,✅,0.8239640598424195
25,63,affair,congruent,✅,0.8030583245671891
25,63,grades,incongruent,✅,0.059951124792179206
25,63,affair,incongruent,✅,0.12899356188413433
25,64,arrest,congruent,✅,0.8047670943168479
25,64,stroke,congruent,❌,0.22379468576329412
25,64,arrest,incongruent,✅,0.06026583197135461
25,64,stroke,incongruent,✅,0.06274941461615104
25,65,pacifier,congruent,✅,0.8874802117123182
25,65,coffee,congruent,✅,0.9935915581098165
25,65,pacifier,incongruent,✅,0.010922746242081862
25,65,coffee,incongruent,✅,0.004886046358867747
25,66,sweets,congruent,✅,0.9979759437639371
25,66,sentencing,congruent,✅,0.9790791526615584
25,66,sweets,incongruent,✅,0.0014591457324320803
25,66,sentencing,incongruent,✅,0.013412230936582134
25,67,nap,congruent,✅,0.9961188181783288
25,67,selfie,congruent,✅,0.9735889867463636
25,67,nap,incongruent,✅,0.010538785099459746
25,67,selfie,incongruent,✅,0.002275563260961886
25,68,diaper,congruent,✅,0.9927793794048564
25,68,tire,congruent,✅,0.987916012615067
25,68,diaper,incongruent,✅,0.0005286279175363401
25,68,tire,incongruent,✅,0.00591854547028438
25,69,chemotherapy,congruent,✅,0.8403642781054828
25,69,golf,congruent,✅,0.9916049550605107
25,69,chemotherapy,incongruent,✅,0.0017136035676148223
25,69,golf,incongruent,✅,0.037948365965497825
25,7,consensus,congruent,✅,0.9412828026500886
25,7,deadlock,congruent,✅,0.7819317758018287
25,7,consensus,incongruent,✅,0.34279330186807183
25,7,deadlock,incongruent,❌,0.8895462835451594
25,70,thunder,congruent,✅,0.9961591971254381
25,70,lullaby,congruent,✅,0.9633380564537242
25,70,thunder,incongruent,✅,0.14863605863282897
25,70,lullaby,incongruent,✅,0.06605883378058475
25,71,pajamas,congruent,✅,0.9915282284782421
25,71,uniform,congruent,✅,0.9935732529492022
25,71,pajamas,incongruent,✅,0.0392407226821764
25,71,uniform,incongruent,✅,0.061551658860811286
25,72,gown,congruent,✅,0.9937973481081519
25,72,sweats,congruent,✅,0.9896614997589815
25,72,gown,incongruent,✅,0.0035592608822179895
25,72,sweats,incongruent,✅,0.05794516405038801
25,73,deadline,congruent,❌,0.4322751409518819
25,73,bed,congruent,✅,0.9133883813502248
25,73,deadline,incongruent,✅,0.0006735062258469554
25,73,bed,incongruent,✅,0.02005344269152541
25,74,kindergarten,congruent,✅,0.9066876654779291
25,74,jail,congruent,✅,0.9977783720518167
25,74,kindergarten,incongruent,✅,0.02816456531782159
25,74,jail,incongruent,✅,0.21997499722159936
25,75,interrogated,congruent,✅,0.9820245080571249
25,75,tickled,congruent,✅,0.9645423633478137
25,75,interrogated,incongruent,✅,0.0214488412502756
25,75,tickled,incongruent,✅,0.003470788255820411
25,76,sandcastle,congruent,✅,0.9954792931101457
25,76,snowman,congruent,✅,0.9985574700535624
25,76,sandcastle,incongruent,✅,0.3167513153408384
25,76,snowman,incongruent,❌,0.9016337593369541
25,77,music,congruent,✅,0.9954970568831919
25,77,pizza,congruent,✅,0.9986192759882448
25,77,music,incongruent,✅,0.02478861837878523
25,77,pizza,incongruent,✅,0.002033788661239131
25,78,playoffs,congruent,✅,0.960715828345942
25,78,cartoon,congruent,✅,0.9960082654389317
25,78,playoffs,incongruent,✅,0.0073038468139357444
25,78,cartoon,incongruent,✅,0.1132414391831331
25,79,alcoholism,congruent,✅,0.9205410997351211
25,79,academics,congruent,✅,0.9719213973635669
25,79,alcoholism,incongruent,✅,0.08495657763406224
25,79,academics,incongruent,✅,0.07180341467838962
25,8,engagement,congruent,✅,0.6888673534459597
25,8,cancer,congruent,❌,0.49314074040757977
25,8,engagement,incongruent,✅,0.21824540401919493
25,8,cancer,incongruent,❌,0.5558489752669215
25,9,terminal,congruent,✅,0.9830833646957283
25,9,classroom,congruent,✅,0.89399802720283
25,9,terminal,incongruent,✅,0.007983341217440064
25,9,classroom,incongruent,✅,0.016290953554782
26,0,library,congruent,✅,0.9800264862315969
26,0,refrigerator,congruent,✅,0.8604798588178864
26,0,library,incongruent,✅,0.018291851424019276
26,0,refrigerator,incongruent,✅,0.004100122326097993
26,1,disappointment,congruent,❌,0.24711604141074314
26,1,delight,congruent,✅,0.7335663030550549
26,1,disappointment,incongruent,✅,0.011528483994981855
26,1,delight,incongruent,✅,0.136734593016549
26,10,cash,congruent,✅,0.9956934608278333
26,10,groceries,congruent,✅,0.9813608208907635
26,10,cash,incongruent,✅,0.4206443483391452
26,10,groceries,incongruent,✅,0.2179412976445652
26,11,lonely,congruent,✅,0.880719372979667
26,11,confident,congruent,✅,0.8846927859884195
26,11,lonely,incongruent,✅,0.050308469146993384
26,11,confident,incongruent,✅,0.06350843654527152
26,12,joy,congruent,✅,0.999429641069359
26,12,outrage,congruent,✅,0.7834991181158915
26,12,joy,incongruent,✅,0.11144518609260523
26,12,outrage,incongruent,❌,0.9529629745763247
26,13,traffic,congruent,✅,0.9954884462111974
26,13,snowstorm,congruent,✅,0.9992414964474351
26,13,traffic,incongruent,❌,0.8511487433852195
26,13,snowstorm,incongruent,✅,0.18620230951485173
26,14,laughter,congruent,✅,0.9352512516913624
26,14,frustration,congruent,✅,0.9949144457307172
26,14,laughter,incongruent,✅,0.05678239468083789
26,14,frustration,incongruent,✅,0.009631864257682124
26,15,calculator,congruent,✅,0.8771972757030473
26,15,instrument,congruent,✅,0.9552164599955277
26,15,calculator,incongruent,✅,0.07119990881051318
26,15,instrument,incongruent,✅,0.1783031773187162
26,16,orchestra,congruent,✅,0.9685994193603521
26,16,racers,congruent,✅,0.9862042188679783
26,16,orchestra,incongruent,✅,0.039940068761115666
26,16,racers,incongruent,✅,0.005851429491687617
26,17,retirement,congruent,✅,0.6339589672157258
26,17,playdate,congruent,✅,0.9363382345586538
26,17,retirement,incongruent,✅,0.03919510083237019
26,17,playdate,incongruent,✅,0.0005796794637573157
26,18,relieved,congruent,❌,0.29328269284569003
26,18,depressed,congruent,✅,0.5589478477935733
26,18,relieved,incongruent,✅,0.08364990231817013
26,18,depressed,incongruent,✅,0.18553198682817998
26,19,friends,congruent,❌,0.13449412364110003
26,19,weight,congruent,✅,0.9032150755377742
26,19,friends,incongruent,✅,0.1347006589015504
26,19,weight,incongruent,✅,0.015972914001912107
26,2,overcoat,congruent,✅,0.9159315809372288
26,2,sandals,congruent,✅,0.7780161979612801
26,2,overcoat,incongruent,✅,0.0023920367190132037
26,2,sandals,incongruent,✅,0.005746515276003109
26,20,lipstick,congruent,✅,0.8980636136398427
26,20,song,congruent,✅,0.9668198321174938
26,20,lipstick,incongruent,✅,0.11551907968531992
26,20,song,incongruent,✅,0.1119683916368421
26,21,fought,congruent,✅,0.9551754180828087
26,21,sang,congruent,✅,0.8110783624735082
26,21,fought,incongruent,✅,0.007513088486369922
26,21,sang,incongruent,✅,0.027305944843030765
26,22,skeptical,congruent,✅,0.7637134666279684
26,22,reassured,congruent,✅,0.625417413762013
26,22,skeptical,incongruent,✅,0.14728038964574885
26,22,reassured,incongruent,✅,0.322078999756489
26,23,graduation,congruent,✅,0.9993727029595508
26,23,operation,congruent,✅,0.9941092491445785
26,23,graduation,incongruent,✅,0.03847887547551152
26,23,operation,incongruent,✅,0.04077724581818603
26,24,bride,congruent,✅,0.9851995071567623
26,24,aftermath,congruent,✅,0.9984119425847031
26,24,bride,incongruent,✅,0.07723357730615503
26,24,aftermath,incongruent,✅,0.0010702256266398912
26,25,teacher,congruent,✅,0.8515693183094639
26,25,daughter,congruent,✅,0.9796691803525358
26,25,teacher,incongruent,✅,0.3222419613629872
26,25,daughter,incongruent,✅,0.07917137456906292
26,26,roommate,congruent,✅,0.6839926639376858
26,26,grandma,congruent,✅,0.9938660428975283
26,26,roommate,incongruent,✅,0.026193715358502748
26,26,grandma,incongruent,✅,0.0042046831552611935
26,27,brother,congruent,✅,0.7058657622483449
26,27,mother,congruent,✅,0.962204213563287
26,27,brother,incongruent,✅,0.30450926657672456
26,27,mother,incongruent,✅,0.08018947733364591
26,28,preschool,congruent,✅,0.9763031270061596
26,28,prison,congruent,✅,0.981940870348615
26,28,preschool,incongruent,✅,0.0007159187606531301
26,28,prison,incongruent,✅,0.003625510358106164
26,29,hopeful,congruent,✅,0.9012534681085975
26,29,hopeless,congruent,✅,0.9775298061074045
26,29,hopeful,incongruent,✅,0.3093561320236388
26,29,hopeless,incongruent,✅,0.325568354039013
26,3,marathon,congruent,✅,0.9478986185632198
26,3,exam,congruent,✅,0.7946662415513647
26,3,marathon,incongruent,✅,0.006841855529249544
26,3,exam,incongruent,✅,0.03590182151850063
26,30,appalled,congruent,✅,0.9843383275048543
26,30,overjoyed,congruent,✅,0.8353343533111378
26,30,appalled,incongruent,✅,0.04041586686403114
26,30,overjoyed,incongruent,❌,0.8896807799260579
26,31,reprimand,congruent,✅,0.9876172752361086
26,31,encouragement,congruent,✅,0.9804153282743926
26,31,reprimand,incongruent,✅,0.09782297157680211
26,31,encouragement,incongruent,✅,0.08251632375937443
26,32,angrily,congruent,✅,0.9668118192714237
26,32,cordially,congruent,✅,0.933410132501836
26,32,angrily,incongruent,✅,0.04131520508420336
26,32,cordially,incongruent,✅,0.017277851099632056
26,33,accusatory,congruent,✅,0.9787118946298712
26,33,flirtatious,congruent,✅,0.9237058167647811
26,33,accusatory,incongruent,✅,0.27456353580599246
26,33,flirtatious,incongruent,✅,0.2538087267880899
26,34,disapprovingly,congruent,✅,0.9561078819730132
26,34,lovingly,congruent,✅,0.683393280898724
26,34,disapprovingly,incongruent,✅,0.003579841060983485
26,34,lovingly,incongruent,✅,0.06665715348493596
26,35,playful,congruent,✅,0.7748035713209187
26,35,distant,congruent,✅,0.8738492156942266
26,35,playful,incongruent,✅,0.1381816934574927
26,35,distant,incongruent,✅,0.022298464794167073
26,36,headphones,congruent,✅,0.9055030834182547
26,36,mangoes,congruent,✅,0.6737620962934867
26,36,headphones,incongruent,✅,0.007062774607504515
26,36,mangoes,incongruent,✅,0.04163868269527129
26,37,playroom,congruent,✅,0.9936741537798085
26,37,park,congruent,✅,0.9529199807438368
26,37,playroom,incongruent,✅,0.019349070080981527
26,37,park,incongruent,✅,0.2242610893743112
26,38,bedroom,congruent,✅,0.99358591760392
26,38,backyard,congruent,✅,0.9942857135874668
26,38,bedroom,incongruent,✅,0.0062705485029889456
26,38,backyard,incongruent,✅,0.0006929945364779434
26,39,solemnly,congruent,✅,0.861005263904235
26,39,excitedly,congruent,✅,0.9293153043607975
26,39,solemnly,incongruent,✅,0.10607455800942134
26,39,excitedly,incongruent,✅,0.012344756668680235
26,4,menu,congruent,✅,0.9811289838956316
26,4,prescription,congruent,✅,0.9913900069504084
26,4,menu,incongruent,✅,0.14681992993435142
26,4,prescription,incongruent,✅,0.11740905204084297
26,40,car,congruent,✅,0.7074141425905138
26,40,sock,congruent,❌,0.2432367106349067
26,40,car,incongruent,✅,0.03022045927853957
26,40,sock,incongruent,✅,0.19230856024510648
26,41,overdressed,congruent,✅,0.9175743481420395
26,41,naked,congruent,✅,0.9749313677967667
26,41,overdressed,incongruent,✅,0.041040571861596715
26,41,naked,incongruent,✅,0.08727508574797349
26,42,shy,congruent,✅,0.7277743373344308
26,42,lively,congruent,✅,0.9850165438675701
26,42,shy,incongruent,✅,0.29443929162839394
26,42,lively,incongruent,✅,0.07419330000323153
26,43,offended,congruent,✅,0.8112878214402671
26,43,flattered,congruent,✅,0.7584620676472348
26,43,offended,incongruent,✅,0.03758979625518663
26,43,flattered,incongruent,✅,0.06709477176115662
26,44,grandkid,congruent,✅,0.9367035587220619
26,44,cellmate,congruent,✅,0.9924287799712981
26,44,grandkid,incongruent,✅,0.004109108417525682
26,44,cellmate,incongruent,✅,0.02672169940030323
26,45,promoted,congruent,✅,0.9926723820283065
26,45,fired,congruent,✅,0.9607414329096263
26,45,promoted,incongruent,✅,0.3405807089287855
26,45,fired,incongruent,❌,0.7799335622032444
26,46,shooting,congruent,❌,0.022756276080061373
26,46,celebration,congruent,✅,0.8226809685772243
26,46,shooting,incongruent,✅,0.008326155676010786
26,46,celebration,incongruent,✅,0.0038218282087532393
26,47,crayon,congruent,✅,0.9306493778213969
26,47,beer,congruent,✅,0.9931330026077289
26,47,crayon,incongruent,✅,9.698788170551486e-06
26,47,beer,incongruent,✅,0.00034915716415543046
26,48,waiter,congruent,✅,0.6144490025248132
26,48,taxi,congruent,✅,0.5533104462486433
26,48,waiter,incongruent,✅,0.04395079687027325
26,48,taxi,incongruent,✅,0.08905304191459114
26,49,parents,congruent,✅,0.9731036217037087
26,49,keys,congruent,✅,0.9921027544014471
26,49,parents,incongruent,✅,0.10633671795524055
26,49,keys,incongruent,✅,0.11029634980629634
26,5,distress,congruent,✅,0.9982987114466583
26,5,tranquility,congruent,✅,0.9907826353542857
26,5,distress,incongruent,✅,0.0008828448549857132
26,5,tranquility,incongruent,✅,0.4697468693595023
26,50,sofa,congruent,✅,0.9990466289253987
26,50,sky,congruent,✅,0.9844831727483864
26,50,sofa,incongruent,❌,0.5060242533145106
26,50,sky,incongruent,❌,0.7346770194872936
26,51,obesity,congruent,❌,0.4942509639993877
26,51,homework,congruent,✅,0.994838852875434
26,51,obesity,incongruent,✅,0.04292541908676552
26,51,homework,incongruent,✅,0.047569324205847106
26,52,quiz,congruent,✅,0.9513456408252646
26,52,commute,congruent,✅,0.996069385262336
26,52,quiz,incongruent,✅,0.02150134026270381
26,52,commute,incongruent,✅,0.028513698692956783
26,53,migraine,congruent,✅,0.997544290296508
26,53,excitement,congruent,✅,0.8708347600087698
26,53,migraine,incongruent,✅,0.00025075708084148395
26,53,excitement,incongruent,✅,0.17705519095819552
26,54,niece,congruent,✅,0.9571025435679258
26,54,husband,congruent,✅,0.9179305440585608
26,54,niece,incongruent,✅,0.44893749696006907
26,54,husband,incongruent,✅,0.48731748526726903
26,55,film,congruent,✅,0.9734631152872206
26,55,sunrise,congruent,✅,0.7233720997988021
26,55,film,incongruent,✅,0.001225748050781386
26,55,sunrise,incongruent,✅,0.03888874354455127
26,56,lecture,congruent,✅,0.9978154426294759
26,56,banquet,congruent,✅,0.8307420612627053
26,56,lecture,incongruent,✅,0.0012307758103588951
26,56,banquet,incongruent,✅,0.0013697009449114693
26,57,drink,congruent,✅,0.9987845353539052
26,57,textbook,congruent,✅,0.9594495519106694
26,57,drink,incongruent,✅,0.003167967161585841
26,57,textbook,incongruent,✅,0.05516662474082623
26,58,pool,congruent,✅,0.9972297288957426
26,58,snow,congruent,❌,0.19476577310208495
26,58,pool,incongruent,✅,0.00014257994299463357
26,58,snow,incongruent,✅,0.026768912491521513
26,59,passport,congruent,✅,0.9917944872609652
26,59,plushy,congruent,✅,0.9963546027886531
26,59,passport,incongruent,✅,0.11020700155598634
26,59,plushy,incongruent,✅,0.022376041621424037
26,6,patients,congruent,✅,0.983168650209199
26,6,students,congruent,✅,0.9870229376929965
26,6,patients,incongruent,✅,0.002468368066627228
26,6,students,incongruent,✅,0.00016688883721137208
26,60,sister,congruent,✅,0.8693430356410239
26,60,father,congruent,✅,0.966579905010105
26,60,sister,incongruent,✅,0.0785574677034515
26,60,father,incongruent,✅,0.4604026505565843
26,61,game,congruent,✅,0.9982237910349575
26,61,sunset,congruent,✅,0.9833383701768199
26,61,game,incongruent,✅,0.055553076174155926
26,61,sunset,incongruent,✅,0.05506529249493926
26,62,holidays,congruent,✅,0.9673223858471903
26,62,funeral,congruent,✅,0.9880929563417346
26,62,holidays,incongruent,✅,0.10614423250237018
26,62,funeral,incongruent,❌,0.5310692900445065
26,63,grades,congruent,✅,0.9039174441260633
26,63,affair,congruent,✅,0.949792035466424
26,63,grades,incongruent,✅,0.017129712634215373
26,63,affair,incongruent,✅,0.14665741938153834
26,64,arrest,congruent,✅,0.7045616175068548
26,64,stroke,congruent,❌,0.2677156854489048
26,64,arrest,incongruent,✅,0.07640881522820045
26,64,stroke,incongruent,✅,0.058778588359527574
26,65,pacifier,congruent,✅,0.7588401714831088
26,65,coffee,congruent,✅,0.9921592973116685
26,65,pacifier,incongruent,✅,0.000906571220875695
26,65,coffee,incongruent,✅,0.005822435199604856
26,66,sweets,congruent,✅,0.9959980972284314
26,66,sentencing,congruent,✅,0.9916400361681991
26,66,sweets,incongruent,✅,0.0005951367577698106
26,66,sentencing,incongruent,✅,0.01020164266445029
26,67,nap,congruent,✅,0.9989843625274006
26,67,selfie,congruent,✅,0.9955281763858347
26,67,nap,incongruent,✅,0.00716423703618563
26,67,selfie,incongruent,✅,0.0009029808588347722
26,68,diaper,congruent,✅,0.9926336350948028
26,68,tire,congruent,✅,0.9918300063710854
26,68,diaper,incongruent,✅,0.0002861311818595897
26,68,tire,incongruent,✅,0.0033751884444395103
26,69,chemotherapy,congruent,✅,0.6679502112261725
26,69,golf,congruent,✅,0.994212845842648
26,69,chemotherapy,incongruent,✅,0.0010484071286441707
26,69,golf,incongruent,✅,0.0038550877217933778
26,7,consensus,congruent,✅,0.9225978951805108
26,7,deadlock,congruent,✅,0.701899074287838
26,7,consensus,incongruent,✅,0.11324840259950261
26,7,deadlock,incongruent,❌,0.671400390360982
26,70,thunder,congruent,✅,0.9934006901763739
26,70,lullaby,congruent,✅,0.9439549207548716
26,70,thunder,incongruent,✅,0.054706913343756214
26,70,lullaby,incongruent,✅,0.18693453083756092
26,71,pajamas,congruent,✅,0.9686787872389029
26,71,uniform,congruent,✅,0.9945119234525199
26,71,pajamas,incongruent,✅,0.03755664266390953
26,71,uniform,incongruent,✅,0.06991166126480916
26,72,gown,congruent,✅,0.9855147072057536
26,72,sweats,congruent,✅,0.9802440531789792
26,72,gown,incongruent,✅,0.0012106398221631066
26,72,sweats,incongruent,✅,0.14122223157902106
26,73,deadline,congruent,✅,0.5530702260415886
26,73,bed,congruent,✅,0.8746583944479374
26,73,deadline,incongruent,✅,0.0005865580992461034
26,73,bed,incongruent,✅,0.028788417097134988
26,74,kindergarten,congruent,✅,0.9212920139105484
26,74,jail,congruent,✅,0.9971471519541025
26,74,kindergarten,incongruent,✅,0.045031660703166936
26,74,jail,incongruent,✅,0.33767703581031744
26,75,interrogated,congruent,✅,0.9893895373751403
26,75,tickled,congruent,✅,0.9705751374464228
26,75,interrogated,incongruent,✅,0.005836372626013243
26,75,tickled,incongruent,✅,0.006438141010841129
26,76,sandcastle,congruent,✅,0.9978534672898601
26,76,snowman,congruent,✅,0.9995020629393624
26,76,sandcastle,incongruent,✅,0.42119075982263393
26,76,snowman,incongruent,❌,0.9428450099163916
26,77,music,congruent,✅,0.9982833468766026
26,77,pizza,congruent,✅,0.9993887364237659
26,77,music,incongruent,✅,0.04276074625985221
26,77,pizza,incongruent,✅,0.0010773759416156854
26,78,playoffs,congruent,✅,0.9880463105462832
26,78,cartoon,congruent,✅,0.9938468386948894
26,78,playoffs,incongruent,✅,0.006705849189581046
26,78,cartoon,incongruent,✅,0.18564437639754816
26,79,alcoholism,congruent,✅,0.9551107457202026
26,79,academics,congruent,✅,0.9787257331345284
26,79,alcoholism,incongruent,✅,0.05830859513324735
26,79,academics,incongruent,✅,0.04116994828469314
26,8,engagement,congruent,✅,0.6382263503211741
26,8,cancer,congruent,✅,0.6458040680947428
26,8,engagement,incongruent,✅,0.38394162585348324
26,8,cancer,incongruent,✅,0.47210759917537026
26,9,terminal,congruent,✅,0.9916063346245264
26,9,classroom,congruent,✅,0.9644837588588836
26,9,terminal,incongruent,✅,0.01274048927748852
26,9,classroom,incongruent,✅,0.044079647744678124
27,0,library,congruent,✅,0.9512135635189671
27,0,refrigerator,congruent,✅,0.7985730164606436
27,0,library,incongruent,✅,0.002429418418340978
27,0,refrigerator,incongruent,✅,0.0013423546635166477
27,1,disappointment,congruent,❌,0.2159555836807789
27,1,delight,congruent,✅,0.6410323784966576
27,1,disappointment,incongruent,✅,0.012087220596122475
27,1,delight,incongruent,✅,0.10728594706978942
27,10,cash,congruent,✅,0.9971707917339447
27,10,groceries,congruent,✅,0.9861944360212463
27,10,cash,incongruent,❌,0.5335500232841071
27,10,groceries,incongruent,✅,0.251846226651057
27,11,lonely,congruent,✅,0.9135401428496729
27,11,confident,congruent,✅,0.8580762019601704
27,11,lonely,incongruent,✅,0.042648557853456726
27,11,confident,incongruent,✅,0.07982688969983155
27,12,joy,congruent,✅,0.9985053846779272
27,12,outrage,congruent,✅,0.754725190053028
27,12,joy,incongruent,✅,0.05141232374161622
27,12,outrage,incongruent,❌,0.9044382766622706
27,13,traffic,congruent,✅,0.997551682348036
27,13,snowstorm,congruent,✅,0.9988638343670041
27,13,traffic,incongruent,❌,0.8069298232556625
27,13,snowstorm,incongruent,✅,0.23073141417066384
27,14,laughter,congruent,✅,0.9502039493332229
27,14,frustration,congruent,✅,0.9950222876479051
27,14,laughter,incongruent,✅,0.04310607565266536
27,14,frustration,incongruent,✅,0.008550311420637785
27,15,calculator,congruent,✅,0.9592404693751487
27,15,instrument,congruent,✅,0.9704412763745924
27,15,calculator,incongruent,✅,0.11212436338736285
27,15,instrument,incongruent,✅,0.21192002732906695
27,16,orchestra,congruent,✅,0.9693293496344849
27,16,racers,congruent,✅,0.9899310828575386
27,16,orchestra,incongruent,✅,0.08236275621069944
27,16,racers,incongruent,✅,0.006798702769003046
27,17,retirement,congruent,✅,0.7079350277420323
27,17,playdate,congruent,✅,0.9276117236942193
27,17,retirement,incongruent,✅,0.046376567761579675
27,17,playdate,incongruent,✅,0.0003433941995412404
27,18,relieved,congruent,❌,0.3950559680034806
27,18,depressed,congruent,✅,0.5605882169643026
27,18,relieved,incongruent,✅,0.06739227779112733
27,18,depressed,incongruent,✅,0.3443049630192369
27,19,friends,congruent,❌,0.08472596714587534
27,19,weight,congruent,✅,0.9489488745194498
27,19,friends,incongruent,✅,0.23842193139797274
27,19,weight,incongruent,✅,0.008057563175614176
27,2,overcoat,congruent,✅,0.8648770586596083
27,2,sandals,congruent,✅,0.790512255380639
27,2,overcoat,incongruent,✅,0.004335861588825443
27,2,sandals,incongruent,✅,0.004692830013323142
27,20,lipstick,congruent,✅,0.9340911859356282
27,20,song,congruent,✅,0.9542357223551916
27,20,lipstick,incongruent,✅,0.1049407320060228
27,20,song,incongruent,✅,0.12549446107678652
27,21,fought,congruent,✅,0.9311303719008722
27,21,sang,congruent,✅,0.9002122662805586
27,21,fought,incongruent,✅,0.010609176019297551
27,21,sang,incongruent,✅,0.01841145941092101
27,22,skeptical,congruent,✅,0.8351804745545809
27,22,reassured,congruent,✅,0.6918138814386486
27,22,skeptical,incongruent,✅,0.23639173604562216
27,22,reassured,incongruent,✅,0.4460697896827097
27,23,graduation,congruent,✅,0.9990849531824125
27,23,operation,congruent,✅,0.9960608486705088
27,23,graduation,incongruent,✅,0.08489827946889825
27,23,operation,incongruent,✅,0.057868613891332306
27,24,bride,congruent,✅,0.9898175896871035
27,24,aftermath,congruent,✅,0.9960546083845228
27,24,bride,incongruent,✅,0.053962246367430494
27,24,aftermath,incongruent,✅,0.004680916414589428
27,25,teacher,congruent,✅,0.8945754298991242
27,25,daughter,congruent,✅,0.9834868219965055
27,25,teacher,incongruent,✅,0.43928649673405906
27,25,daughter,incongruent,✅,0.06981418688229507
27,26,roommate,congruent,✅,0.7450789261573691
27,26,grandma,congruent,✅,0.996080508209116
27,26,roommate,incongruent,✅,0.02278321398318339
27,26,grandma,incongruent,✅,0.004196517152909941
27,27,brother,congruent,✅,0.8953639517332577
27,27,mother,congruent,✅,0.9682245623082476
27,27,brother,incongruent,✅,0.2608689374100355
27,27,mother,incongruent,✅,0.11404789726617719
27,28,preschool,congruent,✅,0.9510304485824537
27,28,prison,congruent,✅,0.9836649279106443
27,28,preschool,incongruent,✅,0.0003675129426626239
27,28,prison,incongruent,✅,0.0029272753888024746
27,29,hopeful,congruent,✅,0.9105062732824457
27,29,hopeless,congruent,✅,0.9842905665187889
27,29,hopeful,incongruent,✅,0.4216739564714918
27,29,hopeless,incongruent,✅,0.36345360694044443
27,3,marathon,congruent,✅,0.9658736056220584
27,3,exam,congruent,✅,0.9175664984669947
27,3,marathon,incongruent,✅,0.006893444440351595
27,3,exam,incongruent,✅,0.05032781087624674
27,30,appalled,congruent,✅,0.991884085252733
27,30,overjoyed,congruent,✅,0.8917544355618243
27,30,appalled,incongruent,✅,0.045502596040324604
27,30,overjoyed,incongruent,❌,0.9455519352149822
27,31,reprimand,congruent,✅,0.9823864410059222
27,31,encouragement,congruent,✅,0.9896209945576545
27,31,reprimand,incongruent,✅,0.08832272373176155
27,31,encouragement,incongruent,✅,0.10391501924967196
27,32,angrily,congruent,✅,0.9751473002228773
27,32,cordially,congruent,✅,0.9626772058861112
27,32,angrily,incongruent,✅,0.07912650843670613
27,32,cordially,incongruent,✅,0.01262528417032458
27,33,accusatory,congruent,✅,0.9710355003738453
27,33,flirtatious,congruent,✅,0.9036119233428221
27,33,accusatory,incongruent,✅,0.2606967070093802
27,33,flirtatious,incongruent,✅,0.27618173884754754
27,34,disapprovingly,congruent,✅,0.9328594280461987
27,34,lovingly,congruent,✅,0.7170101329640503
27,34,disapprovingly,incongruent,✅,0.0028202854823666953
27,34,lovingly,incongruent,✅,0.048098006804909776
27,35,playful,congruent,✅,0.7303040055174266
27,35,distant,congruent,✅,0.8746720826406313
27,35,playful,incongruent,✅,0.12169941768709217
27,35,distant,incongruent,✅,0.011373192601714883
27,36,headphones,congruent,✅,0.8739153603672746
27,36,mangoes,congruent,✅,0.5479032715275353
27,36,headphones,incongruent,✅,0.0040265041585256294
27,36,mangoes,incongruent,✅,0.022910940112792905
27,37,playroom,congruent,✅,0.996248838694547
27,37,park,congruent,✅,0.9695390026588809
27,37,playroom,incongruent,✅,0.010772577663333597
27,37,park,incongruent,✅,0.20918501372686166
27,38,bedroom,congruent,✅,0.9937640742953011
27,38,backyard,congruent,✅,0.9920125804617836
27,38,bedroom,incongruent,✅,0.005394547058179832
27,38,backyard,incongruent,✅,0.0007946918945703949
27,39,solemnly,congruent,✅,0.9140205688283185
27,39,excitedly,congruent,✅,0.9660365409401873
27,39,solemnly,incongruent,✅,0.19120176788643675
27,39,excitedly,incongruent,✅,0.03509319753240815
27,4,menu,congruent,✅,0.9840721543451326
27,4,prescription,congruent,✅,0.9833680046884626
27,4,menu,incongruent,✅,0.3069730931002547
27,4,prescription,incongruent,✅,0.07189958140747256
27,40,car,congruent,✅,0.6197522040101991
27,40,sock,congruent,❌,0.3728773917851137
27,40,car,incongruent,✅,0.07401517834434293
27,40,sock,incongruent,✅,0.11229242002347899
27,41,overdressed,congruent,✅,0.8802139162448548
27,41,naked,congruent,✅,0.980642213338504
27,41,overdressed,incongruent,✅,0.0409014092801468
27,41,naked,incongruent,✅,0.1084477282261047
27,42,shy,congruent,✅,0.6558144994560389
27,42,lively,congruent,✅,0.9862307256566905
27,42,shy,incongruent,✅,0.4678672609986443
27,42,lively,incongruent,✅,0.07631646003260462
27,43,offended,congruent,✅,0.7007326361750378
27,43,flattered,congruent,✅,0.6495867229131523
27,43,offended,incongruent,✅,0.01507672296681553
27,43,flattered,incongruent,✅,0.02897760701558523
27,44,grandkid,congruent,✅,0.9634641162381219
27,44,cellmate,congruent,✅,0.9840764587113996
27,44,grandkid,incongruent,✅,0.0006573273247022732
27,44,cellmate,incongruent,✅,0.009256846883561851
27,45,promoted,congruent,✅,0.992856143566371
27,45,fired,congruent,✅,0.9828727642525201
27,45,promoted,incongruent,✅,0.46539879395898115
27,45,fired,incongruent,❌,0.8729546056914393
27,46,shooting,congruent,❌,0.04092201500901748
27,46,celebration,congruent,✅,0.7682822410879725
27,46,shooting,incongruent,✅,0.01051934777559248
27,46,celebration,incongruent,✅,0.007321494544953215
27,47,crayon,congruent,✅,0.9570683687387374
27,47,beer,congruent,✅,0.9908606218124094
27,47,crayon,incongruent,✅,5.1733571534147634e-06
27,47,beer,incongruent,✅,0.0006964612074045174
27,48,waiter,congruent,✅,0.605188395336655
27,48,taxi,congruent,✅,0.6666838137976173
27,48,waiter,incongruent,✅,0.04011111247540672
27,48,taxi,incongruent,✅,0.07367345030130101
27,49,parents,congruent,✅,0.9821297954719472
27,49,keys,congruent,✅,0.9870695499342121
27,49,parents,incongruent,✅,0.0642424858839932
27,49,keys,incongruent,✅,0.17346187333426785
27,5,distress,congruent,✅,0.9985254891025703
27,5,tranquility,congruent,✅,0.9937227994222426
27,5,distress,incongruent,✅,0.000701138811553103
27,5,tranquility,incongruent,❌,0.5107924168167807
27,50,sofa,congruent,✅,0.9990303208817755
27,50,sky,congruent,✅,0.9875272543426232
27,50,sofa,incongruent,❌,0.6681516575245706
27,50,sky,incongruent,❌,0.7818886972561859
27,51,obesity,congruent,❌,0.39796956649042814
27,51,homework,congruent,✅,0.9931421063795031
27,51,obesity,incongruent,✅,0.03684175739297635
27,51,homework,incongruent,✅,0.03448939775359416
27,52,quiz,congruent,✅,0.9772699776567523
27,52,commute,congruent,✅,0.9963465466797479
27,52,quiz,incongruent,✅,0.0335201935071833
27,52,commute,incongruent,✅,0.022801566381896576
27,53,migraine,congruent,✅,0.9969026560786767
27,53,excitement,congruent,✅,0.7786293252102748
27,53,migraine,incongruent,✅,0.0001353230124447943
27,53,excitement,incongruent,✅,0.22256590403136153
27,54,niece,congruent,✅,0.9730222129107765
27,54,husband,congruent,✅,0.9287261037305723
27,54,niece,incongruent,❌,0.5001211811764171
27,54,husband,incongruent,❌,0.522237260457101
27,55,film,congruent,✅,0.9809083027375374
27,55,sunrise,congruent,✅,0.5918654362156952
27,55,film,incongruent,✅,0.0019708953765395173
27,55,sunrise,incongruent,✅,0.03660050107894758
27,56,lecture,congruent,✅,0.9959378629304624
27,56,banquet,congruent,✅,0.816574270223361
27,56,lecture,incongruent,✅,0.00043202240288542804
27,56,banquet,incongruent,✅,0.0006379854080171385
27,57,drink,congruent,✅,0.997607893104667
27,57,textbook,congruent,✅,0.953057933307385
27,57,drink,incongruent,✅,0.002760203841810934
27,57,textbook,incongruent,✅,0.0347291814373117
27,58,pool,congruent,✅,0.9987538656231194
27,58,snow,congruent,❌,0.3465668245943489
27,58,pool,incongruent,✅,0.000191493318876573
27,58,snow,incongruent,✅,0.028186518095134127
27,59,passport,congruent,✅,0.9824741151183043
27,59,plushy,congruent,✅,0.9858125229474968
27,59,passport,incongruent,✅,0.05676985627169064
27,59,plushy,incongruent,✅,0.014297133322816477
27,6,patients,congruent,✅,0.9505186787843143
27,6,students,congruent,✅,0.989114489009075
27,6,patients,incongruent,✅,0.006056558072696759
27,6,students,incongruent,✅,0.0001972285292640919
27,60,sister,congruent,✅,0.7682351577935503
27,60,father,congruent,✅,0.9589763168140344
27,60,sister,incongruent,✅,0.05342294014177751
27,60,father,incongruent,✅,0.20756330634760614
27,61,game,congruent,✅,0.998192973157331
27,61,sunset,congruent,✅,0.9890174359702661
27,61,game,incongruent,✅,0.04267379818256904
27,61,sunset,incongruent,✅,0.055251025203461354
27,62,holidays,congruent,✅,0.9666185198241133
27,62,funeral,congruent,✅,0.9941851354939424
27,62,holidays,incongruent,✅,0.10578751268839483
27,62,funeral,incongruent,✅,0.4339974892829331
27,63,grades,congruent,✅,0.8540666464121022
27,63,affair,congruent,✅,0.9366299514487327
27,63,grades,incongruent,✅,0.021218178454071722
27,63,affair,incongruent,✅,0.13222985772383747
27,64,arrest,congruent,✅,0.5398486124236326
27,64,stroke,congruent,❌,0.18491615103093806
27,64,arrest,incongruent,✅,0.046911991046863485
27,64,stroke,incongruent,✅,0.021920940049523954
27,65,pacifier,congruent,✅,0.7686714190442492
27,65,coffee,congruent,✅,0.9949026246927202
27,65,pacifier,incongruent,✅,0.0016772488699044448
27,65,coffee,incongruent,✅,0.0031396707416957046
27,66,sweets,congruent,✅,0.9971582886074737
27,66,sentencing,congruent,✅,0.9942224699444776
27,66,sweets,incongruent,✅,0.0011113217927398503
27,66,sentencing,incongruent,✅,0.007392086322200522
27,67,nap,congruent,✅,0.9976299584475521
27,67,selfie,congruent,✅,0.9966189110477459
27,67,nap,incongruent,✅,0.009974157416411278
27,67,selfie,incongruent,✅,0.0010275522177797482
27,68,diaper,congruent,✅,0.9929005021208291
27,68,tire,congruent,✅,0.9916663928807367
27,68,diaper,incongruent,✅,0.000274194722284509
27,68,tire,incongruent,✅,0.008236345531807937
27,69,chemotherapy,congruent,✅,0.6923576418592625
27,69,golf,congruent,✅,0.9928240690701018
27,69,chemotherapy,incongruent,✅,0.0009008889624601623
27,69,golf,incongruent,✅,0.005724916522523541
27,7,consensus,congruent,✅,0.9202491427973701
27,7,deadlock,congruent,✅,0.8164215775360804
27,7,consensus,incongruent,✅,0.13833540519309656
27,7,deadlock,incongruent,❌,0.6186126185270022
27,70,thunder,congruent,✅,0.9948278887684201
27,70,lullaby,congruent,✅,0.9345261746321
27,70,thunder,incongruent,✅,0.0382611427456145
27,70,lullaby,incongruent,✅,0.2440817362866182
27,71,pajamas,congruent,✅,0.9668077973923607
27,71,uniform,congruent,✅,0.9890790659756972
27,71,pajamas,incongruent,✅,0.07009792758654187
27,71,uniform,incongruent,✅,0.08086811446964869
27,72,gown,congruent,✅,0.9902285775121408
27,72,sweats,congruent,✅,0.974737708733831
27,72,gown,incongruent,✅,0.0009867359095354913
27,72,sweats,incongruent,✅,0.33824147343297634
27,73,deadline,congruent,❌,0.3937694281422763
27,73,bed,congruent,✅,0.9423207896992603
27,73,deadline,incongruent,✅,0.001684799920928402
27,73,bed,incongruent,✅,0.029541504162167206
27,74,kindergarten,congruent,✅,0.9314943033788379
27,74,jail,congruent,✅,0.9979405725311635
27,74,kindergarten,incongruent,✅,0.0784968028871473
27,74,jail,incongruent,✅,0.29177421685703514
27,75,interrogated,congruent,✅,0.9876393521824968
27,75,tickled,congruent,✅,0.9620288212079868
27,75,interrogated,incongruent,✅,0.004122639028125485
27,75,tickled,incongruent,✅,0.004125907551231583
27,76,sandcastle,congruent,✅,0.9964117067164836
27,76,snowman,congruent,✅,0.998916344398912
27,76,sandcastle,incongruent,✅,0.07385146465769629
27,76,snowman,incongruent,✅,0.39039751627527153
27,77,music,congruent,✅,0.9985961466931846
27,77,pizza,congruent,✅,0.9992481663177848
27,77,music,incongruent,✅,0.05967981765965447
27,77,pizza,incongruent,✅,0.0012759148473100647
27,78,playoffs,congruent,✅,0.990452185242906
27,78,cartoon,congruent,✅,0.9941638176974427
27,78,playoffs,incongruent,✅,0.001400527459569143
27,78,cartoon,incongruent,✅,0.2903765313338795
27,79,alcoholism,congruent,✅,0.9608937621770004
27,79,academics,congruent,✅,0.9743316056028812
27,79,alcoholism,incongruent,✅,0.06253326387296071
27,79,academics,incongruent,✅,0.04605207058479235
27,8,engagement,congruent,✅,0.7747684596753319
27,8,cancer,congruent,✅,0.6057094054357474
27,8,engagement,incongruent,✅,0.44781407452752725
27,8,cancer,incongruent,❌,0.5005760823391232
27,9,terminal,congruent,✅,0.9889194024979081
27,9,classroom,congruent,✅,0.9635054968232506
27,9,terminal,incongruent,✅,0.0030148685482290958
27,9,classroom,incongruent,✅,0.018765033801433018
28,0,library,congruent,✅,0.9408975081987613
28,0,refrigerator,congruent,❌,0.48245910917767376
28,0,library,incongruent,✅,0.0008431853555806546
28,0,refrigerator,incongruent,✅,0.0026827156888086464
28,1,disappointment,congruent,❌,0.1533630634347378
28,1,delight,congruent,❌,0.46421002458083693
28,1,disappointment,incongruent,✅,0.009166397932016521
28,1,delight,incongruent,✅,0.06125267929023304
28,10,cash,congruent,✅,0.9916659188156534
28,10,groceries,congruent,✅,0.9641175776115863
28,10,cash,incongruent,✅,0.30467902506974015
28,10,groceries,incongruent,✅,0.10978121998516661
28,11,lonely,congruent,✅,0.9198673406354909
28,11,confident,congruent,✅,0.777597977400115
28,11,lonely,incongruent,✅,0.04461177375777614
28,11,confident,incongruent,✅,0.1329676262687864
28,12,joy,congruent,✅,0.9980217608699886
28,12,outrage,congruent,✅,0.6935802598940154
28,12,joy,incongruent,✅,0.0702352669502406
28,12,outrage,incongruent,❌,0.8938039465152281
28,13,traffic,congruent,✅,0.9951507403458393
28,13,snowstorm,congruent,✅,0.9983260235304303
28,13,traffic,incongruent,❌,0.6899917759444052
28,13,snowstorm,incongruent,✅,0.3401549013878058
28,14,laughter,congruent,✅,0.9535924342086044
28,14,frustration,congruent,✅,0.9944730330353148
28,14,laughter,incongruent,✅,0.06988367061852603
28,14,frustration,incongruent,✅,0.008997709194932377
28,15,calculator,congruent,✅,0.9529941033356205
28,15,instrument,congruent,✅,0.9198126591616783
28,15,calculator,incongruent,✅,0.08724792052210086
28,15,instrument,incongruent,✅,0.18012655270694194
28,16,orchestra,congruent,✅,0.9663132507643112
28,16,racers,congruent,✅,0.9846355717497498
28,16,orchestra,incongruent,✅,0.06273801812568063
28,16,racers,incongruent,✅,0.014900518746383214
28,17,retirement,congruent,✅,0.7388161372335155
28,17,playdate,congruent,✅,0.9433622152496619
28,17,retirement,incongruent,✅,0.07726370400272574
28,17,playdate,incongruent,✅,0.0015464431842312013
28,18,relieved,congruent,❌,0.3154368837180355
28,18,depressed,congruent,❌,0.47721278788257354
28,18,relieved,incongruent,✅,0.07559212142997006
28,18,depressed,incongruent,✅,0.2482564673319493
28,19,friends,congruent,❌,0.10810573090307082
28,19,weight,congruent,✅,0.9624534000779186
28,19,friends,incongruent,✅,0.3349759072522708
28,19,weight,incongruent,✅,0.009637114091126279
28,2,overcoat,congruent,✅,0.8663390518332053
28,2,sandals,congruent,✅,0.760323166460313
28,2,overcoat,incongruent,✅,0.002050362390397409
28,2,sandals,incongruent,✅,0.005885153518349042
28,20,lipstick,congruent,✅,0.8730375916752262
28,20,song,congruent,✅,0.9197102775519875
28,20,lipstick,incongruent,✅,0.07703519985408083
28,20,song,incongruent,✅,0.15571333155075548
28,21,fought,congruent,✅,0.9382281722134003
28,21,sang,congruent,✅,0.8927551866790546
28,21,fought,incongruent,✅,0.025276678522885915
28,21,sang,incongruent,✅,0.012563294845620476
28,22,skeptical,congruent,✅,0.8123603378714037
28,22,reassured,congruent,✅,0.5937864910949141
28,22,skeptical,incongruent,✅,0.2045961174232486
28,22,reassured,incongruent,✅,0.46625612083787804
28,23,graduation,congruent,✅,0.9988151150762415
28,23,operation,congruent,✅,0.996183566428213
28,23,graduation,incongruent,✅,0.09384080434239574
28,23,operation,incongruent,✅,0.05783030603912587
28,24,bride,congruent,✅,0.9812441606756859
28,24,aftermath,congruent,✅,0.9964345233837025
28,24,bride,incongruent,✅,0.06835807626691238
28,24,aftermath,incongruent,✅,0.006931141482148853
28,25,teacher,congruent,✅,0.914819552769707
28,25,daughter,congruent,✅,0.981441652352242
28,25,teacher,incongruent,❌,0.5744973629419381
28,25,daughter,incongruent,✅,0.08959949121426058
28,26,roommate,congruent,✅,0.7799238375341417
28,26,grandma,congruent,✅,0.9941173059840914
28,26,roommate,incongruent,✅,0.023682400809496146
28,26,grandma,incongruent,✅,0.006155826540312692
28,27,brother,congruent,✅,0.9062753828366379
28,27,mother,congruent,✅,0.9497369489757389
28,27,brother,incongruent,✅,0.20387782111970804
28,27,mother,incongruent,✅,0.1641495542656729
28,28,preschool,congruent,✅,0.9277207402703523
28,28,prison,congruent,✅,0.976510305953553
28,28,preschool,incongruent,✅,0.00038317355049364546
28,28,prison,incongruent,✅,0.0027062904347831267
28,29,hopeful,congruent,✅,0.8934089880785111
28,29,hopeless,congruent,✅,0.95416351257248
28,29,hopeful,incongruent,✅,0.27660402717373805
28,29,hopeless,incongruent,✅,0.33557052923718517
28,3,marathon,congruent,✅,0.9399552739774693
28,3,exam,congruent,✅,0.9025437748175424
28,3,marathon,incongruent,✅,0.012629905490296007
28,3,exam,incongruent,✅,0.03650814513347947
28,30,appalled,congruent,✅,0.9868390324556625
28,30,overjoyed,congruent,✅,0.9006711056687179
28,30,appalled,incongruent,✅,0.09031408182414605
28,30,overjoyed,incongruent,❌,0.9249631387935839
28,31,reprimand,congruent,✅,0.9864428413692911
28,31,encouragement,congruent,✅,0.9850769333360511
28,31,reprimand,incongruent,✅,0.12333045413059243
28,31,encouragement,incongruent,✅,0.1126314038701263
28,32,angrily,congruent,✅,0.9800242575911736
28,32,cordially,congruent,✅,0.970849116412836
28,32,angrily,incongruent,✅,0.11975598289805879
28,32,cordially,incongruent,✅,0.039626368796214846
28,33,accusatory,congruent,✅,0.9487849662266026
28,33,flirtatious,congruent,✅,0.8827658322260641
28,33,accusatory,incongruent,✅,0.2715183603388127
28,33,flirtatious,incongruent,✅,0.2235679932092768
28,34,disapprovingly,congruent,✅,0.9504874961912994
28,34,lovingly,congruent,✅,0.664645088038977
28,34,disapprovingly,incongruent,✅,0.005381561305146135
28,34,lovingly,incongruent,✅,0.07635665539321226
28,35,playful,congruent,✅,0.6211953688641573
28,35,distant,congruent,✅,0.8812663008474086
28,35,playful,incongruent,✅,0.1399823066416741
28,35,distant,incongruent,✅,0.013307367800259698
28,36,headphones,congruent,✅,0.8903826834780436
28,36,mangoes,congruent,✅,0.5948110104362866
28,36,headphones,incongruent,✅,0.0055769208050319785
28,36,mangoes,incongruent,✅,0.0508326768993611
28,37,playroom,congruent,✅,0.9950183878486928
28,37,park,congruent,✅,0.9605978348566251
28,37,playroom,incongruent,✅,0.01523899284026888
28,37,park,incongruent,✅,0.2297572152984733
28,38,bedroom,congruent,✅,0.9890152160243443
28,38,backyard,congruent,✅,0.9882373760797398
28,38,bedroom,incongruent,✅,0.009533993684262072
28,38,backyard,incongruent,✅,0.0011223906370418045
28,39,solemnly,congruent,✅,0.8918048306130197
28,39,excitedly,congruent,✅,0.9423639618229911
28,39,solemnly,incongruent,✅,0.23439050443813836
28,39,excitedly,incongruent,✅,0.05497963390268428
28,4,menu,congruent,✅,0.9824654022457114
28,4,prescription,congruent,✅,0.9849253199450799
28,4,menu,incongruent,✅,0.22791096674513406
28,4,prescription,incongruent,✅,0.07552094233175413
28,40,car,congruent,✅,0.5481540009240234
28,40,sock,congruent,❌,0.2668197110843813
28,40,car,incongruent,✅,0.0555407166273429
28,40,sock,incongruent,✅,0.1052150111744998
28,41,overdressed,congruent,✅,0.8907951648946276
28,41,naked,congruent,✅,0.9803148459629771
28,41,overdressed,incongruent,✅,0.10686313022948095
28,41,naked,incongruent,✅,0.07801812126044935
28,42,shy,congruent,✅,0.5391634666758043
28,42,lively,congruent,✅,0.9791631986256288
28,42,shy,incongruent,✅,0.37028399435679066
28,42,lively,incongruent,✅,0.06276423257398772
28,43,offended,congruent,✅,0.7552765650094267
28,43,flattered,congruent,✅,0.6392222081642265
28,43,offended,incongruent,✅,0.019703276965007413
28,43,flattered,incongruent,✅,0.05252679702087859
28,44,grandkid,congruent,✅,0.9601963593144561
28,44,cellmate,congruent,✅,0.9824394358010647
28,44,grandkid,incongruent,✅,0.002999905603698714
28,44,cellmate,incongruent,✅,0.012970530949664221
28,45,promoted,congruent,✅,0.9870376713688933
28,45,fired,congruent,✅,0.9596122771872287
28,45,promoted,incongruent,✅,0.3179747271866077
28,45,fired,incongruent,❌,0.7885045298294467
28,46,shooting,congruent,❌,0.025366688723197577
28,46,celebration,congruent,✅,0.7002003561393161
28,46,shooting,incongruent,✅,0.008952596081151665
28,46,celebration,incongruent,✅,0.006426850512223125
28,47,crayon,congruent,✅,0.920692131717547
28,47,beer,congruent,✅,0.9945325542563708
28,47,crayon,incongruent,✅,7.867244533352226e-05
28,47,beer,incongruent,✅,0.0010592994123834085
28,48,waiter,congruent,✅,0.6030366320617069
28,48,taxi,congruent,✅,0.6494202906498912
28,48,waiter,incongruent,✅,0.04810289107997481
28,48,taxi,incongruent,✅,0.0693212559808476
28,49,parents,congruent,✅,0.9741324004008669
28,49,keys,congruent,✅,0.9798717117111838
28,49,parents,incongruent,✅,0.0969646124104431
28,49,keys,incongruent,✅,0.2874735921823691
28,5,distress,congruent,✅,0.9976321595185478
28,5,tranquility,congruent,✅,0.9923014463687669
28,5,distress,incongruent,✅,0.0022086351689475864
28,5,tranquility,incongruent,❌,0.5260417791610402
28,50,sofa,congruent,✅,0.9991367977395418
28,50,sky,congruent,✅,0.9869227908922421
28,50,sofa,incongruent,❌,0.6927390624755666
28,50,sky,incongruent,❌,0.8088313806698446
28,51,obesity,congruent,❌,0.37807731607830924
28,51,homework,congruent,✅,0.9920337271258652
28,51,obesity,incongruent,✅,0.04016130297094864
28,51,homework,incongruent,✅,0.03905987274726487
28,52,quiz,congruent,✅,0.9510849594257923
28,52,commute,congruent,✅,0.9964285957822961
28,52,quiz,incongruent,✅,0.0477818505848647
28,52,commute,incongruent,✅,0.016324589304911877
28,53,migraine,congruent,✅,0.996021748803652
28,53,excitement,congruent,✅,0.8047187290805885
28,53,migraine,incongruent,✅,0.0003105421571118454
28,53,excitement,incongruent,✅,0.22344877165965338
28,54,niece,congruent,✅,0.9438941609896899
28,54,husband,congruent,✅,0.9240731503832318
28,54,niece,incongruent,✅,0.45542221694404383
28,54,husband,incongruent,✅,0.3728560185109436
28,55,film,congruent,✅,0.9815779612011213
28,55,sunrise,congruent,✅,0.6094029507163308
28,55,film,incongruent,✅,0.00365312972370764
28,55,sunrise,incongruent,✅,0.0538255555885742
28,56,lecture,congruent,✅,0.9944223693072345
28,56,banquet,congruent,✅,0.7932246802376892
28,56,lecture,incongruent,✅,0.0006565832170826312
28,56,banquet,incongruent,✅,0.00047214878252277974
28,57,drink,congruent,✅,0.9970776418206351
28,57,textbook,congruent,✅,0.9526534068999013
28,57,drink,incongruent,✅,0.00259939088064446
28,57,textbook,incongruent,✅,0.030158913237566157
28,58,pool,congruent,✅,0.9973470223578033
28,58,snow,congruent,❌,0.46363708845278523
28,58,pool,incongruent,✅,0.000831246984235085
28,58,snow,incongruent,✅,0.04630529041556146
28,59,passport,congruent,✅,0.9884141189821626
28,59,plushy,congruent,✅,0.9919385020186274
28,59,passport,incongruent,✅,0.13413643345870482
28,59,plushy,incongruent,✅,0.028637853114382533
28,6,patients,congruent,✅,0.9682343818858994
28,6,students,congruent,✅,0.9921132392726755
28,6,patients,incongruent,✅,0.004899917887906481
28,6,students,incongruent,✅,0.00022910083995362278
28,60,sister,congruent,✅,0.6459711734459543
28,60,father,congruent,✅,0.9432944536408363
28,60,sister,incongruent,✅,0.044396060575123755
28,60,father,incongruent,✅,0.13701133645215557
28,61,game,congruent,✅,0.9976644891509564
28,61,sunset,congruent,✅,0.9840470773621584
28,61,game,incongruent,✅,0.05860634943720437
28,61,sunset,incongruent,✅,0.046488282639787305
28,62,holidays,congruent,✅,0.9731193184160797
28,62,funeral,congruent,✅,0.9944942902442573
28,62,holidays,incongruent,✅,0.15952313844672264
28,62,funeral,incongruent,✅,0.49667313266956714
28,63,grades,congruent,✅,0.8509522960809053
28,63,affair,congruent,✅,0.96449428928657
28,63,grades,incongruent,✅,0.07445675159476513
28,63,affair,incongruent,✅,0.12315660682025484
28,64,arrest,congruent,✅,0.5098664910361601
28,64,stroke,congruent,❌,0.2202047406182671
28,64,arrest,incongruent,✅,0.06040484840377314
28,64,stroke,incongruent,✅,0.03299264377397297
28,65,pacifier,congruent,✅,0.807323249194165
28,65,coffee,congruent,✅,0.9946750333021046
28,65,pacifier,incongruent,✅,0.00130705760108156
28,65,coffee,incongruent,✅,0.006930133503308735
28,66,sweets,congruent,✅,0.9978641988437615
28,66,sentencing,congruent,✅,0.9947668335781268
28,66,sweets,incongruent,✅,0.001978845850690634
28,66,sentencing,incongruent,✅,0.011168065403205994
28,67,nap,congruent,✅,0.9967000221976476
28,67,selfie,congruent,✅,0.997135249853997
28,67,nap,incongruent,✅,0.015268348040385047
28,67,selfie,incongruent,✅,0.0010252382114505723
28,68,diaper,congruent,✅,0.9803373853256147
28,68,tire,congruent,✅,0.9911220654628237
28,68,diaper,incongruent,✅,0.0005867395348875844
28,68,tire,incongruent,✅,0.005057801137855717
28,69,chemotherapy,congruent,✅,0.7405629452032879
28,69,golf,congruent,✅,0.9931057435499142
28,69,chemotherapy,incongruent,✅,0.0011265875012627545
28,69,golf,incongruent,✅,0.008256374532055319
28,7,consensus,congruent,✅,0.9338752013205237
28,7,deadlock,congruent,✅,0.8104788202000505
28,7,consensus,incongruent,✅,0.1439300532472282
28,7,deadlock,incongruent,❌,0.5934068526475507
28,70,thunder,congruent,✅,0.9939357943503717
28,70,lullaby,congruent,✅,0.9200862410773416
28,70,thunder,incongruent,✅,0.037606728821281146
28,70,lullaby,incongruent,✅,0.25576265945622867
28,71,pajamas,congruent,✅,0.9818571199615362
28,71,uniform,congruent,✅,0.9914444208086359
28,71,pajamas,incongruent,✅,0.08306881334864061
28,71,uniform,incongruent,✅,0.03970956859223534
28,72,gown,congruent,✅,0.9922341706686717
28,72,sweats,congruent,✅,0.984290902966739
28,72,gown,incongruent,✅,0.0029663842928430795
28,72,sweats,incongruent,✅,0.344312042567283
28,73,deadline,congruent,❌,0.43358906087026344
28,73,bed,congruent,✅,0.9279002586272771
28,73,deadline,incongruent,✅,0.0032136667140405337
28,73,bed,incongruent,✅,0.036661878370161737
28,74,kindergarten,congruent,✅,0.9178831621614384
28,74,jail,congruent,✅,0.995820821845028
28,74,kindergarten,incongruent,✅,0.12251934596600267
28,74,jail,incongruent,✅,0.3256237851900084
28,75,interrogated,congruent,✅,0.9827302331551684
28,75,tickled,congruent,✅,0.9685897379236202
28,75,interrogated,incongruent,✅,0.005659067532606634
28,75,tickled,incongruent,✅,0.0020077913390449532
28,76,sandcastle,congruent,✅,0.9880518045118575
28,76,snowman,congruent,✅,0.9969430915328654
28,76,sandcastle,incongruent,✅,0.04280507967437799
28,76,snowman,incongruent,✅,0.3458759274297085
28,77,music,congruent,✅,0.9982148875578616
28,77,pizza,congruent,✅,0.9990693908250806
28,77,music,incongruent,✅,0.10350545028542446
28,77,pizza,incongruent,✅,0.0009148682315817276
28,78,playoffs,congruent,✅,0.9903125853276152
28,78,cartoon,congruent,✅,0.991430975543611
28,78,playoffs,incongruent,✅,0.0018051296681871464
28,78,cartoon,incongruent,✅,0.34840247415514636
28,79,alcoholism,congruent,✅,0.9532041549932632
28,79,academics,congruent,✅,0.9734047640775727
28,79,alcoholism,incongruent,✅,0.08513415202346737
28,79,academics,incongruent,✅,0.03314494032737496
28,8,engagement,congruent,✅,0.7570546328160068
28,8,cancer,congruent,✅,0.5164357489791463
28,8,engagement,incongruent,✅,0.35489071128701893
28,8,cancer,incongruent,✅,0.4261310454571405
28,9,terminal,congruent,✅,0.9888838537030983
28,9,classroom,congruent,✅,0.9676205536265383
28,9,terminal,incongruent,✅,0.005548679586248996
28,9,classroom,incongruent,✅,0.042723494773622014
29,0,library,congruent,✅,0.9441768176456248
29,0,refrigerator,congruent,❌,0.4750847917520009
29,0,library,incongruent,✅,0.000518187246921078
29,0,refrigerator,incongruent,✅,0.0017276600335949016
29,1,disappointment,congruent,❌,0.1253854348880226
29,1,delight,congruent,✅,0.5089247464600684
29,1,disappointment,incongruent,✅,0.011671810761634148
29,1,delight,incongruent,✅,0.048451517875108735
29,10,cash,congruent,✅,0.9904195204082337
29,10,groceries,congruent,✅,0.9668661998908264
29,10,cash,incongruent,✅,0.2959870380806026
29,10,groceries,incongruent,✅,0.12005052307239349
29,11,lonely,congruent,✅,0.9529292224257594
29,11,confident,congruent,✅,0.6702114769709501
29,11,lonely,incongruent,✅,0.016303809348756273
29,11,confident,incongruent,✅,0.23272455291068242
29,12,joy,congruent,✅,0.9969842630743444
29,12,outrage,congruent,✅,0.5639003714198111
29,12,joy,incongruent,✅,0.03559118759517696
29,12,outrage,incongruent,❌,0.8339437418579515
29,13,traffic,congruent,✅,0.996244487014932
29,13,snowstorm,congruent,✅,0.9985636339769262
29,13,traffic,incongruent,❌,0.7684219026161538
29,13,snowstorm,incongruent,✅,0.45232176005186653
29,14,laughter,congruent,✅,0.946158740799962
29,14,frustration,congruent,✅,0.9884856986595351
29,14,laughter,incongruent,✅,0.06545626773850903
29,14,frustration,incongruent,✅,0.009414056752951708
29,15,calculator,congruent,✅,0.9448258084071731
29,15,instrument,congruent,✅,0.9411661639607305
29,15,calculator,incongruent,✅,0.18117413259402704
29,15,instrument,incongruent,✅,0.23978718576225078
29,16,orchestra,congruent,✅,0.9443275891285966
29,16,racers,congruent,✅,0.9856947504274381
29,16,orchestra,incongruent,✅,0.0759183049427019
29,16,racers,incongruent,✅,0.006338866821770477
29,17,retirement,congruent,✅,0.7823829846223844
29,17,playdate,congruent,✅,0.9236400847046243
29,17,retirement,incongruent,✅,0.06461672970505764
29,17,playdate,incongruent,✅,0.003406057424690147
29,18,relieved,congruent,❌,0.36095259919800265
29,18,depressed,congruent,✅,0.5634927559092577
29,18,relieved,incongruent,✅,0.11262317326425894
29,18,depressed,incongruent,✅,0.2594967141651586
29,19,friends,congruent,❌,0.09459205717086983
29,19,weight,congruent,✅,0.9602855918038253
29,19,friends,incongruent,✅,0.35484318880852006
29,19,weight,incongruent,✅,0.008579390861988376
29,2,overcoat,congruent,✅,0.8401804327487195
29,2,sandals,congruent,✅,0.5724222083658298
29,2,overcoat,incongruent,✅,0.0017357015003247604
29,2,sandals,incongruent,✅,0.0042310551521293404
29,20,lipstick,congruent,✅,0.941055005943235
29,20,song,congruent,✅,0.9371718492249146
29,20,lipstick,incongruent,✅,0.1307958250820929
29,20,song,incongruent,✅,0.24534803361838706
29,21,fought,congruent,✅,0.938647533985145
29,21,sang,congruent,✅,0.7697918955127881
29,21,fought,incongruent,✅,0.015869196712117898
29,21,sang,incongruent,✅,0.008331465730220675
29,22,skeptical,congruent,✅,0.7986537101349483
29,22,reassured,congruent,✅,0.6285597272011884
29,22,skeptical,incongruent,✅,0.25343083725669696
29,22,reassured,incongruent,✅,0.4931941966511703
29,23,graduation,congruent,✅,0.9988563406811404
29,23,operation,congruent,✅,0.9932004177483684
29,23,graduation,incongruent,✅,0.05226421282693235
29,23,operation,incongruent,✅,0.08835408538286206
29,24,bride,congruent,✅,0.9822328148450296
29,24,aftermath,congruent,✅,0.9971018520899334
29,24,bride,incongruent,✅,0.12768834747451077
29,24,aftermath,incongruent,✅,0.010440101059484569
29,25,teacher,congruent,✅,0.8364292012608026
29,25,daughter,congruent,✅,0.992014194993158
29,25,teacher,incongruent,❌,0.7442698903688673
29,25,daughter,incongruent,✅,0.07022449118752219
29,26,roommate,congruent,✅,0.8526946205043878
29,26,grandma,congruent,✅,0.9953772024361899
29,26,roommate,incongruent,✅,0.0251738435740971
29,26,grandma,incongruent,✅,0.00989762923232433
29,27,brother,congruent,✅,0.9067996437665129
29,27,mother,congruent,✅,0.9659985188399912
29,27,brother,incongruent,✅,0.1808284795481795
29,27,mother,incongruent,✅,0.19600637231446777
29,28,preschool,congruent,✅,0.9534808270568589
29,28,prison,congruent,✅,0.9839562756440556
29,28,preschool,incongruent,✅,0.0005485271963140966
29,28,prison,incongruent,✅,0.0021731224130558274
29,29,hopeful,congruent,✅,0.9174132042195173
29,29,hopeless,congruent,✅,0.9422296659262311
29,29,hopeful,incongruent,✅,0.2086176989476798
29,29,hopeless,incongruent,✅,0.4750644400609277
29,3,marathon,congruent,✅,0.9520327251220773
29,3,exam,congruent,✅,0.91770422655169
29,3,marathon,incongruent,✅,0.013078106696023212
29,3,exam,incongruent,✅,0.06684052995769996
29,30,appalled,congruent,✅,0.9912429616264066
29,30,overjoyed,congruent,✅,0.9110415977289521
29,30,appalled,incongruent,✅,0.10081102069141232
29,30,overjoyed,incongruent,❌,0.9390903938147822
29,31,reprimand,congruent,✅,0.9910830162414245
29,31,encouragement,congruent,✅,0.9918891300171526
29,31,reprimand,incongruent,✅,0.1326450676215026
29,31,encouragement,incongruent,✅,0.12980307791837828
29,32,angrily,congruent,✅,0.9732946332169296
29,32,cordially,congruent,✅,0.9610043354062741
29,32,angrily,incongruent,✅,0.08002013943381486
29,32,cordially,incongruent,✅,0.023312861837581324
29,33,accusatory,congruent,✅,0.9664728410115125
29,33,flirtatious,congruent,✅,0.9427427086883996
29,33,accusatory,incongruent,✅,0.4868595732895493
29,33,flirtatious,incongruent,✅,0.3625482061039604
29,34,disapprovingly,congruent,✅,0.9714209953107619
29,34,lovingly,congruent,✅,0.7582106208944468
29,34,disapprovingly,incongruent,✅,0.009689872147104485
29,34,lovingly,incongruent,✅,0.12597218993487203
29,35,playful,congruent,✅,0.7879890550220413
29,35,distant,congruent,✅,0.9320571895168491
29,35,playful,incongruent,✅,0.2145780603489289
29,35,distant,incongruent,✅,0.03578013680606277
29,36,headphones,congruent,✅,0.8789539701606138
29,36,mangoes,congruent,❌,0.48810431758292216
29,36,headphones,incongruent,✅,0.004605056639667263
29,36,mangoes,incongruent,✅,0.05051746058377476
29,37,playroom,congruent,✅,0.9971778925062103
29,37,park,congruent,✅,0.9663944748638154
29,37,playroom,incongruent,✅,0.010234947768074492
29,37,park,incongruent,✅,0.22149419928157205
29,38,bedroom,congruent,✅,0.9774683992123336
29,38,backyard,congruent,✅,0.9877805684338016
29,38,bedroom,incongruent,✅,0.010797517897203335
29,38,backyard,incongruent,✅,0.0006141445113179215
29,39,solemnly,congruent,✅,0.9367348524851768
29,39,excitedly,congruent,✅,0.9438879351999724
29,39,solemnly,incongruent,✅,0.30955740287854294
29,39,excitedly,incongruent,✅,0.11131908025065138
29,4,menu,congruent,✅,0.9786024316832715
29,4,prescription,congruent,✅,0.9866361339710064
29,4,menu,incongruent,✅,0.2662456920264477
29,4,prescription,incongruent,✅,0.07040555589611694
29,40,car,congruent,✅,0.6106381527695447
29,40,sock,congruent,❌,0.34786994457345305
29,40,car,incongruent,✅,0.06698206524606695
29,40,sock,incongruent,✅,0.13673206111853348
29,41,overdressed,congruent,✅,0.8894673716720138
29,41,naked,congruent,✅,0.9797138740742981
29,41,overdressed,incongruent,✅,0.052107167556958066
29,41,naked,incongruent,✅,0.054696175682144514
29,42,shy,congruent,✅,0.5362949025226547
29,42,lively,congruent,✅,0.9826433836630037
29,42,shy,incongruent,✅,0.262314247261886
29,42,lively,incongruent,✅,0.03482625994993224
29,43,offended,congruent,✅,0.7516718979995916
29,43,flattered,congruent,✅,0.6561014163211665
29,43,offended,incongruent,✅,0.03502121722431181
29,43,flattered,incongruent,✅,0.03942745828663173
29,44,grandkid,congruent,✅,0.9811545583191958
29,44,cellmate,congruent,✅,0.9843087279463628
29,44,grandkid,incongruent,✅,0.0020835759104571978
29,44,cellmate,incongruent,✅,0.013980709033353873
29,45,promoted,congruent,✅,0.9901138775131919
29,45,fired,congruent,✅,0.9529168350883711
29,45,promoted,incongruent,✅,0.17087637604096284
29,45,fired,incongruent,❌,0.726757725383404
29,46,shooting,congruent,❌,0.06068844833463366
29,46,celebration,congruent,✅,0.857287241931578
29,46,shooting,incongruent,✅,0.012827923250240741
29,46,celebration,incongruent,✅,0.011210945927373935
29,47,crayon,congruent,✅,0.8912602528081226
29,47,beer,congruent,✅,0.9954052503679685
29,47,crayon,incongruent,✅,0.00019859917721397753
29,47,beer,incongruent,✅,0.0005259877788815701
29,48,waiter,congruent,✅,0.6450868208213935
29,48,taxi,congruent,✅,0.7134934963448758
29,48,waiter,incongruent,✅,0.0547442904307164
29,48,taxi,incongruent,✅,0.10147566963926205
29,49,parents,congruent,✅,0.9800164567758971
29,49,keys,congruent,✅,0.9753412241216549
29,49,parents,incongruent,✅,0.056923224776297285
29,49,keys,incongruent,✅,0.3667741246226706
29,5,distress,congruent,✅,0.9976906441441963
29,5,tranquility,congruent,✅,0.9948491364733265
29,5,distress,incongruent,✅,0.006398675807641069
29,5,tranquility,incongruent,✅,0.4846176322873785
29,50,sofa,congruent,✅,0.9980016289243014
29,50,sky,congruent,✅,0.9911526040457558
29,50,sofa,incongruent,❌,0.7094627059544379
29,50,sky,incongruent,❌,0.711028411300829
29,51,obesity,congruent,❌,0.4861835918262806
29,51,homework,congruent,✅,0.9855175635850016
29,51,obesity,incongruent,✅,0.02207114921045701
29,51,homework,incongruent,✅,0.038258721801996576
29,52,quiz,congruent,✅,0.9202748703601367
29,52,commute,congruent,✅,0.9937401944405686
29,52,quiz,incongruent,✅,0.02901298467080862
29,52,commute,incongruent,✅,0.013047867920797134
29,53,migraine,congruent,✅,0.9953762739154427
29,53,excitement,congruent,✅,0.7153992478877754
29,53,migraine,incongruent,✅,0.00025974080028337343
29,53,excitement,incongruent,✅,0.19821833608745607
29,54,niece,congruent,✅,0.933092533245165
29,54,husband,congruent,✅,0.9083138365109853
29,54,niece,incongruent,✅,0.33601381103313094
29,54,husband,incongruent,✅,0.3478390605889193
29,55,film,congruent,✅,0.9881717929051691
29,55,sunrise,congruent,✅,0.670863684106734
29,55,film,incongruent,✅,0.005390417491914141
29,55,sunrise,incongruent,✅,0.15469974247625465
29,56,lecture,congruent,✅,0.9908617970111597
29,56,banquet,congruent,✅,0.8220214816880884
29,56,lecture,incongruent,✅,0.000761430262863285
29,56,banquet,incongruent,✅,0.00017743726578091484
29,57,drink,congruent,✅,0.9984082777673474
29,57,textbook,congruent,✅,0.9529985038642552
29,57,drink,incongruent,✅,0.002807225608797485
29,57,textbook,incongruent,✅,0.03433623957224989
29,58,pool,congruent,✅,0.9958294496002399
29,58,snow,congruent,❌,0.23068951305801366
29,58,pool,incongruent,✅,0.0003260382097770306
29,58,snow,incongruent,✅,0.017431709526981982
29,59,passport,congruent,✅,0.9894550296552763
29,59,plushy,congruent,✅,0.9958107814219801
29,59,passport,incongruent,✅,0.170192021482676
29,59,plushy,incongruent,✅,0.04578078706352889
29,6,patients,congruent,✅,0.9664824345407313
29,6,students,congruent,✅,0.9950563898901613
29,6,patients,incongruent,✅,0.00730927872202426
29,6,students,incongruent,✅,0.00036373841594603516
29,60,sister,congruent,✅,0.5764473113904178
29,60,father,congruent,✅,0.8856570612659554
29,60,sister,incongruent,✅,0.024577349077308817
29,60,father,incongruent,✅,0.07329654647663277
29,61,game,congruent,✅,0.9970301224602742
29,61,sunset,congruent,✅,0.9824228477874424
29,61,game,incongruent,✅,0.04500944556594707
29,61,sunset,incongruent,✅,0.08254160938118862
29,62,holidays,congruent,✅,0.9749587158411617
29,62,funeral,congruent,✅,0.9968890797030872
29,62,holidays,incongruent,✅,0.2883988418166632
29,62,funeral,incongruent,❌,0.6096592520292811
29,63,grades,congruent,✅,0.9413443104782449
29,63,affair,congruent,✅,0.9719558459941832
29,63,grades,incongruent,✅,0.05714968847609131
29,63,affair,incongruent,✅,0.2643595694054743
29,64,arrest,congruent,❌,0.24131489386253932
29,64,stroke,congruent,❌,0.1602334166988119
29,64,arrest,incongruent,✅,0.044062670658167484
29,64,stroke,incongruent,✅,0.012259581981958836
29,65,pacifier,congruent,✅,0.8980202995956339
29,65,coffee,congruent,✅,0.9968106262958104
29,65,pacifier,incongruent,✅,0.0019238522050086296
29,65,coffee,incongruent,✅,0.008661466790631607
29,66,sweets,congruent,✅,0.9973098452363427
29,66,sentencing,congruent,✅,0.9949229298133385
29,66,sweets,incongruent,✅,0.0006985209930873507
29,66,sentencing,incongruent,✅,0.008497039887997214
29,67,nap,congruent,✅,0.9977793859558928
29,67,selfie,congruent,✅,0.9958299351942195
29,67,nap,incongruent,✅,0.010535498988304767
29,67,selfie,incongruent,✅,0.0017529808073147224
29,68,diaper,congruent,✅,0.9841789933467208
29,68,tire,congruent,✅,0.9959370392924667
29,68,diaper,incongruent,✅,0.0008808933780250056
29,68,tire,incongruent,✅,0.00487938462153583
29,69,chemotherapy,congruent,✅,0.6067096305970882
29,69,golf,congruent,✅,0.9907754772990083
29,69,chemotherapy,incongruent,✅,0.0007340219596034292
29,69,golf,incongruent,✅,0.0047082070910760155
29,7,consensus,congruent,✅,0.9264820875947313
29,7,deadlock,congruent,✅,0.7913989462650147
29,7,consensus,incongruent,✅,0.090493197197273
29,7,deadlock,incongruent,✅,0.2697868208228156
29,70,thunder,congruent,✅,0.9926088967946732
29,70,lullaby,congruent,✅,0.8845816564512835
29,70,thunder,incongruent,✅,0.027899643760392577
29,70,lullaby,incongruent,✅,0.3377029125321261
29,71,pajamas,congruent,✅,0.9872642785373883
29,71,uniform,congruent,✅,0.9886221142449582
29,71,pajamas,incongruent,✅,0.09081572373472639
29,71,uniform,incongruent,✅,0.05236374534443905
29,72,gown,congruent,✅,0.9943865251239895
29,72,sweats,congruent,✅,0.9836076094548919
29,72,gown,incongruent,✅,0.004912278222205814
29,72,sweats,incongruent,✅,0.3586238732638566
29,73,deadline,congruent,✅,0.5539869503719285
29,73,bed,congruent,✅,0.8993855382081098
29,73,deadline,incongruent,✅,0.0039618791922382945
29,73,bed,incongruent,✅,0.05815329224000087
29,74,kindergarten,congruent,✅,0.9214491111474551
29,74,jail,congruent,✅,0.9969250124532961
29,74,kindergarten,incongruent,✅,0.22853654463044676
29,74,jail,incongruent,❌,0.5129393029850381
29,75,interrogated,congruent,✅,0.9849789926417715
29,75,tickled,congruent,✅,0.979245671828593
29,75,interrogated,incongruent,✅,0.00779642015251751
29,75,tickled,incongruent,✅,0.0017689726560909229
29,76,sandcastle,congruent,✅,0.9852024021398149
29,76,snowman,congruent,✅,0.9972510784413443
29,76,sandcastle,incongruent,✅,0.06417290519800051
29,76,snowman,incongruent,❌,0.526987855555579
29,77,music,congruent,✅,0.9982498902771177
29,77,pizza,congruent,✅,0.9990024363327173
29,77,music,incongruent,✅,0.07390834218253867
29,77,pizza,incongruent,✅,0.0004556170388791712
29,78,playoffs,congruent,✅,0.9861971297209773
29,78,cartoon,congruent,✅,0.9935207376539779
29,78,playoffs,incongruent,✅,0.0020648166434542705
29,78,cartoon,incongruent,✅,0.377870122837533
29,79,alcoholism,congruent,✅,0.9248936304358056
29,79,academics,congruent,✅,0.9666593794005119
29,79,alcoholism,incongruent,✅,0.057195980985934584
29,79,academics,incongruent,✅,0.02836038953096083
29,8,engagement,congruent,✅,0.8234418350759052
29,8,cancer,congruent,✅,0.5737472102647772
29,8,engagement,incongruent,✅,0.3196478946907612
29,8,cancer,incongruent,❌,0.5067630907728808
29,9,terminal,congruent,✅,0.9760563206298632
29,9,classroom,congruent,✅,0.9630681935505826
29,9,terminal,incongruent,✅,0.004486281818674956
29,9,classroom,incongruent,✅,0.029864554470339536
30,0,library,congruent,✅,0.916743779081777
30,0,refrigerator,congruent,❌,0.4415299445308963
30,0,library,incongruent,✅,0.000766915675790053
30,0,refrigerator,incongruent,✅,0.00208639159396574
30,1,disappointment,congruent,❌,0.21460738157194825
30,1,delight,congruent,✅,0.5872292399498269
30,1,disappointment,incongruent,✅,0.021559672267753908
30,1,delight,incongruent,✅,0.08585334410546407
30,10,cash,congruent,✅,0.9895113161304082
30,10,groceries,congruent,✅,0.9574175422010982
30,10,cash,incongruent,✅,0.3059948544415502
30,10,groceries,incongruent,✅,0.15550876697848137
30,11,lonely,congruent,✅,0.9387626694085686
30,11,confident,congruent,✅,0.5863541214541873
30,11,lonely,incongruent,✅,0.015562131595531117
30,11,confident,incongruent,✅,0.19375537349163696
30,12,joy,congruent,✅,0.9967537804187878
30,12,outrage,congruent,✅,0.5741859720192918
30,12,joy,incongruent,✅,0.04639544753367157
30,12,outrage,incongruent,❌,0.8497591654473906
30,13,traffic,congruent,✅,0.9980020090025048
30,13,snowstorm,congruent,✅,0.9984469553729662
30,13,traffic,incongruent,❌,0.8356996480506522
30,13,snowstorm,incongruent,❌,0.568435258568241
30,14,laughter,congruent,✅,0.9279371919500831
30,14,frustration,congruent,✅,0.9820611065338276
30,14,laughter,incongruent,✅,0.06784853694002713
30,14,frustration,incongruent,✅,0.007815390487850208
30,15,calculator,congruent,✅,0.9372975215300423
30,15,instrument,congruent,✅,0.9517752750822023
30,15,calculator,incongruent,✅,0.1849640457556785
30,15,instrument,incongruent,✅,0.20088347701505732
30,16,orchestra,congruent,✅,0.9502964188283148
30,16,racers,congruent,✅,0.9870662415741496
30,16,orchestra,incongruent,✅,0.09345222008293483
30,16,racers,incongruent,✅,0.012729647503962764
30,17,retirement,congruent,✅,0.6870805826592252
30,17,playdate,congruent,✅,0.8270148566074037
30,17,retirement,incongruent,✅,0.032680998652435254
30,17,playdate,incongruent,✅,0.002734075397070323
30,18,relieved,congruent,❌,0.4989211646618013
30,18,depressed,congruent,✅,0.5781398002484708
30,18,relieved,incongruent,✅,0.14838144595018363
30,18,depressed,incongruent,✅,0.33059257751490684
30,19,friends,congruent,❌,0.10868195627040558
30,19,weight,congruent,✅,0.978547691430542
30,19,friends,incongruent,✅,0.4277047778550921
30,19,weight,incongruent,✅,0.00964003705676427
30,2,overcoat,congruent,✅,0.8144843370441517
30,2,sandals,congruent,✅,0.5626988539122749
30,2,overcoat,incongruent,✅,0.0015464314709367085
30,2,sandals,incongruent,✅,0.005226313682760231
30,20,lipstick,congruent,✅,0.9654788171932133
30,20,song,congruent,✅,0.9462170213847609
30,20,lipstick,incongruent,✅,0.19513461018806197
30,20,song,incongruent,✅,0.37938169836764724
30,21,fought,congruent,✅,0.9297850615826955
30,21,sang,congruent,✅,0.7470635745293216
30,21,fought,incongruent,✅,0.019785224100035078
30,21,sang,incongruent,✅,0.010750341344511858
30,22,skeptical,congruent,✅,0.7460858028806295
30,22,reassured,congruent,✅,0.7576402388917454
30,22,skeptical,incongruent,✅,0.3805561672225338
30,22,reassured,incongruent,✅,0.4540455890928717
30,23,graduation,congruent,✅,0.998649359347225
30,23,operation,congruent,✅,0.9902743648001501
30,23,graduation,incongruent,✅,0.048108227284569226
30,23,operation,incongruent,✅,0.06735389131868876
30,24,bride,congruent,✅,0.9711340011921248
30,24,aftermath,congruent,✅,0.9966613520678805
30,24,bride,incongruent,✅,0.1221803651963834
30,24,aftermath,incongruent,✅,0.01406790996441885
30,25,teacher,congruent,✅,0.838610460532853
30,25,daughter,congruent,✅,0.9902161650032982
30,25,teacher,incongruent,❌,0.6741770310665323
30,25,daughter,incongruent,✅,0.08876429082220379
30,26,roommate,congruent,✅,0.8440851647979825
30,26,grandma,congruent,✅,0.9950041489289746
30,26,roommate,incongruent,✅,0.03269584401763009
30,26,grandma,incongruent,✅,0.007087256037131291
30,27,brother,congruent,✅,0.9043745998182909
30,27,mother,congruent,✅,0.9618219462675466
30,27,brother,incongruent,✅,0.19059299387033973
30,27,mother,incongruent,✅,0.21229763777252772
30,28,preschool,congruent,✅,0.9314892775119464
30,28,prison,congruent,✅,0.9800783256408905
30,28,preschool,incongruent,✅,0.0007295426074388337
30,28,prison,incongruent,✅,0.0012434690182184145
30,29,hopeful,congruent,✅,0.9041204023453842
30,29,hopeless,congruent,✅,0.9325618470706893
30,29,hopeful,incongruent,✅,0.19606458180166184
30,29,hopeless,incongruent,❌,0.559870488919625
30,3,marathon,congruent,✅,0.9500670993811664
30,3,exam,congruent,✅,0.890106347527448
30,3,marathon,incongruent,✅,0.00964768514970645
30,3,exam,incongruent,✅,0.06375669538927341
30,30,appalled,congruent,✅,0.98667402031728
30,30,overjoyed,congruent,✅,0.8864365747017026
30,30,appalled,incongruent,✅,0.08388814049842173
30,30,overjoyed,incongruent,❌,0.9225327525136162
30,31,reprimand,congruent,✅,0.992637566354118
30,31,encouragement,congruent,✅,0.9921518944073043
30,31,reprimand,incongruent,✅,0.20252475663144112
30,31,encouragement,incongruent,✅,0.17534419800901027
30,32,angrily,congruent,✅,0.9765954936375268
30,32,cordially,congruent,✅,0.9710445607883678
30,32,angrily,incongruent,✅,0.11616773275963163
30,32,cordially,incongruent,✅,0.03419917264687242
30,33,accusatory,congruent,✅,0.9690792297110504
30,33,flirtatious,congruent,✅,0.8919964437727192
30,33,accusatory,incongruent,✅,0.3622856033149365
30,33,flirtatious,incongruent,✅,0.4509307958623631
30,34,disapprovingly,congruent,✅,0.9506652393692288
30,34,lovingly,congruent,✅,0.6488992753128997
30,34,disapprovingly,incongruent,✅,0.007113606357499568
30,34,lovingly,incongruent,✅,0.09255462960836111
30,35,playful,congruent,✅,0.7772992991594013
30,35,distant,congruent,✅,0.959959685046196
30,35,playful,incongruent,✅,0.29336734403340786
30,35,distant,incongruent,✅,0.05477527160013363
30,36,headphones,congruent,✅,0.8724639356548888
30,36,mangoes,congruent,✅,0.5132627336057665
30,36,headphones,incongruent,✅,0.003848093847762806
30,36,mangoes,incongruent,✅,0.05067948041537375
30,37,playroom,congruent,✅,0.9969101357412897
30,37,park,congruent,✅,0.9559953381518288
30,37,playroom,incongruent,✅,0.006307997313425707
30,37,park,incongruent,✅,0.1980797061495134
30,38,bedroom,congruent,✅,0.9820346589945416
30,38,backyard,congruent,✅,0.9900155730525177
30,38,bedroom,incongruent,✅,0.011894505159569833
30,38,backyard,incongruent,✅,0.0007232277960247152
30,39,solemnly,congruent,✅,0.8929887590602505
30,39,excitedly,congruent,✅,0.9254648107083109
30,39,solemnly,incongruent,✅,0.26927245893647295
30,39,excitedly,incongruent,✅,0.07632542461657518
30,4,menu,congruent,✅,0.9626397412275322
30,4,prescription,congruent,✅,0.9807022912146149
30,4,menu,incongruent,✅,0.1984654515570139
30,4,prescription,incongruent,✅,0.05269956696527997
30,40,car,congruent,✅,0.5860590175768674
30,40,sock,congruent,❌,0.22605223625093182
30,40,car,incongruent,✅,0.03776671795536942
30,40,sock,incongruent,✅,0.15626949180161642
30,41,overdressed,congruent,✅,0.8728159950175015
30,41,naked,congruent,✅,0.973073842003656
30,41,overdressed,incongruent,✅,0.04340137406791415
30,41,naked,incongruent,✅,0.046182029145581394
30,42,shy,congruent,✅,0.6243735267176034
30,42,lively,congruent,✅,0.9760379509627198
30,42,shy,incongruent,✅,0.25863588745332955
30,42,lively,incongruent,✅,0.040079319354415666
30,43,offended,congruent,✅,0.6726912126486707
30,43,flattered,congruent,✅,0.5333183298462945
30,43,offended,incongruent,✅,0.031908728645351624
30,43,flattered,incongruent,✅,0.030502073626473804
30,44,grandkid,congruent,✅,0.9817815298533269
30,44,cellmate,congruent,✅,0.9892038342147648
30,44,grandkid,incongruent,✅,0.003911826543308746
30,44,cellmate,incongruent,✅,0.02748969456063008
30,45,promoted,congruent,✅,0.9809891158479958
30,45,fired,congruent,✅,0.9624085360565462
30,45,promoted,incongruent,✅,0.14701936842560587
30,45,fired,incongruent,❌,0.5651960448476634
30,46,shooting,congruent,❌,0.08625493426109264
30,46,celebration,congruent,✅,0.8253442703405585
30,46,shooting,incongruent,✅,0.015132429701757972
30,46,celebration,incongruent,✅,0.02005650212380096
30,47,crayon,congruent,✅,0.9308422861873276
30,47,beer,congruent,✅,0.9961533956441583
30,47,crayon,incongruent,✅,0.0002706717950515768
30,47,beer,incongruent,✅,0.0005746476404304664
30,48,waiter,congruent,✅,0.5092006943664978
30,48,taxi,congruent,✅,0.5255369516315497
30,48,waiter,incongruent,✅,0.025552619521723788
30,48,taxi,incongruent,✅,0.0743354681902123
30,49,parents,congruent,✅,0.9893015107102111
30,49,keys,congruent,✅,0.9681032628019651
30,49,parents,incongruent,✅,0.05151477225914861
30,49,keys,incongruent,✅,0.4948532017894757
30,5,distress,congruent,✅,0.9971053013451474
30,5,tranquility,congruent,✅,0.9892265542644413
30,5,distress,incongruent,✅,0.004551503814480545
30,5,tranquility,incongruent,✅,0.44083346480758817
30,50,sofa,congruent,✅,0.9978398049542881
30,50,sky,congruent,✅,0.9924543771939022
30,50,sofa,incongruent,❌,0.7952652049198508
30,50,sky,incongruent,❌,0.793180038613087
30,51,obesity,congruent,❌,0.3848211408410876
30,51,homework,congruent,✅,0.9845323456211202
30,51,obesity,incongruent,✅,0.012146583933662898
30,51,homework,incongruent,✅,0.02942645971861562
30,52,quiz,congruent,✅,0.9557666102918502
30,52,commute,congruent,✅,0.9940116889053527
30,52,quiz,incongruent,✅,0.05470344705031826
30,52,commute,incongruent,✅,0.03557540337334059
30,53,migraine,congruent,✅,0.9960350457154219
30,53,excitement,congruent,✅,0.7398690247719217
30,53,migraine,incongruent,✅,0.0003281106783495003
30,53,excitement,incongruent,✅,0.2405078214449728
30,54,niece,congruent,✅,0.921523909065078
30,54,husband,congruent,✅,0.8901830232311522
30,54,niece,incongruent,✅,0.41520197644168816
30,54,husband,incongruent,✅,0.3312179267968172
30,55,film,congruent,✅,0.9823674767706307
30,55,sunrise,congruent,✅,0.5028173454252494
30,55,film,incongruent,✅,0.0025792423657584446
30,55,sunrise,incongruent,✅,0.09746765443176544
30,56,lecture,congruent,✅,0.9911489921310876
30,56,banquet,congruent,✅,0.7984316808659125
30,56,lecture,incongruent,✅,0.0006809925843313345
30,56,banquet,incongruent,✅,0.00017347749357657873
30,57,drink,congruent,✅,0.997831322339681
30,57,textbook,congruent,✅,0.9461063548025211
30,57,drink,incongruent,✅,0.002710194500548843
30,57,textbook,incongruent,✅,0.050627832703019
30,58,pool,congruent,✅,0.9971289739399858
30,58,snow,congruent,❌,0.32842989539160655
30,58,pool,incongruent,✅,0.0006859093766766366
30,58,snow,incongruent,✅,0.033432138366725005
30,59,passport,congruent,✅,0.9920284496081667
30,59,plushy,congruent,✅,0.9928063532885204
30,59,passport,incongruent,✅,0.23205989205476193
30,59,plushy,incongruent,✅,0.09111367563320831
30,6,patients,congruent,✅,0.9661227518197968
30,6,students,congruent,✅,0.9945439350155105
30,6,patients,incongruent,✅,0.008475641671151399
30,6,students,incongruent,✅,0.0007838148066947462
30,60,sister,congruent,✅,0.6357405814498527
30,60,father,congruent,✅,0.8384753736344011
30,60,sister,incongruent,✅,0.03297197583515729
30,60,father,incongruent,✅,0.05468441414818081
30,61,game,congruent,✅,0.9961793269208561
30,61,sunset,congruent,✅,0.9753072774779848
30,61,game,incongruent,✅,0.041396634216513524
30,61,sunset,incongruent,✅,0.0990013439734982
30,62,holidays,congruent,✅,0.9716801802216507
30,62,funeral,congruent,✅,0.9881772364570737
30,62,holidays,incongruent,✅,0.10946284714060248
30,62,funeral,incongruent,❌,0.6158753048026244
30,63,grades,congruent,✅,0.9153891544403937
30,63,affair,congruent,✅,0.9566991113466561
30,63,grades,incongruent,✅,0.04820795713566262
30,63,affair,incongruent,✅,0.2663922773442688
30,64,arrest,congruent,❌,0.18155656508810594
30,64,stroke,congruent,❌,0.12815596377698363
30,64,arrest,incongruent,✅,0.039081351820654815
30,64,stroke,incongruent,✅,0.01404552780705199
30,65,pacifier,congruent,✅,0.8904246400858759
30,65,coffee,congruent,✅,0.9950384975032761
30,65,pacifier,incongruent,✅,0.001964623803969765
30,65,coffee,incongruent,✅,0.011668726458085326
30,66,sweets,congruent,✅,0.9951845646987204
30,66,sentencing,congruent,✅,0.9910514296833408
30,66,sweets,incongruent,✅,0.0007360502578565531
30,66,sentencing,incongruent,✅,0.0058303671460784206
30,67,nap,congruent,✅,0.9979620978683075
30,67,selfie,congruent,✅,0.9974856404460088
30,67,nap,incongruent,✅,0.0192520403053139
30,67,selfie,incongruent,✅,0.002342190918281581
30,68,diaper,congruent,✅,0.9928499010556264
30,68,tire,congruent,✅,0.9967485773744296
30,68,diaper,incongruent,✅,0.0010480500847860857
30,68,tire,incongruent,✅,0.01042016163303297
30,69,chemotherapy,congruent,✅,0.6376494176925234
30,69,golf,congruent,✅,0.9904822623004487
30,69,chemotherapy,incongruent,✅,0.0012214925998884686
30,69,golf,incongruent,✅,0.006338105198110811
30,7,consensus,congruent,✅,0.9505944942867007
30,7,deadlock,congruent,✅,0.874366889483685
30,7,consensus,incongruent,✅,0.146522647799799
30,7,deadlock,incongruent,✅,0.36203714107775203
30,70,thunder,congruent,✅,0.9941696325856181
30,70,lullaby,congruent,✅,0.9207067817814175
30,70,thunder,incongruent,✅,0.054537290166450064
30,70,lullaby,incongruent,✅,0.4652376085605453
30,71,pajamas,congruent,✅,0.9749565172566618
30,71,uniform,congruent,✅,0.9814445247501156
30,71,pajamas,incongruent,✅,0.08816974169164801
30,71,uniform,incongruent,✅,0.052000774234240425
30,72,gown,congruent,✅,0.9852660987678089
30,72,sweats,congruent,✅,0.9780434077258926
30,72,gown,incongruent,✅,0.008752245763626052
30,72,sweats,incongruent,✅,0.36158419196786623
30,73,deadline,congruent,✅,0.5037329176262451
30,73,bed,congruent,✅,0.8867165264285484
30,73,deadline,incongruent,✅,0.0031026005905691566
30,73,bed,incongruent,✅,0.04885537042057795
30,74,kindergarten,congruent,✅,0.9355320270352714
30,74,jail,congruent,✅,0.9960649286771007
30,74,kindergarten,incongruent,✅,0.24765437030579265
30,74,jail,incongruent,❌,0.5519722120980215
30,75,interrogated,congruent,✅,0.9691858075671189
30,75,tickled,congruent,✅,0.9747006860407632
30,75,interrogated,incongruent,✅,0.007671205092733936
30,75,tickled,incongruent,✅,0.001154740246518773
30,76,sandcastle,congruent,✅,0.9828287438081069
30,76,snowman,congruent,✅,0.9974622786056224
30,76,sandcastle,incongruent,✅,0.09484322112250887
30,76,snowman,incongruent,✅,0.41174204989795005
30,77,music,congruent,✅,0.9987047294953485
30,77,pizza,congruent,✅,0.9986528235443409
30,77,music,incongruent,✅,0.08278862358755304
30,77,pizza,incongruent,✅,0.00046826359514461584
30,78,playoffs,congruent,✅,0.982266057703877
30,78,cartoon,congruent,✅,0.9914530462514813
30,78,playoffs,incongruent,✅,0.0029118248148903717
30,78,cartoon,incongruent,✅,0.3759560758267615
30,79,alcoholism,congruent,✅,0.9380661825250554
30,79,academics,congruent,✅,0.9722696072626689
30,79,alcoholism,incongruent,✅,0.08400019662805053
30,79,academics,incongruent,✅,0.02987377557790392
30,8,engagement,congruent,✅,0.8877294407148576
30,8,cancer,congruent,❌,0.4995277046761034
30,8,engagement,incongruent,✅,0.2945147169315703
30,8,cancer,incongruent,❌,0.5761663914047536
30,9,terminal,congruent,✅,0.9770131141637857
30,9,classroom,congruent,✅,0.9577048843923256
30,9,terminal,incongruent,✅,0.005431530832928198
30,9,classroom,incongruent,✅,0.023975193706838996
31,0,library,congruent,✅,0.8855487529409906
31,0,refrigerator,congruent,✅,0.5341007998546522
31,0,library,incongruent,✅,0.0011623315871571093
31,0,refrigerator,incongruent,✅,0.0017110175927597584
31,1,disappointment,congruent,❌,0.2278723982583083
31,1,delight,congruent,✅,0.6994312972224448
31,1,disappointment,incongruent,✅,0.04062256603832056
31,1,delight,incongruent,✅,0.09553946821650562
31,10,cash,congruent,✅,0.9867445559725255
31,10,groceries,congruent,✅,0.9572036983146415
31,10,cash,incongruent,✅,0.2897707820929386
31,10,groceries,incongruent,✅,0.1156560244134768
31,11,lonely,congruent,✅,0.9326150419807357
31,11,confident,congruent,✅,0.6039692607076964
31,11,lonely,incongruent,✅,0.025520185313689676
31,11,confident,incongruent,✅,0.20856811154705182
31,12,joy,congruent,✅,0.9974905278013229
31,12,outrage,congruent,✅,0.5319695861800697
31,12,joy,incongruent,✅,0.044160227433247226
31,12,outrage,incongruent,❌,0.888917710235864
31,13,traffic,congruent,✅,0.9971361463799605
31,13,snowstorm,congruent,✅,0.9985191684439751
31,13,traffic,incongruent,❌,0.8678192206785927
31,13,snowstorm,incongruent,❌,0.6525629387156172
31,14,laughter,congruent,✅,0.930446529915201
31,14,frustration,congruent,✅,0.9805684750632919
31,14,laughter,incongruent,✅,0.07447622498701743
31,14,frustration,incongruent,✅,0.011096935779366246
31,15,calculator,congruent,✅,0.9347185890403334
31,15,instrument,congruent,✅,0.9595248866053427
31,15,calculator,incongruent,✅,0.1754553386322507
31,15,instrument,incongruent,✅,0.21378046162452366
31,16,orchestra,congruent,✅,0.9581174413073305
31,16,racers,congruent,✅,0.9858936264673351
31,16,orchestra,incongruent,✅,0.10774038962862416
31,16,racers,incongruent,✅,0.015378800483487703
31,17,retirement,congruent,✅,0.7380287179756125
31,17,playdate,congruent,✅,0.8252138654485779
31,17,retirement,incongruent,✅,0.03452235735257368
31,17,playdate,incongruent,✅,0.0026694504826637257
31,18,relieved,congruent,❌,0.43282759971609097
31,18,depressed,congruent,✅,0.5858517489287212
31,18,relieved,incongruent,✅,0.16201360224308906
31,18,depressed,incongruent,✅,0.27961685617019866
31,19,friends,congruent,❌,0.09469723942878983
31,19,weight,congruent,✅,0.9684406251519965
31,19,friends,incongruent,✅,0.36593216621710023
31,19,weight,incongruent,✅,0.007686035902847111
31,2,overcoat,congruent,✅,0.768465462400196
31,2,sandals,congruent,✅,0.691289278756426
31,2,overcoat,incongruent,✅,0.002112415929784139
31,2,sandals,incongruent,✅,0.004847860441125212
31,20,lipstick,congruent,✅,0.944257045158012
31,20,song,congruent,✅,0.9361445272190733
31,20,lipstick,incongruent,✅,0.19791974381646008
31,20,song,incongruent,✅,0.25917601890795444
31,21,fought,congruent,✅,0.9451828975910627
31,21,sang,congruent,✅,0.7687097541807436
31,21,fought,incongruent,✅,0.02009733026512225
31,21,sang,incongruent,✅,0.015101290722827732
31,22,skeptical,congruent,✅,0.7260448611911448
31,22,reassured,congruent,✅,0.7780999452053923
31,22,skeptical,incongruent,✅,0.43597420648547996
31,22,reassured,incongruent,✅,0.4549794403545646
31,23,graduation,congruent,✅,0.9967842799508493
31,23,operation,congruent,✅,0.9873747039643431
31,23,graduation,incongruent,✅,0.03951969851842674
31,23,operation,incongruent,✅,0.07054214769748397
31,24,bride,congruent,✅,0.9594650071106936
31,24,aftermath,congruent,✅,0.996972768094115
31,24,bride,incongruent,✅,0.2127566909905669
31,24,aftermath,incongruent,✅,0.010708755849705882
31,25,teacher,congruent,✅,0.8672347786124848
31,25,daughter,congruent,✅,0.9894518435015148
31,25,teacher,incongruent,❌,0.7353866734293586
31,25,daughter,incongruent,✅,0.14910136561941212
31,26,roommate,congruent,✅,0.9014999428846531
31,26,grandma,congruent,✅,0.994603461257802
31,26,roommate,incongruent,✅,0.04735123101093857
31,26,grandma,incongruent,✅,0.013602537888228568
31,27,brother,congruent,✅,0.9144719618795709
31,27,mother,congruent,✅,0.9681084986274724
31,27,brother,incongruent,✅,0.21848550067922473
31,27,mother,incongruent,✅,0.17066376134853525
31,28,preschool,congruent,✅,0.9483033645787405
31,28,prison,congruent,✅,0.9838259414546746
31,28,preschool,incongruent,✅,0.0020037009050922695
31,28,prison,incongruent,✅,0.00468034033652318
31,29,hopeful,congruent,✅,0.8701962489207146
31,29,hopeless,congruent,✅,0.9239205742774919
31,29,hopeful,incongruent,✅,0.2545185893152453
31,29,hopeless,incongruent,✅,0.4367202085355823
31,3,marathon,congruent,✅,0.9452206957624578
31,3,exam,congruent,✅,0.9074033183374286
31,3,marathon,incongruent,✅,0.00895913468192332
31,3,exam,incongruent,✅,0.07898550580533416
31,30,appalled,congruent,✅,0.98751976496141
31,30,overjoyed,congruent,✅,0.8424202300502968
31,30,appalled,incongruent,✅,0.07507774200201221
31,30,overjoyed,incongruent,❌,0.9304198915199177
31,31,reprimand,congruent,✅,0.9895350292353255
31,31,encouragement,congruent,✅,0.9929428995454854
31,31,reprimand,incongruent,✅,0.31471373548629283
31,31,encouragement,incongruent,✅,0.18244185250033834
31,32,angrily,congruent,✅,0.9769601939646649
31,32,cordially,congruent,✅,0.959380603717562
31,32,angrily,incongruent,✅,0.1378999009359952
31,32,cordially,incongruent,✅,0.04795865283516215
31,33,accusatory,congruent,✅,0.9713431925278264
31,33,flirtatious,congruent,✅,0.9011476542835966
31,33,accusatory,incongruent,✅,0.3927187400949981
31,33,flirtatious,incongruent,❌,0.5507576520627265
31,34,disapprovingly,congruent,✅,0.9341712369764174
31,34,lovingly,congruent,✅,0.6737028276952644
31,34,disapprovingly,incongruent,✅,0.007127194371724195
31,34,lovingly,incongruent,✅,0.09163403559306882
31,35,playful,congruent,✅,0.8206150010664287
31,35,distant,congruent,✅,0.9657009077632283
31,35,playful,incongruent,✅,0.39373535543040644
31,35,distant,incongruent,✅,0.07278262546081501
31,36,headphones,congruent,✅,0.8446524703529253
31,36,mangoes,congruent,✅,0.5249646266947863
31,36,headphones,incongruent,✅,0.004156475443326951
31,36,mangoes,incongruent,✅,0.03411243518897835
31,37,playroom,congruent,✅,0.9954669791750844
31,37,park,congruent,✅,0.9474637343727945
31,37,playroom,incongruent,✅,0.005693132562185115
31,37,park,incongruent,✅,0.142992769431592
31,38,bedroom,congruent,✅,0.9678290012472807
31,38,backyard,congruent,✅,0.9878440352249394
31,38,bedroom,incongruent,✅,0.009078913229604784
31,38,backyard,incongruent,✅,0.0007278603579152765
31,39,solemnly,congruent,✅,0.8832811644671642
31,39,excitedly,congruent,✅,0.8543109671080245
31,39,solemnly,incongruent,✅,0.2088549850733597
31,39,excitedly,incongruent,✅,0.10408507238966826
31,4,menu,congruent,✅,0.9781421893562388
31,4,prescription,congruent,✅,0.9794359322076288
31,4,menu,incongruent,✅,0.32879833033822287
31,4,prescription,incongruent,✅,0.1075099936777478
31,40,car,congruent,✅,0.5432042128447154
31,40,sock,congruent,❌,0.355696949614168
31,40,car,incongruent,✅,0.0653152677704202
31,40,sock,incongruent,✅,0.1247471112089853
31,41,overdressed,congruent,✅,0.8729508315426026
31,41,naked,congruent,✅,0.9718135378586994
31,41,overdressed,incongruent,✅,0.027803596927659567
31,41,naked,incongruent,✅,0.037264953116686386
31,42,shy,congruent,✅,0.5751070487468517
31,42,lively,congruent,✅,0.9654514299931659
31,42,shy,incongruent,✅,0.156562356980712
31,42,lively,incongruent,✅,0.0438802971881904
31,43,offended,congruent,✅,0.6637888571564057
31,43,flattered,congruent,✅,0.6007553824160738
31,43,offended,incongruent,✅,0.045708104006825116
31,43,flattered,incongruent,✅,0.05078342980396181
31,44,grandkid,congruent,✅,0.9841626975500226
31,44,cellmate,congruent,✅,0.9915095207545405
31,44,grandkid,incongruent,✅,0.009805646590503257
31,44,cellmate,incongruent,✅,0.025022306952453693
31,45,promoted,congruent,✅,0.9778036514810969
31,45,fired,congruent,✅,0.9504462472538143
31,45,promoted,incongruent,✅,0.11510943163005125
31,45,fired,incongruent,❌,0.5984918684745831
31,46,shooting,congruent,❌,0.08954513505222537
31,46,celebration,congruent,✅,0.723765437247822
31,46,shooting,incongruent,✅,0.012530557984641214
31,46,celebration,incongruent,✅,0.0198448352158165
31,47,crayon,congruent,✅,0.9424440205419782
31,47,beer,congruent,✅,0.995958891743929
31,47,crayon,incongruent,✅,0.0003405748265229399
31,47,beer,incongruent,✅,0.0009045499864928325
31,48,waiter,congruent,❌,0.49211697621799855
31,48,taxi,congruent,✅,0.5473736352336309
31,48,waiter,incongruent,✅,0.02004838020300249
31,48,taxi,incongruent,✅,0.07783868736931233
31,49,parents,congruent,✅,0.9915367692809266
31,49,keys,congruent,✅,0.9673663116883785
31,49,parents,incongruent,✅,0.06312461556131978
31,49,keys,incongruent,✅,0.42556106969366275
31,5,distress,congruent,✅,0.9939045067022757
31,5,tranquility,congruent,✅,0.9816322705611134
31,5,distress,incongruent,✅,0.005667291978001452
31,5,tranquility,incongruent,✅,0.3651508627017437
31,50,sofa,congruent,✅,0.9944152025283723
31,50,sky,congruent,✅,0.9849542606512132
31,50,sofa,incongruent,❌,0.7169089066023462
31,50,sky,incongruent,❌,0.7281819057276112
31,51,obesity,congruent,✅,0.5434384142093631
31,51,homework,congruent,✅,0.9820290245351609
31,51,obesity,incongruent,✅,0.010590168306134132
31,51,homework,incongruent,✅,0.060606371220810876
31,52,quiz,congruent,✅,0.9426029193324235
31,52,commute,congruent,✅,0.9952052642784546
31,52,quiz,incongruent,✅,0.06474179985564386
31,52,commute,incongruent,✅,0.058249368083187175
31,53,migraine,congruent,✅,0.9959716328039854
31,53,excitement,congruent,✅,0.7886783926049521
31,53,migraine,incongruent,✅,0.0005986718097474296
31,53,excitement,incongruent,✅,0.2630256151075953
31,54,niece,congruent,✅,0.8907383945330201
31,54,husband,congruent,✅,0.8771609385079278
31,54,niece,incongruent,✅,0.2962816196971957
31,54,husband,incongruent,✅,0.3171351253554863
31,55,film,congruent,✅,0.982927938075574
31,55,sunrise,congruent,✅,0.5968250408232811
31,55,film,incongruent,✅,0.0055618251084122465
31,55,sunrise,incongruent,✅,0.05755625018798174
31,56,lecture,congruent,✅,0.9890112616456279
31,56,banquet,congruent,✅,0.7545239208977382
31,56,lecture,incongruent,✅,0.0006797126176252583
31,56,banquet,incongruent,✅,0.00022331719590590617
31,57,drink,congruent,✅,0.9978752398879779
31,57,textbook,congruent,✅,0.9154569335055377
31,57,drink,incongruent,✅,0.0029766921386582806
31,57,textbook,incongruent,✅,0.04503896995239117
31,58,pool,congruent,✅,0.9952665235313233
31,58,snow,congruent,❌,0.3652866634895962
31,58,pool,incongruent,✅,0.0010309884878664608
31,58,snow,incongruent,✅,0.025585171277692744
31,59,passport,congruent,✅,0.9877413899956324
31,59,plushy,congruent,✅,0.9872288292232477
31,59,passport,incongruent,✅,0.18690515291659782
31,59,plushy,incongruent,✅,0.08682194745935073
31,6,patients,congruent,✅,0.9694921323662247
31,6,students,congruent,✅,0.9950098529027646
31,6,patients,incongruent,✅,0.011675279456210953
31,6,students,incongruent,✅,0.0012442691982903487
31,60,sister,congruent,✅,0.5645587229990183
31,60,father,congruent,✅,0.8263214759205803
31,60,sister,incongruent,✅,0.04580043887497798
31,60,father,incongruent,✅,0.06011499785962778
31,61,game,congruent,✅,0.9968783913749967
31,61,sunset,congruent,✅,0.9834739857722337
31,61,game,incongruent,✅,0.06717820032969712
31,61,sunset,incongruent,✅,0.10118681137698955
31,62,holidays,congruent,✅,0.976756337484526
31,62,funeral,congruent,✅,0.9736992469908875
31,62,holidays,incongruent,✅,0.06796623163321047
31,62,funeral,incongruent,❌,0.685365661834675
31,63,grades,congruent,✅,0.8705861345457773
31,63,affair,congruent,✅,0.937156651958182
31,63,grades,incongruent,✅,0.04170846860450642
31,63,affair,incongruent,✅,0.16466321864458547
31,64,arrest,congruent,❌,0.19369414578157096
31,64,stroke,congruent,❌,0.1625832326452865
31,64,arrest,incongruent,✅,0.06276175168281138
31,64,stroke,incongruent,✅,0.015430450490157671
31,65,pacifier,congruent,✅,0.8063701774858557
31,65,coffee,congruent,✅,0.9948399171420473
31,65,pacifier,incongruent,✅,0.0037825076009812084
31,65,coffee,incongruent,✅,0.00933506428235458
31,66,sweets,congruent,✅,0.996361259700693
31,66,sentencing,congruent,✅,0.9800034467125408
31,66,sweets,incongruent,✅,0.0014746570670526365
31,66,sentencing,incongruent,✅,0.009930887034903243
31,67,nap,congruent,✅,0.9965947721882117
31,67,selfie,congruent,✅,0.997892109492123
31,67,nap,incongruent,✅,0.030410248366188813
31,67,selfie,incongruent,✅,0.002769716585103173
31,68,diaper,congruent,✅,0.9941105695075969
31,68,tire,congruent,✅,0.9963574802134568
31,68,diaper,incongruent,✅,0.0009832767263271373
31,68,tire,incongruent,✅,0.011303478822645364
31,69,chemotherapy,congruent,✅,0.7503413762880959
31,69,golf,congruent,✅,0.993460280085916
31,69,chemotherapy,incongruent,✅,0.0017094521029489954
31,69,golf,incongruent,✅,0.012655191733925911
31,7,consensus,congruent,✅,0.9252137544947576
31,7,deadlock,congruent,✅,0.8612929347867198
31,7,consensus,incongruent,✅,0.14487592948018235
31,7,deadlock,incongruent,✅,0.28548651937218655
31,70,thunder,congruent,✅,0.9873688120329303
31,70,lullaby,congruent,✅,0.8960570363352997
31,70,thunder,incongruent,✅,0.04328111757823646
31,70,lullaby,incongruent,✅,0.3296425793297129
31,71,pajamas,congruent,✅,0.9750914609498901
31,71,uniform,congruent,✅,0.9755878791748731
31,71,pajamas,incongruent,✅,0.06938499579941018
31,71,uniform,incongruent,✅,0.03946393401797599
31,72,gown,congruent,✅,0.978623888414557
31,72,sweats,congruent,✅,0.9667820064634771
31,72,gown,incongruent,✅,0.010086497724182082
31,72,sweats,incongruent,✅,0.2638654229808453
31,73,deadline,congruent,❌,0.42555442653965847
31,73,bed,congruent,✅,0.9236959146516106
31,73,deadline,incongruent,✅,0.00628541246158106
31,73,bed,incongruent,✅,0.03898999018395287
31,74,kindergarten,congruent,✅,0.9560323595947379
31,74,jail,congruent,✅,0.995026168342383
31,74,kindergarten,incongruent,✅,0.25239104552891056
31,74,jail,incongruent,❌,0.6087370398225115
31,75,interrogated,congruent,✅,0.9714093515913806
31,75,tickled,congruent,✅,0.9579073448633787
31,75,interrogated,incongruent,✅,0.007578574413519567
31,75,tickled,incongruent,✅,0.0025311792213005284
31,76,sandcastle,congruent,✅,0.990195911768725
31,76,snowman,congruent,✅,0.9977658442128184
31,76,sandcastle,incongruent,✅,0.15296179021908307
31,76,snowman,incongruent,❌,0.5636536512741998
31,77,music,congruent,✅,0.9990475110423561
31,77,pizza,congruent,✅,0.9977828757926399
31,77,music,incongruent,✅,0.07666572647058274
31,77,pizza,incongruent,✅,0.0007255791545960855
31,78,playoffs,congruent,✅,0.9830299876193154
31,78,cartoon,congruent,✅,0.9922056865603522
31,78,playoffs,incongruent,✅,0.004767045249706894
31,78,cartoon,incongruent,✅,0.4037002624787091
31,79,alcoholism,congruent,✅,0.9314328730788193
31,79,academics,congruent,✅,0.9704400766844709
31,79,alcoholism,incongruent,✅,0.08993644912942562
31,79,academics,incongruent,✅,0.03421830966205879
31,8,engagement,congruent,✅,0.9063317023641795
31,8,cancer,congruent,❌,0.43492808489460333
31,8,engagement,incongruent,✅,0.2873553338420224
31,8,cancer,incongruent,❌,0.6465364360280064
31,9,terminal,congruent,✅,0.9718518626427337
31,9,classroom,congruent,✅,0.9498282067896541
31,9,terminal,incongruent,✅,0.005158204580429449
31,9,classroom,incongruent,✅,0.025323857039269797
32,0,library,congruent,✅,0.8309119570798776
32,0,refrigerator,congruent,✅,0.5613922794809926
32,0,library,incongruent,✅,0.002008498418731831
32,0,refrigerator,incongruent,✅,0.0009685108111143625
32,1,disappointment,congruent,❌,0.2595864790112045
32,1,delight,congruent,✅,0.6263335491053739
32,1,disappointment,incongruent,✅,0.04024680941051647
32,1,delight,incongruent,✅,0.10152286496413002
32,10,cash,congruent,✅,0.9891563661915524
32,10,groceries,congruent,✅,0.9470051330881784
32,10,cash,incongruent,✅,0.2921713040334969
32,10,groceries,incongruent,✅,0.07939327761794275
32,11,lonely,congruent,✅,0.9463692340386244
32,11,confident,congruent,✅,0.604246247403288
32,11,lonely,incongruent,✅,0.026422682123066924
32,11,confident,incongruent,✅,0.25699768194040673
32,12,joy,congruent,✅,0.9968270759801631
32,12,outrage,congruent,✅,0.6580430773089481
32,12,joy,incongruent,✅,0.06680158505568877
32,12,outrage,incongruent,❌,0.9096508810016318
32,13,traffic,congruent,✅,0.9978839825889367
32,13,snowstorm,congruent,✅,0.9984729711030458
32,13,traffic,incongruent,❌,0.9015664177123264
32,13,snowstorm,incongruent,❌,0.6630816461180684
32,14,laughter,congruent,✅,0.9179875496722557
32,14,frustration,congruent,✅,0.9864763649732811
32,14,laughter,incongruent,✅,0.17359867482998398
32,14,frustration,incongruent,✅,0.013703390207419303
32,15,calculator,congruent,✅,0.8909304160599884
32,15,instrument,congruent,✅,0.9422147930157843
32,15,calculator,incongruent,✅,0.14267784590629148
32,15,instrument,incongruent,✅,0.15040484049173905
32,16,orchestra,congruent,✅,0.9349597683243215
32,16,racers,congruent,✅,0.9821784830641276
32,16,orchestra,incongruent,✅,0.12513917793612933
32,16,racers,incongruent,✅,0.00796643702112241
32,17,retirement,congruent,✅,0.692255336355466
32,17,playdate,congruent,✅,0.8491263549423357
32,17,retirement,incongruent,✅,0.03390317172540942
32,17,playdate,incongruent,✅,0.002587221741650082
32,18,relieved,congruent,❌,0.4376097867749223
32,18,depressed,congruent,✅,0.5400560711086608
32,18,relieved,incongruent,✅,0.12311352218305992
32,18,depressed,incongruent,✅,0.2962220389927392
32,19,friends,congruent,❌,0.1375680366468883
32,19,weight,congruent,✅,0.9666391857390154
32,19,friends,incongruent,✅,0.39829044244547623
32,19,weight,incongruent,✅,0.010180298878685495
32,2,overcoat,congruent,✅,0.863769010155942
32,2,sandals,congruent,✅,0.7222264736342575
32,2,overcoat,incongruent,✅,0.002592251388644005
32,2,sandals,incongruent,✅,0.006155298356407053
32,20,lipstick,congruent,✅,0.9299934898099839
32,20,song,congruent,✅,0.9412814030712231
32,20,lipstick,incongruent,✅,0.19355641390539963
32,20,song,incongruent,✅,0.2780699145658449
32,21,fought,congruent,✅,0.946438058959284
32,21,sang,congruent,✅,0.7293715782465143
32,21,fought,incongruent,✅,0.011007513179298694
32,21,sang,incongruent,✅,0.025679232082045974
32,22,skeptical,congruent,✅,0.6798700253375884
32,22,reassured,congruent,✅,0.6922076969048412
32,22,skeptical,incongruent,✅,0.38314345664282007
32,22,reassured,incongruent,✅,0.4005814428695236
32,23,graduation,congruent,✅,0.9967455757134409
32,23,operation,congruent,✅,0.9852092822983933
32,23,graduation,incongruent,✅,0.018552936714857946
32,23,operation,incongruent,✅,0.1224253172750886
32,24,bride,congruent,✅,0.9481845003311796
32,24,aftermath,congruent,✅,0.9949574563430933
32,24,bride,incongruent,✅,0.19520091367997422
32,24,aftermath,incongruent,✅,0.007191116732419011
32,25,teacher,congruent,✅,0.891557454108415
32,25,daughter,congruent,✅,0.990019203422534
32,25,teacher,incongruent,❌,0.7966571616847581
32,25,daughter,incongruent,✅,0.16699500245589985
32,26,roommate,congruent,✅,0.8864575959863191
32,26,grandma,congruent,✅,0.9895562164035449
32,26,roommate,incongruent,✅,0.036197354013609934
32,26,grandma,incongruent,✅,0.010175496505846125
32,27,brother,congruent,✅,0.9153288740712862
32,27,mother,congruent,✅,0.9550317476393335
32,27,brother,incongruent,✅,0.15272969570492867
32,27,mother,incongruent,✅,0.14710619221635188
32,28,preschool,congruent,✅,0.9013495586085492
32,28,prison,congruent,✅,0.9821783276919365
32,28,preschool,incongruent,✅,0.002258585606910063
32,28,prison,incongruent,✅,0.00280196452111479
32,29,hopeful,congruent,✅,0.8205198241744152
32,29,hopeless,congruent,✅,0.9278809110458253
32,29,hopeful,incongruent,✅,0.3286586849290733
32,29,hopeless,incongruent,✅,0.44774432916197116
32,3,marathon,congruent,✅,0.9646678928705656
32,3,exam,congruent,✅,0.9133771869415609
32,3,marathon,incongruent,✅,0.009755226027717405
32,3,exam,incongruent,✅,0.07614113588651811
32,30,appalled,congruent,✅,0.9830573903027817
32,30,overjoyed,congruent,✅,0.9041256859051663
32,30,appalled,incongruent,✅,0.1632241796578106
32,30,overjoyed,incongruent,❌,0.9077617242037527
32,31,reprimand,congruent,✅,0.9672072026464706
32,31,encouragement,congruent,✅,0.9901951905108752
32,31,reprimand,incongruent,✅,0.3188104217136802
32,31,encouragement,incongruent,✅,0.10490176842409721
32,32,angrily,congruent,✅,0.9849073624139796
32,32,cordially,congruent,✅,0.9680177899375144
32,32,angrily,incongruent,✅,0.2089338522291723
32,32,cordially,incongruent,✅,0.09793242860152213
32,33,accusatory,congruent,✅,0.9832400069503794
32,33,flirtatious,congruent,✅,0.9002294264030759
32,33,accusatory,incongruent,✅,0.4007312556209022
32,33,flirtatious,incongruent,❌,0.7435437605182457
32,34,disapprovingly,congruent,✅,0.9143964038062851
32,34,lovingly,congruent,✅,0.6697257539903683
32,34,disapprovingly,incongruent,✅,0.013715580045769935
32,34,lovingly,incongruent,✅,0.11498358984740521
32,35,playful,congruent,✅,0.8332118343952543
32,35,distant,congruent,✅,0.9380985887065625
32,35,playful,incongruent,✅,0.3220467267288274
32,35,distant,incongruent,✅,0.09557151555743709
32,36,headphones,congruent,✅,0.8241322437497632
32,36,mangoes,congruent,❌,0.48322909161797745
32,36,headphones,incongruent,✅,0.004371614135398653
32,36,mangoes,incongruent,✅,0.031219904368561098
32,37,playroom,congruent,✅,0.9938110645421757
32,37,park,congruent,✅,0.9459715185351028
32,37,playroom,incongruent,✅,0.006065577173206259
32,37,park,incongruent,✅,0.21301064872733166
32,38,bedroom,congruent,✅,0.958513593338952
32,38,backyard,congruent,✅,0.98618421681728
32,38,bedroom,incongruent,✅,0.014307051577384856
32,38,backyard,incongruent,✅,0.001296451444476503
32,39,solemnly,congruent,✅,0.8367316655808461
32,39,excitedly,congruent,✅,0.8459849581429337
32,39,solemnly,incongruent,✅,0.17795508877195013
32,39,excitedly,incongruent,✅,0.0995649318261978
32,4,menu,congruent,✅,0.9762418584555622
32,4,prescription,congruent,✅,0.9641930289190292
32,4,menu,incongruent,✅,0.24444179770510774
32,4,prescription,incongruent,✅,0.14189933033485
32,40,car,congruent,✅,0.6183673345695034
32,40,sock,congruent,❌,0.15385122913731905
32,40,car,incongruent,✅,0.028663355860020914
32,40,sock,incongruent,✅,0.1905645700693592
32,41,overdressed,congruent,✅,0.8480639374122224
32,41,naked,congruent,✅,0.952811575678528
32,41,overdressed,incongruent,✅,0.03001802810469578
32,41,naked,incongruent,✅,0.02473256922943833
32,42,shy,congruent,❌,0.49788691553397013
32,42,lively,congruent,✅,0.9402297550092579
32,42,shy,incongruent,✅,0.14757741244169617
32,42,lively,incongruent,✅,0.044685282358066486
32,43,offended,congruent,✅,0.577648582210446
32,43,flattered,congruent,✅,0.5054062417749489
32,43,offended,incongruent,✅,0.03800074804430109
32,43,flattered,incongruent,✅,0.04946847309713257
32,44,grandkid,congruent,✅,0.9853751375118146
32,44,cellmate,congruent,✅,0.9936733341766927
32,44,grandkid,incongruent,✅,0.01223466003873362
32,44,cellmate,incongruent,✅,0.035584882886727176
32,45,promoted,congruent,✅,0.9823903310842124
32,45,fired,congruent,✅,0.9606542990158818
32,45,promoted,incongruent,✅,0.1376871264521933
32,45,fired,incongruent,❌,0.6210472831369327
32,46,shooting,congruent,❌,0.05579622184965208
32,46,celebration,congruent,✅,0.7109641759048096
32,46,shooting,incongruent,✅,0.014854227259831364
32,46,celebration,incongruent,✅,0.013948148771354064
32,47,crayon,congruent,✅,0.9349344501895427
32,47,beer,congruent,✅,0.9949379602508593
32,47,crayon,incongruent,✅,0.0005768220765805142
32,47,beer,incongruent,✅,0.0012092671782370393
32,48,waiter,congruent,❌,0.48020560567979814
32,48,taxi,congruent,✅,0.6883482048228803
32,48,waiter,incongruent,✅,0.02307815915085639
32,48,taxi,incongruent,✅,0.10463267973598471
32,49,parents,congruent,✅,0.9882235400864908
32,49,keys,congruent,✅,0.9763385514210361
32,49,parents,incongruent,✅,0.06623012235778931
32,49,keys,incongruent,❌,0.5859446237566165
32,5,distress,congruent,✅,0.9914400169804168
32,5,tranquility,congruent,✅,0.9759599571753186
32,5,distress,incongruent,✅,0.010622846322102437
32,5,tranquility,incongruent,✅,0.3011022670000417
32,50,sofa,congruent,✅,0.994500783296434
32,50,sky,congruent,✅,0.9831495581441466
32,50,sofa,incongruent,❌,0.7443138946645304
32,50,sky,incongruent,❌,0.7388077589232391
32,51,obesity,congruent,✅,0.5144161733159108
32,51,homework,congruent,✅,0.9804449013853129
32,51,obesity,incongruent,✅,0.015040545508494116
32,51,homework,incongruent,✅,0.04437634607235767
32,52,quiz,congruent,✅,0.9434017219511401
32,52,commute,congruent,✅,0.9866543243897498
32,52,quiz,incongruent,✅,0.029647059505619563
32,52,commute,incongruent,✅,0.06930406341708245
32,53,migraine,congruent,✅,0.9961054803974897
32,53,excitement,congruent,✅,0.7358468219280548
32,53,migraine,incongruent,✅,0.0010960384858967132
32,53,excitement,incongruent,✅,0.25039358528990113
32,54,niece,congruent,✅,0.8471801862637002
32,54,husband,congruent,✅,0.8549174123289711
32,54,niece,incongruent,✅,0.2709611458531406
32,54,husband,incongruent,✅,0.29000119999842694
32,55,film,congruent,✅,0.9815959819007356
32,55,sunrise,congruent,❌,0.49593182854129103
32,55,film,incongruent,✅,0.004839590831474046
32,55,sunrise,incongruent,✅,0.06028719286926981
32,56,lecture,congruent,✅,0.9867264941159404
32,56,banquet,congruent,✅,0.7641439805650156
32,56,lecture,incongruent,✅,0.0011655421190445083
32,56,banquet,incongruent,✅,0.00043108539217162606
32,57,drink,congruent,✅,0.9979784278625153
32,57,textbook,congruent,✅,0.9420809298336734
32,57,drink,incongruent,✅,0.003909238160928908
32,57,textbook,incongruent,✅,0.056370036092332376
32,58,pool,congruent,✅,0.9965048202210484
32,58,snow,congruent,❌,0.4499300858103665
32,58,pool,incongruent,✅,0.0011716673982732938
32,58,snow,incongruent,✅,0.030737803445637157
32,59,passport,congruent,✅,0.9803102893454064
32,59,plushy,congruent,✅,0.985253577696526
32,59,passport,incongruent,✅,0.13991015241363688
32,59,plushy,incongruent,✅,0.09962365197457998
32,6,patients,congruent,✅,0.9678109339327609
32,6,students,congruent,✅,0.9961739561744272
32,6,patients,incongruent,✅,0.02204206207245795
32,6,students,incongruent,✅,0.0008979875563495682
32,60,sister,congruent,✅,0.5576181277260633
32,60,father,congruent,✅,0.7605669290356125
32,60,sister,incongruent,✅,0.06144713233226015
32,60,father,incongruent,✅,0.03778816581846646
32,61,game,congruent,✅,0.9962768562573967
32,61,sunset,congruent,✅,0.9900550339891956
32,61,game,incongruent,✅,0.08628768404485286
32,61,sunset,incongruent,✅,0.18285341482327025
32,62,holidays,congruent,✅,0.9560567785982163
32,62,funeral,congruent,✅,0.9499848658371071
32,62,holidays,incongruent,✅,0.05133715685861455
32,62,funeral,incongruent,✅,0.40480608127383777
32,63,grades,congruent,✅,0.7789651262423446
32,63,affair,congruent,✅,0.9429176937818509
32,63,grades,incongruent,✅,0.04172154377091905
32,63,affair,incongruent,✅,0.1616005242155917
32,64,arrest,congruent,❌,0.23221235403248838
32,64,stroke,congruent,❌,0.17905753137856156
32,64,arrest,incongruent,✅,0.09017072403238503
32,64,stroke,incongruent,✅,0.017564930937832107
32,65,pacifier,congruent,✅,0.8465049151482905
32,65,coffee,congruent,✅,0.9895707950767195
32,65,pacifier,incongruent,✅,0.005503754197779866
32,65,coffee,incongruent,✅,0.00803667747774434
32,66,sweets,congruent,✅,0.9951489711107814
32,66,sentencing,congruent,✅,0.9832239746734928
32,66,sweets,incongruent,✅,0.003182206627560549
32,66,sentencing,incongruent,✅,0.017494665048273066
32,67,nap,congruent,✅,0.99417933112616
32,67,selfie,congruent,✅,0.9973961437372421
32,67,nap,incongruent,✅,0.046015138730949916
32,67,selfie,incongruent,✅,0.0028043015047936088
32,68,diaper,congruent,✅,0.980042331167475
32,68,tire,congruent,✅,0.9919983682604815
32,68,diaper,incongruent,✅,0.00026595296161435874
32,68,tire,incongruent,✅,0.0064943770024762665
32,69,chemotherapy,congruent,✅,0.8529726168064045
32,69,golf,congruent,✅,0.9944346850852777
32,69,chemotherapy,incongruent,✅,0.0018546622825835787
32,69,golf,incongruent,✅,0.02580742185669594
32,7,consensus,congruent,✅,0.9248547070879178
32,7,deadlock,congruent,✅,0.8791980958636458
32,7,consensus,incongruent,✅,0.17551245430798632
32,7,deadlock,incongruent,✅,0.2948103782456843
32,70,thunder,congruent,✅,0.9907801675076514
32,70,lullaby,congruent,✅,0.9259965259716134
32,70,thunder,incongruent,✅,0.0720026129472361
32,70,lullaby,incongruent,✅,0.41420614841772846
32,71,pajamas,congruent,✅,0.964692102614388
32,71,uniform,congruent,✅,0.9618128280624262
32,71,pajamas,incongruent,✅,0.08521590331220104
32,71,uniform,incongruent,✅,0.08399287770565876
32,72,gown,congruent,✅,0.9860073356481212
32,72,sweats,congruent,✅,0.9737522533562282
32,72,gown,incongruent,✅,0.01806814339057371
32,72,sweats,incongruent,✅,0.32162688320457883
32,73,deadline,congruent,❌,0.4745236993654636
32,73,bed,congruent,✅,0.8940182973936809
32,73,deadline,incongruent,✅,0.006923261329187038
32,73,bed,incongruent,✅,0.045520152973740166
32,74,kindergarten,congruent,✅,0.9578696294730813
32,74,jail,congruent,✅,0.9960087234396411
32,74,kindergarten,incongruent,✅,0.29810016215334284
32,74,jail,incongruent,❌,0.6594974440442868
32,75,interrogated,congruent,✅,0.9778407247326528
32,75,tickled,congruent,✅,0.960637621671819
32,75,interrogated,incongruent,✅,0.009323329539141554
32,75,tickled,incongruent,✅,0.005202248954616712
32,76,sandcastle,congruent,✅,0.986608835137942
32,76,snowman,congruent,✅,0.9959436491489506
32,76,sandcastle,incongruent,✅,0.07134783526937817
32,76,snowman,incongruent,✅,0.43693949569836066
32,77,music,congruent,✅,0.9990576845547989
32,77,pizza,congruent,✅,0.9981632071670173
32,77,music,incongruent,✅,0.061926168304142964
32,77,pizza,incongruent,✅,0.0015199133429364814
32,78,playoffs,congruent,✅,0.9733612230709631
32,78,cartoon,congruent,✅,0.9921222550755845
32,78,playoffs,incongruent,✅,0.006032983987459722
32,78,cartoon,incongruent,✅,0.42667148445895003
32,79,alcoholism,congruent,✅,0.9186869443972505
32,79,academics,congruent,✅,0.9690090395315228
32,79,alcoholism,incongruent,✅,0.09370493676095298
32,79,academics,incongruent,✅,0.03672023959375111
32,8,engagement,congruent,✅,0.9434392077734123
32,8,cancer,congruent,❌,0.3749940932385482
32,8,engagement,incongruent,✅,0.26563601129036213
32,8,cancer,incongruent,❌,0.6931477044075772
32,9,terminal,congruent,✅,0.9920587237502281
32,9,classroom,congruent,✅,0.9683642042107972
32,9,terminal,incongruent,✅,0.010430088029008237
32,9,classroom,incongruent,✅,0.05364125377043663
33,0,library,congruent,✅,0.8141538983548301
33,0,refrigerator,congruent,✅,0.5357324215767127
33,0,library,incongruent,✅,0.0077595618781441545
33,0,refrigerator,incongruent,✅,0.0012094679621819384
33,1,disappointment,congruent,❌,0.16335986609655953
33,1,delight,congruent,❌,0.4653136664066991
33,1,disappointment,incongruent,✅,0.016051762424231734
33,1,delight,incongruent,✅,0.06227398384715898
33,10,cash,congruent,✅,0.9814955865746962
33,10,groceries,congruent,✅,0.9466525447842041
33,10,cash,incongruent,✅,0.37562889930972354
33,10,groceries,incongruent,✅,0.08199113072859396
33,11,lonely,congruent,✅,0.964093775503203
33,11,confident,congruent,✅,0.6191030663560776
33,11,lonely,incongruent,✅,0.03640279177944528
33,11,confident,incongruent,✅,0.3585106641653382
33,12,joy,congruent,✅,0.9961160347324046
33,12,outrage,congruent,✅,0.5441703346012596
33,12,joy,incongruent,✅,0.08684913176990769
33,12,outrage,incongruent,❌,0.8427579643602464
33,13,traffic,congruent,✅,0.9970919332620705
33,13,snowstorm,congruent,✅,0.9966100187024262
33,13,traffic,incongruent,❌,0.8149687672461107
33,13,snowstorm,incongruent,❌,0.5739470605959625
33,14,laughter,congruent,✅,0.8770330851183576
33,14,frustration,congruent,✅,0.985597314299345
33,14,laughter,incongruent,✅,0.1689128246674871
33,14,frustration,incongruent,✅,0.009941028114313898
33,15,calculator,congruent,✅,0.8895606690643593
33,15,instrument,congruent,✅,0.9228438199807638
33,15,calculator,incongruent,✅,0.16689812577608779
33,15,instrument,incongruent,✅,0.1619927006301554
33,16,orchestra,congruent,✅,0.9607992006363933
33,16,racers,congruent,✅,0.9682338841416013
33,16,orchestra,incongruent,✅,0.10681081861426305
33,16,racers,incongruent,✅,0.0184229374468832
33,17,retirement,congruent,✅,0.6678855305724759
33,17,playdate,congruent,✅,0.7228007490936976
33,17,retirement,incongruent,✅,0.015354610281860349
33,17,playdate,incongruent,✅,0.003390079232012239
33,18,relieved,congruent,❌,0.42287320944569234
33,18,depressed,congruent,❌,0.45690101936442046
33,18,relieved,incongruent,✅,0.1062176498544577
33,18,depressed,incongruent,✅,0.2659019166092565
33,19,friends,congruent,❌,0.16510795912605586
33,19,weight,congruent,✅,0.9366482146625813
33,19,friends,incongruent,✅,0.41956735895842373
33,19,weight,incongruent,✅,0.014574718926396737
33,2,overcoat,congruent,✅,0.8474081131889933
33,2,sandals,congruent,✅,0.6699411096197778
33,2,overcoat,incongruent,✅,0.0035313355222548162
33,2,sandals,incongruent,✅,0.007685152452005975
33,20,lipstick,congruent,✅,0.9528646192877541
33,20,song,congruent,✅,0.9134785954547994
33,20,lipstick,incongruent,✅,0.07438918829570121
33,20,song,incongruent,✅,0.3004184317561366
33,21,fought,congruent,✅,0.9432570014537579
33,21,sang,congruent,✅,0.855259436692965
33,21,fought,incongruent,✅,0.02328668622432031
33,21,sang,incongruent,✅,0.02873877192711499
33,22,skeptical,congruent,❌,0.49716145391963773
33,22,reassured,congruent,✅,0.5898221167737682
33,22,skeptical,incongruent,✅,0.3841016840244119
33,22,reassured,incongruent,✅,0.2646719085870299
33,23,graduation,congruent,✅,0.9978372769594429
33,23,operation,congruent,✅,0.9800182512527332
33,23,graduation,incongruent,✅,0.029540670930931087
33,23,operation,incongruent,✅,0.1600956715053093
33,24,bride,congruent,✅,0.9548061072829797
33,24,aftermath,congruent,✅,0.9899781081920673
33,24,bride,incongruent,✅,0.1697236335229659
33,24,aftermath,incongruent,✅,0.006767211098470583
33,25,teacher,congruent,✅,0.9383766102625412
33,25,daughter,congruent,✅,0.9881182018060739
33,25,teacher,incongruent,❌,0.592419664096993
33,25,daughter,incongruent,✅,0.2286260357797656
33,26,roommate,congruent,✅,0.814025060964957
33,26,grandma,congruent,✅,0.9930945962931106
33,26,roommate,incongruent,✅,0.03314512144104902
33,26,grandma,incongruent,✅,0.005458980582929785
33,27,brother,congruent,✅,0.9252827488967759
33,27,mother,congruent,✅,0.9594624084372105
33,27,brother,incongruent,✅,0.15140536833588278
33,27,mother,incongruent,✅,0.15977820361781497
33,28,preschool,congruent,✅,0.8921716513181148
33,28,prison,congruent,✅,0.9677942723499833
33,28,preschool,incongruent,✅,0.0014527103640213112
33,28,prison,incongruent,✅,0.003691192499713373
33,29,hopeful,congruent,✅,0.846136886050527
33,29,hopeless,congruent,✅,0.9189725887566542
33,29,hopeful,incongruent,✅,0.32914301806826096
33,29,hopeless,incongruent,✅,0.3663206887683746
33,3,marathon,congruent,✅,0.9755494665358284
33,3,exam,congruent,✅,0.917689242473081
33,3,marathon,incongruent,✅,0.010059268177866563
33,3,exam,incongruent,✅,0.14028896296841278
33,30,appalled,congruent,✅,0.9926875872133218
33,30,overjoyed,congruent,✅,0.9419459992433563
33,30,appalled,incongruent,✅,0.22640851523597705
33,30,overjoyed,incongruent,❌,0.9614439806573096
33,31,reprimand,congruent,✅,0.9771317192384331
33,31,encouragement,congruent,✅,0.9868212447484558
33,31,reprimand,incongruent,✅,0.37705217308991307
33,31,encouragement,incongruent,✅,0.15850646314121186
33,32,angrily,congruent,✅,0.9861648664614188
33,32,cordially,congruent,✅,0.9514899775223081
33,32,angrily,incongruent,✅,0.16472038011275233
33,32,cordially,incongruent,✅,0.1494819843608526
33,33,accusatory,congruent,✅,0.9751080595974261
33,33,flirtatious,congruent,✅,0.8793012622639449
33,33,accusatory,incongruent,✅,0.4316239456770068
33,33,flirtatious,incongruent,❌,0.7116845782994708
33,34,disapprovingly,congruent,✅,0.8550502761624357
33,34,lovingly,congruent,✅,0.6987038584026626
33,34,disapprovingly,incongruent,✅,0.017274445687441423
33,34,lovingly,incongruent,✅,0.10383953711285876
33,35,playful,congruent,✅,0.7563195349484079
33,35,distant,congruent,✅,0.9120799608645981
33,35,playful,incongruent,✅,0.33909898014427414
33,35,distant,incongruent,✅,0.0634288518920168
33,36,headphones,congruent,✅,0.8456460523150162
33,36,mangoes,congruent,❌,0.47910287946716307
33,36,headphones,incongruent,✅,0.003785089358532326
33,36,mangoes,incongruent,✅,0.013268958780769866
33,37,playroom,congruent,✅,0.9946935275301684
33,37,park,congruent,✅,0.9629231866011796
33,37,playroom,incongruent,✅,0.013034580065458318
33,37,park,incongruent,✅,0.41157413469370213
33,38,bedroom,congruent,✅,0.9548873991418549
33,38,backyard,congruent,✅,0.9871447303743939
33,38,bedroom,incongruent,✅,0.02617709828306463
33,38,backyard,incongruent,✅,0.0021184768912132354
33,39,solemnly,congruent,✅,0.8632225692979915
33,39,excitedly,congruent,✅,0.8872814792005345
33,39,solemnly,incongruent,✅,0.4670650146634945
33,39,excitedly,incongruent,✅,0.11675561280306893
33,4,menu,congruent,✅,0.9773019053215204
33,4,prescription,congruent,✅,0.9642297369887832
33,4,menu,incongruent,✅,0.18597242209650303
33,4,prescription,incongruent,✅,0.14711283416355336
33,40,car,congruent,✅,0.5723292142329699
33,40,sock,congruent,❌,0.1727347638444011
33,40,car,incongruent,✅,0.025749981479903594
33,40,sock,incongruent,✅,0.21038567362658905
33,41,overdressed,congruent,✅,0.9541554446247489
33,41,naked,congruent,✅,0.9294448735245184
33,41,overdressed,incongruent,✅,0.02267341894534564
33,41,naked,incongruent,✅,0.07335000289333701
33,42,shy,congruent,✅,0.6199531773684763
33,42,lively,congruent,✅,0.9442240941604653
33,42,shy,incongruent,✅,0.20138516844881604
33,42,lively,incongruent,✅,0.08611153161400137
33,43,offended,congruent,✅,0.7620373409458803
33,43,flattered,congruent,❌,0.48183772819628407
33,43,offended,incongruent,✅,0.04441828841249284
33,43,flattered,incongruent,✅,0.15306225361489267
33,44,grandkid,congruent,✅,0.9913052946222273
33,44,cellmate,congruent,✅,0.9911260622690677
33,44,grandkid,incongruent,✅,0.008657980218988259
33,44,cellmate,incongruent,✅,0.03823306236710079
33,45,promoted,congruent,✅,0.9756857108908796
33,45,fired,congruent,✅,0.950661447123608
33,45,promoted,incongruent,✅,0.13194284041509685
33,45,fired,incongruent,❌,0.5835050712070804
33,46,shooting,congruent,❌,0.05061047065095115
33,46,celebration,congruent,✅,0.8107426651387233
33,46,shooting,incongruent,✅,0.02994369281196912
33,46,celebration,incongruent,✅,0.013131130906807639
33,47,crayon,congruent,✅,0.9160362181892053
33,47,beer,congruent,✅,0.9956356282402818
33,47,crayon,incongruent,✅,0.000895989055280302
33,47,beer,incongruent,✅,0.0017822534765587511
33,48,waiter,congruent,❌,0.3831163580542554
33,48,taxi,congruent,✅,0.6816569636062656
33,48,waiter,incongruent,✅,0.020633722838018603
33,48,taxi,incongruent,✅,0.07773065762304394
33,49,parents,congruent,✅,0.9928235716524606
33,49,keys,congruent,✅,0.9812982682743254
33,49,parents,incongruent,✅,0.08232563273288822
33,49,keys,incongruent,✅,0.47446167496020586
33,5,distress,congruent,✅,0.990201484887539
33,5,tranquility,congruent,✅,0.9438305545299566
33,5,distress,incongruent,✅,0.010929536697114389
33,5,tranquility,incongruent,✅,0.24270176176552172
33,50,sofa,congruent,✅,0.994724767843892
33,50,sky,congruent,✅,0.9913862678284006
33,50,sofa,incongruent,❌,0.8358083477765695
33,50,sky,incongruent,❌,0.7329668873657712
33,51,obesity,congruent,✅,0.5869019337441079
33,51,homework,congruent,✅,0.9848897862810576
33,51,obesity,incongruent,✅,0.029001081663029168
33,51,homework,incongruent,✅,0.060756083510397955
33,52,quiz,congruent,✅,0.9294971936063384
33,52,commute,congruent,✅,0.9809894172361713
33,52,quiz,incongruent,✅,0.016688312057018356
33,52,commute,incongruent,✅,0.06659670367681876
33,53,migraine,congruent,✅,0.993845053822632
33,53,excitement,congruent,✅,0.8411206071047714
33,53,migraine,incongruent,✅,0.0020835766583983477
33,53,excitement,incongruent,✅,0.15112106286851207
33,54,niece,congruent,✅,0.8509853950732745
33,54,husband,congruent,✅,0.8702047294440733
33,54,niece,incongruent,✅,0.28204249469417497
33,54,husband,incongruent,✅,0.2487513696281315
33,55,film,congruent,✅,0.9745323591491019
33,55,sunrise,congruent,❌,0.47749626390557737
33,55,film,incongruent,✅,0.0042413040808298936
33,55,sunrise,incongruent,✅,0.0844467743844134
33,56,lecture,congruent,✅,0.9867755282139141
33,56,banquet,congruent,✅,0.7721971200785719
33,56,lecture,incongruent,✅,0.0016363248617818206
33,56,banquet,incongruent,✅,0.0010652067438032338
33,57,drink,congruent,✅,0.9969166670996681
33,57,textbook,congruent,✅,0.9595930396871853
33,57,drink,incongruent,✅,0.013143771793378696
33,57,textbook,incongruent,✅,0.0476070289166137
33,58,pool,congruent,✅,0.9966753712419969
33,58,snow,congruent,❌,0.49640128238414105
33,58,pool,incongruent,✅,0.001457288296157004
33,58,snow,incongruent,✅,0.05161048767178158
33,59,passport,congruent,✅,0.9606727802873575
33,59,plushy,congruent,✅,0.9855795065897222
33,59,passport,incongruent,✅,0.15704317737854748
33,59,plushy,incongruent,✅,0.07577779504180528
33,6,patients,congruent,✅,0.9697644910204254
33,6,students,congruent,✅,0.9968762856893288
33,6,patients,incongruent,✅,0.0214924568175111
33,6,students,incongruent,✅,0.0018999947687924651
33,60,sister,congruent,✅,0.6264901091866569
33,60,father,congruent,✅,0.8088993410952506
33,60,sister,incongruent,✅,0.08429714523144125
33,60,father,incongruent,✅,0.04318341701677408
33,61,game,congruent,✅,0.9922568927941148
33,61,sunset,congruent,✅,0.9737161299324847
33,61,game,incongruent,✅,0.06639216833903497
33,61,sunset,incongruent,✅,0.12836861035848765
33,62,holidays,congruent,✅,0.9377070312815344
33,62,funeral,congruent,✅,0.969028051077393
33,62,holidays,incongruent,✅,0.07380537694580382
33,62,funeral,incongruent,✅,0.24155682159444694
33,63,grades,congruent,✅,0.6705202230005521
33,63,affair,congruent,✅,0.966335535523595
33,63,grades,incongruent,✅,0.08700107185073157
33,63,affair,incongruent,✅,0.11847068497764571
33,64,arrest,congruent,❌,0.25092441944675004
33,64,stroke,congruent,❌,0.18864714334573823
33,64,arrest,incongruent,✅,0.13976899088278327
33,64,stroke,incongruent,✅,0.026963127296086013
33,65,pacifier,congruent,✅,0.8094662003546993
33,65,coffee,congruent,✅,0.9892896558412946
33,65,pacifier,incongruent,✅,0.00975306293948536
33,65,coffee,incongruent,✅,0.006643675339056767
33,66,sweets,congruent,✅,0.9925896654325882
33,66,sentencing,congruent,✅,0.9738931563469508
33,66,sweets,incongruent,✅,0.002878497498580945
33,66,sentencing,incongruent,✅,0.01737385793141455
33,67,nap,congruent,✅,0.9874875975887201
33,67,selfie,congruent,✅,0.996105792628624
33,67,nap,incongruent,✅,0.016893373977078952
33,67,selfie,incongruent,✅,0.001999068908992671
33,68,diaper,congruent,✅,0.9294873068199357
33,68,tire,congruent,✅,0.9900276479151814
33,68,diaper,incongruent,✅,0.00018643283006238208
33,68,tire,incongruent,✅,0.002630835676100243
33,69,chemotherapy,congruent,✅,0.8716185701956473
33,69,golf,congruent,✅,0.993723435393646
33,69,chemotherapy,incongruent,✅,0.002474993638075646
33,69,golf,incongruent,✅,0.026585492257531748
33,7,consensus,congruent,✅,0.8782676683963113
33,7,deadlock,congruent,✅,0.7745730485948443
33,7,consensus,incongruent,✅,0.10835947250688124
33,7,deadlock,incongruent,✅,0.304758827815007
33,70,thunder,congruent,✅,0.994411634731463
33,70,lullaby,congruent,✅,0.7716657282606376
33,70,thunder,incongruent,✅,0.05305148482196322
33,70,lullaby,incongruent,✅,0.3467916608515489
33,71,pajamas,congruent,✅,0.964199330886536
33,71,uniform,congruent,✅,0.9550241562792379
33,71,pajamas,incongruent,✅,0.13880176865463925
33,71,uniform,incongruent,✅,0.09922371952962684
33,72,gown,congruent,✅,0.9828940210705388
33,72,sweats,congruent,✅,0.97343941642027
33,72,gown,incongruent,✅,0.023193471299917164
33,72,sweats,incongruent,✅,0.47785427874318154
33,73,deadline,congruent,❌,0.39038073624911895
33,73,bed,congruent,✅,0.9029934648150532
33,73,deadline,incongruent,✅,0.006250674758178127
33,73,bed,incongruent,✅,0.025154497524220158
33,74,kindergarten,congruent,✅,0.9632461633671199
33,74,jail,congruent,✅,0.996978472141984
33,74,kindergarten,incongruent,✅,0.3808225499030714
33,74,jail,incongruent,❌,0.7141520404537596
33,75,interrogated,congruent,✅,0.9678540035253738
33,75,tickled,congruent,✅,0.912852276941497
33,75,interrogated,incongruent,✅,0.007337384429264133
33,75,tickled,incongruent,✅,0.0048544910104503
33,76,sandcastle,congruent,✅,0.9882837552822575
33,76,snowman,congruent,✅,0.9989234388311966
33,76,sandcastle,incongruent,✅,0.11183864788467789
33,76,snowman,incongruent,❌,0.5907099132537831
33,77,music,congruent,✅,0.9995022047907134
33,77,pizza,congruent,✅,0.997314957567295
33,77,music,incongruent,✅,0.03643817607534092
33,77,pizza,incongruent,✅,0.003007357609586197
33,78,playoffs,congruent,✅,0.9680071397821901
33,78,cartoon,congruent,✅,0.9945919353156721
33,78,playoffs,incongruent,✅,0.015123832189069103
33,78,cartoon,incongruent,✅,0.34534452118770886
33,79,alcoholism,congruent,✅,0.9243229564269522
33,79,academics,congruent,✅,0.9667370971101951
33,79,alcoholism,incongruent,✅,0.09703803667813696
33,79,academics,incongruent,✅,0.04305261578770805
33,8,engagement,congruent,✅,0.9071033641257324
33,8,cancer,congruent,❌,0.30932339155564004
33,8,engagement,incongruent,✅,0.1999510855228742
33,8,cancer,incongruent,❌,0.5181598402184162
33,9,terminal,congruent,✅,0.9951537870371602
33,9,classroom,congruent,✅,0.9502315616185906
33,9,terminal,incongruent,✅,0.0118681573879654
33,9,classroom,incongruent,✅,0.10787458924867074
34,0,library,congruent,✅,0.9029224997155479
34,0,refrigerator,congruent,✅,0.5983464632229798
34,0,library,incongruent,✅,0.011064072954616108
34,0,refrigerator,incongruent,✅,0.0014147935422031655
34,1,disappointment,congruent,❌,0.20784738275615527
34,1,delight,congruent,✅,0.7307802482771543
34,1,disappointment,incongruent,✅,0.05056934114233203
34,1,delight,incongruent,✅,0.07366523908803586
34,10,cash,congruent,✅,0.9555109981858797
34,10,groceries,congruent,✅,0.914402717945114
34,10,cash,incongruent,✅,0.2860970147755487
34,10,groceries,incongruent,✅,0.06494527707378006
34,11,lonely,congruent,✅,0.9790387040811638
34,11,confident,congruent,✅,0.769282809934727
34,11,lonely,incongruent,✅,0.07194480574861341
34,11,confident,incongruent,❌,0.5269005465022819
34,12,joy,congruent,✅,0.9961509815997275
34,12,outrage,congruent,✅,0.6295746226394565
34,12,joy,incongruent,✅,0.07326644362768459
34,12,outrage,incongruent,❌,0.8319010271534514
34,13,traffic,congruent,✅,0.9979678397829185
34,13,snowstorm,congruent,✅,0.9931170085439768
34,13,traffic,incongruent,❌,0.6300025527361826
34,13,snowstorm,incongruent,✅,0.42776723579933396
34,14,laughter,congruent,✅,0.9204388797273626
34,14,frustration,congruent,✅,0.9809616612445591
34,14,laughter,incongruent,✅,0.11287703184399861
34,14,frustration,incongruent,✅,0.014435041923513057
34,15,calculator,congruent,✅,0.8979622346657514
34,15,instrument,congruent,✅,0.9287430793095647
34,15,calculator,incongruent,✅,0.20032926035922646
34,15,instrument,incongruent,✅,0.2249982777770858
34,16,orchestra,congruent,✅,0.9727768001167442
34,16,racers,congruent,✅,0.9860439246419471
34,16,orchestra,incongruent,✅,0.1838552308140582
34,16,racers,incongruent,✅,0.03987272548075283
34,17,retirement,congruent,✅,0.8320325736739392
34,17,playdate,congruent,✅,0.5511973977750537
34,17,retirement,incongruent,✅,0.005162438049977963
34,17,playdate,incongruent,✅,0.004972941971610168
34,18,relieved,congruent,✅,0.5639194677052483
34,18,depressed,congruent,❌,0.29256809383322363
34,18,relieved,incongruent,✅,0.07228290451421822
34,18,depressed,incongruent,✅,0.3418144142732349
34,19,friends,congruent,❌,0.1699333830841483
34,19,weight,congruent,✅,0.9152783017679221
34,19,friends,incongruent,✅,0.2879580064761571
34,19,weight,incongruent,✅,0.021797484793131608
34,2,overcoat,congruent,✅,0.8810143287541787
34,2,sandals,congruent,✅,0.7518187277089563
34,2,overcoat,incongruent,✅,0.008219395798355488
34,2,sandals,incongruent,✅,0.010780742459843675
34,20,lipstick,congruent,✅,0.9585757798152666
34,20,song,congruent,✅,0.9432447673753798
34,20,lipstick,incongruent,✅,0.05912134527032073
34,20,song,incongruent,✅,0.19699183232870834
34,21,fought,congruent,✅,0.9766512240477363
34,21,sang,congruent,✅,0.8830875507401685
34,21,fought,incongruent,✅,0.025328409859595977
34,21,sang,incongruent,✅,0.015833714105613555
34,22,skeptical,congruent,❌,0.4511956862686521
34,22,reassured,congruent,✅,0.537154875431578
34,22,skeptical,incongruent,✅,0.3465202076546654
34,22,reassured,incongruent,✅,0.1877384939974806
34,23,graduation,congruent,✅,0.9965195813850379
34,23,operation,congruent,✅,0.9707971263674012
34,23,graduation,incongruent,✅,0.012037917201803203
34,23,operation,incongruent,✅,0.11011245035035541
34,24,bride,congruent,✅,0.9772312839383432
34,24,aftermath,congruent,✅,0.990817088303849
34,24,bride,incongruent,✅,0.18465022578391507
34,24,aftermath,incongruent,✅,0.003843023772493439
34,25,teacher,congruent,✅,0.981115239622629
34,25,daughter,congruent,✅,0.988767272774211
34,25,teacher,incongruent,✅,0.16263425537298976
34,25,daughter,incongruent,✅,0.22730729082821685
34,26,roommate,congruent,✅,0.9384325099307023
34,26,grandma,congruent,✅,0.9890213791744733
34,26,roommate,incongruent,✅,0.032790530133782664
34,26,grandma,incongruent,✅,0.00777156689036652
34,27,brother,congruent,✅,0.9669916651122641
34,27,mother,congruent,✅,0.9902670100335912
34,27,brother,incongruent,✅,0.19015453611855096
34,27,mother,incongruent,✅,0.13854419228860684
34,28,preschool,congruent,✅,0.856761869473293
34,28,prison,congruent,✅,0.9390211965386042
34,28,preschool,incongruent,✅,0.001273624644300603
34,28,prison,incongruent,✅,0.0027989170391229026
34,29,hopeful,congruent,✅,0.7003382717488622
34,29,hopeless,congruent,✅,0.8943411760999811
34,29,hopeful,incongruent,✅,0.26705574217553396
34,29,hopeless,incongruent,✅,0.1720489969503446
34,3,marathon,congruent,✅,0.9821731669573115
34,3,exam,congruent,✅,0.9207086140399674
34,3,marathon,incongruent,✅,0.018246820411175327
34,3,exam,incongruent,✅,0.18308855779920025
34,30,appalled,congruent,✅,0.9855673471273739
34,30,overjoyed,congruent,✅,0.9294514394091923
34,30,appalled,incongruent,✅,0.18058687137397345
34,30,overjoyed,incongruent,❌,0.8934558039139813
34,31,reprimand,congruent,✅,0.9776395029349518
34,31,encouragement,congruent,✅,0.9957527848994879
34,31,reprimand,incongruent,✅,0.4515366336437417
34,31,encouragement,incongruent,✅,0.14395653886294796
34,32,angrily,congruent,✅,0.9884618883220724
34,32,cordially,congruent,✅,0.9755127211466885
34,32,angrily,incongruent,✅,0.1877009913793354
34,32,cordially,incongruent,✅,0.06435968153193222
34,33,accusatory,congruent,✅,0.979105126889208
34,33,flirtatious,congruent,✅,0.8598353656415508
34,33,accusatory,incongruent,✅,0.4414781428959345
34,33,flirtatious,incongruent,❌,0.7016178329119935
34,34,disapprovingly,congruent,✅,0.6900604070933867
34,34,lovingly,congruent,✅,0.5300620803395174
34,34,disapprovingly,incongruent,✅,0.009532086576353904
34,34,lovingly,incongruent,✅,0.0645344358120179
34,35,playful,congruent,✅,0.7011926534540643
34,35,distant,congruent,✅,0.9355111018201351
34,35,playful,incongruent,✅,0.4434522051078349
34,35,distant,incongruent,✅,0.06625054227492821
34,36,headphones,congruent,✅,0.8777953874155687
34,36,mangoes,congruent,✅,0.5529124806872796
34,36,headphones,incongruent,✅,0.004291212527541392
34,36,mangoes,incongruent,✅,0.008035370864529991
34,37,playroom,congruent,✅,0.9948676477837037
34,37,park,congruent,✅,0.9891416908020169
34,37,playroom,incongruent,✅,0.025814468364662578
34,37,park,incongruent,✅,0.4018888832854389
34,38,bedroom,congruent,✅,0.9779646679963071
34,38,backyard,congruent,✅,0.9891721898583952
34,38,bedroom,incongruent,✅,0.020742972815832678
34,38,backyard,incongruent,✅,0.0018131201600652797
34,39,solemnly,congruent,✅,0.8307710711357568
34,39,excitedly,congruent,✅,0.8094467712733665
34,39,solemnly,incongruent,✅,0.4351730467911879
34,39,excitedly,incongruent,✅,0.09806444092530649
34,4,menu,congruent,✅,0.9703206765890134
34,4,prescription,congruent,✅,0.9794142429644173
34,4,menu,incongruent,✅,0.19328339238867567
34,4,prescription,incongruent,✅,0.22424031973701325
34,40,car,congruent,❌,0.4752150230185929
34,40,sock,congruent,❌,0.2800095122249606
34,40,car,incongruent,✅,0.0461584966506516
34,40,sock,incongruent,✅,0.11443503497153375
34,41,overdressed,congruent,✅,0.947088608971215
34,41,naked,congruent,✅,0.8893046754929469
34,41,overdressed,incongruent,✅,0.01653293338535722
34,41,naked,incongruent,✅,0.07040242161624025
34,42,shy,congruent,✅,0.7385051505326957
34,42,lively,congruent,✅,0.9599169883127264
34,42,shy,incongruent,✅,0.2187294022422631
34,42,lively,incongruent,✅,0.17433315365102053
34,43,offended,congruent,✅,0.8138067568316767
34,43,flattered,congruent,✅,0.5488723212187682
34,43,offended,incongruent,✅,0.04501498338801983
34,43,flattered,incongruent,✅,0.2145400075791915
34,44,grandkid,congruent,✅,0.996530657340516
34,44,cellmate,congruent,✅,0.9905888336439792
34,44,grandkid,incongruent,✅,0.00912441765415047
34,44,cellmate,incongruent,✅,0.03611169523778504
34,45,promoted,congruent,✅,0.973065255154328
34,45,fired,congruent,✅,0.9492765219794761
34,45,promoted,incongruent,✅,0.14708678893460214
34,45,fired,incongruent,❌,0.5594479963998236
34,46,shooting,congruent,❌,0.09663601505096807
34,46,celebration,congruent,✅,0.8380923853506231
34,46,shooting,incongruent,✅,0.04881469580086035
34,46,celebration,incongruent,✅,0.025615379579200837
34,47,crayon,congruent,✅,0.9067827898359135
34,47,beer,congruent,✅,0.9958044135371947
34,47,crayon,incongruent,✅,0.0007112020301508742
34,47,beer,incongruent,✅,0.0015356476407575289
34,48,waiter,congruent,✅,0.6337321747513832
34,48,taxi,congruent,✅,0.5875644441626192
34,48,waiter,incongruent,✅,0.011416825663454257
34,48,taxi,incongruent,✅,0.05337770205131657
34,49,parents,congruent,✅,0.9936949749259725
34,49,keys,congruent,✅,0.9826063398765182
34,49,parents,incongruent,✅,0.1189740988099027
34,49,keys,incongruent,✅,0.3186069800779313
34,5,distress,congruent,✅,0.9922851910538938
34,5,tranquility,congruent,✅,0.9265933407000211
34,5,distress,incongruent,✅,0.009670774528148407
34,5,tranquility,incongruent,✅,0.25681066698452454
34,50,sofa,congruent,✅,0.9923562171190828
34,50,sky,congruent,✅,0.987587678408332
34,50,sofa,incongruent,❌,0.7650173837236295
34,50,sky,incongruent,❌,0.5384410252608184
34,51,obesity,congruent,✅,0.693427980472311
34,51,homework,congruent,✅,0.971530393767843
34,51,obesity,incongruent,✅,0.02491961774501406
34,51,homework,incongruent,✅,0.047963463436226345
34,52,quiz,congruent,✅,0.9648538926393055
34,52,commute,congruent,✅,0.9879421634020059
34,52,quiz,incongruent,✅,0.015163757609572812
34,52,commute,incongruent,✅,0.1254921006401467
34,53,migraine,congruent,✅,0.9950566486733641
34,53,excitement,congruent,✅,0.8539922422600871
34,53,migraine,incongruent,✅,0.001842626843127589
34,53,excitement,incongruent,✅,0.16389427542690022
34,54,niece,congruent,✅,0.8689968769688663
34,54,husband,congruent,✅,0.8547891632724857
34,54,niece,incongruent,✅,0.1541230109888586
34,54,husband,incongruent,✅,0.17130144489790414
34,55,film,congruent,✅,0.9755486096898534
34,55,sunrise,congruent,✅,0.5966185649079976
34,55,film,incongruent,✅,0.0041383714071315456
34,55,sunrise,incongruent,✅,0.09695719244059361
34,56,lecture,congruent,✅,0.991779563545978
34,56,banquet,congruent,✅,0.8987606486593629
34,56,lecture,incongruent,✅,0.0023727923241282623
34,56,banquet,incongruent,✅,0.0010334119490767967
34,57,drink,congruent,✅,0.9971709994635019
34,57,textbook,congruent,✅,0.9416104142572509
34,57,drink,incongruent,✅,0.007134629551484872
34,57,textbook,incongruent,✅,0.015569751220172423
34,58,pool,congruent,✅,0.9965712897092476
34,58,snow,congruent,❌,0.2744840046100873
34,58,pool,incongruent,✅,0.0011337846724513892
34,58,snow,incongruent,✅,0.02461518764167729
34,59,passport,congruent,✅,0.9431404531183806
34,59,plushy,congruent,✅,0.9826503713756545
34,59,passport,incongruent,✅,0.11222759193526945
34,59,plushy,incongruent,✅,0.07039675176515048
34,6,patients,congruent,✅,0.9718949883260501
34,6,students,congruent,✅,0.998668131665214
34,6,patients,incongruent,✅,0.013696848305132518
34,6,students,incongruent,✅,0.002472727684216495
34,60,sister,congruent,✅,0.8191535555534006
34,60,father,congruent,✅,0.8157960980163307
34,60,sister,incongruent,✅,0.07524484267169815
34,60,father,incongruent,✅,0.013439291801876155
34,61,game,congruent,✅,0.989929159394604
34,61,sunset,congruent,✅,0.9872086976029227
34,61,game,incongruent,✅,0.13258921099657833
34,61,sunset,incongruent,✅,0.11726684607166468
34,62,holidays,congruent,✅,0.9305133321779313
34,62,funeral,congruent,✅,0.9728457834313956
34,62,holidays,incongruent,✅,0.04908627478565318
34,62,funeral,incongruent,✅,0.1617293318809786
34,63,grades,congruent,✅,0.6549622026226875
34,63,affair,congruent,✅,0.9786091790244247
34,63,grades,incongruent,✅,0.23779818926308813
34,63,affair,incongruent,✅,0.0659733269507681
34,64,arrest,congruent,❌,0.2998495587245507
34,64,stroke,congruent,❌,0.26854896922845883
34,64,arrest,incongruent,✅,0.15810608847250435
34,64,stroke,incongruent,✅,0.03683106462186212
34,65,pacifier,congruent,✅,0.844501837060457
34,65,coffee,congruent,✅,0.9892808658399602
34,65,pacifier,incongruent,✅,0.010369575988614876
34,65,coffee,incongruent,✅,0.00443699773574555
34,66,sweets,congruent,✅,0.9911529912702579
34,66,sentencing,congruent,✅,0.9696564239690693
34,66,sweets,incongruent,✅,0.0021461954216684567
34,66,sentencing,incongruent,✅,0.016823488558084795
34,67,nap,congruent,✅,0.9889766682215
34,67,selfie,congruent,✅,0.9984947852872548
34,67,nap,incongruent,✅,0.04586281500147162
34,67,selfie,incongruent,✅,0.0013960230841498827
34,68,diaper,congruent,✅,0.9616562453060986
34,68,tire,congruent,✅,0.99659699510593
34,68,diaper,incongruent,✅,0.0005346926721125619
34,68,tire,incongruent,✅,0.0066358790314229536
34,69,chemotherapy,congruent,✅,0.8811231048034964
34,69,golf,congruent,✅,0.9965053064500444
34,69,chemotherapy,incongruent,✅,0.0047273865841471465
34,69,golf,incongruent,✅,0.020088284055330974
34,7,consensus,congruent,✅,0.8049352248119706
34,7,deadlock,congruent,✅,0.6948259816110262
34,7,consensus,incongruent,✅,0.05439115017988111
34,7,deadlock,incongruent,✅,0.20241685957809258
34,70,thunder,congruent,✅,0.9976269723817108
34,70,lullaby,congruent,✅,0.6875406683524805
34,70,thunder,incongruent,✅,0.06831074696947331
34,70,lullaby,incongruent,✅,0.3702125924367463
34,71,pajamas,congruent,✅,0.9602215751042005
34,71,uniform,congruent,✅,0.9649958146617081
34,71,pajamas,incongruent,✅,0.17104389732645278
34,71,uniform,incongruent,✅,0.05434143427103933
34,72,gown,congruent,✅,0.978588251360042
34,72,sweats,congruent,✅,0.9961193520635787
34,72,gown,incongruent,✅,0.06179165449201557
34,72,sweats,incongruent,✅,0.39727295476100927
34,73,deadline,congruent,❌,0.3382648694698981
34,73,bed,congruent,✅,0.7484890525287627
34,73,deadline,incongruent,✅,0.00356467224451101
34,73,bed,incongruent,✅,0.017698596498885732
34,74,kindergarten,congruent,✅,0.9433038686539933
34,74,jail,congruent,✅,0.996368666077358
34,74,kindergarten,incongruent,✅,0.14923283401760948
34,74,jail,incongruent,❌,0.6712393854177928
34,75,interrogated,congruent,✅,0.9817769401701869
34,75,tickled,congruent,✅,0.8547581859870129
34,75,interrogated,incongruent,✅,0.006439048704694953
34,75,tickled,incongruent,✅,0.0038118475193683705
34,76,sandcastle,congruent,✅,0.9890677587091021
34,76,snowman,congruent,✅,0.9993248525333471
34,76,sandcastle,incongruent,✅,0.1405429287806173
34,76,snowman,incongruent,❌,0.6761790101408593
34,77,music,congruent,✅,0.9996838714454866
34,77,pizza,congruent,✅,0.9972223730929416
34,77,music,incongruent,✅,0.020674172523283265
34,77,pizza,incongruent,✅,0.007052687425348233
34,78,playoffs,congruent,✅,0.9371965213310568
34,78,cartoon,congruent,✅,0.994733736554506
34,78,playoffs,incongruent,✅,0.01184225379551881
34,78,cartoon,incongruent,✅,0.18621644199295412
34,79,alcoholism,congruent,✅,0.95610225039532
34,79,academics,congruent,✅,0.9692183643537098
34,79,alcoholism,incongruent,✅,0.08316876101520684
34,79,academics,incongruent,✅,0.08021408551762986
34,8,engagement,congruent,✅,0.7356577373589935
34,8,cancer,congruent,❌,0.33584633620899823
34,8,engagement,incongruent,✅,0.17130591061517955
34,8,cancer,incongruent,✅,0.30290090764187644
34,9,terminal,congruent,✅,0.986804998345315
34,9,classroom,congruent,✅,0.9504757395898753
34,9,terminal,incongruent,✅,0.02069705925178333
34,9,classroom,incongruent,✅,0.04010388371942635
35,0,library,congruent,✅,0.8673911837203155
35,0,refrigerator,congruent,✅,0.5595324012447322
35,0,library,incongruent,✅,0.010268633788417606
35,0,refrigerator,incongruent,✅,0.006884350929790184
35,1,disappointment,congruent,❌,0.06971796589767125
35,1,delight,congruent,✅,0.6067872474471908
35,1,disappointment,incongruent,✅,0.011823910418564747
35,1,delight,incongruent,✅,0.01868622590244647
35,10,cash,congruent,✅,0.9734911617283218
35,10,groceries,congruent,✅,0.9283929607229248
35,10,cash,incongruent,✅,0.0603637183564667
35,10,groceries,incongruent,✅,0.01956816212523397
35,11,lonely,congruent,✅,0.9785065378767634
35,11,confident,congruent,✅,0.8449348026728607
35,11,lonely,incongruent,✅,0.057656755094780764
35,11,confident,incongruent,✅,0.32180677047177736
35,12,joy,congruent,✅,0.9941110944395961
35,12,outrage,congruent,✅,0.7003635728106149
35,12,joy,incongruent,✅,0.04261530025271668
35,12,outrage,incongruent,❌,0.7697456169896937
35,13,traffic,congruent,✅,0.9988145309189798
35,13,snowstorm,congruent,✅,0.9899497717338474
35,13,traffic,incongruent,✅,0.49264300484618656
35,13,snowstorm,incongruent,❌,0.5982612365093152
35,14,laughter,congruent,✅,0.9682948761559923
35,14,frustration,congruent,✅,0.9840069035129813
35,14,laughter,incongruent,✅,0.268893483671746
35,14,frustration,incongruent,✅,0.048087672486939494
35,15,calculator,congruent,✅,0.973251339499292
35,15,instrument,congruent,✅,0.9814664489749609
35,15,calculator,incongruent,✅,0.4095693897306963
35,15,instrument,incongruent,❌,0.6533071757039753
35,16,orchestra,congruent,✅,0.9831185852218863
35,16,racers,congruent,✅,0.9729422756907352
35,16,orchestra,incongruent,✅,0.18763775281244313
35,16,racers,incongruent,✅,0.008388021393572764
35,17,retirement,congruent,✅,0.9539699370858842
35,17,playdate,congruent,✅,0.6724105374466546
35,17,retirement,incongruent,✅,0.009083764672024281
35,17,playdate,incongruent,✅,0.004095648165828599
35,18,relieved,congruent,✅,0.6901895355102294
35,18,depressed,congruent,❌,0.1764899708625619
35,18,relieved,incongruent,✅,0.03992124039535416
35,18,depressed,incongruent,✅,0.3581424619747601
35,19,friends,congruent,❌,0.22311514968462043
35,19,weight,congruent,✅,0.9437347752327018
35,19,friends,incongruent,✅,0.29023059797115647
35,19,weight,incongruent,✅,0.037544105976547164
35,2,overcoat,congruent,✅,0.7325784055699807
35,2,sandals,congruent,✅,0.508683167404415
35,2,overcoat,incongruent,✅,0.005752794399310853
35,2,sandals,incongruent,✅,0.007719871420747888
35,20,lipstick,congruent,✅,0.9673976116043008
35,20,song,congruent,✅,0.9585079449797859
35,20,lipstick,incongruent,✅,0.017023103915435912
35,20,song,incongruent,✅,0.03065216373082045
35,21,fought,congruent,✅,0.9907165805655122
35,21,sang,congruent,✅,0.9556502070134857
35,21,fought,incongruent,✅,0.011428587456188079
35,21,sang,incongruent,✅,0.007323493818706045
35,22,skeptical,congruent,✅,0.6381648043794989
35,22,reassured,congruent,❌,0.4855485887012305
35,22,skeptical,incongruent,✅,0.2603467902164138
35,22,reassured,incongruent,✅,0.19409080391777506
35,23,graduation,congruent,✅,0.9972340006454754
35,23,operation,congruent,✅,0.9865321636233143
35,23,graduation,incongruent,✅,0.006293057330909337
35,23,operation,incongruent,✅,0.04465964145620494
35,24,bride,congruent,✅,0.9828369496406267
35,24,aftermath,congruent,✅,0.9916146146569905
35,24,bride,incongruent,✅,0.1409061264834548
35,24,aftermath,incongruent,✅,0.0003094912399269314
35,25,teacher,congruent,✅,0.9932513243396311
35,25,daughter,congruent,✅,0.988633623717609
35,25,teacher,incongruent,✅,0.1337710055167329
35,25,daughter,incongruent,✅,0.04844548014117337
35,26,roommate,congruent,✅,0.9737447578771247
35,26,grandma,congruent,✅,0.9986294961154971
35,26,roommate,incongruent,✅,0.021906040497263385
35,26,grandma,incongruent,✅,0.015675976889730315
35,27,brother,congruent,✅,0.9919165261034041
35,27,mother,congruent,✅,0.9973224607527121
35,27,brother,incongruent,✅,0.03689205377192265
35,27,mother,incongruent,✅,0.3326596652024458
35,28,preschool,congruent,✅,0.956450240630152
35,28,prison,congruent,✅,0.9556173130140994
35,28,preschool,incongruent,✅,0.0010380933668548424
35,28,prison,incongruent,✅,0.005648903035481034
35,29,hopeful,congruent,✅,0.5533492538549706
35,29,hopeless,congruent,✅,0.9361690108175986
35,29,hopeful,incongruent,✅,0.23774012920503776
35,29,hopeless,incongruent,✅,0.03864223152718701
35,3,marathon,congruent,✅,0.9849743304551586
35,3,exam,congruent,✅,0.977958223974081
35,3,marathon,incongruent,✅,0.002349935047299812
35,3,exam,incongruent,✅,0.019102294320088028
35,30,appalled,congruent,✅,0.9940962059001949
35,30,overjoyed,congruent,✅,0.9708489660550279
35,30,appalled,incongruent,✅,0.199441689544821
35,30,overjoyed,incongruent,❌,0.8776307570148371
35,31,reprimand,congruent,✅,0.9869217414899992
35,31,encouragement,congruent,✅,0.9981302387472352
35,31,reprimand,incongruent,✅,0.25340664447121136
35,31,encouragement,incongruent,✅,0.3605174514959974
35,32,angrily,congruent,✅,0.9895320037547465
35,32,cordially,congruent,✅,0.9747056352976663
35,32,angrily,incongruent,✅,0.08812485643619129
35,32,cordially,incongruent,✅,0.025733286766224786
35,33,accusatory,congruent,✅,0.9927206791483301
35,33,flirtatious,congruent,✅,0.9471978195844187
35,33,accusatory,incongruent,❌,0.68796856714333
35,33,flirtatious,incongruent,❌,0.7956939000016857
35,34,disapprovingly,congruent,✅,0.6254292881586353
35,34,lovingly,congruent,❌,0.4166024313609296
35,34,disapprovingly,incongruent,✅,0.005588265166112443
35,34,lovingly,incongruent,✅,0.042288507526238465
35,35,playful,congruent,✅,0.9192892383748471
35,35,distant,congruent,✅,0.9258169261382816
35,35,playful,incongruent,✅,0.4327777404395738
35,35,distant,incongruent,✅,0.1548756931264491
35,36,headphones,congruent,✅,0.9835350768832237
35,36,mangoes,congruent,✅,0.7524686303149224
35,36,headphones,incongruent,✅,0.0009397310213746109
35,36,mangoes,incongruent,✅,0.0005477895729309612
35,37,playroom,congruent,✅,0.9963145275170705
35,37,park,congruent,✅,0.9960255856532267
35,37,playroom,incongruent,✅,0.02961298988261474
35,37,park,incongruent,✅,0.44179588485624854
35,38,bedroom,congruent,✅,0.9880372929291446
35,38,backyard,congruent,✅,0.9862477947929522
35,38,bedroom,incongruent,✅,0.004661446781532885
35,38,backyard,incongruent,✅,0.0020986382568791593
35,39,solemnly,congruent,✅,0.8474468009551533
35,39,excitedly,congruent,✅,0.6454916450542485
35,39,solemnly,incongruent,✅,0.4099385903415574
35,39,excitedly,incongruent,✅,0.15621231862255383
35,4,menu,congruent,✅,0.9654613655710986
35,4,prescription,congruent,✅,0.9893742461115015
35,4,menu,incongruent,✅,0.2108182943809636
35,4,prescription,incongruent,✅,0.11297212136310181
35,40,car,congruent,✅,0.7971554061862415
35,40,sock,congruent,❌,0.36872312413851643
35,40,car,incongruent,✅,0.033497505534385415
35,40,sock,incongruent,✅,0.13772679613965236
35,41,overdressed,congruent,✅,0.958176400072624
35,41,naked,congruent,✅,0.8459168999399546
35,41,overdressed,incongruent,✅,0.006438446581200106
35,41,naked,incongruent,✅,0.0906859597288959
35,42,shy,congruent,✅,0.700590600314517
35,42,lively,congruent,✅,0.9791996311393709
35,42,shy,incongruent,✅,0.0989964382398847
35,42,lively,incongruent,✅,0.09227142221470279
35,43,offended,congruent,✅,0.8473867885165158
35,43,flattered,congruent,✅,0.7807989989260695
35,43,offended,incongruent,✅,0.04951726742877241
35,43,flattered,incongruent,✅,0.16860948050052527
35,44,grandkid,congruent,✅,0.9979245268544766
35,44,cellmate,congruent,✅,0.9958055678722654
35,44,grandkid,incongruent,✅,0.009521853658361754
35,44,cellmate,incongruent,✅,0.06444880927954001
35,45,promoted,congruent,✅,0.960455941262504
35,45,fired,congruent,✅,0.969911705011363
35,45,promoted,incongruent,✅,0.2532071078710072
35,45,fired,incongruent,✅,0.46510541104542286
35,46,shooting,congruent,❌,0.05557418143650771
35,46,celebration,congruent,✅,0.5492143276957053
35,46,shooting,incongruent,✅,0.03295643728351722
35,46,celebration,incongruent,✅,0.014129598964259856
35,47,crayon,congruent,✅,0.7367715129804636
35,47,beer,congruent,✅,0.9948255107666202
35,47,crayon,incongruent,✅,0.0004237795996814934
35,47,beer,incongruent,✅,0.0007894637134720473
35,48,waiter,congruent,✅,0.8464205738735866
35,48,taxi,congruent,✅,0.8983353804912136
35,48,waiter,incongruent,✅,0.01573609627244982
35,48,taxi,incongruent,✅,0.036365547080432326
35,49,parents,congruent,✅,0.994142472124751
35,49,keys,congruent,✅,0.968975857091339
35,49,parents,incongruent,✅,0.2735415408428206
35,49,keys,incongruent,✅,0.17983509738170744
35,5,distress,congruent,✅,0.9943284569167816
35,5,tranquility,congruent,✅,0.9289599049977839
35,5,distress,incongruent,✅,0.0032301140651285597
35,5,tranquility,incongruent,✅,0.2366196759409037
35,50,sofa,congruent,✅,0.9961972742167191
35,50,sky,congruent,✅,0.9928249021390756
35,50,sofa,incongruent,❌,0.6789118126346484
35,50,sky,incongruent,✅,0.48019226131490883
35,51,obesity,congruent,✅,0.7818884790328255
35,51,homework,congruent,✅,0.9854846869016574
35,51,obesity,incongruent,✅,0.006754671078213151
35,51,homework,incongruent,✅,0.018082160630146962
35,52,quiz,congruent,✅,0.9915595423917103
35,52,commute,congruent,✅,0.9849256124729041
35,52,quiz,incongruent,✅,0.0008212403837100733
35,52,commute,incongruent,✅,0.029078654663828182
35,53,migraine,congruent,✅,0.9953688606241526
35,53,excitement,congruent,✅,0.9659224328863126
35,53,migraine,incongruent,✅,0.005955777899780728
35,53,excitement,incongruent,✅,0.026464642248420083
35,54,niece,congruent,✅,0.7814858143581727
35,54,husband,congruent,✅,0.9633006364880291
35,54,niece,incongruent,✅,0.09595843338305157
35,54,husband,incongruent,✅,0.06215414424363032
35,55,film,congruent,✅,0.9921855832717659
35,55,sunrise,congruent,✅,0.6305061581814153
35,55,film,incongruent,✅,0.000549357410705485
35,55,sunrise,incongruent,✅,0.05962942275085823
35,56,lecture,congruent,✅,0.992178267582711
35,56,banquet,congruent,✅,0.9075489348835761
35,56,lecture,incongruent,✅,0.0024657442552121892
35,56,banquet,incongruent,✅,0.0022051979539861495
35,57,drink,congruent,✅,0.9982105891718154
35,57,textbook,congruent,✅,0.9348070597848616
35,57,drink,incongruent,✅,0.014764273478267118
35,57,textbook,incongruent,✅,0.00184847127535491
35,58,pool,congruent,✅,0.9968431749059787
35,58,snow,congruent,❌,0.41880330417758793
35,58,pool,incongruent,✅,0.0033181148745871285
35,58,snow,incongruent,✅,0.033578892889149385
35,59,passport,congruent,✅,0.946684394863355
35,59,plushy,congruent,✅,0.9849060689284107
35,59,passport,incongruent,✅,0.02055858459935186
35,59,plushy,incongruent,✅,0.0837318422144989
35,6,patients,congruent,✅,0.9740730910335693
35,6,students,congruent,✅,0.9980968879770438
35,6,patients,incongruent,✅,0.00660206129203246
35,6,students,incongruent,✅,0.0018681710549709918
35,60,sister,congruent,✅,0.9668930997936561
35,60,father,congruent,✅,0.8882701825037421
35,60,sister,incongruent,✅,0.08960898283634945
35,60,father,incongruent,✅,0.01179951542447344
35,61,game,congruent,✅,0.9955344861502772
35,61,sunset,congruent,✅,0.9930989363108651
35,61,game,incongruent,✅,0.05500012868680167
35,61,sunset,incongruent,✅,0.29116299662517536
35,62,holidays,congruent,✅,0.9366368172884522
35,62,funeral,congruent,✅,0.9911833209058419
35,62,holidays,incongruent,✅,0.04271289577766496
35,62,funeral,incongruent,✅,0.30528480791782237
35,63,grades,congruent,✅,0.9736939440495096
35,63,affair,congruent,✅,0.9959517911406458
35,63,grades,incongruent,✅,0.07856488120845978
35,63,affair,incongruent,✅,0.006716322640556758
35,64,arrest,congruent,❌,0.4651788154183021
35,64,stroke,congruent,❌,0.39370425534476133
35,64,arrest,incongruent,✅,0.11309598049696798
35,64,stroke,incongruent,✅,0.04380974004302868
35,65,pacifier,congruent,✅,0.7664856006028637
35,65,coffee,congruent,✅,0.9870574509357255
35,65,pacifier,incongruent,✅,0.03542046109041823
35,65,coffee,incongruent,✅,0.005592641095012737
35,66,sweets,congruent,✅,0.9968254295674974
35,66,sentencing,congruent,✅,0.9900215909199864
35,66,sweets,incongruent,✅,0.002071618973392068
35,66,sentencing,incongruent,✅,0.011194148768405554
35,67,nap,congruent,✅,0.9902241128368718
35,67,selfie,congruent,✅,0.9979722738363808
35,67,nap,incongruent,✅,0.030459393779853884
35,67,selfie,incongruent,✅,0.0002524620550681374
35,68,diaper,congruent,✅,0.948473003936449
35,68,tire,congruent,✅,0.9976576597980031
35,68,diaper,incongruent,✅,0.0008514618822251767
35,68,tire,incongruent,✅,0.0009063389965772294
35,69,chemotherapy,congruent,✅,0.9459485820023497
35,69,golf,congruent,✅,0.9979985453110015
35,69,chemotherapy,incongruent,✅,0.007339508518671326
35,69,golf,incongruent,✅,0.005782294150285847
35,7,consensus,congruent,✅,0.9269249081178291
35,7,deadlock,congruent,✅,0.8805825488442501
35,7,consensus,incongruent,✅,0.1521110936673851
35,7,deadlock,incongruent,✅,0.2175728154128218
35,70,thunder,congruent,✅,0.9979579737206103
35,70,lullaby,congruent,❌,0.36630398438689177
35,70,thunder,incongruent,✅,0.10397615166441612
35,70,lullaby,incongruent,❌,0.6474704962956809
35,71,pajamas,congruent,✅,0.9749303315837013
35,71,uniform,congruent,✅,0.9827205732792245
35,71,pajamas,incongruent,✅,0.09989019519449698
35,71,uniform,incongruent,✅,0.054980350114861846
35,72,gown,congruent,✅,0.9869176048125445
35,72,sweats,congruent,✅,0.9955978611428192
35,72,gown,incongruent,✅,0.03790697490659229
35,72,sweats,incongruent,✅,0.21493765226364644
35,73,deadline,congruent,❌,0.46930555999890317
35,73,bed,congruent,✅,0.8800420500882455
35,73,deadline,incongruent,✅,0.003740887430593906
35,73,bed,incongruent,✅,0.020851463050752278
35,74,kindergarten,congruent,✅,0.8221403990942336
35,74,jail,congruent,✅,0.9913274944073523
35,74,kindergarten,incongruent,✅,0.034828636937149805
35,74,jail,incongruent,✅,0.35733520710025746
35,75,interrogated,congruent,✅,0.9961547039122789
35,75,tickled,congruent,✅,0.7494289649329725
35,75,interrogated,incongruent,✅,0.003930498477412664
35,75,tickled,incongruent,✅,0.0021225055610365616
35,76,sandcastle,congruent,✅,0.9960746504765982
35,76,snowman,congruent,✅,0.9990473770366651
35,76,sandcastle,incongruent,✅,0.15433756360666867
35,76,snowman,incongruent,❌,0.8065191445288072
35,77,music,congruent,✅,0.9997460063218423
35,77,pizza,congruent,✅,0.9975932768492493
35,77,music,incongruent,✅,0.0004679611164532831
35,77,pizza,incongruent,✅,0.002552193648256585
35,78,playoffs,congruent,✅,0.9455559042891488
35,78,cartoon,congruent,✅,0.995135016277237
35,78,playoffs,incongruent,✅,0.0009273601489257196
35,78,cartoon,incongruent,✅,0.04521006335742543
35,79,alcoholism,congruent,✅,0.9755436513964474
35,79,academics,congruent,✅,0.9941953066503283
35,79,alcoholism,incongruent,✅,0.07814780299089831
35,79,academics,incongruent,✅,0.08118939444407532
35,8,engagement,congruent,✅,0.5557352461335475
35,8,cancer,congruent,✅,0.6329980535410908
35,8,engagement,incongruent,✅,0.3000017067250909
35,8,cancer,incongruent,✅,0.18308786157864868
35,9,terminal,congruent,✅,0.9832246548115968
35,9,classroom,congruent,✅,0.9363154378291573
35,9,terminal,incongruent,✅,0.006952218937534371
35,9,classroom,incongruent,✅,0.02556924450490854
36,0,library,congruent,✅,0.9007714412139994
36,0,refrigerator,congruent,✅,0.6298653917611473
36,0,library,incongruent,✅,0.008113319324697568
36,0,refrigerator,incongruent,✅,0.005786646002462013
36,1,disappointment,congruent,❌,0.06703852089530231
36,1,delight,congruent,✅,0.7909322562171042
36,1,disappointment,incongruent,✅,0.02992299058989084
36,1,delight,incongruent,✅,0.014244279697969795
36,10,cash,congruent,✅,0.978322390600585
36,10,groceries,congruent,✅,0.9813245468737068
36,10,cash,incongruent,✅,0.10701630316794704
36,10,groceries,incongruent,✅,0.0010473040461938753
36,11,lonely,congruent,✅,0.9731514964426509
36,11,confident,congruent,✅,0.817849949735609
36,11,lonely,incongruent,✅,0.0321198773199359
36,11,confident,incongruent,✅,0.24259710808880755
36,12,joy,congruent,✅,0.9915296391718325
36,12,outrage,congruent,✅,0.5068338302017222
36,12,joy,incongruent,✅,0.010184877640854727
36,12,outrage,incongruent,❌,0.6900726734433589
36,13,traffic,congruent,✅,0.9983162004697705
36,13,snowstorm,congruent,✅,0.9908350201512552
36,13,traffic,incongruent,✅,0.31651877278959034
36,13,snowstorm,incongruent,❌,0.6885335042841862
36,14,laughter,congruent,✅,0.8796564875072163
36,14,frustration,congruent,✅,0.9885887963046831
36,14,laughter,incongruent,✅,0.07175863551050823
36,14,frustration,incongruent,✅,0.016139947760112242
36,15,calculator,congruent,✅,0.9764263391004651
36,15,instrument,congruent,✅,0.9867905556301225
36,15,calculator,incongruent,✅,0.24251163561229186
36,15,instrument,incongruent,✅,0.481257580520148
36,16,orchestra,congruent,✅,0.9824824250089044
36,16,racers,congruent,✅,0.9721245151221924
36,16,orchestra,incongruent,✅,0.10175482555257909
36,16,racers,incongruent,✅,0.0016654417994575676
36,17,retirement,congruent,✅,0.9905900158261586
36,17,playdate,congruent,✅,0.670340272271304
36,17,retirement,incongruent,✅,0.028650059304473376
36,17,playdate,incongruent,✅,0.00888368989485517
36,18,relieved,congruent,✅,0.7401400598230624
36,18,depressed,congruent,❌,0.20924918144398372
36,18,relieved,incongruent,✅,0.03501339038982479
36,18,depressed,incongruent,✅,0.2502546759495455
36,19,friends,congruent,❌,0.23909394537080086
36,19,weight,congruent,✅,0.9615457119060491
36,19,friends,incongruent,✅,0.2019505751123761
36,19,weight,incongruent,✅,0.04512137603673045
36,2,overcoat,congruent,✅,0.6615842178648268
36,2,sandals,congruent,❌,0.3373394214061074
36,2,overcoat,incongruent,✅,0.001674862562329502
36,2,sandals,incongruent,✅,0.0011415765094540799
36,20,lipstick,congruent,✅,0.9518999318372645
36,20,song,congruent,✅,0.9547759581478052
36,20,lipstick,incongruent,✅,0.009740227368103089
36,20,song,incongruent,✅,0.055873922570383525
36,21,fought,congruent,✅,0.983095859059806
36,21,sang,congruent,✅,0.8998456207641407
36,21,fought,incongruent,✅,0.012741008499367835
36,21,sang,incongruent,✅,0.00601876949203133
36,22,skeptical,congruent,✅,0.8808606616386521
36,22,reassured,congruent,✅,0.5481743112214902
36,22,skeptical,incongruent,✅,0.27654032113217986
36,22,reassured,incongruent,✅,0.4400972342778632
36,23,graduation,congruent,✅,0.9957795570196365
36,23,operation,congruent,✅,0.9790188903083585
36,23,graduation,incongruent,✅,0.0065500592215852
36,23,operation,incongruent,✅,0.04033869798146822
36,24,bride,congruent,✅,0.9828192160534458
36,24,aftermath,congruent,✅,0.9894886028656446
36,24,bride,incongruent,✅,0.11790596003126676
36,24,aftermath,incongruent,✅,0.004061652291671317
36,25,teacher,congruent,✅,0.987433790734589
36,25,daughter,congruent,✅,0.9916286170775563
36,25,teacher,incongruent,✅,0.06892565139619258
36,25,daughter,incongruent,✅,0.05178010883873758
36,26,roommate,congruent,✅,0.9874546854782065
36,26,grandma,congruent,✅,0.9969727358436187
36,26,roommate,incongruent,✅,0.011267459518151892
36,26,grandma,incongruent,✅,0.011028333747242089
36,27,brother,congruent,✅,0.9945120447475149
36,27,mother,congruent,✅,0.9929660264996673
36,27,brother,incongruent,✅,0.08302841560622871
36,27,mother,incongruent,✅,0.1551585959344184
36,28,preschool,congruent,✅,0.9607250687134326
36,28,prison,congruent,✅,0.9861412660312137
36,28,preschool,incongruent,✅,0.0020557841286855485
36,28,prison,incongruent,✅,0.00508868320697331
36,29,hopeful,congruent,✅,0.7017605028596762
36,29,hopeless,congruent,✅,0.9447958278350965
36,29,hopeful,incongruent,✅,0.2912901352998617
36,29,hopeless,incongruent,✅,0.06357138005926748
36,3,marathon,congruent,✅,0.9850028438959512
36,3,exam,congruent,✅,0.9707615010208195
36,3,marathon,incongruent,✅,0.0002943281393184125
36,3,exam,incongruent,✅,0.00550014142842488
36,30,appalled,congruent,✅,0.9887807618109482
36,30,overjoyed,congruent,✅,0.9055013415120449
36,30,appalled,incongruent,✅,0.06256265799427803
36,30,overjoyed,incongruent,❌,0.7664710201639833
36,31,reprimand,congruent,✅,0.9957354352438635
36,31,encouragement,congruent,✅,0.9991325496617081
36,31,reprimand,incongruent,✅,0.22621166872006948
36,31,encouragement,incongruent,✅,0.424402393122566
36,32,angrily,congruent,✅,0.9934592082443273
36,32,cordially,congruent,✅,0.9844394939505782
36,32,angrily,incongruent,✅,0.061038653779900524
36,32,cordially,incongruent,✅,0.017982233785487176
36,33,accusatory,congruent,✅,0.990394674326409
36,33,flirtatious,congruent,✅,0.853791780393937
36,33,accusatory,incongruent,✅,0.46528813420999615
36,33,flirtatious,incongruent,❌,0.6826399541962733
36,34,disapprovingly,congruent,✅,0.763263240640588
36,34,lovingly,congruent,✅,0.7180368883203274
36,34,disapprovingly,incongruent,✅,0.03835765960803835
36,34,lovingly,incongruent,✅,0.09092829535581701
36,35,playful,congruent,✅,0.9382680047603585
36,35,distant,congruent,✅,0.8913852894938539
36,35,playful,incongruent,✅,0.28825154318101454
36,35,distant,incongruent,✅,0.16073782319827054
36,36,headphones,congruent,✅,0.9822958715943854
36,36,mangoes,congruent,✅,0.7729920758015125
36,36,headphones,incongruent,✅,0.001128875824158525
36,36,mangoes,incongruent,✅,0.0006291948173241924
36,37,playroom,congruent,✅,0.993265180695524
36,37,park,congruent,✅,0.9961997877896107
36,37,playroom,incongruent,✅,0.022635919155042858
36,37,park,incongruent,✅,0.3739050919639014
36,38,bedroom,congruent,✅,0.9647612295824661
36,38,backyard,congruent,✅,0.9906109477147202
36,38,bedroom,incongruent,✅,0.0038340326097317514
36,38,backyard,incongruent,✅,0.0013957343538818995
36,39,solemnly,congruent,✅,0.8769854055907805
36,39,excitedly,congruent,✅,0.5406292487519108
36,39,solemnly,incongruent,❌,0.6362012442745799
36,39,excitedly,incongruent,✅,0.27949816012429346
36,4,menu,congruent,✅,0.95248473950002
36,4,prescription,congruent,✅,0.9958499485771152
36,4,menu,incongruent,✅,0.09041176908709976
36,4,prescription,incongruent,✅,0.025301684900515917
36,40,car,congruent,✅,0.903815062959161
36,40,sock,congruent,❌,0.45820373108640167
36,40,car,incongruent,✅,0.05187434459180462
36,40,sock,incongruent,✅,0.04804283550659124
36,41,overdressed,congruent,✅,0.9912716633394545
36,41,naked,congruent,✅,0.7666713527218214
36,41,overdressed,incongruent,✅,0.003903125001858448
36,41,naked,incongruent,✅,0.17534332819839993
36,42,shy,congruent,✅,0.6734571949394098
36,42,lively,congruent,✅,0.9872140302723053
36,42,shy,incongruent,✅,0.1335277990390598
36,42,lively,incongruent,✅,0.09325985668151451
36,43,offended,congruent,✅,0.8087306963815827
36,43,flattered,congruent,✅,0.835058965329679
36,43,offended,incongruent,✅,0.03636335967477748
36,43,flattered,incongruent,✅,0.17680251104653263
36,44,grandkid,congruent,✅,0.9973442045004618
36,44,cellmate,congruent,✅,0.9866050670044125
36,44,grandkid,incongruent,✅,0.015208365529564715
36,44,cellmate,incongruent,✅,0.009612310117216662
36,45,promoted,congruent,✅,0.9808130783191241
36,45,fired,congruent,✅,0.9855378307010824
36,45,promoted,incongruent,✅,0.23233965039784057
36,45,fired,incongruent,❌,0.664852431848105
36,46,shooting,congruent,❌,0.0901553429559954
36,46,celebration,congruent,✅,0.7595217776191663
36,46,shooting,incongruent,✅,0.020685040391257344
36,46,celebration,incongruent,✅,0.030672806152004375
36,47,crayon,congruent,✅,0.8136079162061338
36,47,beer,congruent,✅,0.9933029673235102
36,47,crayon,incongruent,✅,0.0015933642215620295
36,47,beer,incongruent,✅,0.001064808647277429
36,48,waiter,congruent,✅,0.970069204337062
36,48,taxi,congruent,✅,0.9340287403253484
36,48,waiter,incongruent,✅,0.01232237836540386
36,48,taxi,incongruent,✅,0.04084663705988364
36,49,parents,congruent,✅,0.9912722275527825
36,49,keys,congruent,✅,0.9901274401783416
36,49,parents,incongruent,✅,0.08674099666088926
36,49,keys,incongruent,✅,0.20968604239680094
36,5,distress,congruent,✅,0.9970675232526437
36,5,tranquility,congruent,✅,0.9597984581877602
36,5,distress,incongruent,✅,0.002504817397339288
36,5,tranquility,incongruent,✅,0.3666869944045005
36,50,sofa,congruent,✅,0.9959345382623359
36,50,sky,congruent,✅,0.986933818599299
36,50,sofa,incongruent,✅,0.45904922075441124
36,50,sky,incongruent,✅,0.4661744398166005
36,51,obesity,congruent,✅,0.691430294513774
36,51,homework,congruent,✅,0.9621599683595122
36,51,obesity,incongruent,✅,0.0010944937136172295
36,51,homework,incongruent,✅,0.014898049058787546
36,52,quiz,congruent,✅,0.9963746697965412
36,52,commute,congruent,✅,0.9920167300120758
36,52,quiz,incongruent,✅,0.0014585854263192838
36,52,commute,incongruent,✅,0.020646600798216785
36,53,migraine,congruent,✅,0.9982209477222007
36,53,excitement,congruent,✅,0.9829508400522511
36,53,migraine,incongruent,✅,0.0034932208397344417
36,53,excitement,incongruent,✅,0.023741955216932266
36,54,niece,congruent,✅,0.6930362418232328
36,54,husband,congruent,✅,0.9618057859806043
36,54,niece,incongruent,✅,0.071255420642978
36,54,husband,incongruent,✅,0.055803123576364314
36,55,film,congruent,✅,0.9940896430180078
36,55,sunrise,congruent,✅,0.7303237396962192
36,55,film,incongruent,✅,0.0002633909273356483
36,55,sunrise,incongruent,✅,0.09382553530925004
36,56,lecture,congruent,✅,0.9954791446507721
36,56,banquet,congruent,✅,0.8938651858588804
36,56,lecture,incongruent,✅,0.0014290355965318412
36,56,banquet,incongruent,✅,0.0036603340053923137
36,57,drink,congruent,✅,0.998437782933836
36,57,textbook,congruent,✅,0.9569101983927143
36,57,drink,incongruent,✅,0.013878249934396316
36,57,textbook,incongruent,✅,0.001841615354997799
36,58,pool,congruent,✅,0.9968437757875956
36,58,snow,congruent,✅,0.7737645828668773
36,58,pool,incongruent,✅,0.003335101925492464
36,58,snow,incongruent,✅,0.042705970534160524
36,59,passport,congruent,✅,0.9692622577814796
36,59,plushy,congruent,✅,0.988497233567939
36,59,passport,incongruent,✅,0.022311240358110464
36,59,plushy,incongruent,✅,0.10499392653409417
36,6,patients,congruent,✅,0.9817021190980089
36,6,students,congruent,✅,0.9982256271443561
36,6,patients,incongruent,✅,0.012788943565847312
36,6,students,incongruent,✅,0.004140905967544258
36,60,sister,congruent,✅,0.9634350097743541
36,60,father,congruent,✅,0.954395338213168
36,60,sister,incongruent,✅,0.09327695408568994
36,60,father,incongruent,✅,0.023517946435429274
36,61,game,congruent,✅,0.9929415105311775
36,61,sunset,congruent,✅,0.9951313069880678
36,61,game,incongruent,✅,0.0666066489012217
36,61,sunset,incongruent,✅,0.22295018750794282
36,62,holidays,congruent,✅,0.8635247309055389
36,62,funeral,congruent,✅,0.996194852728369
36,62,holidays,incongruent,✅,0.0763025727974937
36,62,funeral,incongruent,✅,0.1290208267476054
36,63,grades,congruent,✅,0.9796275702921398
36,63,affair,congruent,✅,0.9985375662669413
36,63,grades,incongruent,✅,0.021507750743851035
36,63,affair,incongruent,✅,0.004789737938007819
36,64,arrest,congruent,✅,0.7016508012107437
36,64,stroke,congruent,❌,0.3451711315140117
36,64,arrest,incongruent,✅,0.062016756006351925
36,64,stroke,incongruent,✅,0.03500125616952163
36,65,pacifier,congruent,✅,0.73106812826481
36,65,coffee,congruent,✅,0.9917548357179669
36,65,pacifier,incongruent,✅,0.061799522745809576
36,65,coffee,incongruent,✅,0.011627341209935037
36,66,sweets,congruent,✅,0.9960064837800873
36,66,sentencing,congruent,✅,0.9911370070137967
36,66,sweets,incongruent,✅,0.0006958966577177123
36,66,sentencing,incongruent,✅,0.015620001823339075
36,67,nap,congruent,✅,0.99484314023205
36,67,selfie,congruent,✅,0.9974305588924939
36,67,nap,incongruent,✅,0.002386162364916603
36,67,selfie,incongruent,✅,5.003442891125481e-05
36,68,diaper,congruent,✅,0.9133716629968964
36,68,tire,congruent,✅,0.9962104604005987
36,68,diaper,incongruent,✅,0.0009158582658063126
36,68,tire,incongruent,✅,0.00152092592014322
36,69,chemotherapy,congruent,✅,0.9689598417688328
36,69,golf,congruent,✅,0.9984973953654502
36,69,chemotherapy,incongruent,✅,0.029924319293128703
36,69,golf,incongruent,✅,0.06575263393834818
36,7,consensus,congruent,✅,0.8698421997533773
36,7,deadlock,congruent,✅,0.8170687429475105
36,7,consensus,incongruent,✅,0.10132735300379528
36,7,deadlock,incongruent,✅,0.2176995657566225
36,70,thunder,congruent,✅,0.998792457001236
36,70,lullaby,congruent,✅,0.5221096925928574
36,70,thunder,incongruent,✅,0.20445702105489952
36,70,lullaby,incongruent,❌,0.5442113424854551
36,71,pajamas,congruent,✅,0.9838006164727842
36,71,uniform,congruent,✅,0.9691221053067746
36,71,pajamas,incongruent,✅,0.062394813974270755
36,71,uniform,incongruent,✅,0.016631437466490626
36,72,gown,congruent,✅,0.9966823726907081
36,72,sweats,congruent,✅,0.9977688568372176
36,72,gown,incongruent,✅,0.045264799195824455
36,72,sweats,incongruent,✅,0.3506333676892471
36,73,deadline,congruent,✅,0.5485501734257275
36,73,bed,congruent,✅,0.9507248985834674
36,73,deadline,incongruent,✅,0.00364304909686879
36,73,bed,incongruent,✅,0.03314429233631496
36,74,kindergarten,congruent,✅,0.8689458152347799
36,74,jail,congruent,✅,0.9964484802646533
36,74,kindergarten,incongruent,✅,0.0372633171005131
36,74,jail,incongruent,✅,0.13196299663582886
36,75,interrogated,congruent,✅,0.9955536033244897
36,75,tickled,congruent,✅,0.9378216083346327
36,75,interrogated,incongruent,✅,0.008729846033065435
36,75,tickled,incongruent,✅,0.0001440593191801169
36,76,sandcastle,congruent,✅,0.9976107071088511
36,76,snowman,congruent,✅,0.9993741543811457
36,76,sandcastle,incongruent,✅,0.030982805670276038
36,76,snowman,incongruent,✅,0.40161040668182074
36,77,music,congruent,✅,0.9995456154115423
36,77,pizza,congruent,✅,0.9983697526709102
36,77,music,incongruent,✅,0.00019680350849171608
36,77,pizza,incongruent,✅,0.0007429682733424677
36,78,playoffs,congruent,✅,0.946631620313697
36,78,cartoon,congruent,✅,0.9974671470504183
36,78,playoffs,incongruent,✅,0.0019081070810979261
36,78,cartoon,incongruent,✅,0.04497149425406156
36,79,alcoholism,congruent,✅,0.9901360571267254
36,79,academics,congruent,✅,0.99188523517471
36,79,alcoholism,incongruent,✅,0.06817631403506387
36,79,academics,incongruent,✅,0.014642229126229396
36,8,engagement,congruent,✅,0.6680183185999462
36,8,cancer,congruent,✅,0.5371088167526334
36,8,engagement,incongruent,✅,0.3139609333351996
36,8,cancer,incongruent,✅,0.16060281703963267
36,9,terminal,congruent,✅,0.9852887120619482
36,9,classroom,congruent,✅,0.9570345476930934
36,9,terminal,incongruent,✅,0.007073773423895415
36,9,classroom,incongruent,✅,0.015596378523047207
37,0,library,congruent,✅,0.8928289666264336
37,0,refrigerator,congruent,✅,0.6179994934131922
37,0,library,incongruent,✅,0.010849263461346981
37,0,refrigerator,incongruent,✅,0.004765518086369317
37,1,disappointment,congruent,❌,0.14454393376585295
37,1,delight,congruent,✅,0.7402442050120757
37,1,disappointment,incongruent,✅,0.02643454387613332
37,1,delight,incongruent,✅,0.01172933042926349
37,10,cash,congruent,✅,0.9778930637563935
37,10,groceries,congruent,✅,0.978268755357038
37,10,cash,incongruent,✅,0.07149585661180421
37,10,groceries,incongruent,✅,0.019461227705516827
37,11,lonely,congruent,✅,0.9868415423457023
37,11,confident,congruent,✅,0.8299528942932453
37,11,lonely,incongruent,✅,0.031281869870058994
37,11,confident,incongruent,✅,0.08911253956364429
37,12,joy,congruent,✅,0.9969658527460161
37,12,outrage,congruent,✅,0.5072265068171273
37,12,joy,incongruent,✅,0.013456261618001486
37,12,outrage,incongruent,❌,0.7008771419489819
37,13,traffic,congruent,✅,0.9975936477340267
37,13,snowstorm,congruent,✅,0.9910487615501306
37,13,traffic,incongruent,✅,0.17096748101306375
37,13,snowstorm,incongruent,❌,0.6620720874479897
37,14,laughter,congruent,✅,0.8196031218890263
37,14,frustration,congruent,✅,0.9899155894005619
37,14,laughter,incongruent,✅,0.034285845523805994
37,14,frustration,incongruent,✅,0.006404656167260176
37,15,calculator,congruent,✅,0.9736442945940332
37,15,instrument,congruent,✅,0.9969386037298666
37,15,calculator,incongruent,✅,0.25593794114560786
37,15,instrument,incongruent,❌,0.6237097210751297
37,16,orchestra,congruent,✅,0.9821853413363468
37,16,racers,congruent,✅,0.9859133483372569
37,16,orchestra,incongruent,✅,0.10514053333674304
37,16,racers,incongruent,✅,0.006639454707916581
37,17,retirement,congruent,✅,0.985701468194113
37,17,playdate,congruent,✅,0.863344656233064
37,17,retirement,incongruent,✅,0.0354166325152041
37,17,playdate,incongruent,✅,0.0014888362370048412
37,18,relieved,congruent,✅,0.7886108991435007
37,18,depressed,congruent,❌,0.2895671929000626
37,18,relieved,incongruent,✅,0.009395635266186461
37,18,depressed,incongruent,✅,0.42585524828435734
37,19,friends,congruent,❌,0.223964408085845
37,19,weight,congruent,✅,0.9575339806807599
37,19,friends,incongruent,✅,0.1710855802960705
37,19,weight,incongruent,✅,0.043271286408617625
37,2,overcoat,congruent,✅,0.7100776351368976
37,2,sandals,congruent,❌,0.4758698269300754
37,2,overcoat,incongruent,✅,0.015609763235950676
37,2,sandals,incongruent,✅,0.00032245303253799774
37,20,lipstick,congruent,✅,0.9687942793586777
37,20,song,congruent,✅,0.9755940039898316
37,20,lipstick,incongruent,✅,0.04104866319321054
37,20,song,incongruent,✅,0.04044310116138937
37,21,fought,congruent,✅,0.9933413889073583
37,21,sang,congruent,✅,0.9642194233318141
37,21,fought,incongruent,✅,0.007443730704067222
37,21,sang,incongruent,✅,0.019902053345685535
37,22,skeptical,congruent,✅,0.9713643107683093
37,22,reassured,congruent,✅,0.7046322244902309
37,22,skeptical,incongruent,✅,0.3585964585619647
37,22,reassured,incongruent,❌,0.7132802653923155
37,23,graduation,congruent,✅,0.9981161892506079
37,23,operation,congruent,✅,0.9939571966688924
37,23,graduation,incongruent,✅,0.01210695340378461
37,23,operation,incongruent,✅,0.026278827974267623
37,24,bride,congruent,✅,0.9785864204520311
37,24,aftermath,congruent,✅,0.988586987706955
37,24,bride,incongruent,✅,0.06868496994602433
37,24,aftermath,incongruent,✅,0.0016463724198410975
37,25,teacher,congruent,✅,0.9911467484749853
37,25,daughter,congruent,✅,0.9942317530399105
37,25,teacher,incongruent,✅,0.22299704159908448
37,25,daughter,incongruent,✅,0.03248175044978247
37,26,roommate,congruent,✅,0.993092120259401
37,26,grandma,congruent,✅,0.9944701683295422
37,26,roommate,incongruent,✅,0.0065001847415807265
37,26,grandma,incongruent,✅,0.011728173151037202
37,27,brother,congruent,✅,0.9936429086825206
37,27,mother,congruent,✅,0.985543972937275
37,27,brother,incongruent,✅,0.10064775380637135
37,27,mother,incongruent,✅,0.08344972710295413
37,28,preschool,congruent,✅,0.973476047002774
37,28,prison,congruent,✅,0.9849985105116318
37,28,preschool,incongruent,✅,0.0003836462938372259
37,28,prison,incongruent,✅,0.0017884887035069727
37,29,hopeful,congruent,✅,0.7915254434107861
37,29,hopeless,congruent,✅,0.9851534319789954
37,29,hopeful,incongruent,✅,0.36131422158816123
37,29,hopeless,incongruent,✅,0.11439520737481765
37,3,marathon,congruent,✅,0.9503112136158384
37,3,exam,congruent,✅,0.9873012449360691
37,3,marathon,incongruent,✅,0.000819394203612092
37,3,exam,incongruent,✅,0.005531324696452975
37,30,appalled,congruent,✅,0.9959846805637864
37,30,overjoyed,congruent,✅,0.9583361866923266
37,30,appalled,incongruent,✅,0.026807039452310583
37,30,overjoyed,incongruent,❌,0.7677115996046595
37,31,reprimand,congruent,✅,0.991499091490966
37,31,encouragement,congruent,✅,0.9979794177982788
37,31,reprimand,incongruent,✅,0.022551164235522742
37,31,encouragement,incongruent,✅,0.22282203119016827
37,32,angrily,congruent,✅,0.9968835987622199
37,32,cordially,congruent,✅,0.989682864055735
37,32,angrily,incongruent,✅,0.00875554198812238
37,32,cordially,incongruent,✅,0.015665790445160418
37,33,accusatory,congruent,✅,0.9918402169885705
37,33,flirtatious,congruent,✅,0.9326732746004601
37,33,accusatory,incongruent,❌,0.7639493954296961
37,33,flirtatious,incongruent,❌,0.6369984344468397
37,34,disapprovingly,congruent,✅,0.7173107732338452
37,34,lovingly,congruent,✅,0.8722442342586983
37,34,disapprovingly,incongruent,✅,0.019916505060352436
37,34,lovingly,incongruent,✅,0.04453554822065479
37,35,playful,congruent,✅,0.9376537388465956
37,35,distant,congruent,✅,0.927296136453068
37,35,playful,incongruent,✅,0.2335142599426916
37,35,distant,incongruent,✅,0.0951370420254846
37,36,headphones,congruent,✅,0.9796538006612495
37,36,mangoes,congruent,✅,0.7379668178355941
37,36,headphones,incongruent,✅,0.0012805962777402778
37,36,mangoes,incongruent,✅,0.0026169059980165033
37,37,playroom,congruent,✅,0.9961392424673622
37,37,park,congruent,✅,0.9810352335590793
37,37,playroom,incongruent,✅,0.02091316083244815
37,37,park,incongruent,✅,0.11020571782024469
37,38,bedroom,congruent,✅,0.9784825087023657
37,38,backyard,congruent,✅,0.9840557468311428
37,38,bedroom,incongruent,✅,0.0073154162008435344
37,38,backyard,incongruent,✅,0.0035835756252153464
37,39,solemnly,congruent,✅,0.9225917548054959
37,39,excitedly,congruent,✅,0.557307580215357
37,39,solemnly,incongruent,✅,0.42965078766321463
37,39,excitedly,incongruent,✅,0.2896762003577009
37,4,menu,congruent,✅,0.940078799281262
37,4,prescription,congruent,✅,0.9922376921135337
37,4,menu,incongruent,✅,0.04531059953471679
37,4,prescription,incongruent,✅,0.006167155187489428
37,40,car,congruent,✅,0.8740227835456232
37,40,sock,congruent,✅,0.5518432462648813
37,40,car,incongruent,✅,0.05136607487009486
37,40,sock,incongruent,✅,0.0319587653982584
37,41,overdressed,congruent,✅,0.9836756881565653
37,41,naked,congruent,✅,0.615609157031411
37,41,overdressed,incongruent,✅,0.008037466028365466
37,41,naked,incongruent,✅,0.029415462499074767
37,42,shy,congruent,✅,0.7476260634524933
37,42,lively,congruent,✅,0.9916858907826177
37,42,shy,incongruent,✅,0.0075269988050087186
37,42,lively,incongruent,✅,0.12614862255698248
37,43,offended,congruent,✅,0.7534820937549505
37,43,flattered,congruent,✅,0.7908658170196461
37,43,offended,incongruent,✅,0.01734428552505592
37,43,flattered,incongruent,✅,0.2611413879820626
37,44,grandkid,congruent,✅,0.9977317046080099
37,44,cellmate,congruent,✅,0.9859510724780224
37,44,grandkid,incongruent,✅,0.0069751614061750325
37,44,cellmate,incongruent,✅,0.019392223852410986
37,45,promoted,congruent,✅,0.9811855869231605
37,45,fired,congruent,✅,0.9895397021504754
37,45,promoted,incongruent,✅,0.34041282085404545
37,45,fired,incongruent,❌,0.7704560683995967
37,46,shooting,congruent,❌,0.1581539761060187
37,46,celebration,congruent,✅,0.7886047760754646
37,46,shooting,incongruent,✅,0.04859422261543537
37,46,celebration,incongruent,✅,0.04559940017127499
37,47,crayon,congruent,✅,0.8511677345595496
37,47,beer,congruent,✅,0.9952455275983535
37,47,crayon,incongruent,✅,0.00036231196649713393
37,47,beer,incongruent,✅,0.00066548203665558
37,48,waiter,congruent,✅,0.9754932648510399
37,48,taxi,congruent,✅,0.9689272599271167
37,48,waiter,incongruent,✅,0.02063070067969432
37,48,taxi,incongruent,✅,0.12919413258024434
37,49,parents,congruent,✅,0.9730416965112931
37,49,keys,congruent,✅,0.9894167755319592
37,49,parents,incongruent,✅,0.16943474338032632
37,49,keys,incongruent,✅,0.15391203392960007
37,5,distress,congruent,✅,0.9916893150462964
37,5,tranquility,congruent,✅,0.9172664347862431
37,5,distress,incongruent,✅,0.0002073384165611325
37,5,tranquility,incongruent,✅,0.11838368792880054
37,50,sofa,congruent,✅,0.9904380351151133
37,50,sky,congruent,✅,0.9957458993009203
37,50,sofa,incongruent,❌,0.5063340162877535
37,50,sky,incongruent,✅,0.046841585362255224
37,51,obesity,congruent,✅,0.7467729173904346
37,51,homework,congruent,✅,0.9672174603842962
37,51,obesity,incongruent,✅,0.00030006721597027096
37,51,homework,incongruent,✅,0.0275429428375709
37,52,quiz,congruent,✅,0.9968941738540363
37,52,commute,congruent,✅,0.9968313685164195
37,52,quiz,incongruent,✅,0.014023835116359896
37,52,commute,incongruent,✅,0.03699057365626318
37,53,migraine,congruent,✅,0.9976835398978544
37,53,excitement,congruent,✅,0.9877182605181225
37,53,migraine,incongruent,✅,0.0009586488771927612
37,53,excitement,incongruent,✅,0.04239533648500749
37,54,niece,congruent,✅,0.772818828980224
37,54,husband,congruent,✅,0.9703428248743876
37,54,niece,incongruent,✅,0.08768010890652228
37,54,husband,incongruent,✅,0.0943669600140328
37,55,film,congruent,✅,0.9886838196887744
37,55,sunrise,congruent,✅,0.7358627596163007
37,55,film,incongruent,✅,0.0004248706265526022
37,55,sunrise,incongruent,✅,0.12425228120868813
37,56,lecture,congruent,✅,0.9948333552599669
37,56,banquet,congruent,✅,0.9276222696492477
37,56,lecture,incongruent,✅,0.002880167298442191
37,56,banquet,incongruent,✅,0.0033840769758077026
37,57,drink,congruent,✅,0.9980218268287908
37,57,textbook,congruent,✅,0.9835806883991994
37,57,drink,incongruent,✅,0.01476837794728127
37,57,textbook,incongruent,✅,0.002141517401821741
37,58,pool,congruent,✅,0.9978656986410749
37,58,snow,congruent,✅,0.9242283554433449
37,58,pool,incongruent,✅,0.00041057070822694635
37,58,snow,incongruent,✅,0.03416153171773479
37,59,passport,congruent,✅,0.9732437485252596
37,59,plushy,congruent,✅,0.996724392520895
37,59,passport,incongruent,✅,0.01803335345750007
37,59,plushy,incongruent,✅,0.15548771246523505
37,6,patients,congruent,✅,0.9695590860596228
37,6,students,congruent,✅,0.9957806778867484
37,6,patients,incongruent,✅,0.0087450507078985
37,6,students,incongruent,✅,0.006863154156828136
37,60,sister,congruent,✅,0.9632350925437253
37,60,father,congruent,✅,0.9405657571556553
37,60,sister,incongruent,✅,0.09222698704567232
37,60,father,incongruent,✅,0.017359360727698454
37,61,game,congruent,✅,0.9919122003567281
37,61,sunset,congruent,✅,0.9977890983004551
37,61,game,incongruent,✅,0.08489769895465363
37,61,sunset,incongruent,✅,0.0849226045062296
37,62,holidays,congruent,✅,0.9516370576376003
37,62,funeral,congruent,✅,0.9957008297336551
37,62,holidays,incongruent,✅,0.05060554687806823
37,62,funeral,incongruent,✅,0.15913404862841338
37,63,grades,congruent,✅,0.9941849601580061
37,63,affair,congruent,✅,0.9979953750880908
37,63,grades,incongruent,✅,0.008581463129195879
37,63,affair,incongruent,✅,0.015171071651702993
37,64,arrest,congruent,✅,0.6231568563506154
37,64,stroke,congruent,❌,0.391713505797815
37,64,arrest,incongruent,✅,0.12223381811569844
37,64,stroke,incongruent,✅,0.03643185356483852
37,65,pacifier,congruent,✅,0.7682112050937113
37,65,coffee,congruent,✅,0.9832932436655126
37,65,pacifier,incongruent,✅,0.009341863954393743
37,65,coffee,incongruent,✅,0.007489667160077643
37,66,sweets,congruent,✅,0.9969071975152906
37,66,sentencing,congruent,✅,0.9921811047502261
37,66,sweets,incongruent,✅,0.0007204589842741982
37,66,sentencing,incongruent,✅,0.004752679547125235
37,67,nap,congruent,✅,0.9960806890402231
37,67,selfie,congruent,✅,0.9983592786010381
37,67,nap,incongruent,✅,0.006530764884226751
37,67,selfie,incongruent,✅,0.0011270413159281095
37,68,diaper,congruent,✅,0.9435938357452788
37,68,tire,congruent,✅,0.9959763927699746
37,68,diaper,incongruent,✅,0.0003368977979551023
37,68,tire,incongruent,✅,0.0013096998669770298
37,69,chemotherapy,congruent,✅,0.9873062771551281
37,69,golf,congruent,✅,0.9977941143416513
37,69,chemotherapy,incongruent,✅,0.030986973106711436
37,69,golf,incongruent,✅,0.03323866678165221
37,7,consensus,congruent,✅,0.9007868109317241
37,7,deadlock,congruent,✅,0.7980871214607052
37,7,consensus,incongruent,✅,0.08641624007807312
37,7,deadlock,incongruent,✅,0.22324801680968717
37,70,thunder,congruent,✅,0.9911489761127736
37,70,lullaby,congruent,✅,0.7269364699120524
37,70,thunder,incongruent,✅,0.2536741229644474
37,70,lullaby,incongruent,❌,0.6310657095656124
37,71,pajamas,congruent,✅,0.9860359117060516
37,71,uniform,congruent,✅,0.9621486585380178
37,71,pajamas,incongruent,✅,0.01748170496398972
37,71,uniform,incongruent,✅,0.0027925746708948626
37,72,gown,congruent,✅,0.9954878734765031
37,72,sweats,congruent,✅,0.9980941733529894
37,72,gown,incongruent,✅,0.006369917736905256
37,72,sweats,incongruent,✅,0.3621196208824393
37,73,deadline,congruent,✅,0.8414332842570703
37,73,bed,congruent,✅,0.9250297378216055
37,73,deadline,incongruent,✅,0.0026055826131139125
37,73,bed,incongruent,✅,0.04113946094648756
37,74,kindergarten,congruent,✅,0.8660499266574669
37,74,jail,congruent,✅,0.9970495163112584
37,74,kindergarten,incongruent,✅,0.07624060127552154
37,74,jail,incongruent,✅,0.08651190646577894
37,75,interrogated,congruent,✅,0.9972311633496138
37,75,tickled,congruent,✅,0.9397876087350335
37,75,interrogated,incongruent,✅,0.0026996014656212562
37,75,tickled,incongruent,✅,0.0005001244559345169
37,76,sandcastle,congruent,✅,0.9949104113393108
37,76,snowman,congruent,✅,0.999476933545574
37,76,sandcastle,incongruent,✅,0.004680773264392543
37,76,snowman,incongruent,✅,0.05479002836093714
37,77,music,congruent,✅,0.9994572442790884
37,77,pizza,congruent,✅,0.9974365763207121
37,77,music,incongruent,✅,0.001248162013573543
37,77,pizza,incongruent,✅,0.0021040499976175677
37,78,playoffs,congruent,✅,0.9709763552626518
37,78,cartoon,congruent,✅,0.9947281178376625
37,78,playoffs,incongruent,✅,0.002514713486284103
37,78,cartoon,incongruent,✅,0.05043324783744396
37,79,alcoholism,congruent,✅,0.973686853817353
37,79,academics,congruent,✅,0.9908851513921649
37,79,alcoholism,incongruent,✅,0.019109449727759055
37,79,academics,incongruent,✅,0.02561802204645378
37,8,engagement,congruent,✅,0.7924465525270245
37,8,cancer,congruent,✅,0.5550135588115852
37,8,engagement,incongruent,✅,0.37738723275345354
37,8,cancer,incongruent,✅,0.2191442073841108
37,9,terminal,congruent,✅,0.9919583236612444
37,9,classroom,congruent,✅,0.9810402535815532
37,9,terminal,incongruent,✅,0.003540307882797782
37,9,classroom,incongruent,✅,0.00928863416665258
38,0,library,congruent,✅,0.9131348493853692
38,0,refrigerator,congruent,✅,0.6576963627050126
38,0,library,incongruent,✅,0.018144962254952275
38,0,refrigerator,incongruent,✅,0.005967289777420005
38,1,disappointment,congruent,❌,0.3136309364208004
38,1,delight,congruent,✅,0.8044061803776448
38,1,disappointment,incongruent,✅,0.05262928431316145
38,1,delight,incongruent,✅,0.0377946260692842
38,10,cash,congruent,✅,0.9767330411535761
38,10,groceries,congruent,✅,0.9847739463306714
38,10,cash,incongruent,✅,0.08836292065178611
38,10,groceries,incongruent,✅,0.031449980249472834
38,11,lonely,congruent,✅,0.9873505170832062
38,11,confident,congruent,✅,0.8688102501631012
38,11,lonely,incongruent,✅,0.060433569818976116
38,11,confident,incongruent,✅,0.1425836979439322
38,12,joy,congruent,✅,0.9944848639663988
38,12,outrage,congruent,✅,0.6114128228620405
38,12,joy,incongruent,✅,0.03099061786918563
38,12,outrage,incongruent,❌,0.5758719902112486
38,13,traffic,congruent,✅,0.9966431141857038
38,13,snowstorm,congruent,✅,0.9921119972698931
38,13,traffic,incongruent,✅,0.0978204915813992
38,13,snowstorm,incongruent,❌,0.6145158241558574
38,14,laughter,congruent,✅,0.8650805561421658
38,14,frustration,congruent,✅,0.9872441588017807
38,14,laughter,incongruent,✅,0.04983224339470281
38,14,frustration,incongruent,✅,0.006333196684546561
38,15,calculator,congruent,✅,0.9468464281571232
38,15,instrument,congruent,✅,0.9942120431866813
38,15,calculator,incongruent,✅,0.274650405019129
38,15,instrument,incongruent,✅,0.4809011654998157
38,16,orchestra,congruent,✅,0.9796879923966553
38,16,racers,congruent,✅,0.9795182182680943
38,16,orchestra,incongruent,✅,0.10441726868706074
38,16,racers,incongruent,✅,0.0054392129916604375
38,17,retirement,congruent,✅,0.9602432598772687
38,17,playdate,congruent,✅,0.8953879409367925
38,17,retirement,incongruent,✅,0.04720691099911483
38,17,playdate,incongruent,✅,0.003836963105560553
38,18,relieved,congruent,✅,0.826645297895394
38,18,depressed,congruent,❌,0.28346637907541794
38,18,relieved,incongruent,✅,0.007306063924950404
38,18,depressed,incongruent,❌,0.507948081954338
38,19,friends,congruent,❌,0.21498822920175994
38,19,weight,congruent,✅,0.9468154157913403
38,19,friends,incongruent,✅,0.2077793885905084
38,19,weight,incongruent,✅,0.040088383099501176
38,2,overcoat,congruent,✅,0.5852388135774808
38,2,sandals,congruent,❌,0.4811050579330999
38,2,overcoat,incongruent,✅,0.011035823576487077
38,2,sandals,incongruent,✅,0.0010702868229635688
38,20,lipstick,congruent,✅,0.9581778675619973
38,20,song,congruent,✅,0.9691175851982582
38,20,lipstick,incongruent,✅,0.05070762246965458
38,20,song,incongruent,✅,0.066023155915741
38,21,fought,congruent,✅,0.9906264042445361
38,21,sang,congruent,✅,0.9654376460110305
38,21,fought,incongruent,✅,0.0023805114517102192
38,21,sang,incongruent,✅,0.019253147280270798
38,22,skeptical,congruent,✅,0.9823507203962519
38,22,reassured,congruent,✅,0.6779720103069533
38,22,skeptical,incongruent,✅,0.33826074565974956
38,22,reassured,incongruent,❌,0.7942965326280705
38,23,graduation,congruent,✅,0.9976641353872604
38,23,operation,congruent,✅,0.9947529829761195
38,23,graduation,incongruent,✅,0.007825081501907753
38,23,operation,incongruent,✅,0.031140685402302
38,24,bride,congruent,✅,0.9802367285937182
38,24,aftermath,congruent,✅,0.9906762722001339
38,24,bride,incongruent,✅,0.1297537363196294
38,24,aftermath,incongruent,✅,0.0007921505967895098
38,25,teacher,congruent,✅,0.9906202813894592
38,25,daughter,congruent,✅,0.9954699009250257
38,25,teacher,incongruent,✅,0.1861347005995121
38,25,daughter,incongruent,✅,0.04108804211571434
38,26,roommate,congruent,✅,0.9895162432630853
38,26,grandma,congruent,✅,0.9925885906465716
38,26,roommate,incongruent,✅,0.007506104194946953
38,26,grandma,incongruent,✅,0.013813280214710405
38,27,brother,congruent,✅,0.9916201504249882
38,27,mother,congruent,✅,0.9808380345257707
38,27,brother,incongruent,✅,0.06370536392900349
38,27,mother,incongruent,✅,0.0748327865906784
38,28,preschool,congruent,✅,0.9692527480411558
38,28,prison,congruent,✅,0.9890343812013043
38,28,preschool,incongruent,✅,0.0012837193652850878
38,28,prison,incongruent,✅,0.0011799909169465709
38,29,hopeful,congruent,✅,0.8567855850294284
38,29,hopeless,congruent,✅,0.9788159215016258
38,29,hopeful,incongruent,✅,0.396720765257437
38,29,hopeless,incongruent,✅,0.13830078017546954
38,3,marathon,congruent,✅,0.9390437235611214
38,3,exam,congruent,✅,0.9805777101796739
38,3,marathon,incongruent,✅,0.0016468362625707634
38,3,exam,incongruent,✅,0.008274406281971902
38,30,appalled,congruent,✅,0.9936126914108641
38,30,overjoyed,congruent,✅,0.9372570480510296
38,30,appalled,incongruent,✅,0.012973309221167581
38,30,overjoyed,incongruent,❌,0.776782064996196
38,31,reprimand,congruent,✅,0.9918162467843924
38,31,encouragement,congruent,✅,0.9983288114758873
38,31,reprimand,incongruent,✅,0.03178671091585229
38,31,encouragement,incongruent,✅,0.17145209705799475
38,32,angrily,congruent,✅,0.9961212541828417
38,32,cordially,congruent,✅,0.9902903717208351
38,32,angrily,incongruent,✅,0.02046804024820986
38,32,cordially,incongruent,✅,0.035587759675972684
38,33,accusatory,congruent,✅,0.9750318668868115
38,33,flirtatious,congruent,✅,0.8785304741248827
38,33,accusatory,incongruent,❌,0.6099790848327731
38,33,flirtatious,incongruent,✅,0.43779785825867806
38,34,disapprovingly,congruent,✅,0.7199581240183318
38,34,lovingly,congruent,✅,0.8556636732158568
38,34,disapprovingly,incongruent,✅,0.012400983003369113
38,34,lovingly,incongruent,✅,0.05306108239926451
38,35,playful,congruent,✅,0.9135854010801977
38,35,distant,congruent,✅,0.9473409450382024
38,35,playful,incongruent,✅,0.2823627418137978
38,35,distant,incongruent,✅,0.06729981443542908
38,36,headphones,congruent,✅,0.9623956914721523
38,36,mangoes,congruent,✅,0.8181582508588631
38,36,headphones,incongruent,✅,0.0014049595411078162
38,36,mangoes,incongruent,✅,0.0017346219076988466
38,37,playroom,congruent,✅,0.996824363884471
38,37,park,congruent,✅,0.9823448103552622
38,37,playroom,incongruent,✅,0.02401478710109802
38,37,park,incongruent,✅,0.2010967919186909
38,38,bedroom,congruent,✅,0.9841660772221456
38,38,backyard,congruent,✅,0.9865771856263494
38,38,bedroom,incongruent,✅,0.009591858493136204
38,38,backyard,incongruent,✅,0.004501482021515147
38,39,solemnly,congruent,✅,0.9198334821760118
38,39,excitedly,congruent,✅,0.5911399403504831
38,39,solemnly,incongruent,❌,0.5747305092890144
38,39,excitedly,incongruent,✅,0.16719469444960625
38,4,menu,congruent,✅,0.9168663151067593
38,4,prescription,congruent,✅,0.9945880849348326
38,4,menu,incongruent,✅,0.050430040744323126
38,4,prescription,incongruent,✅,0.004298402253845495
38,40,car,congruent,✅,0.8581453983822472
38,40,sock,congruent,✅,0.5768952952011062
38,40,car,incongruent,✅,0.059583937407169815
38,40,sock,incongruent,✅,0.033623799887522766
38,41,overdressed,congruent,✅,0.9850907200259428
38,41,naked,congruent,❌,0.40837985514546
38,41,overdressed,incongruent,✅,0.006122020017113241
38,41,naked,incongruent,✅,0.03904787456956781
38,42,shy,congruent,✅,0.6674403236093117
38,42,lively,congruent,✅,0.99264477264452
38,42,shy,incongruent,✅,0.014506898472232565
38,42,lively,incongruent,✅,0.09115024026788643
38,43,offended,congruent,✅,0.6654375703057249
38,43,flattered,congruent,✅,0.7063894511433845
38,43,offended,incongruent,✅,0.011341597393401738
38,43,flattered,incongruent,✅,0.1791228149960517
38,44,grandkid,congruent,✅,0.9961025689348991
38,44,cellmate,congruent,✅,0.987361852994035
38,44,grandkid,incongruent,✅,0.007035797986954725
38,44,cellmate,incongruent,✅,0.017492399682620254
38,45,promoted,congruent,✅,0.9827422082590056
38,45,fired,congruent,✅,0.9904895727284552
38,45,promoted,incongruent,❌,0.5524813331850661
38,45,fired,incongruent,❌,0.7654414283904336
38,46,shooting,congruent,❌,0.1292533704896809
38,46,celebration,congruent,✅,0.7986078092476792
38,46,shooting,incongruent,✅,0.06662274100653971
38,46,celebration,incongruent,✅,0.0302059580483209
38,47,crayon,congruent,✅,0.8617636535469381
38,47,beer,congruent,✅,0.9954373904467414
38,47,crayon,incongruent,✅,0.0013397251176346405
38,47,beer,incongruent,✅,0.001100642471997983
38,48,waiter,congruent,✅,0.9691872807310661
38,48,taxi,congruent,✅,0.9610157162003288
38,48,waiter,incongruent,✅,0.02831571742146367
38,48,taxi,incongruent,✅,0.11993769159754122
38,49,parents,congruent,✅,0.9698478954649586
38,49,keys,congruent,✅,0.9815362607150986
38,49,parents,incongruent,✅,0.1396505065108972
38,49,keys,incongruent,✅,0.11763000266045096
38,5,distress,congruent,✅,0.993668905967204
38,5,tranquility,congruent,✅,0.9109360538126445
38,5,distress,incongruent,✅,0.000621306297445809
38,5,tranquility,incongruent,✅,0.22414035302642343
38,50,sofa,congruent,✅,0.9903250666749298
38,50,sky,congruent,✅,0.993669231955286
38,50,sofa,incongruent,❌,0.5928135893281128
38,50,sky,incongruent,✅,0.06554837669180483
38,51,obesity,congruent,✅,0.7631551325463809
38,51,homework,congruent,✅,0.9745908246863106
38,51,obesity,incongruent,✅,0.0009285083291283283
38,51,homework,incongruent,✅,0.03750067773788413
38,52,quiz,congruent,✅,0.9966684945906878
38,52,commute,congruent,✅,0.995230988235209
38,52,quiz,incongruent,✅,0.004625020014668223
38,52,commute,incongruent,✅,0.0636092137994961
38,53,migraine,congruent,✅,0.9964021529541682
38,53,excitement,congruent,✅,0.9712302771146708
38,53,migraine,incongruent,✅,0.0013403719345508023
38,53,excitement,incongruent,✅,0.04011274940101234
38,54,niece,congruent,✅,0.809860636974059
38,54,husband,congruent,✅,0.9582661658487946
38,54,niece,incongruent,✅,0.06297248694393286
38,54,husband,incongruent,✅,0.15037739135800296
38,55,film,congruent,✅,0.9835972800875141
38,55,sunrise,congruent,✅,0.7509466388855023
38,55,film,incongruent,✅,0.0007327882657653079
38,55,sunrise,incongruent,✅,0.08530447226660255
38,56,lecture,congruent,✅,0.9948106533563968
38,56,banquet,congruent,✅,0.9116588606098754
38,56,lecture,incongruent,✅,0.003944005290989354
38,56,banquet,incongruent,✅,0.0025052447893658186
38,57,drink,congruent,✅,0.9971759293063218
38,57,textbook,congruent,✅,0.9822439737039985
38,57,drink,incongruent,✅,0.013854955138012829
38,57,textbook,incongruent,✅,0.0030634738576437704
38,58,pool,congruent,✅,0.9970907367893066
38,58,snow,congruent,✅,0.8697418317606505
38,58,pool,incongruent,✅,0.000761409355184879
38,58,snow,incongruent,✅,0.04027624952226406
38,59,passport,congruent,✅,0.9689351118200425
38,59,plushy,congruent,✅,0.9945065940416405
38,59,passport,incongruent,✅,0.03153282200902595
38,59,plushy,incongruent,✅,0.31101929278167234
38,6,patients,congruent,✅,0.9680073340327012
38,6,students,congruent,✅,0.9943172168022021
38,6,patients,incongruent,✅,0.010308779396954973
38,6,students,incongruent,✅,0.005815640454673847
38,60,sister,congruent,✅,0.9615516222192341
38,60,father,congruent,✅,0.9677644647302812
38,60,sister,incongruent,✅,0.12892830613004022
38,60,father,incongruent,✅,0.026200052571518778
38,61,game,congruent,✅,0.9861555624788105
38,61,sunset,congruent,✅,0.9960957948321922
38,61,game,incongruent,✅,0.09896711922908917
38,61,sunset,incongruent,✅,0.0630264107894636
38,62,holidays,congruent,✅,0.9701802445087304
38,62,funeral,congruent,✅,0.9941543680601764
38,62,holidays,incongruent,✅,0.06909321161392336
38,62,funeral,incongruent,✅,0.2307376174859271
38,63,grades,congruent,✅,0.9949406559809091
38,63,affair,congruent,✅,0.9982498958378964
38,63,grades,incongruent,✅,0.045728600426335204
38,63,affair,incongruent,✅,0.03629185397359884
38,64,arrest,congruent,✅,0.6840624224150088
38,64,stroke,congruent,❌,0.3659002649102101
38,64,arrest,incongruent,✅,0.10246518542281294
38,64,stroke,incongruent,✅,0.06218542021868464
38,65,pacifier,congruent,✅,0.8096490030621216
38,65,coffee,congruent,✅,0.9874770501872133
38,65,pacifier,incongruent,✅,0.01204779445825657
38,65,coffee,incongruent,✅,0.005805655113048018
38,66,sweets,congruent,✅,0.9962311297782457
38,66,sentencing,congruent,✅,0.9921353553848329
38,66,sweets,incongruent,✅,0.0007987155454722051
38,66,sentencing,incongruent,✅,0.006747831001527597
38,67,nap,congruent,✅,0.9942137539992418
38,67,selfie,congruent,✅,0.998000166657362
38,67,nap,incongruent,✅,0.007208354906010982
38,67,selfie,incongruent,✅,0.0012729230806805658
38,68,diaper,congruent,✅,0.9618190301306282
38,68,tire,congruent,✅,0.9936704478786704
38,68,diaper,incongruent,✅,0.0005851698150007747
38,68,tire,incongruent,✅,0.0006453899416735542
38,69,chemotherapy,congruent,✅,0.9756518428744748
38,69,golf,congruent,✅,0.9980552922481585
38,69,chemotherapy,incongruent,✅,0.027037904666199576
38,69,golf,incongruent,✅,0.019247707577018883
38,7,consensus,congruent,✅,0.8918073652047293
38,7,deadlock,congruent,✅,0.6891864568958929
38,7,consensus,incongruent,✅,0.06677653355554761
38,7,deadlock,incongruent,✅,0.1935271736511607
38,70,thunder,congruent,✅,0.9935205333062086
38,70,lullaby,congruent,✅,0.6634183662345885
38,70,thunder,incongruent,✅,0.27636449107912486
38,70,lullaby,incongruent,✅,0.4157069929427956
38,71,pajamas,congruent,✅,0.9816115430876536
38,71,uniform,congruent,✅,0.9767677583371538
38,71,pajamas,incongruent,✅,0.02352396598788551
38,71,uniform,incongruent,✅,0.008545794504821475
38,72,gown,congruent,✅,0.9952242318527851
38,72,sweats,congruent,✅,0.9962906103454972
38,72,gown,incongruent,✅,0.015395617035191947
38,72,sweats,incongruent,✅,0.3043183147237719
38,73,deadline,congruent,✅,0.7535042319464246
38,73,bed,congruent,✅,0.9429745315747442
38,73,deadline,incongruent,✅,0.003536254524218473
38,73,bed,incongruent,✅,0.051580267901966445
38,74,kindergarten,congruent,✅,0.8473809217069891
38,74,jail,congruent,✅,0.9972496337133787
38,74,kindergarten,incongruent,✅,0.04850626614371501
38,74,jail,incongruent,✅,0.07128025074072251
38,75,interrogated,congruent,✅,0.997950416453292
38,75,tickled,congruent,✅,0.9476764703630501
38,75,interrogated,incongruent,✅,0.00478216568726902
38,75,tickled,incongruent,✅,0.002380900384993537
38,76,sandcastle,congruent,✅,0.9958811386116031
38,76,snowman,congruent,✅,0.9986800958074886
38,76,sandcastle,incongruent,✅,0.0074288437532941025
38,76,snowman,incongruent,✅,0.21686591595394594
38,77,music,congruent,✅,0.9985221472349766
38,77,pizza,congruent,✅,0.9980377508702734
38,77,music,incongruent,✅,0.0015308792927395136
38,77,pizza,incongruent,✅,0.00305763824630132
38,78,playoffs,congruent,✅,0.9409284080459733
38,78,cartoon,congruent,✅,0.9967146962084796
38,78,playoffs,incongruent,✅,0.0029528920723750863
38,78,cartoon,incongruent,✅,0.05053638746028434
38,79,alcoholism,congruent,✅,0.9752911531847255
38,79,academics,congruent,✅,0.9821726471621259
38,79,alcoholism,incongruent,✅,0.021809437819324425
38,79,academics,incongruent,✅,0.05699788455351428
38,8,engagement,congruent,✅,0.5659471526402836
38,8,cancer,congruent,✅,0.5049884426258983
38,8,engagement,incongruent,✅,0.34095280193213545
38,8,cancer,incongruent,✅,0.10052255230412281
38,9,terminal,congruent,✅,0.9905465551460652
38,9,classroom,congruent,✅,0.9731583930279064
38,9,terminal,incongruent,✅,0.0015952732506722828
38,9,classroom,incongruent,✅,0.00640006533804448
39,0,library,congruent,✅,0.9150905069114345
39,0,refrigerator,congruent,✅,0.6885795105276731
39,0,library,incongruent,✅,0.01934633392506771
39,0,refrigerator,incongruent,✅,0.0047462891604589524
39,1,disappointment,congruent,❌,0.44600748738864493
39,1,delight,congruent,✅,0.7848378633700487
39,1,disappointment,incongruent,✅,0.04615158023655492
39,1,delight,incongruent,✅,0.08050986957121176
39,10,cash,congruent,✅,0.9825258983192839
39,10,groceries,congruent,✅,0.9773461639871401
39,10,cash,incongruent,✅,0.09415041334958454
39,10,groceries,incongruent,✅,0.027349426787177306
39,11,lonely,congruent,✅,0.9860923378879894
39,11,confident,congruent,✅,0.8988474795842091
39,11,lonely,incongruent,✅,0.08275395425481848
39,11,confident,incongruent,✅,0.20132816780255303
39,12,joy,congruent,✅,0.9947687196832786
39,12,outrage,congruent,✅,0.5294913838590972
39,12,joy,incongruent,✅,0.025659785084162307
39,12,outrage,incongruent,❌,0.623441197443105
39,13,traffic,congruent,✅,0.992974028759548
39,13,snowstorm,congruent,✅,0.9896875543916311
39,13,traffic,incongruent,✅,0.09378801628221987
39,13,snowstorm,incongruent,✅,0.4672063677380738
39,14,laughter,congruent,✅,0.6898792507713939
39,14,frustration,congruent,✅,0.9823874487674563
39,14,laughter,incongruent,✅,0.05386001313410479
39,14,frustration,incongruent,✅,0.005787626447609135
39,15,calculator,congruent,✅,0.9258832873144417
39,15,instrument,congruent,✅,0.9941924985836129
39,15,calculator,incongruent,✅,0.3126809815321244
39,15,instrument,incongruent,✅,0.4766045301488685
39,16,orchestra,congruent,✅,0.9717900693959921
39,16,racers,congruent,✅,0.9828797871910616
39,16,orchestra,incongruent,✅,0.11396154633694854
39,16,racers,incongruent,✅,0.002203621220558513
39,17,retirement,congruent,✅,0.9581331120767314
39,17,playdate,congruent,✅,0.8710954623338045
39,17,retirement,incongruent,✅,0.027465546982980513
39,17,playdate,incongruent,✅,0.005432830444204028
39,18,relieved,congruent,✅,0.7924617127734125
39,18,depressed,congruent,❌,0.265364024782441
39,18,relieved,incongruent,✅,0.011789909188331438
39,18,depressed,incongruent,✅,0.48009795609494643
39,19,friends,congruent,❌,0.2023429289483064
39,19,weight,congruent,✅,0.9183771126599176
39,19,friends,incongruent,✅,0.13471772151840605
39,19,weight,incongruent,✅,0.039002848491154866
39,2,overcoat,congruent,✅,0.6056157863532166
39,2,sandals,congruent,✅,0.5305035895892363
39,2,overcoat,incongruent,✅,0.021624014028504567
39,2,sandals,incongruent,✅,0.0015414284662464176
39,20,lipstick,congruent,✅,0.9794115865246092
39,20,song,congruent,✅,0.9724370846608449
39,20,lipstick,incongruent,✅,0.07139419916463155
39,20,song,incongruent,✅,0.11111809231549338
39,21,fought,congruent,✅,0.9870120285928766
39,21,sang,congruent,✅,0.9372417320014054
39,21,fought,incongruent,✅,0.003634951326371047
39,21,sang,incongruent,✅,0.022880058122188244
39,22,skeptical,congruent,✅,0.9771102005591392
39,22,reassured,congruent,✅,0.6718875527800849
39,22,skeptical,incongruent,✅,0.38163713716119646
39,22,reassured,incongruent,❌,0.7766763000520905
39,23,graduation,congruent,✅,0.9978870289492207
39,23,operation,congruent,✅,0.9931064255406836
39,23,graduation,incongruent,✅,0.005333213414015449
39,23,operation,incongruent,✅,0.03450348013870699
39,24,bride,congruent,✅,0.9774969610500738
39,24,aftermath,congruent,✅,0.9913693766199041
39,24,bride,incongruent,✅,0.15761591713078463
39,24,aftermath,incongruent,✅,0.0006975855391777222
39,25,teacher,congruent,✅,0.9948193366458724
39,25,daughter,congruent,✅,0.9938997859677945
39,25,teacher,incongruent,✅,0.20779732915522398
39,25,daughter,incongruent,✅,0.038952019259559094
39,26,roommate,congruent,✅,0.9855451458283534
39,26,grandma,congruent,✅,0.9839395849017648
39,26,roommate,incongruent,✅,0.004069215603083377
39,26,grandma,incongruent,✅,0.015095605189404218
39,27,brother,congruent,✅,0.9946385929967209
39,27,mother,congruent,✅,0.9735878601704226
39,27,brother,incongruent,✅,0.03535368108217856
39,27,mother,incongruent,✅,0.04826746328684785
39,28,preschool,congruent,✅,0.9402240693103756
39,28,prison,congruent,✅,0.986617789381733
39,28,preschool,incongruent,✅,0.0007138383788326813
39,28,prison,incongruent,✅,0.000681740364596137
39,29,hopeful,congruent,✅,0.873652942645952
39,29,hopeless,congruent,✅,0.9689406954842558
39,29,hopeful,incongruent,❌,0.5048116906391438
39,29,hopeless,incongruent,✅,0.18993274295848597
39,3,marathon,congruent,✅,0.9640897713916046
39,3,exam,congruent,✅,0.9800101375321403
39,3,marathon,incongruent,✅,0.0027674683803733556
39,3,exam,incongruent,✅,0.012482509621289885
39,30,appalled,congruent,✅,0.9924572915185491
39,30,overjoyed,congruent,✅,0.9597005742332259
39,30,appalled,incongruent,✅,0.026052156340999433
39,30,overjoyed,incongruent,❌,0.821062524406582
39,31,reprimand,congruent,✅,0.9796360241234049
39,31,encouragement,congruent,✅,0.9975215064452106
39,31,reprimand,incongruent,✅,0.035802028776089026
39,31,encouragement,incongruent,✅,0.12984572652392243
39,32,angrily,congruent,✅,0.9915396219305717
39,32,cordially,congruent,✅,0.9819550668835223
39,32,angrily,incongruent,✅,0.02600928216721359
39,32,cordially,incongruent,✅,0.03043772569662534
39,33,accusatory,congruent,✅,0.9796891507336983
39,33,flirtatious,congruent,✅,0.8273430960427403
39,33,accusatory,incongruent,❌,0.559919916484772
39,33,flirtatious,incongruent,✅,0.4880306265568037
39,34,disapprovingly,congruent,✅,0.7099855947812553
39,34,lovingly,congruent,✅,0.7761947936072268
39,34,disapprovingly,incongruent,✅,0.012868391546701512
39,34,lovingly,incongruent,✅,0.06881736320163186
39,35,playful,congruent,✅,0.8923631866464785
39,35,distant,congruent,✅,0.936296610864316
39,35,playful,incongruent,✅,0.18768867144062432
39,35,distant,incongruent,✅,0.044052016237531244
39,36,headphones,congruent,✅,0.952665890623054
39,36,mangoes,congruent,✅,0.7974639600215732
39,36,headphones,incongruent,✅,0.0010066340996299444
39,36,mangoes,incongruent,✅,0.003057665421402625
39,37,playroom,congruent,✅,0.9963921631715573
39,37,park,congruent,✅,0.9866039810418135
39,37,playroom,incongruent,✅,0.025136171843879014
39,37,park,incongruent,✅,0.29934875261306043
39,38,bedroom,congruent,✅,0.9836129689959036
39,38,backyard,congruent,✅,0.9835710514657927
39,38,bedroom,incongruent,✅,0.011154413088740552
39,38,backyard,incongruent,✅,0.004272691333552975
39,39,solemnly,congruent,✅,0.9364676711734793
39,39,excitedly,congruent,✅,0.5574164090568562
39,39,solemnly,incongruent,❌,0.7080270653195341
39,39,excitedly,incongruent,✅,0.21220572331987958
39,4,menu,congruent,✅,0.8730305087329598
39,4,prescription,congruent,✅,0.9912112338099777
39,4,menu,incongruent,✅,0.03837349395440605
39,4,prescription,incongruent,✅,0.003668619262581267
39,40,car,congruent,✅,0.8534631800776594
39,40,sock,congruent,✅,0.6239457246607647
39,40,car,incongruent,✅,0.07214702046082082
39,40,sock,incongruent,✅,0.06596548549320437
39,41,overdressed,congruent,✅,0.968336066545674
39,41,naked,congruent,❌,0.49416262685533036
39,41,overdressed,incongruent,✅,0.006490472208755959
39,41,naked,incongruent,✅,0.029442896218883106
39,42,shy,congruent,✅,0.631539204232718
39,42,lively,congruent,✅,0.9924067443330458
39,42,shy,incongruent,✅,0.01736082065171767
39,42,lively,incongruent,✅,0.09042214639555629
39,43,offended,congruent,✅,0.67625950843383
39,43,flattered,congruent,✅,0.8125132677149853
39,43,offended,incongruent,✅,0.018766318587998463
39,43,flattered,incongruent,✅,0.2135172538706421
39,44,grandkid,congruent,✅,0.9957243530755527
39,44,cellmate,congruent,✅,0.9929978643281216
39,44,grandkid,incongruent,✅,0.003425903753650674
39,44,cellmate,incongruent,✅,0.019546583475975567
39,45,promoted,congruent,✅,0.9820380534852378
39,45,fired,congruent,✅,0.9904407000489127
39,45,promoted,incongruent,❌,0.6240501754685376
39,45,fired,incongruent,❌,0.7099443545688896
39,46,shooting,congruent,❌,0.10879687961162986
39,46,celebration,congruent,✅,0.7911568903024974
39,46,shooting,incongruent,✅,0.08256544074977698
39,46,celebration,incongruent,✅,0.035682648156178325
39,47,crayon,congruent,✅,0.7584664655109246
39,47,beer,congruent,✅,0.9966683714973463
39,47,crayon,incongruent,✅,0.0014347216308975654
39,47,beer,incongruent,✅,0.0010462883987352354
39,48,waiter,congruent,✅,0.9678910630421829
39,48,taxi,congruent,✅,0.9714706511381573
39,48,waiter,incongruent,✅,0.0411907226994201
39,48,taxi,incongruent,✅,0.19707953664986383
39,49,parents,congruent,✅,0.9804177175597916
39,49,keys,congruent,✅,0.9853482856984093
39,49,parents,incongruent,✅,0.1680447112658006
39,49,keys,incongruent,✅,0.1061831204116143
39,5,distress,congruent,✅,0.9961202640038925
39,5,tranquility,congruent,✅,0.9080084359584053
39,5,distress,incongruent,✅,0.0014033661644386167
39,5,tranquility,incongruent,✅,0.3472332690737319
39,50,sofa,congruent,✅,0.9909885254965624
39,50,sky,congruent,✅,0.9952403095860191
39,50,sofa,incongruent,❌,0.6546156724141813
39,50,sky,incongruent,✅,0.08458726415867275
39,51,obesity,congruent,✅,0.7512400989136928
39,51,homework,congruent,✅,0.9830700309292767
39,51,obesity,incongruent,✅,0.0017897751168486744
39,51,homework,incongruent,✅,0.06330948023699026
39,52,quiz,congruent,✅,0.9950045250003169
39,52,commute,congruent,✅,0.9969182948655264
39,52,quiz,incongruent,✅,0.006212733521706676
39,52,commute,incongruent,✅,0.0471672899232931
39,53,migraine,congruent,✅,0.9958101001178701
39,53,excitement,congruent,✅,0.96535053329201
39,53,migraine,incongruent,✅,0.0012364346383330084
39,53,excitement,incongruent,✅,0.046853045805915206
39,54,niece,congruent,✅,0.874103618644194
39,54,husband,congruent,✅,0.9599526674526878
39,54,niece,incongruent,✅,0.04022066824931816
39,54,husband,incongruent,✅,0.22260182350829874
39,55,film,congruent,✅,0.988049761059782
39,55,sunrise,congruent,✅,0.8122325905614283
39,55,film,incongruent,✅,0.0018708378186192295
39,55,sunrise,incongruent,✅,0.12804584709706762
39,56,lecture,congruent,✅,0.9947676461268055
39,56,banquet,congruent,✅,0.9369171744603918
39,56,lecture,incongruent,✅,0.0034558470857559706
39,56,banquet,incongruent,✅,0.0024442251052023867
39,57,drink,congruent,✅,0.9957134570419814
39,57,textbook,congruent,✅,0.9746987512390758
39,57,drink,incongruent,✅,0.020386384775307253
39,57,textbook,incongruent,✅,0.00200376207091072
39,58,pool,congruent,✅,0.9985802071130743
39,58,snow,congruent,✅,0.9114348579214508
39,58,pool,incongruent,✅,0.001237896050595108
39,58,snow,incongruent,✅,0.05923462153132909
39,59,passport,congruent,✅,0.9678125810639355
39,59,plushy,congruent,✅,0.9910821535211614
39,59,passport,incongruent,✅,0.027701233259912993
39,59,plushy,incongruent,✅,0.36085865694395447
39,6,patients,congruent,✅,0.9700199153412974
39,6,students,congruent,✅,0.9930528854650359
39,6,patients,incongruent,✅,0.014227309096956605
39,6,students,incongruent,✅,0.006263244081212681
39,60,sister,congruent,✅,0.9533495608519554
39,60,father,congruent,✅,0.9471395997325154
39,60,sister,incongruent,✅,0.15581858267825777
39,60,father,incongruent,✅,0.04504421793718623
39,61,game,congruent,✅,0.9848802391963186
39,61,sunset,congruent,✅,0.9971282895922705
39,61,game,incongruent,✅,0.1466396353470008
39,61,sunset,incongruent,✅,0.061923686442440784
39,62,holidays,congruent,✅,0.9836321560696222
39,62,funeral,congruent,✅,0.9926728508391356
39,62,holidays,incongruent,✅,0.08173130306739954
39,62,funeral,incongruent,✅,0.3879295180605046
39,63,grades,congruent,✅,0.9931678441170902
39,63,affair,congruent,✅,0.997487539450867
39,63,grades,incongruent,✅,0.03285353683345424
39,63,affair,incongruent,✅,0.015633574927134308
39,64,arrest,congruent,✅,0.7195682163771412
39,64,stroke,congruent,❌,0.47095673652298414
39,64,arrest,incongruent,✅,0.18366590573061944
39,64,stroke,incongruent,✅,0.09954176124753954
39,65,pacifier,congruent,✅,0.8451520111146781
39,65,coffee,congruent,✅,0.986201256750087
39,65,pacifier,incongruent,✅,0.010096506995465975
39,65,coffee,incongruent,✅,0.005241250022069225
39,66,sweets,congruent,✅,0.9963048326797854
39,66,sentencing,congruent,✅,0.9936346395292339
39,66,sweets,incongruent,✅,0.0008609218640848713
39,66,sentencing,incongruent,✅,0.00853578676424334
39,67,nap,congruent,✅,0.9906160694570981
39,67,selfie,congruent,✅,0.997858758705348
39,67,nap,incongruent,✅,0.0051703748611786615
39,67,selfie,incongruent,✅,0.001031329821751631
39,68,diaper,congruent,✅,0.9503357776650565
39,68,tire,congruent,✅,0.9969042485745825
39,68,diaper,incongruent,✅,0.0011174698990357543
39,68,tire,incongruent,✅,0.0002909305190616234
39,69,chemotherapy,congruent,✅,0.9643438377137532
39,69,golf,congruent,✅,0.9977905960092222
39,69,chemotherapy,incongruent,✅,0.017265223484760974
39,69,golf,incongruent,✅,0.019514574614403046
39,7,consensus,congruent,✅,0.8806589092363664
39,7,deadlock,congruent,✅,0.7189623964247676
39,7,consensus,incongruent,✅,0.08916293998420574
39,7,deadlock,incongruent,✅,0.24608524262355738
39,70,thunder,congruent,✅,0.9859274674636097
39,70,lullaby,congruent,❌,0.4323353332285914
39,70,thunder,incongruent,✅,0.16841821358952716
39,70,lullaby,incongruent,✅,0.38851404054098665
39,71,pajamas,congruent,✅,0.9897141208927741
39,71,uniform,congruent,✅,0.9834341073391216
39,71,pajamas,incongruent,✅,0.03250133564726786
39,71,uniform,incongruent,✅,0.02281111012923799
39,72,gown,congruent,✅,0.9950652012270252
39,72,sweats,congruent,✅,0.9949428699693329
39,72,gown,incongruent,✅,0.012010169999078038
39,72,sweats,incongruent,✅,0.3566376112483315
39,73,deadline,congruent,✅,0.6061764934345546
39,73,bed,congruent,✅,0.9508877534539741
39,73,deadline,incongruent,✅,0.00620688320941646
39,73,bed,incongruent,✅,0.025059752301983776
39,74,kindergarten,congruent,✅,0.9020071654576137
39,74,jail,congruent,✅,0.9975390483031576
39,74,kindergarten,incongruent,✅,0.058791753499125854
39,74,jail,incongruent,✅,0.1458087100271136
39,75,interrogated,congruent,✅,0.9977943370099196
39,75,tickled,congruent,✅,0.9654058780532355
39,75,interrogated,incongruent,✅,0.013483688340872567
39,75,tickled,incongruent,✅,0.0026490779830809154
39,76,sandcastle,congruent,✅,0.9937329221866452
39,76,snowman,congruent,✅,0.9983704631551628
39,76,sandcastle,incongruent,✅,0.009691669021920627
39,76,snowman,incongruent,✅,0.3518293713810614
39,77,music,congruent,✅,0.9981179886241687
39,77,pizza,congruent,✅,0.9988793224788269
39,77,music,incongruent,✅,0.0014846050488738177
39,77,pizza,incongruent,✅,0.0038571517435858414
39,78,playoffs,congruent,✅,0.8991237943672775
39,78,cartoon,congruent,✅,0.9957851293258203
39,78,playoffs,incongruent,✅,0.0027680705809288914
39,78,cartoon,incongruent,✅,0.0403053665294757
39,79,alcoholism,congruent,✅,0.9865405269171065
39,79,academics,congruent,✅,0.9881155941627596
39,79,alcoholism,incongruent,✅,0.03065726874930283
39,79,academics,incongruent,✅,0.11019457922246917
39,8,engagement,congruent,✅,0.609172619434177
39,8,cancer,congruent,✅,0.5384978293552989
39,8,engagement,incongruent,✅,0.32421240124890655
39,8,cancer,incongruent,✅,0.17561141475477146
39,9,terminal,congruent,✅,0.9818157602890446
39,9,classroom,congruent,✅,0.946768665574433
39,9,terminal,incongruent,✅,0.0011089016570771883
39,9,classroom,incongruent,✅,0.006198968831297241
40,0,library,congruent,✅,0.9501392796758567
40,0,refrigerator,congruent,✅,0.6255563603610883
40,0,library,incongruent,✅,0.015248766907744215
40,0,refrigerator,incongruent,✅,0.0029980964546530383
40,1,disappointment,congruent,❌,0.41639721139399194
40,1,delight,congruent,✅,0.7438243429174256
40,1,disappointment,incongruent,✅,0.03638668638489219
40,1,delight,incongruent,✅,0.08530211064045479
40,10,cash,congruent,✅,0.9850421919398344
40,10,groceries,congruent,✅,0.9774415421241248
40,10,cash,incongruent,✅,0.14477533953005578
40,10,groceries,incongruent,✅,0.020472681698307148
40,11,lonely,congruent,✅,0.9838495642577565
40,11,confident,congruent,✅,0.9173350163402896
40,11,lonely,incongruent,✅,0.09519397291472913
40,11,confident,incongruent,✅,0.2527983094783478
40,12,joy,congruent,✅,0.9934973283892241
40,12,outrage,congruent,❌,0.4798457805528449
40,12,joy,incongruent,✅,0.0211609269952475
40,12,outrage,incongruent,❌,0.713946913773664
40,13,traffic,congruent,✅,0.9919020809381981
40,13,snowstorm,congruent,✅,0.9892899478820334
40,13,traffic,incongruent,✅,0.13184066046791137
40,13,snowstorm,incongruent,✅,0.4165634971251074
40,14,laughter,congruent,✅,0.5770721217380046
40,14,frustration,congruent,✅,0.9870306017012909
40,14,laughter,incongruent,✅,0.096947713772053
40,14,frustration,incongruent,✅,0.0037015938027109233
40,15,calculator,congruent,✅,0.9081816512102405
40,15,instrument,congruent,✅,0.9812974027445655
40,15,calculator,incongruent,✅,0.20565825046790043
40,15,instrument,incongruent,✅,0.43574715575277806
40,16,orchestra,congruent,✅,0.9696851156875012
40,16,racers,congruent,✅,0.9827673262906672
40,16,orchestra,incongruent,✅,0.1089073111322415
40,16,racers,incongruent,✅,0.0010482902890303803
40,17,retirement,congruent,✅,0.9349854699952991
40,17,playdate,congruent,✅,0.9012820185072093
40,17,retirement,incongruent,✅,0.029961128816960354
40,17,playdate,incongruent,✅,0.005397996395816737
40,18,relieved,congruent,✅,0.7908598379519418
40,18,depressed,congruent,❌,0.2191575777069089
40,18,relieved,incongruent,✅,0.01281101224140696
40,18,depressed,incongruent,✅,0.4593960316415675
40,19,friends,congruent,❌,0.20769355589223298
40,19,weight,congruent,✅,0.9116529721498471
40,19,friends,incongruent,✅,0.13579188162970707
40,19,weight,incongruent,✅,0.03722612747297559
40,2,overcoat,congruent,✅,0.6571215829090661
40,2,sandals,congruent,✅,0.6252400260262898
40,2,overcoat,incongruent,✅,0.020603264959992228
40,2,sandals,incongruent,✅,0.0015069235569880343
40,20,lipstick,congruent,✅,0.9698785399739683
40,20,song,congruent,✅,0.9781930966630188
40,20,lipstick,incongruent,✅,0.07500208147706446
40,20,song,incongruent,✅,0.09644760598516565
40,21,fought,congruent,✅,0.9818994905293869
40,21,sang,congruent,✅,0.9317122154757318
40,21,fought,incongruent,✅,0.006523148071750678
40,21,sang,incongruent,✅,0.021050569302398483
40,22,skeptical,congruent,✅,0.9703274292978213
40,22,reassured,congruent,✅,0.7153270300025203
40,22,skeptical,incongruent,✅,0.4221009397406636
40,22,reassured,incongruent,❌,0.7652009954021588
40,23,graduation,congruent,✅,0.9985714569301003
40,23,operation,congruent,✅,0.987609846134777
40,23,graduation,incongruent,✅,0.004003466608640355
40,23,operation,incongruent,✅,0.03602269931166722
40,24,bride,congruent,✅,0.9882291189222229
40,24,aftermath,congruent,✅,0.9930760112208198
40,24,bride,incongruent,✅,0.17113082801003984
40,24,aftermath,incongruent,✅,0.0011384610457630606
40,25,teacher,congruent,✅,0.9934744600007344
40,25,daughter,congruent,✅,0.9937196391973838
40,25,teacher,incongruent,✅,0.2539435342210738
40,25,daughter,incongruent,✅,0.03123429984364101
40,26,roommate,congruent,✅,0.9841248280926785
40,26,grandma,congruent,✅,0.9799371474086753
40,26,roommate,incongruent,✅,0.003383180719703136
40,26,grandma,incongruent,✅,0.011988749135540966
40,27,brother,congruent,✅,0.9885406098133764
40,27,mother,congruent,✅,0.9703633104710473
40,27,brother,incongruent,✅,0.020894126198040437
40,27,mother,incongruent,✅,0.038905934833861386
40,28,preschool,congruent,✅,0.9088240244078442
40,28,prison,congruent,✅,0.9676603775593545
40,28,preschool,incongruent,✅,0.00023562839319125922
40,28,prison,incongruent,✅,0.00047852319275880904
40,29,hopeful,congruent,✅,0.8402923846313475
40,29,hopeless,congruent,✅,0.9450943138169398
40,29,hopeful,incongruent,✅,0.32855155869387237
40,29,hopeless,incongruent,✅,0.17922838634998808
40,3,marathon,congruent,✅,0.9669841926122837
40,3,exam,congruent,✅,0.9874658720360973
40,3,marathon,incongruent,✅,0.0037780227099805746
40,3,exam,incongruent,✅,0.018191098389511568
40,30,appalled,congruent,✅,0.9934025780269691
40,30,overjoyed,congruent,✅,0.9590152542477242
40,30,appalled,incongruent,✅,0.033714712662078025
40,30,overjoyed,incongruent,❌,0.8782735256438655
40,31,reprimand,congruent,✅,0.9787720544293198
40,31,encouragement,congruent,✅,0.9974190162047814
40,31,reprimand,incongruent,✅,0.06687873278444774
40,31,encouragement,incongruent,✅,0.09307333799393831
40,32,angrily,congruent,✅,0.9900303402364508
40,32,cordially,congruent,✅,0.9759684068787211
40,32,angrily,incongruent,✅,0.0451908560797222
40,32,cordially,incongruent,✅,0.03126321006836615
40,33,accusatory,congruent,✅,0.9796625433774215
40,33,flirtatious,congruent,✅,0.8624141783783524
40,33,accusatory,incongruent,❌,0.6594092746409075
40,33,flirtatious,incongruent,✅,0.4761335274152653
40,34,disapprovingly,congruent,✅,0.7638527019131105
40,34,lovingly,congruent,✅,0.7980636068814879
40,34,disapprovingly,incongruent,✅,0.01972055715306225
40,34,lovingly,incongruent,✅,0.1109833419709633
40,35,playful,congruent,✅,0.7709151165959085
40,35,distant,congruent,✅,0.9214723238441298
40,35,playful,incongruent,✅,0.11873833872886154
40,35,distant,incongruent,✅,0.023324481837300525
40,36,headphones,congruent,✅,0.9463477115983828
40,36,mangoes,congruent,✅,0.6635744910751955
40,36,headphones,incongruent,✅,0.0006274139242379513
40,36,mangoes,incongruent,✅,0.001528465787553431
40,37,playroom,congruent,✅,0.9956685495927761
40,37,park,congruent,✅,0.987059158107344
40,37,playroom,incongruent,✅,0.026687153811093232
40,37,park,incongruent,✅,0.2963948720518838
40,38,bedroom,congruent,✅,0.9771734343201337
40,38,backyard,congruent,✅,0.9711030011870079
40,38,bedroom,incongruent,✅,0.011079805606773102
40,38,backyard,incongruent,✅,0.0009831916516223177
40,39,solemnly,congruent,✅,0.9049391650839638
40,39,excitedly,congruent,✅,0.5775952016451938
40,39,solemnly,incongruent,❌,0.7586334247030444
40,39,excitedly,incongruent,✅,0.21453836068966767
40,4,menu,congruent,✅,0.7795148764599539
40,4,prescription,congruent,✅,0.9907125544039078
40,4,menu,incongruent,✅,0.024350049699096415
40,4,prescription,incongruent,✅,0.0023029291913188757
40,40,car,congruent,✅,0.8517186273707055
40,40,sock,congruent,✅,0.5728694290957032
40,40,car,incongruent,✅,0.06862500419289967
40,40,sock,incongruent,✅,0.10678574595143692
40,41,overdressed,congruent,✅,0.9559792878114818
40,41,naked,congruent,❌,0.47682101044982506
40,41,overdressed,incongruent,✅,0.011404634227922308
40,41,naked,incongruent,✅,0.03136267363186509
40,42,shy,congruent,✅,0.7895828631346805
40,42,lively,congruent,✅,0.9917384875850478
40,42,shy,incongruent,✅,0.0417575485443244
40,42,lively,incongruent,✅,0.1290135411889045
40,43,offended,congruent,✅,0.6881352308893149
40,43,flattered,congruent,✅,0.7323476472942136
40,43,offended,incongruent,✅,0.014756021861368653
40,43,flattered,incongruent,✅,0.2014262638005665
40,44,grandkid,congruent,✅,0.995965866953001
40,44,cellmate,congruent,✅,0.9908710486454341
40,44,grandkid,incongruent,✅,0.002207225890517345
40,44,cellmate,incongruent,✅,0.033273541174593156
40,45,promoted,congruent,✅,0.9803770752065063
40,45,fired,congruent,✅,0.9925303570372306
40,45,promoted,incongruent,❌,0.6522303396951553
40,45,fired,incongruent,❌,0.7660608155888846
40,46,shooting,congruent,❌,0.0668347100069942
40,46,celebration,congruent,✅,0.7279227103916844
40,46,shooting,incongruent,✅,0.038482295650513844
40,46,celebration,incongruent,✅,0.020222240298968755
40,47,crayon,congruent,✅,0.6493545102647749
40,47,beer,congruent,✅,0.9968181201637695
40,47,crayon,incongruent,✅,0.0013123377638784531
40,47,beer,incongruent,✅,0.0014029381463476233
40,48,waiter,congruent,✅,0.9628854125951866
40,48,taxi,congruent,✅,0.969628145412488
40,48,waiter,incongruent,✅,0.05235073924876781
40,48,taxi,incongruent,✅,0.167559669588398
40,49,parents,congruent,✅,0.9877100188648605
40,49,keys,congruent,✅,0.9868671631514655
40,49,parents,incongruent,✅,0.2127605706936602
40,49,keys,incongruent,✅,0.16989874300814567
40,5,distress,congruent,✅,0.9976996518594482
40,5,tranquility,congruent,✅,0.9116143548644998
40,5,distress,incongruent,✅,0.0019232163535357007
40,5,tranquility,incongruent,✅,0.46261639239575264
40,50,sofa,congruent,✅,0.9927002428874006
40,50,sky,congruent,✅,0.995024654342146
40,50,sofa,incongruent,❌,0.5791691232357882
40,50,sky,incongruent,✅,0.07692180004935711
40,51,obesity,congruent,✅,0.7344845085359926
40,51,homework,congruent,✅,0.9829805079939116
40,51,obesity,incongruent,✅,0.0027656906323310707
40,51,homework,incongruent,✅,0.060567258284898534
40,52,quiz,congruent,✅,0.9898134972222135
40,52,commute,congruent,✅,0.9964263238497664
40,52,quiz,incongruent,✅,0.00616881933675335
40,52,commute,incongruent,✅,0.043191336842115235
40,53,migraine,congruent,✅,0.9928534286928247
40,53,excitement,congruent,✅,0.9315621316338586
40,53,migraine,incongruent,✅,0.0008279800434122392
40,53,excitement,incongruent,✅,0.04925399697256443
40,54,niece,congruent,✅,0.9221420155865643
40,54,husband,congruent,✅,0.9677536163303486
40,54,niece,incongruent,✅,0.028120048578371557
40,54,husband,incongruent,✅,0.2710353323613015
40,55,film,congruent,✅,0.9896546024195315
40,55,sunrise,congruent,✅,0.6983014997505769
40,55,film,incongruent,✅,0.0017945285347538565
40,55,sunrise,incongruent,✅,0.19400846362600285
40,56,lecture,congruent,✅,0.9940814334333203
40,56,banquet,congruent,✅,0.9442418158901862
40,56,lecture,incongruent,✅,0.003771936624056825
40,56,banquet,incongruent,✅,0.002707788515911117
40,57,drink,congruent,✅,0.9964298769575322
40,57,textbook,congruent,✅,0.9826474225382368
40,57,drink,incongruent,✅,0.03847191650938806
40,57,textbook,incongruent,✅,0.0017923014388485092
40,58,pool,congruent,✅,0.9984207004470764
40,58,snow,congruent,✅,0.9259556847529473
40,58,pool,incongruent,✅,0.0010785182901058695
40,58,snow,incongruent,✅,0.04157360139604275
40,59,passport,congruent,✅,0.9663291517819985
40,59,plushy,congruent,✅,0.993176903954177
40,59,passport,incongruent,✅,0.06048202590696387
40,59,plushy,incongruent,✅,0.2773296246628399
40,6,patients,congruent,✅,0.9750551398278527
40,6,students,congruent,✅,0.992225345105479
40,6,patients,incongruent,✅,0.019673999980810573
40,6,students,incongruent,✅,0.006584212928685487
40,60,sister,congruent,✅,0.9308166651464634
40,60,father,congruent,✅,0.9556223045553003
40,60,sister,incongruent,✅,0.1911364780536726
40,60,father,incongruent,✅,0.029133586882815466
40,61,game,congruent,✅,0.984903481171989
40,61,sunset,congruent,✅,0.9945746247716329
40,61,game,incongruent,✅,0.13031910831111726
40,61,sunset,incongruent,✅,0.06127433462363069
40,62,holidays,congruent,✅,0.9926574051451185
40,62,funeral,congruent,✅,0.9910032483265749
40,62,holidays,incongruent,✅,0.09619229337600312
40,62,funeral,incongruent,❌,0.590102526189234
40,63,grades,congruent,✅,0.9929379923256199
40,63,affair,congruent,✅,0.9984080932312578
40,63,grades,incongruent,✅,0.038947703416924065
40,63,affair,incongruent,✅,0.015530116509130897
40,64,arrest,congruent,✅,0.6867071877028926
40,64,stroke,congruent,❌,0.49556668464833276
40,64,arrest,incongruent,✅,0.19325943704287762
40,64,stroke,incongruent,✅,0.1062618425280684
40,65,pacifier,congruent,✅,0.9017515483915424
40,65,coffee,congruent,✅,0.9742535805229173
40,65,pacifier,incongruent,✅,0.012951242971930468
40,65,coffee,incongruent,✅,0.00569265265976396
40,66,sweets,congruent,✅,0.9972503507893997
40,66,sentencing,congruent,✅,0.9939751504654266
40,66,sweets,incongruent,✅,0.0008605081103104607
40,66,sentencing,incongruent,✅,0.013086450040881178
40,67,nap,congruent,✅,0.9933515532924752
40,67,selfie,congruent,✅,0.997515719803354
40,67,nap,incongruent,✅,0.007243069224091885
40,67,selfie,incongruent,✅,0.002259410064493299
40,68,diaper,congruent,✅,0.9561531329849937
40,68,tire,congruent,✅,0.9972878985844312
40,68,diaper,incongruent,✅,0.0024171455795397563
40,68,tire,incongruent,✅,0.0005411902409563138
40,69,chemotherapy,congruent,✅,0.9818547537714674
40,69,golf,congruent,✅,0.9979644070774227
40,69,chemotherapy,incongruent,✅,0.02585657383358043
40,69,golf,incongruent,✅,0.024130668221239212
40,7,consensus,congruent,✅,0.9319957633339733
40,7,deadlock,congruent,✅,0.816219152706144
40,7,consensus,incongruent,✅,0.1440105781811648
40,7,deadlock,incongruent,✅,0.3350723934757608
40,70,thunder,congruent,✅,0.9921884941484248
40,70,lullaby,congruent,❌,0.4742815620592583
40,70,thunder,incongruent,✅,0.11144664877237415
40,70,lullaby,incongruent,❌,0.5287907601172132
40,71,pajamas,congruent,✅,0.9926373435261472
40,71,uniform,congruent,✅,0.9877757202389597
40,71,pajamas,incongruent,✅,0.04234982971752618
40,71,uniform,incongruent,✅,0.03251774904843377
40,72,gown,congruent,✅,0.992962873173864
40,72,sweats,congruent,✅,0.9947925475820032
40,72,gown,incongruent,✅,0.01064625750811911
40,72,sweats,incongruent,✅,0.22885748213157206
40,73,deadline,congruent,✅,0.5101293606520072
40,73,bed,congruent,✅,0.9535575822072013
40,73,deadline,incongruent,✅,0.012282610590924135
40,73,bed,incongruent,✅,0.015177889582045677
40,74,kindergarten,congruent,✅,0.9083553506045842
40,74,jail,congruent,✅,0.9961814495579929
40,74,kindergarten,incongruent,✅,0.05751443690539506
40,74,jail,incongruent,✅,0.17113128942901484
40,75,interrogated,congruent,✅,0.9980520189795409
40,75,tickled,congruent,✅,0.9834197704292243
40,75,interrogated,incongruent,✅,0.030845227841221498
40,75,tickled,incongruent,✅,0.0018039306128133318
40,76,sandcastle,congruent,✅,0.9952884651470015
40,76,snowman,congruent,✅,0.9985976859228682
40,76,sandcastle,incongruent,✅,0.011887027716953298
40,76,snowman,incongruent,✅,0.2891658266001831
40,77,music,congruent,✅,0.9986682476445244
40,77,pizza,congruent,✅,0.9989949573767912
40,77,music,incongruent,✅,0.0016545285066735483
40,77,pizza,incongruent,✅,0.002965654390220717
40,78,playoffs,congruent,✅,0.8864048842220971
40,78,cartoon,congruent,✅,0.99490396517615
40,78,playoffs,incongruent,✅,0.0039928189209780555
40,78,cartoon,incongruent,✅,0.035072617195838665
40,79,alcoholism,congruent,✅,0.9879208065705866
40,79,academics,congruent,✅,0.9857194999938541
40,79,alcoholism,incongruent,✅,0.026338630585736895
40,79,academics,incongruent,✅,0.14709862004996602
40,8,engagement,congruent,✅,0.6508081544434846
40,8,cancer,congruent,✅,0.6171940010137102
40,8,engagement,incongruent,✅,0.3960701057297038
40,8,cancer,incongruent,✅,0.2429056788149807
40,9,terminal,congruent,✅,0.9772548484858371
40,9,classroom,congruent,✅,0.9503754749479224
40,9,terminal,incongruent,✅,0.0008671785847658163
40,9,classroom,incongruent,✅,0.005399869535109696
41,0,library,congruent,✅,0.9421853710800834
41,0,refrigerator,congruent,✅,0.6997200593997591
41,0,library,incongruent,✅,0.015317654003690664
41,0,refrigerator,incongruent,✅,0.0023424156478913283
41,1,disappointment,congruent,✅,0.5816565001294668
41,1,delight,congruent,✅,0.8664036680788707
41,1,disappointment,incongruent,✅,0.012094427975432963
41,1,delight,incongruent,✅,0.06301243345386337
41,10,cash,congruent,✅,0.9863399630445606
41,10,groceries,congruent,✅,0.9803679326422432
41,10,cash,incongruent,✅,0.16234813003968426
41,10,groceries,incongruent,✅,0.018143423062322635
41,11,lonely,congruent,✅,0.9775531877465888
41,11,confident,congruent,✅,0.9075548950272301
41,11,lonely,incongruent,✅,0.05102415509258029
41,11,confident,incongruent,✅,0.1335778636966045
41,12,joy,congruent,✅,0.9970612079035513
41,12,outrage,congruent,✅,0.6999499306062373
41,12,joy,incongruent,✅,0.02295091637396306
41,12,outrage,incongruent,❌,0.9093775414807238
41,13,traffic,congruent,✅,0.9956106389295518
41,13,snowstorm,congruent,✅,0.9965356622367217
41,13,traffic,incongruent,✅,0.1343958574226454
41,13,snowstorm,incongruent,✅,0.23468988859653997
41,14,laughter,congruent,✅,0.6828976336901973
41,14,frustration,congruent,✅,0.9868316986176505
41,14,laughter,incongruent,✅,0.041954546336037526
41,14,frustration,incongruent,✅,0.0028538483433811807
41,15,calculator,congruent,✅,0.9002770361071895
41,15,instrument,congruent,✅,0.9817662635343114
41,15,calculator,incongruent,✅,0.27593612592769645
41,15,instrument,incongruent,✅,0.34553249904354283
41,16,orchestra,congruent,✅,0.9776220886545701
41,16,racers,congruent,✅,0.9852704259466577
41,16,orchestra,incongruent,✅,0.12883309154115655
41,16,racers,incongruent,✅,0.0007907455328993599
41,17,retirement,congruent,✅,0.9585371173477902
41,17,playdate,congruent,✅,0.9353072308218074
41,17,retirement,incongruent,✅,0.0482110057990617
41,17,playdate,incongruent,✅,0.006038413250399171
41,18,relieved,congruent,✅,0.7873780668799617
41,18,depressed,congruent,✅,0.604059415647223
41,18,relieved,incongruent,✅,0.022207325336691803
41,18,depressed,incongruent,✅,0.32656429066115655
41,19,friends,congruent,❌,0.17421629653141793
41,19,weight,congruent,✅,0.9173239259825957
41,19,friends,incongruent,✅,0.22224514958657654
41,19,weight,incongruent,✅,0.02927390991331017
41,2,overcoat,congruent,✅,0.8591440973021361
41,2,sandals,congruent,✅,0.725517195176795
41,2,overcoat,incongruent,✅,0.010409361282071896
41,2,sandals,incongruent,✅,0.0027578786075921195
41,20,lipstick,congruent,✅,0.9268900695819601
41,20,song,congruent,✅,0.9836610806121773
41,20,lipstick,incongruent,✅,0.08387392825459991
41,20,song,incongruent,✅,0.19235017395246323
41,21,fought,congruent,✅,0.993021224780503
41,21,sang,congruent,✅,0.9710273980564655
41,21,fought,incongruent,✅,0.004594682010786015
41,21,sang,incongruent,✅,0.038019246032465856
41,22,skeptical,congruent,✅,0.9601262452795566
41,22,reassured,congruent,✅,0.8537505696740347
41,22,skeptical,incongruent,✅,0.2889056488595971
41,22,reassured,incongruent,✅,0.4197451876998911
41,23,graduation,congruent,✅,0.9980318428226878
41,23,operation,congruent,✅,0.9521567476079948
41,23,graduation,incongruent,✅,0.004449596455289776
41,23,operation,incongruent,✅,0.03760883568889446
41,24,bride,congruent,✅,0.9835198880549323
41,24,aftermath,congruent,✅,0.9946978054415972
41,24,bride,incongruent,✅,0.19116897446296374
41,24,aftermath,incongruent,✅,0.0008055030126852586
41,25,teacher,congruent,✅,0.9934770738349554
41,25,daughter,congruent,✅,0.991533985204997
41,25,teacher,incongruent,✅,0.053364530765272866
41,25,daughter,incongruent,✅,0.019840311894865553
41,26,roommate,congruent,✅,0.9832886581777299
41,26,grandma,congruent,✅,0.9806350273491973
41,26,roommate,incongruent,✅,0.003492412853074046
41,26,grandma,incongruent,✅,0.009238121844742181
41,27,brother,congruent,✅,0.9891685504476287
41,27,mother,congruent,✅,0.9762934130640796
41,27,brother,incongruent,✅,0.02841844731740291
41,27,mother,incongruent,✅,0.03144425774456195
41,28,preschool,congruent,✅,0.9362948165814841
41,28,prison,congruent,✅,0.9885968160908476
41,28,preschool,incongruent,✅,0.0004961368293525483
41,28,prison,incongruent,✅,0.0007577309214785255
41,29,hopeful,congruent,✅,0.9506632378544784
41,29,hopeless,congruent,✅,0.9798049177730489
41,29,hopeful,incongruent,✅,0.20569957912271006
41,29,hopeless,incongruent,✅,0.15585906099462632
41,3,marathon,congruent,✅,0.973191660461937
41,3,exam,congruent,✅,0.9807068221295431
41,3,marathon,incongruent,✅,0.0060021516195893415
41,3,exam,incongruent,✅,0.015794716240462168
41,30,appalled,congruent,✅,0.993553562844014
41,30,overjoyed,congruent,✅,0.9742013409630915
41,30,appalled,incongruent,✅,0.05684715733252362
41,30,overjoyed,incongruent,❌,0.5387102003243653
41,31,reprimand,congruent,✅,0.9904875305277869
41,31,encouragement,congruent,✅,0.9980168935406192
41,31,reprimand,incongruent,✅,0.032763693740917046
41,31,encouragement,incongruent,✅,0.021876226698699
41,32,angrily,congruent,✅,0.9958324761072674
41,32,cordially,congruent,✅,0.9868552649162671
41,32,angrily,incongruent,✅,0.02427224105932153
41,32,cordially,incongruent,✅,0.006126994399838167
41,33,accusatory,congruent,✅,0.9916301995684419
41,33,flirtatious,congruent,✅,0.8985300667121555
41,33,accusatory,incongruent,❌,0.5276103457069058
41,33,flirtatious,incongruent,✅,0.43346212795526773
41,34,disapprovingly,congruent,✅,0.6762111357168404
41,34,lovingly,congruent,✅,0.7966960322320255
41,34,disapprovingly,incongruent,✅,0.0019201394704348312
41,34,lovingly,incongruent,✅,0.06454844143844925
41,35,playful,congruent,✅,0.8450171869490254
41,35,distant,congruent,✅,0.9867073379501816
41,35,playful,incongruent,✅,0.033869092948257164
41,35,distant,incongruent,✅,0.005524478109647757
41,36,headphones,congruent,✅,0.9432742976134091
41,36,mangoes,congruent,✅,0.8559323817840552
41,36,headphones,incongruent,✅,0.0009767248763698894
41,36,mangoes,incongruent,✅,0.0018393419336675942
41,37,playroom,congruent,✅,0.9968680203786368
41,37,park,congruent,✅,0.9863583971409754
41,37,playroom,incongruent,✅,0.012949221786431339
41,37,park,incongruent,✅,0.3413082587753366
41,38,bedroom,congruent,✅,0.9782239265551245
41,38,backyard,congruent,✅,0.9728193628076717
41,38,bedroom,incongruent,✅,0.0031540045960634575
41,38,backyard,incongruent,✅,0.00045600709457905506
41,39,solemnly,congruent,✅,0.9102690078537401
41,39,excitedly,congruent,❌,0.2515306998053757
41,39,solemnly,incongruent,✅,0.48235404213346156
41,39,excitedly,incongruent,✅,0.030204092304036805
41,4,menu,congruent,✅,0.8010130992285013
41,4,prescription,congruent,✅,0.9863959316848006
41,4,menu,incongruent,✅,0.014855852881008364
41,4,prescription,incongruent,✅,0.002430708362863243
41,40,car,congruent,✅,0.7941672678430874
41,40,sock,congruent,❌,0.4044745291298599
41,40,car,incongruent,✅,0.03987289656554166
41,40,sock,incongruent,✅,0.07951582542242841
41,41,overdressed,congruent,✅,0.9844357210393782
41,41,naked,congruent,✅,0.5681385544195058
41,41,overdressed,incongruent,✅,0.050593935127303556
41,41,naked,incongruent,✅,0.024315466634900924
41,42,shy,congruent,✅,0.9636477776135371
41,42,lively,congruent,✅,0.9944588609907234
41,42,shy,incongruent,✅,0.020490266110651717
41,42,lively,incongruent,✅,0.08515469111555066
41,43,offended,congruent,✅,0.824337016352141
41,43,flattered,congruent,✅,0.8556583228106844
41,43,offended,incongruent,✅,0.011452492009180316
41,43,flattered,incongruent,✅,0.1118648401429744
41,44,grandkid,congruent,✅,0.9946804258274793
41,44,cellmate,congruent,✅,0.9952593664723863
41,44,grandkid,incongruent,✅,0.0010567555208637921
41,44,cellmate,incongruent,✅,0.04996563953294023
41,45,promoted,congruent,✅,0.9792286227939984
41,45,fired,congruent,✅,0.9860249811661476
41,45,promoted,incongruent,✅,0.40989641378353936
41,45,fired,incongruent,❌,0.7934920082714211
41,46,shooting,congruent,❌,0.03597092584626412
41,46,celebration,congruent,✅,0.8048899320598898
41,46,shooting,incongruent,✅,0.039291368320305525
41,46,celebration,incongruent,✅,0.009416694754413417
41,47,crayon,congruent,✅,0.8226284640235069
41,47,beer,congruent,✅,0.9944213316745882
41,47,crayon,incongruent,✅,0.000776480814153763
41,47,beer,incongruent,✅,0.002301144734292903
41,48,waiter,congruent,✅,0.9575360723448517
41,48,taxi,congruent,✅,0.9595423978000479
41,48,waiter,incongruent,✅,0.09920557593743783
41,48,taxi,incongruent,✅,0.13610247198665784
41,49,parents,congruent,✅,0.9931769911748775
41,49,keys,congruent,✅,0.997983680422764
41,49,parents,incongruent,✅,0.1733860724497387
41,49,keys,incongruent,✅,0.2379241099418238
41,5,distress,congruent,✅,0.994248483901846
41,5,tranquility,congruent,✅,0.9259538499181484
41,5,distress,incongruent,✅,0.005796851828100128
41,5,tranquility,incongruent,✅,0.21168884920574121
41,50,sofa,congruent,✅,0.9945565190810005
41,50,sky,congruent,✅,0.9971145990592531
41,50,sofa,incongruent,✅,0.37292666411761133
41,50,sky,incongruent,✅,0.16290470105278043
41,51,obesity,congruent,❌,0.4412383454060181
41,51,homework,congruent,✅,0.978497628130962
41,51,obesity,incongruent,✅,0.004812734518672422
41,51,homework,incongruent,✅,0.05912742511708974
41,52,quiz,congruent,✅,0.9958227907217417
41,52,commute,congruent,✅,0.9946812342729839
41,52,quiz,incongruent,✅,0.008957988473599184
41,52,commute,incongruent,✅,0.07133686728085552
41,53,migraine,congruent,✅,0.9946016387258768
41,53,excitement,congruent,✅,0.965024315565806
41,53,migraine,incongruent,✅,0.0016843404705107563
41,53,excitement,incongruent,✅,0.05554755418217641
41,54,niece,congruent,✅,0.9822114590373731
41,54,husband,congruent,✅,0.9766153041852507
41,54,niece,incongruent,✅,0.020762909442902672
41,54,husband,incongruent,✅,0.2923038116461767
41,55,film,congruent,✅,0.9896374335035125
41,55,sunrise,congruent,✅,0.5268885018986085
41,55,film,incongruent,✅,0.001832699733422931
41,55,sunrise,incongruent,✅,0.22026831689315393
41,56,lecture,congruent,✅,0.9935772601405756
41,56,banquet,congruent,✅,0.9546960922407551
41,56,lecture,incongruent,✅,0.0011420056229088638
41,56,banquet,incongruent,✅,0.0005755876088433029
41,57,drink,congruent,✅,0.9948541655182277
41,57,textbook,congruent,✅,0.9793980589815211
41,57,drink,incongruent,✅,0.06277237563971595
41,57,textbook,incongruent,✅,0.0026548815710228536
41,58,pool,congruent,✅,0.9970316468967205
41,58,snow,congruent,✅,0.8926441639532503
41,58,pool,incongruent,✅,0.001157799094901297
41,58,snow,incongruent,✅,0.028771056508508103
41,59,passport,congruent,✅,0.8906801279886746
41,59,plushy,congruent,✅,0.988981056601347
41,59,passport,incongruent,✅,0.02886371086503473
41,59,plushy,incongruent,✅,0.10255931195451756
41,6,patients,congruent,✅,0.9742809034768094
41,6,students,congruent,✅,0.9889793836664613
41,6,patients,incongruent,✅,0.01903402856619737
41,6,students,incongruent,✅,0.011455444623234922
41,60,sister,congruent,✅,0.9647290287561097
41,60,father,congruent,✅,0.959439174804197
41,60,sister,incongruent,✅,0.24916328931424783
41,60,father,incongruent,✅,0.012624963437412139
41,61,game,congruent,✅,0.9850827345136868
41,61,sunset,congruent,✅,0.9919399260329747
41,61,game,incongruent,✅,0.18788924485935193
41,61,sunset,incongruent,✅,0.019585107620714408
41,62,holidays,congruent,✅,0.9922264193647152
41,62,funeral,congruent,✅,0.9940855258026041
41,62,holidays,incongruent,✅,0.053959089259009274
41,62,funeral,incongruent,❌,0.7085689103710362
41,63,grades,congruent,✅,0.9892150932742156
41,63,affair,congruent,✅,0.9992207422147241
41,63,grades,incongruent,✅,0.04470200597935579
41,63,affair,incongruent,✅,0.02150483435987236
41,64,arrest,congruent,✅,0.7226020501051958
41,64,stroke,congruent,✅,0.5287456918644711
41,64,arrest,incongruent,✅,0.2116488600263528
41,64,stroke,incongruent,✅,0.10467168492634846
41,65,pacifier,congruent,✅,0.8744169649476772
41,65,coffee,congruent,✅,0.9737125181223905
41,65,pacifier,incongruent,✅,0.0453412810265602
41,65,coffee,incongruent,✅,0.007720587101474074
41,66,sweets,congruent,✅,0.998016010371331
41,66,sentencing,congruent,✅,0.9974212718160815
41,66,sweets,incongruent,✅,0.000775258524934395
41,66,sentencing,incongruent,✅,0.020324336921650327
41,67,nap,congruent,✅,0.9936433101922298
41,67,selfie,congruent,✅,0.9978563184491945
41,67,nap,incongruent,✅,0.0052629664921061735
41,67,selfie,incongruent,✅,0.0007359335948485632
41,68,diaper,congruent,✅,0.9646355648023204
41,68,tire,congruent,✅,0.9950317421734156
41,68,diaper,incongruent,✅,0.0038053520577066243
41,68,tire,incongruent,✅,0.0007198355646745942
41,69,chemotherapy,congruent,✅,0.9922927078209811
41,69,golf,congruent,✅,0.9982889908265897
41,69,chemotherapy,incongruent,✅,0.048136044546649784
41,69,golf,incongruent,✅,0.027457869101810795
41,7,consensus,congruent,✅,0.8798814029309177
41,7,deadlock,congruent,✅,0.8640232483356002
41,7,consensus,incongruent,✅,0.10781511578514576
41,7,deadlock,incongruent,✅,0.10454456011541012
41,70,thunder,congruent,✅,0.9943123604608529
41,70,lullaby,congruent,❌,0.4287963034087271
41,70,thunder,incongruent,✅,0.04057027964058931
41,70,lullaby,incongruent,❌,0.5075975136610504
41,71,pajamas,congruent,✅,0.9920814256338326
41,71,uniform,congruent,✅,0.9823200247024856
41,71,pajamas,incongruent,✅,0.06092415151041545
41,71,uniform,incongruent,✅,0.03468466719497988
41,72,gown,congruent,✅,0.9900715866533892
41,72,sweats,congruent,✅,0.9934227934837266
41,72,gown,incongruent,✅,0.00726222891305215
41,72,sweats,incongruent,✅,0.25107174805113736
41,73,deadline,congruent,✅,0.6219407841566134
41,73,bed,congruent,✅,0.9343776096456068
41,73,deadline,incongruent,✅,0.0068904477973432045
41,73,bed,incongruent,✅,0.024179090183157267
41,74,kindergarten,congruent,✅,0.8023092479842071
41,74,jail,congruent,✅,0.9971715761408836
41,74,kindergarten,incongruent,✅,0.05903714050193336
41,74,jail,incongruent,✅,0.2186696876659875
41,75,interrogated,congruent,✅,0.9981779995720103
41,75,tickled,congruent,✅,0.9911235688603622
41,75,interrogated,incongruent,✅,0.04581017135136976
41,75,tickled,incongruent,✅,0.0005197817216773511
41,76,sandcastle,congruent,✅,0.995555535190821
41,76,snowman,congruent,✅,0.9987822968777242
41,76,sandcastle,incongruent,✅,0.010673522459598322
41,76,snowman,incongruent,✅,0.4895074570627328
41,77,music,congruent,✅,0.9984268701823854
41,77,pizza,congruent,✅,0.9986177321591956
41,77,music,incongruent,✅,0.0013960287804374173
41,77,pizza,incongruent,✅,0.002548774894180773
41,78,playoffs,congruent,✅,0.8725910623733144
41,78,cartoon,congruent,✅,0.9940583711683602
41,78,playoffs,incongruent,✅,0.004327931600802552
41,78,cartoon,incongruent,✅,0.013190114510849288
41,79,alcoholism,congruent,✅,0.9859764565143604
41,79,academics,congruent,✅,0.9871332860373041
41,79,alcoholism,incongruent,✅,0.03156846528032258
41,79,academics,incongruent,✅,0.17358486891079455
41,8,engagement,congruent,✅,0.7209732226584507
41,8,cancer,congruent,✅,0.6099522657557016
41,8,engagement,incongruent,✅,0.41470703905904244
41,8,cancer,incongruent,✅,0.3684148414977554
41,9,terminal,congruent,✅,0.983609443599206
41,9,classroom,congruent,✅,0.9772148730552785
41,9,terminal,incongruent,✅,0.0011626643417867201
41,9,classroom,incongruent,✅,0.010034472280054958
42,0,library,congruent,✅,0.9823214307673552
42,0,refrigerator,congruent,✅,0.7839079808350274
42,0,library,incongruent,✅,0.03044394467395271
42,0,refrigerator,incongruent,✅,0.005363751188347124
42,1,disappointment,congruent,✅,0.8311944980381515
42,1,delight,congruent,✅,0.918742829006178
42,1,disappointment,incongruent,✅,0.0076424225246122515
42,1,delight,incongruent,✅,0.056514644041648916
42,10,cash,congruent,✅,0.9944852578671297
42,10,groceries,congruent,✅,0.9785379419504393
42,10,cash,incongruent,✅,0.15566065735959564
42,10,groceries,incongruent,✅,0.007685265134661743
42,11,lonely,congruent,✅,0.9728178443870379
42,11,confident,congruent,✅,0.9364824998120176
42,11,lonely,incongruent,✅,0.011261499175522422
42,11,confident,incongruent,✅,0.036777297109466645
42,12,joy,congruent,✅,0.9928517551162563
42,12,outrage,congruent,✅,0.7124188466784985
42,12,joy,incongruent,✅,0.0041912342478844745
42,12,outrage,incongruent,❌,0.9332536738657512
42,13,traffic,congruent,✅,0.9950128226647759
42,13,snowstorm,congruent,✅,0.9951953516259038
42,13,traffic,incongruent,✅,0.10489033419068117
42,13,snowstorm,incongruent,✅,0.11186667128296678
42,14,laughter,congruent,✅,0.9305301567920877
42,14,frustration,congruent,✅,0.994667091987154
42,14,laughter,incongruent,✅,0.009981109063652942
42,14,frustration,incongruent,✅,0.00466513179922088
42,15,calculator,congruent,✅,0.8733405150429513
42,15,instrument,congruent,✅,0.9895058651988753
42,15,calculator,incongruent,✅,0.2161458038105781
42,15,instrument,incongruent,✅,0.33252724322804705
42,16,orchestra,congruent,✅,0.979628073884027
42,16,racers,congruent,✅,0.9935170294347312
42,16,orchestra,incongruent,✅,0.173048485789356
42,16,racers,incongruent,✅,0.0013735994673179563
42,17,retirement,congruent,✅,0.9356451199013951
42,17,playdate,congruent,✅,0.9275466220861764
42,17,retirement,incongruent,✅,0.04466019074989367
42,17,playdate,incongruent,✅,0.005627140058863568
42,18,relieved,congruent,✅,0.7949570832558761
42,18,depressed,congruent,✅,0.7072510966865558
42,18,relieved,incongruent,✅,0.02721206544014965
42,18,depressed,incongruent,✅,0.3505467229497186
42,19,friends,congruent,❌,0.29262299341680226
42,19,weight,congruent,✅,0.9423716464291481
42,19,friends,incongruent,❌,0.5624045182438299
42,19,weight,incongruent,✅,0.03950149948270867
42,2,overcoat,congruent,✅,0.9063202408992765
42,2,sandals,congruent,❌,0.40216875803909996
42,2,overcoat,incongruent,✅,0.0011098117726934598
42,2,sandals,incongruent,✅,0.0007767195406708317
42,20,lipstick,congruent,✅,0.9279950742257843
42,20,song,congruent,✅,0.9910638426603081
42,20,lipstick,incongruent,✅,0.050866664879146734
42,20,song,incongruent,✅,0.08704695961537989
42,21,fought,congruent,✅,0.9960145999433617
42,21,sang,congruent,✅,0.9798142249626034
42,21,fought,incongruent,✅,0.002511018227232798
42,21,sang,incongruent,✅,0.08150761931018781
42,22,skeptical,congruent,✅,0.9385185333958296
42,22,reassured,congruent,✅,0.8740064097849549
42,22,skeptical,incongruent,✅,0.2520828931090711
42,22,reassured,incongruent,✅,0.3653718203027083
42,23,graduation,congruent,✅,0.9992354816112732
42,23,operation,congruent,✅,0.9447735088001331
42,23,graduation,incongruent,✅,0.010032101734554738
42,23,operation,incongruent,✅,0.004089979480330868
42,24,bride,congruent,✅,0.9847361917289889
42,24,aftermath,congruent,✅,0.9930408939527415
42,24,bride,incongruent,✅,0.17416983615437417
42,24,aftermath,incongruent,✅,0.0007414886725934043
42,25,teacher,congruent,✅,0.9949808665282729
42,25,daughter,congruent,✅,0.9917169710576894
42,25,teacher,incongruent,✅,0.02683189394140083
42,25,daughter,incongruent,✅,0.02630699876013614
42,26,roommate,congruent,✅,0.9774275500357873
42,26,grandma,congruent,✅,0.9832115371300307
42,26,roommate,incongruent,✅,0.002176405896553799
42,26,grandma,incongruent,✅,0.005933182546514335
42,27,brother,congruent,✅,0.984349289957813
42,27,mother,congruent,✅,0.9764820604069332
42,27,brother,incongruent,✅,0.05567306415592115
42,27,mother,incongruent,✅,0.026567665332243435
42,28,preschool,congruent,✅,0.9331887154441284
42,28,prison,congruent,✅,0.9946290377848708
42,28,preschool,incongruent,✅,0.0011874866865382065
42,28,prison,incongruent,✅,0.004960914581949314
42,29,hopeful,congruent,✅,0.9853781206682415
42,29,hopeless,congruent,✅,0.9912917854122358
42,29,hopeful,incongruent,✅,0.2558660885041864
42,29,hopeless,incongruent,✅,0.05831124568498234
42,3,marathon,congruent,✅,0.9813439110255435
42,3,exam,congruent,✅,0.9859089565642241
42,3,marathon,incongruent,✅,0.009048714666674635
42,3,exam,incongruent,✅,0.03984876112988719
42,30,appalled,congruent,✅,0.9915464536110701
42,30,overjoyed,congruent,✅,0.9682565848983222
42,30,appalled,incongruent,✅,0.07754788124588909
42,30,overjoyed,incongruent,✅,0.20221919809762587
42,31,reprimand,congruent,✅,0.987327755630618
42,31,encouragement,congruent,✅,0.9959665113179138
42,31,reprimand,incongruent,✅,0.05799279448100007
42,31,encouragement,incongruent,✅,0.00676778033392088
42,32,angrily,congruent,✅,0.9973537351719595
42,32,cordially,congruent,✅,0.9942312459137916
42,32,angrily,incongruent,✅,0.018686329522529816
42,32,cordially,incongruent,✅,0.0013276790372606204
42,33,accusatory,congruent,✅,0.988420579914125
42,33,flirtatious,congruent,✅,0.9499497458713831
42,33,accusatory,incongruent,❌,0.6095113619701331
42,33,flirtatious,incongruent,✅,0.34874793979493984
42,34,disapprovingly,congruent,✅,0.9093989869961152
42,34,lovingly,congruent,✅,0.7922043530219545
42,34,disapprovingly,incongruent,✅,0.0027611460313194795
42,34,lovingly,incongruent,✅,0.12316471984776566
42,35,playful,congruent,✅,0.9584146281835436
42,35,distant,congruent,✅,0.9952813239393793
42,35,playful,incongruent,✅,0.035920608292756534
42,35,distant,incongruent,✅,0.0007060890045326126
42,36,headphones,congruent,✅,0.969196929089798
42,36,mangoes,congruent,✅,0.9023604282552274
42,36,headphones,incongruent,✅,0.009199236854037634
42,36,mangoes,incongruent,✅,0.0036552516860669697
42,37,playroom,congruent,✅,0.9974460452505587
42,37,park,congruent,✅,0.9906680506686752
42,37,playroom,incongruent,✅,0.004258656057944889
42,37,park,incongruent,✅,0.21637513617469256
42,38,bedroom,congruent,✅,0.9902268905221097
42,38,backyard,congruent,✅,0.9901696223459684
42,38,bedroom,incongruent,✅,0.007309911971303473
42,38,backyard,incongruent,✅,0.0009090316046038417
42,39,solemnly,congruent,✅,0.9166130755589897
42,39,excitedly,congruent,❌,0.09284456395824467
42,39,solemnly,incongruent,✅,0.04135609926793588
42,39,excitedly,incongruent,✅,0.03485242286009928
42,4,menu,congruent,✅,0.9396885156798862
42,4,prescription,congruent,✅,0.990389817375276
42,4,menu,incongruent,✅,0.005957687400952059
42,4,prescription,incongruent,✅,0.0053015530993499125
42,40,car,congruent,✅,0.9032975992407799
42,40,sock,congruent,✅,0.6263851064756255
42,40,car,incongruent,✅,0.020559657905226753
42,40,sock,incongruent,✅,0.1425344019173233
42,41,overdressed,congruent,✅,0.9921829336807296
42,41,naked,congruent,✅,0.6900744645603581
42,41,overdressed,incongruent,✅,0.0622992676521899
42,41,naked,incongruent,✅,0.02627991229291363
42,42,shy,congruent,✅,0.9782979038404531
42,42,lively,congruent,✅,0.979558426395253
42,42,shy,incongruent,✅,0.0047364761875941614
42,42,lively,incongruent,✅,0.04860285123916771
42,43,offended,congruent,✅,0.8247306101564746
42,43,flattered,congruent,✅,0.7495322768907979
42,43,offended,incongruent,✅,0.006351497778722164
42,43,flattered,incongruent,✅,0.08816854523925345
42,44,grandkid,congruent,✅,0.9916092473614575
42,44,cellmate,congruent,✅,0.9922990426124702
42,44,grandkid,incongruent,✅,0.0005850453507402675
42,44,cellmate,incongruent,✅,0.035928828274503354
42,45,promoted,congruent,✅,0.9924724579765593
42,45,fired,congruent,✅,0.9802194972231311
42,45,promoted,incongruent,✅,0.13882247725748328
42,45,fired,incongruent,❌,0.8519902449752892
42,46,shooting,congruent,❌,0.038521478990165774
42,46,celebration,congruent,✅,0.7972841469769336
42,46,shooting,incongruent,✅,0.05896163217694112
42,46,celebration,incongruent,✅,0.006236132611949575
42,47,crayon,congruent,✅,0.9525023307173709
42,47,beer,congruent,✅,0.9928330719435067
42,47,crayon,incongruent,✅,0.000542874106715283
42,47,beer,incongruent,✅,0.01672814150948952
42,48,waiter,congruent,✅,0.8804411913829887
42,48,taxi,congruent,✅,0.8176440683372301
42,48,waiter,incongruent,✅,0.03013517196775224
42,48,taxi,incongruent,✅,0.14751816822695749
42,49,parents,congruent,✅,0.9931737727712449
42,49,keys,congruent,✅,0.9987791221416789
42,49,parents,incongruent,✅,0.08004161162066381
42,49,keys,incongruent,✅,0.11560587644373053
42,5,distress,congruent,✅,0.9934056913547973
42,5,tranquility,congruent,✅,0.858338094459721
42,5,distress,incongruent,✅,0.009259660985327748
42,5,tranquility,incongruent,✅,0.18916731597939238
42,50,sofa,congruent,✅,0.9862501544427371
42,50,sky,congruent,✅,0.9976665702115414
42,50,sofa,incongruent,✅,0.3101139771090904
42,50,sky,incongruent,✅,0.10485510577013456
42,51,obesity,congruent,❌,0.2314368103009898
42,51,homework,congruent,✅,0.9734624202035529
42,51,obesity,incongruent,✅,0.004781003107873698
42,51,homework,incongruent,✅,0.018722006853512312
42,52,quiz,congruent,✅,0.9964135074572001
42,52,commute,congruent,✅,0.9937055850702978
42,52,quiz,incongruent,✅,0.01070895881022098
42,52,commute,incongruent,✅,0.0251211526858885
42,53,migraine,congruent,✅,0.997032255026925
42,53,excitement,congruent,✅,0.9833203240221745
42,53,migraine,incongruent,✅,0.002885019352562449
42,53,excitement,incongruent,✅,0.02452083807435587
42,54,niece,congruent,✅,0.9814697307851368
42,54,husband,congruent,✅,0.9876773885458237
42,54,niece,incongruent,✅,0.057586059248566
42,54,husband,incongruent,✅,0.14204091175940564
42,55,film,congruent,✅,0.9916664394893995
42,55,sunrise,congruent,✅,0.899230538246457
42,55,film,incongruent,✅,0.0009219372863757433
42,55,sunrise,incongruent,✅,0.12859876107344576
42,56,lecture,congruent,✅,0.9951504411718475
42,56,banquet,congruent,✅,0.9604670622476326
42,56,lecture,incongruent,✅,0.0013334226329380083
42,56,banquet,incongruent,✅,0.0015010491334165473
42,57,drink,congruent,✅,0.9951084058072646
42,57,textbook,congruent,✅,0.9833837138816833
42,57,drink,incongruent,✅,0.0383649151430919
42,57,textbook,incongruent,✅,0.0015793782243929372
42,58,pool,congruent,✅,0.9977990977886972
42,58,snow,congruent,✅,0.7754356272046569
42,58,pool,incongruent,✅,0.0010627192642438741
42,58,snow,incongruent,✅,0.004896492604973522
42,59,passport,congruent,✅,0.8343797066842062
42,59,plushy,congruent,✅,0.9966450735854017
42,59,passport,incongruent,✅,0.03627522111857692
42,59,plushy,incongruent,✅,0.027854897494268133
42,6,patients,congruent,✅,0.9463827504576787
42,6,students,congruent,✅,0.9692141886075857
42,6,patients,incongruent,✅,0.00883294112606163
42,6,students,incongruent,✅,0.007158537603896452
42,60,sister,congruent,✅,0.9611284269545467
42,60,father,congruent,✅,0.9716551563984281
42,60,sister,incongruent,✅,0.33933689951679685
42,60,father,incongruent,✅,0.004743239553541469
42,61,game,congruent,✅,0.9909456359692638
42,61,sunset,congruent,✅,0.9974912726559058
42,61,game,incongruent,✅,0.11327224904601758
42,61,sunset,incongruent,✅,0.0015599062295014222
42,62,holidays,congruent,✅,0.9935080545699794
42,62,funeral,congruent,✅,0.9936269786840155
42,62,holidays,incongruent,✅,0.06878155142664397
42,62,funeral,incongruent,❌,0.7064990753171354
42,63,grades,congruent,✅,0.9900981806084751
42,63,affair,congruent,✅,0.9991812122690836
42,63,grades,incongruent,✅,0.03785370274779241
42,63,affair,incongruent,✅,0.012023624061632534
42,64,arrest,congruent,✅,0.7578604018182221
42,64,stroke,congruent,✅,0.7552329815046851
42,64,arrest,incongruent,✅,0.4287266330904483
42,64,stroke,incongruent,✅,0.1366932128491359
42,65,pacifier,congruent,✅,0.8291330800704613
42,65,coffee,congruent,✅,0.9652092724353913
42,65,pacifier,incongruent,✅,0.0332022512765543
42,65,coffee,incongruent,✅,0.008636933644760696
42,66,sweets,congruent,✅,0.9963234161177452
42,66,sentencing,congruent,✅,0.9995066067653899
42,66,sweets,incongruent,✅,0.0008386989458759105
42,66,sentencing,incongruent,✅,0.0067079635203512004
42,67,nap,congruent,✅,0.9876309110892137
42,67,selfie,congruent,✅,0.9992624569741637
42,67,nap,incongruent,✅,0.007178109405046041
42,67,selfie,incongruent,✅,0.0012347290220399002
42,68,diaper,congruent,✅,0.9243148623368435
42,68,tire,congruent,✅,0.9962219512675188
42,68,diaper,incongruent,✅,0.0032054538877708703
42,68,tire,incongruent,✅,0.0015992541185984163
42,69,chemotherapy,congruent,✅,0.9913947561494446
42,69,golf,congruent,✅,0.9976129622588233
42,69,chemotherapy,incongruent,✅,0.016179371665901478
42,69,golf,incongruent,✅,0.00826688848367109
42,7,consensus,congruent,✅,0.9299057737272589
42,7,deadlock,congruent,✅,0.8887468654668711
42,7,consensus,incongruent,✅,0.027332587133746068
42,7,deadlock,incongruent,✅,0.05230232712397696
42,70,thunder,congruent,✅,0.9984165522585952
42,70,lullaby,congruent,✅,0.5861701583999126
42,70,thunder,incongruent,✅,0.018608075289801705
42,70,lullaby,incongruent,❌,0.5883453653960181
42,71,pajamas,congruent,✅,0.9922920480899774
42,71,uniform,congruent,✅,0.9881638839610006
42,71,pajamas,incongruent,✅,0.023831530355537863
42,71,uniform,incongruent,✅,0.0307509738918152
42,72,gown,congruent,✅,0.9924049142810383
42,72,sweats,congruent,✅,0.9980686810389893
42,72,gown,incongruent,✅,0.0053615452308285365
42,72,sweats,incongruent,✅,0.2712162591834016
42,73,deadline,congruent,✅,0.7935858269359654
42,73,bed,congruent,✅,0.9698121815828823
42,73,deadline,incongruent,✅,0.006040255760146725
42,73,bed,incongruent,✅,0.031032224874817597
42,74,kindergarten,congruent,✅,0.7878121480796807
42,74,jail,congruent,✅,0.9954262763300603
42,74,kindergarten,incongruent,✅,0.02187337369650951
42,74,jail,incongruent,✅,0.22391895244106808
42,75,interrogated,congruent,✅,0.9989444956605269
42,75,tickled,congruent,✅,0.9978766481081532
42,75,interrogated,incongruent,✅,0.0185133237215016
42,75,tickled,incongruent,✅,0.0007430560388466068
42,76,sandcastle,congruent,✅,0.9962856083892069
42,76,snowman,congruent,✅,0.9990274562645635
42,76,sandcastle,incongruent,✅,0.015432086945547764
42,76,snowman,incongruent,✅,0.2486166249843754
42,77,music,congruent,✅,0.9987390350916566
42,77,pizza,congruent,✅,0.997855975316834
42,77,music,incongruent,✅,0.000922219407997198
42,77,pizza,incongruent,✅,0.0006986580638995518
42,78,playoffs,congruent,✅,0.9499393609550608
42,78,cartoon,congruent,✅,0.9962475622563193
42,78,playoffs,incongruent,✅,0.00633812988652301
42,78,cartoon,incongruent,✅,0.0023476294199063453
42,79,alcoholism,congruent,✅,0.9940524156386678
42,79,academics,congruent,✅,0.9885675213782973
42,79,alcoholism,incongruent,✅,0.07822683017967727
42,79,academics,incongruent,✅,0.21548398246032607
42,8,engagement,congruent,✅,0.7282359178591334
42,8,cancer,congruent,✅,0.5413501576377424
42,8,engagement,incongruent,✅,0.41511719279817705
42,8,cancer,incongruent,✅,0.22031298009396938
42,9,terminal,congruent,✅,0.9885800971665555
42,9,classroom,congruent,✅,0.9927419337929878
42,9,terminal,incongruent,✅,0.0031445265589122506
42,9,classroom,incongruent,✅,0.011367836924124831
43,0,library,congruent,✅,0.9838295885952622
43,0,refrigerator,congruent,✅,0.8321072764443379
43,0,library,incongruent,✅,0.02483282041710033
43,0,refrigerator,incongruent,✅,0.0042817478516680016
43,1,disappointment,congruent,✅,0.8255753959025771
43,1,delight,congruent,✅,0.865965626944243
43,1,disappointment,incongruent,✅,0.006553425211875016
43,1,delight,incongruent,✅,0.027885863186019464
43,10,cash,congruent,✅,0.9954989786457602
43,10,groceries,congruent,✅,0.9889806428216747
43,10,cash,incongruent,✅,0.19680524539972433
43,10,groceries,incongruent,✅,0.010226337509394947
43,11,lonely,congruent,✅,0.972792106577209
43,11,confident,congruent,✅,0.9573548524614034
43,11,lonely,incongruent,✅,0.015428949260727172
43,11,confident,incongruent,✅,0.05073086416372196
43,12,joy,congruent,✅,0.9932278546888554
43,12,outrage,congruent,✅,0.5751446140014235
43,12,joy,incongruent,✅,0.0036761275142067323
43,12,outrage,incongruent,❌,0.9324405339833145
43,13,traffic,congruent,✅,0.9900305194992498
43,13,snowstorm,congruent,✅,0.9922114702139624
43,13,traffic,incongruent,✅,0.24673773330292828
43,13,snowstorm,incongruent,✅,0.2970584467320833
43,14,laughter,congruent,✅,0.9246883294311046
43,14,frustration,congruent,✅,0.9920585318040365
43,14,laughter,incongruent,✅,0.008131658093210276
43,14,frustration,incongruent,✅,0.01193822292826168
43,15,calculator,congruent,✅,0.9017895369625915
43,15,instrument,congruent,✅,0.9849424019419571
43,15,calculator,incongruent,✅,0.21357831640957928
43,15,instrument,incongruent,✅,0.3565373273865512
43,16,orchestra,congruent,✅,0.9791875030143803
43,16,racers,congruent,✅,0.9963109198117225
43,16,orchestra,incongruent,✅,0.18635812885633307
43,16,racers,incongruent,✅,0.0015351934964640964
43,17,retirement,congruent,✅,0.9564129631488709
43,17,playdate,congruent,✅,0.9379097695738507
43,17,retirement,incongruent,✅,0.10116281498924432
43,17,playdate,incongruent,✅,0.010893412577507897
43,18,relieved,congruent,✅,0.7372804922000131
43,18,depressed,congruent,✅,0.7060874563119669
43,18,relieved,incongruent,✅,0.020894373980331282
43,18,depressed,incongruent,✅,0.3597773715796824
43,19,friends,congruent,❌,0.11980592930488662
43,19,weight,congruent,✅,0.9063535626918239
43,19,friends,incongruent,❌,0.6220549418026697
43,19,weight,incongruent,✅,0.014078294646424403
43,2,overcoat,congruent,✅,0.9194837075147455
43,2,sandals,congruent,❌,0.4413995522790613
43,2,overcoat,incongruent,✅,0.0031416219802510577
43,2,sandals,incongruent,✅,0.002119086860882114
43,20,lipstick,congruent,✅,0.929854051128613
43,20,song,congruent,✅,0.9881609854047595
43,20,lipstick,incongruent,✅,0.03502762559181915
43,20,song,incongruent,✅,0.10163779548503968
43,21,fought,congruent,✅,0.991299946711345
43,21,sang,congruent,✅,0.9831791353862503
43,21,fought,incongruent,✅,0.002151049437112482
43,21,sang,incongruent,✅,0.05798242095931867
43,22,skeptical,congruent,✅,0.9181625495947092
43,22,reassured,congruent,✅,0.8449454155693924
43,22,skeptical,incongruent,✅,0.25543859357384174
43,22,reassured,incongruent,✅,0.3129803606897291
43,23,graduation,congruent,✅,0.9993030641465046
43,23,operation,congruent,✅,0.8668888078725524
43,23,graduation,incongruent,✅,0.01003991725753835
43,23,operation,incongruent,✅,0.009736469943330446
43,24,bride,congruent,✅,0.9789849883022154
43,24,aftermath,congruent,✅,0.9936192924530419
43,24,bride,incongruent,✅,0.17793563993199477
43,24,aftermath,incongruent,✅,0.0015186862335481617
43,25,teacher,congruent,✅,0.9919963968681833
43,25,daughter,congruent,✅,0.9889644494743601
43,25,teacher,incongruent,✅,0.03532282486373957
43,25,daughter,incongruent,✅,0.021365499409183225
43,26,roommate,congruent,✅,0.9645183729250238
43,26,grandma,congruent,✅,0.9883899839351246
43,26,roommate,incongruent,✅,0.004317028589486605
43,26,grandma,incongruent,✅,0.00912882682660466
43,27,brother,congruent,✅,0.9863542576271728
43,27,mother,congruent,✅,0.9743174062739833
43,27,brother,incongruent,✅,0.05924934342900142
43,27,mother,incongruent,✅,0.009880160377005683
43,28,preschool,congruent,✅,0.9130646971517222
43,28,prison,congruent,✅,0.990791565353803
43,28,preschool,incongruent,✅,0.0016917920373594767
43,28,prison,incongruent,✅,0.008300761334822469
43,29,hopeful,congruent,✅,0.9807537186692223
43,29,hopeless,congruent,✅,0.9894235936327153
43,29,hopeful,incongruent,✅,0.17170102445787533
43,29,hopeless,incongruent,✅,0.03240599041317372
43,3,marathon,congruent,✅,0.9722051313081148
43,3,exam,congruent,✅,0.9838403233671441
43,3,marathon,incongruent,✅,0.01403186780567296
43,3,exam,incongruent,✅,0.04777542779115907
43,30,appalled,congruent,✅,0.9939078434333734
43,30,overjoyed,congruent,✅,0.9682314730002224
43,30,appalled,incongruent,✅,0.11927689240472063
43,30,overjoyed,incongruent,✅,0.2407837129862034
43,31,reprimand,congruent,✅,0.9864863446907886
43,31,encouragement,congruent,✅,0.9946890058972542
43,31,reprimand,incongruent,✅,0.035780896931372604
43,31,encouragement,incongruent,✅,0.016085517233473
43,32,angrily,congruent,✅,0.9955968432896785
43,32,cordially,congruent,✅,0.9767574997640653
43,32,angrily,incongruent,✅,0.03001542092748081
43,32,cordially,incongruent,✅,0.008455478289706282
43,33,accusatory,congruent,✅,0.9872892322963617
43,33,flirtatious,congruent,✅,0.9608915145342146
43,33,accusatory,incongruent,❌,0.6060131669567432
43,33,flirtatious,incongruent,✅,0.4270924740761023
43,34,disapprovingly,congruent,✅,0.8997358358153176
43,34,lovingly,congruent,✅,0.7080393374263143
43,34,disapprovingly,incongruent,✅,0.0022098674434210468
43,34,lovingly,incongruent,✅,0.1270380237141938
43,35,playful,congruent,✅,0.9096377324273917
43,35,distant,congruent,✅,0.9890572847209369
43,35,playful,incongruent,✅,0.022400147901202448
43,35,distant,incongruent,✅,0.0006917994779417124
43,36,headphones,congruent,✅,0.982239835418023
43,36,mangoes,congruent,✅,0.8719104364723744
43,36,headphones,incongruent,✅,0.009695022463997257
43,36,mangoes,incongruent,✅,0.012564387067080143
43,37,playroom,congruent,✅,0.9962604054505122
43,37,park,congruent,✅,0.9860624092892016
43,37,playroom,incongruent,✅,0.0013867924308978152
43,37,park,incongruent,✅,0.18129855845062115
43,38,bedroom,congruent,✅,0.9954135716648643
43,38,backyard,congruent,✅,0.9790181906360662
43,38,bedroom,incongruent,✅,0.004712401403165392
43,38,backyard,incongruent,✅,0.0013161674394076058
43,39,solemnly,congruent,✅,0.9282445544483605
43,39,excitedly,congruent,❌,0.2076876742883385
43,39,solemnly,incongruent,✅,0.08257118128483726
43,39,excitedly,incongruent,✅,0.09667321985811353
43,4,menu,congruent,✅,0.9257458171034657
43,4,prescription,congruent,✅,0.9932051558564953
43,4,menu,incongruent,✅,0.014020042871417168
43,4,prescription,incongruent,✅,0.003616531628480324
43,40,car,congruent,✅,0.9523624710551558
43,40,sock,congruent,✅,0.6131257265727555
43,40,car,incongruent,✅,0.0260225398762495
43,40,sock,incongruent,✅,0.11316602565413315
43,41,overdressed,congruent,✅,0.9963742279775962
43,41,naked,congruent,✅,0.5653787036461878
43,41,overdressed,incongruent,✅,0.027522883741044064
43,41,naked,incongruent,✅,0.04531338118751533
43,42,shy,congruent,✅,0.9784134112601638
43,42,lively,congruent,✅,0.9607388655203847
43,42,shy,incongruent,✅,0.002281458874400098
43,42,lively,incongruent,✅,0.03878003564521826
43,43,offended,congruent,✅,0.8923040613620943
43,43,flattered,congruent,✅,0.748698794901562
43,43,offended,incongruent,✅,0.00889717560868475
43,43,flattered,incongruent,✅,0.15475971427153215
43,44,grandkid,congruent,✅,0.9893511847717485
43,44,cellmate,congruent,✅,0.9820634904144164
43,44,grandkid,incongruent,✅,0.0016675044850515462
43,44,cellmate,incongruent,✅,0.019373352346667205
43,45,promoted,congruent,✅,0.9944248784262255
43,45,fired,congruent,✅,0.9780358205730013
43,45,promoted,incongruent,✅,0.16600241756438125
43,45,fired,incongruent,❌,0.8685163230597556
43,46,shooting,congruent,❌,0.06207482434189528
43,46,celebration,congruent,✅,0.6588231731332932
43,46,shooting,incongruent,✅,0.04232453591198896
43,46,celebration,incongruent,✅,0.0315777480451556
43,47,crayon,congruent,✅,0.9687600353434868
43,47,beer,congruent,✅,0.9907623181928836
43,47,crayon,incongruent,✅,0.0016491439746859722
43,47,beer,incongruent,✅,0.020365238582984817
43,48,waiter,congruent,✅,0.9387984874943901
43,48,taxi,congruent,✅,0.8718885690594689
43,48,waiter,incongruent,✅,0.029914227594077598
43,48,taxi,incongruent,✅,0.0987785293490051
43,49,parents,congruent,✅,0.9922968467643423
43,49,keys,congruent,✅,0.9990033653665404
43,49,parents,incongruent,✅,0.059032429309816926
43,49,keys,incongruent,✅,0.028560665403707535
43,5,distress,congruent,✅,0.9952993085127975
43,5,tranquility,congruent,✅,0.8930070703378077
43,5,distress,incongruent,✅,0.006104855715764784
43,5,tranquility,incongruent,✅,0.18104569288285047
43,50,sofa,congruent,✅,0.986030220273167
43,50,sky,congruent,✅,0.9980337981004429
43,50,sofa,incongruent,✅,0.32529051666197667
43,50,sky,incongruent,✅,0.10759359183136588
43,51,obesity,congruent,❌,0.1330957358598407
43,51,homework,congruent,✅,0.9726288077925961
43,51,obesity,incongruent,✅,0.004590538156668706
43,51,homework,incongruent,✅,0.014461388794202886
43,52,quiz,congruent,✅,0.9955024936740651
43,52,commute,congruent,✅,0.9874065410840525
43,52,quiz,incongruent,✅,0.017217415550527
43,52,commute,incongruent,✅,0.019195401539039512
43,53,migraine,congruent,✅,0.9923311729936314
43,53,excitement,congruent,✅,0.9772619164585578
43,53,migraine,incongruent,✅,0.0038949377541911117
43,53,excitement,incongruent,✅,0.01863168782323903
43,54,niece,congruent,✅,0.9746718613681236
43,54,husband,congruent,✅,0.989890838460823
43,54,niece,incongruent,✅,0.11910813603940622
43,54,husband,incongruent,✅,0.05926956804680817
43,55,film,congruent,✅,0.9818873561306531
43,55,sunrise,congruent,✅,0.777973120641261
43,55,film,incongruent,✅,0.000362279597233243
43,55,sunrise,incongruent,✅,0.08527865619260894
43,56,lecture,congruent,✅,0.9975502975615012
43,56,banquet,congruent,✅,0.9736234523036028
43,56,lecture,incongruent,✅,0.0005805530728072342
43,56,banquet,incongruent,✅,0.0014333178047172394
43,57,drink,congruent,✅,0.9938917901033985
43,57,textbook,congruent,✅,0.9867659657154907
43,57,drink,incongruent,✅,0.04531001352941534
43,57,textbook,incongruent,✅,0.000953151637111902
43,58,pool,congruent,✅,0.9984242994156415
43,58,snow,congruent,✅,0.8364886230125619
43,58,pool,incongruent,✅,0.0008821899173596985
43,58,snow,incongruent,✅,0.006578510990324884
43,59,passport,congruent,✅,0.8411307438118336
43,59,plushy,congruent,✅,0.9954782130695508
43,59,passport,incongruent,✅,0.021064791474209043
43,59,plushy,incongruent,✅,0.04045653783041827
43,6,patients,congruent,✅,0.9421967714244627
43,6,students,congruent,✅,0.9716326614916524
43,6,patients,incongruent,✅,0.008865468773223107
43,6,students,incongruent,✅,0.02303578558788129
43,60,sister,congruent,✅,0.9662457517581674
43,60,father,congruent,✅,0.9826952861396563
43,60,sister,incongruent,✅,0.4407020388281687
43,60,father,incongruent,✅,0.012062551078533925
43,61,game,congruent,✅,0.9940015777498217
43,61,sunset,congruent,✅,0.9968165900421618
43,61,game,incongruent,✅,0.0493016313057051
43,61,sunset,incongruent,✅,0.0018106732493237845
43,62,holidays,congruent,✅,0.9879979045293438
43,62,funeral,congruent,✅,0.9910294224538627
43,62,holidays,incongruent,✅,0.0211627142621813
43,62,funeral,incongruent,❌,0.7647413222163183
43,63,grades,congruent,✅,0.9920624047769193
43,63,affair,congruent,✅,0.999175308343047
43,63,grades,incongruent,✅,0.046203409059795114
43,63,affair,incongruent,✅,0.008497482745555994
43,64,arrest,congruent,✅,0.7042457431031981
43,64,stroke,congruent,✅,0.8547126000672312
43,64,arrest,incongruent,❌,0.5215251687489246
43,64,stroke,incongruent,✅,0.1310387827449875
43,65,pacifier,congruent,✅,0.7442243863178853
43,65,coffee,congruent,✅,0.9308776019376349
43,65,pacifier,incongruent,✅,0.01674104575961073
43,65,coffee,incongruent,✅,0.00853325179605724
43,66,sweets,congruent,✅,0.9968538878618964
43,66,sentencing,congruent,✅,0.9992944687931196
43,66,sweets,incongruent,✅,0.0012979502667717505
43,66,sentencing,incongruent,✅,0.0055292335742340585
43,67,nap,congruent,✅,0.9949146817693105
43,67,selfie,congruent,✅,0.998957678253315
43,67,nap,incongruent,✅,0.01553248150699563
43,67,selfie,incongruent,✅,0.0012414560681691875
43,68,diaper,congruent,✅,0.9026902141215593
43,68,tire,congruent,✅,0.9963797657449232
43,68,diaper,incongruent,✅,0.0016517215945089964
43,68,tire,incongruent,✅,0.004399955323853535
43,69,chemotherapy,congruent,✅,0.9803808136642916
43,69,golf,congruent,✅,0.9946858789335253
43,69,chemotherapy,incongruent,✅,0.020744586084490185
43,69,golf,incongruent,✅,0.013657921923739451
43,7,consensus,congruent,✅,0.9035062284366678
43,7,deadlock,congruent,✅,0.9186803739748471
43,7,consensus,incongruent,✅,0.04679386860971402
43,7,deadlock,incongruent,✅,0.024269616123715306
43,70,thunder,congruent,✅,0.9988286647725731
43,70,lullaby,congruent,✅,0.8129066368137043
43,70,thunder,incongruent,✅,0.06583647247395664
43,70,lullaby,incongruent,❌,0.6083939841284262
43,71,pajamas,congruent,✅,0.9915587877311494
43,71,uniform,congruent,✅,0.9837903497286337
43,71,pajamas,incongruent,✅,0.015086420422171636
43,71,uniform,incongruent,✅,0.012899064088499248
43,72,gown,congruent,✅,0.9859353448922853
43,72,sweats,congruent,✅,0.9977913068962156
43,72,gown,incongruent,✅,0.00992598326562039
43,72,sweats,incongruent,✅,0.22592409451808843
43,73,deadline,congruent,✅,0.6357838962180815
43,73,bed,congruent,✅,0.9848240908699174
43,73,deadline,incongruent,✅,0.009390687758794324
43,73,bed,incongruent,✅,0.011823602300505309
43,74,kindergarten,congruent,✅,0.8545657443160081
43,74,jail,congruent,✅,0.9953048416401954
43,74,kindergarten,incongruent,✅,0.056590645233751916
43,74,jail,incongruent,✅,0.23084702598058038
43,75,interrogated,congruent,✅,0.9988688612930541
43,75,tickled,congruent,✅,0.9976371495312134
43,75,interrogated,incongruent,✅,0.04378936730706094
43,75,tickled,incongruent,✅,0.0006264021079445224
43,76,sandcastle,congruent,✅,0.992632664509179
43,76,snowman,congruent,✅,0.99665044424162
43,76,sandcastle,incongruent,✅,0.01234366041357203
43,76,snowman,incongruent,✅,0.08745527370861911
43,77,music,congruent,✅,0.9986574402824439
43,77,pizza,congruent,✅,0.9978654105685991
43,77,music,incongruent,✅,0.0010729207121696915
43,77,pizza,incongruent,✅,0.0006160251533600703
43,78,playoffs,congruent,✅,0.9584803123791951
43,78,cartoon,congruent,✅,0.996203295079435
43,78,playoffs,incongruent,✅,0.0029627115664352267
43,78,cartoon,incongruent,✅,0.003978688851509035
43,79,alcoholism,congruent,✅,0.9951543964595362
43,79,academics,congruent,✅,0.9902417354040294
43,79,alcoholism,incongruent,✅,0.1623496122911602
43,79,academics,incongruent,✅,0.42012057760813665
43,8,engagement,congruent,✅,0.7998209166256927
43,8,cancer,congruent,❌,0.46041768000376876
43,8,engagement,incongruent,✅,0.2859568824497529
43,8,cancer,incongruent,✅,0.48850844274585875
43,9,terminal,congruent,✅,0.973005242506251
43,9,classroom,congruent,✅,0.9889808532296971
43,9,terminal,incongruent,✅,0.002075417194075264
43,9,classroom,incongruent,✅,0.0052024559169520385
44,0,library,congruent,✅,0.95089239294581
44,0,refrigerator,congruent,✅,0.7364875837385335
44,0,library,incongruent,✅,0.016904269707639325
44,0,refrigerator,incongruent,✅,0.00465567801742343
44,1,disappointment,congruent,✅,0.7266681066568652
44,1,delight,congruent,✅,0.7477194478557225
44,1,disappointment,incongruent,✅,0.006916588659228906
44,1,delight,incongruent,✅,0.03718964156989775
44,10,cash,congruent,✅,0.9930033946527431
44,10,groceries,congruent,✅,0.9904306144620214
44,10,cash,incongruent,✅,0.17297960251990033
44,10,groceries,incongruent,✅,0.014393807388012754
44,11,lonely,congruent,✅,0.9506475830085254
44,11,confident,congruent,✅,0.9141382806871962
44,11,lonely,incongruent,✅,0.025248941624358544
44,11,confident,incongruent,✅,0.06184556344341648
44,12,joy,congruent,✅,0.9911082360247919
44,12,outrage,congruent,✅,0.5758790915479015
44,12,joy,incongruent,✅,0.004064838925638679
44,12,outrage,incongruent,❌,0.903058452484195
44,13,traffic,congruent,✅,0.9950916575891282
44,13,snowstorm,congruent,✅,0.9914653695811938
44,13,traffic,incongruent,✅,0.28167463867997883
44,13,snowstorm,incongruent,✅,0.4146114194805555
44,14,laughter,congruent,✅,0.9319095588285484
44,14,frustration,congruent,✅,0.9895488485545567
44,14,laughter,incongruent,✅,0.03612099980229798
44,14,frustration,incongruent,✅,0.019121328567189837
44,15,calculator,congruent,✅,0.9065115315359674
44,15,instrument,congruent,✅,0.9624787445705338
44,15,calculator,incongruent,✅,0.19924637364833825
44,15,instrument,incongruent,✅,0.3644863474457137
44,16,orchestra,congruent,✅,0.9695994471754547
44,16,racers,congruent,✅,0.9912956125371634
44,16,orchestra,incongruent,✅,0.18723134292461513
44,16,racers,incongruent,✅,0.0029911134338415028
44,17,retirement,congruent,✅,0.9269048225463207
44,17,playdate,congruent,✅,0.9616750639359543
44,17,retirement,incongruent,✅,0.09919916028747655
44,17,playdate,incongruent,✅,0.013877850305594542
44,18,relieved,congruent,✅,0.7244555791537161
44,18,depressed,congruent,✅,0.5660099002077847
44,18,relieved,incongruent,✅,0.014180546833311068
44,18,depressed,incongruent,✅,0.33371250772629346
44,19,friends,congruent,❌,0.09818330940528101
44,19,weight,congruent,✅,0.9229393167488456
44,19,friends,incongruent,❌,0.6349676881105405
44,19,weight,incongruent,✅,0.011723644239295256
44,2,overcoat,congruent,✅,0.9002604490149244
44,2,sandals,congruent,✅,0.6280211292224971
44,2,overcoat,incongruent,✅,0.014111362218705225
44,2,sandals,incongruent,✅,0.006018245705854822
44,20,lipstick,congruent,✅,0.9388874653034709
44,20,song,congruent,✅,0.9918031409356074
44,20,lipstick,incongruent,✅,0.060202983791746933
44,20,song,incongruent,✅,0.095760222257832
44,21,fought,congruent,✅,0.9908823451428211
44,21,sang,congruent,✅,0.9786046511487353
44,21,fought,incongruent,✅,0.0033943435541907998
44,21,sang,incongruent,✅,0.05898609693273806
44,22,skeptical,congruent,✅,0.8734539764647
44,22,reassured,congruent,✅,0.8512550035528733
44,22,skeptical,incongruent,✅,0.2849748683494391
44,22,reassured,incongruent,✅,0.27897523180233136
44,23,graduation,congruent,✅,0.9978640022598514
44,23,operation,congruent,✅,0.8686584134956598
44,23,graduation,incongruent,✅,0.005664228133030484
44,23,operation,incongruent,✅,0.013318046707385765
44,24,bride,congruent,✅,0.9629928260541811
44,24,aftermath,congruent,✅,0.9915829997464707
44,24,bride,incongruent,✅,0.32105775732723335
44,24,aftermath,incongruent,✅,0.001299654736085443
44,25,teacher,congruent,✅,0.9937881160294311
44,25,daughter,congruent,✅,0.9899386367335214
44,25,teacher,incongruent,✅,0.05459193573504858
44,25,daughter,incongruent,✅,0.012702571421194147
44,26,roommate,congruent,✅,0.9471728801225129
44,26,grandma,congruent,✅,0.9814885848785476
44,26,roommate,incongruent,✅,0.011657364322161799
44,26,grandma,incongruent,✅,0.00742437924820694
44,27,brother,congruent,✅,0.9787368467305995
44,27,mother,congruent,✅,0.9700656457980655
44,27,brother,incongruent,✅,0.06995743546288279
44,27,mother,incongruent,✅,0.008643461602860204
44,28,preschool,congruent,✅,0.9394279041668683
44,28,prison,congruent,✅,0.9923777501206391
44,28,preschool,incongruent,✅,0.0030396817785984125
44,28,prison,incongruent,✅,0.015692824877962627
44,29,hopeful,congruent,✅,0.9902565055772987
44,29,hopeless,congruent,✅,0.9896726041639636
44,29,hopeful,incongruent,✅,0.2769600387197734
44,29,hopeless,incongruent,✅,0.04625793908182859
44,3,marathon,congruent,✅,0.9427346659928797
44,3,exam,congruent,✅,0.9729280658673868
44,3,marathon,incongruent,✅,0.017977843926197598
44,3,exam,incongruent,✅,0.031145461792369638
44,30,appalled,congruent,✅,0.9910057284565521
44,30,overjoyed,congruent,✅,0.9630381859385098
44,30,appalled,incongruent,✅,0.13552492005712036
44,30,overjoyed,incongruent,✅,0.34688806290106755
44,31,reprimand,congruent,✅,0.9932032421339885
44,31,encouragement,congruent,✅,0.9949284053009916
44,31,reprimand,incongruent,✅,0.0716415256318772
44,31,encouragement,incongruent,✅,0.03296805815515039
44,32,angrily,congruent,✅,0.99586580290547
44,32,cordially,congruent,✅,0.9751077825441439
44,32,angrily,incongruent,✅,0.03751637693567731
44,32,cordially,incongruent,✅,0.011507497466239969
44,33,accusatory,congruent,✅,0.9787115108112765
44,33,flirtatious,congruent,✅,0.8977972224864622
44,33,accusatory,incongruent,❌,0.5306400805611037
44,33,flirtatious,incongruent,✅,0.3111915772051041
44,34,disapprovingly,congruent,✅,0.8357258851932151
44,34,lovingly,congruent,❌,0.45754894048839223
44,34,disapprovingly,incongruent,✅,0.00400114160642584
44,34,lovingly,incongruent,✅,0.09748417195082677
44,35,playful,congruent,✅,0.8900880515633438
44,35,distant,congruent,✅,0.9693115445188589
44,35,playful,incongruent,✅,0.029024598683441153
44,35,distant,incongruent,✅,0.0036216583386405954
44,36,headphones,congruent,✅,0.9555919279691766
44,36,mangoes,congruent,✅,0.8548725989785182
44,36,headphones,incongruent,✅,0.02482510263157848
44,36,mangoes,incongruent,✅,0.00935240360751688
44,37,playroom,congruent,✅,0.9969340638997161
44,37,park,congruent,✅,0.984510908020916
44,37,playroom,incongruent,✅,0.00159667397278302
44,37,park,incongruent,✅,0.21664281324143728
44,38,bedroom,congruent,✅,0.9906654049980189
44,38,backyard,congruent,✅,0.9871261100634794
44,38,bedroom,incongruent,✅,0.007509821115797247
44,38,backyard,incongruent,✅,0.0007008733234755477
44,39,solemnly,congruent,✅,0.9423139499270501
44,39,excitedly,congruent,❌,0.2780993863520318
44,39,solemnly,incongruent,✅,0.12953853578907523
44,39,excitedly,incongruent,✅,0.06767663358080798
44,4,menu,congruent,✅,0.8753745335860973
44,4,prescription,congruent,✅,0.9818428578697797
44,4,menu,incongruent,✅,0.021811435898171916
44,4,prescription,incongruent,✅,0.004103633804724717
44,40,car,congruent,✅,0.9188040764751941
44,40,sock,congruent,❌,0.4336346235723478
44,40,car,incongruent,✅,0.01612826770570894
44,40,sock,incongruent,✅,0.11484547796000469
44,41,overdressed,congruent,✅,0.9880453093329584
44,41,naked,congruent,✅,0.637800128823523
44,41,overdressed,incongruent,✅,0.022070704872890604
44,41,naked,incongruent,✅,0.03707451212321314
44,42,shy,congruent,✅,0.9731804186186509
44,42,lively,congruent,✅,0.953530049708989
44,42,shy,incongruent,✅,0.003791853076554154
44,42,lively,incongruent,✅,0.06676743574397666
44,43,offended,congruent,✅,0.8194136616425638
44,43,flattered,congruent,✅,0.667047967308098
44,43,offended,incongruent,✅,0.006718937616561581
44,43,flattered,incongruent,✅,0.1305786717241141
44,44,grandkid,congruent,✅,0.991892168436312
44,44,cellmate,congruent,✅,0.9751121348700296
44,44,grandkid,incongruent,✅,0.001847909983253899
44,44,cellmate,incongruent,✅,0.024488669349029712
44,45,promoted,congruent,✅,0.9917658768412673
44,45,fired,congruent,✅,0.977155852315963
44,45,promoted,incongruent,✅,0.30366643911720465
44,45,fired,incongruent,❌,0.8350319731504274
44,46,shooting,congruent,❌,0.07783908899160726
44,46,celebration,congruent,✅,0.5569238317023573
44,46,shooting,incongruent,✅,0.03195446649731116
44,46,celebration,incongruent,✅,0.022186490758471643
44,47,crayon,congruent,✅,0.920085676334931
44,47,beer,congruent,✅,0.9869405423510572
44,47,crayon,incongruent,✅,0.0026220032769728174
44,47,beer,incongruent,✅,0.008789985653582012
44,48,waiter,congruent,✅,0.8727438679385464
44,48,taxi,congruent,✅,0.9032258109638555
44,48,waiter,incongruent,✅,0.05356128547802445
44,48,taxi,incongruent,✅,0.07493890751737788
44,49,parents,congruent,✅,0.9939313400973121
44,49,keys,congruent,✅,0.9983390633765584
44,49,parents,incongruent,✅,0.1284552234584324
44,49,keys,incongruent,✅,0.06680732747653657
44,5,distress,congruent,✅,0.9928611498281427
44,5,tranquility,congruent,✅,0.9221247353879058
44,5,distress,incongruent,✅,0.008866195745758474
44,5,tranquility,incongruent,✅,0.15953150719473963
44,50,sofa,congruent,✅,0.9875318466284373
44,50,sky,congruent,✅,0.9952142718284568
44,50,sofa,incongruent,✅,0.3428101185523234
44,50,sky,incongruent,✅,0.09644922943886665
44,51,obesity,congruent,❌,0.12467861143458697
44,51,homework,congruent,✅,0.9328885235980083
44,51,obesity,incongruent,✅,0.002411828040901266
44,51,homework,incongruent,✅,0.02414549006438535
44,52,quiz,congruent,✅,0.9961622859749985
44,52,commute,congruent,✅,0.9849002500428523
44,52,quiz,incongruent,✅,0.015529210647102613
44,52,commute,incongruent,✅,0.04867292545993294
44,53,migraine,congruent,✅,0.9928976916907059
44,53,excitement,congruent,✅,0.9826066520423149
44,53,migraine,incongruent,✅,0.0022510605311690333
44,53,excitement,incongruent,✅,0.039067060562052815
44,54,niece,congruent,✅,0.9639664952436707
44,54,husband,congruent,✅,0.9748209697490265
44,54,niece,incongruent,✅,0.07159322817616606
44,54,husband,incongruent,✅,0.0996913480602365
44,55,film,congruent,✅,0.988129079651732
44,55,sunrise,congruent,✅,0.8147468550087952
44,55,film,incongruent,✅,0.0026187132659691
44,55,sunrise,incongruent,✅,0.08861020516716886
44,56,lecture,congruent,✅,0.9939290958772653
44,56,banquet,congruent,✅,0.971983116453735
44,56,lecture,incongruent,✅,0.0007154134372731902
44,56,banquet,incongruent,✅,0.0009685901192295591
44,57,drink,congruent,✅,0.9916728580350022
44,57,textbook,congruent,✅,0.9857648897649885
44,57,drink,incongruent,✅,0.03141960052861852
44,57,textbook,incongruent,✅,0.0007305504467341531
44,58,pool,congruent,✅,0.9979859247526115
44,58,snow,congruent,✅,0.8185872328121689
44,58,pool,incongruent,✅,0.0017839138996553208
44,58,snow,incongruent,✅,0.011868534168380605
44,59,passport,congruent,✅,0.8011669348848262
44,59,plushy,congruent,✅,0.9970734748231146
44,59,passport,incongruent,✅,0.03847971146180994
44,59,plushy,incongruent,✅,0.06384655887658285
44,6,patients,congruent,✅,0.9664702485494402
44,6,students,congruent,✅,0.9604085195585433
44,6,patients,incongruent,✅,0.025635465181208635
44,6,students,incongruent,✅,0.05485197820406276
44,60,sister,congruent,✅,0.9612712286367052
44,60,father,congruent,✅,0.9469100195659437
44,60,sister,incongruent,✅,0.3611444508609546
44,60,father,incongruent,✅,0.02249759204425878
44,61,game,congruent,✅,0.9923443405497995
44,61,sunset,congruent,✅,0.9975724515196109
44,61,game,incongruent,✅,0.16569023976293323
44,61,sunset,incongruent,✅,0.00562944461004174
44,62,holidays,congruent,✅,0.9804122798718838
44,62,funeral,congruent,✅,0.9852885715505203
44,62,holidays,incongruent,✅,0.03172315678413837
44,62,funeral,incongruent,❌,0.7736629762091928
44,63,grades,congruent,✅,0.9934668780238408
44,63,affair,congruent,✅,0.9994734401833452
44,63,grades,incongruent,✅,0.19150171701087276
44,63,affair,incongruent,✅,0.017405960802531106
44,64,arrest,congruent,✅,0.5784165560226059
44,64,stroke,congruent,✅,0.7967539196480511
44,64,arrest,incongruent,✅,0.44322319097434093
44,64,stroke,incongruent,✅,0.12143405790585407
44,65,pacifier,congruent,✅,0.8417669442916489
44,65,coffee,congruent,✅,0.951355373363086
44,65,pacifier,incongruent,✅,0.04520908383521015
44,65,coffee,incongruent,✅,0.015994129506023354
44,66,sweets,congruent,✅,0.9936849027160042
44,66,sentencing,congruent,✅,0.9994055323903609
44,66,sweets,incongruent,✅,0.0016175391061550558
44,66,sentencing,incongruent,✅,0.010206027008064004
44,67,nap,congruent,✅,0.9917186046627621
44,67,selfie,congruent,✅,0.998063895314092
44,67,nap,incongruent,✅,0.015477330880084102
44,67,selfie,incongruent,✅,0.0023113732666838107
44,68,diaper,congruent,✅,0.8885493873843697
44,68,tire,congruent,✅,0.9956009755946187
44,68,diaper,incongruent,✅,0.002896166282123499
44,68,tire,incongruent,✅,0.003778482058103473
44,69,chemotherapy,congruent,✅,0.9615325809125139
44,69,golf,congruent,✅,0.9764790249050431
44,69,chemotherapy,incongruent,✅,0.010564896583757236
44,69,golf,incongruent,✅,0.0183203569122627
44,7,consensus,congruent,✅,0.8980432482592742
44,7,deadlock,congruent,✅,0.9564461655540033
44,7,consensus,incongruent,✅,0.17923107287451445
44,7,deadlock,incongruent,✅,0.02977512782077195
44,70,thunder,congruent,✅,0.9962166113725173
44,70,lullaby,congruent,✅,0.7224189640269925
44,70,thunder,incongruent,✅,0.0422866988215878
44,70,lullaby,incongruent,✅,0.3745476397926708
44,71,pajamas,congruent,✅,0.9873236573436006
44,71,uniform,congruent,✅,0.9878258960107781
44,71,pajamas,incongruent,✅,0.017463252367281495
44,71,uniform,incongruent,✅,0.01182551937500874
44,72,gown,congruent,✅,0.9885237699968494
44,72,sweats,congruent,✅,0.997681100100054
44,72,gown,incongruent,✅,0.015743213085056117
44,72,sweats,incongruent,✅,0.31443289402203334
44,73,deadline,congruent,✅,0.6928370597829304
44,73,bed,congruent,✅,0.9827816889510329
44,73,deadline,incongruent,✅,0.02892346397026891
44,73,bed,incongruent,✅,0.020788159315767264
44,74,kindergarten,congruent,✅,0.8755743836544672
44,74,jail,congruent,✅,0.9911223692003012
44,74,kindergarten,incongruent,✅,0.049621890979818915
44,74,jail,incongruent,✅,0.2549532200753243
44,75,interrogated,congruent,✅,0.9983034647818518
44,75,tickled,congruent,✅,0.9960226447723183
44,75,interrogated,incongruent,✅,0.03108502647679625
44,75,tickled,incongruent,✅,0.002076404390924473
44,76,sandcastle,congruent,✅,0.9966416076018264
44,76,snowman,congruent,✅,0.9971598424173287
44,76,sandcastle,incongruent,✅,0.00778538615637945
44,76,snowman,incongruent,✅,0.07560395486996226
44,77,music,congruent,✅,0.9988344136346685
44,77,pizza,congruent,✅,0.9983259366398802
44,77,music,incongruent,✅,0.0013643020666945671
44,77,pizza,incongruent,✅,0.0005416537386541143
44,78,playoffs,congruent,✅,0.9414676904349406
44,78,cartoon,congruent,✅,0.9945551406951038
44,78,playoffs,incongruent,✅,0.004173289893426949
44,78,cartoon,incongruent,✅,0.008377502382470845
44,79,alcoholism,congruent,✅,0.9889156876358804
44,79,academics,congruent,✅,0.9887388816567809
44,79,alcoholism,incongruent,✅,0.15987036114923925
44,79,academics,incongruent,✅,0.28318135150381873
44,8,engagement,congruent,✅,0.8073302229852786
44,8,cancer,congruent,❌,0.4473974328199008
44,8,engagement,incongruent,✅,0.2193373951242511
44,8,cancer,incongruent,❌,0.566463466925298
44,9,terminal,congruent,✅,0.9770003522626037
44,9,classroom,congruent,✅,0.9808663054754436
44,9,terminal,incongruent,✅,0.003118714327579096
44,9,classroom,incongruent,✅,0.010239580417763452
45,0,library,congruent,✅,0.9230245855726377
45,0,refrigerator,congruent,✅,0.659725357244266
45,0,library,incongruent,✅,0.016678535597785787
45,0,refrigerator,incongruent,✅,0.004346257555480598
45,1,disappointment,congruent,✅,0.6515629565209198
45,1,delight,congruent,✅,0.7733120351788858
45,1,disappointment,incongruent,✅,0.009540442056645887
45,1,delight,incongruent,✅,0.02580861139212159
45,10,cash,congruent,✅,0.9956429379742248
45,10,groceries,congruent,✅,0.9917132200150401
45,10,cash,incongruent,✅,0.2694843766587527
45,10,groceries,incongruent,✅,0.01689795514823946
45,11,lonely,congruent,✅,0.9362593987734257
45,11,confident,congruent,✅,0.8528852067658309
45,11,lonely,incongruent,✅,0.022570890723222544
45,11,confident,incongruent,✅,0.08979243658428547
45,12,joy,congruent,✅,0.9942790867870099
45,12,outrage,congruent,✅,0.6728814527819166
45,12,joy,incongruent,✅,0.0044907816142478515
45,12,outrage,incongruent,❌,0.9165135659491573
45,13,traffic,congruent,✅,0.9922667927803768
45,13,snowstorm,congruent,✅,0.981188836784518
45,13,traffic,incongruent,✅,0.23610113153666612
45,13,snowstorm,incongruent,✅,0.3305128252443344
45,14,laughter,congruent,✅,0.9228260977349866
45,14,frustration,congruent,✅,0.9898986652703047
45,14,laughter,incongruent,✅,0.06208287336715639
45,14,frustration,incongruent,✅,0.04902955220866009
45,15,calculator,congruent,✅,0.937179494211319
45,15,instrument,congruent,✅,0.9773029817830884
45,15,calculator,incongruent,✅,0.33866023753427216
45,15,instrument,incongruent,✅,0.4689665418506743
45,16,orchestra,congruent,✅,0.9469202748739058
45,16,racers,congruent,✅,0.9818047879735987
45,16,orchestra,incongruent,✅,0.1903600780305715
45,16,racers,incongruent,✅,0.0027523909026560124
45,17,retirement,congruent,✅,0.919054589856441
45,17,playdate,congruent,✅,0.970188827790272
45,17,retirement,incongruent,✅,0.14019888791211876
45,17,playdate,incongruent,✅,0.010063257410632655
45,18,relieved,congruent,✅,0.6542970456658125
45,18,depressed,congruent,✅,0.5285898380604352
45,18,relieved,incongruent,✅,0.011195002142821068
45,18,depressed,incongruent,✅,0.2770444274795515
45,19,friends,congruent,❌,0.06921378989217901
45,19,weight,congruent,✅,0.9087743922740257
45,19,friends,incongruent,❌,0.5662798328199452
45,19,weight,incongruent,✅,0.008520148523860514
45,2,overcoat,congruent,✅,0.9281762705610951
45,2,sandals,congruent,✅,0.6187627911639838
45,2,overcoat,incongruent,✅,0.023181738068838626
45,2,sandals,incongruent,✅,0.014889977928304002
45,20,lipstick,congruent,✅,0.8679181188570029
45,20,song,congruent,✅,0.9943478278134787
45,20,lipstick,incongruent,✅,0.038026408773081236
45,20,song,incongruent,✅,0.052624890750217805
45,21,fought,congruent,✅,0.9910420130455501
45,21,sang,congruent,✅,0.9772101136256437
45,21,fought,incongruent,✅,0.003980089503025886
45,21,sang,incongruent,✅,0.10126706232145526
45,22,skeptical,congruent,✅,0.8250135893760006
45,22,reassured,congruent,✅,0.8018703676891321
45,22,skeptical,incongruent,✅,0.22670597091167075
45,22,reassured,incongruent,✅,0.23820242103801462
45,23,graduation,congruent,✅,0.9975392890863325
45,23,operation,congruent,✅,0.8831758764025361
45,23,graduation,incongruent,✅,0.0057734555901533535
45,23,operation,incongruent,✅,0.017323505307645044
45,24,bride,congruent,✅,0.9339475343262184
45,24,aftermath,congruent,✅,0.9890502585323765
45,24,bride,incongruent,✅,0.1892033593560413
45,24,aftermath,incongruent,✅,0.0009571657491896124
45,25,teacher,congruent,✅,0.9942607229233061
45,25,daughter,congruent,✅,0.9941615735978145
45,25,teacher,incongruent,✅,0.07426172217168156
45,25,daughter,incongruent,✅,0.011104126390527156
45,26,roommate,congruent,✅,0.9748902388363374
45,26,grandma,congruent,✅,0.9871392191420826
45,26,roommate,incongruent,✅,0.017943099215699594
45,26,grandma,incongruent,✅,0.023338642279369458
45,27,brother,congruent,✅,0.9797517807282323
45,27,mother,congruent,✅,0.9641786367853592
45,27,brother,incongruent,✅,0.07169034859421888
45,27,mother,incongruent,✅,0.00639818766137775
45,28,preschool,congruent,✅,0.9351559394054548
45,28,prison,congruent,✅,0.9925636942019871
45,28,preschool,incongruent,✅,0.00303152895593267
45,28,prison,incongruent,✅,0.036254207167783166
45,29,hopeful,congruent,✅,0.9909494463855245
45,29,hopeless,congruent,✅,0.9886417760947193
45,29,hopeful,incongruent,✅,0.22313445531406523
45,29,hopeless,incongruent,✅,0.005162642280370626
45,3,marathon,congruent,✅,0.9601373897998615
45,3,exam,congruent,✅,0.9793462253435923
45,3,marathon,incongruent,✅,0.03706914069199293
45,3,exam,incongruent,✅,0.07196387768365431
45,30,appalled,congruent,✅,0.9876701039069192
45,30,overjoyed,congruent,✅,0.9706405096867085
45,30,appalled,incongruent,✅,0.11492620321092356
45,30,overjoyed,incongruent,✅,0.14644194129254887
45,31,reprimand,congruent,✅,0.9883057405297445
45,31,encouragement,congruent,✅,0.9924567528467463
45,31,reprimand,incongruent,✅,0.03582983663120292
45,31,encouragement,incongruent,✅,0.018104561445649273
45,32,angrily,congruent,✅,0.9955047973992673
45,32,cordially,congruent,✅,0.9860084453885567
45,32,angrily,incongruent,✅,0.06544545889553231
45,32,cordially,incongruent,✅,0.02748456511518503
45,33,accusatory,congruent,✅,0.9863330173690837
45,33,flirtatious,congruent,✅,0.9094435342668283
45,33,accusatory,incongruent,✅,0.48463808751989557
45,33,flirtatious,incongruent,❌,0.5130189769147675
45,34,disapprovingly,congruent,✅,0.7425834440284101
45,34,lovingly,congruent,✅,0.5113741420888097
45,34,disapprovingly,incongruent,✅,0.015889665096949016
45,34,lovingly,incongruent,✅,0.11280805604498453
45,35,playful,congruent,✅,0.8717706961160637
45,35,distant,congruent,✅,0.963843619438353
45,35,playful,incongruent,✅,0.06722528968893121
45,35,distant,incongruent,✅,0.0039035800473350645
45,36,headphones,congruent,✅,0.9538296506191394
45,36,mangoes,congruent,✅,0.922719427602521
45,36,headphones,incongruent,✅,0.06873841585573691
45,36,mangoes,incongruent,✅,0.018115078989956675
45,37,playroom,congruent,✅,0.9971807172058018
45,37,park,congruent,✅,0.9855084919955848
45,37,playroom,incongruent,✅,0.0027749735978743013
45,37,park,incongruent,✅,0.14465496812154413
45,38,bedroom,congruent,✅,0.9841174720762443
45,38,backyard,congruent,✅,0.9779465526469511
45,38,bedroom,incongruent,✅,0.002777447287541034
45,38,backyard,incongruent,✅,0.0011056027441811325
45,39,solemnly,congruent,✅,0.9138497000839575
45,39,excitedly,congruent,❌,0.3178094158260097
45,39,solemnly,incongruent,✅,0.0998574763698032
45,39,excitedly,incongruent,✅,0.05658012104203906
45,4,menu,congruent,✅,0.8512665579008913
45,4,prescription,congruent,✅,0.9683041127427523
45,4,menu,incongruent,✅,0.03545043246853209
45,4,prescription,incongruent,✅,0.005802111801635289
45,40,car,congruent,✅,0.8784314407515821
45,40,sock,congruent,❌,0.44455266058665927
45,40,car,incongruent,✅,0.02796564684942757
45,40,sock,incongruent,✅,0.16487004598406063
45,41,overdressed,congruent,✅,0.9891210302746631
45,41,naked,congruent,✅,0.7003394041147107
45,41,overdressed,incongruent,✅,0.013641796964380332
45,41,naked,incongruent,✅,0.05560077480486272
45,42,shy,congruent,✅,0.9632935004655268
45,42,lively,congruent,✅,0.9154541959596751
45,42,shy,incongruent,✅,0.003631231427830694
45,42,lively,incongruent,✅,0.069656618901821
45,43,offended,congruent,✅,0.8240537860900828
45,43,flattered,congruent,✅,0.7632475568267827
45,43,offended,incongruent,✅,0.009221607811846694
45,43,flattered,incongruent,✅,0.17082551232663204
45,44,grandkid,congruent,✅,0.9962641518739576
45,44,cellmate,congruent,✅,0.9595016589069874
45,44,grandkid,incongruent,✅,0.0013514098574148473
45,44,cellmate,incongruent,✅,0.01771601327857825
45,45,promoted,congruent,✅,0.9927903624126104
45,45,fired,congruent,✅,0.97826081038418
45,45,promoted,incongruent,❌,0.5336080551656309
45,45,fired,incongruent,❌,0.8050366565108342
45,46,shooting,congruent,❌,0.11381078277677388
45,46,celebration,congruent,✅,0.5156850067501896
45,46,shooting,incongruent,✅,0.04091564776239574
45,46,celebration,incongruent,✅,0.014560184483367284
45,47,crayon,congruent,✅,0.8920935395767603
45,47,beer,congruent,✅,0.986128119435531
45,47,crayon,incongruent,✅,0.006770802640029265
45,47,beer,incongruent,✅,0.00489185989857287
45,48,waiter,congruent,✅,0.8825543732893556
45,48,taxi,congruent,✅,0.9286972619892375
45,48,waiter,incongruent,✅,0.06615766889632696
45,48,taxi,incongruent,✅,0.08018110513630503
45,49,parents,congruent,✅,0.9917229546455932
45,49,keys,congruent,✅,0.9980539733653169
45,49,parents,incongruent,✅,0.10380983947654161
45,49,keys,incongruent,✅,0.07019144163703223
45,5,distress,congruent,✅,0.9876735322196174
45,5,tranquility,congruent,✅,0.944381277273504
45,5,distress,incongruent,✅,0.015998747713994847
45,5,tranquility,incongruent,✅,0.10282499410024407
45,50,sofa,congruent,✅,0.9889664420597176
45,50,sky,congruent,✅,0.997489120537307
45,50,sofa,incongruent,✅,0.24173140662967663
45,50,sky,incongruent,✅,0.08106535625724912
45,51,obesity,congruent,❌,0.11212291841563328
45,51,homework,congruent,✅,0.8731114292489172
45,51,obesity,incongruent,✅,0.004302480992748552
45,51,homework,incongruent,✅,0.03521017578320121
45,52,quiz,congruent,✅,0.9950428288894608
45,52,commute,congruent,✅,0.9913146868965136
45,52,quiz,incongruent,✅,0.03014943267812608
45,52,commute,incongruent,✅,0.059957843435632416
45,53,migraine,congruent,✅,0.9935678626440001
45,53,excitement,congruent,✅,0.9809012705154315
45,53,migraine,incongruent,✅,0.0016551988585633494
45,53,excitement,incongruent,✅,0.09616864053554602
45,54,niece,congruent,✅,0.9575421997574681
45,54,husband,congruent,✅,0.9588162963855205
45,54,niece,incongruent,✅,0.06395250724686144
45,54,husband,incongruent,✅,0.10899253644329199
45,55,film,congruent,✅,0.9881339177617474
45,55,sunrise,congruent,✅,0.7880986234477303
45,55,film,incongruent,✅,0.0028092404561171932
45,55,sunrise,incongruent,✅,0.07584685934447266
45,56,lecture,congruent,✅,0.9892028142765686
45,56,banquet,congruent,✅,0.9534948118553712
45,56,lecture,incongruent,✅,0.0009070181741449253
45,56,banquet,incongruent,✅,0.0010978566298601674
45,57,drink,congruent,✅,0.9890304899749793
45,57,textbook,congruent,✅,0.9809467256370881
45,57,drink,incongruent,✅,0.04106310602631864
45,57,textbook,incongruent,✅,0.001290707353986272
45,58,pool,congruent,✅,0.9962266696007436
45,58,snow,congruent,✅,0.8417855394100708
45,58,pool,incongruent,✅,0.005080796923767117
45,58,snow,incongruent,✅,0.008928005449863998
45,59,passport,congruent,✅,0.8078656986764358
45,59,plushy,congruent,✅,0.9951404135285953
45,59,passport,incongruent,✅,0.024291078215363263
45,59,plushy,incongruent,✅,0.03285171850050717
45,6,patients,congruent,✅,0.967663800320752
45,6,students,congruent,✅,0.9609399544169085
45,6,patients,incongruent,✅,0.020361501092413962
45,6,students,incongruent,✅,0.061027255752141664
45,60,sister,congruent,✅,0.9523523606376703
45,60,father,congruent,✅,0.9358362491214243
45,60,sister,incongruent,✅,0.3275808240027526
45,60,father,incongruent,✅,0.028335873012191225
45,61,game,congruent,✅,0.9919864659656098
45,61,sunset,congruent,✅,0.9959770020700139
45,61,game,incongruent,✅,0.16804597933549406
45,61,sunset,incongruent,✅,0.00631682009412997
45,62,holidays,congruent,✅,0.9639263319294807
45,62,funeral,congruent,✅,0.9827246437540187
45,62,holidays,incongruent,✅,0.0542778446074018
45,62,funeral,incongruent,❌,0.5548801742123329
45,63,grades,congruent,✅,0.9893506060929783
45,63,affair,congruent,✅,0.9992305334904259
45,63,grades,incongruent,✅,0.19837750571765356
45,63,affair,incongruent,✅,0.01475377759724901
45,64,arrest,congruent,✅,0.72392608097187
45,64,stroke,congruent,✅,0.8492154300977658
45,64,arrest,incongruent,❌,0.5455609182726034
45,64,stroke,incongruent,✅,0.22913457586934274
45,65,pacifier,congruent,✅,0.9222761643206471
45,65,coffee,congruent,✅,0.942821584199968
45,65,pacifier,incongruent,✅,0.08292219010983633
45,65,coffee,incongruent,✅,0.035291024926333465
45,66,sweets,congruent,✅,0.9950767791121637
45,66,sentencing,congruent,✅,0.9991279360351031
45,66,sweets,incongruent,✅,0.0015340356216252428
45,66,sentencing,incongruent,✅,0.014004090213368911
45,67,nap,congruent,✅,0.9847143443771404
45,67,selfie,congruent,✅,0.9976338076058021
45,67,nap,incongruent,✅,0.01864847853275288
45,67,selfie,incongruent,✅,0.0009370359510460873
45,68,diaper,congruent,✅,0.8928538355886325
45,68,tire,congruent,✅,0.9936879181808894
45,68,diaper,incongruent,✅,0.0024171240395618903
45,68,tire,incongruent,✅,0.0026328993071250057
45,69,chemotherapy,congruent,✅,0.9670634055884616
45,69,golf,congruent,✅,0.9699871028521028
45,69,chemotherapy,incongruent,✅,0.01112526641929805
45,69,golf,incongruent,✅,0.030755632471573258
45,7,consensus,congruent,✅,0.8722832780327032
45,7,deadlock,congruent,✅,0.9282131887684377
45,7,consensus,incongruent,✅,0.09619933203093885
45,7,deadlock,incongruent,✅,0.022051972953664914
45,70,thunder,congruent,✅,0.9920493587883413
45,70,lullaby,congruent,✅,0.7592306987904036
45,70,thunder,incongruent,✅,0.03350127712197547
45,70,lullaby,incongruent,✅,0.45495415122322297
45,71,pajamas,congruent,✅,0.9857764689957651
45,71,uniform,congruent,✅,0.9830662747428772
45,71,pajamas,incongruent,✅,0.014771873571598527
45,71,uniform,incongruent,✅,0.009527802592766348
45,72,gown,congruent,✅,0.9888487403109655
45,72,sweats,congruent,✅,0.9963131235144663
45,72,gown,incongruent,✅,0.022351861078934984
45,72,sweats,incongruent,✅,0.42208677365874775
45,73,deadline,congruent,✅,0.7752685193385278
45,73,bed,congruent,✅,0.9674476049233567
45,73,deadline,incongruent,✅,0.03460402114892611
45,73,bed,incongruent,✅,0.025779454262178012
45,74,kindergarten,congruent,✅,0.8385444189451102
45,74,jail,congruent,✅,0.9833328719406829
45,74,kindergarten,incongruent,✅,0.04476831084552717
45,74,jail,incongruent,✅,0.17135545615330175
45,75,interrogated,congruent,✅,0.999193833453398
45,75,tickled,congruent,✅,0.9977947892208796
45,75,interrogated,incongruent,✅,0.015897301926677477
45,75,tickled,incongruent,✅,0.004262848275876177
45,76,sandcastle,congruent,✅,0.9931238201854716
45,76,snowman,congruent,✅,0.9959556523494442
45,76,sandcastle,incongruent,✅,0.0013191809628345147
45,76,snowman,incongruent,✅,0.04132972261464201
45,77,music,congruent,✅,0.9988103419416487
45,77,pizza,congruent,✅,0.9992192010839819
45,77,music,incongruent,✅,0.004590851091429383
45,77,pizza,incongruent,✅,0.0005555076431188364
45,78,playoffs,congruent,✅,0.95549545942523
45,78,cartoon,congruent,✅,0.9969498283305513
45,78,playoffs,incongruent,✅,0.011191259540083995
45,78,cartoon,incongruent,✅,0.012084827519627365
45,79,alcoholism,congruent,✅,0.9830027905168321
45,79,academics,congruent,✅,0.9849391184865497
45,79,alcoholism,incongruent,✅,0.1394873160472505
45,79,academics,incongruent,✅,0.3620449667834818
45,8,engagement,congruent,✅,0.8733196589768676
45,8,cancer,congruent,❌,0.339337282734794
45,8,engagement,incongruent,✅,0.15315811621291278
45,8,cancer,incongruent,❌,0.6215118603007984
45,9,terminal,congruent,✅,0.9757583706444345
45,9,classroom,congruent,✅,0.9774265449198696
45,9,terminal,incongruent,✅,0.006144824547162977
45,9,classroom,incongruent,✅,0.02184974244047571
46,0,library,congruent,✅,0.8994471649724646
46,0,refrigerator,congruent,✅,0.65449313806021
46,0,library,incongruent,✅,0.023346088779456906
46,0,refrigerator,incongruent,✅,0.005185631784388538
46,1,disappointment,congruent,✅,0.5733854094424697
46,1,delight,congruent,✅,0.7248506574909822
46,1,disappointment,incongruent,✅,0.010920909931668115
46,1,delight,incongruent,✅,0.03004996069985756
46,10,cash,congruent,✅,0.9963225455773018
46,10,groceries,congruent,✅,0.9950571029088116
46,10,cash,incongruent,✅,0.4250505854185795
46,10,groceries,incongruent,✅,0.013442621979823361
46,11,lonely,congruent,✅,0.8788853242057606
46,11,confident,congruent,✅,0.8110306714789995
46,11,lonely,incongruent,✅,0.020549256142977954
46,11,confident,incongruent,✅,0.08357321406007544
46,12,joy,congruent,✅,0.9954056978839989
46,12,outrage,congruent,✅,0.6003111342380754
46,12,joy,incongruent,✅,0.004541290068318367
46,12,outrage,incongruent,❌,0.9164558183931797
46,13,traffic,congruent,✅,0.992636898764387
46,13,snowstorm,congruent,✅,0.9793248002323877
46,13,traffic,incongruent,✅,0.2793679396933339
46,13,snowstorm,incongruent,✅,0.38115767417718494
46,14,laughter,congruent,✅,0.9035222378742522
46,14,frustration,congruent,✅,0.9906243059141384
46,14,laughter,incongruent,✅,0.11615151569831016
46,14,frustration,incongruent,✅,0.07343673815656823
46,15,calculator,congruent,✅,0.939322603188064
46,15,instrument,congruent,✅,0.9557294613771642
46,15,calculator,incongruent,✅,0.21663693600432543
46,15,instrument,incongruent,✅,0.4506822118657695
46,16,orchestra,congruent,✅,0.9105060890103032
46,16,racers,congruent,✅,0.9750465586680159
46,16,orchestra,incongruent,✅,0.16169275430260951
46,16,racers,incongruent,✅,0.003255697982168967
46,17,retirement,congruent,✅,0.9280346429695215
46,17,playdate,congruent,✅,0.9602438693896064
46,17,retirement,incongruent,✅,0.12294756661103988
46,17,playdate,incongruent,✅,0.021298326843926085
46,18,relieved,congruent,✅,0.5156322198871797
46,18,depressed,congruent,❌,0.49580775141169736
46,18,relieved,incongruent,✅,0.008486406311757348
46,18,depressed,incongruent,✅,0.1926966817367621
46,19,friends,congruent,❌,0.07827680694975785
46,19,weight,congruent,✅,0.90676784378924
46,19,friends,incongruent,❌,0.5493050293214774
46,19,weight,incongruent,✅,0.010743858581783498
46,2,overcoat,congruent,✅,0.9181120912298277
46,2,sandals,congruent,✅,0.7191738994275068
46,2,overcoat,incongruent,✅,0.027454868735474074
46,2,sandals,incongruent,✅,0.021675056568176834
46,20,lipstick,congruent,✅,0.8836736793714131
46,20,song,congruent,✅,0.9953108696425116
46,20,lipstick,incongruent,✅,0.046021176967274424
46,20,song,incongruent,✅,0.09143870465308758
46,21,fought,congruent,✅,0.9876421142159981
46,21,sang,congruent,✅,0.9712558106302063
46,21,fought,incongruent,✅,0.01128397148827357
46,21,sang,incongruent,✅,0.09925107364153493
46,22,skeptical,congruent,✅,0.7296718476807343
46,22,reassured,congruent,✅,0.7277062463631865
46,22,skeptical,incongruent,✅,0.16275882395112828
46,22,reassured,incongruent,✅,0.1952353449610325
46,23,graduation,congruent,✅,0.9959837542423606
46,23,operation,congruent,✅,0.8407909054572629
46,23,graduation,incongruent,✅,0.005393755354174904
46,23,operation,incongruent,✅,0.01818503483696694
46,24,bride,congruent,✅,0.9459066996640606
46,24,aftermath,congruent,✅,0.9837436369952465
46,24,bride,incongruent,✅,0.2194238368348535
46,24,aftermath,incongruent,✅,0.0017800895000775945
46,25,teacher,congruent,✅,0.9943253606443402
46,25,daughter,congruent,✅,0.990993935267904
46,25,teacher,incongruent,✅,0.08808232719201095
46,25,daughter,incongruent,✅,0.01666264346859546
46,26,roommate,congruent,✅,0.9332891886869169
46,26,grandma,congruent,✅,0.9832381855269521
46,26,roommate,incongruent,✅,0.026536337545408396
46,26,grandma,incongruent,✅,0.022417348232774578
46,27,brother,congruent,✅,0.9587706245050174
46,27,mother,congruent,✅,0.9402007736932168
46,27,brother,incongruent,✅,0.04394936975738268
46,27,mother,incongruent,✅,0.00798044056182994
46,28,preschool,congruent,✅,0.9417911122791108
46,28,prison,congruent,✅,0.9901140844337457
46,28,preschool,incongruent,✅,0.0041826116340413985
46,28,prison,incongruent,✅,0.03941242070540301
46,29,hopeful,congruent,✅,0.992440412797023
46,29,hopeless,congruent,✅,0.9863112575792845
46,29,hopeful,incongruent,✅,0.2766409900096352
46,29,hopeless,incongruent,✅,0.004127404889198646
46,3,marathon,congruent,✅,0.952307713958836
46,3,exam,congruent,✅,0.977828728762955
46,3,marathon,incongruent,✅,0.055858584492109065
46,3,exam,incongruent,✅,0.06446312303497005
46,30,appalled,congruent,✅,0.9816573796153433
46,30,overjoyed,congruent,✅,0.9573030383455694
46,30,appalled,incongruent,✅,0.11016410045770585
46,30,overjoyed,incongruent,✅,0.12166174468542859
46,31,reprimand,congruent,✅,0.9831572363460646
46,31,encouragement,congruent,✅,0.9932190014431808
46,31,reprimand,incongruent,✅,0.04236022711302841
46,31,encouragement,incongruent,✅,0.022795926771354842
46,32,angrily,congruent,✅,0.9973806335235923
46,32,cordially,congruent,✅,0.9876596120992167
46,32,angrily,incongruent,✅,0.07190416508020336
46,32,cordially,incongruent,✅,0.06564588378186174
46,33,accusatory,congruent,✅,0.9856361880970373
46,33,flirtatious,congruent,✅,0.9276956501468843
46,33,accusatory,incongruent,❌,0.5904680399189216
46,33,flirtatious,incongruent,❌,0.5702026789338441
46,34,disapprovingly,congruent,✅,0.628973697832942
46,34,lovingly,congruent,✅,0.5562200709856044
46,34,disapprovingly,incongruent,✅,0.02985762215551647
46,34,lovingly,incongruent,✅,0.0835225831365117
46,35,playful,congruent,✅,0.8387636117512272
46,35,distant,congruent,✅,0.9643202447832074
46,35,playful,incongruent,✅,0.11654565194469448
46,35,distant,incongruent,✅,0.007238269239150714
46,36,headphones,congruent,✅,0.9159128589211036
46,36,mangoes,congruent,✅,0.9390765154430744
46,36,headphones,incongruent,✅,0.0692103918903828
46,36,mangoes,incongruent,✅,0.035067872390878226
46,37,playroom,congruent,✅,0.997081631814519
46,37,park,congruent,✅,0.9789792938589428
46,37,playroom,incongruent,✅,0.0036292962970471358
46,37,park,incongruent,✅,0.171470885406355
46,38,bedroom,congruent,✅,0.9740158821295622
46,38,backyard,congruent,✅,0.9785536888547622
46,38,bedroom,incongruent,✅,0.0028148499081956475
46,38,backyard,incongruent,✅,0.0013220161983917274
46,39,solemnly,congruent,✅,0.925430987869299
46,39,excitedly,congruent,❌,0.4086007064983042
46,39,solemnly,incongruent,✅,0.13656186340930812
46,39,excitedly,incongruent,✅,0.06893691691287426
46,4,menu,congruent,✅,0.8698128572346864
46,4,prescription,congruent,✅,0.9407259315945824
46,4,menu,incongruent,✅,0.039834698892428556
46,4,prescription,incongruent,✅,0.01056708671861387
46,40,car,congruent,✅,0.8248795058911907
46,40,sock,congruent,❌,0.48670896639936684
46,40,car,incongruent,✅,0.03861904906108037
46,40,sock,incongruent,✅,0.11442832241897619
46,41,overdressed,congruent,✅,0.9802208783087247
46,41,naked,congruent,✅,0.5926907944902863
46,41,overdressed,incongruent,✅,0.016537982143866682
46,41,naked,incongruent,✅,0.06363612253992218
46,42,shy,congruent,✅,0.9557392074544474
46,42,lively,congruent,✅,0.872731283506614
46,42,shy,incongruent,✅,0.0025663664456382525
46,42,lively,incongruent,✅,0.06404178592515858
46,43,offended,congruent,✅,0.8665100897749511
46,43,flattered,congruent,✅,0.8018565753169267
46,43,offended,incongruent,✅,0.013723560223657649
46,43,flattered,incongruent,✅,0.2636843510509515
46,44,grandkid,congruent,✅,0.9948222381376393
46,44,cellmate,congruent,✅,0.972153404555093
46,44,grandkid,incongruent,✅,0.0010929075317071876
46,44,cellmate,incongruent,✅,0.018544083679742147
46,45,promoted,congruent,✅,0.9892402136881607
46,45,fired,congruent,✅,0.9622494124375469
46,45,promoted,incongruent,✅,0.35156844869473675
46,45,fired,incongruent,❌,0.7535611077374411
46,46,shooting,congruent,❌,0.0987736848978006
46,46,celebration,congruent,✅,0.5395906258146564
46,46,shooting,incongruent,✅,0.044810527043168145
46,46,celebration,incongruent,✅,0.011375247861240048
46,47,crayon,congruent,✅,0.9227343574579175
46,47,beer,congruent,✅,0.9859235625402379
46,47,crayon,incongruent,✅,0.016023116349232733
46,47,beer,incongruent,✅,0.01004220990744551
46,48,waiter,congruent,✅,0.9077097503711444
46,48,taxi,congruent,✅,0.93813388541038
46,48,waiter,incongruent,✅,0.09420922075524711
46,48,taxi,incongruent,✅,0.07415197910726844
46,49,parents,congruent,✅,0.9922380604668523
46,49,keys,congruent,✅,0.9966708496016627
46,49,parents,incongruent,✅,0.08895868413991453
46,49,keys,incongruent,✅,0.14874468393002507
46,5,distress,congruent,✅,0.9804229687706796
46,5,tranquility,congruent,✅,0.9352654335394707
46,5,distress,incongruent,✅,0.020113778492992788
46,5,tranquility,incongruent,✅,0.08855821270503335
46,50,sofa,congruent,✅,0.9857998908074255
46,50,sky,congruent,✅,0.9984307385076725
46,50,sofa,incongruent,✅,0.2567185311788502
46,50,sky,incongruent,✅,0.13973707773502503
46,51,obesity,congruent,❌,0.11032276087789436
46,51,homework,congruent,✅,0.78680980653552
46,51,obesity,incongruent,✅,0.003918873348838199
46,51,homework,incongruent,✅,0.03179936842142855
46,52,quiz,congruent,✅,0.9926199578500364
46,52,commute,congruent,✅,0.9869623668510126
46,52,quiz,incongruent,✅,0.031247014381142336
46,52,commute,incongruent,✅,0.06378343058633103
46,53,migraine,congruent,✅,0.9939046103925181
46,53,excitement,congruent,✅,0.9830126940409746
46,53,migraine,incongruent,✅,0.0019617534846150396
46,53,excitement,incongruent,✅,0.1361288143049218
46,54,niece,congruent,✅,0.935873360883043
46,54,husband,congruent,✅,0.9552591467482884
46,54,niece,incongruent,✅,0.08472611786774581
46,54,husband,incongruent,✅,0.11435207030163753
46,55,film,congruent,✅,0.9835190947499081
46,55,sunrise,congruent,✅,0.8609205649076986
46,55,film,incongruent,✅,0.007179378197450155
46,55,sunrise,incongruent,✅,0.050322706428516606
46,56,lecture,congruent,✅,0.9851715904718452
46,56,banquet,congruent,✅,0.9343459994477513
46,56,lecture,incongruent,✅,0.0008200931842411986
46,56,banquet,incongruent,✅,0.0009200967806839314
46,57,drink,congruent,✅,0.9850170827129988
46,57,textbook,congruent,✅,0.9771976840515662
46,57,drink,incongruent,✅,0.04232616968141978
46,57,textbook,incongruent,✅,0.0018526670186009963
46,58,pool,congruent,✅,0.9950394205327017
46,58,snow,congruent,✅,0.7438178556889643
46,58,pool,incongruent,✅,0.006092408913874068
46,58,snow,incongruent,✅,0.017685445093320283
46,59,passport,congruent,✅,0.859868474879674
46,59,plushy,congruent,✅,0.988155854709414
46,59,passport,incongruent,✅,0.024605068838525108
46,59,plushy,incongruent,✅,0.048135005354292236
46,6,patients,congruent,✅,0.9528602189514215
46,6,students,congruent,✅,0.9479206730245445
46,6,patients,incongruent,✅,0.017516094479789836
46,6,students,incongruent,✅,0.06020695830091593
46,60,sister,congruent,✅,0.9506766641941659
46,60,father,congruent,✅,0.8984292116628944
46,60,sister,incongruent,✅,0.33449169269217305
46,60,father,incongruent,✅,0.0586903121208103
46,61,game,congruent,✅,0.9896746450733762
46,61,sunset,congruent,✅,0.9961591341793563
46,61,game,incongruent,✅,0.21814186156272622
46,61,sunset,incongruent,✅,0.009259991626791702
46,62,holidays,congruent,✅,0.9449260932765134
46,62,funeral,congruent,✅,0.9753701528471094
46,62,holidays,incongruent,✅,0.07918678206043026
46,62,funeral,incongruent,✅,0.4654692757398002
46,63,grades,congruent,✅,0.9901000224830402
46,63,affair,congruent,✅,0.999109727550752
46,63,grades,incongruent,✅,0.29514854214244984
46,63,affair,incongruent,✅,0.02242803207213687
46,64,arrest,congruent,✅,0.7448473824380063
46,64,stroke,congruent,✅,0.821655965496878
46,64,arrest,incongruent,❌,0.5541826710883596
46,64,stroke,incongruent,✅,0.24887482640957936
46,65,pacifier,congruent,✅,0.9296577422619698
46,65,coffee,congruent,✅,0.9080670924248377
46,65,pacifier,incongruent,✅,0.05126139352597168
46,65,coffee,incongruent,✅,0.0334921453655225
46,66,sweets,congruent,✅,0.9957091552763618
46,66,sentencing,congruent,✅,0.9989014857366685
46,66,sweets,incongruent,✅,0.0012650917931150232
46,66,sentencing,incongruent,✅,0.014453876210283826
46,67,nap,congruent,✅,0.9815418825896197
46,67,selfie,congruent,✅,0.9980756620233756
46,67,nap,incongruent,✅,0.02767972271475033
46,67,selfie,incongruent,✅,0.0007883739678944056
46,68,diaper,congruent,✅,0.8419981623566877
46,68,tire,congruent,✅,0.9947373042541745
46,68,diaper,incongruent,✅,0.003327759810201147
46,68,tire,incongruent,✅,0.0022900094920818496
46,69,chemotherapy,congruent,✅,0.9627356283925496
46,69,golf,congruent,✅,0.9546373348234086
46,69,chemotherapy,incongruent,✅,0.014652461550840651
46,69,golf,incongruent,✅,0.033476094285245
46,7,consensus,congruent,✅,0.9197944211823339
46,7,deadlock,congruent,✅,0.9321447535272096
46,7,consensus,incongruent,✅,0.1479323740567504
46,7,deadlock,incongruent,✅,0.03989028582488883
46,70,thunder,congruent,✅,0.9858764846314638
46,70,lullaby,congruent,✅,0.789912312697755
46,70,thunder,incongruent,✅,0.040838045283115916
46,70,lullaby,incongruent,❌,0.5151854654662887
46,71,pajamas,congruent,✅,0.9836690169016388
46,71,uniform,congruent,✅,0.9737823472350255
46,71,pajamas,incongruent,✅,0.02187446433829373
46,71,uniform,incongruent,✅,0.00708882061464943
46,72,gown,congruent,✅,0.9867280531092066
46,72,sweats,congruent,✅,0.9949672107403011
46,72,gown,incongruent,✅,0.022715963856021024
46,72,sweats,incongruent,✅,0.4173277395764072
46,73,deadline,congruent,✅,0.694357081968605
46,73,bed,congruent,✅,0.964896891042912
46,73,deadline,incongruent,✅,0.020772289062789804
46,73,bed,incongruent,✅,0.02129951447600412
46,74,kindergarten,congruent,✅,0.8644682498194127
46,74,jail,congruent,✅,0.9758580164352305
46,74,kindergarten,incongruent,✅,0.06267901812103308
46,74,jail,incongruent,✅,0.17585069781192897
46,75,interrogated,congruent,✅,0.9983704373801825
46,75,tickled,congruent,✅,0.9975639661893119
46,75,interrogated,incongruent,✅,0.011322894458478791
46,75,tickled,incongruent,✅,0.002518027262489977
46,76,sandcastle,congruent,✅,0.9949127211416529
46,76,snowman,congruent,✅,0.9968065801156527
46,76,sandcastle,incongruent,✅,0.0009583089677457527
46,76,snowman,incongruent,✅,0.0233240396825271
46,77,music,congruent,✅,0.9986144267914656
46,77,pizza,congruent,✅,0.9991448365025157
46,77,music,incongruent,✅,0.0038203701715704137
46,77,pizza,incongruent,✅,0.0006920306908400262
46,78,playoffs,congruent,✅,0.9466259922736899
46,78,cartoon,congruent,✅,0.9973280143672633
46,78,playoffs,incongruent,✅,0.018202737438453777
46,78,cartoon,incongruent,✅,0.01805940074463165
46,79,alcoholism,congruent,✅,0.9803535309019263
46,79,academics,congruent,✅,0.978214671735214
46,79,alcoholism,incongruent,✅,0.11079504020198103
46,79,academics,incongruent,✅,0.34451962686524257
46,8,engagement,congruent,✅,0.777612363598484
46,8,cancer,congruent,❌,0.2258859786986452
46,8,engagement,incongruent,✅,0.10721365055219534
46,8,cancer,incongruent,✅,0.43527449305503496
46,9,terminal,congruent,✅,0.9532833318384007
46,9,classroom,congruent,✅,0.9692682751973243
46,9,terminal,incongruent,✅,0.012826977652975621
46,9,classroom,incongruent,✅,0.01651194603735829
47,0,library,congruent,✅,0.924278752040106
47,0,refrigerator,congruent,✅,0.7268243129746865
47,0,library,incongruent,✅,0.04507856956010111
47,0,refrigerator,incongruent,✅,0.005431845254789747
47,1,disappointment,congruent,✅,0.5074052477844674
47,1,delight,congruent,✅,0.7271683021323474
47,1,disappointment,incongruent,✅,0.018875336785290128
47,1,delight,incongruent,✅,0.032582559392048197
47,10,cash,congruent,✅,0.9961167636907442
47,10,groceries,congruent,✅,0.9954394053015602
47,10,cash,incongruent,❌,0.54747356306175
47,10,groceries,incongruent,✅,0.011266850857699457
47,11,lonely,congruent,✅,0.9250384385643511
47,11,confident,congruent,✅,0.7028935711833021
47,11,lonely,incongruent,✅,0.022514843795408402
47,11,confident,incongruent,✅,0.17398018040648813
47,12,joy,congruent,✅,0.9930625508563785
47,12,outrage,congruent,✅,0.653773508706607
47,12,joy,incongruent,✅,0.008325337417244724
47,12,outrage,incongruent,❌,0.9099943460280124
47,13,traffic,congruent,✅,0.9914790937633717
47,13,snowstorm,congruent,✅,0.984126041806023
47,13,traffic,incongruent,✅,0.4273375197506482
47,13,snowstorm,incongruent,✅,0.38247652998889536
47,14,laughter,congruent,✅,0.7481193617772998
47,14,frustration,congruent,✅,0.9881075056140483
47,14,laughter,incongruent,✅,0.16674169715788267
47,14,frustration,incongruent,✅,0.041473737884745766
47,15,calculator,congruent,✅,0.9287923378226114
47,15,instrument,congruent,✅,0.9380686525070282
47,15,calculator,incongruent,✅,0.172258480779678
47,15,instrument,incongruent,❌,0.5048792981256726
47,16,orchestra,congruent,✅,0.911652337393452
47,16,racers,congruent,✅,0.9728623508807749
47,16,orchestra,incongruent,✅,0.20186185844822185
47,16,racers,incongruent,✅,0.006145654852470351
47,17,retirement,congruent,✅,0.9119072676633796
47,17,playdate,congruent,✅,0.9705782716111241
47,17,retirement,incongruent,✅,0.14237608594096124
47,17,playdate,incongruent,✅,0.028076451475425777
47,18,relieved,congruent,✅,0.5074674089545291
47,18,depressed,congruent,✅,0.5203915877862104
47,18,relieved,incongruent,✅,0.012945898695049725
47,18,depressed,incongruent,✅,0.21908580020597918
47,19,friends,congruent,❌,0.06270394984135992
47,19,weight,congruent,✅,0.9260402499877421
47,19,friends,incongruent,❌,0.5352454363568357
47,19,weight,incongruent,✅,0.00832482685523937
47,2,overcoat,congruent,✅,0.8536487896166951
47,2,sandals,congruent,✅,0.8180699679059114
47,2,overcoat,incongruent,✅,0.06399360024219464
47,2,sandals,incongruent,✅,0.013976394963280443
47,20,lipstick,congruent,✅,0.8667759880862793
47,20,song,congruent,✅,0.994818890567554
47,20,lipstick,incongruent,✅,0.06446185252112291
47,20,song,incongruent,✅,0.0884937358441321
47,21,fought,congruent,✅,0.9842145041896968
47,21,sang,congruent,✅,0.9164299791096303
47,21,fought,incongruent,✅,0.009103553663155637
47,21,sang,incongruent,✅,0.109318732236752
47,22,skeptical,congruent,✅,0.7212715098485457
47,22,reassured,congruent,✅,0.7260931700947526
47,22,skeptical,incongruent,✅,0.2059959090572887
47,22,reassured,incongruent,✅,0.21078663673348913
47,23,graduation,congruent,✅,0.9957979590819351
47,23,operation,congruent,✅,0.857753299817623
47,23,graduation,incongruent,✅,0.0055603477256362666
47,23,operation,incongruent,✅,0.02627983517861845
47,24,bride,congruent,✅,0.9122408710456787
47,24,aftermath,congruent,✅,0.9861312367449646
47,24,bride,incongruent,✅,0.34503477050811215
47,24,aftermath,incongruent,✅,0.00245452052852939
47,25,teacher,congruent,✅,0.9933165500682664
47,25,daughter,congruent,✅,0.9916377512881602
47,25,teacher,incongruent,✅,0.0737569780737013
47,25,daughter,incongruent,✅,0.023190700373368227
47,26,roommate,congruent,✅,0.9421670283151067
47,26,grandma,congruent,✅,0.9872899420435558
47,26,roommate,incongruent,✅,0.06272976256640433
47,26,grandma,incongruent,✅,0.013840951931302527
47,27,brother,congruent,✅,0.9756383445137494
47,27,mother,congruent,✅,0.9399108475167912
47,27,brother,incongruent,✅,0.06649989796559994
47,27,mother,incongruent,✅,0.013166952774311815
47,28,preschool,congruent,✅,0.9211592627786598
47,28,prison,congruent,✅,0.9882481976805031
47,28,preschool,incongruent,✅,0.005321963702423931
47,28,prison,incongruent,✅,0.05530067524616494
47,29,hopeful,congruent,✅,0.986468640733722
47,29,hopeless,congruent,✅,0.9760027144182759
47,29,hopeful,incongruent,✅,0.25670820672401656
47,29,hopeless,incongruent,✅,0.0041103565859591015
47,3,marathon,congruent,✅,0.9439890814026048
47,3,exam,congruent,✅,0.9681332798171612
47,3,marathon,incongruent,✅,0.051298077342133236
47,3,exam,incongruent,✅,0.048376177577585805
47,30,appalled,congruent,✅,0.9782244007032653
47,30,overjoyed,congruent,✅,0.9131046735540842
47,30,appalled,incongruent,✅,0.08917002543149931
47,30,overjoyed,incongruent,✅,0.12206075137748101
47,31,reprimand,congruent,✅,0.9790195817796377
47,31,encouragement,congruent,✅,0.9952307693844561
47,31,reprimand,incongruent,✅,0.11812235358483515
47,31,encouragement,incongruent,✅,0.02016696863230619
47,32,angrily,congruent,✅,0.9950404658570842
47,32,cordially,congruent,✅,0.9814714590548458
47,32,angrily,incongruent,✅,0.10305629510711685
47,32,cordially,incongruent,✅,0.07062143465360184
47,33,accusatory,congruent,✅,0.9770609270886615
47,33,flirtatious,congruent,✅,0.8775355206677493
47,33,accusatory,incongruent,✅,0.3848079462681285
47,33,flirtatious,incongruent,❌,0.5153095395649165
47,34,disapprovingly,congruent,❌,0.42063865618892854
47,34,lovingly,congruent,✅,0.5039434298596761
47,34,disapprovingly,incongruent,✅,0.029539006980266732
47,34,lovingly,incongruent,✅,0.07198184417633731
47,35,playful,congruent,✅,0.8042872038805687
47,35,distant,congruent,✅,0.9457048944518613
47,35,playful,incongruent,✅,0.12965325210803152
47,35,distant,incongruent,✅,0.012829811108085443
47,36,headphones,congruent,✅,0.8550044657719121
47,36,mangoes,congruent,✅,0.9108422226611178
47,36,headphones,incongruent,✅,0.06296935899672149
47,36,mangoes,incongruent,✅,0.04223905249533336
47,37,playroom,congruent,✅,0.994069312806743
47,37,park,congruent,✅,0.9643963980290425
47,37,playroom,incongruent,✅,0.004188081937984816
47,37,park,incongruent,✅,0.17654057285951139
47,38,bedroom,congruent,✅,0.9775740600641495
47,38,backyard,congruent,✅,0.9800301189902398
47,38,bedroom,incongruent,✅,0.005615645308637219
47,38,backyard,incongruent,✅,0.0022569643195680103
47,39,solemnly,congruent,✅,0.9269236669866845
47,39,excitedly,congruent,❌,0.3915387706723221
47,39,solemnly,incongruent,✅,0.14229243927502175
47,39,excitedly,incongruent,✅,0.07264749360023831
47,4,menu,congruent,✅,0.8251084230559118
47,4,prescription,congruent,✅,0.9333907112099754
47,4,menu,incongruent,✅,0.05678726007709673
47,4,prescription,incongruent,✅,0.014265949582324735
47,40,car,congruent,✅,0.7570969541721073
47,40,sock,congruent,❌,0.33707467096161603
47,40,car,incongruent,✅,0.032569291512746346
47,40,sock,incongruent,✅,0.11216615383039286
47,41,overdressed,congruent,✅,0.9671813848572175
47,41,naked,congruent,❌,0.3651560120105811
47,41,overdressed,incongruent,✅,0.012499307621992356
47,41,naked,incongruent,✅,0.073119281216738
47,42,shy,congruent,✅,0.9596886374941533
47,42,lively,congruent,✅,0.8729640719579086
47,42,shy,incongruent,✅,0.0031521761458124576
47,42,lively,incongruent,✅,0.06667327719795639
47,43,offended,congruent,✅,0.8967338318796166
47,43,flattered,congruent,✅,0.829913986773053
47,43,offended,incongruent,✅,0.01743392345630155
47,43,flattered,incongruent,✅,0.35609031785656026
47,44,grandkid,congruent,✅,0.9947053701182565
47,44,cellmate,congruent,✅,0.9545483022556986
47,44,grandkid,incongruent,✅,0.001048965881935491
47,44,cellmate,incongruent,✅,0.02866778966373792
47,45,promoted,congruent,✅,0.9787698629965949
47,45,fired,congruent,✅,0.9597779619339054
47,45,promoted,incongruent,✅,0.38691725201978316
47,45,fired,incongruent,❌,0.7520624422668382
47,46,shooting,congruent,❌,0.0680830040555179
47,46,celebration,congruent,✅,0.5266703392319295
47,46,shooting,incongruent,✅,0.04833854079166101
47,46,celebration,incongruent,✅,0.01096780093428779
47,47,crayon,congruent,✅,0.9242691039796557
47,47,beer,congruent,✅,0.9795234516254112
47,47,crayon,incongruent,✅,0.013920231829004722
47,47,beer,incongruent,✅,0.011650509356307688
47,48,waiter,congruent,✅,0.9305653894711836
47,48,taxi,congruent,✅,0.9298987241850819
47,48,waiter,incongruent,✅,0.12353647921339517
47,48,taxi,incongruent,✅,0.13311346973477112
47,49,parents,congruent,✅,0.9834302385915346
47,49,keys,congruent,✅,0.9959511457433406
47,49,parents,incongruent,✅,0.08793574594751045
47,49,keys,incongruent,✅,0.11400253111617117
47,5,distress,congruent,✅,0.97710867037295
47,5,tranquility,congruent,✅,0.9528468115367855
47,5,distress,incongruent,✅,0.026445960300624623
47,5,tranquility,incongruent,✅,0.12170444371770146
47,50,sofa,congruent,✅,0.9863323341575931
47,50,sky,congruent,✅,0.9984319393471404
47,50,sofa,incongruent,✅,0.26050525742836267
47,50,sky,incongruent,✅,0.17722723245138997
47,51,obesity,congruent,❌,0.09160993643493731
47,51,homework,congruent,✅,0.7571412551436019
47,51,obesity,incongruent,✅,0.004762357318200369
47,51,homework,incongruent,✅,0.03829558919854692
47,52,quiz,congruent,✅,0.9917726466264445
47,52,commute,congruent,✅,0.9879284316474576
47,52,quiz,incongruent,✅,0.061094077038329975
47,52,commute,incongruent,✅,0.07125474315911151
47,53,migraine,congruent,✅,0.9941628803591175
47,53,excitement,congruent,✅,0.9825380965951495
47,53,migraine,incongruent,✅,0.002014486586284039
47,53,excitement,incongruent,✅,0.21454543604361695
47,54,niece,congruent,✅,0.9463545396658568
47,54,husband,congruent,✅,0.9568153259275474
47,54,niece,incongruent,✅,0.13498243082745726
47,54,husband,incongruent,✅,0.1973462506526908
47,55,film,congruent,✅,0.9809865040695035
47,55,sunrise,congruent,✅,0.7816932788294485
47,55,film,incongruent,✅,0.007188159705965966
47,55,sunrise,incongruent,✅,0.06140011882520382
47,56,lecture,congruent,✅,0.9763346938125748
47,56,banquet,congruent,✅,0.9266931209553196
47,56,lecture,incongruent,✅,0.0012892037005130638
47,56,banquet,incongruent,✅,0.0011353180701745111
47,57,drink,congruent,✅,0.9766634603332729
47,57,textbook,congruent,✅,0.9789404828519014
47,57,drink,incongruent,✅,0.052744017745233185
47,57,textbook,incongruent,✅,0.0018072359419405758
47,58,pool,congruent,✅,0.9928137320557103
47,58,snow,congruent,✅,0.788805532644844
47,58,pool,incongruent,✅,0.009537446077351224
47,58,snow,incongruent,✅,0.05577813764653599
47,59,passport,congruent,✅,0.8580261498801609
47,59,plushy,congruent,✅,0.9824385753616399
47,59,passport,incongruent,✅,0.022236583085335635
47,59,plushy,incongruent,✅,0.07818023189642011
47,6,patients,congruent,✅,0.9320783447648429
47,6,students,congruent,✅,0.9284538818504967
47,6,patients,incongruent,✅,0.03011351112937051
47,6,students,incongruent,✅,0.0650358674547891
47,60,sister,congruent,✅,0.9349120219997384
47,60,father,congruent,✅,0.8896066287368194
47,60,sister,incongruent,✅,0.36348365315527603
47,60,father,incongruent,✅,0.0806786899642063
47,61,game,congruent,✅,0.9891577124947196
47,61,sunset,congruent,✅,0.9943650082260946
47,61,game,incongruent,✅,0.143006711146872
47,61,sunset,incongruent,✅,0.011681338801725479
47,62,holidays,congruent,✅,0.930201743095551
47,62,funeral,congruent,✅,0.9444342519155876
47,62,holidays,incongruent,✅,0.0606965035484503
47,62,funeral,incongruent,✅,0.44967328763789344
47,63,grades,congruent,✅,0.9928960408526736
47,63,affair,congruent,✅,0.9992176002984472
47,63,grades,incongruent,❌,0.5076616106770174
47,63,affair,incongruent,✅,0.03966549288620045
47,64,arrest,congruent,✅,0.8197132985252419
47,64,stroke,congruent,✅,0.8587215953591462
47,64,arrest,incongruent,❌,0.65773662341338
47,64,stroke,incongruent,✅,0.41650905238871044
47,65,pacifier,congruent,✅,0.9129900741054179
47,65,coffee,congruent,✅,0.8636883253944304
47,65,pacifier,incongruent,✅,0.05515400437837056
47,65,coffee,incongruent,✅,0.023117721775643422
47,66,sweets,congruent,✅,0.9937330625607751
47,66,sentencing,congruent,✅,0.99857086561588
47,66,sweets,incongruent,✅,0.0012002752199437297
47,66,sentencing,incongruent,✅,0.017975905342597763
47,67,nap,congruent,✅,0.9671248344264627
47,67,selfie,congruent,✅,0.9974486303597797
47,67,nap,incongruent,✅,0.03235184958983521
47,67,selfie,incongruent,✅,0.0004420105253998817
47,68,diaper,congruent,✅,0.7348496957296288
47,68,tire,congruent,✅,0.9936582025020655
47,68,diaper,incongruent,✅,0.0021665932136600598
47,68,tire,incongruent,✅,0.0017869848259618544
47,69,chemotherapy,congruent,✅,0.9468368604492533
47,69,golf,congruent,✅,0.9179775980700106
47,69,chemotherapy,incongruent,✅,0.010670265005649581
47,69,golf,incongruent,✅,0.0393149209927158
47,7,consensus,congruent,✅,0.9085708110996664
47,7,deadlock,congruent,✅,0.8732647575417081
47,7,consensus,incongruent,✅,0.11623089491280508
47,7,deadlock,incongruent,✅,0.05058010190047955
47,70,thunder,congruent,✅,0.9845132797275191
47,70,lullaby,congruent,✅,0.8601339946817574
47,70,thunder,incongruent,✅,0.05001895665815221
47,70,lullaby,incongruent,✅,0.44286265319895474
47,71,pajamas,congruent,✅,0.9721329730005633
47,71,uniform,congruent,✅,0.9682993795800092
47,71,pajamas,incongruent,✅,0.026514078333177295
47,71,uniform,incongruent,✅,0.011270300755273167
47,72,gown,congruent,✅,0.9806382262258536
47,72,sweats,congruent,✅,0.9908327491410048
47,72,gown,incongruent,✅,0.025295267187480194
47,72,sweats,incongruent,✅,0.33580181312384316
47,73,deadline,congruent,✅,0.6399177486828171
47,73,bed,congruent,✅,0.9440499877820998
47,73,deadline,incongruent,✅,0.039182559381295126
47,73,bed,incongruent,✅,0.021103834526438495
47,74,kindergarten,congruent,✅,0.9055129571700778
47,74,jail,congruent,✅,0.9693212891975943
47,74,kindergarten,incongruent,✅,0.09900714035715108
47,74,jail,incongruent,✅,0.2201655966719167
47,75,interrogated,congruent,✅,0.9980999312425649
47,75,tickled,congruent,✅,0.9962699009704916
47,75,interrogated,incongruent,✅,0.015893870897452103
47,75,tickled,incongruent,✅,0.004511103338106518
47,76,sandcastle,congruent,✅,0.9963539243409373
47,76,snowman,congruent,✅,0.9978511726029555
47,76,sandcastle,incongruent,✅,0.0011572807249200135
47,76,snowman,incongruent,✅,0.010201329723116517
47,77,music,congruent,✅,0.998729616128455
47,77,pizza,congruent,✅,0.9994336571240179
47,77,music,incongruent,✅,0.007502669260644083
47,77,pizza,incongruent,✅,0.0007018895754290938
47,78,playoffs,congruent,✅,0.9207823047525757
47,78,cartoon,congruent,✅,0.9950113602902707
47,78,playoffs,incongruent,✅,0.02137312839225937
47,78,cartoon,incongruent,✅,0.018814958313512844
47,79,alcoholism,congruent,✅,0.9782056811721281
47,79,academics,congruent,✅,0.9697009618847978
47,79,alcoholism,incongruent,✅,0.10240841583917888
47,79,academics,incongruent,✅,0.32669903933639205
47,8,engagement,congruent,✅,0.645099742338367
47,8,cancer,congruent,❌,0.16081735542801684
47,8,engagement,incongruent,✅,0.09206712444278366
47,8,cancer,incongruent,✅,0.2672314703098301
47,9,terminal,congruent,✅,0.935940056166464
47,9,classroom,congruent,✅,0.9764349929103002
47,9,terminal,incongruent,✅,0.019566581377384026
47,9,classroom,incongruent,✅,0.03427927245465102
48,0,library,congruent,✅,0.9372860225513022
48,0,refrigerator,congruent,✅,0.763732327607699
48,0,library,incongruent,✅,0.08781369027368492
48,0,refrigerator,incongruent,✅,0.009204519839500429
48,1,disappointment,congruent,❌,0.43231383764849
48,1,delight,congruent,✅,0.5658517326718271
48,1,disappointment,incongruent,✅,0.015421979413429765
48,1,delight,incongruent,✅,0.03301321635550441
48,10,cash,congruent,✅,0.9954256698974734
48,10,groceries,congruent,✅,0.989971876694524
48,10,cash,incongruent,❌,0.5099023071751948
48,10,groceries,incongruent,✅,0.017767967323435337
48,11,lonely,congruent,✅,0.9426931658766823
48,11,confident,congruent,✅,0.7813229952703151
48,11,lonely,incongruent,✅,0.04758385692779218
48,11,confident,incongruent,✅,0.2012701146325552
48,12,joy,congruent,✅,0.990722472436332
48,12,outrage,congruent,✅,0.6961850745280731
48,12,joy,incongruent,✅,0.013475772568623612
48,12,outrage,incongruent,❌,0.8873550546698472
48,13,traffic,congruent,✅,0.9910804221447026
48,13,snowstorm,congruent,✅,0.9837504571626144
48,13,traffic,incongruent,✅,0.4591171985131191
48,13,snowstorm,incongruent,✅,0.4751784641703574
48,14,laughter,congruent,✅,0.7336678792056527
48,14,frustration,congruent,✅,0.9811535218814261
48,14,laughter,incongruent,✅,0.14911431223555807
48,14,frustration,incongruent,✅,0.06204885816362885
48,15,calculator,congruent,✅,0.8814674107452138
48,15,instrument,congruent,✅,0.8968060688310097
48,15,calculator,incongruent,✅,0.15759465778655976
48,15,instrument,incongruent,✅,0.38866188130000623
48,16,orchestra,congruent,✅,0.9360359643553888
48,16,racers,congruent,✅,0.9686756440830747
48,16,orchestra,incongruent,✅,0.17513229262864918
48,16,racers,incongruent,✅,0.016110050276354267
48,17,retirement,congruent,✅,0.9043349316931006
48,17,playdate,congruent,✅,0.9674013867503136
48,17,retirement,incongruent,✅,0.21942450669668934
48,17,playdate,incongruent,✅,0.03652440004923109
48,18,relieved,congruent,✅,0.5924404305797014
48,18,depressed,congruent,✅,0.6151088905674135
48,18,relieved,incongruent,✅,0.02478117760593496
48,18,depressed,incongruent,✅,0.31065269490948766
48,19,friends,congruent,❌,0.06770997452254776
48,19,weight,congruent,✅,0.9238713935663769
48,19,friends,incongruent,❌,0.5116725841607018
48,19,weight,incongruent,✅,0.008770440316453066
48,2,overcoat,congruent,✅,0.8477100617998943
48,2,sandals,congruent,✅,0.8089376141210499
48,2,overcoat,incongruent,✅,0.06019756512993381
48,2,sandals,incongruent,✅,0.012951075191468136
48,20,lipstick,congruent,✅,0.8713419432159037
48,20,song,congruent,✅,0.9964004609936098
48,20,lipstick,incongruent,✅,0.14466745052688162
48,20,song,incongruent,✅,0.11133481955535403
48,21,fought,congruent,✅,0.9909958968158296
48,21,sang,congruent,✅,0.9269317035192151
48,21,fought,incongruent,✅,0.015443183066974541
48,21,sang,incongruent,✅,0.18247191570472812
48,22,skeptical,congruent,✅,0.6170912170439826
48,22,reassured,congruent,✅,0.7441098189456983
48,22,skeptical,incongruent,✅,0.2089540351377117
48,22,reassured,incongruent,✅,0.1586886175409326
48,23,graduation,congruent,✅,0.996193878974806
48,23,operation,congruent,✅,0.8838064366487426
48,23,graduation,incongruent,✅,0.008664716129548337
48,23,operation,incongruent,✅,0.04537055571482609
48,24,bride,congruent,✅,0.8565848221150112
48,24,aftermath,congruent,✅,0.981891616466889
48,24,bride,incongruent,✅,0.31682245330687464
48,24,aftermath,incongruent,✅,0.0029468005413211687
48,25,teacher,congruent,✅,0.9913495499129895
48,25,daughter,congruent,✅,0.9886181216779659
48,25,teacher,incongruent,✅,0.06860052612199996
48,25,daughter,incongruent,✅,0.018978054422408446
48,26,roommate,congruent,✅,0.9052510708589461
48,26,grandma,congruent,✅,0.9883259307963586
48,26,roommate,incongruent,✅,0.08768612874900555
48,26,grandma,incongruent,✅,0.013772405112235436
48,27,brother,congruent,✅,0.9723876443820891
48,27,mother,congruent,✅,0.9519010734534011
48,27,brother,incongruent,✅,0.09672624684478073
48,27,mother,incongruent,✅,0.014548806240686574
48,28,preschool,congruent,✅,0.8575958274609973
48,28,prison,congruent,✅,0.9796737125343989
48,28,preschool,incongruent,✅,0.006373875710552876
48,28,prison,incongruent,✅,0.04726673205329639
48,29,hopeful,congruent,✅,0.9760184164611243
48,29,hopeless,congruent,✅,0.9781010375135779
48,29,hopeful,incongruent,✅,0.2926217542490054
48,29,hopeless,incongruent,✅,0.003664397380299945
48,3,marathon,congruent,✅,0.9200530166364465
48,3,exam,congruent,✅,0.9612099412453029
48,3,marathon,incongruent,✅,0.04809356244109595
48,3,exam,incongruent,✅,0.06628295609829488
48,30,appalled,congruent,✅,0.9534990862230021
48,30,overjoyed,congruent,✅,0.916259893402602
48,30,appalled,incongruent,✅,0.1358506101129269
48,30,overjoyed,incongruent,✅,0.0940022163295929
48,31,reprimand,congruent,✅,0.9854104358066655
48,31,encouragement,congruent,✅,0.9928878401917399
48,31,reprimand,incongruent,✅,0.16604298715330254
48,31,encouragement,incongruent,✅,0.044482227501592767
48,32,angrily,congruent,✅,0.9912030881828391
48,32,cordially,congruent,✅,0.9670603682055212
48,32,angrily,incongruent,✅,0.08538868971791069
48,32,cordially,incongruent,✅,0.08262863240424223
48,33,accusatory,congruent,✅,0.9821261573245599
48,33,flirtatious,congruent,✅,0.9338415552566164
48,33,accusatory,incongruent,❌,0.5694011049424428
48,33,flirtatious,incongruent,❌,0.6872879053111323
48,34,disapprovingly,congruent,❌,0.40228705016946587
48,34,lovingly,congruent,✅,0.5278563081906283
48,34,disapprovingly,incongruent,✅,0.02874086419294941
48,34,lovingly,incongruent,✅,0.08052842246924571
48,35,playful,congruent,✅,0.7163778590091368
48,35,distant,congruent,✅,0.9162092502334758
48,35,playful,incongruent,✅,0.1442552698929768
48,35,distant,incongruent,✅,0.017131893897476047
48,36,headphones,congruent,✅,0.8208412097162029
48,36,mangoes,congruent,✅,0.8602529474534154
48,36,headphones,incongruent,✅,0.059064744713841155
48,36,mangoes,incongruent,✅,0.03968631155089306
48,37,playroom,congruent,✅,0.9938610104544561
48,37,park,congruent,✅,0.9395437457975545
48,37,playroom,incongruent,✅,0.0051893041180155735
48,37,park,incongruent,✅,0.13933369672794205
48,38,bedroom,congruent,✅,0.9738162241220009
48,38,backyard,congruent,✅,0.9750269692322817
48,38,bedroom,incongruent,✅,0.008338066835328927
48,38,backyard,incongruent,✅,0.0020611435717281896
48,39,solemnly,congruent,✅,0.9423423854486974
48,39,excitedly,congruent,❌,0.47878630480955775
48,39,solemnly,incongruent,✅,0.21261289856079246
48,39,excitedly,incongruent,✅,0.11009624165984785
48,4,menu,congruent,✅,0.8323627115880883
48,4,prescription,congruent,✅,0.932638314533839
48,4,menu,incongruent,✅,0.08153885204116339
48,4,prescription,incongruent,✅,0.021486632887718456
48,40,car,congruent,✅,0.7834867772858256
48,40,sock,congruent,❌,0.48658617461813775
48,40,car,incongruent,✅,0.05364576431194879
48,40,sock,incongruent,✅,0.18882438830588233
48,41,overdressed,congruent,✅,0.9387123155476498
48,41,naked,congruent,❌,0.3300805326904207
48,41,overdressed,incongruent,✅,0.016585965812319605
48,41,naked,incongruent,✅,0.068401289270858
48,42,shy,congruent,✅,0.9564195735338413
48,42,lively,congruent,✅,0.8664335478690386
48,42,shy,incongruent,✅,0.0034083359382012595
48,42,lively,incongruent,✅,0.07849419478112842
48,43,offended,congruent,✅,0.9055460941279164
48,43,flattered,congruent,✅,0.7762507448538063
48,43,offended,incongruent,✅,0.018523383710251987
48,43,flattered,incongruent,✅,0.43292150383342576
48,44,grandkid,congruent,✅,0.9949329206785774
48,44,cellmate,congruent,✅,0.9209538408931147
48,44,grandkid,incongruent,✅,0.0011350275350515927
48,44,cellmate,incongruent,✅,0.038266383359042526
48,45,promoted,congruent,✅,0.9543502037634408
48,45,fired,congruent,✅,0.9401235071762195
48,45,promoted,incongruent,✅,0.3792885767344771
48,45,fired,incongruent,❌,0.6228470067122279
48,46,shooting,congruent,❌,0.04197065233906853
48,46,celebration,congruent,✅,0.5485730362314755
48,46,shooting,incongruent,✅,0.05875773779192226
48,46,celebration,incongruent,✅,0.011138976383942852
48,47,crayon,congruent,✅,0.8651769493344956
48,47,beer,congruent,✅,0.9656426917084758
48,47,crayon,incongruent,✅,0.009371987365584516
48,47,beer,incongruent,✅,0.008228648188349617
48,48,waiter,congruent,✅,0.9565884063923112
48,48,taxi,congruent,✅,0.9395873237162489
48,48,waiter,incongruent,✅,0.22104984385436696
48,48,taxi,incongruent,✅,0.2337394764162864
48,49,parents,congruent,✅,0.9778787542208173
48,49,keys,congruent,✅,0.9928020514399584
48,49,parents,incongruent,✅,0.10760108183279629
48,49,keys,incongruent,✅,0.08173910539217143
48,5,distress,congruent,✅,0.9434204342293208
48,5,tranquility,congruent,✅,0.9367069428591268
48,5,distress,incongruent,✅,0.027558846783971157
48,5,tranquility,incongruent,✅,0.07451618180130212
48,50,sofa,congruent,✅,0.9846629519094133
48,50,sky,congruent,✅,0.9984223302159501
48,50,sofa,incongruent,✅,0.2653539191069568
48,50,sky,incongruent,✅,0.18652737052972146
48,51,obesity,congruent,❌,0.07864596037477976
48,51,homework,congruent,✅,0.709694446353242
48,51,obesity,incongruent,✅,0.005776228247039336
48,51,homework,incongruent,✅,0.03895180985775057
48,52,quiz,congruent,✅,0.989752955312288
48,52,commute,congruent,✅,0.9866359321858552
48,52,quiz,incongruent,✅,0.07272604720371209
48,52,commute,incongruent,✅,0.0966918485766509
48,53,migraine,congruent,✅,0.9959592916213155
48,53,excitement,congruent,✅,0.9852727731754061
48,53,migraine,incongruent,✅,0.0024095077026095087
48,53,excitement,incongruent,✅,0.3595441724329435
48,54,niece,congruent,✅,0.9221834439249414
48,54,husband,congruent,✅,0.9480591666678935
48,54,niece,incongruent,✅,0.1671404834346271
48,54,husband,incongruent,✅,0.1867460276688123
48,55,film,congruent,✅,0.9874263327665384
48,55,sunrise,congruent,✅,0.8190545112643126
48,55,film,incongruent,✅,0.010009724064847935
48,55,sunrise,incongruent,✅,0.10784334755989354
48,56,lecture,congruent,✅,0.9752791192596185
48,56,banquet,congruent,✅,0.9321794773326036
48,56,lecture,incongruent,✅,0.0026151726750150025
48,56,banquet,incongruent,✅,0.0015457480339290573
48,57,drink,congruent,✅,0.9519962644555291
48,57,textbook,congruent,✅,0.9827592905779056
48,57,drink,incongruent,✅,0.0695374283431607
48,57,textbook,incongruent,✅,0.001329082398084657
48,58,pool,congruent,✅,0.9913998653923668
48,58,snow,congruent,✅,0.8152453053651476
48,58,pool,incongruent,✅,0.021701223024410646
48,58,snow,incongruent,✅,0.09260593243348808
48,59,passport,congruent,✅,0.8645638377353501
48,59,plushy,congruent,✅,0.9603663675161236
48,59,passport,incongruent,✅,0.04148019253291994
48,59,plushy,incongruent,✅,0.09745671166777527
48,6,patients,congruent,✅,0.9075678764948307
48,6,students,congruent,✅,0.9204881234011566
48,6,patients,incongruent,✅,0.0425581599392044
48,6,students,incongruent,✅,0.05715026669638661
48,60,sister,congruent,✅,0.9384367591576257
48,60,father,congruent,✅,0.8298394371429206
48,60,sister,incongruent,✅,0.3154962873108083
48,60,father,incongruent,✅,0.09864527946432207
48,61,game,congruent,✅,0.9843323808086303
48,61,sunset,congruent,✅,0.99156709830662
48,61,game,incongruent,✅,0.1268985162321674
48,61,sunset,incongruent,✅,0.012992939959815944
48,62,holidays,congruent,✅,0.9317069263078435
48,62,funeral,congruent,✅,0.9330067267710904
48,62,holidays,incongruent,✅,0.05859710713563451
48,62,funeral,incongruent,❌,0.5763223015156381
48,63,grades,congruent,✅,0.9924276914619197
48,63,affair,congruent,✅,0.9992774922480139
48,63,grades,incongruent,❌,0.5710283463918623
48,63,affair,incongruent,✅,0.06600684148464522
48,64,arrest,congruent,✅,0.8637512010278054
48,64,stroke,congruent,✅,0.7906545460911708
48,64,arrest,incongruent,❌,0.5620796803922244
48,64,stroke,incongruent,❌,0.5196679163473091
48,65,pacifier,congruent,✅,0.9076528223987766
48,65,coffee,congruent,✅,0.9043019946269373
48,65,pacifier,incongruent,✅,0.07939493714379714
48,65,coffee,incongruent,✅,0.05115674304830866
48,66,sweets,congruent,✅,0.9905992902149299
48,66,sentencing,congruent,✅,0.9979689973245637
48,66,sweets,incongruent,✅,0.0011460796813839403
48,66,sentencing,incongruent,✅,0.01521378722146133
48,67,nap,congruent,✅,0.9300025395122362
48,67,selfie,congruent,✅,0.9967750864265307
48,67,nap,incongruent,✅,0.02050580716140185
48,67,selfie,incongruent,✅,0.0003716488332811664
48,68,diaper,congruent,✅,0.8069455656417779
48,68,tire,congruent,✅,0.9958851431628515
48,68,diaper,incongruent,✅,0.006185601269384385
48,68,tire,incongruent,✅,0.0029350861300367036
48,69,chemotherapy,congruent,✅,0.951110968242302
48,69,golf,congruent,✅,0.9059381094363793
48,69,chemotherapy,incongruent,✅,0.01573102635408645
48,69,golf,incongruent,✅,0.07087965424864082
48,7,consensus,congruent,✅,0.9084858291694733
48,7,deadlock,congruent,✅,0.8734842983123992
48,7,consensus,incongruent,✅,0.13594899727028284
48,7,deadlock,incongruent,✅,0.06847396831731431
48,70,thunder,congruent,✅,0.9486464150111695
48,70,lullaby,congruent,✅,0.765716257663757
48,70,thunder,incongruent,✅,0.03299632204153129
48,70,lullaby,incongruent,✅,0.27318786586906685
48,71,pajamas,congruent,✅,0.9651508472215279
48,71,uniform,congruent,✅,0.9513481241542842
48,71,pajamas,incongruent,✅,0.022757945735194785
48,71,uniform,incongruent,✅,0.017899235198563384
48,72,gown,congruent,✅,0.9644104381256657
48,72,sweats,congruent,✅,0.983026544335812
48,72,gown,incongruent,✅,0.023113754915122606
48,72,sweats,incongruent,✅,0.3690975258827624
48,73,deadline,congruent,✅,0.5623317935750713
48,73,bed,congruent,✅,0.9540216220383863
48,73,deadline,incongruent,✅,0.04531791068672605
48,73,bed,incongruent,✅,0.020428079590195162
48,74,kindergarten,congruent,✅,0.8782590761600971
48,74,jail,congruent,✅,0.9449986765354896
48,74,kindergarten,incongruent,✅,0.07860372889404926
48,74,jail,incongruent,✅,0.2046757202349172
48,75,interrogated,congruent,✅,0.9971603699247327
48,75,tickled,congruent,✅,0.9946966624879336
48,75,interrogated,incongruent,✅,0.01847488651198008
48,75,tickled,incongruent,✅,0.0047988652776013805
48,76,sandcastle,congruent,✅,0.9955783135219994
48,76,snowman,congruent,✅,0.9971241474263013
48,76,sandcastle,incongruent,✅,0.0018604508766317238
48,76,snowman,incongruent,✅,0.010416334190630646
48,77,music,congruent,✅,0.9990154456410554
48,77,pizza,congruent,✅,0.9994048560453092
48,77,music,incongruent,✅,0.010391576831050842
48,77,pizza,incongruent,✅,0.0008625968904393202
48,78,playoffs,congruent,✅,0.9501355762271553
48,78,cartoon,congruent,✅,0.9907243699188578
48,78,playoffs,incongruent,✅,0.01826014500274872
48,78,cartoon,incongruent,✅,0.03814703059020799
48,79,alcoholism,congruent,✅,0.9729025156491168
48,79,academics,congruent,✅,0.967576296175608
48,79,alcoholism,incongruent,✅,0.09782089622039633
48,79,academics,incongruent,✅,0.3429594054089282
48,8,engagement,congruent,✅,0.6191939919052021
48,8,cancer,congruent,❌,0.10014921785296992
48,8,engagement,incongruent,✅,0.06339355030012328
48,8,cancer,incongruent,✅,0.20136497218755658
48,9,terminal,congruent,✅,0.878924621344532
48,9,classroom,congruent,✅,0.9752555539442934
48,9,terminal,incongruent,✅,0.027198347330990757
48,9,classroom,incongruent,✅,0.02728632468841579
49,0,library,congruent,✅,0.9215454254294055
49,0,refrigerator,congruent,✅,0.7932547888721171
49,0,library,incongruent,✅,0.10438209273852547
49,0,refrigerator,incongruent,✅,0.010448021788329423
49,1,disappointment,congruent,❌,0.41304986326599613
49,1,delight,congruent,✅,0.6054601985441067
49,1,disappointment,incongruent,✅,0.03308076230759747
49,1,delight,incongruent,✅,0.039739090664285596
49,10,cash,congruent,✅,0.992717107309798
49,10,groceries,congruent,✅,0.9862277531253026
49,10,cash,incongruent,✅,0.4942925166390424
49,10,groceries,incongruent,✅,0.019506528164656967
49,11,lonely,congruent,✅,0.9050504761615975
49,11,confident,congruent,✅,0.7307787357033788
49,11,lonely,incongruent,✅,0.03790941710407953
49,11,confident,incongruent,✅,0.20363534067902717
49,12,joy,congruent,✅,0.991089212615558
49,12,outrage,congruent,✅,0.6379630883999085
49,12,joy,incongruent,✅,0.017842610487188486
49,12,outrage,incongruent,❌,0.9015464287265688
49,13,traffic,congruent,✅,0.9823053027972013
49,13,snowstorm,congruent,✅,0.9804851163418614
49,13,traffic,incongruent,✅,0.458065981629821
49,13,snowstorm,incongruent,✅,0.3524839750800108
49,14,laughter,congruent,✅,0.7364746365314947
49,14,frustration,congruent,✅,0.9807757905580359
49,14,laughter,incongruent,✅,0.21644287098100137
49,14,frustration,incongruent,✅,0.08496601346897102
49,15,calculator,congruent,✅,0.7491032177178314
49,15,instrument,congruent,✅,0.8387304593636814
49,15,calculator,incongruent,✅,0.11750389516020057
49,15,instrument,incongruent,✅,0.3202956844172804
49,16,orchestra,congruent,✅,0.8826930391710578
49,16,racers,congruent,✅,0.9594265740096267
49,16,orchestra,incongruent,✅,0.17536096828454487
49,16,racers,incongruent,✅,0.015312487409212172
49,17,retirement,congruent,✅,0.8804057155333129
49,17,playdate,congruent,✅,0.9617293121883925
49,17,retirement,incongruent,✅,0.19759732673985864
49,17,playdate,incongruent,✅,0.04059380916338061
49,18,relieved,congruent,✅,0.5539299279581026
49,18,depressed,congruent,✅,0.616803725417393
49,18,relieved,incongruent,✅,0.03352668589804075
49,18,depressed,incongruent,✅,0.2839974785312125
49,19,friends,congruent,❌,0.09161581122747843
49,19,weight,congruent,✅,0.8931892525733147
49,19,friends,incongruent,❌,0.5090436177533896
49,19,weight,incongruent,✅,0.012518960983416485
49,2,overcoat,congruent,✅,0.8425084514037599
49,2,sandals,congruent,✅,0.7830129429425942
49,2,overcoat,incongruent,✅,0.09862038323683275
49,2,sandals,incongruent,✅,0.022377616652132063
49,20,lipstick,congruent,✅,0.8204873868094876
49,20,song,congruent,✅,0.9926504280689114
49,20,lipstick,incongruent,✅,0.09753221905644391
49,20,song,incongruent,✅,0.12889410278232372
49,21,fought,congruent,✅,0.9899327749553927
49,21,sang,congruent,✅,0.9297971490131137
49,21,fought,incongruent,✅,0.03429592402061972
49,21,sang,incongruent,✅,0.19199876689220363
49,22,skeptical,congruent,✅,0.5125895653023435
49,22,reassured,congruent,✅,0.5181797330753365
49,22,skeptical,incongruent,✅,0.1039416327370289
49,22,reassured,incongruent,✅,0.1114033704012989
49,23,graduation,congruent,✅,0.9921924053686897
49,23,operation,congruent,✅,0.8630864287968631
49,23,graduation,incongruent,✅,0.011022881568520793
49,23,operation,incongruent,✅,0.040733064960204506
49,24,bride,congruent,✅,0.8132673382743353
49,24,aftermath,congruent,✅,0.9850616185885679
49,24,bride,incongruent,✅,0.3862268702052195
49,24,aftermath,incongruent,✅,0.00497336892980176
49,25,teacher,congruent,✅,0.9894333718136229
49,25,daughter,congruent,✅,0.9791948066519902
49,25,teacher,incongruent,✅,0.061146553072548814
49,25,daughter,incongruent,✅,0.01659332390217614
49,26,roommate,congruent,✅,0.8857894530954356
49,26,grandma,congruent,✅,0.9865172681729115
49,26,roommate,incongruent,✅,0.13301531565524524
49,26,grandma,incongruent,✅,0.022201487838347175
49,27,brother,congruent,✅,0.9832768469889285
49,27,mother,congruent,✅,0.9662761370069733
49,27,brother,incongruent,✅,0.08836730908920022
49,27,mother,incongruent,✅,0.021701860129481304
49,28,preschool,congruent,✅,0.8318493635772072
49,28,prison,congruent,✅,0.9614084275549508
49,28,preschool,incongruent,✅,0.010477892430832247
49,28,prison,incongruent,✅,0.04559512107303451
49,29,hopeful,congruent,✅,0.9622679240809349
49,29,hopeless,congruent,✅,0.9747622150342492
49,29,hopeful,incongruent,✅,0.27327120362470086
49,29,hopeless,incongruent,✅,0.004258728917730858
49,3,marathon,congruent,✅,0.8912893754810849
49,3,exam,congruent,✅,0.9314864514918718
49,3,marathon,incongruent,✅,0.04174089700541329
49,3,exam,incongruent,✅,0.07558030769381441
49,30,appalled,congruent,✅,0.9453015145835563
49,30,overjoyed,congruent,✅,0.8972021704324805
49,30,appalled,incongruent,✅,0.14237485931031788
49,30,overjoyed,incongruent,✅,0.1277216601903529
49,31,reprimand,congruent,✅,0.9725172343918772
49,31,encouragement,congruent,✅,0.9831742057601112
49,31,reprimand,incongruent,✅,0.10480498743443335
49,31,encouragement,incongruent,✅,0.04326746707246311
49,32,angrily,congruent,✅,0.9906130944109108
49,32,cordially,congruent,✅,0.9671981168972044
49,32,angrily,incongruent,✅,0.12004439630583989
49,32,cordially,incongruent,✅,0.127198048393493
49,33,accusatory,congruent,✅,0.9806743805762962
49,33,flirtatious,congruent,✅,0.8937812827350249
49,33,accusatory,incongruent,✅,0.44383219615905706
49,33,flirtatious,incongruent,❌,0.7319974914925012
49,34,disapprovingly,congruent,❌,0.4585136501264303
49,34,lovingly,congruent,❌,0.4323181313520599
49,34,disapprovingly,incongruent,✅,0.023299376768274097
49,34,lovingly,incongruent,✅,0.11103130720815955
49,35,playful,congruent,✅,0.7631016719938764
49,35,distant,congruent,✅,0.9164810536657512
49,35,playful,incongruent,✅,0.209839205914549
49,35,distant,incongruent,✅,0.019313178655332573
49,36,headphones,congruent,✅,0.8371751798555036
49,36,mangoes,congruent,✅,0.7360673049512815
49,36,headphones,incongruent,✅,0.06064102414913575
49,36,mangoes,incongruent,✅,0.06258912378396674
49,37,playroom,congruent,✅,0.9931175491012358
49,37,park,congruent,✅,0.9302996270140632
49,37,playroom,incongruent,✅,0.011551586221662778
49,37,park,incongruent,✅,0.16653627390088357
49,38,bedroom,congruent,✅,0.9827625925671583
49,38,backyard,congruent,✅,0.9668433492290298
49,38,bedroom,incongruent,✅,0.00977922381218015
49,38,backyard,incongruent,✅,0.0034359885432875673
49,39,solemnly,congruent,✅,0.924357899651062
49,39,excitedly,congruent,❌,0.4821911438853511
49,39,solemnly,incongruent,✅,0.22345115684130903
49,39,excitedly,incongruent,✅,0.1421562095684615
49,4,menu,congruent,✅,0.8124269887253789
49,4,prescription,congruent,✅,0.9104998249182892
49,4,menu,incongruent,✅,0.06910120016034715
49,4,prescription,incongruent,✅,0.030557344347343952
49,40,car,congruent,✅,0.7807318754394328
49,40,sock,congruent,✅,0.5059441473128714
49,40,car,incongruent,✅,0.04993619865468457
49,40,sock,incongruent,✅,0.2584167304170469
49,41,overdressed,congruent,✅,0.9294193486072817
49,41,naked,congruent,❌,0.2831821369371426
49,41,overdressed,incongruent,✅,0.010673586986927653
49,41,naked,incongruent,✅,0.14282779044546992
49,42,shy,congruent,✅,0.955192524724019
49,42,lively,congruent,✅,0.883020323964918
49,42,shy,incongruent,✅,0.0050283254593924825
49,42,lively,incongruent,✅,0.09142878912532593
49,43,offended,congruent,✅,0.8968022634606583
49,43,flattered,congruent,✅,0.7858637635557235
49,43,offended,incongruent,✅,0.02483119002532975
49,43,flattered,incongruent,✅,0.4882498527570585
49,44,grandkid,congruent,✅,0.9942133807359502
49,44,cellmate,congruent,✅,0.9085416113122897
49,44,grandkid,incongruent,✅,0.0017064260774393451
49,44,cellmate,incongruent,✅,0.06383510411580336
49,45,promoted,congruent,✅,0.9375647643275247
49,45,fired,congruent,✅,0.928989466114302
49,45,promoted,incongruent,✅,0.37692160054411805
49,45,fired,incongruent,❌,0.6428543350092899
49,46,shooting,congruent,❌,0.0688576150018528
49,46,celebration,congruent,❌,0.4758284285849439
49,46,shooting,incongruent,✅,0.05278987176675023
49,46,celebration,incongruent,✅,0.011596155504309947
49,47,crayon,congruent,✅,0.8007463906525114
49,47,beer,congruent,✅,0.9388018729962542
49,47,crayon,incongruent,✅,0.005273427656001955
49,47,beer,incongruent,✅,0.00877133553226116
49,48,waiter,congruent,✅,0.9653540006001863
49,48,taxi,congruent,✅,0.8995566408360643
49,48,waiter,incongruent,✅,0.203519870434105
49,48,taxi,incongruent,✅,0.3419517603264807
49,49,parents,congruent,✅,0.9846311878670287
49,49,keys,congruent,✅,0.9915808460845085
49,49,parents,incongruent,✅,0.14831736347143587
49,49,keys,incongruent,✅,0.10377918095184996
49,5,distress,congruent,✅,0.9192957395744294
49,5,tranquility,congruent,✅,0.9272808180268989
49,5,distress,incongruent,✅,0.027854040738124027
49,5,tranquility,incongruent,✅,0.07441123746842107
49,50,sofa,congruent,✅,0.9893854985943086
49,50,sky,congruent,✅,0.9983695892285508
49,50,sofa,incongruent,✅,0.27779068872504165
49,50,sky,incongruent,✅,0.30681825142760166
49,51,obesity,congruent,❌,0.06640589180519237
49,51,homework,congruent,✅,0.7862787928581269
49,51,obesity,incongruent,✅,0.013052999150373829
49,51,homework,incongruent,✅,0.041000021908209616
49,52,quiz,congruent,✅,0.9906009796455453
49,52,commute,congruent,✅,0.9894986778927435
49,52,quiz,incongruent,✅,0.10881684326217114
49,52,commute,incongruent,✅,0.12740425503777997
49,53,migraine,congruent,✅,0.9957980281983573
49,53,excitement,congruent,✅,0.9847427887764499
49,53,migraine,incongruent,✅,0.002290759381143601
49,53,excitement,incongruent,✅,0.48205645946905223
49,54,niece,congruent,✅,0.8943206799685853
49,54,husband,congruent,✅,0.9271512909904236
49,54,niece,incongruent,✅,0.12943393570971815
49,54,husband,incongruent,✅,0.17910342506275465
49,55,film,congruent,✅,0.9792490992242321
49,55,sunrise,congruent,✅,0.7745264723468106
49,55,film,incongruent,✅,0.014215897160769216
49,55,sunrise,incongruent,✅,0.07676008442477317
49,56,lecture,congruent,✅,0.9656589769733017
49,56,banquet,congruent,✅,0.8994282969474557
49,56,lecture,incongruent,✅,0.0035596881785540063
49,56,banquet,incongruent,✅,0.0022403072220110254
49,57,drink,congruent,✅,0.9730055715307637
49,57,textbook,congruent,✅,0.97565152113917
49,57,drink,incongruent,✅,0.07901612378035387
49,57,textbook,incongruent,✅,0.0034082892535125015
49,58,pool,congruent,✅,0.9929298637950115
49,58,snow,congruent,✅,0.7804308087116583
49,58,pool,incongruent,✅,0.02029723602912103
49,58,snow,incongruent,✅,0.10262026828773535
49,59,passport,congruent,✅,0.897051805877975
49,59,plushy,congruent,✅,0.9771061096968475
49,59,passport,incongruent,✅,0.07489234592330023
49,59,plushy,incongruent,✅,0.14522596425524303
49,6,patients,congruent,✅,0.922123288939363
49,6,students,congruent,✅,0.9552794082236049
49,6,patients,incongruent,✅,0.08469457298314667
49,6,students,incongruent,✅,0.09561701430907886
49,60,sister,congruent,✅,0.9091834637442184
49,60,father,congruent,✅,0.7442684177659438
49,60,sister,incongruent,✅,0.29438026438413534
49,60,father,incongruent,✅,0.06396507822873534
49,61,game,congruent,✅,0.954555381663056
49,61,sunset,congruent,✅,0.9897807071073803
49,61,game,incongruent,✅,0.1178151268388239
49,61,sunset,incongruent,✅,0.011814337628328987
49,62,holidays,congruent,✅,0.886092768766942
49,62,funeral,congruent,✅,0.8838324200009329
49,62,holidays,incongruent,✅,0.04724161686548926
49,62,funeral,incongruent,✅,0.38216970665177735
49,63,grades,congruent,✅,0.9909182351253879
49,63,affair,congruent,✅,0.9989203710215431
49,63,grades,incongruent,❌,0.6918777770216425
49,63,affair,incongruent,✅,0.0960443944696393
49,64,arrest,congruent,✅,0.7824595969103654
49,64,stroke,congruent,✅,0.6845217025252446
49,64,arrest,incongruent,✅,0.4313989705140172
49,64,stroke,incongruent,✅,0.3759103905104568
49,65,pacifier,congruent,✅,0.9036780613625031
49,65,coffee,congruent,✅,0.8803321214408515
49,65,pacifier,incongruent,✅,0.09354800685790128
49,65,coffee,incongruent,✅,0.05732831235118934
49,66,sweets,congruent,✅,0.9855340677230258
49,66,sentencing,congruent,✅,0.9965151558710179
49,66,sweets,incongruent,✅,0.0013086576717561583
49,66,sentencing,incongruent,✅,0.011866215990393678
49,67,nap,congruent,✅,0.9076205037480365
49,67,selfie,congruent,✅,0.9940337005891281
49,67,nap,incongruent,✅,0.016160413766467277
49,67,selfie,incongruent,✅,0.0005480596237400848
49,68,diaper,congruent,✅,0.8316782691861131
49,68,tire,congruent,✅,0.9960979558784372
49,68,diaper,incongruent,✅,0.010706330207743265
49,68,tire,incongruent,✅,0.00500695479642851
49,69,chemotherapy,congruent,✅,0.9734254544859237
49,69,golf,congruent,✅,0.9370409609381047
49,69,chemotherapy,incongruent,✅,0.02079026749352754
49,69,golf,incongruent,✅,0.16512320148492102
49,7,consensus,congruent,✅,0.9613702011229094
49,7,deadlock,congruent,✅,0.9163969027806856
49,7,consensus,incongruent,✅,0.2561935012294234
49,7,deadlock,incongruent,✅,0.13141078060152553
49,70,thunder,congruent,✅,0.9272883625791067
49,70,lullaby,congruent,✅,0.6723876178579669
49,70,thunder,incongruent,✅,0.020838133685687817
49,70,lullaby,incongruent,✅,0.2804418033342269
49,71,pajamas,congruent,✅,0.9545417533503784
49,71,uniform,congruent,✅,0.9451920634445864
49,71,pajamas,incongruent,✅,0.029113550821028983
49,71,uniform,incongruent,✅,0.030422116742004512
49,72,gown,congruent,✅,0.952585753111936
49,72,sweats,congruent,✅,0.9767577877186341
49,72,gown,incongruent,✅,0.03909160023318913
49,72,sweats,incongruent,✅,0.3044392679371653
49,73,deadline,congruent,❌,0.47775211503462556
49,73,bed,congruent,✅,0.921774900636674
49,73,deadline,incongruent,✅,0.04323752265384774
49,73,bed,incongruent,✅,0.015707090934757865
49,74,kindergarten,congruent,✅,0.8868571679745155
49,74,jail,congruent,✅,0.9312907770533
49,74,kindergarten,incongruent,✅,0.09191788675346604
49,74,jail,incongruent,✅,0.22984456240437764
49,75,interrogated,congruent,✅,0.9982480704962451
49,75,tickled,congruent,✅,0.995580781896155
49,75,interrogated,incongruent,✅,0.01756823674560258
49,75,tickled,incongruent,✅,0.01521690049473449
49,76,sandcastle,congruent,✅,0.9923700544345017
49,76,snowman,congruent,✅,0.9953227969657102
49,76,sandcastle,incongruent,✅,0.003039941944523693
49,76,snowman,incongruent,✅,0.015074941786106131
49,77,music,congruent,✅,0.9992409635068892
49,77,pizza,congruent,✅,0.9991818936374488
49,77,music,incongruent,✅,0.014036040112482424
49,77,pizza,incongruent,✅,0.0020683646041977795
49,78,playoffs,congruent,✅,0.9524292795511544
49,78,cartoon,congruent,✅,0.9892096759668645
49,78,playoffs,incongruent,✅,0.03115839008175764
49,78,cartoon,incongruent,✅,0.05033501519779043
49,79,alcoholism,congruent,✅,0.9563665463869121
49,79,academics,congruent,✅,0.9436156544426161
49,79,alcoholism,incongruent,✅,0.08251167131472006
49,79,academics,incongruent,✅,0.3803541964402926
49,8,engagement,congruent,✅,0.7463625808488333
49,8,cancer,congruent,❌,0.1264401561803115
49,8,engagement,incongruent,✅,0.06577378299618067
49,8,cancer,incongruent,✅,0.2904832841440687
49,9,terminal,congruent,✅,0.866413817669214
49,9,classroom,congruent,✅,0.9790415771185357
49,9,terminal,incongruent,✅,0.0440698051987481
49,9,classroom,incongruent,✅,0.04128989960879808
50,0,library,congruent,✅,0.9427707992219352
50,0,refrigerator,congruent,✅,0.8495349413410432
50,0,library,incongruent,✅,0.15122633258676835
50,0,refrigerator,incongruent,✅,0.012931427805165657
50,1,disappointment,congruent,❌,0.38270368767099705
50,1,delight,congruent,✅,0.5750854354936571
50,1,disappointment,incongruent,✅,0.042294126781337996
50,1,delight,incongruent,✅,0.037146617335072823
50,10,cash,congruent,✅,0.9823750349379664
50,10,groceries,congruent,✅,0.9850399193207979
50,10,cash,incongruent,❌,0.5892562634012041
50,10,groceries,incongruent,✅,0.019353893819881555
50,11,lonely,congruent,✅,0.9121908794370222
50,11,confident,congruent,✅,0.7255274904468882
50,11,lonely,incongruent,✅,0.031470312981866366
50,11,confident,incongruent,✅,0.297980777031032
50,12,joy,congruent,✅,0.9931835590977067
50,12,outrage,congruent,✅,0.6863200217870964
50,12,joy,incongruent,✅,0.024490591057527402
50,12,outrage,incongruent,❌,0.9188732692546676
50,13,traffic,congruent,✅,0.9795737194005252
50,13,snowstorm,congruent,✅,0.9816304401439142
50,13,traffic,incongruent,❌,0.5738020383901261
50,13,snowstorm,incongruent,✅,0.40524769947372036
50,14,laughter,congruent,✅,0.7342568584970458
50,14,frustration,congruent,✅,0.974577480923883
50,14,laughter,incongruent,✅,0.2323916963415032
50,14,frustration,incongruent,✅,0.11302649322293193
50,15,calculator,congruent,✅,0.8404447023883856
50,15,instrument,congruent,✅,0.8514821981193907
50,15,calculator,incongruent,✅,0.15879111085649789
50,15,instrument,incongruent,✅,0.48827527121569547
50,16,orchestra,congruent,✅,0.8840078887236233
50,16,racers,congruent,✅,0.9476979905493095
50,16,orchestra,incongruent,✅,0.1745522165503617
50,16,racers,incongruent,✅,0.02331398799009754
50,17,retirement,congruent,✅,0.9422016482710253
50,17,playdate,congruent,✅,0.9708284282128112
50,17,retirement,incongruent,✅,0.2557558140539171
50,17,playdate,incongruent,✅,0.10777345380224233
50,18,relieved,congruent,✅,0.557822996401876
50,18,depressed,congruent,✅,0.5873609018235081
50,18,relieved,incongruent,✅,0.029827519356421892
50,18,depressed,incongruent,✅,0.2987774535822313
50,19,friends,congruent,❌,0.11466819349252583
50,19,weight,congruent,✅,0.8871958173720215
50,19,friends,incongruent,❌,0.5115375948547163
50,19,weight,incongruent,✅,0.018376928327629966
50,2,overcoat,congruent,✅,0.8604222013528201
50,2,sandals,congruent,✅,0.8500041572161873
50,2,overcoat,incongruent,✅,0.1573058955332922
50,2,sandals,incongruent,✅,0.031786095769574044
50,20,lipstick,congruent,✅,0.7896415391131749
50,20,song,congruent,✅,0.9913185828939314
50,20,lipstick,incongruent,✅,0.19407758577959316
50,20,song,incongruent,✅,0.1668449103791146
50,21,fought,congruent,✅,0.992836980205331
50,21,sang,congruent,✅,0.9484082521584428
50,21,fought,incongruent,✅,0.03479616070203083
50,21,sang,incongruent,✅,0.3828621566160791
50,22,skeptical,congruent,✅,0.5066119741179252
50,22,reassured,congruent,✅,0.5686274165302447
50,22,skeptical,incongruent,✅,0.1491292291612953
50,22,reassured,incongruent,✅,0.09878006905034586
50,23,graduation,congruent,✅,0.9929321682406111
50,23,operation,congruent,✅,0.8894465465913878
50,23,graduation,incongruent,✅,0.014149385936493045
50,23,operation,incongruent,✅,0.04778864263616058
50,24,bride,congruent,✅,0.8974038984851759
50,24,aftermath,congruent,✅,0.9742048017008789
50,24,bride,incongruent,✅,0.3151973425406019
50,24,aftermath,incongruent,✅,0.012934260051600905
50,25,teacher,congruent,✅,0.9920273373947679
50,25,daughter,congruent,✅,0.9779768732726776
50,25,teacher,incongruent,✅,0.08403671550649992
50,25,daughter,incongruent,✅,0.019353559005126465
50,26,roommate,congruent,✅,0.8674838809194405
50,26,grandma,congruent,✅,0.9773645643152241
50,26,roommate,incongruent,✅,0.1365823287785418
50,26,grandma,incongruent,✅,0.014365641362630294
50,27,brother,congruent,✅,0.9810094616841494
50,27,mother,congruent,✅,0.9633590764732661
50,27,brother,incongruent,✅,0.07623596654773468
50,27,mother,incongruent,✅,0.019608654867454788
50,28,preschool,congruent,✅,0.8555520311876151
50,28,prison,congruent,✅,0.9691770248890572
50,28,preschool,incongruent,✅,0.015181730894096645
50,28,prison,incongruent,✅,0.060798609792470745
50,29,hopeful,congruent,✅,0.9630709077023573
50,29,hopeless,congruent,✅,0.9675547877683843
50,29,hopeful,incongruent,✅,0.251383031379888
50,29,hopeless,incongruent,✅,0.0059664687541506846
50,3,marathon,congruent,✅,0.917880584045156
50,3,exam,congruent,✅,0.9292150893486922
50,3,marathon,incongruent,✅,0.06583320714295078
50,3,exam,incongruent,✅,0.06851096813409706
50,30,appalled,congruent,✅,0.9599841443265955
50,30,overjoyed,congruent,✅,0.8926136441167023
50,30,appalled,incongruent,✅,0.17184264954264816
50,30,overjoyed,incongruent,✅,0.2084166811557916
50,31,reprimand,congruent,✅,0.9549840235266629
50,31,encouragement,congruent,✅,0.977905949432471
50,31,reprimand,incongruent,✅,0.09124392070796697
50,31,encouragement,incongruent,✅,0.04172195207151747
50,32,angrily,congruent,✅,0.9868405047344471
50,32,cordially,congruent,✅,0.9517619073877931
50,32,angrily,incongruent,✅,0.13871285747744508
50,32,cordially,incongruent,✅,0.1603496267118996
50,33,accusatory,congruent,✅,0.9811353764142815
50,33,flirtatious,congruent,✅,0.9093889987699011
50,33,accusatory,incongruent,❌,0.5039759216053741
50,33,flirtatious,incongruent,❌,0.7739039971585546
50,34,disapprovingly,congruent,❌,0.30498075906429767
50,34,lovingly,congruent,❌,0.31791524205117283
50,34,disapprovingly,incongruent,✅,0.020632219518840308
50,34,lovingly,incongruent,✅,0.0883393335313004
50,35,playful,congruent,✅,0.8728742975034023
50,35,distant,congruent,✅,0.9135967284889913
50,35,playful,incongruent,✅,0.2824370584252335
50,35,distant,incongruent,✅,0.048722473801896364
50,36,headphones,congruent,✅,0.7759212522402008
50,36,mangoes,congruent,✅,0.7495230607975465
50,36,headphones,incongruent,✅,0.04410128449035411
50,36,mangoes,incongruent,✅,0.05891783004876703
50,37,playroom,congruent,✅,0.9900648889630272
50,37,park,congruent,✅,0.9416697621843916
50,37,playroom,incongruent,✅,0.013015110641143275
50,37,park,incongruent,✅,0.1473817850114631
50,38,bedroom,congruent,✅,0.9758412812191403
50,38,backyard,congruent,✅,0.9576401222220814
50,38,bedroom,incongruent,✅,0.007663321119861911
50,38,backyard,incongruent,✅,0.0031625445083783166
50,39,solemnly,congruent,✅,0.8894757815764042
50,39,excitedly,congruent,❌,0.2798491515431723
50,39,solemnly,incongruent,✅,0.1775132069362065
50,39,excitedly,incongruent,✅,0.09004343633229127
50,4,menu,congruent,✅,0.7421151340443852
50,4,prescription,congruent,✅,0.9293497823765822
50,4,menu,incongruent,✅,0.13157657133359596
50,4,prescription,incongruent,✅,0.031008232056725
50,40,car,congruent,✅,0.8377646688584311
50,40,sock,congruent,✅,0.5662554896133006
50,40,car,incongruent,✅,0.06727498006449875
50,40,sock,incongruent,✅,0.16403665995186562
50,41,overdressed,congruent,✅,0.8988471862367796
50,41,naked,congruent,❌,0.3241051998115072
50,41,overdressed,incongruent,✅,0.012174732379169448
50,41,naked,incongruent,✅,0.17831266652532818
50,42,shy,congruent,✅,0.9391268779403587
50,42,lively,congruent,✅,0.8392963339831138
50,42,shy,incongruent,✅,0.0037431543900418906
50,42,lively,incongruent,✅,0.06978529917433135
50,43,offended,congruent,✅,0.8632221793097292
50,43,flattered,congruent,✅,0.6596528413255515
50,43,offended,incongruent,✅,0.01611421569071852
50,43,flattered,incongruent,✅,0.4154751979486728
50,44,grandkid,congruent,✅,0.994006318460221
50,44,cellmate,congruent,✅,0.9039274454236912
50,44,grandkid,incongruent,✅,0.00257281811248577
50,44,cellmate,incongruent,✅,0.06281371921137129
50,45,promoted,congruent,✅,0.9172477736426242
50,45,fired,congruent,✅,0.8839643044133957
50,45,promoted,incongruent,✅,0.3335867101183836
50,45,fired,incongruent,❌,0.5885969785387886
50,46,shooting,congruent,❌,0.12919010917798457
50,46,celebration,congruent,❌,0.46539963074883123
50,46,shooting,incongruent,✅,0.05186569703636388
50,46,celebration,incongruent,✅,0.02948457449682028
50,47,crayon,congruent,✅,0.7591173998119253
50,47,beer,congruent,✅,0.941538740156444
50,47,crayon,incongruent,✅,0.004540300882711475
50,47,beer,incongruent,✅,0.009972168739700877
50,48,waiter,congruent,✅,0.9496092901664214
50,48,taxi,congruent,✅,0.9347758542553815
50,48,waiter,incongruent,✅,0.3688156342535945
50,48,taxi,incongruent,✅,0.42136175171864787
50,49,parents,congruent,✅,0.9785778277977236
50,49,keys,congruent,✅,0.9854817458059899
50,49,parents,incongruent,✅,0.11021989399775758
50,49,keys,incongruent,✅,0.09413180358397041
50,5,distress,congruent,✅,0.8761122597632903
50,5,tranquility,congruent,✅,0.8982031972484358
50,5,distress,incongruent,✅,0.03287021089028357
50,5,tranquility,incongruent,✅,0.06242275221938405
50,50,sofa,congruent,✅,0.9863332068075581
50,50,sky,congruent,✅,0.9982396405661227
50,50,sofa,incongruent,✅,0.3002550408124863
50,50,sky,incongruent,✅,0.3775652010948336
50,51,obesity,congruent,❌,0.07737703455932414
50,51,homework,congruent,✅,0.6605670845409575
50,51,obesity,incongruent,✅,0.011567434107118817
50,51,homework,incongruent,✅,0.049336745116350306
50,52,quiz,congruent,✅,0.9891492523983946
50,52,commute,congruent,✅,0.9848734044563667
50,52,quiz,incongruent,✅,0.09013083225707423
50,52,commute,incongruent,✅,0.17532883439530278
50,53,migraine,congruent,✅,0.9971124523838231
50,53,excitement,congruent,✅,0.9802979874890735
50,53,migraine,incongruent,✅,0.002010850213794252
50,53,excitement,incongruent,❌,0.6180966980773124
50,54,niece,congruent,✅,0.9023079882751823
50,54,husband,congruent,✅,0.9607034212413714
50,54,niece,incongruent,✅,0.2004513790894333
50,54,husband,incongruent,✅,0.24275518865589638
50,55,film,congruent,✅,0.9748555577977742
50,55,sunrise,congruent,✅,0.7011923803646679
50,55,film,incongruent,✅,0.015034085736525855
50,55,sunrise,incongruent,✅,0.07648964921206293
50,56,lecture,congruent,✅,0.9605622742979358
50,56,banquet,congruent,✅,0.8678538115414633
50,56,lecture,incongruent,✅,0.0030311500213701372
50,56,banquet,incongruent,✅,0.002407607769663729
50,57,drink,congruent,✅,0.9817360777029805
50,57,textbook,congruent,✅,0.9818676845442667
50,57,drink,incongruent,✅,0.10839476368378803
50,57,textbook,incongruent,✅,0.0061444340705113475
50,58,pool,congruent,✅,0.987999589483116
50,58,snow,congruent,✅,0.6715446920415716
50,58,pool,incongruent,✅,0.024915937863674267
50,58,snow,incongruent,✅,0.05148012455541951
50,59,passport,congruent,✅,0.8956267542959595
50,59,plushy,congruent,✅,0.9651796225690381
50,59,passport,incongruent,✅,0.04339774598850281
50,59,plushy,incongruent,✅,0.1458654445052092
50,6,patients,congruent,✅,0.8951904883535511
50,6,students,congruent,✅,0.9310921472810476
50,6,patients,incongruent,✅,0.07309524508595365
50,6,students,incongruent,✅,0.11608118736416988
50,60,sister,congruent,✅,0.8658345217204217
50,60,father,congruent,✅,0.7044966541152968
50,60,sister,incongruent,✅,0.2332781519164594
50,60,father,incongruent,✅,0.08160659661447679
50,61,game,congruent,✅,0.9526087566500073
50,61,sunset,congruent,✅,0.98889264804922
50,61,game,incongruent,✅,0.1306188027779893
50,61,sunset,incongruent,✅,0.017997167923728147
50,62,holidays,congruent,✅,0.9151832941213607
50,62,funeral,congruent,✅,0.8591543502935465
50,62,holidays,incongruent,✅,0.0453143418945569
50,62,funeral,incongruent,✅,0.3947302631840959
50,63,grades,congruent,✅,0.9878155828485391
50,63,affair,congruent,✅,0.9984561392438907
50,63,grades,incongruent,❌,0.7007975083794564
50,63,affair,incongruent,✅,0.07676922864619168
50,64,arrest,congruent,✅,0.7631707294876409
50,64,stroke,congruent,✅,0.6433240161645206
50,64,arrest,incongruent,✅,0.412559513972992
50,64,stroke,incongruent,✅,0.37762437285074024
50,65,pacifier,congruent,✅,0.8622506924111597
50,65,coffee,congruent,✅,0.8543507672813013
50,65,pacifier,incongruent,✅,0.13338178623170988
50,65,coffee,incongruent,✅,0.05064601375396664
50,66,sweets,congruent,✅,0.978316310790488
50,66,sentencing,congruent,✅,0.9949830476881086
50,66,sweets,incongruent,✅,0.00211920368916173
50,66,sentencing,incongruent,✅,0.0063768376984594
50,67,nap,congruent,✅,0.9259540831238761
50,67,selfie,congruent,✅,0.994431835785679
50,67,nap,incongruent,✅,0.031725203506048856
50,67,selfie,incongruent,✅,0.0009345443063244133
50,68,diaper,congruent,✅,0.8089019380592214
50,68,tire,congruent,✅,0.9916257378833929
50,68,diaper,incongruent,✅,0.009810017155887986
50,68,tire,incongruent,✅,0.005992154672733023
50,69,chemotherapy,congruent,✅,0.9719326594076687
50,69,golf,congruent,✅,0.9356950618734262
50,69,chemotherapy,incongruent,✅,0.030867925059405093
50,69,golf,incongruent,✅,0.21542108437846966
50,7,consensus,congruent,✅,0.9723274082561454
50,7,deadlock,congruent,✅,0.9300923143059592
50,7,consensus,incongruent,✅,0.36571776920406646
50,7,deadlock,incongruent,✅,0.2750939683361454
50,70,thunder,congruent,✅,0.859721105675603
50,70,lullaby,congruent,✅,0.5602211128297913
50,70,thunder,incongruent,✅,0.017632593184232114
50,70,lullaby,incongruent,✅,0.19779739385014297
50,71,pajamas,congruent,✅,0.9730703762981614
50,71,uniform,congruent,✅,0.9574988245538831
50,71,pajamas,incongruent,✅,0.07101214331698166
50,71,uniform,incongruent,✅,0.060893852393963915
50,72,gown,congruent,✅,0.9180772486453511
50,72,sweats,congruent,✅,0.9481260802792104
50,72,gown,incongruent,✅,0.036998508262057514
50,72,sweats,incongruent,✅,0.21697237228016847
50,73,deadline,congruent,❌,0.4076892105124576
50,73,bed,congruent,✅,0.9534278687641242
50,73,deadline,incongruent,✅,0.07314694712118101
50,73,bed,incongruent,✅,0.014959522372878467
50,74,kindergarten,congruent,✅,0.8719085805969149
50,74,jail,congruent,✅,0.8665232202620314
50,74,kindergarten,incongruent,✅,0.09596851728224481
50,74,jail,incongruent,✅,0.18540136487493217
50,75,interrogated,congruent,✅,0.9983864806459463
50,75,tickled,congruent,✅,0.9950890607089009
50,75,interrogated,incongruent,✅,0.03943015737874907
50,75,tickled,incongruent,✅,0.02887495721954287
50,76,sandcastle,congruent,✅,0.9926316291381446
50,76,snowman,congruent,✅,0.9964984510454131
50,76,sandcastle,incongruent,✅,0.0031273432834327767
50,76,snowman,incongruent,✅,0.010294502883485572
50,77,music,congruent,✅,0.998915042184859
50,77,pizza,congruent,✅,0.9991247717156887
50,77,music,incongruent,✅,0.01710360133629569
50,77,pizza,incongruent,✅,0.001987073745201659
50,78,playoffs,congruent,✅,0.9402448370544173
50,78,cartoon,congruent,✅,0.982789003801864
50,78,playoffs,incongruent,✅,0.03126157769757632
50,78,cartoon,incongruent,✅,0.047555998843705295
50,79,alcoholism,congruent,✅,0.9344283721754022
50,79,academics,congruent,✅,0.9187235818727093
50,79,alcoholism,incongruent,✅,0.07154982163892516
50,79,academics,incongruent,✅,0.39896645830084354
50,8,engagement,congruent,✅,0.7083651528823552
50,8,cancer,congruent,❌,0.14230776566139422
50,8,engagement,incongruent,✅,0.06442523193202747
50,8,cancer,incongruent,✅,0.2713275265660553
50,9,terminal,congruent,✅,0.9036560906827922
50,9,classroom,congruent,✅,0.9785193486611374
50,9,terminal,incongruent,✅,0.05936685597484665
50,9,classroom,incongruent,✅,0.07043399976090321
51,0,library,congruent,✅,0.9629507232222577
51,0,refrigerator,congruent,✅,0.82781639512192
51,0,library,incongruent,✅,0.24657719790936555
51,0,refrigerator,incongruent,✅,0.038018142537996395
51,1,disappointment,congruent,❌,0.4679902305165692
51,1,delight,congruent,✅,0.5747289191574594
51,1,disappointment,incongruent,✅,0.050753188913979924
51,1,delight,incongruent,✅,0.04399332038513971
51,10,cash,congruent,✅,0.9788929108623832
51,10,groceries,congruent,✅,0.98578596762323
51,10,cash,incongruent,❌,0.7278771762874345
51,10,groceries,incongruent,✅,0.038130541778845
51,11,lonely,congruent,✅,0.8808928459145263
51,11,confident,congruent,✅,0.5945871050792099
51,11,lonely,incongruent,✅,0.04679629541962361
51,11,confident,incongruent,✅,0.2466838231822597
51,12,joy,congruent,✅,0.9916827248865835
51,12,outrage,congruent,✅,0.6773835920286565
51,12,joy,incongruent,✅,0.030963624569978688
51,12,outrage,incongruent,❌,0.9018140113506931
51,13,traffic,congruent,✅,0.9499255088366279
51,13,snowstorm,congruent,✅,0.9701992188098932
51,13,traffic,incongruent,❌,0.521338118730322
51,13,snowstorm,incongruent,✅,0.2478996149854643
51,14,laughter,congruent,✅,0.7147522603268917
51,14,frustration,congruent,✅,0.9529586486836045
51,14,laughter,incongruent,✅,0.2686884228983583
51,14,frustration,incongruent,✅,0.1555912393124313
51,15,calculator,congruent,✅,0.7853800438926354
51,15,instrument,congruent,✅,0.8619576202174468
51,15,calculator,incongruent,✅,0.23031397774707815
51,15,instrument,incongruent,✅,0.439866225926109
51,16,orchestra,congruent,✅,0.9021696126842528
51,16,racers,congruent,✅,0.9536099273542966
51,16,orchestra,incongruent,✅,0.1606173680686254
51,16,racers,incongruent,✅,0.04535328586433363
51,17,retirement,congruent,✅,0.9624921530983018
51,17,playdate,congruent,✅,0.963654622382586
51,17,retirement,incongruent,✅,0.21734364810658985
51,17,playdate,incongruent,✅,0.2409484554082403
51,18,relieved,congruent,✅,0.6776592272169877
51,18,depressed,congruent,✅,0.6563630300787144
51,18,relieved,incongruent,✅,0.039013837135966
51,18,depressed,incongruent,✅,0.42497076005159545
51,19,friends,congruent,❌,0.10232604644356066
51,19,weight,congruent,✅,0.8569011865530679
51,19,friends,incongruent,✅,0.49538207218975605
51,19,weight,incongruent,✅,0.014110987416016576
51,2,overcoat,congruent,✅,0.8417565950015299
51,2,sandals,congruent,✅,0.7482053193478039
51,2,overcoat,incongruent,✅,0.13240561227299852
51,2,sandals,incongruent,✅,0.04006643365398526
51,20,lipstick,congruent,✅,0.7837469484927148
51,20,song,congruent,✅,0.9866135234678032
51,20,lipstick,incongruent,✅,0.2924351471452767
51,20,song,incongruent,✅,0.23079581998170925
51,21,fought,congruent,✅,0.992445706203658
51,21,sang,congruent,✅,0.8494748002343447
51,21,fought,incongruent,✅,0.0341937453778906
51,21,sang,incongruent,✅,0.39502964607008045
51,22,skeptical,congruent,✅,0.5427282104365442
51,22,reassured,congruent,✅,0.6469521561850468
51,22,skeptical,incongruent,✅,0.18472846455044592
51,22,reassured,incongruent,✅,0.11374758433709797
51,23,graduation,congruent,✅,0.993284454960828
51,23,operation,congruent,✅,0.8010107970263454
51,23,graduation,incongruent,✅,0.013871392395853391
51,23,operation,incongruent,✅,0.08107043524042883
51,24,bride,congruent,✅,0.9365342197731084
51,24,aftermath,congruent,✅,0.9794005371377216
51,24,bride,incongruent,✅,0.3543632663784374
51,24,aftermath,incongruent,✅,0.02133580871140717
51,25,teacher,congruent,✅,0.9913280997077293
51,25,daughter,congruent,✅,0.9439679512206675
51,25,teacher,incongruent,✅,0.06270061299304432
51,25,daughter,incongruent,✅,0.016574730237450028
51,26,roommate,congruent,✅,0.8662366163636699
51,26,grandma,congruent,✅,0.9659444898267744
51,26,roommate,incongruent,✅,0.14868242093516792
51,26,grandma,incongruent,✅,0.02440032708642149
51,27,brother,congruent,✅,0.9672239298988705
51,27,mother,congruent,✅,0.952642364480726
51,27,brother,incongruent,✅,0.06647059053732493
51,27,mother,incongruent,✅,0.011257345894088085
51,28,preschool,congruent,✅,0.8217971332657755
51,28,prison,congruent,✅,0.9752568446254197
51,28,preschool,incongruent,✅,0.04338846443787974
51,28,prison,incongruent,✅,0.0729950772577047
51,29,hopeful,congruent,✅,0.9429645271815902
51,29,hopeless,congruent,✅,0.9726110511189242
51,29,hopeful,incongruent,✅,0.321138989311674
51,29,hopeless,incongruent,✅,0.0062534863004133955
51,3,marathon,congruent,✅,0.8917209093842969
51,3,exam,congruent,✅,0.9389750169691929
51,3,marathon,incongruent,✅,0.0830134130927161
51,3,exam,incongruent,✅,0.06950136867939904
51,30,appalled,congruent,✅,0.9439235837477092
51,30,overjoyed,congruent,✅,0.8905091882081039
51,30,appalled,incongruent,✅,0.23694772508178175
51,30,overjoyed,incongruent,✅,0.1583017961621871
51,31,reprimand,congruent,✅,0.9607753978195417
51,31,encouragement,congruent,✅,0.98767874510125
51,31,reprimand,incongruent,✅,0.18647005310921694
51,31,encouragement,incongruent,✅,0.03850762460788081
51,32,angrily,congruent,✅,0.9883637003893034
51,32,cordially,congruent,✅,0.9516583045280993
51,32,angrily,incongruent,✅,0.1665726540265091
51,32,cordially,incongruent,✅,0.2546799741003858
51,33,accusatory,congruent,✅,0.9879093727567823
51,33,flirtatious,congruent,✅,0.9193506714489065
51,33,accusatory,incongruent,❌,0.5457636222610753
51,33,flirtatious,incongruent,❌,0.84682786561535
51,34,disapprovingly,congruent,❌,0.21513631331268698
51,34,lovingly,congruent,❌,0.23157200527739172
51,34,disapprovingly,incongruent,✅,0.024311735244671586
51,34,lovingly,incongruent,✅,0.06920371299177981
51,35,playful,congruent,✅,0.8734840417875304
51,35,distant,congruent,✅,0.9322061982815073
51,35,playful,incongruent,✅,0.40630321478033526
51,35,distant,incongruent,✅,0.06108421544707968
51,36,headphones,congruent,✅,0.6956306726611121
51,36,mangoes,congruent,✅,0.6463187947913916
51,36,headphones,incongruent,✅,0.03683439191158524
51,36,mangoes,incongruent,✅,0.045035635197213944
51,37,playroom,congruent,✅,0.9784003822832343
51,37,park,congruent,✅,0.9526617936382477
51,37,playroom,incongruent,✅,0.013045046730925604
51,37,park,incongruent,✅,0.13519300502918988
51,38,bedroom,congruent,✅,0.9764437905403628
51,38,backyard,congruent,✅,0.9565283025957426
51,38,bedroom,incongruent,✅,0.011727392478009357
51,38,backyard,incongruent,✅,0.00501380536813549
51,39,solemnly,congruent,✅,0.8650678772466085
51,39,excitedly,congruent,❌,0.2932984679150878
51,39,solemnly,incongruent,✅,0.18617649726229518
51,39,excitedly,incongruent,✅,0.12401559926541597
51,4,menu,congruent,✅,0.7526803290515236
51,4,prescription,congruent,✅,0.8546850196918462
51,4,menu,incongruent,✅,0.07923177011908994
51,4,prescription,incongruent,✅,0.049401829657875186
51,40,car,congruent,✅,0.713416556374532
51,40,sock,congruent,✅,0.5372009892411097
51,40,car,incongruent,✅,0.0739763894469799
51,40,sock,incongruent,✅,0.1372092280246959
51,41,overdressed,congruent,✅,0.8660853438861768
51,41,naked,congruent,❌,0.4904057219215418
51,41,overdressed,incongruent,✅,0.02531785209109888
51,41,naked,incongruent,✅,0.22236831747744334
51,42,shy,congruent,✅,0.9301878218066101
51,42,lively,congruent,✅,0.8615453662193735
51,42,shy,incongruent,✅,0.0052371050010620365
51,42,lively,incongruent,✅,0.0999080230317924
51,43,offended,congruent,✅,0.8762972636710439
51,43,flattered,congruent,✅,0.7073677492620286
51,43,offended,incongruent,✅,0.028909883321986365
51,43,flattered,incongruent,✅,0.47222297898511106
51,44,grandkid,congruent,✅,0.9903964089176496
51,44,cellmate,congruent,✅,0.8641209435394542
51,44,grandkid,incongruent,✅,0.004308198652073981
51,44,cellmate,incongruent,✅,0.08530687072990444
51,45,promoted,congruent,✅,0.9349419676936638
51,45,fired,congruent,✅,0.8913576413746941
51,45,promoted,incongruent,✅,0.4805363847829331
51,45,fired,incongruent,❌,0.7172381344101245
51,46,shooting,congruent,❌,0.14178605702242458
51,46,celebration,congruent,❌,0.3715544381870956
51,46,shooting,incongruent,✅,0.057557431980568806
51,46,celebration,incongruent,✅,0.01930843755178549
51,47,crayon,congruent,✅,0.8318890938199005
51,47,beer,congruent,✅,0.9224713369977281
51,47,crayon,incongruent,✅,0.004812582595255851
51,47,beer,incongruent,✅,0.017559176626484953
51,48,waiter,congruent,✅,0.9087324507978751
51,48,taxi,congruent,✅,0.9221781445546569
51,48,waiter,incongruent,✅,0.47785005453272467
51,48,taxi,incongruent,✅,0.33994612503242827
51,49,parents,congruent,✅,0.9787396594395757
51,49,keys,congruent,✅,0.98013902179571
51,49,parents,incongruent,✅,0.12011936524608022
51,49,keys,incongruent,✅,0.0811741116127859
51,5,distress,congruent,✅,0.8653285242401006
51,5,tranquility,congruent,✅,0.9029885299553263
51,5,distress,incongruent,✅,0.037288072036837844
51,5,tranquility,incongruent,✅,0.08064169886152615
51,50,sofa,congruent,✅,0.9883369398225763
51,50,sky,congruent,✅,0.9982492554537072
51,50,sofa,incongruent,✅,0.3263974521758568
51,50,sky,incongruent,❌,0.5432041191277278
51,51,obesity,congruent,❌,0.0855422650397698
51,51,homework,congruent,✅,0.7437224216387531
51,51,obesity,incongruent,✅,0.015413464840619161
51,51,homework,incongruent,✅,0.046609482473662166
51,52,quiz,congruent,✅,0.9897275381817888
51,52,commute,congruent,✅,0.9840336219383462
51,52,quiz,incongruent,✅,0.10957798641001772
51,52,commute,incongruent,✅,0.1938175581750801
51,53,migraine,congruent,✅,0.9948464296457363
51,53,excitement,congruent,✅,0.9669690412277199
51,53,migraine,incongruent,✅,0.0012966527116348584
51,53,excitement,incongruent,❌,0.5832537167773605
51,54,niece,congruent,✅,0.9511383657654
51,54,husband,congruent,✅,0.9779701180680848
51,54,niece,incongruent,✅,0.38158100350404867
51,54,husband,incongruent,✅,0.41339944253292343
51,55,film,congruent,✅,0.9697142623951679
51,55,sunrise,congruent,✅,0.5102502858874219
51,55,film,incongruent,✅,0.012665465159030385
51,55,sunrise,incongruent,✅,0.04204220081451787
51,56,lecture,congruent,✅,0.9584395919737099
51,56,banquet,congruent,✅,0.9129428781762415
51,56,lecture,incongruent,✅,0.009005331790085556
51,56,banquet,incongruent,✅,0.004555144024490114
51,57,drink,congruent,✅,0.9741565946410333
51,57,textbook,congruent,✅,0.977162211919584
51,57,drink,incongruent,✅,0.08845791915118706
51,57,textbook,incongruent,✅,0.006784525399970481
51,58,pool,congruent,✅,0.9883956674052728
51,58,snow,congruent,✅,0.7305053136692579
51,58,pool,incongruent,✅,0.03933800934384395
51,58,snow,incongruent,✅,0.10838759969274415
51,59,passport,congruent,✅,0.9082054870378516
51,59,plushy,congruent,✅,0.9563781484489743
51,59,passport,incongruent,✅,0.03204442544773324
51,59,plushy,incongruent,✅,0.2029816748986789
51,6,patients,congruent,✅,0.8973330206966449
51,6,students,congruent,✅,0.9374529646714597
51,6,patients,incongruent,✅,0.13740671782582406
51,6,students,incongruent,✅,0.237186782508503
51,60,sister,congruent,✅,0.8747210459399625
51,60,father,congruent,✅,0.7302900085387433
51,60,sister,incongruent,✅,0.20883898912943064
51,60,father,incongruent,✅,0.1221630494136317
51,61,game,congruent,✅,0.9289830163489664
51,61,sunset,congruent,✅,0.9819967117021445
51,61,game,incongruent,✅,0.08600653750526373
51,61,sunset,incongruent,✅,0.019023946279209666
51,62,holidays,congruent,✅,0.9411256181220221
51,62,funeral,congruent,✅,0.7764586033886868
51,62,holidays,incongruent,✅,0.040146804042486814
51,62,funeral,incongruent,✅,0.4319998638036699
51,63,grades,congruent,✅,0.9836492045622172
51,63,affair,congruent,✅,0.9981362568835399
51,63,grades,incongruent,❌,0.7759481839534611
51,63,affair,incongruent,✅,0.05798545664601374
51,64,arrest,congruent,✅,0.762015499796452
51,64,stroke,congruent,✅,0.6028124023152425
51,64,arrest,incongruent,✅,0.3887938323420486
51,64,stroke,incongruent,✅,0.3577802330968867
51,65,pacifier,congruent,✅,0.7810370124105027
51,65,coffee,congruent,✅,0.9145755278686014
51,65,pacifier,incongruent,✅,0.1915994719951902
51,65,coffee,incongruent,✅,0.05727083356181927
51,66,sweets,congruent,✅,0.9672995445631292
51,66,sentencing,congruent,✅,0.9970114959645842
51,66,sweets,incongruent,✅,0.004221567193099465
51,66,sentencing,incongruent,✅,0.0077885601281452565
51,67,nap,congruent,✅,0.9022649900476182
51,67,selfie,congruent,✅,0.9936029804063986
51,67,nap,incongruent,✅,0.0535423224110769
51,67,selfie,incongruent,✅,0.0006962155550363545
51,68,diaper,congruent,✅,0.877612541365039
51,68,tire,congruent,✅,0.990003259866437
51,68,diaper,incongruent,✅,0.009683764915743309
51,68,tire,incongruent,✅,0.011137359288530841
51,69,chemotherapy,congruent,✅,0.9695658226551137
51,69,golf,congruent,✅,0.9316233983033979
51,69,chemotherapy,incongruent,✅,0.050483686995923045
51,69,golf,incongruent,✅,0.3486345627678176
51,7,consensus,congruent,✅,0.9762318711046714
51,7,deadlock,congruent,✅,0.9047197714871821
51,7,consensus,incongruent,✅,0.3294392561276737
51,7,deadlock,incongruent,✅,0.2968353761444954
51,70,thunder,congruent,✅,0.7102524958011326
51,70,lullaby,congruent,✅,0.5987550462158849
51,70,thunder,incongruent,✅,0.023521628344636884
51,70,lullaby,incongruent,✅,0.09378161296179482
51,71,pajamas,congruent,✅,0.9532416110253971
51,71,uniform,congruent,✅,0.9344654537773215
51,71,pajamas,incongruent,✅,0.06956735608580747
51,71,uniform,incongruent,✅,0.0676630678141863
51,72,gown,congruent,✅,0.9295981865861364
51,72,sweats,congruent,✅,0.9060919076746565
51,72,gown,incongruent,✅,0.0315345936041199
51,72,sweats,incongruent,✅,0.28324826298743616
51,73,deadline,congruent,❌,0.30489830425136766
51,73,bed,congruent,✅,0.9639772039962542
51,73,deadline,incongruent,✅,0.15742452150862393
51,73,bed,incongruent,✅,0.013571612618844217
51,74,kindergarten,congruent,✅,0.8681516391267128
51,74,jail,congruent,✅,0.7709042007992739
51,74,kindergarten,incongruent,✅,0.08008145280672253
51,74,jail,incongruent,✅,0.193322221511258
51,75,interrogated,congruent,✅,0.9971845785451025
51,75,tickled,congruent,✅,0.9920551667833126
51,75,interrogated,incongruent,✅,0.049746642012253955
51,75,tickled,incongruent,✅,0.028569680082373674
51,76,sandcastle,congruent,✅,0.992450018214645
51,76,snowman,congruent,✅,0.9946282767316431
51,76,sandcastle,incongruent,✅,0.003669218382621156
51,76,snowman,incongruent,✅,0.01812603471446647
51,77,music,congruent,✅,0.998853932334381
51,77,pizza,congruent,✅,0.9988234982809622
51,77,music,incongruent,✅,0.02242013171387675
51,77,pizza,incongruent,✅,0.004668367597926338
51,78,playoffs,congruent,✅,0.9193449292706166
51,78,cartoon,congruent,✅,0.9854227117531856
51,78,playoffs,incongruent,✅,0.060741185364346306
51,78,cartoon,incongruent,✅,0.05946208847468568
51,79,alcoholism,congruent,✅,0.9351340876010431
51,79,academics,congruent,✅,0.9538557723757816
51,79,alcoholism,incongruent,✅,0.10674035193836154
51,79,academics,incongruent,✅,0.43385144708801743
51,8,engagement,congruent,❌,0.3807135659798336
51,8,cancer,congruent,❌,0.23027841372385324
51,8,engagement,incongruent,✅,0.14841329415277874
51,8,cancer,incongruent,✅,0.11283607314700106
51,9,terminal,congruent,✅,0.8724267111249769
51,9,classroom,congruent,✅,0.9757528647927366
51,9,terminal,incongruent,✅,0.06791890995597165
51,9,classroom,incongruent,✅,0.10340930674084621
52,0,library,congruent,✅,0.9752590814060019
52,0,refrigerator,congruent,✅,0.8190706563782391
52,0,library,incongruent,✅,0.32247391555230476
52,0,refrigerator,incongruent,✅,0.0765244116478685
52,1,disappointment,congruent,❌,0.4780836718816399
52,1,delight,congruent,✅,0.5294359409233245
52,1,disappointment,incongruent,✅,0.048100869528916124
52,1,delight,incongruent,✅,0.05520178186811573
52,10,cash,congruent,✅,0.978613708994752
52,10,groceries,congruent,✅,0.9864262077996875
52,10,cash,incongruent,❌,0.7480937180418593
52,10,groceries,incongruent,✅,0.04168221773118274
52,11,lonely,congruent,✅,0.8372623743097829
52,11,confident,congruent,✅,0.6590463887733455
52,11,lonely,incongruent,✅,0.07365390081482043
52,11,confident,incongruent,✅,0.18829926713964157
52,12,joy,congruent,✅,0.9862990077252972
52,12,outrage,congruent,✅,0.6143710374505388
52,12,joy,incongruent,✅,0.03457601027931605
52,12,outrage,incongruent,❌,0.8633310641772856
52,13,traffic,congruent,✅,0.8906921394828048
52,13,snowstorm,congruent,✅,0.955556499152228
52,13,traffic,incongruent,✅,0.36742479263188055
52,13,snowstorm,incongruent,✅,0.19400946145472683
52,14,laughter,congruent,✅,0.6724367402972009
52,14,frustration,congruent,✅,0.9355078419674497
52,14,laughter,incongruent,✅,0.29162992950319727
52,14,frustration,incongruent,✅,0.11683527130240495
52,15,calculator,congruent,✅,0.809709550306707
52,15,instrument,congruent,✅,0.8646110892066791
52,15,calculator,incongruent,✅,0.259402189817327
52,15,instrument,incongruent,❌,0.5861000338218172
52,16,orchestra,congruent,✅,0.8992074387636722
52,16,racers,congruent,✅,0.9484107091561457
52,16,orchestra,incongruent,✅,0.16582691616566023
52,16,racers,incongruent,✅,0.06184841873762012
52,17,retirement,congruent,✅,0.9737073485295927
52,17,playdate,congruent,✅,0.9674814743396905
52,17,retirement,incongruent,✅,0.2504989319074776
52,17,playdate,incongruent,✅,0.3502427108798854
52,18,relieved,congruent,✅,0.7653296379158896
52,18,depressed,congruent,✅,0.690106866646977
52,18,relieved,incongruent,✅,0.05916602301297961
52,18,depressed,incongruent,❌,0.5684599043818961
52,19,friends,congruent,❌,0.08925482976252912
52,19,weight,congruent,✅,0.8522918218272715
52,19,friends,incongruent,❌,0.5862112773886077
52,19,weight,incongruent,✅,0.013370255653718643
52,2,overcoat,congruent,✅,0.7244830230229421
52,2,sandals,congruent,✅,0.7104958568849558
52,2,overcoat,incongruent,✅,0.11755072796698324
52,2,sandals,incongruent,✅,0.058767482776841774
52,20,lipstick,congruent,✅,0.846936274823876
52,20,song,congruent,✅,0.9836927282215878
52,20,lipstick,incongruent,✅,0.3555242660252336
52,20,song,incongruent,✅,0.3711094382569888
52,21,fought,congruent,✅,0.9940624168000699
52,21,sang,congruent,✅,0.6493603615019176
52,21,fought,incongruent,✅,0.024489663730724524
52,21,sang,incongruent,❌,0.5378580572669603
52,22,skeptical,congruent,✅,0.5367032070061297
52,22,reassured,congruent,❌,0.4674527634379626
52,22,skeptical,incongruent,✅,0.11949348352095629
52,22,reassured,incongruent,✅,0.11558217493540401
52,23,graduation,congruent,✅,0.9888715034631601
52,23,operation,congruent,✅,0.7156659653411387
52,23,graduation,incongruent,✅,0.010233042306823889
52,23,operation,incongruent,✅,0.0643821289066858
52,24,bride,congruent,✅,0.9277604475249079
52,24,aftermath,congruent,✅,0.9665740032335679
52,24,bride,incongruent,✅,0.27860909912729565
52,24,aftermath,incongruent,✅,0.018464372843019626
52,25,teacher,congruent,✅,0.9849956320515254
52,25,daughter,congruent,✅,0.9483991567255334
52,25,teacher,incongruent,✅,0.058896676191285885
52,25,daughter,incongruent,✅,0.01787594190002683
52,26,roommate,congruent,✅,0.8739394665817688
52,26,grandma,congruent,✅,0.9662560573140667
52,26,roommate,incongruent,✅,0.22573120080298267
52,26,grandma,incongruent,✅,0.03303027973275455
52,27,brother,congruent,✅,0.9737960168762605
52,27,mother,congruent,✅,0.9642909993723413
52,27,brother,incongruent,✅,0.10896166929029073
52,27,mother,incongruent,✅,0.021426884445848723
52,28,preschool,congruent,✅,0.8039634132610229
52,28,prison,congruent,✅,0.9531411157920652
52,28,preschool,incongruent,✅,0.02935527448226549
52,28,prison,incongruent,✅,0.11487285633736025
52,29,hopeful,congruent,✅,0.9369856294949074
52,29,hopeless,congruent,✅,0.9745663752970499
52,29,hopeful,incongruent,✅,0.3403905886431774
52,29,hopeless,incongruent,✅,0.010522936753774874
52,3,marathon,congruent,✅,0.8310180209655639
52,3,exam,congruent,✅,0.9485080879858907
52,3,marathon,incongruent,✅,0.11577015149091438
52,3,exam,incongruent,✅,0.0598737949981408
52,30,appalled,congruent,✅,0.9605974988987976
52,30,overjoyed,congruent,✅,0.9257039578429542
52,30,appalled,incongruent,✅,0.3233283929792578
52,30,overjoyed,incongruent,✅,0.19776658940407177
52,31,reprimand,congruent,✅,0.9737879249405247
52,31,encouragement,congruent,✅,0.9843130309295282
52,31,reprimand,incongruent,✅,0.23014936540386802
52,31,encouragement,incongruent,✅,0.04788791022732551
52,32,angrily,congruent,✅,0.9838304432653918
52,32,cordially,congruent,✅,0.9406019790402435
52,32,angrily,incongruent,✅,0.18273345197390342
52,32,cordially,incongruent,✅,0.2680364878808664
52,33,accusatory,congruent,✅,0.9775012110598135
52,33,flirtatious,congruent,✅,0.8881074123102098
52,33,accusatory,incongruent,✅,0.4603020900830106
52,33,flirtatious,incongruent,❌,0.7868461959162876
52,34,disapprovingly,congruent,❌,0.3647760158600038
52,34,lovingly,congruent,❌,0.37197407208321337
52,34,disapprovingly,incongruent,✅,0.051445733554815305
52,34,lovingly,incongruent,✅,0.09890570662897338
52,35,playful,congruent,✅,0.9212765170772776
52,35,distant,congruent,✅,0.940801044681724
52,35,playful,incongruent,✅,0.4493322656631714
52,35,distant,incongruent,✅,0.12129599359458353
52,36,headphones,congruent,✅,0.7504398137803676
52,36,mangoes,congruent,✅,0.7264673551809432
52,36,headphones,incongruent,✅,0.06685392930744712
52,36,mangoes,incongruent,✅,0.051985217187447946
52,37,playroom,congruent,✅,0.9856252818729214
52,37,park,congruent,✅,0.9603136539456057
52,37,playroom,incongruent,✅,0.015811847273745468
52,37,park,incongruent,✅,0.18991300345710282
52,38,bedroom,congruent,✅,0.9638137261772987
52,38,backyard,congruent,✅,0.9161270150766929
52,38,bedroom,incongruent,✅,0.006469938130612357
52,38,backyard,incongruent,✅,0.004608295900752986
52,39,solemnly,congruent,✅,0.8558277783348911
52,39,excitedly,congruent,❌,0.2820604823400248
52,39,solemnly,incongruent,✅,0.1376669607525687
52,39,excitedly,incongruent,✅,0.16014666431394636
52,4,menu,congruent,✅,0.7612422567332937
52,4,prescription,congruent,✅,0.7778472135010125
52,4,menu,incongruent,✅,0.07843203896311889
52,4,prescription,incongruent,✅,0.061445793064825845
52,40,car,congruent,✅,0.6797650071404295
52,40,sock,congruent,✅,0.6010848484229323
52,40,car,incongruent,✅,0.10863741197394383
52,40,sock,incongruent,✅,0.10784711605520354
52,41,overdressed,congruent,✅,0.8333949286332606
52,41,naked,congruent,❌,0.2725800981995757
52,41,overdressed,incongruent,✅,0.013226758556498136
52,41,naked,incongruent,✅,0.2054277130759585
52,42,shy,congruent,✅,0.838058851333693
52,42,lively,congruent,✅,0.8385634238398254
52,42,shy,incongruent,✅,0.005621331399465203
52,42,lively,incongruent,✅,0.049491421592166136
52,43,offended,congruent,✅,0.8797757657916585
52,43,flattered,congruent,✅,0.8042762899389805
52,43,offended,incongruent,✅,0.058243744352556366
52,43,flattered,incongruent,❌,0.5077998270939463
52,44,grandkid,congruent,✅,0.9877550058921359
52,44,cellmate,congruent,✅,0.769926637089891
52,44,grandkid,incongruent,✅,0.004361701303883596
52,44,cellmate,incongruent,✅,0.05772864743929671
52,45,promoted,congruent,✅,0.8688027912380872
52,45,fired,congruent,✅,0.8085416487837281
52,45,promoted,incongruent,✅,0.3382931037890027
52,45,fired,incongruent,❌,0.6652323675740037
52,46,shooting,congruent,❌,0.19411141086149006
52,46,celebration,congruent,❌,0.3356032515139862
52,46,shooting,incongruent,✅,0.05960057338677987
52,46,celebration,incongruent,✅,0.03367326149122898
52,47,crayon,congruent,✅,0.6771434889166739
52,47,beer,congruent,✅,0.9290570956815732
52,47,crayon,incongruent,✅,0.0031990485174505858
52,47,beer,incongruent,✅,0.008211430728448557
52,48,waiter,congruent,✅,0.9321549286425075
52,48,taxi,congruent,✅,0.9456016438864868
52,48,waiter,incongruent,❌,0.6124255089791569
52,48,taxi,incongruent,✅,0.400478307002381
52,49,parents,congruent,✅,0.9717300037728751
52,49,keys,congruent,✅,0.9846442906294427
52,49,parents,incongruent,✅,0.16412344695187092
52,49,keys,incongruent,✅,0.05846716034469184
52,5,distress,congruent,✅,0.8495506453664217
52,5,tranquility,congruent,✅,0.9081355244888492
52,5,distress,incongruent,✅,0.0444243939976028
52,5,tranquility,incongruent,✅,0.09256809232306301
52,50,sofa,congruent,✅,0.9882954483951054
52,50,sky,congruent,✅,0.9972876148990343
52,50,sofa,incongruent,✅,0.3036002729732046
52,50,sky,incongruent,❌,0.5682351560533446
52,51,obesity,congruent,❌,0.05751365362004217
52,51,homework,congruent,✅,0.7032688135976574
52,51,obesity,incongruent,✅,0.015208848482971101
52,51,homework,incongruent,✅,0.03437512325555369
52,52,quiz,congruent,✅,0.9829855839723018
52,52,commute,congruent,✅,0.9816312386365489
52,52,quiz,incongruent,✅,0.09463897265577134
52,52,commute,incongruent,✅,0.16130674065578507
52,53,migraine,congruent,✅,0.9948413987453727
52,53,excitement,congruent,✅,0.9574546222984335
52,53,migraine,incongruent,✅,0.0011614915359124127
52,53,excitement,incongruent,❌,0.6054184880071666
52,54,niece,congruent,✅,0.9466509937883373
52,54,husband,congruent,✅,0.983972341321399
52,54,niece,incongruent,✅,0.45424387276823297
52,54,husband,incongruent,✅,0.4960497016635768
52,55,film,congruent,✅,0.9735551411908113
52,55,sunrise,congruent,❌,0.3762268928566895
52,55,film,incongruent,✅,0.013831439283914284
52,55,sunrise,incongruent,✅,0.07142884487617876
52,56,lecture,congruent,✅,0.9491997647325544
52,56,banquet,congruent,✅,0.8838192082683441
52,56,lecture,incongruent,✅,0.009718765138107675
52,56,banquet,incongruent,✅,0.004916803076913022
52,57,drink,congruent,✅,0.9716684344256706
52,57,textbook,congruent,✅,0.9831139770288759
52,57,drink,incongruent,✅,0.15393955659859715
52,57,textbook,incongruent,✅,0.006110603228512953
52,58,pool,congruent,✅,0.9948468557415482
52,58,snow,congruent,✅,0.8609116179988847
52,58,pool,incongruent,✅,0.11112137039529221
52,58,snow,incongruent,✅,0.2515505928497595
52,59,passport,congruent,✅,0.9100785061582325
52,59,plushy,congruent,✅,0.9713298119216196
52,59,passport,incongruent,✅,0.05440560953978078
52,59,plushy,incongruent,✅,0.17270348377685404
52,6,patients,congruent,✅,0.8983305304588157
52,6,students,congruent,✅,0.9153990048496473
52,6,patients,incongruent,✅,0.11656893718438668
52,6,students,incongruent,✅,0.32035920311539184
52,60,sister,congruent,✅,0.8367911958864784
52,60,father,congruent,✅,0.6949002000489903
52,60,sister,incongruent,✅,0.179301479381359
52,60,father,incongruent,✅,0.09938401107976216
52,61,game,congruent,✅,0.9742692567935395
52,61,sunset,congruent,✅,0.9806149178681316
52,61,game,incongruent,✅,0.10924146946211612
52,61,sunset,incongruent,✅,0.04912273964078954
52,62,holidays,congruent,✅,0.9029600894334243
52,62,funeral,congruent,✅,0.7806908273684835
52,62,holidays,incongruent,✅,0.0391613759778527
52,62,funeral,incongruent,✅,0.37672498142955796
52,63,grades,congruent,✅,0.9596812313784708
52,63,affair,congruent,✅,0.9964261034534014
52,63,grades,incongruent,❌,0.7614035829432186
52,63,affair,incongruent,✅,0.04517084992206755
52,64,arrest,congruent,✅,0.8828638099836441
52,64,stroke,congruent,✅,0.734274704333859
52,64,arrest,incongruent,❌,0.5287185574891444
52,64,stroke,incongruent,❌,0.6100359153156534
52,65,pacifier,congruent,✅,0.6414663406660255
52,65,coffee,congruent,✅,0.8309822355771316
52,65,pacifier,incongruent,✅,0.1571965497145952
52,65,coffee,incongruent,✅,0.056414469690242296
52,66,sweets,congruent,✅,0.9327965411196978
52,66,sentencing,congruent,✅,0.9943333937936122
52,66,sweets,incongruent,✅,0.004015024056017472
52,66,sentencing,incongruent,✅,0.007336721396639465
52,67,nap,congruent,✅,0.9110057620587061
52,67,selfie,congruent,✅,0.9903698880217919
52,67,nap,incongruent,✅,0.047104827699260596
52,67,selfie,incongruent,✅,0.0014045896921852311
52,68,diaper,congruent,✅,0.8813726303625352
52,68,tire,congruent,✅,0.9873710741579567
52,68,diaper,incongruent,✅,0.010563523232334834
52,68,tire,incongruent,✅,0.014192531164088447
52,69,chemotherapy,congruent,✅,0.9594084800247578
52,69,golf,congruent,✅,0.9137607499959454
52,69,chemotherapy,incongruent,✅,0.04615712807611398
52,69,golf,incongruent,✅,0.3583228468023383
52,7,consensus,congruent,✅,0.973181346419256
52,7,deadlock,congruent,✅,0.9022116984207046
52,7,consensus,incongruent,✅,0.31021887109791885
52,7,deadlock,incongruent,✅,0.2768003438644977
52,70,thunder,congruent,❌,0.41774016578385736
52,70,lullaby,congruent,❌,0.4624680823852198
52,70,thunder,incongruent,✅,0.024928680092653897
52,70,lullaby,incongruent,✅,0.0441166089978171
52,71,pajamas,congruent,✅,0.9420682288468869
52,71,uniform,congruent,✅,0.874612792401902
52,71,pajamas,incongruent,✅,0.05413867826223231
52,71,uniform,incongruent,✅,0.12936530598222554
52,72,gown,congruent,✅,0.937881424578598
52,72,sweats,congruent,✅,0.9089489834551098
52,72,gown,incongruent,✅,0.054688052157592225
52,72,sweats,incongruent,✅,0.2640510344177723
52,73,deadline,congruent,❌,0.29437829867295817
52,73,bed,congruent,✅,0.9709073178608258
52,73,deadline,incongruent,✅,0.23426072222623423
52,73,bed,incongruent,✅,0.015097731974951425
52,74,kindergarten,congruent,✅,0.8258838522107047
52,74,jail,congruent,✅,0.7853932938011644
52,74,kindergarten,incongruent,✅,0.09035441559593455
52,74,jail,incongruent,✅,0.18663839103483876
52,75,interrogated,congruent,✅,0.9965102285831
52,75,tickled,congruent,✅,0.9890021497769002
52,75,interrogated,incongruent,✅,0.0885527243270402
52,75,tickled,incongruent,✅,0.02349463624776211
52,76,sandcastle,congruent,✅,0.9884161753323881
52,76,snowman,congruent,✅,0.9894166782874803
52,76,sandcastle,incongruent,✅,0.004605569169302053
52,76,snowman,incongruent,✅,0.01448490991760111
52,77,music,congruent,✅,0.998904603172559
52,77,pizza,congruent,✅,0.998926283212987
52,77,music,incongruent,✅,0.031630499633023765
52,77,pizza,incongruent,✅,0.005612807452660478
52,78,playoffs,congruent,✅,0.9359826394731476
52,78,cartoon,congruent,✅,0.9885284963689753
52,78,playoffs,incongruent,✅,0.0993330536859354
52,78,cartoon,incongruent,✅,0.11298261664427509
52,79,alcoholism,congruent,✅,0.932505144272416
52,79,academics,congruent,✅,0.9591885216614413
52,79,alcoholism,incongruent,✅,0.09452946046549852
52,79,academics,incongruent,✅,0.4105240975174771
52,8,engagement,congruent,❌,0.3802912908660607
52,8,cancer,congruent,❌,0.1817873215733773
52,8,engagement,incongruent,✅,0.0947393774821273
52,8,cancer,incongruent,✅,0.10287822370765534
52,9,terminal,congruent,✅,0.8706659920812426
52,9,classroom,congruent,✅,0.9698632372116297
52,9,terminal,incongruent,✅,0.08635476501570959
52,9,classroom,incongruent,✅,0.14563542529246695
53,0,library,congruent,✅,0.9694077556435406
53,0,refrigerator,congruent,✅,0.7855775414648605
53,0,library,incongruent,✅,0.3482146549543738
53,0,refrigerator,incongruent,✅,0.044375957759472666
53,1,disappointment,congruent,❌,0.37780171988974226
53,1,delight,congruent,❌,0.4678008995281398
53,1,disappointment,incongruent,✅,0.04770783537400626
53,1,delight,incongruent,✅,0.044809729249709815
53,10,cash,congruent,✅,0.9706795945829141
53,10,groceries,congruent,✅,0.9806907601543645
53,10,cash,incongruent,❌,0.7097514600757243
53,10,groceries,incongruent,✅,0.0796892738569848
53,11,lonely,congruent,✅,0.8241357810428511
53,11,confident,congruent,✅,0.6742424868111451
53,11,lonely,incongruent,✅,0.06306223533754181
53,11,confident,incongruent,✅,0.2320137996816449
53,12,joy,congruent,✅,0.9842098499428689
53,12,outrage,congruent,✅,0.7098912251779621
53,12,joy,incongruent,✅,0.06631673546413341
53,12,outrage,incongruent,❌,0.8665399147008276
53,13,traffic,congruent,✅,0.8710546232835304
53,13,snowstorm,congruent,✅,0.9444428703584006
53,13,traffic,incongruent,✅,0.34670496000792606
53,13,snowstorm,incongruent,✅,0.20912403378135136
53,14,laughter,congruent,✅,0.7374938286875757
53,14,frustration,congruent,✅,0.9477418990265858
53,14,laughter,incongruent,✅,0.39423241558789096
53,14,frustration,incongruent,✅,0.15608831430143663
53,15,calculator,congruent,✅,0.7698208764892942
53,15,instrument,congruent,✅,0.873995475360984
53,15,calculator,incongruent,✅,0.3003541798707058
53,15,instrument,incongruent,❌,0.5340633297548075
53,16,orchestra,congruent,✅,0.803445790280724
53,16,racers,congruent,✅,0.9411574283842962
53,16,orchestra,incongruent,✅,0.19656339120654118
53,16,racers,incongruent,✅,0.03429117539103379
53,17,retirement,congruent,✅,0.9652239726615329
53,17,playdate,congruent,✅,0.9714180114039929
53,17,retirement,incongruent,✅,0.3093303934244353
53,17,playdate,incongruent,✅,0.4110259806049909
53,18,relieved,congruent,✅,0.6749476674811347
53,18,depressed,congruent,✅,0.6451296295880331
53,18,relieved,incongruent,✅,0.06774438397408668
53,18,depressed,incongruent,✅,0.47357341254048924
53,19,friends,congruent,❌,0.11626809152397748
53,19,weight,congruent,✅,0.8409900277886316
53,19,friends,incongruent,❌,0.6673776920782261
53,19,weight,incongruent,✅,0.01812527097418099
53,2,overcoat,congruent,✅,0.5992747300994654
53,2,sandals,congruent,✅,0.8129879890681048
53,2,overcoat,incongruent,✅,0.12862689319767184
53,2,sandals,incongruent,✅,0.05681816358551683
53,20,lipstick,congruent,✅,0.8220560085602896
53,20,song,congruent,✅,0.9820183452100385
53,20,lipstick,incongruent,✅,0.3634328057847931
53,20,song,incongruent,✅,0.38090565457714026
53,21,fought,congruent,✅,0.9960766721711387
53,21,sang,congruent,✅,0.7244208644896707
53,21,fought,incongruent,✅,0.02682593354304569
53,21,sang,incongruent,❌,0.6466773718720276
53,22,skeptical,congruent,❌,0.4867062570343395
53,22,reassured,congruent,❌,0.3928082589764838
53,22,skeptical,incongruent,✅,0.09892967214282211
53,22,reassured,incongruent,✅,0.09779389919845946
53,23,graduation,congruent,✅,0.9897234171890767
53,23,operation,congruent,✅,0.78956506482569
53,23,graduation,incongruent,✅,0.01713226441927606
53,23,operation,incongruent,✅,0.06372933210377447
53,24,bride,congruent,✅,0.897781069163618
53,24,aftermath,congruent,✅,0.9572267114071206
53,24,bride,incongruent,✅,0.28527244424131987
53,24,aftermath,incongruent,✅,0.012506359439237783
53,25,teacher,congruent,✅,0.9845603952501679
53,25,daughter,congruent,✅,0.9425503761397315
53,25,teacher,incongruent,✅,0.050968104821330865
53,25,daughter,incongruent,✅,0.02097383700041543
53,26,roommate,congruent,✅,0.879983490883849
53,26,grandma,congruent,✅,0.9509988520993966
53,26,roommate,incongruent,✅,0.21795454105619774
53,26,grandma,incongruent,✅,0.03162980646989214
53,27,brother,congruent,✅,0.9556007875945368
53,27,mother,congruent,✅,0.9346719316881551
53,27,brother,incongruent,✅,0.08383694909339726
53,27,mother,incongruent,✅,0.015711846271580558
53,28,preschool,congruent,✅,0.8161139444491354
53,28,prison,congruent,✅,0.9515454175644432
53,28,preschool,incongruent,✅,0.03331130887234337
53,28,prison,incongruent,✅,0.1085470421776545
53,29,hopeful,congruent,✅,0.9385620523991092
53,29,hopeless,congruent,✅,0.9618632637729506
53,29,hopeful,incongruent,✅,0.30662568673540846
53,29,hopeless,incongruent,✅,0.012843923079806203
53,3,marathon,congruent,✅,0.8792665356477161
53,3,exam,congruent,✅,0.9593404250095388
53,3,marathon,incongruent,✅,0.1763732134510195
53,3,exam,incongruent,✅,0.10571169957921911
53,30,appalled,congruent,✅,0.9235689735830154
53,30,overjoyed,congruent,✅,0.8985858380718749
53,30,appalled,incongruent,✅,0.2791023183532779
53,30,overjoyed,incongruent,✅,0.13243477278633212
53,31,reprimand,congruent,✅,0.9404682239657655
53,31,encouragement,congruent,✅,0.9785457579716382
53,31,reprimand,incongruent,✅,0.22298835084445548
53,31,encouragement,incongruent,✅,0.03623655994897129
53,32,angrily,congruent,✅,0.9727855520518659
53,32,cordially,congruent,✅,0.926819732844863
53,32,angrily,incongruent,✅,0.16276266051856944
53,32,cordially,incongruent,✅,0.24540076396810237
53,33,accusatory,congruent,✅,0.9740576289926957
53,33,flirtatious,congruent,✅,0.8942455411929849
53,33,accusatory,incongruent,❌,0.506180189680188
53,33,flirtatious,incongruent,❌,0.757151070871656
53,34,disapprovingly,congruent,❌,0.4191769042214226
53,34,lovingly,congruent,❌,0.3744896700417413
53,34,disapprovingly,incongruent,✅,0.03959725740435747
53,34,lovingly,incongruent,✅,0.11452346651780262
53,35,playful,congruent,✅,0.9040984351413288
53,35,distant,congruent,✅,0.9171449155918009
53,35,playful,incongruent,✅,0.40563543980473954
53,35,distant,incongruent,✅,0.12718443843394908
53,36,headphones,congruent,✅,0.725238984477246
53,36,mangoes,congruent,✅,0.6664922450468207
53,36,headphones,incongruent,✅,0.05724462285447437
53,36,mangoes,incongruent,✅,0.06002268707966945
53,37,playroom,congruent,✅,0.9820556857732816
53,37,park,congruent,✅,0.9658186522378591
53,37,playroom,incongruent,✅,0.013964298128382157
53,37,park,incongruent,✅,0.21483987467152635
53,38,bedroom,congruent,✅,0.951182963293446
53,38,backyard,congruent,✅,0.8707732443778478
53,38,bedroom,incongruent,✅,0.006939398948759213
53,38,backyard,incongruent,✅,0.004186285718710349
53,39,solemnly,congruent,✅,0.9097404975835874
53,39,excitedly,congruent,❌,0.41220117559577507
53,39,solemnly,incongruent,✅,0.24242770071697248
53,39,excitedly,incongruent,✅,0.32065061562565633
53,4,menu,congruent,✅,0.6979662205001412
53,4,prescription,congruent,✅,0.8079570729771475
53,4,menu,incongruent,✅,0.11163268937716063
53,4,prescription,incongruent,✅,0.06334437705355328
53,40,car,congruent,✅,0.7171352275262138
53,40,sock,congruent,✅,0.5328578075370083
53,40,car,incongruent,✅,0.10421802580792161
53,40,sock,incongruent,✅,0.08569938105876093
53,41,overdressed,congruent,✅,0.8395039034974324
53,41,naked,congruent,❌,0.22461017317137735
53,41,overdressed,incongruent,✅,0.018457744820633688
53,41,naked,incongruent,✅,0.2871827185201471
53,42,shy,congruent,✅,0.9105691477510739
53,42,lively,congruent,✅,0.8276770337816217
53,42,shy,incongruent,✅,0.007890811121179047
53,42,lively,incongruent,✅,0.09583323713371938
53,43,offended,congruent,✅,0.8922664002058524
53,43,flattered,congruent,✅,0.8325830071665472
53,43,offended,incongruent,✅,0.07835329474844036
53,43,flattered,incongruent,❌,0.5460478000289476
53,44,grandkid,congruent,✅,0.9835240147886481
53,44,cellmate,congruent,✅,0.7817230299386831
53,44,grandkid,incongruent,✅,0.007310037689644968
53,44,cellmate,incongruent,✅,0.047876419779460534
53,45,promoted,congruent,✅,0.8603815083329799
53,45,fired,congruent,✅,0.8605716743182364
53,45,promoted,incongruent,✅,0.39972060193013886
53,45,fired,incongruent,❌,0.6724808011816448
53,46,shooting,congruent,❌,0.18469568340840417
53,46,celebration,congruent,❌,0.3135938978166485
53,46,shooting,incongruent,✅,0.06424143232093739
53,46,celebration,incongruent,✅,0.03646546409619614
53,47,crayon,congruent,✅,0.6043791822090722
53,47,beer,congruent,✅,0.9204043553754868
53,47,crayon,incongruent,✅,0.002854255740760321
53,47,beer,incongruent,✅,0.008896909878284193
53,48,waiter,congruent,✅,0.8870494642199859
53,48,taxi,congruent,✅,0.9435753714147836
53,48,waiter,incongruent,❌,0.5938343235172963
53,48,taxi,incongruent,✅,0.3981993634310328
53,49,parents,congruent,✅,0.9706686476122423
53,49,keys,congruent,✅,0.9852084700629886
53,49,parents,incongruent,✅,0.22614341359401427
53,49,keys,incongruent,✅,0.10184179627793201
53,5,distress,congruent,✅,0.8290766403752046
53,5,tranquility,congruent,✅,0.9092544333761124
53,5,distress,incongruent,✅,0.051776909708305494
53,5,tranquility,incongruent,✅,0.09649601513900896
53,50,sofa,congruent,✅,0.9888983908951804
53,50,sky,congruent,✅,0.9981474914695283
53,50,sofa,incongruent,✅,0.37479479783414354
53,50,sky,incongruent,❌,0.649230315366882
53,51,obesity,congruent,❌,0.06058019157381379
53,51,homework,congruent,✅,0.6886932574616543
53,51,obesity,incongruent,✅,0.01924644373303723
53,51,homework,incongruent,✅,0.03749078490454352
53,52,quiz,congruent,✅,0.9777367744278813
53,52,commute,congruent,✅,0.9575475705414337
53,52,quiz,incongruent,✅,0.06599655553830473
53,52,commute,incongruent,✅,0.12985020058694188
53,53,migraine,congruent,✅,0.9943957403816167
53,53,excitement,congruent,✅,0.9538454846412847
53,53,migraine,incongruent,✅,0.0011744265212125802
53,53,excitement,incongruent,❌,0.6525916381040067
53,54,niece,congruent,✅,0.958866048161007
53,54,husband,congruent,✅,0.9803517208554644
53,54,niece,incongruent,✅,0.4962095709103903
53,54,husband,incongruent,❌,0.5987595413894603
53,55,film,congruent,✅,0.9748500703326283
53,55,sunrise,congruent,❌,0.32326601232195074
53,55,film,incongruent,✅,0.012483773797291065
53,55,sunrise,incongruent,✅,0.09373051743180598
53,56,lecture,congruent,✅,0.9450441367418753
53,56,banquet,congruent,✅,0.8675633717352852
53,56,lecture,incongruent,✅,0.011202846969470878
53,56,banquet,incongruent,✅,0.006135482940839305
53,57,drink,congruent,✅,0.9671011394188403
53,57,textbook,congruent,✅,0.9779042033444777
53,57,drink,incongruent,✅,0.1500052105106504
53,57,textbook,incongruent,✅,0.007194518255750566
53,58,pool,congruent,✅,0.9898904998408261
53,58,snow,congruent,✅,0.8812083897134306
53,58,pool,incongruent,✅,0.13948551821046254
53,58,snow,incongruent,✅,0.2719541794016942
53,59,passport,congruent,✅,0.9200335013537672
53,59,plushy,congruent,✅,0.9788011737023572
53,59,passport,incongruent,✅,0.10910258085932993
53,59,plushy,incongruent,✅,0.2297712611797228
53,6,patients,congruent,✅,0.8948330052109827
53,6,students,congruent,✅,0.9343897095562502
53,6,patients,incongruent,✅,0.11320315941402795
53,6,students,incongruent,✅,0.3236299458272488
53,60,sister,congruent,✅,0.8152602451739233
53,60,father,congruent,✅,0.6114572043009473
53,60,sister,incongruent,✅,0.1715116099142554
53,60,father,incongruent,✅,0.09958251633597917
53,61,game,congruent,✅,0.9774255315173379
53,61,sunset,congruent,✅,0.9798247990069539
53,61,game,incongruent,✅,0.11142801320913126
53,61,sunset,incongruent,✅,0.07095952904262824
53,62,holidays,congruent,✅,0.9182440960797698
53,62,funeral,congruent,✅,0.746524177967251
53,62,holidays,incongruent,✅,0.04969762273523677
53,62,funeral,incongruent,✅,0.41384831147257345
53,63,grades,congruent,✅,0.9474806485947181
53,63,affair,congruent,✅,0.9944709716124218
53,63,grades,incongruent,❌,0.7252824366993684
53,63,affair,incongruent,✅,0.0324183492799437
53,64,arrest,congruent,✅,0.8593682532542206
53,64,stroke,congruent,✅,0.7737513677673653
53,64,arrest,incongruent,❌,0.5884601140997316
53,64,stroke,incongruent,❌,0.6269307154772259
53,65,pacifier,congruent,✅,0.6589679573260236
53,65,coffee,congruent,✅,0.8457667802243286
53,65,pacifier,incongruent,✅,0.21028339245234695
53,65,coffee,incongruent,✅,0.0632053877705388
53,66,sweets,congruent,✅,0.9473463296040407
53,66,sentencing,congruent,✅,0.9955243506419897
53,66,sweets,incongruent,✅,0.0082105984530161
53,66,sentencing,incongruent,✅,0.01698245695141678
53,67,nap,congruent,✅,0.9308606459289932
53,67,selfie,congruent,✅,0.9920242294576758
53,67,nap,incongruent,✅,0.06384624555816035
53,67,selfie,incongruent,✅,0.002151149973720733
53,68,diaper,congruent,✅,0.8056873940859851
53,68,tire,congruent,✅,0.9897001630500031
53,68,diaper,incongruent,✅,0.01995826853055267
53,68,tire,incongruent,✅,0.016587860975801266
53,69,chemotherapy,congruent,✅,0.9506395010530649
53,69,golf,congruent,✅,0.9141605179295047
53,69,chemotherapy,incongruent,✅,0.05970013399509974
53,69,golf,incongruent,✅,0.29945535315508626
53,7,consensus,congruent,✅,0.9860552694018887
53,7,deadlock,congruent,✅,0.9044152023742734
53,7,consensus,incongruent,✅,0.3673809267078774
53,7,deadlock,incongruent,✅,0.4541338107812662
53,70,thunder,congruent,❌,0.42189384181931766
53,70,lullaby,congruent,❌,0.49318143207766013
53,70,thunder,incongruent,✅,0.04814180942568383
53,70,lullaby,incongruent,✅,0.0888245966608759
53,71,pajamas,congruent,✅,0.9447291996586512
53,71,uniform,congruent,✅,0.8356018129733217
53,71,pajamas,incongruent,✅,0.05817684139977937
53,71,uniform,incongruent,✅,0.19389459744800364
53,72,gown,congruent,✅,0.9475140956008201
53,72,sweats,congruent,✅,0.8757550721166568
53,72,gown,incongruent,✅,0.04507082114626166
53,72,sweats,incongruent,✅,0.3653188945701893
53,73,deadline,congruent,❌,0.34649379220329224
53,73,bed,congruent,✅,0.974323539492187
53,73,deadline,incongruent,✅,0.23170800723808607
53,73,bed,incongruent,✅,0.019990528972351342
53,74,kindergarten,congruent,✅,0.8128580040568694
53,74,jail,congruent,✅,0.7319984933659492
53,74,kindergarten,incongruent,✅,0.07208192304569586
53,74,jail,incongruent,✅,0.22189476233620326
53,75,interrogated,congruent,✅,0.9960536599980059
53,75,tickled,congruent,✅,0.988955254659375
53,75,interrogated,incongruent,✅,0.1295302604638608
53,75,tickled,incongruent,✅,0.04812988332735916
53,76,sandcastle,congruent,✅,0.9778291594078385
53,76,snowman,congruent,✅,0.9878979974915671
53,76,sandcastle,incongruent,✅,0.005243265988970583
53,76,snowman,incongruent,✅,0.009940245903387185
53,77,music,congruent,✅,0.9990954154793739
53,77,pizza,congruent,✅,0.999068208515253
53,77,music,incongruent,✅,0.03931376658358997
53,77,pizza,incongruent,✅,0.0073093967599431415
53,78,playoffs,congruent,✅,0.8946611304975457
53,78,cartoon,congruent,✅,0.9850181110269814
53,78,playoffs,incongruent,✅,0.0933367415254436
53,78,cartoon,incongruent,✅,0.10341056093222312
53,79,alcoholism,congruent,✅,0.9431325464485685
53,79,academics,congruent,✅,0.957408089164323
53,79,alcoholism,incongruent,✅,0.11628354987055567
53,79,academics,incongruent,✅,0.4841272164081646
53,8,engagement,congruent,❌,0.34670494856163925
53,8,cancer,congruent,❌,0.11834488398517591
53,8,engagement,incongruent,✅,0.06655996687827725
53,8,cancer,incongruent,✅,0.09453098337751097
53,9,terminal,congruent,✅,0.865112959699113
53,9,classroom,congruent,✅,0.9570743688278807
53,9,terminal,incongruent,✅,0.10407416617778767
53,9,classroom,incongruent,✅,0.15058439501725748
54,0,library,congruent,✅,0.9809288749847984
54,0,refrigerator,congruent,✅,0.8270146820908162
54,0,library,incongruent,✅,0.3793600986733821
54,0,refrigerator,incongruent,✅,0.09792406839249058
54,1,disappointment,congruent,❌,0.4004435348009721
54,1,delight,congruent,✅,0.5019650117842116
54,1,disappointment,incongruent,✅,0.0638366670638502
54,1,delight,incongruent,✅,0.054651220598392204
54,10,cash,congruent,✅,0.9668583652499124
54,10,groceries,congruent,✅,0.9814987720686739
54,10,cash,incongruent,❌,0.6803966808097842
54,10,groceries,incongruent,✅,0.07585564259897291
54,11,lonely,congruent,✅,0.804259715997609
54,11,confident,congruent,✅,0.7161216690021409
54,11,lonely,incongruent,✅,0.10236711171568297
54,11,confident,incongruent,✅,0.27286061591375077
54,12,joy,congruent,✅,0.9832816659803951
54,12,outrage,congruent,✅,0.7142909170645932
54,12,joy,incongruent,✅,0.07013002394955883
54,12,outrage,incongruent,❌,0.8871606118138282
54,13,traffic,congruent,✅,0.8479516975744514
54,13,snowstorm,congruent,✅,0.8852389583941467
54,13,traffic,incongruent,✅,0.2029156966295447
54,13,snowstorm,incongruent,✅,0.1741541120910688
54,14,laughter,congruent,✅,0.7858338750319109
54,14,frustration,congruent,✅,0.9472792016282735
54,14,laughter,incongruent,✅,0.43251213416181766
54,14,frustration,incongruent,✅,0.21080903206016444
54,15,calculator,congruent,✅,0.74519080184374
54,15,instrument,congruent,✅,0.8528519524780345
54,15,calculator,incongruent,✅,0.2992020165554617
54,15,instrument,incongruent,❌,0.553443590820467
54,16,orchestra,congruent,✅,0.7102443327041816
54,16,racers,congruent,✅,0.9214663711304053
54,16,orchestra,incongruent,✅,0.15812280626404737
54,16,racers,incongruent,✅,0.027800813604952294
54,17,retirement,congruent,✅,0.949395103348931
54,17,playdate,congruent,✅,0.954943924665716
54,17,retirement,incongruent,✅,0.33083370928385425
54,17,playdate,incongruent,✅,0.337833108556371
54,18,relieved,congruent,✅,0.7098868540472894
54,18,depressed,congruent,✅,0.6839389781050209
54,18,relieved,incongruent,✅,0.09359487584762596
54,18,depressed,incongruent,✅,0.48784165601826
54,19,friends,congruent,❌,0.09991222838260622
54,19,weight,congruent,✅,0.8972462374408098
54,19,friends,incongruent,❌,0.7037737024756386
54,19,weight,incongruent,✅,0.016880296375963836
54,2,overcoat,congruent,✅,0.6845864388600709
54,2,sandals,congruent,✅,0.8605049849549138
54,2,overcoat,incongruent,✅,0.19640821235106065
54,2,sandals,incongruent,✅,0.06153858444645146
54,20,lipstick,congruent,✅,0.8349339043028782
54,20,song,congruent,✅,0.9823397416848865
54,20,lipstick,incongruent,✅,0.49612394962288625
54,20,song,incongruent,✅,0.4109962153332756
54,21,fought,congruent,✅,0.9978309237911834
54,21,sang,congruent,✅,0.6508109930959499
54,21,fought,incongruent,✅,0.027988047152866465
54,21,sang,incongruent,❌,0.7442896588758947
54,22,skeptical,congruent,❌,0.49590563386337827
54,22,reassured,congruent,❌,0.36540909395914006
54,22,skeptical,incongruent,✅,0.09277014803144154
54,22,reassured,incongruent,✅,0.07882579082579745
54,23,graduation,congruent,✅,0.9899771525722096
54,23,operation,congruent,✅,0.8063843541805685
54,23,graduation,incongruent,✅,0.018053795062855697
54,23,operation,incongruent,✅,0.05888912548040791
54,24,bride,congruent,✅,0.9410887663522558
54,24,aftermath,congruent,✅,0.9632677665704715
54,24,bride,incongruent,✅,0.35263086620955786
54,24,aftermath,incongruent,✅,0.01886431255778197
54,25,teacher,congruent,✅,0.9845025109988519
54,25,daughter,congruent,✅,0.9290887060416626
54,25,teacher,incongruent,✅,0.03828523005872367
54,25,daughter,incongruent,✅,0.017702847562558445
54,26,roommate,congruent,✅,0.8588222183784873
54,26,grandma,congruent,✅,0.9205746041864907
54,26,roommate,incongruent,✅,0.21415400133755025
54,26,grandma,incongruent,✅,0.02206041656935169
54,27,brother,congruent,✅,0.9286022938202663
54,27,mother,congruent,✅,0.9389154850742126
54,27,brother,incongruent,✅,0.09975094874838536
54,27,mother,incongruent,✅,0.012718537412156082
54,28,preschool,congruent,✅,0.8630001074228503
54,28,prison,congruent,✅,0.937743503581931
54,28,preschool,incongruent,✅,0.03462770304051112
54,28,prison,incongruent,✅,0.12495074892185054
54,29,hopeful,congruent,✅,0.9165261824813081
54,29,hopeless,congruent,✅,0.9641959654774883
54,29,hopeful,incongruent,✅,0.2998501928983409
54,29,hopeless,incongruent,✅,0.011771314232862743
54,3,marathon,congruent,✅,0.8939913399736773
54,3,exam,congruent,✅,0.9462884130616968
54,3,marathon,incongruent,✅,0.11050933144895073
54,3,exam,incongruent,✅,0.15438494517155918
54,30,appalled,congruent,✅,0.912119195136347
54,30,overjoyed,congruent,✅,0.8907622533956563
54,30,appalled,incongruent,✅,0.2681404981321891
54,30,overjoyed,incongruent,✅,0.13850348417649178
54,31,reprimand,congruent,✅,0.9450447830827778
54,31,encouragement,congruent,✅,0.9832687625585389
54,31,reprimand,incongruent,✅,0.2622782167794388
54,31,encouragement,incongruent,✅,0.045937689585826634
54,32,angrily,congruent,✅,0.9650793283288728
54,32,cordially,congruent,✅,0.8682900174740421
54,32,angrily,incongruent,✅,0.11940632862113112
54,32,cordially,incongruent,✅,0.19425420521570086
54,33,accusatory,congruent,✅,0.9755758435337152
54,33,flirtatious,congruent,✅,0.8861086727800885
54,33,accusatory,incongruent,❌,0.5381364486306935
54,33,flirtatious,incongruent,❌,0.7599080577411892
54,34,disapprovingly,congruent,✅,0.5600152936921777
54,34,lovingly,congruent,❌,0.4963058053395681
54,34,disapprovingly,incongruent,✅,0.05005529057395109
54,34,lovingly,incongruent,✅,0.1775379504400394
54,35,playful,congruent,✅,0.8406053317300662
54,35,distant,congruent,✅,0.7778635191835437
54,35,playful,incongruent,✅,0.1747668826013172
54,35,distant,incongruent,✅,0.12561025397050216
54,36,headphones,congruent,✅,0.5762494654274466
54,36,mangoes,congruent,❌,0.38423084507685346
54,36,headphones,incongruent,✅,0.03449228644288274
54,36,mangoes,incongruent,✅,0.04786963995711353
54,37,playroom,congruent,✅,0.9762447690002396
54,37,park,congruent,✅,0.9738653615507379
54,37,playroom,incongruent,✅,0.018220262654572723
54,37,park,incongruent,✅,0.1930901439136041
54,38,bedroom,congruent,✅,0.9295115683121216
54,38,backyard,congruent,✅,0.8758558138762496
54,38,bedroom,incongruent,✅,0.010263623874876261
54,38,backyard,incongruent,✅,0.004335407875190883
54,39,solemnly,congruent,✅,0.87056059654638
54,39,excitedly,congruent,❌,0.3813025134325113
54,39,solemnly,incongruent,✅,0.2033487437118495
54,39,excitedly,incongruent,✅,0.28033125734683095
54,4,menu,congruent,✅,0.6833999849558396
54,4,prescription,congruent,✅,0.8624371752870656
54,4,menu,incongruent,✅,0.15918870080993952
54,4,prescription,incongruent,✅,0.07642293595484245
54,40,car,congruent,✅,0.830186164551318
54,40,sock,congruent,✅,0.6887769178866349
54,40,car,incongruent,✅,0.16539530312971348
54,40,sock,incongruent,✅,0.098421664432901
54,41,overdressed,congruent,✅,0.8826074755791924
54,41,naked,congruent,❌,0.13819588399308355
54,41,overdressed,incongruent,✅,0.01042784476167083
54,41,naked,incongruent,✅,0.30422078747952946
54,42,shy,congruent,✅,0.901088633428242
54,42,lively,congruent,✅,0.8221775187496511
54,42,shy,incongruent,✅,0.007165543804934669
54,42,lively,incongruent,✅,0.05634105352552224
54,43,offended,congruent,✅,0.8477864972530349
54,43,flattered,congruent,✅,0.8013624455283989
54,43,offended,incongruent,✅,0.06381710782703721
54,43,flattered,incongruent,✅,0.4388823834079622
54,44,grandkid,congruent,✅,0.9898303618399454
54,44,cellmate,congruent,✅,0.7921041998083803
54,44,grandkid,incongruent,✅,0.007631764292693642
54,44,cellmate,incongruent,✅,0.04710285961085868
54,45,promoted,congruent,✅,0.8109309448674573
54,45,fired,congruent,✅,0.828883504042661
54,45,promoted,incongruent,✅,0.38424459357267815
54,45,fired,incongruent,❌,0.6276899113891415
54,46,shooting,congruent,❌,0.24195937413125337
54,46,celebration,congruent,❌,0.34209158611378654
54,46,shooting,incongruent,✅,0.06579786462980404
54,46,celebration,incongruent,✅,0.038240099560886504
54,47,crayon,congruent,✅,0.5521115948829247
54,47,beer,congruent,✅,0.9172797873517485
54,47,crayon,incongruent,✅,0.0027565256996124003
54,47,beer,incongruent,✅,0.009406705184160877
54,48,waiter,congruent,✅,0.9227829490802987
54,48,taxi,congruent,✅,0.9349636577680529
54,48,waiter,incongruent,❌,0.6054719667089826
54,48,taxi,incongruent,❌,0.5186809984245692
54,49,parents,congruent,✅,0.9638642846933526
54,49,keys,congruent,✅,0.988250411231069
54,49,parents,incongruent,✅,0.2751355828118931
54,49,keys,incongruent,✅,0.1071908451000394
54,5,distress,congruent,✅,0.833854998953258
54,5,tranquility,congruent,✅,0.9270110051841065
54,5,distress,incongruent,✅,0.08634457088789697
54,5,tranquility,incongruent,✅,0.13516812278277324
54,50,sofa,congruent,✅,0.9925928992802806
54,50,sky,congruent,✅,0.9979317221375924
54,50,sofa,incongruent,✅,0.4054884585633524
54,50,sky,incongruent,❌,0.766659695149679
54,51,obesity,congruent,❌,0.03619593793724934
54,51,homework,congruent,✅,0.6426115263809427
54,51,obesity,incongruent,✅,0.023128958127702492
54,51,homework,incongruent,✅,0.023091674686858174
54,52,quiz,congruent,✅,0.9763592989287229
54,52,commute,congruent,✅,0.9400542671503487
54,52,quiz,incongruent,✅,0.07167271257225083
54,52,commute,incongruent,✅,0.149207941021433
54,53,migraine,congruent,✅,0.9897976585328072
54,53,excitement,congruent,✅,0.9495837836665627
54,53,migraine,incongruent,✅,0.001532970378818367
54,53,excitement,incongruent,❌,0.5697867495724352
54,54,niece,congruent,✅,0.9665001950338767
54,54,husband,congruent,✅,0.9756355629846256
54,54,niece,incongruent,✅,0.4859294952130863
54,54,husband,incongruent,❌,0.6523041839357537
54,55,film,congruent,✅,0.9803730451099713
54,55,sunrise,congruent,❌,0.33884359109445156
54,55,film,incongruent,✅,0.019302409293558916
54,55,sunrise,incongruent,✅,0.1364506368472709
54,56,lecture,congruent,✅,0.9374805566041899
54,56,banquet,congruent,✅,0.8492505520496798
54,56,lecture,incongruent,✅,0.008426866619330675
54,56,banquet,incongruent,✅,0.007004981829693734
54,57,drink,congruent,✅,0.9753597641349568
54,57,textbook,congruent,✅,0.96711547972476
54,57,drink,incongruent,✅,0.1492097797560183
54,57,textbook,incongruent,✅,0.010851255493226348
54,58,pool,congruent,✅,0.9855205335880326
54,58,snow,congruent,✅,0.8424625934308717
54,58,pool,incongruent,✅,0.14483893885969257
54,58,snow,incongruent,✅,0.22395021339495297
54,59,passport,congruent,✅,0.9266010675311787
54,59,plushy,congruent,✅,0.9695270360824542
54,59,passport,incongruent,✅,0.09075886159576962
54,59,plushy,incongruent,✅,0.26467288082708307
54,6,patients,congruent,✅,0.9334243921910665
54,6,students,congruent,✅,0.9240461090374427
54,6,patients,incongruent,✅,0.16351413015784633
54,6,students,incongruent,✅,0.4113195389884821
54,60,sister,congruent,✅,0.830087818659293
54,60,father,congruent,✅,0.6291136489007263
54,60,sister,incongruent,✅,0.20682544380021517
54,60,father,incongruent,✅,0.12542964238850177
54,61,game,congruent,✅,0.9854396292258546
54,61,sunset,congruent,✅,0.9862388913383691
54,61,game,incongruent,✅,0.13006350360412844
54,61,sunset,incongruent,✅,0.16398347363504878
54,62,holidays,congruent,✅,0.8489652027680789
54,62,funeral,congruent,✅,0.6912262771378024
54,62,holidays,incongruent,✅,0.05381989960209565
54,62,funeral,incongruent,✅,0.27306961873856794
54,63,grades,congruent,✅,0.947107149939701
54,63,affair,congruent,✅,0.9958239436935015
54,63,grades,incongruent,❌,0.815705758958988
54,63,affair,incongruent,✅,0.04145961990648119
54,64,arrest,congruent,✅,0.805649379221065
54,64,stroke,congruent,✅,0.8332032641993758
54,64,arrest,incongruent,❌,0.6846022540978486
54,64,stroke,incongruent,❌,0.5979948056727
54,65,pacifier,congruent,✅,0.6160698309737066
54,65,coffee,congruent,✅,0.7922305133654902
54,65,pacifier,incongruent,✅,0.13771153573830705
54,65,coffee,incongruent,✅,0.04939079596133727
54,66,sweets,congruent,✅,0.9484829896583902
54,66,sentencing,congruent,✅,0.994588013642686
54,66,sweets,incongruent,✅,0.008894534597770986
54,66,sentencing,incongruent,✅,0.03239317583429455
54,67,nap,congruent,✅,0.9325107293778491
54,67,selfie,congruent,✅,0.9951254960191456
54,67,nap,incongruent,✅,0.1411757372988499
54,67,selfie,incongruent,✅,0.005217924979285414
54,68,diaper,congruent,✅,0.8938339407083588
54,68,tire,congruent,✅,0.9915746624356924
54,68,diaper,incongruent,✅,0.025773077996446705
54,68,tire,incongruent,✅,0.026273461192949536
54,69,chemotherapy,congruent,✅,0.9457801805298585
54,69,golf,congruent,✅,0.8749180222671801
54,69,chemotherapy,incongruent,✅,0.025076064251546175
54,69,golf,incongruent,✅,0.33763997558280123
54,7,consensus,congruent,✅,0.9901446927893653
54,7,deadlock,congruent,✅,0.9130082129735485
54,7,consensus,incongruent,✅,0.4688187221968984
54,7,deadlock,incongruent,❌,0.5253159673898301
54,70,thunder,congruent,❌,0.3974602559922067
54,70,lullaby,congruent,❌,0.46183413355956837
54,70,thunder,incongruent,✅,0.05024783459872695
54,70,lullaby,incongruent,✅,0.09037037840111665
54,71,pajamas,congruent,✅,0.9493575485458073
54,71,uniform,congruent,✅,0.8617914976386154
54,71,pajamas,incongruent,✅,0.06993625646018002
54,71,uniform,incongruent,✅,0.22336382428013155
54,72,gown,congruent,✅,0.9306730305523115
54,72,sweats,congruent,✅,0.7814840626967866
54,72,gown,incongruent,✅,0.026795261472965907
54,72,sweats,incongruent,✅,0.35035956237566235
54,73,deadline,congruent,❌,0.42978375354725035
54,73,bed,congruent,✅,0.9642270281581125
54,73,deadline,incongruent,✅,0.17145939490597034
54,73,bed,incongruent,✅,0.03503314384333501
54,74,kindergarten,congruent,✅,0.8178734893273935
54,74,jail,congruent,✅,0.7260766930750908
54,74,kindergarten,incongruent,✅,0.09098082543613782
54,74,jail,incongruent,✅,0.24105470136375654
54,75,interrogated,congruent,✅,0.997369142654531
54,75,tickled,congruent,✅,0.9862123889105832
54,75,interrogated,incongruent,✅,0.11333844730733822
54,75,tickled,incongruent,✅,0.07865827522613557
54,76,sandcastle,congruent,✅,0.9792225844321457
54,76,snowman,congruent,✅,0.9885220641290183
54,76,sandcastle,incongruent,✅,0.006412922747215231
54,76,snowman,incongruent,✅,0.0074969686695992846
54,77,music,congruent,✅,0.9988690835279939
54,77,pizza,congruent,✅,0.9982782948856478
54,77,music,incongruent,✅,0.04211771240899216
54,77,pizza,incongruent,✅,0.008631519729249016
54,78,playoffs,congruent,✅,0.8641545313287793
54,78,cartoon,congruent,✅,0.9826054365400575
54,78,playoffs,incongruent,✅,0.08400205517175534
54,78,cartoon,incongruent,✅,0.10289783947179154
54,79,alcoholism,congruent,✅,0.9520907158895747
54,79,academics,congruent,✅,0.9650081568800302
54,79,alcoholism,incongruent,✅,0.2246193692089798
54,79,academics,incongruent,❌,0.556178503071194
54,8,engagement,congruent,❌,0.27077968951281123
54,8,cancer,congruent,❌,0.09219009719764638
54,8,engagement,incongruent,✅,0.0780253329982168
54,8,cancer,incongruent,✅,0.07341273931004362
54,9,terminal,congruent,✅,0.7575903697659836
54,9,classroom,congruent,✅,0.9357426639426447
54,9,terminal,incongruent,✅,0.07872000878182926
54,9,classroom,incongruent,✅,0.12022117835353865
55,0,library,congruent,✅,0.9849592410653741
55,0,refrigerator,congruent,✅,0.825544903273414
55,0,library,incongruent,✅,0.39756498474168617
55,0,refrigerator,incongruent,✅,0.13379090678552508
55,1,disappointment,congruent,❌,0.3988722488038893
55,1,delight,congruent,❌,0.4344181946215956
55,1,disappointment,incongruent,✅,0.05350223823312214
55,1,delight,incongruent,✅,0.05990895712739126
55,10,cash,congruent,✅,0.9758663505763411
55,10,groceries,congruent,✅,0.9855777138971448
55,10,cash,incongruent,❌,0.7805872001397012
55,10,groceries,incongruent,✅,0.14374712687198696
55,11,lonely,congruent,✅,0.8043519379578663
55,11,confident,congruent,✅,0.6981042953760228
55,11,lonely,incongruent,✅,0.11927073395144316
55,11,confident,incongruent,✅,0.27839164159876545
55,12,joy,congruent,✅,0.9725348892240914
55,12,outrage,congruent,✅,0.604806104299272
55,12,joy,incongruent,✅,0.05355658425655192
55,12,outrage,incongruent,❌,0.8357063941113811
55,13,traffic,congruent,✅,0.8665454167093761
55,13,snowstorm,congruent,✅,0.8872155150752804
55,13,traffic,incongruent,✅,0.20562808662904714
55,13,snowstorm,incongruent,✅,0.22080575000006453
55,14,laughter,congruent,✅,0.8639225942155159
55,14,frustration,congruent,✅,0.9480294702954414
55,14,laughter,incongruent,❌,0.5142863574759134
55,14,frustration,incongruent,✅,0.281882996399422
55,15,calculator,congruent,✅,0.7973045791305462
55,15,instrument,congruent,✅,0.8902472680864028
55,15,calculator,incongruent,✅,0.4190817449522752
55,15,instrument,incongruent,❌,0.6891384563425805
55,16,orchestra,congruent,✅,0.725075597055917
55,16,racers,congruent,✅,0.9311079416322725
55,16,orchestra,incongruent,✅,0.21093504753557457
55,16,racers,incongruent,✅,0.028529522017988914
55,17,retirement,congruent,✅,0.9511030630019798
55,17,playdate,congruent,✅,0.962496400868083
55,17,retirement,incongruent,✅,0.2737087933769767
55,17,playdate,incongruent,✅,0.42050877271967585
55,18,relieved,congruent,✅,0.7645559903704287
55,18,depressed,congruent,✅,0.7476493530997097
55,18,relieved,incongruent,✅,0.12406364686023072
55,18,depressed,incongruent,❌,0.5600207473502087
55,19,friends,congruent,❌,0.07762594432981111
55,19,weight,congruent,✅,0.8920681740850301
55,19,friends,incongruent,❌,0.7564501899925088
55,19,weight,incongruent,✅,0.013809703576802848
55,2,overcoat,congruent,✅,0.8080306469978834
55,2,sandals,congruent,✅,0.8459670157365137
55,2,overcoat,incongruent,✅,0.19344953230845047
55,2,sandals,incongruent,✅,0.1480115957820746
55,20,lipstick,congruent,✅,0.8470596877204605
55,20,song,congruent,✅,0.9806127761148853
55,20,lipstick,incongruent,❌,0.5442676069259667
55,20,song,incongruent,✅,0.44675759949802685
55,21,fought,congruent,✅,0.9969105114046155
55,21,sang,congruent,✅,0.5352194878592842
55,21,fought,incongruent,✅,0.022575318596376088
55,21,sang,incongruent,❌,0.7100334351222773
55,22,skeptical,congruent,❌,0.47398962874630524
55,22,reassured,congruent,❌,0.42191105525223116
55,22,skeptical,incongruent,✅,0.10859388441953464
55,22,reassured,incongruent,✅,0.07808108893934518
55,23,graduation,congruent,✅,0.9837864510185148
55,23,operation,congruent,✅,0.782288032464321
55,23,graduation,incongruent,✅,0.020620792211200546
55,23,operation,incongruent,✅,0.04721434184355823
55,24,bride,congruent,✅,0.907592505749795
55,24,aftermath,congruent,✅,0.9660024170884148
55,24,bride,incongruent,✅,0.4264778910992438
55,24,aftermath,incongruent,✅,0.012064490552320962
55,25,teacher,congruent,✅,0.9915735712063461
55,25,daughter,congruent,✅,0.9449397557682663
55,25,teacher,incongruent,✅,0.03151497613969755
55,25,daughter,incongruent,✅,0.034408102637426004
55,26,roommate,congruent,✅,0.8578969267763954
55,26,grandma,congruent,✅,0.87695787364348
55,26,roommate,incongruent,✅,0.2217048037755678
55,26,grandma,incongruent,✅,0.02136620232124052
55,27,brother,congruent,✅,0.9148062085429763
55,27,mother,congruent,✅,0.8967489562656835
55,27,brother,incongruent,✅,0.06768130680483578
55,27,mother,incongruent,✅,0.010418631797886884
55,28,preschool,congruent,✅,0.8210642095553946
55,28,prison,congruent,✅,0.9348616375194511
55,28,preschool,incongruent,✅,0.03360543194777404
55,28,prison,incongruent,✅,0.10480833249204079
55,29,hopeful,congruent,✅,0.8940195967820763
55,29,hopeless,congruent,✅,0.9686523609139819
55,29,hopeful,incongruent,✅,0.3718375861652438
55,29,hopeless,incongruent,✅,0.015281846108366814
55,3,marathon,congruent,✅,0.8482247106598858
55,3,exam,congruent,✅,0.9350133915772763
55,3,marathon,incongruent,✅,0.104254906022316
55,3,exam,incongruent,✅,0.16188396644304176
55,30,appalled,congruent,✅,0.9414293897808089
55,30,overjoyed,congruent,✅,0.9138246354584477
55,30,appalled,incongruent,✅,0.36882825131110525
55,30,overjoyed,incongruent,✅,0.23595904069662163
55,31,reprimand,congruent,✅,0.915910063436341
55,31,encouragement,congruent,✅,0.9714646465321596
55,31,reprimand,incongruent,✅,0.15576366367341943
55,31,encouragement,incongruent,✅,0.04310726857673553
55,32,angrily,congruent,✅,0.9673103598019483
55,32,cordially,congruent,✅,0.8245753642217978
55,32,angrily,incongruent,✅,0.08601416353998381
55,32,cordially,incongruent,✅,0.20847125989447773
55,33,accusatory,congruent,✅,0.9837533120765496
55,33,flirtatious,congruent,✅,0.9310119471960596
55,33,accusatory,incongruent,❌,0.6318470939555998
55,33,flirtatious,incongruent,❌,0.8509682218905548
55,34,disapprovingly,congruent,❌,0.46353763039102175
55,34,lovingly,congruent,❌,0.36375724813862254
55,34,disapprovingly,incongruent,✅,0.042840959057802414
55,34,lovingly,incongruent,✅,0.15448004819088426
55,35,playful,congruent,✅,0.8993623229812696
55,35,distant,congruent,✅,0.8841996428005865
55,35,playful,incongruent,✅,0.32307712876716005
55,35,distant,incongruent,✅,0.22806591059731668
55,36,headphones,congruent,✅,0.538558332955384
55,36,mangoes,congruent,❌,0.3706593021981679
55,36,headphones,incongruent,✅,0.050883244508872806
55,36,mangoes,incongruent,✅,0.042959471136973494
55,37,playroom,congruent,✅,0.9844647551482341
55,37,park,congruent,✅,0.977863806305776
55,37,playroom,incongruent,✅,0.02692011706980525
55,37,park,incongruent,✅,0.2950529783216034
55,38,bedroom,congruent,✅,0.9275544840333294
55,38,backyard,congruent,✅,0.8762627467828615
55,38,bedroom,incongruent,✅,0.013913018383383215
55,38,backyard,incongruent,✅,0.004572218168124316
55,39,solemnly,congruent,✅,0.8923049371894339
55,39,excitedly,congruent,❌,0.44712766904915685
55,39,solemnly,incongruent,✅,0.23133911139697733
55,39,excitedly,incongruent,✅,0.27397064465910087
55,4,menu,congruent,✅,0.688798221534243
55,4,prescription,congruent,✅,0.8450455263798914
55,4,menu,incongruent,✅,0.14817680004516035
55,4,prescription,incongruent,✅,0.09806674226662827
55,40,car,congruent,✅,0.8768975987219357
55,40,sock,congruent,✅,0.6837339007166225
55,40,car,incongruent,✅,0.2331776448870031
55,40,sock,incongruent,✅,0.12504903339403434
55,41,overdressed,congruent,✅,0.8616668794949165
55,41,naked,congruent,❌,0.06272017426817997
55,41,overdressed,incongruent,✅,0.004928750009183621
55,41,naked,incongruent,✅,0.3374298331383127
55,42,shy,congruent,✅,0.899434321308685
55,42,lively,congruent,✅,0.7932381918711637
55,42,shy,incongruent,✅,0.007314863282345697
55,42,lively,incongruent,✅,0.061590035111225246
55,43,offended,congruent,✅,0.7681373910685402
55,43,flattered,congruent,✅,0.7288007135733239
55,43,offended,incongruent,✅,0.04738635561432623
55,43,flattered,incongruent,✅,0.34934137984312735
55,44,grandkid,congruent,✅,0.9903964339805107
55,44,cellmate,congruent,✅,0.7877470484790215
55,44,grandkid,incongruent,✅,0.008197208953640074
55,44,cellmate,incongruent,✅,0.09000600407478743
55,45,promoted,congruent,✅,0.7989898795007093
55,45,fired,congruent,✅,0.8602357027250989
55,45,promoted,incongruent,✅,0.4439114512005162
55,45,fired,incongruent,❌,0.6842413592057601
55,46,shooting,congruent,❌,0.18623053144051593
55,46,celebration,congruent,❌,0.3604391329606003
55,46,shooting,incongruent,✅,0.08424338558997332
55,46,celebration,incongruent,✅,0.0259777942656296
55,47,crayon,congruent,❌,0.38618741089063896
55,47,beer,congruent,✅,0.9101378256392864
55,47,crayon,incongruent,✅,0.0033840284893376362
55,47,beer,incongruent,✅,0.005125640561726061
55,48,waiter,congruent,✅,0.905112196597639
55,48,taxi,congruent,✅,0.9117538288452938
55,48,waiter,incongruent,❌,0.5578717029943047
55,48,taxi,incongruent,✅,0.4601321868024537
55,49,parents,congruent,✅,0.9642102807784305
55,49,keys,congruent,✅,0.9866326096841874
55,49,parents,incongruent,✅,0.2862754166939996
55,49,keys,incongruent,✅,0.09745295286331733
55,5,distress,congruent,✅,0.7858726953523911
55,5,tranquility,congruent,✅,0.9189683612034847
55,5,distress,incongruent,✅,0.10141710971135007
55,5,tranquility,incongruent,✅,0.11960952677562586
55,50,sofa,congruent,✅,0.9911433792313709
55,50,sky,congruent,✅,0.9982670272377452
55,50,sofa,incongruent,❌,0.501344764789777
55,50,sky,incongruent,❌,0.6697657564176185
55,51,obesity,congruent,❌,0.0330453474450099
55,51,homework,congruent,✅,0.6538192216696304
55,51,obesity,incongruent,✅,0.026468314465870387
55,51,homework,incongruent,✅,0.019094624769574305
55,52,quiz,congruent,✅,0.9762612528525915
55,52,commute,congruent,✅,0.9287426003916368
55,52,quiz,incongruent,✅,0.06596567405206542
55,52,commute,incongruent,✅,0.19863984271265905
55,53,migraine,congruent,✅,0.9894507973664405
55,53,excitement,congruent,✅,0.9465812127409292
55,53,migraine,incongruent,✅,0.0016108738187070755
55,53,excitement,incongruent,❌,0.5852833476417665
55,54,niece,congruent,✅,0.9696789195676422
55,54,husband,congruent,✅,0.9779479000375227
55,54,niece,incongruent,❌,0.5267628049888234
55,54,husband,incongruent,❌,0.7205046780160472
55,55,film,congruent,✅,0.9845229452773309
55,55,sunrise,congruent,✅,0.6186071821609254
55,55,film,incongruent,✅,0.05566742774687718
55,55,sunrise,incongruent,✅,0.1881986035929715
55,56,lecture,congruent,✅,0.9089228025459123
55,56,banquet,congruent,✅,0.8541377134966737
55,56,lecture,incongruent,✅,0.01267990828459999
55,56,banquet,incongruent,✅,0.008772992499979466
55,57,drink,congruent,✅,0.9595843624202137
55,57,textbook,congruent,✅,0.9377728698447315
55,57,drink,incongruent,✅,0.12037610066524093
55,57,textbook,incongruent,✅,0.010955772386445474
55,58,pool,congruent,✅,0.9793572211998136
55,58,snow,congruent,✅,0.7363114680163455
55,58,pool,incongruent,✅,0.10660242279714617
55,58,snow,incongruent,✅,0.16990605397007053
55,59,passport,congruent,✅,0.8693924452969561
55,59,plushy,congruent,✅,0.936766565415356
55,59,passport,incongruent,✅,0.05193841750101211
55,59,plushy,incongruent,✅,0.16505403362798599
55,6,patients,congruent,✅,0.9450239895164192
55,6,students,congruent,✅,0.9117629812817111
55,6,patients,incongruent,✅,0.2160097483612351
55,6,students,incongruent,✅,0.49192263836843814
55,60,sister,congruent,✅,0.8526031635810426
55,60,father,congruent,✅,0.6635548542404821
55,60,sister,incongruent,✅,0.255543230909789
55,60,father,incongruent,✅,0.15675829506461458
55,61,game,congruent,✅,0.9794175780299165
55,61,sunset,congruent,✅,0.9892793029324677
55,61,game,incongruent,✅,0.14726147622419003
55,61,sunset,incongruent,✅,0.22945416910214597
55,62,holidays,congruent,✅,0.8890810264054543
55,62,funeral,congruent,✅,0.6908079847486712
55,62,holidays,incongruent,✅,0.06348812152555817
55,62,funeral,incongruent,✅,0.3677904350067243
55,63,grades,congruent,✅,0.9195815768672991
55,63,affair,congruent,✅,0.9937661125747089
55,63,grades,incongruent,❌,0.7662286094663009
55,63,affair,incongruent,✅,0.03205213808035593
55,64,arrest,congruent,✅,0.7903497429414175
55,64,stroke,congruent,✅,0.7922126066174368
55,64,arrest,incongruent,❌,0.6317651837830014
55,64,stroke,incongruent,❌,0.5630162567600093
55,65,pacifier,congruent,✅,0.717989375194137
55,65,coffee,congruent,✅,0.8094704729666407
55,65,pacifier,incongruent,✅,0.19029783389011917
55,65,coffee,incongruent,✅,0.05891141097098821
55,66,sweets,congruent,✅,0.9602258630601909
55,66,sentencing,congruent,✅,0.995414359790404
55,66,sweets,incongruent,✅,0.014636549034583782
55,66,sentencing,incongruent,✅,0.03591877308297988
55,67,nap,congruent,✅,0.9159727986214902
55,67,selfie,congruent,✅,0.9960271447829956
55,67,nap,incongruent,✅,0.1698756654375559
55,67,selfie,incongruent,✅,0.00820753078286781
55,68,diaper,congruent,✅,0.8526809491450704
55,68,tire,congruent,✅,0.9911753048289058
55,68,diaper,incongruent,✅,0.04061049922693963
55,68,tire,incongruent,✅,0.03499486624283438
55,69,chemotherapy,congruent,✅,0.9381641281379407
55,69,golf,congruent,✅,0.8423329744148739
55,69,chemotherapy,incongruent,✅,0.025318929563458006
55,69,golf,incongruent,✅,0.37286694956958916
55,7,consensus,congruent,✅,0.9941168770879246
55,7,deadlock,congruent,✅,0.9406453737445432
55,7,consensus,incongruent,❌,0.5787689523740691
55,7,deadlock,incongruent,❌,0.689502888852773
55,70,thunder,congruent,❌,0.4527605881672833
55,70,lullaby,congruent,❌,0.45039180625024616
55,70,thunder,incongruent,✅,0.07364562482876656
55,70,lullaby,incongruent,✅,0.09201111425250708
55,71,pajamas,congruent,✅,0.9258305805507556
55,71,uniform,congruent,✅,0.7740964087335733
55,71,pajamas,incongruent,✅,0.0493148782362256
55,71,uniform,incongruent,✅,0.1868703906814855
55,72,gown,congruent,✅,0.941504706344387
55,72,sweats,congruent,✅,0.8245356479062478
55,72,gown,incongruent,✅,0.04693185512008037
55,72,sweats,incongruent,✅,0.390589159346158
55,73,deadline,congruent,❌,0.3915957298642542
55,73,bed,congruent,✅,0.9380098773441614
55,73,deadline,incongruent,✅,0.14781874806343964
55,73,bed,incongruent,✅,0.037137580669006395
55,74,kindergarten,congruent,✅,0.8059007534630003
55,74,jail,congruent,✅,0.700158993257762
55,74,kindergarten,incongruent,✅,0.0996144804838134
55,74,jail,incongruent,✅,0.2609787531879072
55,75,interrogated,congruent,✅,0.9975884228308821
55,75,tickled,congruent,✅,0.98406236409701
55,75,interrogated,incongruent,✅,0.07643429834228514
55,75,tickled,incongruent,✅,0.08211578350301665
55,76,sandcastle,congruent,✅,0.9433932034033986
55,76,snowman,congruent,✅,0.986490554685965
55,76,sandcastle,incongruent,✅,0.006779340372298606
55,76,snowman,incongruent,✅,0.006987024864346834
55,77,music,congruent,✅,0.9991212737983471
55,77,pizza,congruent,✅,0.9979395989489462
55,77,music,incongruent,✅,0.06009338302298704
55,77,pizza,incongruent,✅,0.011755312447199923
55,78,playoffs,congruent,✅,0.828077806680916
55,78,cartoon,congruent,✅,0.9873551390533606
55,78,playoffs,incongruent,✅,0.12623618615446722
55,78,cartoon,incongruent,✅,0.10092079803469448
55,79,alcoholism,congruent,✅,0.9642342909029906
55,79,academics,congruent,✅,0.9662160360560821
55,79,alcoholism,incongruent,✅,0.2632693636256452
55,79,academics,incongruent,❌,0.6535619850381427
55,8,engagement,congruent,❌,0.2609535753395483
55,8,cancer,congruent,❌,0.07206910376648192
55,8,engagement,incongruent,✅,0.05999620846729729
55,8,cancer,incongruent,✅,0.06755923130199114
55,9,terminal,congruent,✅,0.7821606484183792
55,9,classroom,congruent,✅,0.9321634784247189
55,9,terminal,incongruent,✅,0.07957518374597006
55,9,classroom,incongruent,✅,0.15913556064833728
56,0,library,congruent,✅,0.9687873932220624
56,0,refrigerator,congruent,✅,0.8380435538913915
56,0,library,incongruent,✅,0.3619422732694129
56,0,refrigerator,incongruent,✅,0.10983937144219064
56,1,disappointment,congruent,❌,0.41234715070841493
56,1,delight,congruent,❌,0.44079789288490323
56,1,disappointment,incongruent,✅,0.06145740854995193
56,1,delight,incongruent,✅,0.057690595365702715
56,10,cash,congruent,✅,0.9684822115781402
56,10,groceries,congruent,✅,0.9860153532541457
56,10,cash,incongruent,❌,0.8381605111499177
56,10,groceries,incongruent,✅,0.1698648122478167
56,11,lonely,congruent,✅,0.7007381779419497
56,11,confident,congruent,✅,0.6555268509978663
56,11,lonely,incongruent,✅,0.13692884111124515
56,11,confident,incongruent,✅,0.18307459808188536
56,12,joy,congruent,✅,0.971157080894525
56,12,outrage,congruent,❌,0.49294590330127813
56,12,joy,incongruent,✅,0.039397291142539044
56,12,outrage,incongruent,❌,0.8168049299781285
56,13,traffic,congruent,✅,0.7379024950023318
56,13,snowstorm,congruent,✅,0.9268886579963828
56,13,traffic,incongruent,✅,0.2993004167243022
56,13,snowstorm,incongruent,✅,0.16278473538257274
56,14,laughter,congruent,✅,0.9363223285652683
56,14,frustration,congruent,✅,0.97730501298097
56,14,laughter,incongruent,❌,0.7278037680924684
56,14,frustration,incongruent,❌,0.5660049335618301
56,15,calculator,congruent,✅,0.7356417260178126
56,15,instrument,congruent,✅,0.9022380977879721
56,15,calculator,incongruent,✅,0.4669325183541999
56,15,instrument,incongruent,❌,0.5938073371155911
56,16,orchestra,congruent,✅,0.7456655814757797
56,16,racers,congruent,✅,0.9229059584457261
56,16,orchestra,incongruent,✅,0.20115099860535499
56,16,racers,incongruent,✅,0.033833699971498286
56,17,retirement,congruent,✅,0.9472156142931244
56,17,playdate,congruent,✅,0.9541433945882827
56,17,retirement,incongruent,✅,0.24855114303238163
56,17,playdate,incongruent,✅,0.4021920746674205
56,18,relieved,congruent,✅,0.7312367820100155
56,18,depressed,congruent,✅,0.7110492164888595
56,18,relieved,incongruent,✅,0.09791785503051961
56,18,depressed,incongruent,❌,0.5291052821876124
56,19,friends,congruent,❌,0.07202185909485277
56,19,weight,congruent,✅,0.848848390893248
56,19,friends,incongruent,❌,0.7399955173020096
56,19,weight,incongruent,✅,0.012534695388376925
56,2,overcoat,congruent,✅,0.7649660755825513
56,2,sandals,congruent,✅,0.878764414150435
56,2,overcoat,incongruent,✅,0.1861172263077812
56,2,sandals,incongruent,✅,0.26019004529414486
56,20,lipstick,congruent,✅,0.8479879487082187
56,20,song,congruent,✅,0.9852278926079647
56,20,lipstick,incongruent,❌,0.5730914722249237
56,20,song,incongruent,❌,0.5292305936983945
56,21,fought,congruent,✅,0.9970943436991723
56,21,sang,congruent,✅,0.5104930646526021
56,21,fought,incongruent,✅,0.035622116673934716
56,21,sang,incongruent,❌,0.7928014588354546
56,22,skeptical,congruent,❌,0.4805615658482913
56,22,reassured,congruent,❌,0.48738449114163285
56,22,skeptical,incongruent,✅,0.14370823689967466
56,22,reassured,incongruent,✅,0.07891453666831673
56,23,graduation,congruent,✅,0.9875646396470262
56,23,operation,congruent,✅,0.7952346936068334
56,23,graduation,incongruent,✅,0.023659513292453093
56,23,operation,incongruent,✅,0.06433759766174026
56,24,bride,congruent,✅,0.8408520632414648
56,24,aftermath,congruent,✅,0.9647712693378178
56,24,bride,incongruent,✅,0.4200793975909098
56,24,aftermath,incongruent,✅,0.008562295573533118
56,25,teacher,congruent,✅,0.991647476746779
56,25,daughter,congruent,✅,0.9384800345511379
56,25,teacher,incongruent,✅,0.01801860090974019
56,25,daughter,incongruent,✅,0.04535462977369806
56,26,roommate,congruent,✅,0.7385057320258339
56,26,grandma,congruent,✅,0.8494597931092044
56,26,roommate,incongruent,✅,0.16423593821477522
56,26,grandma,incongruent,✅,0.01433607628039585
56,27,brother,congruent,✅,0.9187875402058074
56,27,mother,congruent,✅,0.8927634217432547
56,27,brother,incongruent,✅,0.07662976102829903
56,27,mother,incongruent,✅,0.011910846483255648
56,28,preschool,congruent,✅,0.8121139745193583
56,28,prison,congruent,✅,0.9219730258639517
56,28,preschool,incongruent,✅,0.024290842291407645
56,28,prison,incongruent,✅,0.10293724765522921
56,29,hopeful,congruent,✅,0.9322263546528645
56,29,hopeless,congruent,✅,0.9675199395257766
56,29,hopeful,incongruent,✅,0.3863283605528036
56,29,hopeless,incongruent,✅,0.026632402632651646
56,3,marathon,congruent,✅,0.8251029680950231
56,3,exam,congruent,✅,0.9245343172258895
56,3,marathon,incongruent,✅,0.10330423727491385
56,3,exam,incongruent,✅,0.1478028660453267
56,30,appalled,congruent,✅,0.9405418797162306
56,30,overjoyed,congruent,✅,0.9067686214091274
56,30,appalled,incongruent,✅,0.3623967603585205
56,30,overjoyed,incongruent,✅,0.27157502968330227
56,31,reprimand,congruent,✅,0.8570914575303706
56,31,encouragement,congruent,✅,0.9571117779060637
56,31,reprimand,incongruent,✅,0.09677170559337941
56,31,encouragement,incongruent,✅,0.029305626906845995
56,32,angrily,congruent,✅,0.9794831985846624
56,32,cordially,congruent,✅,0.8617007227748026
56,32,angrily,incongruent,✅,0.12259610633869614
56,32,cordially,incongruent,✅,0.3546438627089684
56,33,accusatory,congruent,✅,0.9735068154932967
56,33,flirtatious,congruent,✅,0.9096206172091155
56,33,accusatory,incongruent,❌,0.564224481071292
56,33,flirtatious,incongruent,❌,0.7879308704276029
56,34,disapprovingly,congruent,❌,0.4163666954964767
56,34,lovingly,congruent,❌,0.37839417512008294
56,34,disapprovingly,incongruent,✅,0.06273937408791742
56,34,lovingly,incongruent,✅,0.13510719891279604
56,35,playful,congruent,✅,0.9359657289845951
56,35,distant,congruent,✅,0.89933908502888
56,35,playful,incongruent,✅,0.3973529051586481
56,35,distant,incongruent,✅,0.3104532133686367
56,36,headphones,congruent,✅,0.5955612672509505
56,36,mangoes,congruent,❌,0.42363635185734594
56,36,headphones,incongruent,✅,0.07416299404964416
56,36,mangoes,incongruent,✅,0.05862806607235912
56,37,playroom,congruent,✅,0.9858732362306607
56,37,park,congruent,✅,0.972154438307744
56,37,playroom,incongruent,✅,0.02266831684036275
56,37,park,incongruent,✅,0.2896135078214155
56,38,bedroom,congruent,✅,0.9413174568526935
56,38,backyard,congruent,✅,0.9135658816637305
56,38,bedroom,incongruent,✅,0.02066316330828219
56,38,backyard,incongruent,✅,0.005486429012702523
56,39,solemnly,congruent,✅,0.9179803751408077
56,39,excitedly,congruent,❌,0.42471285460695307
56,39,solemnly,incongruent,✅,0.24733087758460845
56,39,excitedly,incongruent,✅,0.21940457099088426
56,4,menu,congruent,✅,0.7756419015567679
56,4,prescription,congruent,✅,0.8272208667946934
56,4,menu,incongruent,✅,0.14590693385595618
56,4,prescription,incongruent,✅,0.1604057343986539
56,40,car,congruent,✅,0.9084223840247629
56,40,sock,congruent,✅,0.622925806749618
56,40,car,incongruent,✅,0.14937229229996846
56,40,sock,incongruent,✅,0.07336511601835191
56,41,overdressed,congruent,✅,0.8464708222249103
56,41,naked,congruent,❌,0.08096460820808284
56,41,overdressed,incongruent,✅,0.005812057801165418
56,41,naked,incongruent,✅,0.30296918255984406
56,42,shy,congruent,✅,0.9104374386998636
56,42,lively,congruent,✅,0.8530186908720159
56,42,shy,incongruent,✅,0.007682731321817308
56,42,lively,incongruent,✅,0.08484097621680246
56,43,offended,congruent,✅,0.7250730391342831
56,43,flattered,congruent,✅,0.7244045736180864
56,43,offended,incongruent,✅,0.062439716565494546
56,43,flattered,incongruent,✅,0.29036188515328465
56,44,grandkid,congruent,✅,0.992411857595702
56,44,cellmate,congruent,✅,0.8342496440172485
56,44,grandkid,incongruent,✅,0.006778395703859102
56,44,cellmate,incongruent,✅,0.13115205245588543
56,45,promoted,congruent,✅,0.85000769164172
56,45,fired,congruent,✅,0.843261714507554
56,45,promoted,incongruent,✅,0.4505061677150807
56,45,fired,incongruent,❌,0.7805759958075237
56,46,shooting,congruent,❌,0.24533440176001695
56,46,celebration,congruent,❌,0.4809134337630977
56,46,shooting,incongruent,✅,0.10943238848238394
56,46,celebration,incongruent,✅,0.06218255223545411
56,47,crayon,congruent,❌,0.46854493172500006
56,47,beer,congruent,✅,0.8988027317347074
56,47,crayon,incongruent,✅,0.002825929737479898
56,47,beer,incongruent,✅,0.006919510686023426
56,48,waiter,congruent,✅,0.9011400158870012
56,48,taxi,congruent,✅,0.8804758806618336
56,48,waiter,incongruent,✅,0.4934670896091643
56,48,taxi,incongruent,✅,0.3432446432764195
56,49,parents,congruent,✅,0.9755817684088804
56,49,keys,congruent,✅,0.98752384723905
56,49,parents,incongruent,✅,0.3764414084479677
56,49,keys,incongruent,✅,0.06645593259941374
56,5,distress,congruent,✅,0.7214535230046614
56,5,tranquility,congruent,✅,0.8935577250752685
56,5,distress,incongruent,✅,0.09008313029621857
56,5,tranquility,incongruent,✅,0.10122118626028455
56,50,sofa,congruent,✅,0.9934039646045089
56,50,sky,congruent,✅,0.998174320195501
56,50,sofa,incongruent,❌,0.5970040276460771
56,50,sky,incongruent,❌,0.6406241351069729
56,51,obesity,congruent,❌,0.04918079336101529
56,51,homework,congruent,✅,0.6998668758091139
56,51,obesity,incongruent,✅,0.039756941771944054
56,51,homework,incongruent,✅,0.03474700816833091
56,52,quiz,congruent,✅,0.9767184524650758
56,52,commute,congruent,✅,0.931899021360687
56,52,quiz,incongruent,✅,0.07821831567968472
56,52,commute,incongruent,✅,0.2615546541774198
56,53,migraine,congruent,✅,0.9919549679125986
56,53,excitement,congruent,✅,0.9473140287294629
56,53,migraine,incongruent,✅,0.0024996666849533395
56,53,excitement,incongruent,❌,0.6842210687024957
56,54,niece,congruent,✅,0.9828163418643598
56,54,husband,congruent,✅,0.9869009236378067
56,54,niece,incongruent,❌,0.6522789128511397
56,54,husband,incongruent,❌,0.836564458291387
56,55,film,congruent,✅,0.9844101227468476
56,55,sunrise,congruent,✅,0.6111675562850812
56,55,film,incongruent,✅,0.09287484624226193
56,55,sunrise,incongruent,✅,0.18195315584532598
56,56,lecture,congruent,✅,0.8974995202095214
56,56,banquet,congruent,✅,0.8096755235023816
56,56,lecture,incongruent,✅,0.007933010929275038
56,56,banquet,incongruent,✅,0.007384729280860155
56,57,drink,congruent,✅,0.967017869511399
56,57,textbook,congruent,✅,0.9220754995395988
56,57,drink,incongruent,✅,0.13051296236637064
56,57,textbook,incongruent,✅,0.01614596659046703
56,58,pool,congruent,✅,0.9794321743559987
56,58,snow,congruent,✅,0.7618246202827245
56,58,pool,incongruent,✅,0.1458151116571358
56,58,snow,incongruent,✅,0.2418718782318373
56,59,passport,congruent,✅,0.9169604070741609
56,59,plushy,congruent,✅,0.9130134495861604
56,59,passport,incongruent,✅,0.05003024051446419
56,59,plushy,incongruent,✅,0.17987202258081547
56,6,patients,congruent,✅,0.9458300444300437
56,6,students,congruent,✅,0.8892150193706142
56,6,patients,incongruent,✅,0.2052889845449749
56,6,students,incongruent,❌,0.5003640665844936
56,60,sister,congruent,✅,0.8159558865879972
56,60,father,congruent,✅,0.6163619193838286
56,60,sister,incongruent,✅,0.175062183557564
56,60,father,incongruent,✅,0.15631498355913223
56,61,game,congruent,✅,0.9739838620101472
56,61,sunset,congruent,✅,0.9926724774883221
56,61,game,incongruent,✅,0.24342733349706247
56,61,sunset,incongruent,✅,0.23651571014426387
56,62,holidays,congruent,✅,0.9101388399442273
56,62,funeral,congruent,✅,0.7162417510449022
56,62,holidays,incongruent,✅,0.07013662941602007
56,62,funeral,incongruent,✅,0.43131876102197114
56,63,grades,congruent,✅,0.8976035520977093
56,63,affair,congruent,✅,0.9900771022194543
56,63,grades,incongruent,❌,0.7319009372622802
56,63,affair,incongruent,✅,0.02792953080117268
56,64,arrest,congruent,✅,0.7843431124252612
56,64,stroke,congruent,✅,0.6929538979381985
56,64,arrest,incongruent,❌,0.5009098729455158
56,64,stroke,incongruent,❌,0.5292623267763367
56,65,pacifier,congruent,✅,0.7121807060588715
56,65,coffee,congruent,✅,0.8454002127470653
56,65,pacifier,incongruent,✅,0.3057419299826744
56,65,coffee,incongruent,✅,0.07080092277799141
56,66,sweets,congruent,✅,0.9544515395261401
56,66,sentencing,congruent,✅,0.9949643922572777
56,66,sweets,incongruent,✅,0.014781818895028413
56,66,sentencing,incongruent,✅,0.03558229357035124
56,67,nap,congruent,✅,0.892975469350528
56,67,selfie,congruent,✅,0.9941617767131028
56,67,nap,incongruent,✅,0.14945597968138863
56,67,selfie,incongruent,✅,0.009567104644458627
56,68,diaper,congruent,✅,0.822319607987097
56,68,tire,congruent,✅,0.9852634853853188
56,68,diaper,incongruent,✅,0.04441782941250661
56,68,tire,incongruent,✅,0.031000115787473727
56,69,chemotherapy,congruent,✅,0.9290427470753293
56,69,golf,congruent,✅,0.7806351695570822
56,69,chemotherapy,incongruent,✅,0.01961138864522124
56,69,golf,incongruent,✅,0.31375984360131076
56,7,consensus,congruent,✅,0.9960910431096037
56,7,deadlock,congruent,✅,0.9633028356119255
56,7,consensus,incongruent,❌,0.7333710843732758
56,7,deadlock,incongruent,❌,0.7630381269864605
56,70,thunder,congruent,❌,0.22311261034354513
56,70,lullaby,congruent,❌,0.419702662075604
56,70,thunder,incongruent,✅,0.0717640851979588
56,70,lullaby,incongruent,✅,0.03489757081007731
56,71,pajamas,congruent,✅,0.8454153886302403
56,71,uniform,congruent,✅,0.7440171421909519
56,71,pajamas,incongruent,✅,0.06013343279890942
56,71,uniform,incongruent,✅,0.11932437542649384
56,72,gown,congruent,✅,0.9590082056783225
56,72,sweats,congruent,✅,0.8581337512233567
56,72,gown,incongruent,✅,0.06230294799841326
56,72,sweats,incongruent,✅,0.44854611234037306
56,73,deadline,congruent,✅,0.5128373445387137
56,73,bed,congruent,✅,0.930196872323092
56,73,deadline,incongruent,✅,0.15937250209774376
56,73,bed,incongruent,✅,0.06456080165550149
56,74,kindergarten,congruent,✅,0.8920598961140407
56,74,jail,congruent,✅,0.7342978572886788
56,74,kindergarten,incongruent,✅,0.1367780385049187
56,74,jail,incongruent,✅,0.40799307839641824
56,75,interrogated,congruent,✅,0.996403437995101
56,75,tickled,congruent,✅,0.9820478693459515
56,75,interrogated,incongruent,✅,0.06708859917431453
56,75,tickled,incongruent,✅,0.07149686712268356
56,76,sandcastle,congruent,✅,0.9284250038505238
56,76,snowman,congruent,✅,0.9760877424312467
56,76,sandcastle,incongruent,✅,0.00522107656070006
56,76,snowman,incongruent,✅,0.0066414601980572825
56,77,music,congruent,✅,0.9988847671679211
56,77,pizza,congruent,✅,0.9978408090051492
56,77,music,incongruent,✅,0.06414247715852926
56,77,pizza,incongruent,✅,0.020042432650723033
56,78,playoffs,congruent,✅,0.7621835175794839
56,78,cartoon,congruent,✅,0.9693396460208564
56,78,playoffs,incongruent,✅,0.07090124978064007
56,78,cartoon,incongruent,✅,0.07796264456908775
56,79,alcoholism,congruent,✅,0.9609072155575626
56,79,academics,congruent,✅,0.9525464372851872
56,79,alcoholism,incongruent,✅,0.2968361360313586
56,79,academics,incongruent,❌,0.6151785152619489
56,8,engagement,congruent,❌,0.23556854446013287
56,8,cancer,congruent,❌,0.05493147670094162
56,8,engagement,incongruent,✅,0.03885035522888403
56,8,cancer,incongruent,✅,0.05240836227559141
56,9,terminal,congruent,✅,0.8246289130059455
56,9,classroom,congruent,✅,0.897293652237586
56,9,terminal,incongruent,✅,0.07725890487207131
56,9,classroom,incongruent,✅,0.2126782925520097
57,0,library,congruent,✅,0.9704133124203351
57,0,refrigerator,congruent,✅,0.8536760723117025
57,0,library,incongruent,❌,0.5159842891332127
57,0,refrigerator,incongruent,✅,0.1414453851232359
57,1,disappointment,congruent,❌,0.40741554091815596
57,1,delight,congruent,❌,0.39500439133948556
57,1,disappointment,incongruent,✅,0.060972306962778354
57,1,delight,incongruent,✅,0.057106517207748994
57,10,cash,congruent,✅,0.9617942242098961
57,10,groceries,congruent,✅,0.981431429463909
57,10,cash,incongruent,❌,0.8112025210839949
57,10,groceries,incongruent,✅,0.13457112574225819
57,11,lonely,congruent,✅,0.6910649246657112
57,11,confident,congruent,✅,0.6385291085018429
57,11,lonely,incongruent,✅,0.17978051641138515
57,11,confident,incongruent,✅,0.1736085892815879
57,12,joy,congruent,✅,0.9746262645653014
57,12,outrage,congruent,✅,0.5208604958039076
57,12,joy,incongruent,✅,0.0567221745679446
57,12,outrage,incongruent,❌,0.8036922959365396
57,13,traffic,congruent,✅,0.8115025959950788
57,13,snowstorm,congruent,✅,0.933120044807775
57,13,traffic,incongruent,✅,0.30377931527727714
57,13,snowstorm,incongruent,✅,0.2081405666391543
57,14,laughter,congruent,✅,0.9345651017952521
57,14,frustration,congruent,✅,0.9598679835660126
57,14,laughter,incongruent,❌,0.663005725616929
57,14,frustration,incongruent,❌,0.5403246214784594
57,15,calculator,congruent,✅,0.6846533877310471
57,15,instrument,congruent,✅,0.9091027907102321
57,15,calculator,incongruent,❌,0.5474052119685671
57,15,instrument,incongruent,❌,0.5527062605581299
57,16,orchestra,congruent,✅,0.7437509897303225
57,16,racers,congruent,✅,0.9181218407304367
57,16,orchestra,incongruent,✅,0.17769405234686514
57,16,racers,incongruent,✅,0.03266840480391581
57,17,retirement,congruent,✅,0.9455877628248917
57,17,playdate,congruent,✅,0.9253891504062053
57,17,retirement,incongruent,✅,0.1731016928200149
57,17,playdate,incongruent,✅,0.45861759530073354
57,18,relieved,congruent,✅,0.7703076264378729
57,18,depressed,congruent,✅,0.7521792504798919
57,18,relieved,incongruent,✅,0.1337488141675602
57,18,depressed,incongruent,❌,0.558969859973278
57,19,friends,congruent,❌,0.10875417565226828
57,19,weight,congruent,✅,0.8837010271916045
57,19,friends,incongruent,❌,0.8043661005811498
57,19,weight,incongruent,✅,0.021375220535832337
57,2,overcoat,congruent,✅,0.7681030753882765
57,2,sandals,congruent,✅,0.8081078465428102
57,2,overcoat,incongruent,✅,0.16887555605253105
57,2,sandals,incongruent,✅,0.26858134842420855
57,20,lipstick,congruent,✅,0.8278897168917682
57,20,song,congruent,✅,0.9860633655700991
57,20,lipstick,incongruent,❌,0.6140360753986324
57,20,song,incongruent,❌,0.5089264172886377
57,21,fought,congruent,✅,0.9958244471778074
57,21,sang,congruent,❌,0.43486952312381966
57,21,fought,incongruent,✅,0.035867107823710796
57,21,sang,incongruent,❌,0.7248854812649139
57,22,skeptical,congruent,❌,0.4291832378176273
57,22,reassured,congruent,❌,0.4744277907570287
57,22,skeptical,incongruent,✅,0.13751132634706656
57,22,reassured,incongruent,✅,0.07574048568433152
57,23,graduation,congruent,✅,0.9872752797944238
57,23,operation,congruent,✅,0.7690140253641375
57,23,graduation,incongruent,✅,0.025276199373109775
57,23,operation,incongruent,✅,0.07215648240442699
57,24,bride,congruent,✅,0.8763394771249853
57,24,aftermath,congruent,✅,0.9647201255013252
57,24,bride,incongruent,✅,0.4035830629405217
57,24,aftermath,incongruent,✅,0.015603232775690043
57,25,teacher,congruent,✅,0.9886486985332552
57,25,daughter,congruent,✅,0.9365583843358313
57,25,teacher,incongruent,✅,0.01805024229754905
57,25,daughter,incongruent,✅,0.05557343268618862
57,26,roommate,congruent,✅,0.7242258844350747
57,26,grandma,congruent,✅,0.8649038069416874
57,26,roommate,incongruent,✅,0.2527155031873943
57,26,grandma,incongruent,✅,0.014277693714101248
57,27,brother,congruent,✅,0.9296179174574252
57,27,mother,congruent,✅,0.9168279862751455
57,27,brother,incongruent,✅,0.13080542139644535
57,27,mother,incongruent,✅,0.01577744786830191
57,28,preschool,congruent,✅,0.8059369551214655
57,28,prison,congruent,✅,0.9111414547568409
57,28,preschool,incongruent,✅,0.019336282092262024
57,28,prison,incongruent,✅,0.09310191084953381
57,29,hopeful,congruent,✅,0.9123183995576489
57,29,hopeless,congruent,✅,0.9616563352080718
57,29,hopeful,incongruent,✅,0.36615526761478506
57,29,hopeless,incongruent,✅,0.03632960749301208
57,3,marathon,congruent,✅,0.8460870643290538
57,3,exam,congruent,✅,0.9419279545340321
57,3,marathon,incongruent,✅,0.14866962251908333
57,3,exam,incongruent,✅,0.1774533959922276
57,30,appalled,congruent,✅,0.9436663288645927
57,30,overjoyed,congruent,✅,0.9064916760517191
57,30,appalled,incongruent,✅,0.4024867184993036
57,30,overjoyed,incongruent,✅,0.2746336170204833
57,31,reprimand,congruent,✅,0.7679557042132823
57,31,encouragement,congruent,✅,0.9480825376133257
57,31,reprimand,incongruent,✅,0.09299265299204382
57,31,encouragement,incongruent,✅,0.01567877972828501
57,32,angrily,congruent,✅,0.9786275719816969
57,32,cordially,congruent,✅,0.8870476346124666
57,32,angrily,incongruent,✅,0.17515336599425424
57,32,cordially,incongruent,✅,0.3695447614704221
57,33,accusatory,congruent,✅,0.9685547819846353
57,33,flirtatious,congruent,✅,0.907658414793958
57,33,accusatory,incongruent,❌,0.5508402671196692
57,33,flirtatious,incongruent,❌,0.7793058843263434
57,34,disapprovingly,congruent,❌,0.46001254958662985
57,34,lovingly,congruent,❌,0.49889139217058887
57,34,disapprovingly,incongruent,✅,0.0896268454920342
57,34,lovingly,incongruent,✅,0.18920077299746535
57,35,playful,congruent,✅,0.9563389899853951
57,35,distant,congruent,✅,0.9094310457554076
57,35,playful,incongruent,✅,0.46245708220886184
57,35,distant,incongruent,✅,0.4008647174298877
57,36,headphones,congruent,✅,0.6984476261747696
57,36,mangoes,congruent,❌,0.4104769532391667
57,36,headphones,incongruent,✅,0.10074810228848767
57,36,mangoes,incongruent,✅,0.11480352359375204
57,37,playroom,congruent,✅,0.9762364774852783
57,37,park,congruent,✅,0.9642417756778763
57,37,playroom,incongruent,✅,0.020726967388355506
57,37,park,incongruent,✅,0.22274918286721196
57,38,bedroom,congruent,✅,0.9262927899445397
57,38,backyard,congruent,✅,0.8943205995275231
57,38,bedroom,incongruent,✅,0.020539365343280543
57,38,backyard,incongruent,✅,0.006885836477590096
57,39,solemnly,congruent,✅,0.936056785434928
57,39,excitedly,congruent,✅,0.5559057371462461
57,39,solemnly,incongruent,✅,0.3635460918746819
57,39,excitedly,incongruent,✅,0.29162940085948474
57,4,menu,congruent,✅,0.7494082555230801
57,4,prescription,congruent,✅,0.8325125599721733
57,4,menu,incongruent,✅,0.19138595107485712
57,4,prescription,incongruent,✅,0.14258509213536946
57,40,car,congruent,✅,0.8997244430195511
57,40,sock,congruent,✅,0.6307497326062763
57,40,car,incongruent,✅,0.1284688255726982
57,40,sock,incongruent,✅,0.11132458612546776
57,41,overdressed,congruent,✅,0.8546170044987613
57,41,naked,congruent,❌,0.08034379902085685
57,41,overdressed,incongruent,✅,0.006038932543375255
57,41,naked,incongruent,✅,0.3472160499405196
57,42,shy,congruent,✅,0.9287770746582763
57,42,lively,congruent,✅,0.8376352271806691
57,42,shy,incongruent,✅,0.00814656021084489
57,42,lively,incongruent,✅,0.10716859290689464
57,43,offended,congruent,✅,0.7101819298793378
57,43,flattered,congruent,✅,0.7329403771043083
57,43,offended,incongruent,✅,0.06925243723401628
57,43,flattered,incongruent,✅,0.31060646409281395
57,44,grandkid,congruent,✅,0.9916380819923813
57,44,cellmate,congruent,✅,0.8383114647513686
57,44,grandkid,incongruent,✅,0.006505563135925222
57,44,cellmate,incongruent,✅,0.1387019959134992
57,45,promoted,congruent,✅,0.8643752935246867
57,45,fired,congruent,✅,0.8201473601541153
57,45,promoted,incongruent,❌,0.5106449186262304
57,45,fired,incongruent,❌,0.7637603687419444
57,46,shooting,congruent,❌,0.21906676140024955
57,46,celebration,congruent,❌,0.3631739209006565
57,46,shooting,incongruent,✅,0.05235123444262833
57,46,celebration,incongruent,✅,0.05061365204733406
57,47,crayon,congruent,❌,0.40963147248862913
57,47,beer,congruent,✅,0.87772205612106
57,47,crayon,incongruent,✅,0.0027370689983370645
57,47,beer,incongruent,✅,0.007316649021522055
57,48,waiter,congruent,✅,0.8682079812405681
57,48,taxi,congruent,✅,0.7900741756191552
57,48,waiter,incongruent,✅,0.3783335437004782
57,48,taxi,incongruent,✅,0.25047149004735725
57,49,parents,congruent,✅,0.9753658589871732
57,49,keys,congruent,✅,0.9824759964843878
57,49,parents,incongruent,✅,0.3432868753945693
57,49,keys,incongruent,✅,0.044133764849092226
57,5,distress,congruent,✅,0.7124737915131099
57,5,tranquility,congruent,✅,0.8999549387350483
57,5,distress,incongruent,✅,0.09994497879806764
57,5,tranquility,incongruent,✅,0.11605239641484004
57,50,sofa,congruent,✅,0.992360553037972
57,50,sky,congruent,✅,0.998468974206074
57,50,sofa,incongruent,❌,0.576156545286633
57,50,sky,incongruent,❌,0.6374229860746196
57,51,obesity,congruent,❌,0.051275504957877416
57,51,homework,congruent,✅,0.7749465824065966
57,51,obesity,incongruent,✅,0.055693531445695506
57,51,homework,incongruent,✅,0.049280957694357856
57,52,quiz,congruent,✅,0.977056265258006
57,52,commute,congruent,✅,0.9299604775384667
57,52,quiz,incongruent,✅,0.09092819569506676
57,52,commute,incongruent,✅,0.2287463649204942
57,53,migraine,congruent,✅,0.9872943398885988
57,53,excitement,congruent,✅,0.9455763156361987
57,53,migraine,incongruent,✅,0.0026048831968907642
57,53,excitement,incongruent,❌,0.6568182915441892
57,54,niece,congruent,✅,0.9813362950867224
57,54,husband,congruent,✅,0.983805852156007
57,54,niece,incongruent,❌,0.7098644797316007
57,54,husband,incongruent,❌,0.8236998662947381
57,55,film,congruent,✅,0.9889988474778346
57,55,sunrise,congruent,✅,0.6228592702459156
57,55,film,incongruent,✅,0.10036822389244686
57,55,sunrise,incongruent,✅,0.21854051855512502
57,56,lecture,congruent,✅,0.8945243495883966
57,56,banquet,congruent,✅,0.8271214855709473
57,56,lecture,incongruent,✅,0.011317349259226379
57,56,banquet,incongruent,✅,0.008203363257149059
57,57,drink,congruent,✅,0.9654286841125669
57,57,textbook,congruent,✅,0.8775456600582521
57,57,drink,incongruent,✅,0.10635632870388838
57,57,textbook,incongruent,✅,0.02730513207616729
57,58,pool,congruent,✅,0.9761890970794327
57,58,snow,congruent,✅,0.7466422386673073
57,58,pool,incongruent,✅,0.20412894253360192
57,58,snow,incongruent,✅,0.22502603133998514
57,59,passport,congruent,✅,0.9145924906781205
57,59,plushy,congruent,✅,0.8317505967845428
57,59,passport,incongruent,✅,0.02164917254488546
57,59,plushy,incongruent,✅,0.2326028084710826
57,6,patients,congruent,✅,0.9437169794329148
57,6,students,congruent,✅,0.8027439394230488
57,6,patients,incongruent,✅,0.14843027118899835
57,6,students,incongruent,✅,0.43687128105457645
57,60,sister,congruent,✅,0.7395912694296893
57,60,father,congruent,✅,0.5345430038288432
57,60,sister,incongruent,✅,0.10879466190771572
57,60,father,incongruent,✅,0.13025564207448276
57,61,game,congruent,✅,0.967790196760168
57,61,sunset,congruent,✅,0.9923250825101095
57,61,game,incongruent,✅,0.19615598643206159
57,61,sunset,incongruent,✅,0.24615680162209286
57,62,holidays,congruent,✅,0.9049836643705013
57,62,funeral,congruent,✅,0.7068764011940175
57,62,holidays,incongruent,✅,0.07767603713706493
57,62,funeral,incongruent,✅,0.4253094042249192
57,63,grades,congruent,✅,0.912908895208023
57,63,affair,congruent,✅,0.9926400658994957
57,63,grades,incongruent,❌,0.8062833840963277
57,63,affair,incongruent,✅,0.03158436586676572
57,64,arrest,congruent,✅,0.7194653094592095
57,64,stroke,congruent,✅,0.6085958140821605
57,64,arrest,incongruent,✅,0.43996414043703236
57,64,stroke,incongruent,✅,0.4419902272790348
57,65,pacifier,congruent,✅,0.7575957349836047
57,65,coffee,congruent,✅,0.8939502609989749
57,65,pacifier,incongruent,❌,0.5075359374730108
57,65,coffee,incongruent,✅,0.1227632578246039
57,66,sweets,congruent,✅,0.9736264787040844
57,66,sentencing,congruent,✅,0.9953738858705569
57,66,sweets,incongruent,✅,0.015322271613707144
57,66,sentencing,incongruent,✅,0.03749953540117405
57,67,nap,congruent,✅,0.8354209785658486
57,67,selfie,congruent,✅,0.9943247325038853
57,67,nap,incongruent,✅,0.14981243577579367
57,67,selfie,incongruent,✅,0.007486258413202224
57,68,diaper,congruent,✅,0.8157514811847838
57,68,tire,congruent,✅,0.9848299370813791
57,68,diaper,incongruent,✅,0.05369342554137989
57,68,tire,incongruent,✅,0.03666367346881947
57,69,chemotherapy,congruent,✅,0.8823824038496944
57,69,golf,congruent,✅,0.7549344282983683
57,69,chemotherapy,incongruent,✅,0.030063123435717487
57,69,golf,incongruent,✅,0.20835674189429057
57,7,consensus,congruent,✅,0.9964124700428091
57,7,deadlock,congruent,✅,0.9728033866902029
57,7,consensus,incongruent,❌,0.7992453687757052
57,7,deadlock,incongruent,❌,0.821476554830107
57,70,thunder,congruent,❌,0.21928612811040646
57,70,lullaby,congruent,❌,0.4641375507907203
57,70,thunder,incongruent,✅,0.08704705794008252
57,70,lullaby,incongruent,✅,0.03835877163426699
57,71,pajamas,congruent,✅,0.8525671836373195
57,71,uniform,congruent,✅,0.7374146793245426
57,71,pajamas,incongruent,✅,0.054888569186128326
57,71,uniform,incongruent,✅,0.11612521739188049
57,72,gown,congruent,✅,0.9594334980356508
57,72,sweats,congruent,✅,0.8591933049971463
57,72,gown,incongruent,✅,0.06868064060621443
57,72,sweats,incongruent,✅,0.44468787889657235
57,73,deadline,congruent,✅,0.5911904425026633
57,73,bed,congruent,✅,0.8698796490292312
57,73,deadline,incongruent,✅,0.08632009019252665
57,73,bed,incongruent,✅,0.0834571769126874
57,74,kindergarten,congruent,✅,0.8962754992232439
57,74,jail,congruent,✅,0.7302691214424075
57,74,kindergarten,incongruent,✅,0.13499552241319598
57,74,jail,incongruent,✅,0.47548482375754836
57,75,interrogated,congruent,✅,0.9958541364049358
57,75,tickled,congruent,✅,0.9853630762086623
57,75,interrogated,incongruent,✅,0.07394117463039533
57,75,tickled,incongruent,✅,0.11141451865066587
57,76,sandcastle,congruent,✅,0.9332822695679955
57,76,snowman,congruent,✅,0.984407529816069
57,76,sandcastle,incongruent,✅,0.00998493115330133
57,76,snowman,incongruent,✅,0.00973218327797925
57,77,music,congruent,✅,0.9991113912150315
57,77,pizza,congruent,✅,0.9974015074593205
57,77,music,incongruent,✅,0.07445281368626704
57,77,pizza,incongruent,✅,0.024801854407205608
57,78,playoffs,congruent,✅,0.6831130302137383
57,78,cartoon,congruent,✅,0.9699831058521371
57,78,playoffs,incongruent,✅,0.06402530646899286
57,78,cartoon,incongruent,✅,0.06880048032777208
57,79,alcoholism,congruent,✅,0.9545365364630617
57,79,academics,congruent,✅,0.9340926714628713
57,79,alcoholism,incongruent,✅,0.24903716822716312
57,79,academics,incongruent,❌,0.577072751221313
57,8,engagement,congruent,❌,0.1967289169959634
57,8,cancer,congruent,❌,0.06358363615958092
57,8,engagement,incongruent,✅,0.05773416859597077
57,8,cancer,incongruent,✅,0.05102775728284006
57,9,terminal,congruent,✅,0.848101338116783
57,9,classroom,congruent,✅,0.9191373447532037
57,9,terminal,incongruent,✅,0.10067519090881738
57,9,classroom,incongruent,✅,0.29395019079945733
58,0,library,congruent,✅,0.9517540598505582
58,0,refrigerator,congruent,✅,0.8401977893868444
58,0,library,incongruent,❌,0.5146767601331118
58,0,refrigerator,incongruent,✅,0.0899870322275524
58,1,disappointment,congruent,❌,0.4839628137955898
58,1,delight,congruent,❌,0.44755445819651907
58,1,disappointment,incongruent,✅,0.07542104700852666
58,1,delight,incongruent,✅,0.07385840574303179
58,10,cash,congruent,✅,0.9645105336036651
58,10,groceries,congruent,✅,0.9822283662677589
58,10,cash,incongruent,❌,0.8533772957863139
58,10,groceries,incongruent,✅,0.22527652239990592
58,11,lonely,congruent,✅,0.6529198667923349
58,11,confident,congruent,❌,0.4906625535351139
58,11,lonely,incongruent,✅,0.11096400071064005
58,11,confident,incongruent,✅,0.1568304716557219
58,12,joy,congruent,✅,0.9823365973623508
58,12,outrage,congruent,✅,0.5322741372890668
58,12,joy,incongruent,✅,0.0619529090254594
58,12,outrage,incongruent,❌,0.8734906489630815
58,13,traffic,congruent,✅,0.8067459572345845
58,13,snowstorm,congruent,✅,0.9471451582148588
58,13,traffic,incongruent,✅,0.343117437016746
58,13,snowstorm,incongruent,✅,0.22528403400737812
58,14,laughter,congruent,✅,0.9463980934810482
58,14,frustration,congruent,✅,0.9605995049737445
58,14,laughter,incongruent,❌,0.6712134822393903
58,14,frustration,incongruent,❌,0.5791877455975459
58,15,calculator,congruent,✅,0.6570468941552032
58,15,instrument,congruent,✅,0.8155403882088055
58,15,calculator,incongruent,✅,0.414096918967209
58,15,instrument,incongruent,❌,0.5255390476385059
58,16,orchestra,congruent,✅,0.7196331175540195
58,16,racers,congruent,✅,0.9047609257259001
58,16,orchestra,incongruent,✅,0.15943367320901103
58,16,racers,incongruent,✅,0.034740456782421485
58,17,retirement,congruent,✅,0.9359234715350836
58,17,playdate,congruent,✅,0.9093333819347358
58,17,retirement,incongruent,✅,0.15449581708753682
58,17,playdate,incongruent,❌,0.5068612085844137
58,18,relieved,congruent,✅,0.7196503882649277
58,18,depressed,congruent,✅,0.7569063988178628
58,18,relieved,incongruent,✅,0.14423666733286042
58,18,depressed,incongruent,❌,0.5064448588227756
58,19,friends,congruent,❌,0.1304344846528807
58,19,weight,congruent,✅,0.8864358694054124
58,19,friends,incongruent,❌,0.8099221903664499
58,19,weight,incongruent,✅,0.02036110746294138
58,2,overcoat,congruent,✅,0.7259114103822394
58,2,sandals,congruent,✅,0.7985450383454713
58,2,overcoat,incongruent,✅,0.2126612029663186
58,2,sandals,incongruent,✅,0.3045235248309302
58,20,lipstick,congruent,✅,0.804889351543998
58,20,song,congruent,✅,0.97707430449389
58,20,lipstick,incongruent,❌,0.5997380888405762
58,20,song,incongruent,✅,0.49128979057084554
58,21,fought,congruent,✅,0.9951216471113873
58,21,sang,congruent,❌,0.28936508308269365
58,21,fought,incongruent,✅,0.03728177960522543
58,21,sang,incongruent,❌,0.7514290430127625
58,22,skeptical,congruent,❌,0.4595200286823085
58,22,reassured,congruent,✅,0.5265279586467775
58,22,skeptical,incongruent,✅,0.16341911444363955
58,22,reassured,incongruent,✅,0.09090961606086587
58,23,graduation,congruent,✅,0.9899952892434403
58,23,operation,congruent,✅,0.7498084810865452
58,23,graduation,incongruent,✅,0.03396201356993089
58,23,operation,incongruent,✅,0.07019146400481079
58,24,bride,congruent,✅,0.8868430918184343
58,24,aftermath,congruent,✅,0.9605799085008113
58,24,bride,incongruent,✅,0.41588122412997064
58,24,aftermath,incongruent,✅,0.015963070346692674
58,25,teacher,congruent,✅,0.988494976463188
58,25,daughter,congruent,✅,0.9328930264462388
58,25,teacher,incongruent,✅,0.016620628556915172
58,25,daughter,incongruent,✅,0.053346919078546315
58,26,roommate,congruent,✅,0.7522454477359141
58,26,grandma,congruent,✅,0.8682902511868597
58,26,roommate,incongruent,✅,0.2303374320873246
58,26,grandma,incongruent,✅,0.015454998776718899
58,27,brother,congruent,✅,0.8832514475488361
58,27,mother,congruent,✅,0.9051376946524975
58,27,brother,incongruent,✅,0.12054568449384716
58,27,mother,incongruent,✅,0.011824672574546634
58,28,preschool,congruent,✅,0.839861479644241
58,28,prison,congruent,✅,0.8755405310058917
58,28,preschool,incongruent,✅,0.019375190362856832
58,28,prison,incongruent,✅,0.13078187147664885
58,29,hopeful,congruent,✅,0.9312289208831355
58,29,hopeless,congruent,✅,0.968592670524782
58,29,hopeful,incongruent,✅,0.4782151305797999
58,29,hopeless,incongruent,✅,0.057593093556795864
58,3,marathon,congruent,✅,0.7983321938131678
58,3,exam,congruent,✅,0.957624171506374
58,3,marathon,incongruent,✅,0.18510267253198429
58,3,exam,incongruent,✅,0.18513281087054798
58,30,appalled,congruent,✅,0.9113654900124577
58,30,overjoyed,congruent,✅,0.8584498318946093
58,30,appalled,incongruent,✅,0.30329091241593703
58,30,overjoyed,incongruent,✅,0.23748501646553263
58,31,reprimand,congruent,✅,0.8057573495625688
58,31,encouragement,congruent,✅,0.9498876431584087
58,31,reprimand,incongruent,✅,0.09327298470043724
58,31,encouragement,incongruent,✅,0.02255639142359941
58,32,angrily,congruent,✅,0.9790749716057182
58,32,cordially,congruent,✅,0.8867369595568508
58,32,angrily,incongruent,✅,0.14990615543634098
58,32,cordially,incongruent,✅,0.4111087654355716
58,33,accusatory,congruent,✅,0.9655057299384264
58,33,flirtatious,congruent,✅,0.8984434249889449
58,33,accusatory,incongruent,❌,0.5009966231013818
58,33,flirtatious,incongruent,❌,0.7563252759759906
58,34,disapprovingly,congruent,❌,0.38302886387892676
58,34,lovingly,congruent,✅,0.553278503261612
58,34,disapprovingly,incongruent,✅,0.11107673907783719
58,34,lovingly,incongruent,✅,0.14181557128064542
58,35,playful,congruent,✅,0.9521259133223571
58,35,distant,congruent,✅,0.9199937361070764
58,35,playful,incongruent,✅,0.46904401795358125
58,35,distant,incongruent,✅,0.37550916306765364
58,36,headphones,congruent,✅,0.7394062669191893
58,36,mangoes,congruent,❌,0.4385640722884402
58,36,headphones,incongruent,✅,0.0991088819910347
58,36,mangoes,incongruent,✅,0.148522041735131
58,37,playroom,congruent,✅,0.9685966692917577
58,37,park,congruent,✅,0.9610754583924229
58,37,playroom,incongruent,✅,0.022314339346161317
58,37,park,incongruent,✅,0.18457530847847017
58,38,bedroom,congruent,✅,0.9261932739276564
58,38,backyard,congruent,✅,0.8972618902783573
58,38,bedroom,incongruent,✅,0.027217751083226993
58,38,backyard,incongruent,✅,0.006158433635476764
58,39,solemnly,congruent,✅,0.9239352431381027
58,39,excitedly,congruent,❌,0.49344056675024706
58,39,solemnly,incongruent,✅,0.3189825678980987
58,39,excitedly,incongruent,✅,0.24374400737349253
58,4,menu,congruent,✅,0.8537613206557374
58,4,prescription,congruent,✅,0.9225056700242853
58,4,menu,incongruent,✅,0.3655975933633838
58,4,prescription,incongruent,✅,0.2687775518699584
58,40,car,congruent,✅,0.9387092038650716
58,40,sock,congruent,✅,0.7474190467079268
58,40,car,incongruent,✅,0.1910127785846846
58,40,sock,incongruent,✅,0.3323152118645412
58,41,overdressed,congruent,✅,0.9262413268494294
58,41,naked,congruent,❌,0.0910478521807376
58,41,overdressed,incongruent,✅,0.0055417650833984615
58,41,naked,incongruent,❌,0.5330848843603161
58,42,shy,congruent,✅,0.9282836227236317
58,42,lively,congruent,✅,0.8477326844897521
58,42,shy,incongruent,✅,0.013911150104636212
58,42,lively,incongruent,✅,0.11361023972202725
58,43,offended,congruent,✅,0.6775224921197738
58,43,flattered,congruent,✅,0.7144159023842779
58,43,offended,incongruent,✅,0.07018439297395927
58,43,flattered,incongruent,✅,0.2881338709278039
58,44,grandkid,congruent,✅,0.9885759825799976
58,44,cellmate,congruent,✅,0.8123563393216072
58,44,grandkid,incongruent,✅,0.004444436644816039
58,44,cellmate,incongruent,✅,0.1329366730414502
58,45,promoted,congruent,✅,0.8296472605058872
58,45,fired,congruent,✅,0.8105826263974533
58,45,promoted,incongruent,❌,0.5218191038767922
58,45,fired,incongruent,❌,0.7624740731748264
58,46,shooting,congruent,❌,0.20772734333473378
58,46,celebration,congruent,❌,0.4050668790611483
58,46,shooting,incongruent,✅,0.07928236720943214
58,46,celebration,incongruent,✅,0.07694651313332149
58,47,crayon,congruent,✅,0.5206002100384984
58,47,beer,congruent,✅,0.9128291750105514
58,47,crayon,incongruent,✅,0.0035930155264954034
58,47,beer,incongruent,✅,0.01573428105911906
58,48,waiter,congruent,✅,0.885088014898532
58,48,taxi,congruent,✅,0.8629169099829879
58,48,waiter,incongruent,✅,0.46665461347613335
58,48,taxi,incongruent,✅,0.2580381796215873
58,49,parents,congruent,✅,0.9583988428636989
58,49,keys,congruent,✅,0.9743973156618383
58,49,parents,incongruent,✅,0.267388291596749
58,49,keys,incongruent,✅,0.023395764952002067
58,5,distress,congruent,✅,0.6740162888694673
58,5,tranquility,congruent,✅,0.8952932820596577
58,5,distress,incongruent,✅,0.09991594952410535
58,5,tranquility,incongruent,✅,0.11839917468549208
58,50,sofa,congruent,✅,0.9927998409302892
58,50,sky,congruent,✅,0.9986529361883694
58,50,sofa,incongruent,❌,0.6431818468541685
58,50,sky,incongruent,❌,0.6101503801442294
58,51,obesity,congruent,❌,0.04621281310000982
58,51,homework,congruent,✅,0.7063687300525776
58,51,obesity,incongruent,✅,0.053314379144735066
58,51,homework,incongruent,✅,0.05024894213560944
58,52,quiz,congruent,✅,0.9785750872490351
58,52,commute,congruent,✅,0.9214462119311511
58,52,quiz,incongruent,✅,0.09604153572783712
58,52,commute,incongruent,✅,0.3146133895592273
58,53,migraine,congruent,✅,0.9861811068409354
58,53,excitement,congruent,✅,0.9334860535149835
58,53,migraine,incongruent,✅,0.002704231375489932
58,53,excitement,incongruent,❌,0.6440144111272618
58,54,niece,congruent,✅,0.976779256499862
58,54,husband,congruent,✅,0.9832046799825094
58,54,niece,incongruent,❌,0.6962730511618416
58,54,husband,incongruent,❌,0.814795890225659
58,55,film,congruent,✅,0.9880060107526537
58,55,sunrise,congruent,❌,0.4815757601295503
58,55,film,incongruent,✅,0.09255065839513213
58,55,sunrise,incongruent,✅,0.23295272634484437
58,56,lecture,congruent,✅,0.8820897211925716
58,56,banquet,congruent,✅,0.7842320213356019
58,56,lecture,incongruent,✅,0.011976674539398706
58,56,banquet,incongruent,✅,0.009676160399961354
58,57,drink,congruent,✅,0.9396971182339112
58,57,textbook,congruent,✅,0.8395218097121588
58,57,drink,incongruent,✅,0.10647527743544326
58,57,textbook,incongruent,✅,0.031261433550676856
58,58,pool,congruent,✅,0.9760274987079208
58,58,snow,congruent,✅,0.7068485345897784
58,58,pool,incongruent,✅,0.18765252761053478
58,58,snow,incongruent,✅,0.22284134349812523
58,59,passport,congruent,✅,0.8644514813085716
58,59,plushy,congruent,✅,0.7839965202182896
58,59,passport,incongruent,✅,0.028849385586832244
58,59,plushy,incongruent,✅,0.16055395425086683
58,6,patients,congruent,✅,0.9415208519278306
58,6,students,congruent,✅,0.8019312098672231
58,6,patients,incongruent,✅,0.15625016668152766
58,6,students,incongruent,✅,0.4722891704882863
58,60,sister,congruent,✅,0.786374097927446
58,60,father,congruent,✅,0.5696547858072796
58,60,sister,incongruent,✅,0.12129535455479792
58,60,father,incongruent,✅,0.16053160891390333
58,61,game,congruent,✅,0.9772349212399153
58,61,sunset,congruent,✅,0.989902066637058
58,61,game,incongruent,✅,0.17863657118093065
58,61,sunset,incongruent,✅,0.3089886725802189
58,62,holidays,congruent,✅,0.9315297142094257
58,62,funeral,congruent,✅,0.5735761844778999
58,62,holidays,incongruent,✅,0.06376709871637054
58,62,funeral,incongruent,✅,0.48481231431522326
58,63,grades,congruent,✅,0.8997160180136786
58,63,affair,congruent,✅,0.9929089251406921
58,63,grades,incongruent,❌,0.8199001626833187
58,63,affair,incongruent,✅,0.04476367853458097
58,64,arrest,congruent,✅,0.7047886083786197
58,64,stroke,congruent,✅,0.5875245920252048
58,64,arrest,incongruent,✅,0.4158132231715572
58,64,stroke,incongruent,✅,0.38559245832857697
58,65,pacifier,congruent,✅,0.5362766366518871
58,65,coffee,congruent,✅,0.8006639839942541
58,65,pacifier,incongruent,✅,0.2737820551714578
58,65,coffee,incongruent,✅,0.10610430632818911
58,66,sweets,congruent,✅,0.9456710653356354
58,66,sentencing,congruent,✅,0.9955322914524403
58,66,sweets,incongruent,✅,0.014406569817265074
58,66,sentencing,incongruent,✅,0.03322355399042487
58,67,nap,congruent,✅,0.8221695260418692
58,67,selfie,congruent,✅,0.9936920691091377
58,67,nap,incongruent,✅,0.09499287189223093
58,67,selfie,incongruent,✅,0.0078947495299939
58,68,diaper,congruent,✅,0.791679825445371
58,68,tire,congruent,✅,0.9922354583616125
58,68,diaper,incongruent,✅,0.083363937529271
58,68,tire,incongruent,✅,0.04144156890522907
58,69,chemotherapy,congruent,✅,0.8914421351055926
58,69,golf,congruent,✅,0.7544469063637725
58,69,chemotherapy,incongruent,✅,0.039354354595180156
58,69,golf,incongruent,✅,0.2764512805418354
58,7,consensus,congruent,✅,0.9968028539313779
58,7,deadlock,congruent,✅,0.9627508037300126
58,7,consensus,incongruent,❌,0.7475589462217235
58,7,deadlock,incongruent,❌,0.7988389222144341
58,70,thunder,congruent,❌,0.26742854541137007
58,70,lullaby,congruent,✅,0.5419082460991335
58,70,thunder,incongruent,✅,0.09214723942655303
58,70,lullaby,incongruent,✅,0.05463312972504233
58,71,pajamas,congruent,✅,0.8843191682649978
58,71,uniform,congruent,✅,0.7010257377278571
58,71,pajamas,incongruent,✅,0.05232686844562895
58,71,uniform,incongruent,✅,0.14303955479363034
58,72,gown,congruent,✅,0.9589854525748057
58,72,sweats,congruent,✅,0.8581396239174955
58,72,gown,incongruent,✅,0.09109554327672742
58,72,sweats,incongruent,✅,0.4028419888628758
58,73,deadline,congruent,✅,0.5782852480441291
58,73,bed,congruent,✅,0.870266830362704
58,73,deadline,incongruent,✅,0.0721234630065427
58,73,bed,incongruent,✅,0.09211203163737212
58,74,kindergarten,congruent,✅,0.8740453968322415
58,74,jail,congruent,✅,0.7079048331144822
58,74,kindergarten,incongruent,✅,0.10652279413677544
58,74,jail,incongruent,✅,0.4414877847966542
58,75,interrogated,congruent,✅,0.9965510418313513
58,75,tickled,congruent,✅,0.9890912920229614
58,75,interrogated,incongruent,✅,0.06701985811499868
58,75,tickled,incongruent,✅,0.11392022357525441
58,76,sandcastle,congruent,✅,0.9553558353756578
58,76,snowman,congruent,✅,0.9903298054497851
58,76,sandcastle,incongruent,✅,0.01646271904677661
58,76,snowman,incongruent,✅,0.010138372697287654
58,77,music,congruent,✅,0.9986303741250977
58,77,pizza,congruent,✅,0.995365273575765
58,77,music,incongruent,✅,0.055172147054293075
58,77,pizza,incongruent,✅,0.019739929825367958
58,78,playoffs,congruent,✅,0.629707666334909
58,78,cartoon,congruent,✅,0.9652242618328771
58,78,playoffs,incongruent,✅,0.06831289094680593
58,78,cartoon,incongruent,✅,0.06764287527518276
58,79,alcoholism,congruent,✅,0.9609072380476541
58,79,academics,congruent,✅,0.9386626369634584
58,79,alcoholism,incongruent,✅,0.31398616811735625
58,79,academics,incongruent,❌,0.5950895547898097
58,8,engagement,congruent,❌,0.23964459594365184
58,8,cancer,congruent,❌,0.04013533055698862
58,8,engagement,incongruent,✅,0.04427543191424187
58,8,cancer,incongruent,✅,0.06525783189182452
58,9,terminal,congruent,✅,0.844356935062132
58,9,classroom,congruent,✅,0.9383813079260894
58,9,terminal,incongruent,✅,0.12859604855339213
58,9,classroom,incongruent,✅,0.3174421458308725
59,0,library,congruent,✅,0.9490997077687264
59,0,refrigerator,congruent,✅,0.8952781739509688
59,0,library,incongruent,❌,0.6290866015466676
59,0,refrigerator,incongruent,✅,0.13518480462685795
59,1,disappointment,congruent,❌,0.37493486302465534
59,1,delight,congruent,❌,0.37331043945999465
59,1,disappointment,incongruent,✅,0.06285594709306266
59,1,delight,incongruent,✅,0.04903971534611945
59,10,cash,congruent,✅,0.9668763959596333
59,10,groceries,congruent,✅,0.9827254645574441
59,10,cash,incongruent,❌,0.8840603713595585
59,10,groceries,incongruent,✅,0.24893568530764
59,11,lonely,congruent,✅,0.6661044217142236
59,11,confident,congruent,✅,0.5534328792747039
59,11,lonely,incongruent,✅,0.1829833159994418
59,11,confident,incongruent,✅,0.1387019898076693
59,12,joy,congruent,✅,0.9755168703631111
59,12,outrage,congruent,❌,0.43081613220790416
59,12,joy,incongruent,✅,0.03774234664377713
59,12,outrage,incongruent,❌,0.8445216093555583
59,13,traffic,congruent,✅,0.8477498957607127
59,13,snowstorm,congruent,✅,0.9492699136473876
59,13,traffic,incongruent,✅,0.39507211474251164
59,13,snowstorm,incongruent,✅,0.2559439461385717
59,14,laughter,congruent,✅,0.9525424529200011
59,14,frustration,congruent,✅,0.9730883715942388
59,14,laughter,incongruent,❌,0.7632481523825098
59,14,frustration,incongruent,❌,0.6399067566441563
59,15,calculator,congruent,✅,0.5431004088895941
59,15,instrument,congruent,✅,0.702550534678734
59,15,calculator,incongruent,✅,0.32357680891791846
59,15,instrument,incongruent,✅,0.4006991545696799
59,16,orchestra,congruent,✅,0.7804597630682505
59,16,racers,congruent,✅,0.8661877355492433
59,16,orchestra,incongruent,✅,0.174292549414918
59,16,racers,incongruent,✅,0.049934010579731826
59,17,retirement,congruent,✅,0.8824765158016841
59,17,playdate,congruent,✅,0.8778430787556253
59,17,retirement,incongruent,✅,0.1495587642096404
59,17,playdate,incongruent,✅,0.3901436969748695
59,18,relieved,congruent,✅,0.6873197232404629
59,18,depressed,congruent,✅,0.7223177304428066
59,18,relieved,incongruent,✅,0.1524265888165613
59,18,depressed,incongruent,✅,0.4377014088394554
59,19,friends,congruent,❌,0.23160537290129807
59,19,weight,congruent,✅,0.8960572515771936
59,19,friends,incongruent,❌,0.8550262726168357
59,19,weight,incongruent,✅,0.0336969715744048
59,2,overcoat,congruent,✅,0.7337207306665656
59,2,sandals,congruent,✅,0.7766350995753679
59,2,overcoat,incongruent,✅,0.19367579614798533
59,2,sandals,incongruent,✅,0.2850343957003237
59,20,lipstick,congruent,✅,0.8024386630918418
59,20,song,congruent,✅,0.9777095976417488
59,20,lipstick,incongruent,❌,0.6317806850816174
59,20,song,incongruent,✅,0.4711090028025461
59,21,fought,congruent,✅,0.9936306029189049
59,21,sang,congruent,❌,0.210831857325057
59,21,fought,incongruent,✅,0.038177574178907055
59,21,sang,incongruent,❌,0.6527722174889513
59,22,skeptical,congruent,✅,0.5574500711170097
59,22,reassured,congruent,✅,0.6445099316910333
59,22,skeptical,incongruent,✅,0.24330722312508557
59,22,reassured,incongruent,✅,0.13670827046079898
59,23,graduation,congruent,✅,0.9916141052565088
59,23,operation,congruent,✅,0.8144010505069457
59,23,graduation,incongruent,✅,0.0465709409153753
59,23,operation,incongruent,✅,0.1054355616405286
59,24,bride,congruent,✅,0.8847733408358152
59,24,aftermath,congruent,✅,0.9590500415102724
59,24,bride,incongruent,✅,0.3521149136610449
59,24,aftermath,incongruent,✅,0.012075463397667656
59,25,teacher,congruent,✅,0.9884094485694463
59,25,daughter,congruent,✅,0.930296836416662
59,25,teacher,incongruent,✅,0.014376156494646432
59,25,daughter,incongruent,✅,0.0543278707762942
59,26,roommate,congruent,✅,0.796390655108814
59,26,grandma,congruent,✅,0.8474306221327224
59,26,roommate,incongruent,✅,0.2014103870039176
59,26,grandma,incongruent,✅,0.010814538425540152
59,27,brother,congruent,✅,0.9052057232020633
59,27,mother,congruent,✅,0.9156674068815216
59,27,brother,incongruent,✅,0.1683268488923378
59,27,mother,incongruent,✅,0.017030895862578603
59,28,preschool,congruent,✅,0.8224766043691616
59,28,prison,congruent,✅,0.8348740162217592
59,28,preschool,incongruent,✅,0.017960206111928043
59,28,prison,incongruent,✅,0.13918154936624394
59,29,hopeful,congruent,✅,0.9088217909310675
59,29,hopeless,congruent,✅,0.9600651837512595
59,29,hopeful,incongruent,✅,0.4326036081068043
59,29,hopeless,incongruent,✅,0.03875820813512324
59,3,marathon,congruent,✅,0.7904280682387879
59,3,exam,congruent,✅,0.9615662483320647
59,3,marathon,incongruent,✅,0.2140367967881273
59,3,exam,incongruent,✅,0.14456593764020517
59,30,appalled,congruent,✅,0.9380811806100176
59,30,overjoyed,congruent,✅,0.8705110150382436
59,30,appalled,incongruent,✅,0.31898246822060305
59,30,overjoyed,incongruent,✅,0.3569264574156993
59,31,reprimand,congruent,✅,0.7591556329154463
59,31,encouragement,congruent,✅,0.9258084104261424
59,31,reprimand,incongruent,✅,0.06836478269063576
59,31,encouragement,incongruent,✅,0.013662563780187969
59,32,angrily,congruent,✅,0.9762999347680839
59,32,cordially,congruent,✅,0.8802666642292957
59,32,angrily,incongruent,✅,0.19013616564316566
59,32,cordially,incongruent,✅,0.449486330280129
59,33,accusatory,congruent,✅,0.9728993036415914
59,33,flirtatious,congruent,✅,0.8773954521462164
59,33,accusatory,incongruent,✅,0.3763370481217979
59,33,flirtatious,incongruent,❌,0.7766918835391007
59,34,disapprovingly,congruent,❌,0.24409278991062633
59,34,lovingly,congruent,✅,0.5830741944884971
59,34,disapprovingly,incongruent,✅,0.10240108707585341
59,34,lovingly,incongruent,✅,0.10054061188827412
59,35,playful,congruent,✅,0.9651708833478538
59,35,distant,congruent,✅,0.9384121110676666
59,35,playful,incongruent,✅,0.4599187779223866
59,35,distant,incongruent,✅,0.411428087107679
59,36,headphones,congruent,✅,0.7614085254823357
59,36,mangoes,congruent,❌,0.40371170868861694
59,36,headphones,incongruent,✅,0.1187666795472808
59,36,mangoes,incongruent,✅,0.1823823274261864
59,37,playroom,congruent,✅,0.9661230777170221
59,37,park,congruent,✅,0.9656310689387817
59,37,playroom,incongruent,✅,0.0246824805154031
59,37,park,incongruent,✅,0.17389960930806744
59,38,bedroom,congruent,✅,0.9438439926142802
59,38,backyard,congruent,✅,0.894730508452958
59,38,bedroom,incongruent,✅,0.031855657775138116
59,38,backyard,incongruent,✅,0.006008799757922534
59,39,solemnly,congruent,✅,0.9403487460177187
59,39,excitedly,congruent,✅,0.5136368945866381
59,39,solemnly,incongruent,✅,0.30105629991674965
59,39,excitedly,incongruent,✅,0.29731327545182384
59,4,menu,congruent,✅,0.8816694172248181
59,4,prescription,congruent,✅,0.9266206983257647
59,4,menu,incongruent,✅,0.3963972465451416
59,4,prescription,incongruent,✅,0.29340542095781824
59,40,car,congruent,✅,0.9202121286565951
59,40,sock,congruent,✅,0.6932900633088167
59,40,car,incongruent,✅,0.12446681329005335
59,40,sock,incongruent,✅,0.1849249070701931
59,41,overdressed,congruent,✅,0.9336357908267172
59,41,naked,congruent,❌,0.06283109393992171
59,41,overdressed,incongruent,✅,0.005106510116912507
59,41,naked,incongruent,❌,0.529154837499725
59,42,shy,congruent,✅,0.9293430400132603
59,42,lively,congruent,✅,0.8760052061958992
59,42,shy,incongruent,✅,0.01864533951843863
59,42,lively,incongruent,✅,0.0996369157422346
59,43,offended,congruent,✅,0.7327451438593434
59,43,flattered,congruent,✅,0.754273255092431
59,43,offended,incongruent,✅,0.07596689750662257
59,43,flattered,incongruent,✅,0.34341502918709954
59,44,grandkid,congruent,✅,0.989026161089147
59,44,cellmate,congruent,✅,0.8302826129502368
59,44,grandkid,incongruent,✅,0.0027523733821280625
59,44,cellmate,incongruent,✅,0.10808186469397955
59,45,promoted,congruent,✅,0.8101852958598653
59,45,fired,congruent,✅,0.8988587612498884
59,45,promoted,incongruent,❌,0.7025604619133099
59,45,fired,incongruent,❌,0.7700732207503098
59,46,shooting,congruent,❌,0.1684490597559352
59,46,celebration,congruent,✅,0.5854544924636126
59,46,shooting,incongruent,✅,0.1456822901100313
59,46,celebration,incongruent,✅,0.08114971043205779
59,47,crayon,congruent,❌,0.4845735183274013
59,47,beer,congruent,✅,0.918790080531276
59,47,crayon,incongruent,✅,0.004907591474976484
59,47,beer,incongruent,✅,0.014124378242697503
59,48,waiter,congruent,✅,0.8520171539606062
59,48,taxi,congruent,✅,0.7921437995172449
59,48,waiter,incongruent,✅,0.3590108134181575
59,48,taxi,incongruent,✅,0.24731212022641355
59,49,parents,congruent,✅,0.9465701966053194
59,49,keys,congruent,✅,0.9761589324203845
59,49,parents,incongruent,✅,0.31256899348094097
59,49,keys,incongruent,✅,0.013133664752863632
59,5,distress,congruent,✅,0.70140745711407
59,5,tranquility,congruent,✅,0.9130228371426635
59,5,distress,incongruent,✅,0.11526968044370609
59,5,tranquility,incongruent,✅,0.10931523386012375
59,50,sofa,congruent,✅,0.9846742068567914
59,50,sky,congruent,✅,0.9987364006962253
59,50,sofa,incongruent,❌,0.6134019236834113
59,50,sky,incongruent,❌,0.515745060614969
59,51,obesity,congruent,❌,0.07020127398765967
59,51,homework,congruent,✅,0.5922182434511251
59,51,obesity,incongruent,✅,0.05064794354154194
59,51,homework,incongruent,✅,0.07365344806470361
59,52,quiz,congruent,✅,0.9816883690616185
59,52,commute,congruent,✅,0.9326169165774516
59,52,quiz,incongruent,✅,0.08823262398299693
59,52,commute,incongruent,✅,0.30046189893498915
59,53,migraine,congruent,✅,0.9715294938962685
59,53,excitement,congruent,✅,0.9473525622952388
59,53,migraine,incongruent,✅,0.003462863598373397
59,53,excitement,incongruent,✅,0.4919017268282735
59,54,niece,congruent,✅,0.9792152659484011
59,54,husband,congruent,✅,0.9725278707928536
59,54,niece,incongruent,❌,0.6222648120086212
59,54,husband,incongruent,❌,0.8252012249428512
59,55,film,congruent,✅,0.98287669905531
59,55,sunrise,congruent,✅,0.530421057399281
59,55,film,incongruent,✅,0.10114315585867209
59,55,sunrise,incongruent,✅,0.21729634769637401
59,56,lecture,congruent,✅,0.9078062326108303
59,56,banquet,congruent,✅,0.729847604185897
59,56,lecture,incongruent,✅,0.01098168157341133
59,56,banquet,incongruent,✅,0.01968012075310818
59,57,drink,congruent,✅,0.9364359989021236
59,57,textbook,congruent,✅,0.8038090139650224
59,57,drink,incongruent,✅,0.09020486721684583
59,57,textbook,incongruent,✅,0.028408051038917755
59,58,pool,congruent,✅,0.9679857802281282
59,58,snow,congruent,✅,0.7408506738288597
59,58,pool,incongruent,✅,0.17656149856293202
59,58,snow,incongruent,✅,0.2887860311852009
59,59,passport,congruent,✅,0.9200155437374166
59,59,plushy,congruent,✅,0.7778284720591014
59,59,passport,incongruent,✅,0.08337934640905344
59,59,plushy,incongruent,✅,0.1723210424854724
59,6,patients,congruent,✅,0.9531547870802431
59,6,students,congruent,✅,0.8305899126714935
59,6,patients,incongruent,✅,0.21020110849745874
59,6,students,incongruent,❌,0.5173976707312195
59,60,sister,congruent,✅,0.7863727637835355
59,60,father,congruent,❌,0.4834695379944838
59,60,sister,incongruent,✅,0.10235277914191744
59,60,father,incongruent,✅,0.12721112586542907
59,61,game,congruent,✅,0.9676284102745798
59,61,sunset,congruent,✅,0.9889025018134668
59,61,game,incongruent,✅,0.2214497415246418
59,61,sunset,incongruent,✅,0.30795664802595774
59,62,holidays,congruent,✅,0.9046302513730321
59,62,funeral,congruent,❌,0.48742561289773695
59,62,holidays,incongruent,✅,0.03598104732456106
59,62,funeral,incongruent,✅,0.4633212283954218
59,63,grades,congruent,✅,0.8570176203226116
59,63,affair,congruent,✅,0.9904651220329711
59,63,grades,incongruent,❌,0.7760376146441662
59,63,affair,incongruent,✅,0.021322478542366356
59,64,arrest,congruent,✅,0.7837889235922009
59,64,stroke,congruent,✅,0.5413149265087642
59,64,arrest,incongruent,✅,0.399686679370018
59,64,stroke,incongruent,✅,0.4825338081998368
59,65,pacifier,congruent,❌,0.4840911232485813
59,65,coffee,congruent,✅,0.6356246195540658
59,65,pacifier,incongruent,✅,0.14708071883680698
59,65,coffee,incongruent,✅,0.15169109455346785
59,66,sweets,congruent,✅,0.9518152953700314
59,66,sentencing,congruent,✅,0.9956747880217249
59,66,sweets,incongruent,✅,0.011932614332743535
59,66,sentencing,incongruent,✅,0.030232111603409967
59,67,nap,congruent,✅,0.7807229501870718
59,67,selfie,congruent,✅,0.9919490573619228
59,67,nap,incongruent,✅,0.0665505275387097
59,67,selfie,incongruent,✅,0.020069348395445143
59,68,diaper,congruent,✅,0.8823621874569851
59,68,tire,congruent,✅,0.9929699537605486
59,68,diaper,incongruent,✅,0.1314134241691201
59,68,tire,incongruent,✅,0.06626764067234915
59,69,chemotherapy,congruent,✅,0.8421286771837013
59,69,golf,congruent,✅,0.5923365446474501
59,69,chemotherapy,incongruent,✅,0.025803107444795192
59,69,golf,incongruent,✅,0.17547267646530126
59,7,consensus,congruent,✅,0.9976764975584113
59,7,deadlock,congruent,✅,0.9798855105884101
59,7,consensus,incongruent,❌,0.8730380186898885
59,7,deadlock,incongruent,❌,0.8409503209001128
59,70,thunder,congruent,❌,0.29833948195564547
59,70,lullaby,congruent,❌,0.4461908257963175
59,70,thunder,incongruent,✅,0.08763306169764598
59,70,lullaby,incongruent,✅,0.08084242306361811
59,71,pajamas,congruent,✅,0.8763759843522739
59,71,uniform,congruent,✅,0.7392139501795556
59,71,pajamas,incongruent,✅,0.05886388972439415
59,71,uniform,incongruent,✅,0.15064676899437834
59,72,gown,congruent,✅,0.9630294792941198
59,72,sweats,congruent,✅,0.8280831179506608
59,72,gown,incongruent,✅,0.09867263205781218
59,72,sweats,incongruent,✅,0.39069232093349665
59,73,deadline,congruent,✅,0.6593645774370153
59,73,bed,congruent,✅,0.8795002824278284
59,73,deadline,incongruent,✅,0.11718269226776402
59,73,bed,incongruent,✅,0.13388980628204125
59,74,kindergarten,congruent,✅,0.871672895343991
59,74,jail,congruent,✅,0.7649157911953655
59,74,kindergarten,incongruent,✅,0.10960124621089581
59,74,jail,incongruent,✅,0.41734551938555997
59,75,interrogated,congruent,✅,0.99589718208977
59,75,tickled,congruent,✅,0.9880389824062896
59,75,interrogated,incongruent,✅,0.09556354775249669
59,75,tickled,incongruent,✅,0.1553766241121794
59,76,sandcastle,congruent,✅,0.9324919396880408
59,76,snowman,congruent,✅,0.9832069735482705
59,76,sandcastle,incongruent,✅,0.01237948934506468
59,76,snowman,incongruent,✅,0.0098014829274061
59,77,music,congruent,✅,0.9984275310477152
59,77,pizza,congruent,✅,0.995977113424665
59,77,music,incongruent,✅,0.09341290083631139
59,77,pizza,incongruent,✅,0.018920289010091334
59,78,playoffs,congruent,✅,0.5932132635525371
59,78,cartoon,congruent,✅,0.9545494061050637
59,78,playoffs,incongruent,✅,0.06701500764580315
59,78,cartoon,incongruent,✅,0.08230647544792809
59,79,alcoholism,congruent,✅,0.9590732961545372
59,79,academics,congruent,✅,0.9354058772765372
59,79,alcoholism,incongruent,✅,0.3135865226599222
59,79,academics,incongruent,❌,0.6088073831576061
59,8,engagement,congruent,❌,0.22278583756580714
59,8,cancer,congruent,❌,0.03925701633507401
59,8,engagement,incongruent,✅,0.040980920068331095
59,8,cancer,incongruent,✅,0.06261768155465319
59,9,terminal,congruent,✅,0.889245885411199
59,9,classroom,congruent,✅,0.9582894063289763
59,9,terminal,incongruent,✅,0.21162572867102103
59,9,classroom,incongruent,✅,0.36162970428678676
60,0,library,congruent,✅,0.9278011721062718
60,0,refrigerator,congruent,✅,0.8752456045133742
60,0,library,incongruent,❌,0.6255509662612522
60,0,refrigerator,incongruent,✅,0.08776035646853902
60,1,disappointment,congruent,❌,0.438952786949418
60,1,delight,congruent,❌,0.4277494070460831
60,1,disappointment,incongruent,✅,0.07932018887842199
60,1,delight,incongruent,✅,0.06391246320406035
60,10,cash,congruent,✅,0.9695316133637636
60,10,groceries,congruent,✅,0.9869842684622702
60,10,cash,incongruent,❌,0.9000246647078838
60,10,groceries,incongruent,✅,0.13363011412277448
60,11,lonely,congruent,✅,0.6034307247875547
60,11,confident,congruent,✅,0.6551637988675433
60,11,lonely,incongruent,✅,0.30629806497174544
60,11,confident,incongruent,✅,0.13919267075032796
60,12,joy,congruent,✅,0.9750595701680269
60,12,outrage,congruent,✅,0.5263918886206448
60,12,joy,incongruent,✅,0.047057323233271914
60,12,outrage,incongruent,❌,0.8504191137918111
60,13,traffic,congruent,✅,0.8614379235425476
60,13,snowstorm,congruent,✅,0.9219378847238343
60,13,traffic,incongruent,✅,0.305318622439868
60,13,snowstorm,incongruent,✅,0.287352186265652
60,14,laughter,congruent,✅,0.9735771619390574
60,14,frustration,congruent,✅,0.974946805841713
60,14,laughter,incongruent,❌,0.7953373729578973
60,14,frustration,incongruent,❌,0.7979889556355825
60,15,calculator,congruent,❌,0.4895564968796193
60,15,instrument,congruent,✅,0.6788313991805298
60,15,calculator,incongruent,✅,0.3109600759616613
60,15,instrument,incongruent,✅,0.268144166567127
60,16,orchestra,congruent,✅,0.6908178939507791
60,16,racers,congruent,✅,0.8571481723834551
60,16,orchestra,incongruent,✅,0.13420543427774514
60,16,racers,incongruent,✅,0.03470975009639388
60,17,retirement,congruent,✅,0.8732859188489366
60,17,playdate,congruent,✅,0.8743131991038868
60,17,retirement,incongruent,✅,0.17365758593170885
60,17,playdate,incongruent,✅,0.4800487624459
60,18,relieved,congruent,✅,0.6796477431153766
60,18,depressed,congruent,✅,0.7023131490401775
60,18,relieved,incongruent,✅,0.17787902821676305
60,18,depressed,incongruent,✅,0.40094436164810204
60,19,friends,congruent,❌,0.3092176075222658
60,19,weight,congruent,✅,0.9264667386250174
60,19,friends,incongruent,❌,0.8938320429156312
60,19,weight,incongruent,✅,0.043832202067942756
60,2,overcoat,congruent,✅,0.7235312396579451
60,2,sandals,congruent,✅,0.6867312592619507
60,2,overcoat,incongruent,✅,0.08748155626127305
60,2,sandals,incongruent,✅,0.31430653038487316
60,20,lipstick,congruent,✅,0.7994510469166891
60,20,song,congruent,✅,0.9644117878388895
60,20,lipstick,incongruent,❌,0.6000239247327966
60,20,song,incongruent,✅,0.4844648910412581
60,21,fought,congruent,✅,0.991805586260411
60,21,sang,congruent,❌,0.3457690522710984
60,21,fought,incongruent,✅,0.06597966713527269
60,21,sang,incongruent,❌,0.6917691793570316
60,22,skeptical,congruent,❌,0.4508085442546964
60,22,reassured,congruent,✅,0.57740968245596
60,22,skeptical,incongruent,✅,0.17869363576174366
60,22,reassured,incongruent,✅,0.09441638457602307
60,23,graduation,congruent,✅,0.9900469989724691
60,23,operation,congruent,✅,0.7076400243796708
60,23,graduation,incongruent,✅,0.05940570414258712
60,23,operation,incongruent,✅,0.09106062469893043
60,24,bride,congruent,✅,0.9177850399467862
60,24,aftermath,congruent,✅,0.9636632337092544
60,24,bride,incongruent,✅,0.34661802464114355
60,24,aftermath,incongruent,✅,0.014846376022734814
60,25,teacher,congruent,✅,0.9907181740391978
60,25,daughter,congruent,✅,0.9277184313692874
60,25,teacher,incongruent,✅,0.011783587504665812
60,25,daughter,incongruent,✅,0.0689345745540806
60,26,roommate,congruent,✅,0.5918556989613052
60,26,grandma,congruent,✅,0.8409511923631549
60,26,roommate,incongruent,✅,0.16147170159613902
60,26,grandma,incongruent,✅,0.012962510586576883
60,27,brother,congruent,✅,0.878359770493669
60,27,mother,congruent,✅,0.9094951946566322
60,27,brother,incongruent,✅,0.16451820473838716
60,27,mother,incongruent,✅,0.01736675050067455
60,28,preschool,congruent,✅,0.8585130529987152
60,28,prison,congruent,✅,0.8790253424377223
60,28,preschool,incongruent,✅,0.022175489094211756
60,28,prison,incongruent,✅,0.17663492798629843
60,29,hopeful,congruent,✅,0.9158999102614656
60,29,hopeless,congruent,✅,0.9594401709723734
60,29,hopeful,incongruent,❌,0.5561718697869011
60,29,hopeless,incongruent,✅,0.03779333155742342
60,3,marathon,congruent,✅,0.8337269798041435
60,3,exam,congruent,✅,0.9567007200667591
60,3,marathon,incongruent,✅,0.23462649212113237
60,3,exam,incongruent,✅,0.1836010549852546
60,30,appalled,congruent,✅,0.9357409469900055
60,30,overjoyed,congruent,✅,0.8545724098007321
60,30,appalled,incongruent,✅,0.31881359378739327
60,30,overjoyed,incongruent,✅,0.3314045376652211
60,31,reprimand,congruent,✅,0.6986447653347247
60,31,encouragement,congruent,✅,0.8775881004964691
60,31,reprimand,incongruent,✅,0.04690211398495132
60,31,encouragement,incongruent,✅,0.008733259930736393
60,32,angrily,congruent,✅,0.98340894122502
60,32,cordially,congruent,✅,0.9184853464535351
60,32,angrily,incongruent,✅,0.22686481944046033
60,32,cordially,incongruent,❌,0.5246951826941229
60,33,accusatory,congruent,✅,0.9700574268354578
60,33,flirtatious,congruent,✅,0.8277980981012741
60,33,accusatory,incongruent,✅,0.29394254965326805
60,33,flirtatious,incongruent,❌,0.7534385368197095
60,34,disapprovingly,congruent,❌,0.1396801842517908
60,34,lovingly,congruent,✅,0.5095205916427727
60,34,disapprovingly,incongruent,✅,0.0700441191920903
60,34,lovingly,incongruent,✅,0.06622258805733704
60,35,playful,congruent,✅,0.9626656705917386
60,35,distant,congruent,✅,0.9276868076070579
60,35,playful,incongruent,✅,0.43891919142434266
60,35,distant,incongruent,✅,0.47758337099385856
60,36,headphones,congruent,✅,0.6975542432455477
60,36,mangoes,congruent,❌,0.3925856316282743
60,36,headphones,incongruent,✅,0.11462739725683364
60,36,mangoes,incongruent,✅,0.17711089046607528
60,37,playroom,congruent,✅,0.9503666263790639
60,37,park,congruent,✅,0.9614580522904649
60,37,playroom,incongruent,✅,0.0254065354593447
60,37,park,incongruent,✅,0.15035135418106813
60,38,bedroom,congruent,✅,0.9278560712146638
60,38,backyard,congruent,✅,0.8598135332780258
60,38,bedroom,incongruent,✅,0.03274577814661884
60,38,backyard,incongruent,✅,0.0050254511310247555
60,39,solemnly,congruent,✅,0.9158311974168049
60,39,excitedly,congruent,❌,0.35924400331349826
60,39,solemnly,incongruent,✅,0.21044936969878555
60,39,excitedly,incongruent,✅,0.24770833221366875
60,4,menu,congruent,✅,0.8774876775295848
60,4,prescription,congruent,✅,0.9611673573254741
60,4,menu,incongruent,❌,0.5732849678095919
60,4,prescription,incongruent,✅,0.31484044383468934
60,40,car,congruent,✅,0.9073930636783099
60,40,sock,congruent,✅,0.67120301032823
60,40,car,incongruent,✅,0.07457577867701289
60,40,sock,incongruent,✅,0.22590622981973354
60,41,overdressed,congruent,✅,0.9143501808969806
60,41,naked,congruent,❌,0.04506581133779253
60,41,overdressed,incongruent,✅,0.005936140651570931
60,41,naked,incongruent,✅,0.3586582399353615
60,42,shy,congruent,✅,0.9081894387837312
60,42,lively,congruent,✅,0.9154572941660608
60,42,shy,incongruent,✅,0.02891908973103177
60,42,lively,incongruent,✅,0.11327307429485421
60,43,offended,congruent,✅,0.7708477080979961
60,43,flattered,congruent,✅,0.7775776886501601
60,43,offended,incongruent,✅,0.11016258955157239
60,43,flattered,incongruent,✅,0.3686166885155113
60,44,grandkid,congruent,✅,0.9923551795933491
60,44,cellmate,congruent,✅,0.7854064454294717
60,44,grandkid,incongruent,✅,0.0026049503247807704
60,44,cellmate,incongruent,✅,0.11582149358416795
60,45,promoted,congruent,✅,0.728993468247942
60,45,fired,congruent,✅,0.8807380505453467
60,45,promoted,incongruent,❌,0.5866140273855024
60,45,fired,incongruent,❌,0.652029659266202
60,46,shooting,congruent,❌,0.14920729605242097
60,46,celebration,congruent,✅,0.6601189180832332
60,46,shooting,incongruent,✅,0.18989520087153536
60,46,celebration,incongruent,✅,0.07686516213013095
60,47,crayon,congruent,❌,0.4505404133363354
60,47,beer,congruent,✅,0.8886826808646111
60,47,crayon,incongruent,✅,0.004169333565477521
60,47,beer,incongruent,✅,0.011957836196738483
60,48,waiter,congruent,✅,0.8779050498807492
60,48,taxi,congruent,✅,0.7950318729349163
60,48,waiter,incongruent,✅,0.34038653556864473
60,48,taxi,incongruent,✅,0.2174355377528563
60,49,parents,congruent,✅,0.8527715037836626
60,49,keys,congruent,✅,0.9872540261447398
60,49,parents,incongruent,✅,0.39041006994196387
60,49,keys,incongruent,✅,0.01603581066858426
60,5,distress,congruent,✅,0.6561821728589085
60,5,tranquility,congruent,✅,0.9216069867848763
60,5,distress,incongruent,✅,0.1124809543007953
60,5,tranquility,incongruent,✅,0.09631939599203865
60,50,sofa,congruent,✅,0.9920214680336547
60,50,sky,congruent,✅,0.9989751154324595
60,50,sofa,incongruent,❌,0.7405905847834423
60,50,sky,incongruent,❌,0.6141909915873366
60,51,obesity,congruent,❌,0.048631198018197395
60,51,homework,congruent,✅,0.5855384335746288
60,51,obesity,incongruent,✅,0.055600704533652956
60,51,homework,incongruent,✅,0.045376949352053754
60,52,quiz,congruent,✅,0.9644957719682814
60,52,commute,congruent,✅,0.9482174415486251
60,52,quiz,incongruent,✅,0.11670494947614733
60,52,commute,incongruent,✅,0.2180566275785766
60,53,migraine,congruent,✅,0.9726600148075879
60,53,excitement,congruent,✅,0.9615533159650359
60,53,migraine,incongruent,✅,0.0042011498197532336
60,53,excitement,incongruent,❌,0.5323590425170899
60,54,niece,congruent,✅,0.9806653032922097
60,54,husband,congruent,✅,0.9855261363857798
60,54,niece,incongruent,❌,0.6546205318311925
60,54,husband,incongruent,❌,0.8498766412468731
60,55,film,congruent,✅,0.9800588111995916
60,55,sunrise,congruent,✅,0.5390737177760404
60,55,film,incongruent,✅,0.07600111391261169
60,55,sunrise,incongruent,✅,0.18534223697547295
60,56,lecture,congruent,✅,0.8732506129207406
60,56,banquet,congruent,✅,0.718423063965762
60,56,lecture,incongruent,✅,0.01774321872579322
60,56,banquet,incongruent,✅,0.028486340548013103
60,57,drink,congruent,✅,0.9264529443476864
60,57,textbook,congruent,✅,0.7932512529029455
60,57,drink,incongruent,✅,0.07238687806512134
60,57,textbook,incongruent,✅,0.022819719098194916
60,58,pool,congruent,✅,0.9644222082522544
60,58,snow,congruent,✅,0.6833609142422647
60,58,pool,incongruent,✅,0.18172322514515965
60,58,snow,incongruent,✅,0.3100337614280872
60,59,passport,congruent,✅,0.9060619385931818
60,59,plushy,congruent,✅,0.7001083722165687
60,59,passport,incongruent,✅,0.05272673319060102
60,59,plushy,incongruent,✅,0.15963445741856697
60,6,patients,congruent,✅,0.9546695122955391
60,6,students,congruent,✅,0.843117685574347
60,6,patients,incongruent,✅,0.27079577975577096
60,6,students,incongruent,❌,0.5254213834038832
60,60,sister,congruent,✅,0.8208747764986638
60,60,father,congruent,✅,0.5381595048724762
60,60,sister,incongruent,✅,0.10110382666618109
60,60,father,incongruent,✅,0.15483859048486878
60,61,game,congruent,✅,0.9726879724016332
60,61,sunset,congruent,✅,0.9839666325722909
60,61,game,incongruent,✅,0.17342997445856817
60,61,sunset,incongruent,✅,0.259162073787574
60,62,holidays,congruent,✅,0.8446438636210244
60,62,funeral,congruent,✅,0.5609380320929115
60,62,holidays,incongruent,✅,0.03742952502025572
60,62,funeral,incongruent,✅,0.421780751257712
60,63,grades,congruent,✅,0.8652553554234964
60,63,affair,congruent,✅,0.9951955126254542
60,63,grades,incongruent,❌,0.7981768156143787
60,63,affair,incongruent,✅,0.03203573646716429
60,64,arrest,congruent,✅,0.7712834027728448
60,64,stroke,congruent,✅,0.535612237819689
60,64,arrest,incongruent,✅,0.3879952379619378
60,64,stroke,incongruent,❌,0.5031001894789884
60,65,pacifier,congruent,✅,0.5563432420808426
60,65,coffee,congruent,✅,0.645387757351808
60,65,pacifier,incongruent,✅,0.1630415807480777
60,65,coffee,incongruent,✅,0.12030272510900719
60,66,sweets,congruent,✅,0.9800904619851976
60,66,sentencing,congruent,✅,0.995316144427763
60,66,sweets,incongruent,✅,0.022709260426450325
60,66,sentencing,incongruent,✅,0.03660583330602919
60,67,nap,congruent,✅,0.8257495147630661
60,67,selfie,congruent,✅,0.9891976711100507
60,67,nap,incongruent,✅,0.05459734770578892
60,67,selfie,incongruent,✅,0.03626035774598207
60,68,diaper,congruent,✅,0.8957675118769549
60,68,tire,congruent,✅,0.9900499648924636
60,68,diaper,incongruent,✅,0.11175183509089365
60,68,tire,incongruent,✅,0.07274571873386053
60,69,chemotherapy,congruent,✅,0.8001528602008586
60,69,golf,congruent,✅,0.5668018567880821
60,69,chemotherapy,incongruent,✅,0.03068095071128847
60,69,golf,incongruent,✅,0.1756052612211158
60,7,consensus,congruent,✅,0.9977002723092705
60,7,deadlock,congruent,✅,0.9854434041647228
60,7,consensus,incongruent,❌,0.9043492576482436
60,7,deadlock,incongruent,❌,0.8466402277284192
60,70,thunder,congruent,❌,0.24144473286851162
60,70,lullaby,congruent,✅,0.5858262412915494
60,70,thunder,incongruent,✅,0.11453662863408785
60,70,lullaby,incongruent,✅,0.09544097073646349
60,71,pajamas,congruent,✅,0.8582285869466623
60,71,uniform,congruent,✅,0.7458786144971976
60,71,pajamas,incongruent,✅,0.05265594658057671
60,71,uniform,incongruent,✅,0.2204657752473658
60,72,gown,congruent,✅,0.967476733184504
60,72,sweats,congruent,✅,0.8325461098348036
60,72,gown,incongruent,✅,0.12641404108042142
60,72,sweats,incongruent,✅,0.3288886462623995
60,73,deadline,congruent,✅,0.6068507360052174
60,73,bed,congruent,✅,0.9360401542510861
60,73,deadline,incongruent,✅,0.1495354064649272
60,73,bed,incongruent,✅,0.08376898862829046
60,74,kindergarten,congruent,✅,0.8238567605721244
60,74,jail,congruent,✅,0.7804715687323309
60,74,kindergarten,incongruent,✅,0.09997448150334408
60,74,jail,incongruent,✅,0.35731588356952826
60,75,interrogated,congruent,✅,0.9964409228466352
60,75,tickled,congruent,✅,0.9868767172443111
60,75,interrogated,incongruent,✅,0.12027260087886732
60,75,tickled,incongruent,✅,0.2277558562868719
60,76,sandcastle,congruent,✅,0.908272224544759
60,76,snowman,congruent,✅,0.9820252167166827
60,76,sandcastle,incongruent,✅,0.01640397601029206
60,76,snowman,incongruent,✅,0.00998907943703114
60,77,music,congruent,✅,0.9983972501282837
60,77,pizza,congruent,✅,0.9951911855057358
60,77,music,incongruent,✅,0.07545424221115146
60,77,pizza,incongruent,✅,0.01639934625607087
60,78,playoffs,congruent,✅,0.6768919542851424
60,78,cartoon,congruent,✅,0.9573214230422289
60,78,playoffs,incongruent,✅,0.08406741767838276
60,78,cartoon,incongruent,✅,0.10893575666499299
60,79,alcoholism,congruent,✅,0.9754338381420552
60,79,academics,congruent,✅,0.9450677658628213
60,79,alcoholism,incongruent,✅,0.3663261529990915
60,79,academics,incongruent,❌,0.7272402851958757
60,8,engagement,congruent,❌,0.18087838236731335
60,8,cancer,congruent,❌,0.03404667282379185
60,8,engagement,incongruent,✅,0.041273397210850014
60,8,cancer,incongruent,✅,0.043582076774926766
60,9,terminal,congruent,✅,0.9061723326126576
60,9,classroom,congruent,✅,0.9424935259307344
60,9,terminal,incongruent,✅,0.23188617462488284
60,9,classroom,incongruent,✅,0.30309738330146985
61,0,library,congruent,✅,0.9145462114911919
61,0,refrigerator,congruent,✅,0.8743613221825153
61,0,library,incongruent,❌,0.6129169355575743
61,0,refrigerator,incongruent,✅,0.08489552585386799
61,1,disappointment,congruent,✅,0.5135242438774168
61,1,delight,congruent,❌,0.4586804166275227
61,1,disappointment,incongruent,✅,0.0933042540492074
61,1,delight,incongruent,✅,0.10391287813834468
61,10,cash,congruent,✅,0.9350810299270328
61,10,groceries,congruent,✅,0.9837982400500407
61,10,cash,incongruent,❌,0.9013938157518421
61,10,groceries,incongruent,✅,0.15076033461424038
61,11,lonely,congruent,✅,0.7046973218090384
61,11,confident,congruent,✅,0.5525862381961494
61,11,lonely,incongruent,✅,0.2555708223343702
61,11,confident,incongruent,✅,0.23335953170160462
61,12,joy,congruent,✅,0.9823601898936127
61,12,outrage,congruent,✅,0.56026889038678
61,12,joy,incongruent,✅,0.04575424534996177
61,12,outrage,incongruent,❌,0.8778149037495526
61,13,traffic,congruent,✅,0.9367945541371046
61,13,snowstorm,congruent,✅,0.960863166906213
61,13,traffic,incongruent,❌,0.5336299760196203
61,13,snowstorm,incongruent,❌,0.5705680769767603
61,14,laughter,congruent,✅,0.9769339010254513
61,14,frustration,congruent,✅,0.9724104185904192
61,14,laughter,incongruent,❌,0.7993093922337007
61,14,frustration,incongruent,❌,0.8436608526874061
61,15,calculator,congruent,✅,0.5120033536923785
61,15,instrument,congruent,✅,0.519260526779977
61,15,calculator,incongruent,✅,0.21369181739803483
61,15,instrument,incongruent,✅,0.33141829110926496
61,16,orchestra,congruent,✅,0.6991162218168637
61,16,racers,congruent,✅,0.9089926734939372
61,16,orchestra,incongruent,✅,0.15160010340810642
61,16,racers,incongruent,✅,0.03915680234107429
61,17,retirement,congruent,✅,0.8305800024840957
61,17,playdate,congruent,✅,0.8357667614655112
61,17,retirement,incongruent,✅,0.09881193034616516
61,17,playdate,incongruent,✅,0.435169287144201
61,18,relieved,congruent,✅,0.7458048029118738
61,18,depressed,congruent,✅,0.6316873256339319
61,18,relieved,incongruent,✅,0.17737615443570387
61,18,depressed,incongruent,✅,0.4486136553170926
61,19,friends,congruent,❌,0.17736759583636727
61,19,weight,congruent,✅,0.9285494373510811
61,19,friends,incongruent,❌,0.9136337864424486
61,19,weight,incongruent,✅,0.01809607778001407
61,2,overcoat,congruent,✅,0.7309217171593345
61,2,sandals,congruent,✅,0.7416650415314594
61,2,overcoat,incongruent,✅,0.08234615762721682
61,2,sandals,incongruent,✅,0.3339674357661713
61,20,lipstick,congruent,✅,0.8255048057231379
61,20,song,congruent,✅,0.9743091058008307
61,20,lipstick,incongruent,❌,0.6587122626493258
61,20,song,incongruent,❌,0.5078094991140083
61,21,fought,congruent,✅,0.9885374015222396
61,21,sang,congruent,❌,0.3317273152023355
61,21,fought,incongruent,✅,0.0605747411704295
61,21,sang,incongruent,❌,0.5859330995471678
61,22,skeptical,congruent,❌,0.4928761833191551
61,22,reassured,congruent,✅,0.6498175398929857
61,22,skeptical,incongruent,✅,0.20050262667328614
61,22,reassured,incongruent,✅,0.11301079528693204
61,23,graduation,congruent,✅,0.9911906432270301
61,23,operation,congruent,✅,0.7805065138968869
61,23,graduation,incongruent,✅,0.07159409692434254
61,23,operation,incongruent,✅,0.06962099010016383
61,24,bride,congruent,✅,0.9081014448777606
61,24,aftermath,congruent,✅,0.9602980406437439
61,24,bride,incongruent,✅,0.23808092926683025
61,24,aftermath,incongruent,✅,0.013923656755961
61,25,teacher,congruent,✅,0.9776931547425568
61,25,daughter,congruent,✅,0.9209596292995118
61,25,teacher,incongruent,✅,0.007476887329722711
61,25,daughter,incongruent,✅,0.062045845472256105
61,26,roommate,congruent,✅,0.5951011051032734
61,26,grandma,congruent,✅,0.7872775463420858
61,26,roommate,incongruent,✅,0.1735717539568667
61,26,grandma,incongruent,✅,0.014567501503885662
61,27,brother,congruent,✅,0.9027466325500526
61,27,mother,congruent,✅,0.9263877255376222
61,27,brother,incongruent,✅,0.18357902971469287
61,27,mother,incongruent,✅,0.024797862206855578
61,28,preschool,congruent,✅,0.8655186196067463
61,28,prison,congruent,✅,0.8514153756512128
61,28,preschool,incongruent,✅,0.017117270830208933
61,28,prison,incongruent,✅,0.15359172376303076
61,29,hopeful,congruent,✅,0.8950438827547079
61,29,hopeless,congruent,✅,0.9465382737395623
61,29,hopeful,incongruent,✅,0.48401220406947504
61,29,hopeless,incongruent,✅,0.03375469340652512
61,3,marathon,congruent,✅,0.8345168568091603
61,3,exam,congruent,✅,0.9551597023700776
61,3,marathon,incongruent,✅,0.20254401012687362
61,3,exam,incongruent,✅,0.18975016013901763
61,30,appalled,congruent,✅,0.9413126675394439
61,30,overjoyed,congruent,✅,0.9003832751705348
61,30,appalled,incongruent,✅,0.3917511261570773
61,30,overjoyed,incongruent,✅,0.35008275729610777
61,31,reprimand,congruent,✅,0.6691293355161301
61,31,encouragement,congruent,✅,0.8576824846386985
61,31,reprimand,incongruent,✅,0.04959072494345112
61,31,encouragement,incongruent,✅,0.009577870264381415
61,32,angrily,congruent,✅,0.9854564790147238
61,32,cordially,congruent,✅,0.9535968142183432
61,32,angrily,incongruent,✅,0.2795768845461721
61,32,cordially,incongruent,❌,0.5555233788562141
61,33,accusatory,congruent,✅,0.9436993929211882
61,33,flirtatious,congruent,✅,0.7320896825074918
61,33,accusatory,incongruent,✅,0.15166774409996642
61,33,flirtatious,incongruent,❌,0.6856850361513566
61,34,disapprovingly,congruent,❌,0.14923752547272795
61,34,lovingly,congruent,❌,0.4944524486051591
61,34,disapprovingly,incongruent,✅,0.06203131364905253
61,34,lovingly,incongruent,✅,0.05052730933295086
61,35,playful,congruent,✅,0.9648484586526945
61,35,distant,congruent,✅,0.9333673530618668
61,35,playful,incongruent,❌,0.531652515891331
61,35,distant,incongruent,✅,0.4327530582935743
61,36,headphones,congruent,✅,0.814446918439598
61,36,mangoes,congruent,✅,0.54883859925952
61,36,headphones,incongruent,✅,0.13686775070316376
61,36,mangoes,incongruent,✅,0.34063788705523634
61,37,playroom,congruent,✅,0.9440375500439201
61,37,park,congruent,✅,0.9737818778552937
61,37,playroom,incongruent,✅,0.026127444241870773
61,37,park,incongruent,✅,0.178266123254616
61,38,bedroom,congruent,✅,0.944033348926301
61,38,backyard,congruent,✅,0.8121174170948092
61,38,bedroom,incongruent,✅,0.03782332892875585
61,38,backyard,incongruent,✅,0.00464539867957252
61,39,solemnly,congruent,✅,0.9312174334191915
61,39,excitedly,congruent,❌,0.3609529983277298
61,39,solemnly,incongruent,✅,0.32006598216960797
61,39,excitedly,incongruent,✅,0.21757863048959095
61,4,menu,congruent,✅,0.8777917924554296
61,4,prescription,congruent,✅,0.9525084067696131
61,4,menu,incongruent,❌,0.571129702243438
61,4,prescription,incongruent,✅,0.25726143096684356
61,40,car,congruent,✅,0.9278540508460262
61,40,sock,congruent,✅,0.7092872739667692
61,40,car,incongruent,✅,0.05671931673441071
61,40,sock,incongruent,✅,0.24790164361022946
61,41,overdressed,congruent,✅,0.9623250091536699
61,41,naked,congruent,❌,0.03619261893411551
61,41,overdressed,incongruent,✅,0.007466448673555043
61,41,naked,incongruent,✅,0.4097163770567601
61,42,shy,congruent,✅,0.8442639250925777
61,42,lively,congruent,✅,0.8745489932477748
61,42,shy,incongruent,✅,0.02045973606452929
61,42,lively,incongruent,✅,0.0499147044011214
61,43,offended,congruent,✅,0.7049175827884282
61,43,flattered,congruent,✅,0.7794632287786595
61,43,offended,incongruent,✅,0.11807189050778247
61,43,flattered,incongruent,✅,0.28418501719227185
61,44,grandkid,congruent,✅,0.9903855040209596
61,44,cellmate,congruent,✅,0.8032432766805478
61,44,grandkid,incongruent,✅,0.002946438356682505
61,44,cellmate,incongruent,✅,0.10084077659688317
61,45,promoted,congruent,✅,0.7964699534124307
61,45,fired,congruent,✅,0.9292752976250844
61,45,promoted,incongruent,❌,0.7152604261631492
61,45,fired,incongruent,❌,0.7281118336761082
61,46,shooting,congruent,❌,0.13603286602134382
61,46,celebration,congruent,✅,0.6364219829839303
61,46,shooting,incongruent,✅,0.16572334069496442
61,46,celebration,incongruent,✅,0.04045489099675143
61,47,crayon,congruent,❌,0.4744794452622654
61,47,beer,congruent,✅,0.7560807311377434
61,47,crayon,incongruent,✅,0.003021380304869223
61,47,beer,incongruent,✅,0.008709238983467663
61,48,waiter,congruent,✅,0.9269230971630984
61,48,taxi,congruent,✅,0.6982838477340811
61,48,waiter,incongruent,✅,0.2997600419912002
61,48,taxi,incongruent,✅,0.3291247042252625
61,49,parents,congruent,✅,0.8665688663000096
61,49,keys,congruent,✅,0.9844324389991148
61,49,parents,incongruent,✅,0.4043844922516534
61,49,keys,incongruent,✅,0.017357542137888895
61,5,distress,congruent,✅,0.6654890958472616
61,5,tranquility,congruent,✅,0.951341101449467
61,5,distress,incongruent,✅,0.19467216920319308
61,5,tranquility,incongruent,✅,0.11674936718760154
61,50,sofa,congruent,✅,0.9914147434339213
61,50,sky,congruent,✅,0.9988877972637229
61,50,sofa,incongruent,❌,0.7878025560001566
61,50,sky,incongruent,❌,0.6551417809935508
61,51,obesity,congruent,❌,0.057543609208940215
61,51,homework,congruent,❌,0.397734631768979
61,51,obesity,incongruent,✅,0.03712476746132999
61,51,homework,incongruent,✅,0.05529108596652214
61,52,quiz,congruent,✅,0.9475182063747142
61,52,commute,congruent,✅,0.9579924950420707
61,52,quiz,incongruent,✅,0.18408813218632405
61,52,commute,incongruent,✅,0.21788373941968994
61,53,migraine,congruent,✅,0.9706439123972633
61,53,excitement,congruent,✅,0.9586493727721942
61,53,migraine,incongruent,✅,0.005378301993058077
61,53,excitement,incongruent,❌,0.5977241240401906
61,54,niece,congruent,✅,0.962049373099196
61,54,husband,congruent,✅,0.9827833822070005
61,54,niece,incongruent,❌,0.6533288616790992
61,54,husband,incongruent,❌,0.785790499603097
61,55,film,congruent,✅,0.9754769764959774
61,55,sunrise,congruent,✅,0.5312710339871832
61,55,film,incongruent,✅,0.07756824165271028
61,55,sunrise,incongruent,✅,0.1346388709429038
61,56,lecture,congruent,✅,0.8384592747915188
61,56,banquet,congruent,✅,0.6679668708860831
61,56,lecture,incongruent,✅,0.01391878141179633
61,56,banquet,incongruent,✅,0.0234735174387566
61,57,drink,congruent,✅,0.9562599405498264
61,57,textbook,congruent,✅,0.8014471091960979
61,57,drink,incongruent,✅,0.10756230378184184
61,57,textbook,incongruent,✅,0.038774692440581765
61,58,pool,congruent,✅,0.9657773663974293
61,58,snow,congruent,✅,0.7792250516647296
61,58,pool,incongruent,✅,0.1532065221874586
61,58,snow,incongruent,✅,0.4172947790769237
61,59,passport,congruent,✅,0.9407664203144491
61,59,plushy,congruent,✅,0.8248191824685093
61,59,passport,incongruent,✅,0.061211840110584045
61,59,plushy,incongruent,✅,0.19394988744246777
61,6,patients,congruent,✅,0.9661034004661357
61,6,students,congruent,✅,0.8700338341442722
61,6,patients,incongruent,✅,0.2842745449672757
61,6,students,incongruent,❌,0.6809704478788714
61,60,sister,congruent,✅,0.7777593003784004
61,60,father,congruent,✅,0.6305780039126215
61,60,sister,incongruent,✅,0.09773705565352779
61,60,father,incongruent,✅,0.1077855590607528
61,61,game,congruent,✅,0.9704798103287404
61,61,sunset,congruent,✅,0.9852480693061809
61,61,game,incongruent,✅,0.13427463218855762
61,61,sunset,incongruent,✅,0.25195677197890726
61,62,holidays,congruent,✅,0.7397737434757793
61,62,funeral,congruent,❌,0.407174647158112
61,62,holidays,incongruent,✅,0.019827681227306063
61,62,funeral,incongruent,✅,0.3121893675078432
61,63,grades,congruent,✅,0.8835662798806906
61,63,affair,congruent,✅,0.9952679462811864
61,63,grades,incongruent,❌,0.8319992939770189
61,63,affair,incongruent,✅,0.023934387716344322
61,64,arrest,congruent,✅,0.7559650351267477
61,64,stroke,congruent,✅,0.535966284792821
61,64,arrest,incongruent,✅,0.34989087222535004
61,64,stroke,incongruent,❌,0.510378678092386
61,65,pacifier,congruent,✅,0.6534019672577851
61,65,coffee,congruent,❌,0.4534453787343977
61,65,pacifier,incongruent,✅,0.13497026148941427
61,65,coffee,incongruent,✅,0.12626716150331138
61,66,sweets,congruent,✅,0.9885671207875767
61,66,sentencing,congruent,✅,0.9965720645100088
61,66,sweets,incongruent,✅,0.019722370796880866
61,66,sentencing,incongruent,✅,0.049991785603360914
61,67,nap,congruent,✅,0.7919202114504571
61,67,selfie,congruent,✅,0.9942777994011155
61,67,nap,incongruent,✅,0.06372518889934449
61,67,selfie,incongruent,✅,0.04273551535750265
61,68,diaper,congruent,✅,0.9048656410065878
61,68,tire,congruent,✅,0.9917595057526806
61,68,diaper,incongruent,✅,0.15682075742472312
61,68,tire,incongruent,✅,0.04030647348575023
61,69,chemotherapy,congruent,✅,0.7449577402604992
61,69,golf,congruent,✅,0.6514512105256031
61,69,chemotherapy,incongruent,✅,0.03816485212521818
61,69,golf,incongruent,✅,0.12345656204024759
61,7,consensus,congruent,✅,0.9972226704863483
61,7,deadlock,congruent,✅,0.9906083436206619
61,7,consensus,incongruent,❌,0.9312962532621876
61,7,deadlock,incongruent,❌,0.8300500319435328
61,70,thunder,congruent,❌,0.33031732493952176
61,70,lullaby,congruent,❌,0.4745236371392478
61,70,thunder,incongruent,✅,0.07698566828817263
61,70,lullaby,incongruent,✅,0.14719333046749988
61,71,pajamas,congruent,✅,0.8741603853945095
61,71,uniform,congruent,✅,0.7108807787285317
61,71,pajamas,incongruent,✅,0.04146769623703169
61,71,uniform,incongruent,✅,0.23160424614304853
61,72,gown,congruent,✅,0.970399285919464
61,72,sweats,congruent,✅,0.8276094924895612
61,72,gown,incongruent,✅,0.13588437834851158
61,72,sweats,incongruent,✅,0.3101647634590166
61,73,deadline,congruent,✅,0.681396753379831
61,73,bed,congruent,✅,0.9230011496073084
61,73,deadline,incongruent,✅,0.12046092174668135
61,73,bed,incongruent,✅,0.09261631539594213
61,74,kindergarten,congruent,✅,0.808157833716661
61,74,jail,congruent,✅,0.7573724736374992
61,74,kindergarten,incongruent,✅,0.07953199303202264
61,74,jail,incongruent,✅,0.38392505021098955
61,75,interrogated,congruent,✅,0.9933647541635215
61,75,tickled,congruent,✅,0.9646768457441828
61,75,interrogated,incongruent,✅,0.06384827539365144
61,75,tickled,incongruent,✅,0.1794368593084416
61,76,sandcastle,congruent,✅,0.9131599149764654
61,76,snowman,congruent,✅,0.9878016224854971
61,76,sandcastle,incongruent,✅,0.018417678062060322
61,76,snowman,incongruent,✅,0.013308290175825334
61,77,music,congruent,✅,0.9984806533375137
61,77,pizza,congruent,✅,0.9947897426534117
61,77,music,incongruent,✅,0.07275096187278332
61,77,pizza,incongruent,✅,0.013316652828141219
61,78,playoffs,congruent,✅,0.6245587786756877
61,78,cartoon,congruent,✅,0.9386223332417761
61,78,playoffs,incongruent,✅,0.08193385606613747
61,78,cartoon,incongruent,✅,0.11723772468542458
61,79,alcoholism,congruent,✅,0.9678362692496255
61,79,academics,congruent,✅,0.9622689783113089
61,79,alcoholism,incongruent,✅,0.4483785732198319
61,79,academics,incongruent,❌,0.6669098155785211
61,8,engagement,congruent,❌,0.24067810517465799
61,8,cancer,congruent,❌,0.06608225283675169
61,8,engagement,incongruent,✅,0.05671430946851174
61,8,cancer,incongruent,✅,0.06488596153694384
61,9,terminal,congruent,✅,0.9412537682402691
61,9,classroom,congruent,✅,0.9464470567334596
61,9,terminal,incongruent,✅,0.23111067772065982
61,9,classroom,incongruent,✅,0.35196398764383363
62,0,library,congruent,✅,0.8810951672484362
62,0,refrigerator,congruent,✅,0.9385863425621455
62,0,library,incongruent,❌,0.8020859675360614
62,0,refrigerator,incongruent,✅,0.16992692781758179
62,1,disappointment,congruent,❌,0.458732831224202
62,1,delight,congruent,✅,0.5620409460054941
62,1,disappointment,incongruent,✅,0.10586862454898588
62,1,delight,incongruent,✅,0.05912551152642349
62,10,cash,congruent,✅,0.8906932575686466
62,10,groceries,congruent,✅,0.9797744541440576
62,10,cash,incongruent,❌,0.9307805550640577
62,10,groceries,incongruent,✅,0.030500777414359706
62,11,lonely,congruent,❌,0.24581499183276773
62,11,confident,congruent,✅,0.6983641721583934
62,11,lonely,incongruent,✅,0.4040195921251923
62,11,confident,incongruent,✅,0.08409318130894561
62,12,joy,congruent,✅,0.9821250532493632
62,12,outrage,congruent,✅,0.5289449324620439
62,12,joy,incongruent,✅,0.04259313915185548
62,12,outrage,incongruent,❌,0.7577901949613413
62,13,traffic,congruent,✅,0.9217185633711376
62,13,snowstorm,congruent,✅,0.9148942689338232
62,13,traffic,incongruent,✅,0.2704526719614699
62,13,snowstorm,incongruent,✅,0.4118326718592455
62,14,laughter,congruent,✅,0.9778052335982536
62,14,frustration,congruent,✅,0.9410954449691294
62,14,laughter,incongruent,❌,0.7290882353227558
62,14,frustration,incongruent,❌,0.8067311756188807
62,15,calculator,congruent,❌,0.42311215361033
62,15,instrument,congruent,❌,0.45152274171281015
62,15,calculator,incongruent,✅,0.14833933069118627
62,15,instrument,incongruent,✅,0.20123485057855284
62,16,orchestra,congruent,✅,0.7252858632601922
62,16,racers,congruent,✅,0.9018333299122895
62,16,orchestra,incongruent,✅,0.10054669413726725
62,16,racers,incongruent,✅,0.06150023225124531
62,17,retirement,congruent,✅,0.9059189379281296
62,17,playdate,congruent,✅,0.8216888634685838
62,17,retirement,incongruent,✅,0.11981209783056779
62,17,playdate,incongruent,✅,0.3720061461653855
62,18,relieved,congruent,✅,0.8946941343023874
62,18,depressed,congruent,✅,0.6906586117064387
62,18,relieved,incongruent,✅,0.23074658286213187
62,18,depressed,incongruent,❌,0.6818218040145891
62,19,friends,congruent,❌,0.22362911800978402
62,19,weight,congruent,✅,0.9596884529127517
62,19,friends,incongruent,❌,0.9129073939748834
62,19,weight,incongruent,✅,0.019038712476885787
62,2,overcoat,congruent,✅,0.6301028415808089
62,2,sandals,congruent,✅,0.746790840121023
62,2,overcoat,incongruent,✅,0.05886045358126419
62,2,sandals,incongruent,✅,0.15980221288503332
62,20,lipstick,congruent,✅,0.8335020503370555
62,20,song,congruent,✅,0.9774065845560633
62,20,lipstick,incongruent,❌,0.7155846690613339
62,20,song,incongruent,❌,0.5419185610007555
62,21,fought,congruent,✅,0.9660417649397807
62,21,sang,congruent,❌,0.28688396253501686
62,21,fought,incongruent,✅,0.023341050217028085
62,21,sang,incongruent,❌,0.5541317306739707
62,22,skeptical,congruent,❌,0.4673937666310923
62,22,reassured,congruent,✅,0.66519225542775
62,22,skeptical,incongruent,✅,0.21256284462505515
62,22,reassured,incongruent,✅,0.11553090353199927
62,23,graduation,congruent,✅,0.9912861841903147
62,23,operation,congruent,✅,0.8209001502347607
62,23,graduation,incongruent,✅,0.0917950979246746
62,23,operation,incongruent,✅,0.06537028926454605
62,24,bride,congruent,✅,0.9264051094115978
62,24,aftermath,congruent,✅,0.926875153970315
62,24,bride,incongruent,✅,0.21162839232066746
62,24,aftermath,incongruent,✅,0.015399868307742025
62,25,teacher,congruent,✅,0.9640817592625154
62,25,daughter,congruent,✅,0.8328478041969912
62,25,teacher,incongruent,✅,0.003896423328358078
62,25,daughter,incongruent,✅,0.028828316603492544
62,26,roommate,congruent,❌,0.3345657963852735
62,26,grandma,congruent,✅,0.9432139047201896
62,26,roommate,incongruent,✅,0.25771664501347924
62,26,grandma,incongruent,✅,0.027770301766468653
62,27,brother,congruent,✅,0.9488527209492377
62,27,mother,congruent,✅,0.9389691361459834
62,27,brother,incongruent,✅,0.18760251440427503
62,27,mother,incongruent,✅,0.10485606985690152
62,28,preschool,congruent,✅,0.9474109800507765
62,28,prison,congruent,✅,0.9063267337370339
62,28,preschool,incongruent,✅,0.039148748814778436
62,28,prison,incongruent,✅,0.34686424642876573
62,29,hopeful,congruent,✅,0.9024784276452092
62,29,hopeless,congruent,✅,0.9427104754412353
62,29,hopeful,incongruent,❌,0.535915644029021
62,29,hopeless,incongruent,✅,0.04962788681589552
62,3,marathon,congruent,✅,0.9420491352032698
62,3,exam,congruent,✅,0.9746136825559208
62,3,marathon,incongruent,✅,0.2291709169762593
62,3,exam,incongruent,✅,0.3481072736628291
62,30,appalled,congruent,✅,0.9627881260553975
62,30,overjoyed,congruent,✅,0.9379463638368859
62,30,appalled,incongruent,❌,0.6655095674968015
62,30,overjoyed,incongruent,❌,0.5227608036892302
62,31,reprimand,congruent,✅,0.7447397387865204
62,31,encouragement,congruent,✅,0.8419790730345131
62,31,reprimand,incongruent,✅,0.08217232461747821
62,31,encouragement,incongruent,✅,0.007479086829995697
62,32,angrily,congruent,✅,0.9870112385873294
62,32,cordially,congruent,✅,0.9600133482670798
62,32,angrily,incongruent,✅,0.32792327339470906
62,32,cordially,incongruent,❌,0.6651649180569998
62,33,accusatory,congruent,✅,0.9091489393404304
62,33,flirtatious,congruent,✅,0.6757511906042033
62,33,accusatory,incongruent,✅,0.13253851910944106
62,33,flirtatious,incongruent,❌,0.5933316298765887
62,34,disapprovingly,congruent,❌,0.17947809452761387
62,34,lovingly,congruent,✅,0.7149555804665111
62,34,disapprovingly,incongruent,✅,0.11595538283220701
62,34,lovingly,incongruent,✅,0.07441477576498187
62,35,playful,congruent,✅,0.9838792709417463
62,35,distant,congruent,✅,0.982181938644391
62,35,playful,incongruent,❌,0.8105586801734229
62,35,distant,incongruent,❌,0.681873503812581
62,36,headphones,congruent,✅,0.8395414941908435
62,36,mangoes,congruent,❌,0.49049863495504253
62,36,headphones,incongruent,✅,0.08869722592777064
62,36,mangoes,incongruent,✅,0.36576721049400734
62,37,playroom,congruent,✅,0.9655217281033808
62,37,park,congruent,✅,0.9693085410487987
62,37,playroom,incongruent,✅,0.023617842946974242
62,37,park,incongruent,✅,0.1812871220035966
62,38,bedroom,congruent,✅,0.9537177082380808
62,38,backyard,congruent,✅,0.7620042388483441
62,38,bedroom,incongruent,✅,0.0392246965293264
62,38,backyard,incongruent,✅,0.007415371050001911
62,39,solemnly,congruent,✅,0.9255402858866748
62,39,excitedly,congruent,❌,0.3469257998152867
62,39,solemnly,incongruent,✅,0.3260283711479541
62,39,excitedly,incongruent,✅,0.14991831906320408
62,4,menu,congruent,✅,0.8982187938785785
62,4,prescription,congruent,✅,0.9676699460191072
62,4,menu,incongruent,✅,0.4741555040847195
62,4,prescription,incongruent,✅,0.32998525897722636
62,40,car,congruent,✅,0.9080768672127127
62,40,sock,congruent,✅,0.8156845271137331
62,40,car,incongruent,✅,0.09801150432065485
62,40,sock,incongruent,✅,0.17051942209748042
62,41,overdressed,congruent,✅,0.9769119917041462
62,41,naked,congruent,❌,0.02015774351108105
62,41,overdressed,incongruent,✅,0.006360282221627168
62,41,naked,incongruent,✅,0.4612734054683639
62,42,shy,congruent,✅,0.8044194342390492
62,42,lively,congruent,✅,0.804118981683326
62,42,shy,incongruent,✅,0.018694596738507867
62,42,lively,incongruent,✅,0.03462384439578374
62,43,offended,congruent,✅,0.6880949598792249
62,43,flattered,congruent,✅,0.6605538246110075
62,43,offended,incongruent,✅,0.0971017767611505
62,43,flattered,incongruent,✅,0.17827366643131007
62,44,grandkid,congruent,✅,0.9906879730535777
62,44,cellmate,congruent,❌,0.38223688583750287
62,44,grandkid,incongruent,✅,0.0018437603011860068
62,44,cellmate,incongruent,✅,0.058445023459884005
62,45,promoted,congruent,✅,0.5611067909859807
62,45,fired,congruent,✅,0.9293111999091095
62,45,promoted,incongruent,✅,0.45260461571034827
62,45,fired,incongruent,✅,0.3888921384923703
62,46,shooting,congruent,❌,0.09234168702089808
62,46,celebration,congruent,✅,0.5433572412581618
62,46,shooting,incongruent,✅,0.11822579652572385
62,46,celebration,incongruent,✅,0.018856686182282666
62,47,crayon,congruent,✅,0.5370787284563633
62,47,beer,congruent,✅,0.7270329323449064
62,47,crayon,incongruent,✅,0.0020291989984520145
62,47,beer,incongruent,✅,0.004387599203752509
62,48,waiter,congruent,✅,0.9398305596749568
62,48,taxi,congruent,✅,0.7281848199034421
62,48,waiter,incongruent,✅,0.46099056783937836
62,48,taxi,incongruent,✅,0.4191932502046903
62,49,parents,congruent,✅,0.8927785721434655
62,49,keys,congruent,✅,0.9894566659760548
62,49,parents,incongruent,✅,0.4774245525389484
62,49,keys,incongruent,✅,0.04218217411406256
62,5,distress,congruent,✅,0.8305940823727666
62,5,tranquility,congruent,✅,0.9320941616094403
62,5,distress,incongruent,✅,0.21487990240748683
62,5,tranquility,incongruent,✅,0.11028220143873675
62,50,sofa,congruent,✅,0.9978668329650422
62,50,sky,congruent,✅,0.9995042287905772
62,50,sofa,incongruent,❌,0.8274281942105384
62,50,sky,incongruent,❌,0.8866157948117664
62,51,obesity,congruent,❌,0.031935469333092395
62,51,homework,congruent,❌,0.48982631491281753
62,51,obesity,incongruent,✅,0.05681877530282084
62,51,homework,incongruent,✅,0.026620366063758373
62,52,quiz,congruent,✅,0.9525620467791942
62,52,commute,congruent,✅,0.9663742367475945
62,52,quiz,incongruent,✅,0.20887126818349064
62,52,commute,incongruent,✅,0.2576355609974621
62,53,migraine,congruent,✅,0.9626130526270769
62,53,excitement,congruent,✅,0.9658929450514288
62,53,migraine,incongruent,✅,0.001802797356096688
62,53,excitement,incongruent,❌,0.6334544762468132
62,54,niece,congruent,✅,0.925751501944574
62,54,husband,congruent,✅,0.9583930115003354
62,54,niece,incongruent,✅,0.3785758705054785
62,54,husband,incongruent,❌,0.6156997330412556
62,55,film,congruent,✅,0.9773256536845623
62,55,sunrise,congruent,❌,0.4941864257761975
62,55,film,incongruent,✅,0.05259244279128958
62,55,sunrise,incongruent,✅,0.11956380493297639
62,56,lecture,congruent,✅,0.9177447720303675
62,56,banquet,congruent,✅,0.5837066152764336
62,56,lecture,incongruent,✅,0.01677686685637269
62,56,banquet,incongruent,✅,0.026318247588837926
62,57,drink,congruent,✅,0.9674647515801693
62,57,textbook,congruent,✅,0.6350877501925797
62,57,drink,incongruent,✅,0.07000989227270682
62,57,textbook,incongruent,✅,0.023106610351545664
62,58,pool,congruent,✅,0.9163538905576122
62,58,snow,congruent,✅,0.8271109274186843
62,58,pool,incongruent,✅,0.16774315010253102
62,58,snow,incongruent,✅,0.42941519971047554
62,59,passport,congruent,✅,0.9663777267985171
62,59,plushy,congruent,✅,0.7559060799053569
62,59,passport,incongruent,✅,0.08691432790740572
62,59,plushy,incongruent,✅,0.23773578552463312
62,6,patients,congruent,✅,0.9656087589785419
62,6,students,congruent,✅,0.9140825034200902
62,6,patients,incongruent,❌,0.5020999628567973
62,6,students,incongruent,❌,0.7199006336417447
62,60,sister,congruent,✅,0.5399389194082066
62,60,father,congruent,✅,0.7865897769869323
62,60,sister,incongruent,✅,0.09918934077833154
62,60,father,incongruent,✅,0.0346948693079696
62,61,game,congruent,✅,0.9622746501568071
62,61,sunset,congruent,✅,0.9912366981466261
62,61,game,incongruent,✅,0.1524459459360754
62,61,sunset,incongruent,✅,0.13891395334998147
62,62,holidays,congruent,✅,0.7996475573470223
62,62,funeral,congruent,❌,0.42867184198884245
62,62,holidays,incongruent,✅,0.026149284549103393
62,62,funeral,incongruent,✅,0.2811360305488297
62,63,grades,congruent,✅,0.8531021480599799
62,63,affair,congruent,✅,0.9957084057818124
62,63,grades,incongruent,❌,0.6558389092006549
62,63,affair,incongruent,✅,0.028501854107946676
62,64,arrest,congruent,✅,0.8100039903999395
62,64,stroke,congruent,✅,0.5669308064605866
62,64,arrest,incongruent,✅,0.36638221474707927
62,64,stroke,incongruent,❌,0.6318702188646993
62,65,pacifier,congruent,✅,0.734256236562185
62,65,coffee,congruent,❌,0.3558156350718344
62,65,pacifier,incongruent,✅,0.10670760581500913
62,65,coffee,incongruent,✅,0.15279760774779208
62,66,sweets,congruent,✅,0.9851879751254435
62,66,sentencing,congruent,✅,0.9945538970950681
62,66,sweets,incongruent,✅,0.006400540393184524
62,66,sentencing,incongruent,✅,0.024520751214916776
62,67,nap,congruent,✅,0.8646259413340323
62,67,selfie,congruent,✅,0.9968449760268472
62,67,nap,incongruent,✅,0.05661173764172319
62,67,selfie,incongruent,✅,0.05794872955441756
62,68,diaper,congruent,✅,0.9461027145843453
62,68,tire,congruent,✅,0.988364356489569
62,68,diaper,incongruent,✅,0.17215015733677047
62,68,tire,incongruent,✅,0.02454217451885504
62,69,chemotherapy,congruent,✅,0.8499476612886445
62,69,golf,congruent,❌,0.32817081937513853
62,69,chemotherapy,incongruent,✅,0.01795951029583101
62,69,golf,incongruent,✅,0.28530522024188537
62,7,consensus,congruent,✅,0.9986634598061714
62,7,deadlock,congruent,✅,0.9931025925634485
62,7,consensus,incongruent,❌,0.9352805295732908
62,7,deadlock,incongruent,❌,0.8550631057129006
62,70,thunder,congruent,❌,0.15957583485080704
62,70,lullaby,congruent,❌,0.24266899706593636
62,70,thunder,incongruent,✅,0.0367442472939972
62,70,lullaby,incongruent,✅,0.08852607908171392
62,71,pajamas,congruent,✅,0.8588822189084482
62,71,uniform,congruent,✅,0.7376459875401428
62,71,pajamas,incongruent,✅,0.017964035988898314
62,71,uniform,incongruent,✅,0.19057844153585632
62,72,gown,congruent,✅,0.9858791505766876
62,72,sweats,congruent,✅,0.8369753638889927
62,72,gown,incongruent,✅,0.1760722588972433
62,72,sweats,incongruent,✅,0.27159758701210285
62,73,deadline,congruent,✅,0.7412595615123144
62,73,bed,congruent,✅,0.9159243491162162
62,73,deadline,incongruent,✅,0.10529463827979649
62,73,bed,incongruent,✅,0.1438751880695845
62,74,kindergarten,congruent,✅,0.734691690675749
62,74,jail,congruent,✅,0.8343757692474071
62,74,kindergarten,incongruent,✅,0.10147023697741829
62,74,jail,incongruent,✅,0.24774336506844688
62,75,interrogated,congruent,✅,0.9877257095345499
62,75,tickled,congruent,✅,0.9311681234688415
62,75,interrogated,incongruent,✅,0.04866104572907533
62,75,tickled,incongruent,✅,0.1708348071292843
62,76,sandcastle,congruent,✅,0.8868912364966821
62,76,snowman,congruent,✅,0.9902235083513071
62,76,sandcastle,incongruent,✅,0.038345822560022606
62,76,snowman,incongruent,✅,0.008629619190158191
62,77,music,congruent,✅,0.999143042210374
62,77,pizza,congruent,✅,0.9942406435923385
62,77,music,incongruent,✅,0.10216291182579675
62,77,pizza,incongruent,✅,0.03858845634000089
62,78,playoffs,congruent,✅,0.6084165141209343
62,78,cartoon,congruent,✅,0.9399308935746189
62,78,playoffs,incongruent,✅,0.062362210866771184
62,78,cartoon,incongruent,✅,0.1491702584442215
62,79,alcoholism,congruent,✅,0.9859724341007433
62,79,academics,congruent,✅,0.9777922441238853
62,79,alcoholism,incongruent,❌,0.7123003376108918
62,79,academics,incongruent,❌,0.7583474792446975
62,8,engagement,congruent,❌,0.24449869971404875
62,8,cancer,congruent,❌,0.1098719984774978
62,8,engagement,incongruent,✅,0.08766242023511772
62,8,cancer,incongruent,✅,0.0715814694044874
62,9,terminal,congruent,✅,0.9339940476102379
62,9,classroom,congruent,✅,0.9157256786022631
62,9,terminal,incongruent,✅,0.14037975540248201
62,9,classroom,incongruent,✅,0.23526227297388164
63,0,library,congruent,✅,0.9697708304046965
63,0,refrigerator,congruent,✅,0.9775749742663327
63,0,library,incongruent,❌,0.8947847517264425
63,0,refrigerator,incongruent,✅,0.19710386272906655
63,1,disappointment,congruent,❌,0.4695861724957989
63,1,delight,congruent,✅,0.5995741475691684
63,1,disappointment,incongruent,✅,0.1213613737155652
63,1,delight,incongruent,✅,0.10520072967382989
63,10,cash,congruent,✅,0.9798067311174666
63,10,groceries,congruent,✅,0.9962506468673267
63,10,cash,incongruent,❌,0.9893050767179418
63,10,groceries,incongruent,✅,0.12338282482005751
63,11,lonely,congruent,❌,0.4998901271098908
63,11,confident,congruent,❌,0.4433611135077917
63,11,lonely,incongruent,✅,0.2239189921619432
63,11,confident,incongruent,✅,0.14295022272104155
63,12,joy,congruent,✅,0.9896600029367889
63,12,outrage,congruent,✅,0.6262924354913194
63,12,joy,incongruent,✅,0.07682006894457094
63,12,outrage,incongruent,❌,0.8108855727511209
63,13,traffic,congruent,✅,0.6838690088674724
63,13,snowstorm,congruent,✅,0.9455085908032225
63,13,traffic,incongruent,❌,0.5388445449641468
63,13,snowstorm,incongruent,✅,0.36781009745809273
63,14,laughter,congruent,✅,0.9594322869851531
63,14,frustration,congruent,✅,0.9051038807377064
63,14,laughter,incongruent,❌,0.6461452679425052
63,14,frustration,incongruent,❌,0.7371183095887378
63,15,calculator,congruent,❌,0.19080753217636962
63,15,instrument,congruent,❌,0.3389180747733083
63,15,calculator,incongruent,✅,0.08279264352082344
63,15,instrument,incongruent,✅,0.09591663058428482
63,16,orchestra,congruent,✅,0.7195612740038281
63,16,racers,congruent,✅,0.9434989880194757
63,16,orchestra,incongruent,✅,0.23708252163573235
63,16,racers,incongruent,✅,0.1376885433656801
63,17,retirement,congruent,✅,0.9415099333349999
63,17,playdate,congruent,✅,0.9343009381018156
63,17,retirement,incongruent,✅,0.06794740287344028
63,17,playdate,incongruent,❌,0.6575241083548841
63,18,relieved,congruent,✅,0.9288385448304164
63,18,depressed,congruent,✅,0.632808617984938
63,18,relieved,incongruent,✅,0.24986401366597727
63,18,depressed,incongruent,❌,0.6790028361283532
63,19,friends,congruent,❌,0.1422156046703191
63,19,weight,congruent,✅,0.9419553417133278
63,19,friends,incongruent,❌,0.8818510131734166
63,19,weight,incongruent,✅,0.014740775709153832
63,2,overcoat,congruent,✅,0.8273112105156715
63,2,sandals,congruent,✅,0.9438128516318252
63,2,overcoat,incongruent,✅,0.08188700490927674
63,2,sandals,incongruent,✅,0.26592286551984085
63,20,lipstick,congruent,✅,0.9181860738371831
63,20,song,congruent,✅,0.9638807231958723
63,20,lipstick,incongruent,❌,0.7749051829020142
63,20,song,incongruent,❌,0.7112309319847029
63,21,fought,congruent,✅,0.929897465130456
63,21,sang,congruent,❌,0.2214727833333504
63,21,fought,incongruent,✅,0.0390036122470301
63,21,sang,incongruent,❌,0.5803422311445624
63,22,skeptical,congruent,❌,0.4460395851569795
63,22,reassured,congruent,✅,0.7079862700914509
63,22,skeptical,incongruent,✅,0.2644020469514744
63,22,reassured,incongruent,✅,0.16199714636619628
63,23,graduation,congruent,✅,0.9785890130928705
63,23,operation,congruent,✅,0.7416339634469314
63,23,graduation,incongruent,✅,0.02164720692524041
63,23,operation,incongruent,✅,0.07553215298119924
63,24,bride,congruent,✅,0.8680077990751353
63,24,aftermath,congruent,✅,0.972909637971144
63,24,bride,incongruent,❌,0.5278172153038102
63,24,aftermath,incongruent,✅,0.018448664538893482
63,25,teacher,congruent,✅,0.9514628506192089
63,25,daughter,congruent,✅,0.7785648041288231
63,25,teacher,incongruent,✅,0.02058159279171486
63,25,daughter,incongruent,✅,0.08643997635165727
63,26,roommate,congruent,❌,0.4210072976044716
63,26,grandma,congruent,✅,0.9354460939287168
63,26,roommate,incongruent,✅,0.26886854861451615
63,26,grandma,incongruent,✅,0.0034056192824261896
63,27,brother,congruent,✅,0.8172477895026088
63,27,mother,congruent,✅,0.855255689988618
63,27,brother,incongruent,✅,0.20454686893298832
63,27,mother,incongruent,✅,0.053867966340847215
63,28,preschool,congruent,✅,0.9711899783261309
63,28,prison,congruent,✅,0.9258466003457845
63,28,preschool,incongruent,✅,0.03495091305832983
63,28,prison,incongruent,✅,0.29403086733278566
63,29,hopeful,congruent,✅,0.9630856573055889
63,29,hopeless,congruent,✅,0.9724752581031694
63,29,hopeful,incongruent,❌,0.5196383645594093
63,29,hopeless,incongruent,✅,0.04321899445423816
63,3,marathon,congruent,✅,0.9334053107568364
63,3,exam,congruent,✅,0.9925808578413987
63,3,marathon,incongruent,✅,0.2955909153513328
63,3,exam,incongruent,✅,0.3664845253662409
63,30,appalled,congruent,✅,0.8717265127059377
63,30,overjoyed,congruent,✅,0.8374358441313867
63,30,appalled,incongruent,✅,0.4332847695526458
63,30,overjoyed,incongruent,✅,0.3567738325519866
63,31,reprimand,congruent,✅,0.5811197493031528
63,31,encouragement,congruent,✅,0.8300386755809491
63,31,reprimand,incongruent,✅,0.08835383416217388
63,31,encouragement,incongruent,✅,0.011120352079006624
63,32,angrily,congruent,✅,0.9896778043224156
63,32,cordially,congruent,✅,0.9713562523122703
63,32,angrily,incongruent,✅,0.4541097763881237
63,32,cordially,incongruent,❌,0.7655774559086854
63,33,accusatory,congruent,✅,0.9256226965653537
63,33,flirtatious,congruent,✅,0.6167323775468688
63,33,accusatory,incongruent,✅,0.11419039238120648
63,33,flirtatious,incongruent,❌,0.5533465733697308
63,34,disapprovingly,congruent,❌,0.2650188367000752
63,34,lovingly,congruent,✅,0.8899947647916305
63,34,disapprovingly,incongruent,✅,0.1548044514162296
63,34,lovingly,incongruent,✅,0.08296273474391803
63,35,playful,congruent,✅,0.9730915419042172
63,35,distant,congruent,✅,0.9183698093538638
63,35,playful,incongruent,❌,0.6013441587831946
63,35,distant,incongruent,✅,0.4516755066592901
63,36,headphones,congruent,✅,0.8994486348139599
63,36,mangoes,congruent,❌,0.454833254907337
63,36,headphones,incongruent,✅,0.11269998949880994
63,36,mangoes,incongruent,✅,0.22162983174925374
63,37,playroom,congruent,✅,0.9623950339751757
63,37,park,congruent,✅,0.9671652297056332
63,37,playroom,incongruent,✅,0.03254367979504917
63,37,park,incongruent,✅,0.30167272488369173
63,38,bedroom,congruent,✅,0.917995618110672
63,38,backyard,congruent,✅,0.7556361008903174
63,38,bedroom,incongruent,✅,0.03188725876692142
63,38,backyard,incongruent,✅,0.0023335824516913686
63,39,solemnly,congruent,✅,0.8563260794768182
63,39,excitedly,congruent,❌,0.35433229032292407
63,39,solemnly,incongruent,✅,0.345727320626002
63,39,excitedly,incongruent,✅,0.156863285470226
63,4,menu,congruent,✅,0.8695995722110009
63,4,prescription,congruent,✅,0.9577455838489737
63,4,menu,incongruent,✅,0.3898217030970283
63,4,prescription,incongruent,✅,0.3223300298195759
63,40,car,congruent,✅,0.875364666913223
63,40,sock,congruent,✅,0.8346864914602009
63,40,car,incongruent,✅,0.05634533389855006
63,40,sock,incongruent,✅,0.2143254303809038
63,41,overdressed,congruent,✅,0.9078656983555473
63,41,naked,congruent,❌,0.020112426529361273
63,41,overdressed,incongruent,✅,0.009953034178267981
63,41,naked,incongruent,✅,0.26237423071767585
63,42,shy,congruent,✅,0.7118907533435563
63,42,lively,congruent,✅,0.7157817939581047
63,42,shy,incongruent,✅,0.01839621484556939
63,42,lively,incongruent,✅,0.03877193240723842
63,43,offended,congruent,✅,0.8271536438887165
63,43,flattered,congruent,✅,0.7810943041053465
63,43,offended,incongruent,✅,0.17437722083313925
63,43,flattered,incongruent,✅,0.4236986454934095
63,44,grandkid,congruent,✅,0.9906524976174456
63,44,cellmate,congruent,❌,0.321562176854869
63,44,grandkid,incongruent,✅,0.00328636523318768
63,44,cellmate,incongruent,✅,0.04961489023028542
63,45,promoted,congruent,✅,0.8560242389498418
63,45,fired,congruent,✅,0.9638916332533626
63,45,promoted,incongruent,❌,0.8522476009605806
63,45,fired,incongruent,❌,0.8010320889462408
63,46,shooting,congruent,❌,0.05200042754220331
63,46,celebration,congruent,✅,0.5487569370397617
63,46,shooting,incongruent,✅,0.058962511038642924
63,46,celebration,incongruent,✅,0.01321743279490045
63,47,crayon,congruent,❌,0.4249290352021491
63,47,beer,congruent,✅,0.6766343007593801
63,47,crayon,incongruent,✅,0.003563064180859546
63,47,beer,incongruent,✅,0.007995935545363536
63,48,waiter,congruent,✅,0.9767215301206509
63,48,taxi,congruent,✅,0.8074187987155516
63,48,waiter,incongruent,❌,0.537809337056137
63,48,taxi,incongruent,✅,0.4722949241786805
63,49,parents,congruent,✅,0.9040057921440358
63,49,keys,congruent,✅,0.9895947876787863
63,49,parents,incongruent,❌,0.5836995791860414
63,49,keys,incongruent,✅,0.04898479813726819
63,5,distress,congruent,✅,0.8620397054478404
63,5,tranquility,congruent,✅,0.9748818073368906
63,5,distress,incongruent,✅,0.25947610525337517
63,5,tranquility,incongruent,✅,0.1674008303751571
63,50,sofa,congruent,✅,0.998152309698843
63,50,sky,congruent,✅,0.9989232576414085
63,50,sofa,incongruent,❌,0.9254279871709763
63,50,sky,incongruent,❌,0.9316580340447459
63,51,obesity,congruent,❌,0.042471224344207206
63,51,homework,congruent,❌,0.3991272456800678
63,51,obesity,incongruent,✅,0.030593821653293964
63,51,homework,incongruent,✅,0.03322792898755768
63,52,quiz,congruent,✅,0.8772323250127831
63,52,commute,congruent,✅,0.9672627856235249
63,52,quiz,incongruent,✅,0.20570478071016632
63,52,commute,incongruent,✅,0.10685167236050547
63,53,migraine,congruent,✅,0.9562370981154694
63,53,excitement,congruent,✅,0.9647496883332956
63,53,migraine,incongruent,✅,0.0037393857393365386
63,53,excitement,incongruent,❌,0.7089295262002789
63,54,niece,congruent,✅,0.8316192876851454
63,54,husband,congruent,✅,0.8018469517312968
63,54,niece,incongruent,✅,0.3543376392076401
63,54,husband,incongruent,❌,0.5960543729473246
63,55,film,congruent,✅,0.9526410205289697
63,55,sunrise,congruent,❌,0.4515280854717953
63,55,film,incongruent,✅,0.03947407814513926
63,55,sunrise,incongruent,✅,0.07082383137343616
63,56,lecture,congruent,✅,0.9485833756023623
63,56,banquet,congruent,✅,0.687995579439577
63,56,lecture,incongruent,✅,0.03835208100383079
63,56,banquet,incongruent,✅,0.06096195977584969
63,57,drink,congruent,✅,0.9895151934697627
63,57,textbook,congruent,✅,0.8698419831596765
63,57,drink,incongruent,✅,0.06326241848299483
63,57,textbook,incongruent,✅,0.06711636719215056
63,58,pool,congruent,✅,0.9730644651201656
63,58,snow,congruent,✅,0.8050188632798223
63,58,pool,incongruent,✅,0.11504311108204278
63,58,snow,incongruent,✅,0.44184708044658144
63,59,passport,congruent,✅,0.9852568016716293
63,59,plushy,congruent,✅,0.838539221459922
63,59,passport,incongruent,✅,0.07308075092286216
63,59,plushy,incongruent,❌,0.5016967717192278
63,6,patients,congruent,✅,0.9874257001825192
63,6,students,congruent,✅,0.9096341585714707
63,6,patients,incongruent,❌,0.7158291248229307
63,6,students,incongruent,❌,0.8804998865616724
63,60,sister,congruent,✅,0.7726864129052691
63,60,father,congruent,✅,0.8537817659994473
63,60,sister,incongruent,✅,0.09107886247283285
63,60,father,incongruent,✅,0.1404327893481443
63,61,game,congruent,✅,0.9779706930548393
63,61,sunset,congruent,✅,0.9939870953480736
63,61,game,incongruent,✅,0.25103200915401525
63,61,sunset,incongruent,✅,0.3646218139028518
63,62,holidays,congruent,✅,0.8721186242715515
63,62,funeral,congruent,❌,0.26457331949037755
63,62,holidays,incongruent,✅,0.006036592395982928
63,62,funeral,incongruent,✅,0.362339742146143
63,63,grades,congruent,✅,0.6869713216034391
63,63,affair,congruent,✅,0.985560773701555
63,63,grades,incongruent,✅,0.4563271392399851
63,63,affair,incongruent,✅,0.013674520902231563
63,64,arrest,congruent,✅,0.872348637590812
63,64,stroke,congruent,✅,0.5601741992887739
63,64,arrest,incongruent,✅,0.3596304551862142
63,64,stroke,incongruent,❌,0.6841270876621391
63,65,pacifier,congruent,❌,0.4770511418831963
63,65,coffee,congruent,❌,0.469681835064571
63,65,pacifier,incongruent,✅,0.08761946104184966
63,65,coffee,incongruent,✅,0.043068449852967434
63,66,sweets,congruent,✅,0.9571010927145277
63,66,sentencing,congruent,✅,0.984587518103413
63,66,sweets,incongruent,✅,0.002319958540646373
63,66,sentencing,incongruent,✅,0.01792669688776989
63,67,nap,congruent,✅,0.7852391366886089
63,67,selfie,congruent,✅,0.993622182801784
63,67,nap,incongruent,✅,0.09184628887585129
63,67,selfie,incongruent,✅,0.147699270698642
63,68,diaper,congruent,✅,0.942288373014586
63,68,tire,congruent,✅,0.9936721445299005
63,68,diaper,incongruent,✅,0.26541734745774476
63,68,tire,incongruent,✅,0.03161968200271172
63,69,chemotherapy,congruent,❌,0.49517373476308724
63,69,golf,congruent,❌,0.22378645348887743
63,69,chemotherapy,incongruent,✅,0.010472606324049555
63,69,golf,incongruent,✅,0.0857451569843447
63,7,consensus,congruent,✅,0.9944434814795906
63,7,deadlock,congruent,✅,0.989616103523145
63,7,consensus,incongruent,❌,0.9192572487026448
63,7,deadlock,incongruent,❌,0.6563704941757366
63,70,thunder,congruent,❌,0.09855877878768987
63,70,lullaby,congruent,❌,0.15474496815660413
63,70,thunder,incongruent,✅,0.015551129105316098
63,70,lullaby,incongruent,✅,0.061422112843169854
63,71,pajamas,congruent,✅,0.7467019620397555
63,71,uniform,congruent,✅,0.7288679249984906
63,71,pajamas,incongruent,✅,0.01926197926566779
63,71,uniform,incongruent,✅,0.12914318212924986
63,72,gown,congruent,✅,0.9924179986560328
63,72,sweats,congruent,✅,0.7936007502703056
63,72,gown,incongruent,✅,0.15659771952033238
63,72,sweats,incongruent,✅,0.3252515084754245
63,73,deadline,congruent,✅,0.7619675979218751
63,73,bed,congruent,✅,0.9736880643764318
63,73,deadline,incongruent,✅,0.07746695937429335
63,73,bed,incongruent,✅,0.04325713508397242
63,74,kindergarten,congruent,✅,0.7001145256956729
63,74,jail,congruent,❌,0.4865131670296006
63,74,kindergarten,incongruent,✅,0.02351703804405934
63,74,jail,incongruent,✅,0.2124486791467273
63,75,interrogated,congruent,✅,0.9833152255962343
63,75,tickled,congruent,✅,0.9194010637749701
63,75,interrogated,incongruent,✅,0.10496691150002325
63,75,tickled,incongruent,✅,0.30930176230687406
63,76,sandcastle,congruent,✅,0.9317460135124633
63,76,snowman,congruent,✅,0.9925914757738603
63,76,sandcastle,incongruent,✅,0.04017655729270335
63,76,snowman,incongruent,✅,0.023096166540905835
63,77,music,congruent,✅,0.9986757945479481
63,77,pizza,congruent,✅,0.9836783220197326
63,77,music,incongruent,✅,0.06112794412716299
63,77,pizza,incongruent,✅,0.09144341194099304
63,78,playoffs,congruent,✅,0.7076367969904902
63,78,cartoon,congruent,✅,0.9241166620772425
63,78,playoffs,incongruent,✅,0.02867103579140178
63,78,cartoon,incongruent,✅,0.09007199094840201
63,79,alcoholism,congruent,✅,0.9532997654539492
63,79,academics,congruent,✅,0.984191827309898
63,79,alcoholism,incongruent,✅,0.49713949340528185
63,79,academics,incongruent,❌,0.5133767689856624
63,8,engagement,congruent,❌,0.47686292384083373
63,8,cancer,congruent,❌,0.25356067481078975
63,8,engagement,incongruent,✅,0.21935073576719538
63,8,cancer,incongruent,✅,0.12334756977699608
63,9,terminal,congruent,✅,0.8574749541733786
63,9,classroom,congruent,✅,0.83568138818488
63,9,terminal,incongruent,✅,0.14884595696679345
63,9,classroom,incongruent,✅,0.22596313669073498
