layer_index,item_index,image_word,condition,pass,probability_congruent
0,0,library,congruent,❌,0.434819229596575
0,0,refrigerator,congruent,✅,0.5589862746074155
0,0,library,incongruent,❌,0.5585461855360446
0,0,refrigerator,incongruent,✅,0.4227391626955309
0,1,disappointment,congruent,✅,0.5216414696186576
0,1,delight,congruent,❌,0.4974785498037457
0,1,disappointment,incongruent,✅,0.4961220472698931
0,1,delight,incongruent,❌,0.5282139866900044
0,10,cash,congruent,❌,0.4895004137385232
0,10,groceries,congruent,✅,0.5575063471620136
0,10,cash,incongruent,❌,0.5397338173383951
0,10,groceries,incongruent,✅,0.4928023287480023
0,11,lonely,congruent,✅,0.5789804667905531
0,11,confident,congruent,❌,0.47656628460788925
0,11,lonely,incongruent,✅,0.4686990792832022
0,11,confident,incongruent,❌,0.5599620017915218
0,12,joy,congruent,❌,0.49281747445079005
0,12,outrage,congruent,✅,0.5363390927793852
0,12,joy,incongruent,❌,0.5243920430211172
0,12,outrage,incongruent,✅,0.48470917241313827
0,13,traffic,congruent,✅,0.5561191583335091
0,13,snowstorm,congruent,✅,0.5520119359634463
0,13,traffic,incongruent,❌,0.5457682798709033
0,13,snowstorm,incongruent,❌,0.5591433819494533
0,14,laughter,congruent,❌,0.4876314006453665
0,14,frustration,congruent,✅,0.5213675803260736
0,14,laughter,incongruent,❌,0.5262444101202979
0,14,frustration,incongruent,✅,0.4887434137742982
0,15,calculator,congruent,❌,0.4586550901998338
0,15,instrument,congruent,❌,0.4503979915902553
0,15,calculator,incongruent,✅,0.46013291575463516
0,15,instrument,incongruent,✅,0.43694470595362916
0,16,orchestra,congruent,✅,0.5568301546200976
0,16,racers,congruent,✅,0.5379062376539392
0,16,orchestra,incongruent,❌,0.5223594873404247
0,16,racers,incongruent,❌,0.5672638835861582
0,17,retirement,congruent,✅,0.6612101552315249
0,17,playdate,congruent,❌,0.4255674999799311
0,17,retirement,incongruent,✅,0.4476522711327952
0,17,playdate,incongruent,❌,0.6064614464087122
0,18,relieved,congruent,❌,0.4315282100325416
0,18,depressed,congruent,❌,0.4751128784715728
0,18,relieved,incongruent,✅,0.4791547005462121
0,18,depressed,incongruent,✅,0.4345958799202154
0,19,friends,congruent,✅,0.6027983444045549
0,19,weight,congruent,❌,0.46136801145500855
0,19,friends,incongruent,✅,0.44113127946069675
0,19,weight,incongruent,❌,0.5968649212154702
0,2,overcoat,congruent,❌,0.42985358025041853
0,2,sandals,congruent,✅,0.538834226320177
0,2,overcoat,incongruent,❌,0.546512655021314
0,2,sandals,incongruent,✅,0.4138728103063288
0,20,lipstick,congruent,✅,0.566741986939046
0,20,song,congruent,❌,0.4999330000921771
0,20,lipstick,incongruent,❌,0.5105896828263573
0,20,song,incongruent,❌,0.5355751618112476
0,21,fought,congruent,✅,0.5090406635724793
0,21,sang,congruent,✅,0.5131036725877943
0,21,fought,incongruent,✅,0.49721777113482746
0,21,sang,incongruent,❌,0.5168766696863767
0,22,skeptical,congruent,❌,0.4760111476904544
0,22,reassured,congruent,✅,0.5006062111454075
0,22,skeptical,incongruent,✅,0.49096077722242276
0,22,reassured,incongruent,✅,0.4760009604952389
0,23,graduation,congruent,❌,0.445930744058087
0,23,operation,congruent,❌,0.49421647973945576
0,23,graduation,incongruent,✅,0.46015381514752496
0,23,operation,incongruent,✅,0.45406411808854424
0,24,bride,congruent,❌,0.47423234906047435
0,24,aftermath,congruent,❌,0.39862134585482206
0,24,bride,incongruent,✅,0.38943013345208993
0,24,aftermath,incongruent,✅,0.4613991192815764
0,25,teacher,congruent,✅,0.5700493111010773
0,25,daughter,congruent,✅,0.6101447775486614
0,25,teacher,incongruent,❌,0.6113766145758567
0,25,daughter,incongruent,❌,0.5687601222843187
0,26,roommate,congruent,✅,0.5002009806077501
0,26,grandma,congruent,✅,0.5075423700103215
0,26,roommate,incongruent,❌,0.5239253365845956
0,26,grandma,incongruent,✅,0.4828001951700596
0,27,brother,congruent,✅,0.5430195746264604
0,27,mother,congruent,✅,0.5396394997530671
0,27,brother,incongruent,❌,0.5436515010391799
0,27,mother,incongruent,❌,0.5428508010865665
0,28,preschool,congruent,❌,0.47919029475715397
0,28,prison,congruent,❌,0.48606620060266464
0,28,preschool,incongruent,✅,0.4633472639010112
0,28,prison,incongruent,✅,0.4603830216333057
0,29,hopeful,congruent,✅,0.5129879099803778
0,29,hopeless,congruent,❌,0.44940033914795935
0,29,hopeful,incongruent,✅,0.4498675012321091
0,29,hopeless,incongruent,❌,0.5138098155128907
0,3,marathon,congruent,✅,0.5477098475293126
0,3,exam,congruent,✅,0.5252229588968275
0,3,marathon,incongruent,✅,0.487549942637162
0,3,exam,incongruent,❌,0.5550832259404377
0,30,appalled,congruent,❌,0.3806991855649818
0,30,overjoyed,congruent,❌,0.47239466538461516
0,30,appalled,incongruent,✅,0.4738273938318291
0,30,overjoyed,incongruent,✅,0.37264273403120235
0,31,reprimand,congruent,✅,0.5519913170594191
0,31,encouragement,congruent,✅,0.5185180322094037
0,31,reprimand,incongruent,❌,0.5114354274917507
0,31,encouragement,incongruent,❌,0.561731999510307
0,32,angrily,congruent,❌,0.4799449509182623
0,32,cordially,congruent,❌,0.4259697754148803
0,32,angrily,incongruent,✅,0.42200240499055225
0,32,cordially,incongruent,✅,0.4720056116586089
0,33,accusatory,congruent,❌,0.4659246100880254
0,33,flirtatious,congruent,❌,0.49780245267811196
0,33,accusatory,incongruent,❌,0.506152339951106
0,33,flirtatious,incongruent,✅,0.4651937581401917
0,34,disapprovingly,congruent,✅,0.5491849783869739
0,34,lovingly,congruent,✅,0.505767427026847
0,34,disapprovingly,incongruent,❌,0.5031363515513789
0,34,lovingly,incongruent,❌,0.5433848772489661
0,35,playful,congruent,✅,0.507108567976339
0,35,distant,congruent,❌,0.47531334333203584
0,35,playful,incongruent,✅,0.4728141122346957
0,35,distant,incongruent,❌,0.5110995368622467
0,36,headphones,congruent,✅,0.5432945908210283
0,36,mangoes,congruent,❌,0.49059577558490364
0,36,headphones,incongruent,✅,0.493723641148481
0,36,mangoes,incongruent,✅,0.48873826703642326
0,37,playroom,congruent,✅,0.50778805009903
0,37,park,congruent,✅,0.5202999940716995
0,37,playroom,incongruent,❌,0.5282928510919962
0,37,park,incongruent,✅,0.49116897948035443
0,38,bedroom,congruent,✅,0.563286822976499
0,38,backyard,congruent,✅,0.5984205248059543
0,38,bedroom,incongruent,❌,0.5950442877412843
0,38,backyard,incongruent,❌,0.5658712776571742
0,39,solemnly,congruent,❌,0.49464531367579195
0,39,excitedly,congruent,❌,0.498655089046408
0,39,solemnly,incongruent,✅,0.4955071894251624
0,39,excitedly,incongruent,❌,0.5179381330500314
0,4,menu,congruent,❌,0.4497427941803124
0,4,prescription,congruent,❌,0.39465307760556007
0,4,menu,incongruent,✅,0.37590810341252595
0,4,prescription,incongruent,✅,0.45544657758719004
0,40,car,congruent,✅,0.6073606951599775
0,40,sock,congruent,❌,0.4052383242704981
0,40,car,incongruent,✅,0.42057747828504904
0,40,sock,incongruent,❌,0.5958715649385724
0,41,overdressed,congruent,❌,0.4254179154206783
0,41,naked,congruent,❌,0.4572978727774697
0,41,overdressed,incongruent,✅,0.452624279792397
0,41,naked,incongruent,✅,0.42196873996303746
0,42,shy,congruent,❌,0.4581816465850862
0,42,lively,congruent,❌,0.48036049466531777
0,42,shy,incongruent,✅,0.4762583401755707
0,42,lively,incongruent,✅,0.4672288505045387
0,43,offended,congruent,✅,0.5451381138731812
0,43,flattered,congruent,❌,0.4474960896396497
0,43,offended,incongruent,✅,0.4440429284653596
0,43,flattered,incongruent,❌,0.5544284610074655
0,44,grandkid,congruent,✅,0.50619934658656
0,44,cellmate,congruent,✅,0.5165122147732386
0,44,grandkid,incongruent,❌,0.524387118805167
0,44,cellmate,incongruent,❌,0.5027000211741439
0,45,promoted,congruent,✅,0.5235412745603085
0,45,fired,congruent,❌,0.48222350809221215
0,45,promoted,incongruent,❌,0.5031733271620079
0,45,fired,incongruent,❌,0.5047991762912427
0,46,shooting,congruent,❌,0.48192747541965614
0,46,celebration,congruent,❌,0.46430810581451315
0,46,shooting,incongruent,✅,0.4608068955849562
0,46,celebration,incongruent,✅,0.48895750440763486
0,47,crayon,congruent,❌,0.46832249770346596
0,47,beer,congruent,❌,0.49763566288883904
0,47,crayon,incongruent,✅,0.48649046189927797
0,47,beer,incongruent,✅,0.4525136704332857
0,48,waiter,congruent,✅,0.5331173428200926
0,48,taxi,congruent,✅,0.5293800681882969
0,48,waiter,incongruent,❌,0.5140434168594735
0,48,taxi,incongruent,❌,0.5371448985431393
0,49,parents,congruent,✅,0.6042114519095301
0,49,keys,congruent,❌,0.38317480905141427
0,49,parents,incongruent,✅,0.3748871756278815
0,49,keys,incongruent,❌,0.5918383998624159
0,5,distress,congruent,✅,0.5187870325063597
0,5,tranquility,congruent,✅,0.5430310257608212
0,5,distress,incongruent,❌,0.537016945382277
0,5,tranquility,incongruent,❌,0.5224566392642518
0,50,sofa,congruent,✅,0.5008717427518266
0,50,sky,congruent,✅,0.564276740806489
0,50,sofa,incongruent,❌,0.5580281641751111
0,50,sky,incongruent,✅,0.48916760896843975
0,51,obesity,congruent,✅,0.5047381712890493
0,51,homework,congruent,✅,0.5450591227272391
0,51,obesity,incongruent,❌,0.5040822259352816
0,51,homework,incongruent,❌,0.5142561783337765
0,52,quiz,congruent,❌,0.40711007644332275
0,52,commute,congruent,❌,0.4140737161278481
0,52,quiz,incongruent,✅,0.41040847380518447
0,52,commute,incongruent,✅,0.39967675452138707
0,53,migraine,congruent,❌,0.49167996952900994
0,53,excitement,congruent,✅,0.5391116247776891
0,53,migraine,incongruent,❌,0.5386969995993869
0,53,excitement,incongruent,✅,0.4840970281551553
0,54,niece,congruent,❌,0.4579318626604917
0,54,husband,congruent,✅,0.5312922173651016
0,54,niece,incongruent,❌,0.5222843855802728
0,54,husband,incongruent,✅,0.4770787773738812
0,55,film,congruent,✅,0.6007430813036967
0,55,sunrise,congruent,❌,0.4982316443268001
0,55,film,incongruent,✅,0.4846110422972886
0,55,sunrise,incongruent,❌,0.6116341373356918
0,56,lecture,congruent,✅,0.5384008654373998
0,56,banquet,congruent,✅,0.5090798585686669
0,56,lecture,incongruent,✅,0.4964566358289409
0,56,banquet,incongruent,❌,0.5099506647642709
0,57,drink,congruent,✅,0.5853682995807404
0,57,textbook,congruent,❌,0.4904572142971613
0,57,drink,incongruent,✅,0.47137214620960055
0,57,textbook,incongruent,❌,0.5828689402950811
0,58,pool,congruent,❌,0.46363816706257016
0,58,snow,congruent,✅,0.5533502949102939
0,58,pool,incongruent,❌,0.5256460500435342
0,58,snow,incongruent,✅,0.4595943294934863
0,59,passport,congruent,✅,0.5036017347404755
0,59,plushy,congruent,✅,0.5933602377401104
0,59,passport,incongruent,❌,0.5955818309337834
0,59,plushy,incongruent,✅,0.4861693563934057
0,6,patients,congruent,❌,0.3436566198624571
0,6,students,congruent,❌,0.46498325273940905
0,6,patients,incongruent,✅,0.44557778286396604
0,6,students,incongruent,✅,0.322435604243868
0,60,sister,congruent,❌,0.48695134059180906
0,60,father,congruent,❌,0.46480086210159793
0,60,sister,incongruent,✅,0.462112022570633
0,60,father,incongruent,✅,0.4857571576678901
0,61,game,congruent,❌,0.4806736270706033
0,61,sunset,congruent,❌,0.4953899570065556
0,61,game,incongruent,✅,0.4959486691052738
0,61,sunset,incongruent,✅,0.4771925962158018
0,62,holidays,congruent,✅,0.5601833625674885
0,62,funeral,congruent,✅,0.5471452538869049
0,62,holidays,incongruent,❌,0.5236514868505855
0,62,funeral,incongruent,❌,0.5420696821996711
0,63,grades,congruent,❌,0.45519569130763643
0,63,affair,congruent,❌,0.4684355173067229
0,63,grades,incongruent,✅,0.46354516537281065
0,63,affair,incongruent,✅,0.444972267985179
0,64,arrest,congruent,✅,0.5596083126323972
0,64,stroke,congruent,✅,0.5316079777196642
0,64,arrest,incongruent,❌,0.5365640922751643
0,64,stroke,incongruent,❌,0.5337057819426518
0,65,pacifier,congruent,❌,0.38873113415336036
0,65,coffee,congruent,✅,0.5227340865064799
0,65,pacifier,incongruent,❌,0.5315738393615863
0,65,coffee,incongruent,✅,0.4073007545838645
0,66,sweets,congruent,✅,0.6012446973668953
0,66,sentencing,congruent,❌,0.47067067814084834
0,66,sweets,incongruent,✅,0.40735122594842316
0,66,sentencing,incongruent,❌,0.5690485851006557
0,67,nap,congruent,❌,0.4391030797792884
0,67,selfie,congruent,✅,0.5149290045353858
0,67,nap,incongruent,❌,0.5008264025832541
0,67,selfie,incongruent,✅,0.4485259594377764
0,68,diaper,congruent,❌,0.4710950403169402
0,68,tire,congruent,❌,0.4412645947089198
0,68,diaper,incongruent,✅,0.42149410301758483
0,68,tire,incongruent,✅,0.47330954053752927
0,69,chemotherapy,congruent,❌,0.4849505851289377
0,69,golf,congruent,❌,0.48284430134524603
0,69,chemotherapy,incongruent,✅,0.4181209551806845
0,69,golf,incongruent,✅,0.46815806890354145
0,7,consensus,congruent,✅,0.5470228693578907
0,7,deadlock,congruent,❌,0.4718352148190088
0,7,consensus,incongruent,✅,0.46510445828672864
0,7,deadlock,incongruent,❌,0.5477859740741191
0,70,thunder,congruent,❌,0.48668972736708194
0,70,lullaby,congruent,✅,0.5181222953658928
0,70,thunder,incongruent,❌,0.5246821446216471
0,70,lullaby,incongruent,✅,0.4627813769360972
0,71,pajamas,congruent,❌,0.4380719429236733
0,71,uniform,congruent,❌,0.4358975721444817
0,71,pajamas,incongruent,✅,0.4231529996625396
0,71,uniform,incongruent,✅,0.40907371241807217
0,72,gown,congruent,✅,0.5808680562466598
0,72,sweats,congruent,❌,0.4105266329573218
0,72,gown,incongruent,✅,0.3910753520447781
0,72,sweats,incongruent,❌,0.5921873433698498
0,73,deadline,congruent,✅,0.5793928725857727
0,73,bed,congruent,✅,0.5085024893936401
0,73,deadline,incongruent,✅,0.4528830728397199
0,73,bed,incongruent,❌,0.550611342145657
0,74,kindergarten,congruent,✅,0.5074448453840257
0,74,jail,congruent,✅,0.5520526733181822
0,74,kindergarten,incongruent,❌,0.5514026372485173
0,74,jail,incongruent,✅,0.4961195972291564
0,75,interrogated,congruent,❌,0.42769800648973905
0,75,tickled,congruent,❌,0.48788264544581816
0,75,interrogated,incongruent,✅,0.4945888283782087
0,75,tickled,incongruent,✅,0.41303823622766556
0,76,sandcastle,congruent,✅,0.5435322266783446
0,76,snowman,congruent,❌,0.47243954515751047
0,76,sandcastle,incongruent,✅,0.4796166764862383
0,76,snowman,incongruent,❌,0.5309586041558165
0,77,music,congruent,✅,0.5527804429565636
0,77,pizza,congruent,❌,0.4880029380205786
0,77,music,incongruent,✅,0.4708415723928645
0,77,pizza,incongruent,❌,0.5539772871393243
0,78,playoffs,congruent,✅,0.5324088157101217
0,78,cartoon,congruent,✅,0.5487557089380534
0,78,playoffs,incongruent,❌,0.540364390675952
0,78,cartoon,incongruent,❌,0.5047840010349178
0,79,alcoholism,congruent,❌,0.49464443578391354
0,79,academics,congruent,✅,0.557840361228039
0,79,alcoholism,incongruent,❌,0.5213314022655865
0,79,academics,incongruent,✅,0.4982849025869914
0,8,engagement,congruent,✅,0.5446560851006392
0,8,cancer,congruent,❌,0.46909216555832395
0,8,engagement,incongruent,✅,0.4612701159899318
0,8,cancer,incongruent,❌,0.5362116677551485
0,9,terminal,congruent,❌,0.37367099740953014
0,9,classroom,congruent,❌,0.45082725560078624
0,9,terminal,incongruent,✅,0.4481829264133646
0,9,classroom,incongruent,✅,0.33619782753529825
1,0,library,congruent,✅,0.6767456930327952
1,0,refrigerator,congruent,✅,0.8325431296518152
1,0,library,incongruent,✅,0.41082690256282517
1,0,refrigerator,incongruent,✅,0.07730099634873691
1,1,disappointment,congruent,❌,0.348882814548502
1,1,delight,congruent,❌,0.3094135431880449
1,1,disappointment,incongruent,✅,0.1700655384970298
1,1,delight,incongruent,✅,0.36620328744168806
1,10,cash,congruent,✅,0.8476967556305516
1,10,groceries,congruent,✅,0.5083887027775773
1,10,cash,incongruent,✅,0.487910198623077
1,10,groceries,incongruent,✅,0.05337046665947327
1,11,lonely,congruent,✅,0.807616193433825
1,11,confident,congruent,❌,0.4637714325153366
1,11,lonely,incongruent,✅,0.2861710637966567
1,11,confident,incongruent,✅,0.43223204454507086
1,12,joy,congruent,✅,0.6023981651672332
1,12,outrage,congruent,❌,0.450035676483091
1,12,joy,incongruent,✅,0.4494686078676405
1,12,outrage,incongruent,✅,0.35688693951125855
1,13,traffic,congruent,✅,0.9838172281954266
1,13,snowstorm,congruent,✅,0.9185063468154291
1,13,traffic,incongruent,❌,0.8126894155611192
1,13,snowstorm,incongruent,❌,0.9581574063651448
1,14,laughter,congruent,✅,0.7575855530911957
1,14,frustration,congruent,❌,0.40898944497585044
1,14,laughter,incongruent,❌,0.6363006425602147
1,14,frustration,incongruent,✅,0.31367521932417275
1,15,calculator,congruent,✅,0.5272311007892903
1,15,instrument,congruent,✅,0.9633609938469522
1,15,calculator,incongruent,✅,0.4095062260760173
1,15,instrument,incongruent,✅,0.06180190275992715
1,16,orchestra,congruent,✅,0.9052715941459645
1,16,racers,congruent,✅,0.8459139089201714
1,16,orchestra,incongruent,✅,0.39782168241848176
1,16,racers,incongruent,✅,0.1305668070474823
1,17,retirement,congruent,✅,0.8563829751397121
1,17,playdate,congruent,❌,0.0382503296804009
1,17,retirement,incongruent,✅,0.03802061839462019
1,17,playdate,incongruent,❌,0.7192249985146991
1,18,relieved,congruent,❌,0.11557680897596133
1,18,depressed,congruent,❌,0.08161026944634994
1,18,relieved,incongruent,✅,0.13747009247111022
1,18,depressed,incongruent,✅,0.1391129070893889
1,19,friends,congruent,❌,0.3415933586666406
1,19,weight,congruent,✅,0.6730387911829928
1,19,friends,incongruent,✅,0.05625806114422127
1,19,weight,incongruent,✅,0.4022896522374093
1,2,overcoat,congruent,❌,0.41607106246636766
1,2,sandals,congruent,✅,0.6398973209747971
1,2,overcoat,incongruent,✅,0.40437563229727036
1,2,sandals,incongruent,✅,0.2517966934225277
1,20,lipstick,congruent,✅,0.654330439269992
1,20,song,congruent,✅,0.9731438515931431
1,20,lipstick,incongruent,✅,0.17566369298144735
1,20,song,incongruent,✅,0.19269706565816394
1,21,fought,congruent,❌,0.04316190401705075
1,21,sang,congruent,✅,0.5594985815152439
1,21,fought,incongruent,✅,0.3007854602764364
1,21,sang,incongruent,✅,0.009183937657660474
1,22,skeptical,congruent,❌,0.07002929367014529
1,22,reassured,congruent,✅,0.7599644592525268
1,22,skeptical,incongruent,❌,0.7113256393455449
1,22,reassured,incongruent,✅,0.07618005438030734
1,23,graduation,congruent,✅,0.9913891705721256
1,23,operation,congruent,✅,0.9169125224462779
1,23,graduation,incongruent,✅,0.33584269497092684
1,23,operation,incongruent,✅,0.3110327370702423
1,24,bride,congruent,✅,0.7893194141123682
1,24,aftermath,congruent,❌,0.41193565661259324
1,24,bride,incongruent,✅,0.05589280749134936
1,24,aftermath,incongruent,✅,0.08965138864699429
1,25,teacher,congruent,✅,0.852753511704053
1,25,daughter,congruent,✅,0.8417369165936557
1,25,teacher,incongruent,❌,0.7235654037735285
1,25,daughter,incongruent,❌,0.6485433539172794
1,26,roommate,congruent,✅,0.5556947478621459
1,26,grandma,congruent,✅,0.6380794068727182
1,26,roommate,incongruent,✅,0.35297523982349255
1,26,grandma,incongruent,✅,0.42976114961915635
1,27,brother,congruent,❌,0.36549417792382183
1,27,mother,congruent,✅,0.5924539772640744
1,27,brother,incongruent,✅,0.44522163225915684
1,27,mother,incongruent,❌,0.5835532996588426
1,28,preschool,congruent,✅,0.7839681695675137
1,28,prison,congruent,✅,0.9274212063388462
1,28,preschool,incongruent,✅,0.044929980413664916
1,28,prison,incongruent,✅,0.3849734554200679
1,29,hopeful,congruent,❌,0.42788429411848666
1,29,hopeless,congruent,✅,0.7520448631659412
1,29,hopeful,incongruent,✅,0.3443631880865945
1,29,hopeless,incongruent,❌,0.5924508266817392
1,3,marathon,congruent,✅,0.9935924369902991
1,3,exam,congruent,✅,0.6927043817743543
1,3,marathon,incongruent,✅,0.12951937520136464
1,3,exam,incongruent,❌,0.7195119319407979
1,30,appalled,congruent,❌,0.09331559325470522
1,30,overjoyed,congruent,❌,0.4825839110911598
1,30,appalled,incongruent,✅,0.41223611311157443
1,30,overjoyed,incongruent,✅,0.05658474729690326
1,31,reprimand,congruent,✅,0.7366105748487385
1,31,encouragement,congruent,✅,0.6443276219566432
1,31,reprimand,incongruent,❌,0.5707599305898624
1,31,encouragement,incongruent,❌,0.7450085248084607
1,32,angrily,congruent,✅,0.9494096935291009
1,32,cordially,congruent,❌,0.40822552912768284
1,32,angrily,incongruent,✅,0.39405464208982693
1,32,cordially,incongruent,❌,0.8283961862660504
1,33,accusatory,congruent,❌,0.17977393089356036
1,33,flirtatious,congruent,✅,0.5420441142639392
1,33,accusatory,incongruent,❌,0.6397309058872203
1,33,flirtatious,incongruent,✅,0.11900273937703894
1,34,disapprovingly,congruent,❌,0.44696968535141146
1,34,lovingly,congruent,❌,0.1565085993750856
1,34,disapprovingly,incongruent,✅,0.27436001261483495
1,34,lovingly,incongruent,✅,0.44058116014052867
1,35,playful,congruent,✅,0.6142115576676915
1,35,distant,congruent,❌,0.14780013468722442
1,35,playful,incongruent,✅,0.13881767325730437
1,35,distant,incongruent,❌,0.8063926190888062
1,36,headphones,congruent,❌,0.4800341606624553
1,36,mangoes,congruent,✅,0.8058456794614453
1,36,headphones,incongruent,❌,0.818714294284344
1,36,mangoes,incongruent,✅,0.07547956280648678
1,37,playroom,congruent,✅,0.8802763885698756
1,37,park,congruent,✅,0.9376206402994808
1,37,playroom,incongruent,❌,0.6923745366197354
1,37,park,incongruent,❌,0.8967522247236076
1,38,bedroom,congruent,✅,0.7402027023378439
1,38,backyard,congruent,✅,0.666129650111343
1,38,bedroom,incongruent,❌,0.5947170148220466
1,38,backyard,incongruent,❌,0.6389018486918486
1,39,solemnly,congruent,❌,0.3553681953422496
1,39,excitedly,congruent,❌,0.19217822968926668
1,39,solemnly,incongruent,✅,0.11204139442828731
1,39,excitedly,incongruent,✅,0.26330778210601025
1,4,menu,congruent,✅,0.9652356061621767
1,4,prescription,congruent,✅,0.9634455286422425
1,4,menu,incongruent,✅,0.17153538262794574
1,4,prescription,incongruent,❌,0.6826282424839478
1,40,car,congruent,✅,0.7845631578444252
1,40,sock,congruent,❌,0.43749303509266846
1,40,car,incongruent,✅,0.10524310055465118
1,40,sock,incongruent,✅,0.09725418388569895
1,41,overdressed,congruent,✅,0.6496575188670061
1,41,naked,congruent,❌,0.3480513431954392
1,41,overdressed,incongruent,✅,0.18286679019903176
1,41,naked,incongruent,❌,0.870755802640082
1,42,shy,congruent,✅,0.7778299338817455
1,42,lively,congruent,✅,0.8660770139680003
1,42,shy,incongruent,✅,0.36089265632011186
1,42,lively,incongruent,❌,0.9259229729160711
1,43,offended,congruent,✅,0.7522456844592508
1,43,flattered,congruent,✅,0.7608016771501965
1,43,offended,incongruent,❌,0.8604731707934103
1,43,flattered,incongruent,❌,0.5926533204195494
1,44,grandkid,congruent,❌,0.45303627118384393
1,44,cellmate,congruent,✅,0.5947076875025004
1,44,grandkid,incongruent,❌,0.6695954940677274
1,44,cellmate,incongruent,✅,0.4102123323332926
1,45,promoted,congruent,❌,0.2530136875895044
1,45,fired,congruent,✅,0.7968353538680699
1,45,promoted,incongruent,❌,0.7347913789329715
1,45,fired,incongruent,✅,0.23048096857436506
1,46,shooting,congruent,❌,0.2153720494808054
1,46,celebration,congruent,❌,0.13834818842814678
1,46,shooting,incongruent,✅,0.06143503231312292
1,46,celebration,incongruent,✅,0.2175064029159417
1,47,crayon,congruent,❌,0.4784396104272615
1,47,beer,congruent,✅,0.8098930402538066
1,47,crayon,incongruent,✅,0.19379675851712538
1,47,beer,incongruent,✅,0.10767491301636832
1,48,waiter,congruent,✅,0.8275803053861062
1,48,taxi,congruent,✅,0.971281636735168
1,48,waiter,incongruent,❌,0.7820267439514228
1,48,taxi,incongruent,✅,0.381032421119019
1,49,parents,congruent,✅,0.86665767797215
1,49,keys,congruent,❌,0.10016683147880477
1,49,parents,incongruent,✅,0.05294797091079107
1,49,keys,incongruent,❌,0.5178165483636714
1,5,distress,congruent,❌,0.3239879280422427
1,5,tranquility,congruent,✅,0.6652491288410988
1,5,distress,incongruent,✅,0.3185178175084635
1,5,tranquility,incongruent,✅,0.33732496710837756
1,50,sofa,congruent,✅,0.5047145543443922
1,50,sky,congruent,✅,0.8331040457746666
1,50,sofa,incongruent,❌,0.5678848711178016
1,50,sky,incongruent,✅,0.22158908618411946
1,51,obesity,congruent,✅,0.6112850214904632
1,51,homework,congruent,✅,0.8776069720126064
1,51,obesity,incongruent,✅,0.2203439209313829
1,51,homework,incongruent,✅,0.36255288311785155
1,52,quiz,congruent,✅,0.6826518835914194
1,52,commute,congruent,✅,0.8787202244578144
1,52,quiz,incongruent,✅,0.2999113494238251
1,52,commute,incongruent,✅,0.05553423716179537
1,53,migraine,congruent,✅,0.7834454880869465
1,53,excitement,congruent,✅,0.9532672003244633
1,53,migraine,incongruent,❌,0.6797300747687374
1,53,excitement,incongruent,✅,0.11086386928954889
1,54,niece,congruent,✅,0.8238058520017134
1,54,husband,congruent,❌,0.46959646359375035
1,54,niece,incongruent,❌,0.6629909324539598
1,54,husband,incongruent,❌,0.6420819534470216
1,55,film,congruent,✅,0.6498025865757421
1,55,sunrise,congruent,✅,0.5330145341352642
1,55,film,incongruent,✅,0.25814443842424367
1,55,sunrise,incongruent,✅,0.33863743389627765
1,56,lecture,congruent,✅,0.9512951143316255
1,56,banquet,congruent,❌,0.151720934728001
1,56,lecture,incongruent,✅,0.060241951370822236
1,56,banquet,incongruent,✅,0.08707904953037485
1,57,drink,congruent,✅,0.8611021013365814
1,57,textbook,congruent,❌,0.48699843654726344
1,57,drink,incongruent,✅,0.11500555524930003
1,57,textbook,incongruent,❌,0.615526881836817
1,58,pool,congruent,✅,0.9727363014659436
1,58,snow,congruent,✅,0.5254194775757447
1,58,pool,incongruent,✅,0.35589625314092493
1,58,snow,incongruent,✅,0.13264990250751077
1,59,passport,congruent,❌,0.2987654455757611
1,59,plushy,congruent,✅,0.6186055787616505
1,59,passport,incongruent,❌,0.5812677994831249
1,59,plushy,incongruent,✅,0.059228070333499076
1,6,patients,congruent,✅,0.8377579817319467
1,6,students,congruent,✅,0.6894166065645244
1,6,patients,incongruent,✅,0.05627111459647281
1,6,students,incongruent,✅,0.02388701029643991
1,60,sister,congruent,✅,0.6336880609034671
1,60,father,congruent,✅,0.7481769442451658
1,60,sister,incongruent,❌,0.9260166232163551
1,60,father,incongruent,✅,0.1692861850315595
1,61,game,congruent,✅,0.556829440731445
1,61,sunset,congruent,❌,0.4586598824013308
1,61,game,incongruent,✅,0.17123562471552378
1,61,sunset,incongruent,✅,0.05546356096990099
1,62,holidays,congruent,✅,0.7931414011578922
1,62,funeral,congruent,✅,0.951303606462402
1,62,holidays,incongruent,✅,0.07678443618598699
1,62,funeral,incongruent,❌,0.6716248045393755
1,63,grades,congruent,❌,0.08818139284324446
1,63,affair,congruent,✅,0.8997403180146887
1,63,grades,incongruent,✅,0.43356905947240365
1,63,affair,incongruent,✅,0.02023241496437407
1,64,arrest,congruent,✅,0.9713966257372243
1,64,stroke,congruent,✅,0.5382554688512878
1,64,arrest,incongruent,✅,0.3373455130237834
1,64,stroke,incongruent,✅,0.236318239888604
1,65,pacifier,congruent,❌,0.1938973577112915
1,65,coffee,congruent,❌,0.09696738822675596
1,65,pacifier,incongruent,✅,0.032371169319185815
1,65,coffee,incongruent,✅,0.14780024823291418
1,66,sweets,congruent,✅,0.991772985159506
1,66,sentencing,congruent,✅,0.7412902147530038
1,66,sweets,incongruent,✅,0.02403536843066306
1,66,sentencing,incongruent,❌,0.7058369099073031
1,67,nap,congruent,✅,0.6740781957576489
1,67,selfie,congruent,✅,0.869424388521618
1,67,nap,incongruent,✅,0.32903485135746696
1,67,selfie,incongruent,✅,0.2615884828913339
1,68,diaper,congruent,❌,0.46631241745359775
1,68,tire,congruent,✅,0.8842194494966885
1,68,diaper,incongruent,✅,0.023300311317561058
1,68,tire,incongruent,✅,0.11173538480556568
1,69,chemotherapy,congruent,✅,0.8561373900817789
1,69,golf,congruent,✅,0.9766998296124719
1,69,chemotherapy,incongruent,✅,0.07901688342256896
1,69,golf,incongruent,✅,0.08143908576667482
1,7,consensus,congruent,❌,0.14734048699819385
1,7,deadlock,congruent,❌,0.23943495637238105
1,7,consensus,incongruent,✅,0.027939356987292573
1,7,deadlock,incongruent,✅,0.17974290112372132
1,70,thunder,congruent,❌,0.3351977225860612
1,70,lullaby,congruent,❌,0.38789845139896156
1,70,thunder,incongruent,✅,0.37277928317035314
1,70,lullaby,incongruent,✅,0.07913301949001529
1,71,pajamas,congruent,✅,0.7611228864483092
1,71,uniform,congruent,✅,0.9552432329082706
1,71,pajamas,incongruent,❌,0.5779778122334347
1,71,uniform,incongruent,✅,0.2720434366511546
1,72,gown,congruent,✅,0.9854322901970848
1,72,sweats,congruent,✅,0.5252731436673278
1,72,gown,incongruent,✅,0.4451334619413164
1,72,sweats,incongruent,✅,0.39553000990535414
1,73,deadline,congruent,✅,0.853134568801076
1,73,bed,congruent,✅,0.9802948438624784
1,73,deadline,incongruent,✅,0.12321342377388363
1,73,bed,incongruent,❌,0.5749940356188123
1,74,kindergarten,congruent,✅,0.7115756190243517
1,74,jail,congruent,❌,0.47765510106695325
1,74,kindergarten,incongruent,✅,0.4892286448521721
1,74,jail,incongruent,✅,0.34116758852749096
1,75,interrogated,congruent,✅,0.8544200359422385
1,75,tickled,congruent,❌,0.37449405613351144
1,75,interrogated,incongruent,✅,0.4175385820751822
1,75,tickled,incongruent,✅,0.2226470298578398
1,76,sandcastle,congruent,✅,0.5171070259966751
1,76,snowman,congruent,✅,0.8332449471032439
1,76,sandcastle,incongruent,✅,0.30992483508573976
1,76,snowman,incongruent,✅,0.485522366423114
1,77,music,congruent,✅,0.863985515940864
1,77,pizza,congruent,✅,0.93244310895736
1,77,music,incongruent,✅,0.3062682130777163
1,77,pizza,incongruent,✅,0.1982730792318973
1,78,playoffs,congruent,✅,0.6235612284235381
1,78,cartoon,congruent,✅,0.8771274119130488
1,78,playoffs,incongruent,✅,0.22009058536481071
1,78,cartoon,incongruent,✅,0.03382981997646609
1,79,alcoholism,congruent,✅,0.914145429673091
1,79,academics,congruent,✅,0.9111102362594986
1,79,alcoholism,incongruent,✅,0.29769061031249916
1,79,academics,incongruent,✅,0.3755641341622892
1,8,engagement,congruent,✅,0.6651343258639424
1,8,cancer,congruent,❌,0.31227744533093654
1,8,engagement,incongruent,✅,0.344576103238648
1,8,cancer,incongruent,❌,0.9147957852026033
1,9,terminal,congruent,✅,0.5645297746382799
1,9,classroom,congruent,✅,0.7853649526689379
1,9,terminal,incongruent,✅,0.16928975141176067
1,9,classroom,incongruent,✅,0.4151549876072766
2,0,library,congruent,✅,0.7706865364461386
2,0,refrigerator,congruent,✅,0.8638658933720584
2,0,library,incongruent,✅,0.4446943328789356
2,0,refrigerator,incongruent,✅,0.056120744011574186
2,1,disappointment,congruent,❌,0.40295920677386754
2,1,delight,congruent,❌,0.326447860123631
2,1,disappointment,incongruent,✅,0.1961353710200491
2,1,delight,incongruent,✅,0.4117592693883166
2,10,cash,congruent,✅,0.8908816080215523
2,10,groceries,congruent,✅,0.5527886302906098
2,10,cash,incongruent,✅,0.4979210295748415
2,10,groceries,incongruent,✅,0.08113642772327559
2,11,lonely,congruent,✅,0.8310640808279026
2,11,confident,congruent,❌,0.43586695437838996
2,11,lonely,incongruent,✅,0.270823354211155
2,11,confident,incongruent,✅,0.4609635595658918
2,12,joy,congruent,✅,0.5732290305211687
2,12,outrage,congruent,❌,0.42613217960704164
2,12,joy,incongruent,✅,0.45445024986326954
2,12,outrage,incongruent,✅,0.35925950915987287
2,13,traffic,congruent,✅,0.9949036011966488
2,13,snowstorm,congruent,✅,0.9431923321881523
2,13,traffic,incongruent,❌,0.833206372841541
2,13,snowstorm,incongruent,❌,0.9817627749114817
2,14,laughter,congruent,✅,0.6677859903645211
2,14,frustration,congruent,❌,0.38852378322042164
2,14,laughter,incongruent,❌,0.5730778471029194
2,14,frustration,incongruent,✅,0.23121068809579545
2,15,calculator,congruent,✅,0.5212414906985233
2,15,instrument,congruent,✅,0.9808810188347412
2,15,calculator,incongruent,✅,0.45599177829518917
2,15,instrument,incongruent,✅,0.06972205650083037
2,16,orchestra,congruent,✅,0.8786924933856922
2,16,racers,congruent,✅,0.774066725508224
2,16,orchestra,incongruent,✅,0.23147673235359978
2,16,racers,incongruent,✅,0.07503698497892894
2,17,retirement,congruent,✅,0.7854249292045135
2,17,playdate,congruent,❌,0.32972739993032324
2,17,retirement,incongruent,✅,0.30459558351391386
2,17,playdate,incongruent,❌,0.5528492560666007
2,18,relieved,congruent,❌,0.17395139939695267
2,18,depressed,congruent,❌,0.04395767294959304
2,18,relieved,incongruent,✅,0.07180538209941581
2,18,depressed,incongruent,✅,0.21609410347254085
2,19,friends,congruent,❌,0.2931008475398091
2,19,weight,congruent,✅,0.6964353930141101
2,19,friends,incongruent,✅,0.07070792775085803
2,19,weight,incongruent,✅,0.3343773067327413
2,2,overcoat,congruent,❌,0.4909171369540097
2,2,sandals,congruent,✅,0.7583819034811824
2,2,overcoat,incongruent,❌,0.5360097714150422
2,2,sandals,incongruent,✅,0.31366475186038567
2,20,lipstick,congruent,✅,0.7640193738650354
2,20,song,congruent,✅,0.9727912848166685
2,20,lipstick,incongruent,✅,0.0832737576610425
2,20,song,incongruent,✅,0.2231787233234341
2,21,fought,congruent,❌,0.11891853124494293
2,21,sang,congruent,✅,0.6376724690945306
2,21,fought,incongruent,✅,0.35704610952593
2,21,sang,incongruent,✅,0.03414609334391291
2,22,skeptical,congruent,❌,0.10984192103569396
2,22,reassured,congruent,✅,0.7739424499703035
2,22,skeptical,incongruent,❌,0.7335523296776048
2,22,reassured,incongruent,✅,0.11876749573537639
2,23,graduation,congruent,✅,0.9937725962789716
2,23,operation,congruent,✅,0.9293873229887908
2,23,graduation,incongruent,✅,0.37035271569241784
2,23,operation,incongruent,✅,0.20828625601553652
2,24,bride,congruent,✅,0.8199929591029326
2,24,aftermath,congruent,❌,0.3579243971961316
2,24,bride,incongruent,✅,0.05291239456571461
2,24,aftermath,incongruent,✅,0.05661767607268607
2,25,teacher,congruent,✅,0.9227537740611041
2,25,daughter,congruent,✅,0.7872122609548082
2,25,teacher,incongruent,❌,0.6325877275068109
2,25,daughter,incongruent,❌,0.7730867229723658
2,26,roommate,congruent,✅,0.5757783819971142
2,26,grandma,congruent,✅,0.62420510483139
2,26,roommate,incongruent,✅,0.298351935993373
2,26,grandma,incongruent,✅,0.45561207121260355
2,27,brother,congruent,❌,0.29772192236989586
2,27,mother,congruent,✅,0.5254091418915611
2,27,brother,incongruent,✅,0.4099181026330923
2,27,mother,incongruent,✅,0.49105116114190633
2,28,preschool,congruent,✅,0.8451867089665946
2,28,prison,congruent,✅,0.9584762316845113
2,28,preschool,incongruent,✅,0.03578408380843681
2,28,prison,incongruent,✅,0.450947182408051
2,29,hopeful,congruent,❌,0.3986586402856981
2,29,hopeless,congruent,✅,0.7874868916954131
2,29,hopeful,incongruent,✅,0.4324823766700667
2,29,hopeless,incongruent,❌,0.5634182700645654
2,3,marathon,congruent,✅,0.9965435306539305
2,3,exam,congruent,✅,0.6116946548417465
2,3,marathon,incongruent,✅,0.06387639552280074
2,3,exam,incongruent,❌,0.6598365635669793
2,30,appalled,congruent,❌,0.130645981578388
2,30,overjoyed,congruent,✅,0.5805892278043587
2,30,appalled,incongruent,❌,0.5305531798036466
2,30,overjoyed,incongruent,✅,0.0836194083818221
2,31,reprimand,congruent,✅,0.7029450507017118
2,31,encouragement,congruent,✅,0.6671970152574469
2,31,reprimand,incongruent,❌,0.6210755942265173
2,31,encouragement,incongruent,❌,0.6855816697880311
2,32,angrily,congruent,✅,0.8793909310029264
2,32,cordially,congruent,✅,0.6774184231254097
2,32,angrily,incongruent,❌,0.6753078515764076
2,32,cordially,incongruent,❌,0.6728940042333397
2,33,accusatory,congruent,❌,0.26978285697287147
2,33,flirtatious,congruent,❌,0.3502595689858172
2,33,accusatory,incongruent,✅,0.4480970265498391
2,33,flirtatious,incongruent,✅,0.1653095196311207
2,34,disapprovingly,congruent,✅,0.609856959879282
2,34,lovingly,congruent,❌,0.12869958979575138
2,34,disapprovingly,incongruent,✅,0.22186921722371547
2,34,lovingly,incongruent,❌,0.575417711041066
2,35,playful,congruent,✅,0.6405768741270188
2,35,distant,congruent,❌,0.20431252997793456
2,35,playful,incongruent,✅,0.18518322326751666
2,35,distant,incongruent,❌,0.8162847220198252
2,36,headphones,congruent,❌,0.40253109841412227
2,36,mangoes,congruent,✅,0.8548155625580194
2,36,headphones,incongruent,❌,0.7972207674006271
2,36,mangoes,incongruent,✅,0.05047892457642926
2,37,playroom,congruent,✅,0.8861886134988548
2,37,park,congruent,✅,0.9356564543366596
2,37,playroom,incongruent,❌,0.5993051941276798
2,37,park,incongruent,❌,0.9024468956355026
2,38,bedroom,congruent,✅,0.7343902017218573
2,38,backyard,congruent,✅,0.65384968568627
2,38,bedroom,incongruent,❌,0.5914593180834381
2,38,backyard,incongruent,❌,0.6215535458180834
2,39,solemnly,congruent,❌,0.35150514096452906
2,39,excitedly,congruent,❌,0.26260298684779815
2,39,solemnly,incongruent,✅,0.1772170428185314
2,39,excitedly,incongruent,✅,0.2671976350649311
2,4,menu,congruent,✅,0.9564062022943555
2,4,prescription,congruent,✅,0.9604330919550712
2,4,menu,incongruent,✅,0.11664368312777065
2,4,prescription,incongruent,❌,0.5874292588477125
2,40,car,congruent,✅,0.7442760103258218
2,40,sock,congruent,❌,0.2695933568485371
2,40,car,incongruent,✅,0.04807754009121812
2,40,sock,incongruent,✅,0.051908621372158605
2,41,overdressed,congruent,✅,0.5963643325642577
2,41,naked,congruent,❌,0.34510680664319904
2,41,overdressed,incongruent,✅,0.17561737326398366
2,41,naked,incongruent,❌,0.8300151904523969
2,42,shy,congruent,✅,0.8243167516766629
2,42,lively,congruent,✅,0.8548749811496419
2,42,shy,incongruent,✅,0.4070000383469757
2,42,lively,incongruent,❌,0.9471556668569404
2,43,offended,congruent,✅,0.7007296583780536
2,43,flattered,congruent,✅,0.6381404637914092
2,43,offended,incongruent,❌,0.7861372860224823
2,43,flattered,incongruent,❌,0.5268899004635067
2,44,grandkid,congruent,❌,0.45323538753613923
2,44,cellmate,congruent,❌,0.46575854064385624
2,44,grandkid,incongruent,✅,0.4206577824236799
2,44,cellmate,incongruent,✅,0.41648252047579193
2,45,promoted,congruent,❌,0.35831532583251
2,45,fired,congruent,✅,0.6603300736709802
2,45,promoted,incongruent,❌,0.5734156176073109
2,45,fired,incongruent,✅,0.3201344436101659
2,46,shooting,congruent,❌,0.1684383646997277
2,46,celebration,congruent,❌,0.2757194133298257
2,46,shooting,incongruent,✅,0.13788247093587405
2,46,celebration,incongruent,✅,0.17582256076095057
2,47,crayon,congruent,✅,0.5090671486952223
2,47,beer,congruent,✅,0.8234736481220447
2,47,crayon,incongruent,✅,0.15676247613487487
2,47,beer,incongruent,✅,0.10292125011854406
2,48,waiter,congruent,✅,0.8678786059872168
2,48,taxi,congruent,✅,0.9866904867510067
2,48,waiter,incongruent,❌,0.8262912370785636
2,48,taxi,incongruent,✅,0.3550962403153362
2,49,parents,congruent,✅,0.8530134096034874
2,49,keys,congruent,❌,0.07472699175191376
2,49,parents,incongruent,✅,0.04070553877067305
2,49,keys,incongruent,✅,0.44805142361540146
2,5,distress,congruent,❌,0.4582233304786536
2,5,tranquility,congruent,✅,0.7415781415300148
2,5,distress,incongruent,✅,0.4337458026709673
2,5,tranquility,incongruent,✅,0.4695260784110352
2,50,sofa,congruent,✅,0.5773734508138326
2,50,sky,congruent,✅,0.8550928347141279
2,50,sofa,incongruent,❌,0.5611168968799611
2,50,sky,incongruent,✅,0.26984101616403333
2,51,obesity,congruent,✅,0.5061959490413981
2,51,homework,congruent,✅,0.9082181616242903
2,51,obesity,incongruent,✅,0.24384134304471408
2,51,homework,incongruent,✅,0.25199286170940627
2,52,quiz,congruent,✅,0.6272546610818718
2,52,commute,congruent,✅,0.876318193175631
2,52,quiz,incongruent,✅,0.25471465008877014
2,52,commute,incongruent,✅,0.03938385178605649
2,53,migraine,congruent,✅,0.8572653257209679
2,53,excitement,congruent,✅,0.8955287268639697
2,53,migraine,incongruent,❌,0.5746884164378464
2,53,excitement,incongruent,✅,0.09610315806194634
2,54,niece,congruent,✅,0.9033523631999806
2,54,husband,congruent,❌,0.39794649397160825
2,54,niece,incongruent,❌,0.6168394208738461
2,54,husband,incongruent,❌,0.7847053826008618
2,55,film,congruent,✅,0.639004917756507
2,55,sunrise,congruent,❌,0.3981798271033493
2,55,film,incongruent,✅,0.13941220903731405
2,55,sunrise,incongruent,✅,0.3317068938039034
2,56,lecture,congruent,✅,0.9631891222324115
2,56,banquet,congruent,❌,0.1879737661822079
2,56,lecture,incongruent,✅,0.07778019951619254
2,56,banquet,incongruent,✅,0.08835745848116106
2,57,drink,congruent,✅,0.8586246953449352
2,57,textbook,congruent,❌,0.34967918689844896
2,57,drink,incongruent,✅,0.09581171779322784
2,57,textbook,incongruent,❌,0.605091045813308
2,58,pool,congruent,✅,0.9686982192098008
2,58,snow,congruent,✅,0.5147520960087346
2,58,pool,incongruent,✅,0.37837133511945176
2,58,snow,incongruent,✅,0.05814490754187013
2,59,passport,congruent,❌,0.19289239564084085
2,59,plushy,congruent,✅,0.5454034166106927
2,59,passport,incongruent,✅,0.4669167162519788
2,59,plushy,incongruent,✅,0.029361482335400393
2,6,patients,congruent,✅,0.9059080205208775
2,6,students,congruent,✅,0.8083749522779725
2,6,patients,incongruent,✅,0.07825994101291349
2,6,students,incongruent,✅,0.021760836743487885
2,60,sister,congruent,✅,0.6956728749180847
2,60,father,congruent,✅,0.7349318629819858
2,60,sister,incongruent,❌,0.9312426469966036
2,60,father,incongruent,✅,0.20173923834769542
2,61,game,congruent,✅,0.5880487529319991
2,61,sunset,congruent,❌,0.36018493879876284
2,61,game,incongruent,✅,0.10719763262690796
2,61,sunset,incongruent,✅,0.03592866519693849
2,62,holidays,congruent,✅,0.7195135470064511
2,62,funeral,congruent,✅,0.9805265032906394
2,62,holidays,incongruent,✅,0.07480387602225388
2,62,funeral,incongruent,❌,0.549412464506912
2,63,grades,congruent,❌,0.0831047714523487
2,63,affair,congruent,✅,0.9475279827121547
2,63,grades,incongruent,❌,0.5640299502675339
2,63,affair,incongruent,✅,0.02102599728659849
2,64,arrest,congruent,✅,0.9854743283691372
2,64,stroke,congruent,❌,0.42476485883122883
2,64,arrest,incongruent,✅,0.2565346706021075
2,64,stroke,incongruent,✅,0.260463652751383
2,65,pacifier,congruent,❌,0.346469613547753
2,65,coffee,congruent,❌,0.07861348822960693
2,65,pacifier,incongruent,✅,0.027498962570085307
2,65,coffee,incongruent,✅,0.28505566777314884
2,66,sweets,congruent,✅,0.99385891586291
2,66,sentencing,congruent,✅,0.7710636271898736
2,66,sweets,incongruent,✅,0.029801201689428132
2,66,sentencing,incongruent,❌,0.6982948773063229
2,67,nap,congruent,✅,0.5950105887998027
2,67,selfie,congruent,✅,0.9517218086335668
2,67,nap,incongruent,❌,0.5215570040223808
2,67,selfie,incongruent,✅,0.21113631539595498
2,68,diaper,congruent,❌,0.41406304256257953
2,68,tire,congruent,✅,0.8307229541423201
2,68,diaper,incongruent,✅,0.015047483232994008
2,68,tire,incongruent,✅,0.07911947119331984
2,69,chemotherapy,congruent,✅,0.8882565772722542
2,69,golf,congruent,✅,0.9822997928031891
2,69,chemotherapy,incongruent,✅,0.02890208578296928
2,69,golf,incongruent,✅,0.06928254846628741
2,7,consensus,congruent,❌,0.24274878073168185
2,7,deadlock,congruent,❌,0.1645041811474724
2,7,consensus,incongruent,✅,0.021005211282857244
2,7,deadlock,incongruent,✅,0.2883355529677396
2,70,thunder,congruent,❌,0.36776470142278045
2,70,lullaby,congruent,❌,0.35211774645033217
2,70,thunder,incongruent,✅,0.3283300314906296
2,70,lullaby,incongruent,✅,0.0794745658122978
2,71,pajamas,congruent,✅,0.8865471995609225
2,71,uniform,congruent,✅,0.9319369359416839
2,71,pajamas,incongruent,✅,0.45324980482527616
2,71,uniform,incongruent,✅,0.3764077985086432
2,72,gown,congruent,✅,0.9917326713233384
2,72,sweats,congruent,❌,0.461845858111007
2,72,gown,incongruent,✅,0.3747948948191699
2,72,sweats,incongruent,✅,0.49453432033320704
2,73,deadline,congruent,✅,0.7549972101931158
2,73,bed,congruent,✅,0.9844937877968046
2,73,deadline,incongruent,✅,0.1108126626080095
2,73,bed,incongruent,✅,0.4405278962780476
2,74,kindergarten,congruent,✅,0.7126257932348384
2,74,jail,congruent,❌,0.3846797082586188
2,74,kindergarten,incongruent,✅,0.37496680163407725
2,74,jail,incongruent,✅,0.30187811071052073
2,75,interrogated,congruent,✅,0.7587137191685978
2,75,tickled,congruent,✅,0.5790670391905037
2,75,interrogated,incongruent,❌,0.5658451084813826
2,75,tickled,incongruent,✅,0.11511970518479996
2,76,sandcastle,congruent,✅,0.5550536366340346
2,76,snowman,congruent,✅,0.7910479161503831
2,76,sandcastle,incongruent,✅,0.25281036189459233
2,76,snowman,incongruent,❌,0.5252580150891737
2,77,music,congruent,✅,0.8870629409017462
2,77,pizza,congruent,✅,0.9583339330117224
2,77,music,incongruent,✅,0.23412814066576165
2,77,pizza,incongruent,✅,0.15445268271045634
2,78,playoffs,congruent,✅,0.59177283717385
2,78,cartoon,congruent,✅,0.9567293291784597
2,78,playoffs,incongruent,✅,0.25714089337312634
2,78,cartoon,incongruent,✅,0.017089535080054435
2,79,alcoholism,congruent,✅,0.972017107716374
2,79,academics,congruent,✅,0.9185765196572274
2,79,alcoholism,incongruent,✅,0.2500956226688164
2,79,academics,incongruent,❌,0.5572191234917229
2,8,engagement,congruent,✅,0.5266768314543191
2,8,cancer,congruent,❌,0.13753895943375138
2,8,engagement,incongruent,✅,0.17791186070686035
2,8,cancer,incongruent,❌,0.8503646249679802
2,9,terminal,congruent,❌,0.4826885962595704
2,9,classroom,congruent,✅,0.7882301720543942
2,9,terminal,incongruent,✅,0.11029219027773711
2,9,classroom,incongruent,✅,0.31083010999379773
3,0,library,congruent,✅,0.7401031637607669
3,0,refrigerator,congruent,✅,0.8328150320922695
3,0,library,incongruent,✅,0.42479263382724264
3,0,refrigerator,incongruent,✅,0.07187710942378497
3,1,disappointment,congruent,❌,0.32443894873481927
3,1,delight,congruent,❌,0.388400056036233
3,1,disappointment,incongruent,✅,0.25954275769437185
3,1,delight,incongruent,✅,0.331138022517204
3,10,cash,congruent,✅,0.8716539855846827
3,10,groceries,congruent,❌,0.4895249595881176
3,10,cash,incongruent,✅,0.4336244212540107
3,10,groceries,incongruent,✅,0.14651398859628295
3,11,lonely,congruent,✅,0.8410073331414355
3,11,confident,congruent,✅,0.5348058961342406
3,11,lonely,incongruent,✅,0.38657478908579684
3,11,confident,incongruent,❌,0.5186229597485631
3,12,joy,congruent,✅,0.6323810623587739
3,12,outrage,congruent,✅,0.5132620773986736
3,12,joy,incongruent,❌,0.5256030919370209
3,12,outrage,incongruent,✅,0.44693513534547075
3,13,traffic,congruent,✅,0.9835142140653026
3,13,snowstorm,congruent,✅,0.9249677477241305
3,13,traffic,incongruent,❌,0.7968949415991295
3,13,snowstorm,incongruent,❌,0.9531999949081197
3,14,laughter,congruent,✅,0.6333992390888685
3,14,frustration,congruent,✅,0.5158429884636301
3,14,laughter,incongruent,❌,0.6691738751049472
3,14,frustration,incongruent,✅,0.233001267173957
3,15,calculator,congruent,❌,0.3942162008218247
3,15,instrument,congruent,✅,0.9672947379675637
3,15,calculator,incongruent,✅,0.4458970336725606
3,15,instrument,incongruent,✅,0.052183702338572995
3,16,orchestra,congruent,✅,0.894541115180782
3,16,racers,congruent,✅,0.775527991754836
3,16,orchestra,incongruent,✅,0.30531159573197214
3,16,racers,incongruent,✅,0.11760887662476574
3,17,retirement,congruent,✅,0.7426073415963785
3,17,playdate,congruent,✅,0.5979679613946854
3,17,retirement,incongruent,❌,0.5642830348330152
3,17,playdate,incongruent,❌,0.5246832121644467
3,18,relieved,congruent,❌,0.1632957000767892
3,18,depressed,congruent,❌,0.05502832150306373
3,18,relieved,incongruent,✅,0.07774898672423831
3,18,depressed,incongruent,✅,0.2137773492558771
3,19,friends,congruent,❌,0.23595846175110022
3,19,weight,congruent,✅,0.6834995484913835
3,19,friends,incongruent,✅,0.08867421259897071
3,19,weight,incongruent,✅,0.2737820207853354
3,2,overcoat,congruent,❌,0.3692407290157322
3,2,sandals,congruent,✅,0.6254983374132304
3,2,overcoat,incongruent,✅,0.400372362492279
3,2,sandals,incongruent,✅,0.24168734204815856
3,20,lipstick,congruent,✅,0.7526203090560775
3,20,song,congruent,✅,0.9388905186372726
3,20,lipstick,incongruent,✅,0.09202842572298459
3,20,song,incongruent,✅,0.23534205788711202
3,21,fought,congruent,❌,0.11836432530888542
3,21,sang,congruent,✅,0.5328251800891226
3,21,fought,incongruent,✅,0.289470859761369
3,21,sang,incongruent,✅,0.03816778374094609
3,22,skeptical,congruent,❌,0.22331958385547115
3,22,reassured,congruent,✅,0.8013416018766933
3,22,skeptical,incongruent,❌,0.7757703746122038
3,22,reassured,incongruent,✅,0.2310449606403958
3,23,graduation,congruent,✅,0.9869887989913391
3,23,operation,congruent,✅,0.8841666979946112
3,23,graduation,incongruent,✅,0.3780457484728112
3,23,operation,incongruent,✅,0.24097402741659266
3,24,bride,congruent,✅,0.7314753968542849
3,24,aftermath,congruent,❌,0.3088384476674285
3,24,bride,incongruent,✅,0.05691050678643081
3,24,aftermath,incongruent,✅,0.05222817711707404
3,25,teacher,congruent,✅,0.8731157863193509
3,25,daughter,congruent,✅,0.7699818493904151
3,25,teacher,incongruent,❌,0.6351364345649615
3,25,daughter,incongruent,❌,0.6923341438894784
3,26,roommate,congruent,✅,0.5252982034491426
3,26,grandma,congruent,✅,0.5260418431814438
3,26,roommate,incongruent,✅,0.24760630485073593
3,26,grandma,incongruent,✅,0.4039626779248606
3,27,brother,congruent,❌,0.2757012352984893
3,27,mother,congruent,✅,0.6032703079060249
3,27,brother,incongruent,✅,0.49703832617169746
3,27,mother,incongruent,✅,0.44104436573004174
3,28,preschool,congruent,✅,0.8649166072483024
3,28,prison,congruent,✅,0.9227016527431374
3,28,preschool,incongruent,✅,0.04403263379061002
3,28,prison,incongruent,❌,0.513552943798485
3,29,hopeful,congruent,❌,0.2849909546496266
3,29,hopeless,congruent,✅,0.7545044297205896
3,29,hopeful,incongruent,✅,0.4142442712063943
3,29,hopeless,incongruent,✅,0.4232523739042182
3,3,marathon,congruent,✅,0.9945856138763439
3,3,exam,congruent,✅,0.654788495866923
3,3,marathon,incongruent,✅,0.10095613903640172
3,3,exam,incongruent,❌,0.7030592423669341
3,30,appalled,congruent,❌,0.12784405002154284
3,30,overjoyed,congruent,✅,0.5021293313542893
3,30,appalled,incongruent,✅,0.4514831657801182
3,30,overjoyed,incongruent,✅,0.0824197041286638
3,31,reprimand,congruent,✅,0.7105420968628795
3,31,encouragement,congruent,✅,0.681993816097886
3,31,reprimand,incongruent,❌,0.652762904290232
3,31,encouragement,incongruent,❌,0.625719130215352
3,32,angrily,congruent,✅,0.8492225681084395
3,32,cordially,congruent,✅,0.6312647406075078
3,32,angrily,incongruent,❌,0.6232674593022117
3,32,cordially,incongruent,❌,0.6369324812100142
3,33,accusatory,congruent,❌,0.44005704236649984
3,33,flirtatious,congruent,❌,0.3433637342894197
3,33,accusatory,incongruent,✅,0.45744324621241705
3,33,flirtatious,incongruent,✅,0.22657421134179379
3,34,disapprovingly,congruent,✅,0.5161623080026969
3,34,lovingly,congruent,❌,0.22120865958217284
3,34,disapprovingly,incongruent,✅,0.36023769497152236
3,34,lovingly,incongruent,✅,0.39723322443986075
3,35,playful,congruent,✅,0.525262931045616
3,35,distant,congruent,❌,0.1900163972333701
3,35,playful,incongruent,✅,0.16792147503018234
3,35,distant,incongruent,❌,0.7112040614418309
3,36,headphones,congruent,✅,0.5453410225742389
3,36,mangoes,congruent,✅,0.8061236335521395
3,36,headphones,incongruent,✅,0.3534675998122525
3,36,mangoes,incongruent,✅,0.1057113201200773
3,37,playroom,congruent,✅,0.8007898738745637
3,37,park,congruent,✅,0.8772563987454061
3,37,playroom,incongruent,✅,0.4747307706368328
3,37,park,incongruent,❌,0.8214039925196053
3,38,bedroom,congruent,✅,0.6809447789912528
3,38,backyard,congruent,✅,0.7477938764055148
3,38,bedroom,incongruent,❌,0.7003893393070316
3,38,backyard,incongruent,❌,0.5718516544721962
3,39,solemnly,congruent,❌,0.3611879229502917
3,39,excitedly,congruent,❌,0.35914435557770175
3,39,solemnly,incongruent,✅,0.24438536107077802
3,39,excitedly,incongruent,✅,0.3143183889792276
3,4,menu,congruent,✅,0.9329797957807401
3,4,prescription,congruent,✅,0.907640389974391
3,4,menu,incongruent,✅,0.0819494630642321
3,4,prescription,incongruent,❌,0.5546100659931719
3,40,car,congruent,✅,0.7752833661781116
3,40,sock,congruent,❌,0.35844965224723097
3,40,car,incongruent,✅,0.08550782165422084
3,40,sock,incongruent,✅,0.09635553081114263
3,41,overdressed,congruent,✅,0.5752863335344083
3,41,naked,congruent,❌,0.4216022428106226
3,41,overdressed,incongruent,✅,0.209542502931149
3,41,naked,incongruent,❌,0.8391697981735157
3,42,shy,congruent,✅,0.6830614617611565
3,42,lively,congruent,✅,0.8051581903252482
3,42,shy,incongruent,✅,0.3535426255256073
3,42,lively,incongruent,❌,0.8759056872237388
3,43,offended,congruent,✅,0.7417917406733245
3,43,flattered,congruent,✅,0.562183764079823
3,43,offended,incongruent,❌,0.7110120784347255
3,43,flattered,incongruent,❌,0.6023855095095211
3,44,grandkid,congruent,✅,0.5808838768004657
3,44,cellmate,congruent,❌,0.3282562857134201
3,44,grandkid,incongruent,✅,0.24011302610679552
3,44,cellmate,incongruent,❌,0.5359157184521717
3,45,promoted,congruent,❌,0.3275480116808041
3,45,fired,congruent,✅,0.6654825942021719
3,45,promoted,incongruent,❌,0.5992851927168338
3,45,fired,incongruent,✅,0.29582619917468667
3,46,shooting,congruent,❌,0.16415231014154907
3,46,celebration,congruent,❌,0.28590436149945225
3,46,shooting,incongruent,✅,0.15480994269027706
3,46,celebration,incongruent,✅,0.17158802634050263
3,47,crayon,congruent,❌,0.4287260640919564
3,47,beer,congruent,✅,0.8311609227924125
3,47,crayon,incongruent,✅,0.20513089019621356
3,47,beer,incongruent,✅,0.08710254160442546
3,48,waiter,congruent,✅,0.9106126525252202
3,48,taxi,congruent,✅,0.9714193739034066
3,48,waiter,incongruent,❌,0.7556239479239708
3,48,taxi,incongruent,✅,0.4667514612839735
3,49,parents,congruent,✅,0.7616940635319165
3,49,keys,congruent,❌,0.11920889084499614
3,49,parents,incongruent,✅,0.0627100737642186
3,49,keys,incongruent,✅,0.3814390782511837
3,5,distress,congruent,❌,0.4707794411398332
3,5,tranquility,congruent,✅,0.6636788018112766
3,5,distress,incongruent,✅,0.3853571270026294
3,5,tranquility,incongruent,✅,0.4841770892436622
3,50,sofa,congruent,✅,0.5941519599907445
3,50,sky,congruent,✅,0.8881226283529207
3,50,sofa,incongruent,❌,0.686369386655822
3,50,sky,incongruent,✅,0.30701722813052856
3,51,obesity,congruent,❌,0.3941817117015926
3,51,homework,congruent,✅,0.8284558889624526
3,51,obesity,incongruent,✅,0.18655869329139213
3,51,homework,incongruent,✅,0.19745013140190362
3,52,quiz,congruent,✅,0.6278824210669278
3,52,commute,congruent,✅,0.9397228640290328
3,52,quiz,incongruent,✅,0.4981609951409751
3,52,commute,incongruent,✅,0.050350101420643605
3,53,migraine,congruent,✅,0.933534171729799
3,53,excitement,congruent,✅,0.7978624959366651
3,53,migraine,incongruent,✅,0.47195517254760844
3,53,excitement,incongruent,✅,0.22435735972330653
3,54,niece,congruent,✅,0.8879351512168604
3,54,husband,congruent,✅,0.5418963124236545
3,54,niece,incongruent,❌,0.7097555052858254
3,54,husband,incongruent,❌,0.7713003744429299
3,55,film,congruent,✅,0.6815641020634232
3,55,sunrise,congruent,❌,0.47105259769694197
3,55,film,incongruent,✅,0.20699028401803843
3,55,sunrise,incongruent,✅,0.40285983343696197
3,56,lecture,congruent,✅,0.901033297486461
3,56,banquet,congruent,❌,0.2107681558222244
3,56,lecture,incongruent,✅,0.09349445421164089
3,56,banquet,incongruent,✅,0.05480547290756453
3,57,drink,congruent,✅,0.8490321792616915
3,57,textbook,congruent,❌,0.32658594005556574
3,57,drink,incongruent,✅,0.08980763816372364
3,57,textbook,incongruent,❌,0.6389197064561007
3,58,pool,congruent,✅,0.9390788015726677
3,58,snow,congruent,❌,0.35750877138555676
3,58,pool,incongruent,✅,0.2751423022863303
3,58,snow,incongruent,✅,0.061720092165252274
3,59,passport,congruent,❌,0.172372518496772
3,59,plushy,congruent,✅,0.9243394342998466
3,59,passport,incongruent,❌,0.8171092758793005
3,59,plushy,incongruent,✅,0.03066454944999363
3,6,patients,congruent,✅,0.920299874751025
3,6,students,congruent,✅,0.846790189401496
3,6,patients,incongruent,✅,0.1537191537629646
3,6,students,incongruent,✅,0.03853870577876886
3,60,sister,congruent,✅,0.7358812130346216
3,60,father,congruent,✅,0.7158914434544026
3,60,sister,incongruent,❌,0.9026402433504016
3,60,father,incongruent,✅,0.2985718652611769
3,61,game,congruent,✅,0.5856241987302674
3,61,sunset,congruent,❌,0.37787693947231227
3,61,game,incongruent,✅,0.13443335797800487
3,61,sunset,incongruent,✅,0.0417913190018621
3,62,holidays,congruent,✅,0.7181685858846791
3,62,funeral,congruent,✅,0.9695751266484626
3,62,holidays,incongruent,✅,0.08605263332147794
3,62,funeral,incongruent,❌,0.5912229796513062
3,63,grades,congruent,❌,0.10869764752278917
3,63,affair,congruent,✅,0.9256658546674171
3,63,grades,incongruent,❌,0.5517104075886659
3,63,affair,incongruent,✅,0.0347671800992798
3,64,arrest,congruent,✅,0.9812725320327911
3,64,stroke,congruent,❌,0.47214768413664304
3,64,arrest,incongruent,✅,0.3128831394620162
3,64,stroke,incongruent,✅,0.3444058949096141
3,65,pacifier,congruent,❌,0.25093197069355444
3,65,coffee,congruent,❌,0.19003965266249445
3,65,pacifier,incongruent,✅,0.07768680670393896
3,65,coffee,incongruent,✅,0.1934945200813559
3,66,sweets,congruent,✅,0.9835416921013556
3,66,sentencing,congruent,✅,0.8171060308168634
3,66,sweets,incongruent,✅,0.0676995741009514
3,66,sentencing,incongruent,❌,0.5742174981471359
3,67,nap,congruent,✅,0.7824903386308217
3,67,selfie,congruent,✅,0.905475630418973
3,67,nap,incongruent,✅,0.44497224510300293
3,67,selfie,incongruent,✅,0.44583103475800595
3,68,diaper,congruent,✅,0.5419037019055118
3,68,tire,congruent,✅,0.7802673230174347
3,68,diaper,incongruent,✅,0.017972484458390902
3,68,tire,incongruent,✅,0.16624145003336038
3,69,chemotherapy,congruent,✅,0.9397179091859634
3,69,golf,congruent,✅,0.9723744282314252
3,69,chemotherapy,incongruent,✅,0.051139850021593276
3,69,golf,incongruent,✅,0.18775020571738565
3,7,consensus,congruent,❌,0.22840880794218907
3,7,deadlock,congruent,❌,0.16309816815965086
3,7,consensus,incongruent,✅,0.02460447341474695
3,7,deadlock,incongruent,✅,0.2552704158539688
3,70,thunder,congruent,❌,0.41812373671039155
3,70,lullaby,congruent,❌,0.28308308305257474
3,70,thunder,incongruent,✅,0.24527719251137942
3,70,lullaby,incongruent,✅,0.10825052182749248
3,71,pajamas,congruent,✅,0.755082244371755
3,71,uniform,congruent,✅,0.8637093303440355
3,71,pajamas,incongruent,✅,0.3714657621395453
3,71,uniform,incongruent,✅,0.24152392006827175
3,72,gown,congruent,✅,0.990042945399971
3,72,sweats,congruent,❌,0.47065321223768586
3,72,gown,incongruent,✅,0.3922557353572606
3,72,sweats,incongruent,❌,0.5828328174477603
3,73,deadline,congruent,✅,0.667601972540844
3,73,bed,congruent,✅,0.9759734023330982
3,73,deadline,incongruent,✅,0.14613077924623039
3,73,bed,incongruent,✅,0.3540904519487044
3,74,kindergarten,congruent,✅,0.7738856888984416
3,74,jail,congruent,❌,0.40042078352969196
3,74,kindergarten,incongruent,✅,0.39221037912945145
3,74,jail,incongruent,✅,0.4272437055090906
3,75,interrogated,congruent,✅,0.7899290393716785
3,75,tickled,congruent,✅,0.5225972966598711
3,75,interrogated,incongruent,✅,0.40571772386416705
3,75,tickled,incongruent,✅,0.1764442270717659
3,76,sandcastle,congruent,✅,0.6316566783558807
3,76,snowman,congruent,✅,0.8116658963403794
3,76,sandcastle,incongruent,✅,0.3283357945874675
3,76,snowman,incongruent,❌,0.6314076735865007
3,77,music,congruent,✅,0.8797581866714478
3,77,pizza,congruent,✅,0.9329460228731167
3,77,music,incongruent,✅,0.23368071378849783
3,77,pizza,incongruent,✅,0.2506110198208369
3,78,playoffs,congruent,✅,0.7429032701096372
3,78,cartoon,congruent,✅,0.939198058793767
3,78,playoffs,incongruent,✅,0.2625308763840901
3,78,cartoon,incongruent,✅,0.043737485561339474
3,79,alcoholism,congruent,✅,0.9724744641157671
3,79,academics,congruent,✅,0.8691327399004195
3,79,alcoholism,incongruent,✅,0.23564328146390265
3,79,academics,incongruent,❌,0.6296901549752433
3,8,engagement,congruent,❌,0.44379915268730125
3,8,cancer,congruent,❌,0.10806630896465735
3,8,engagement,incongruent,✅,0.1327461431597317
3,8,cancer,incongruent,❌,0.7619573258005023
3,9,terminal,congruent,❌,0.47694209481576205
3,9,classroom,congruent,✅,0.8147034295061997
3,9,terminal,incongruent,✅,0.18305820743235435
3,9,classroom,incongruent,✅,0.33194547633298366
4,0,library,congruent,✅,0.7022666133287612
4,0,refrigerator,congruent,✅,0.8405699560759743
4,0,library,incongruent,❌,0.5003269154704036
4,0,refrigerator,incongruent,✅,0.11332016698947994
4,1,disappointment,congruent,❌,0.37768743410864375
4,1,delight,congruent,❌,0.218822826806823
4,1,disappointment,incongruent,✅,0.15716727021083743
4,1,delight,incongruent,✅,0.37089842576910476
4,10,cash,congruent,✅,0.7318792774686156
4,10,groceries,congruent,❌,0.34747090993300356
4,10,cash,incongruent,✅,0.3440523068875559
4,10,groceries,incongruent,✅,0.145495694884244
4,11,lonely,congruent,✅,0.8364888312874229
4,11,confident,congruent,✅,0.8069997886003918
4,11,lonely,incongruent,❌,0.7140213801449572
4,11,confident,incongruent,❌,0.5885503170400137
4,12,joy,congruent,✅,0.627844941688219
4,12,outrage,congruent,✅,0.532020338080058
4,12,joy,incongruent,❌,0.549015714360464
4,12,outrage,incongruent,✅,0.43041501092825013
4,13,traffic,congruent,✅,0.9814172937615879
4,13,snowstorm,congruent,✅,0.9456089071745617
4,13,traffic,incongruent,❌,0.8763174708309255
4,13,snowstorm,incongruent,❌,0.9562109202368558
4,14,laughter,congruent,✅,0.7807990619604989
4,14,frustration,congruent,✅,0.6575572490903656
4,14,laughter,incongruent,❌,0.7678122028119863
4,14,frustration,incongruent,✅,0.4777192518962247
4,15,calculator,congruent,❌,0.17661865080145872
4,15,instrument,congruent,✅,0.9429789651806585
4,15,calculator,incongruent,✅,0.31886832555899824
4,15,instrument,incongruent,✅,0.02979137522905263
4,16,orchestra,congruent,✅,0.8989717856410753
4,16,racers,congruent,✅,0.760154432299334
4,16,orchestra,incongruent,✅,0.27553241643496584
4,16,racers,incongruent,✅,0.2886353053058299
4,17,retirement,congruent,✅,0.7927143457189995
4,17,playdate,congruent,❌,0.3337356557148596
4,17,retirement,incongruent,✅,0.23411020936055274
4,17,playdate,incongruent,❌,0.6753976974079424
4,18,relieved,congruent,❌,0.264053592912201
4,18,depressed,congruent,❌,0.0877731209390538
4,18,relieved,incongruent,✅,0.11235234320084979
4,18,depressed,incongruent,✅,0.31498277665233004
4,19,friends,congruent,❌,0.3008805946008399
4,19,weight,congruent,✅,0.6592286702781819
4,19,friends,incongruent,✅,0.19360143971728305
4,19,weight,incongruent,✅,0.32467489989180237
4,2,overcoat,congruent,❌,0.39668776801601496
4,2,sandals,congruent,✅,0.5877110504577079
4,2,overcoat,incongruent,✅,0.375484374579062
4,2,sandals,incongruent,✅,0.3043154036303753
4,20,lipstick,congruent,✅,0.8875356735878077
4,20,song,congruent,✅,0.9577319463961452
4,20,lipstick,incongruent,✅,0.31552498467788603
4,20,song,incongruent,❌,0.5012279342163535
4,21,fought,congruent,❌,0.27424058131152945
4,21,sang,congruent,❌,0.49079489612665383
4,21,fought,incongruent,✅,0.29337868344941587
4,21,sang,incongruent,✅,0.1143983068586632
4,22,skeptical,congruent,✅,0.5071429332570988
4,22,reassured,congruent,✅,0.7302558859099035
4,22,skeptical,incongruent,❌,0.7244022114288391
4,22,reassured,incongruent,❌,0.5024821231555556
4,23,graduation,congruent,✅,0.9708179550705154
4,23,operation,congruent,✅,0.6536975812591213
4,23,graduation,incongruent,✅,0.1914942480972393
4,23,operation,incongruent,✅,0.3136825316136737
4,24,bride,congruent,✅,0.5612890696793668
4,24,aftermath,congruent,❌,0.33782819086665344
4,24,bride,incongruent,✅,0.07973944646789755
4,24,aftermath,incongruent,✅,0.05136744339791647
4,25,teacher,congruent,✅,0.8314099451666319
4,25,daughter,congruent,✅,0.6864149016989693
4,25,teacher,incongruent,❌,0.5662005594020705
4,25,daughter,incongruent,❌,0.6674015194437671
4,26,roommate,congruent,✅,0.5704192531368699
4,26,grandma,congruent,✅,0.6688484244227169
4,26,roommate,incongruent,✅,0.4487557409657464
4,26,grandma,incongruent,✅,0.4447300001723847
4,27,brother,congruent,❌,0.28558998518025347
4,27,mother,congruent,✅,0.6045540387854172
4,27,brother,incongruent,✅,0.4436092726016413
4,27,mother,incongruent,✅,0.4182932493794076
4,28,preschool,congruent,✅,0.6034411315120846
4,28,prison,congruent,✅,0.6897773934458162
4,28,preschool,incongruent,✅,0.01404973721767645
4,28,prison,incongruent,✅,0.21903876289240476
4,29,hopeful,congruent,❌,0.2556715880425776
4,29,hopeless,congruent,✅,0.7147633101874484
4,29,hopeful,incongruent,✅,0.4663506351652161
4,29,hopeless,incongruent,✅,0.34254462929656654
4,3,marathon,congruent,✅,0.9904109236754108
4,3,exam,congruent,✅,0.5649571460633473
4,3,marathon,incongruent,✅,0.09654176795086608
4,3,exam,incongruent,❌,0.7961161140375925
4,30,appalled,congruent,❌,0.1597679688472384
4,30,overjoyed,congruent,✅,0.6851838079608561
4,30,appalled,incongruent,❌,0.6649791635419089
4,30,overjoyed,incongruent,✅,0.11098636350159331
4,31,reprimand,congruent,✅,0.7130159635876206
4,31,encouragement,congruent,✅,0.6684943150753299
4,31,reprimand,incongruent,❌,0.6254748624584461
4,31,encouragement,incongruent,❌,0.6442326300558165
4,32,angrily,congruent,✅,0.7448070529626843
4,32,cordially,congruent,❌,0.361812703040756
4,32,angrily,incongruent,✅,0.34506398532126703
4,32,cordially,incongruent,❌,0.5116871665603201
4,33,accusatory,congruent,✅,0.6215275567184884
4,33,flirtatious,congruent,❌,0.44633012863290533
4,33,accusatory,incongruent,❌,0.5225134881895817
4,33,flirtatious,incongruent,✅,0.430529962900195
4,34,disapprovingly,congruent,❌,0.4862978235628648
4,34,lovingly,congruent,❌,0.19592105233153467
4,34,disapprovingly,incongruent,✅,0.2455838979912882
4,34,lovingly,incongruent,✅,0.39311533150552397
4,35,playful,congruent,❌,0.4257353258354011
4,35,distant,congruent,❌,0.21367149855217546
4,35,playful,incongruent,✅,0.17513620676907862
4,35,distant,incongruent,❌,0.5759716825030394
4,36,headphones,congruent,✅,0.5957862035379886
4,36,mangoes,congruent,✅,0.8037158538661916
4,36,headphones,incongruent,✅,0.3933662749932529
4,36,mangoes,incongruent,✅,0.14937226198772685
4,37,playroom,congruent,✅,0.8439186323757009
4,37,park,congruent,✅,0.7733497046028008
4,37,playroom,incongruent,✅,0.3948156404537367
4,37,park,incongruent,❌,0.8530493184423427
4,38,bedroom,congruent,✅,0.7082595520306821
4,38,backyard,congruent,❌,0.3844840515568888
4,38,bedroom,incongruent,✅,0.36718194133828413
4,38,backyard,incongruent,❌,0.6179089667785783
4,39,solemnly,congruent,❌,0.4762901094498476
4,39,excitedly,congruent,✅,0.5879365244770991
4,39,solemnly,incongruent,✅,0.47296889051231755
4,39,excitedly,incongruent,✅,0.4274080224347963
4,4,menu,congruent,✅,0.9219701391079238
4,4,prescription,congruent,✅,0.8982630076490355
4,4,menu,incongruent,✅,0.14382617426417235
4,4,prescription,incongruent,❌,0.6674008122659338
4,40,car,congruent,✅,0.7085475717994991
4,40,sock,congruent,❌,0.2913488857236993
4,40,car,incongruent,✅,0.09132313644909917
4,40,sock,incongruent,✅,0.14063606533050457
4,41,overdressed,congruent,✅,0.6306669664334149
4,41,naked,congruent,❌,0.34523125335342
4,41,overdressed,incongruent,✅,0.22226436382508633
4,41,naked,incongruent,❌,0.8036208099282623
4,42,shy,congruent,✅,0.7331643810945054
4,42,lively,congruent,✅,0.841929120334965
4,42,shy,incongruent,❌,0.5425561448157246
4,42,lively,incongruent,❌,0.8523165001464892
4,43,offended,congruent,❌,0.4688383941212011
4,43,flattered,congruent,❌,0.4766452186302658
4,43,offended,incongruent,❌,0.5821549278673561
4,43,flattered,incongruent,✅,0.34869887809644695
4,44,grandkid,congruent,❌,0.49057732280036287
4,44,cellmate,congruent,❌,0.4454039810400093
4,44,grandkid,incongruent,✅,0.3070845143208637
4,44,cellmate,incongruent,✅,0.44627558154230906
4,45,promoted,congruent,❌,0.2831945805371618
4,45,fired,congruent,❌,0.3986794233867842
4,45,promoted,incongruent,✅,0.3208751279167349
4,45,fired,incongruent,✅,0.27249668726408066
4,46,shooting,congruent,❌,0.21695833003274462
4,46,celebration,congruent,❌,0.3319407768707192
4,46,shooting,incongruent,✅,0.17180890637540022
4,46,celebration,incongruent,✅,0.22266009232340433
4,47,crayon,congruent,✅,0.6786856189651338
4,47,beer,congruent,✅,0.8035099718861439
4,47,crayon,incongruent,✅,0.23967355735785403
4,47,beer,incongruent,✅,0.27603125075986096
4,48,waiter,congruent,✅,0.9383914111854518
4,48,taxi,congruent,✅,0.9062670448409258
4,48,waiter,incongruent,❌,0.5772038895481114
4,48,taxi,incongruent,❌,0.6550774915216399
4,49,parents,congruent,✅,0.6852395652309783
4,49,keys,congruent,❌,0.19182710418421461
4,49,parents,incongruent,✅,0.11734838510505655
4,49,keys,incongruent,✅,0.35856446588174407
4,5,distress,congruent,❌,0.4514793906486832
4,5,tranquility,congruent,❌,0.4620105184880115
4,5,distress,incongruent,✅,0.2551400711982329
4,5,tranquility,incongruent,✅,0.45373258040605713
4,50,sofa,congruent,✅,0.617495472635561
4,50,sky,congruent,✅,0.8457089833069718
4,50,sofa,incongruent,❌,0.6892577254026756
4,50,sky,incongruent,✅,0.3508214102143698
4,51,obesity,congruent,✅,0.5842682217769414
4,51,homework,congruent,✅,0.8249059538627513
4,51,obesity,incongruent,✅,0.26338344552286924
4,51,homework,incongruent,✅,0.2912999335367872
4,52,quiz,congruent,❌,0.45438309479600975
4,52,commute,congruent,✅,0.9246105140091304
4,52,quiz,incongruent,❌,0.6128099246904158
4,52,commute,incongruent,✅,0.04417925429183479
4,53,migraine,congruent,✅,0.8779446476119002
4,53,excitement,congruent,❌,0.45723038395538507
4,53,migraine,incongruent,✅,0.24825010797808278
4,53,excitement,incongruent,✅,0.2297855765041111
4,54,niece,congruent,✅,0.7761477394914325
4,54,husband,congruent,✅,0.6300797931191678
4,54,niece,incongruent,❌,0.7933116099539412
4,54,husband,incongruent,❌,0.6104969311410449
4,55,film,congruent,✅,0.8764175816747445
4,55,sunrise,congruent,✅,0.5971065741927254
4,55,film,incongruent,✅,0.33069151241860506
4,55,sunrise,incongruent,❌,0.7383438289751404
4,56,lecture,congruent,✅,0.7853190470114201
4,56,banquet,congruent,❌,0.24915116648518917
4,56,lecture,incongruent,✅,0.13673184598610963
4,56,banquet,incongruent,✅,0.04623646169457122
4,57,drink,congruent,✅,0.8747730398170076
4,57,textbook,congruent,❌,0.3518033443948654
4,57,drink,incongruent,✅,0.09367714779228446
4,57,textbook,incongruent,❌,0.6943462209305957
4,58,pool,congruent,✅,0.8134234829165944
4,58,snow,congruent,❌,0.23776721834828218
4,58,pool,incongruent,✅,0.20317683267140257
4,58,snow,incongruent,✅,0.053421128217001006
4,59,passport,congruent,❌,0.1776377140095032
4,59,plushy,congruent,✅,0.9517356045038673
4,59,passport,incongruent,❌,0.9106838601664766
4,59,plushy,incongruent,✅,0.04320107257102431
4,6,patients,congruent,✅,0.8443835769886888
4,6,students,congruent,✅,0.5921311408767215
4,6,patients,incongruent,✅,0.09558214883554576
4,6,students,incongruent,✅,0.03496920400605462
4,60,sister,congruent,✅,0.72163975849358
4,60,father,congruent,✅,0.6094051930264359
4,60,sister,incongruent,❌,0.8225194258008173
4,60,father,incongruent,✅,0.3890529833577575
4,61,game,congruent,✅,0.7180625182534991
4,61,sunset,congruent,✅,0.5463821056799484
4,61,game,incongruent,✅,0.2517157378310657
4,61,sunset,incongruent,✅,0.10027600875960434
4,62,holidays,congruent,✅,0.8991570560690554
4,62,funeral,congruent,✅,0.9757635555453512
4,62,holidays,incongruent,✅,0.2572486424108974
4,62,funeral,incongruent,❌,0.8629836476008762
4,63,grades,congruent,❌,0.2190529951902763
4,63,affair,congruent,✅,0.9700427500452685
4,63,grades,incongruent,❌,0.8612801713102395
4,63,affair,incongruent,✅,0.07112010681219355
4,64,arrest,congruent,✅,0.9788243057817771
4,64,stroke,congruent,❌,0.3944710474718089
4,64,arrest,incongruent,✅,0.2516232335497283
4,64,stroke,incongruent,✅,0.4321143427526813
4,65,pacifier,congruent,❌,0.3218370584243027
4,65,coffee,congruent,❌,0.1538064388563716
4,65,pacifier,incongruent,✅,0.09761125416230268
4,65,coffee,incongruent,✅,0.24923361424344165
4,66,sweets,congruent,✅,0.972823668284545
4,66,sentencing,congruent,✅,0.7648818457021034
4,66,sweets,incongruent,✅,0.07261017081509885
4,66,sentencing,incongruent,✅,0.4779181887176925
4,67,nap,congruent,✅,0.751214985576515
4,67,selfie,congruent,✅,0.8077321331508134
4,67,nap,incongruent,✅,0.39326912637757866
4,67,selfie,incongruent,✅,0.48839939512325914
4,68,diaper,congruent,✅,0.5678757389717083
4,68,tire,congruent,✅,0.7956770932142786
4,68,diaper,incongruent,✅,0.09581806795539555
4,68,tire,incongruent,✅,0.214768452742466
4,69,chemotherapy,congruent,✅,0.8295666211501718
4,69,golf,congruent,✅,0.9562153687125917
4,69,chemotherapy,incongruent,✅,0.08623779128041785
4,69,golf,incongruent,✅,0.06356884116621166
4,7,consensus,congruent,❌,0.23423592287883543
4,7,deadlock,congruent,❌,0.19820104710566633
4,7,consensus,incongruent,✅,0.05011334374263367
4,7,deadlock,incongruent,✅,0.23969965408277677
4,70,thunder,congruent,❌,0.4004101998260867
4,70,lullaby,congruent,❌,0.24668781425760028
4,70,thunder,incongruent,✅,0.19862024848771292
4,70,lullaby,incongruent,✅,0.16470775071669416
4,71,pajamas,congruent,✅,0.6935531534230376
4,71,uniform,congruent,✅,0.6607846240238822
4,71,pajamas,incongruent,✅,0.17425585803810534
4,71,uniform,incongruent,✅,0.3564970976366231
4,72,gown,congruent,✅,0.9604711714302495
4,72,sweats,congruent,❌,0.2883862666153689
4,72,gown,incongruent,✅,0.21028010515688345
4,72,sweats,incongruent,❌,0.5528011272329374
4,73,deadline,congruent,✅,0.6103790333868379
4,73,bed,congruent,✅,0.9003734627429825
4,73,deadline,incongruent,✅,0.11313625271628962
4,73,bed,incongruent,✅,0.24437369343700058
4,74,kindergarten,congruent,✅,0.6735537226995293
4,74,jail,congruent,❌,0.43972783123532894
4,74,kindergarten,incongruent,✅,0.46950377445274927
4,74,jail,incongruent,✅,0.3521918938567542
4,75,interrogated,congruent,✅,0.6356770387316079
4,75,tickled,congruent,❌,0.4168988502127264
4,75,interrogated,incongruent,✅,0.36187366089979817
4,75,tickled,incongruent,✅,0.1548907347173696
4,76,sandcastle,congruent,✅,0.7946907424704447
4,76,snowman,congruent,✅,0.756543446109453
4,76,sandcastle,incongruent,✅,0.4010571307421444
4,76,snowman,incongruent,❌,0.7529570376841265
4,77,music,congruent,✅,0.7084177217246462
4,77,pizza,congruent,✅,0.9142292404733023
4,77,music,incongruent,✅,0.2449757220746601
4,77,pizza,incongruent,✅,0.20764535776732068
4,78,playoffs,congruent,✅,0.7405199202185094
4,78,cartoon,congruent,✅,0.9079874731415458
4,78,playoffs,incongruent,✅,0.2786712465824031
4,78,cartoon,incongruent,✅,0.05007040213554139
4,79,alcoholism,congruent,✅,0.9350939886276445
4,79,academics,congruent,✅,0.8282309590629386
4,79,alcoholism,incongruent,✅,0.28044996640283515
4,79,academics,incongruent,❌,0.5071584976468247
4,8,engagement,congruent,✅,0.6149559969724089
4,8,cancer,congruent,❌,0.1907337419589137
4,8,engagement,incongruent,✅,0.21951145278998974
4,8,cancer,incongruent,❌,0.8163840295370837
4,9,terminal,congruent,✅,0.5924691647573712
4,9,classroom,congruent,✅,0.610928902367134
4,9,terminal,incongruent,✅,0.09057336562103925
4,9,classroom,incongruent,✅,0.4622685591862794
5,0,library,congruent,❌,0.3840444631105443
5,0,refrigerator,congruent,✅,0.562867997617449
5,0,library,incongruent,✅,0.15572461642986354
5,0,refrigerator,incongruent,✅,0.018125011242485743
5,1,disappointment,congruent,❌,0.3819240337543685
5,1,delight,congruent,❌,0.16327487885074624
5,1,disappointment,incongruent,✅,0.10763383566786593
5,1,delight,incongruent,✅,0.4033191721098816
5,10,cash,congruent,✅,0.9339397600352507
5,10,groceries,congruent,❌,0.4388608928586848
5,10,cash,incongruent,✅,0.4050552362641991
5,10,groceries,incongruent,✅,0.20304479894841973
5,11,lonely,congruent,✅,0.8588517912037077
5,11,confident,congruent,✅,0.7665454218329297
5,11,lonely,incongruent,❌,0.6628600234419548
5,11,confident,incongruent,❌,0.6202973801614399
5,12,joy,congruent,✅,0.5188799066186548
5,12,outrage,congruent,❌,0.4541834346415013
5,12,joy,incongruent,✅,0.3868186604620376
5,12,outrage,incongruent,✅,0.39880629147920565
5,13,traffic,congruent,✅,0.9799409675236672
5,13,snowstorm,congruent,✅,0.7824765962556027
5,13,traffic,incongruent,❌,0.6126883802483089
5,13,snowstorm,incongruent,❌,0.9546241059381702
5,14,laughter,congruent,✅,0.7752008383399651
5,14,frustration,congruent,✅,0.7245210360710612
5,14,laughter,incongruent,❌,0.7512260978213832
5,14,frustration,incongruent,❌,0.5361487696469854
5,15,calculator,congruent,❌,0.22938672331298038
5,15,instrument,congruent,✅,0.9112257472210014
5,15,calculator,incongruent,✅,0.10603879052466994
5,15,instrument,incongruent,✅,0.012163314666499085
5,16,orchestra,congruent,✅,0.6425123013141462
5,16,racers,congruent,✅,0.7652127889397782
5,16,orchestra,incongruent,✅,0.07804376009785369
5,16,racers,incongruent,✅,0.0509165554716433
5,17,retirement,congruent,✅,0.5257851065686171
5,17,playdate,congruent,✅,0.7637068655379378
5,17,retirement,incongruent,✅,0.2938089299185517
5,17,playdate,incongruent,✅,0.28456918745795706
5,18,relieved,congruent,❌,0.14544503091983538
5,18,depressed,congruent,❌,0.04438916335508514
5,18,relieved,incongruent,✅,0.04931800312750131
5,18,depressed,incongruent,✅,0.12413317899715434
5,19,friends,congruent,✅,0.62842117306807
5,19,weight,congruent,✅,0.8862998414586265
5,19,friends,incongruent,✅,0.38853014569113714
5,19,weight,incongruent,❌,0.5984715650575996
5,2,overcoat,congruent,✅,0.6079938379735513
5,2,sandals,congruent,❌,0.4310577866228205
5,2,overcoat,incongruent,✅,0.24076270680440032
5,2,sandals,incongruent,✅,0.4691201864689794
5,20,lipstick,congruent,✅,0.8265289644185182
5,20,song,congruent,✅,0.8862622774401725
5,20,lipstick,incongruent,✅,0.06163265209584559
5,20,song,incongruent,✅,0.2067189463821907
5,21,fought,congruent,❌,0.15895254891626848
5,21,sang,congruent,✅,0.8271744361041269
5,21,fought,incongruent,✅,0.11534899971296338
5,21,sang,incongruent,✅,0.01589588348314094
5,22,skeptical,congruent,❌,0.31669358754473376
5,22,reassured,congruent,✅,0.7376636076893655
5,22,skeptical,incongruent,❌,0.6394085079415529
5,22,reassured,incongruent,✅,0.3576446962349367
5,23,graduation,congruent,✅,0.918892718519214
5,23,operation,congruent,❌,0.39783079547028716
5,23,graduation,incongruent,✅,0.024926050728061082
5,23,operation,incongruent,✅,0.33509133135098484
5,24,bride,congruent,✅,0.9265876847272174
5,24,aftermath,congruent,❌,0.24147789016782564
5,24,bride,incongruent,✅,0.06242200187106418
5,24,aftermath,incongruent,✅,0.048052026455551
5,25,teacher,congruent,✅,0.866943429919061
5,25,daughter,congruent,✅,0.5967705184834221
5,25,teacher,incongruent,✅,0.4337296500891256
5,25,daughter,incongruent,❌,0.6373879981430091
5,26,roommate,congruent,❌,0.37657352394247123
5,26,grandma,congruent,✅,0.7138594711024409
5,26,roommate,incongruent,✅,0.41460940031582855
5,26,grandma,incongruent,✅,0.19769599287916764
5,27,brother,congruent,❌,0.3434214577200531
5,27,mother,congruent,✅,0.616317999839042
5,27,brother,incongruent,❌,0.5171723966394084
5,27,mother,incongruent,✅,0.40370258770983497
5,28,preschool,congruent,✅,0.6498669216551901
5,28,prison,congruent,✅,0.8913153011904268
5,28,preschool,incongruent,✅,0.056406180171659256
5,28,prison,incongruent,✅,0.030274729778690567
5,29,hopeful,congruent,✅,0.5505681007132317
5,29,hopeless,congruent,✅,0.6359341178627489
5,29,hopeful,incongruent,✅,0.31448752709584477
5,29,hopeless,incongruent,❌,0.6995459427224968
5,3,marathon,congruent,✅,0.983489619643544
5,3,exam,congruent,✅,0.5102548398465278
5,3,marathon,incongruent,✅,0.02741437723824367
5,3,exam,incongruent,✅,0.3218484717492399
5,30,appalled,congruent,❌,0.10341034406236169
5,30,overjoyed,congruent,✅,0.5419676844653595
5,30,appalled,incongruent,❌,0.551569012802123
5,30,overjoyed,incongruent,✅,0.06575078776219773
5,31,reprimand,congruent,✅,0.8286801718593695
5,31,encouragement,congruent,✅,0.7839257120986459
5,31,reprimand,incongruent,❌,0.6632897065156408
5,31,encouragement,incongruent,❌,0.8070460422046675
5,32,angrily,congruent,✅,0.6735934074289541
5,32,cordially,congruent,❌,0.1910185548412339
5,32,angrily,incongruent,✅,0.1881816353405623
5,32,cordially,incongruent,✅,0.41963990942654156
5,33,accusatory,congruent,✅,0.6212102653898103
5,33,flirtatious,congruent,❌,0.3044519655486893
5,33,accusatory,incongruent,✅,0.3547347650571736
5,33,flirtatious,incongruent,✅,0.38609915301763076
5,34,disapprovingly,congruent,✅,0.6410194976526814
5,34,lovingly,congruent,❌,0.1921665507513929
5,34,disapprovingly,incongruent,✅,0.20630240934588556
5,34,lovingly,incongruent,❌,0.5984065267095199
5,35,playful,congruent,✅,0.6438626850145631
5,35,distant,congruent,❌,0.33831850265119584
5,35,playful,incongruent,✅,0.30194756337900835
5,35,distant,incongruent,❌,0.6940031183636308
5,36,headphones,congruent,✅,0.6329807334891834
5,36,mangoes,congruent,✅,0.959028471148799
5,36,headphones,incongruent,❌,0.5387705285530864
5,36,mangoes,incongruent,✅,0.18264081952230118
5,37,playroom,congruent,✅,0.8049289909865094
5,37,park,congruent,✅,0.889794090499529
5,37,playroom,incongruent,❌,0.6410294443066891
5,37,park,incongruent,❌,0.8656047396186076
5,38,bedroom,congruent,✅,0.848049082733277
5,38,backyard,congruent,❌,0.38313783079569946
5,38,bedroom,incongruent,✅,0.2939000198375837
5,38,backyard,incongruent,❌,0.7444993996361869
5,39,solemnly,congruent,✅,0.6384344560131514
5,39,excitedly,congruent,✅,0.5594707809931805
5,39,solemnly,incongruent,✅,0.3960531267397262
5,39,excitedly,incongruent,❌,0.6223695515990848
5,4,menu,congruent,✅,0.8667657926260105
5,4,prescription,congruent,✅,0.8921586812752107
5,4,menu,incongruent,✅,0.14280133939994927
5,4,prescription,incongruent,✅,0.3517646479392086
5,40,car,congruent,❌,0.4024260057307703
5,40,sock,congruent,❌,0.41523198137035294
5,40,car,incongruent,✅,0.31490652380854794
5,40,sock,incongruent,✅,0.035403264053055584
5,41,overdressed,congruent,✅,0.5493272846860965
5,41,naked,congruent,✅,0.5220464040435486
5,41,overdressed,incongruent,✅,0.4164310091230342
5,41,naked,incongruent,❌,0.6327951634499774
5,42,shy,congruent,✅,0.762638530942781
5,42,lively,congruent,✅,0.7169770260119073
5,42,shy,incongruent,✅,0.3729193499085046
5,42,lively,incongruent,❌,0.7421793400780794
5,43,offended,congruent,✅,0.5891593975170193
5,43,flattered,congruent,✅,0.5743394072069736
5,43,offended,incongruent,❌,0.6418602583218512
5,43,flattered,incongruent,✅,0.45856227234090696
5,44,grandkid,congruent,✅,0.9324769099844402
5,44,cellmate,congruent,✅,0.7433722935746756
5,44,grandkid,incongruent,❌,0.6204562659186547
5,44,cellmate,incongruent,❌,0.8490088369278922
5,45,promoted,congruent,✅,0.5898190001846774
5,45,fired,congruent,✅,0.528901668576134
5,45,promoted,incongruent,✅,0.3014925224856644
5,45,fired,incongruent,❌,0.5772034852835303
5,46,shooting,congruent,❌,0.20795734195074936
5,46,celebration,congruent,❌,0.48477990711656116
5,46,shooting,incongruent,✅,0.09168564419862536
5,46,celebration,incongruent,✅,0.046918687363087436
5,47,crayon,congruent,✅,0.9122203289135731
5,47,beer,congruent,✅,0.8714386827705999
5,47,crayon,incongruent,✅,0.04807895960879129
5,47,beer,incongruent,✅,0.1477367583425378
5,48,waiter,congruent,✅,0.9327837687208299
5,48,taxi,congruent,✅,0.9509285630599784
5,48,waiter,incongruent,✅,0.3608892955962691
5,48,taxi,incongruent,❌,0.613739968625394
5,49,parents,congruent,✅,0.6859488684123959
5,49,keys,congruent,✅,0.707202509829338
5,49,parents,incongruent,✅,0.44681406794213335
5,49,keys,incongruent,✅,0.1674286851364801
5,5,distress,congruent,✅,0.5722820490831588
5,5,tranquility,congruent,❌,0.2835302818014333
5,5,distress,incongruent,✅,0.13556101577048973
5,5,tranquility,incongruent,❌,0.5004021682682427
5,50,sofa,congruent,✅,0.6432939570000712
5,50,sky,congruent,✅,0.7687487594058612
5,50,sofa,incongruent,❌,0.5503824167802642
5,50,sky,incongruent,✅,0.26032918101052294
5,51,obesity,congruent,✅,0.6292434929146092
5,51,homework,congruent,✅,0.9680693412211676
5,51,obesity,incongruent,✅,0.1391249668167172
5,51,homework,incongruent,✅,0.20516708565760192
5,52,quiz,congruent,✅,0.5638791801567351
5,52,commute,congruent,✅,0.9303675011278282
5,52,quiz,incongruent,✅,0.4177725074259319
5,52,commute,incongruent,✅,0.04504079317394045
5,53,migraine,congruent,✅,0.9827153301441325
5,53,excitement,congruent,❌,0.4541850251717078
5,53,migraine,incongruent,✅,0.25820124844881137
5,53,excitement,incongruent,❌,0.6432360102665297
5,54,niece,congruent,✅,0.5581036669566045
5,54,husband,congruent,✅,0.5952283409301211
5,54,niece,incongruent,❌,0.7584788953195247
5,54,husband,incongruent,✅,0.27574261567297353
5,55,film,congruent,❌,0.32712269900368723
5,55,sunrise,congruent,✅,0.9061466907829133
5,55,film,incongruent,❌,0.5569453994406195
5,55,sunrise,incongruent,✅,0.16006314611663242
5,56,lecture,congruent,✅,0.854693799201939
5,56,banquet,congruent,✅,0.8955595079793777
5,56,lecture,incongruent,❌,0.5346072525070239
5,56,banquet,incongruent,✅,0.0542027222527694
5,57,drink,congruent,✅,0.8973607151295433
5,57,textbook,congruent,✅,0.7479769598987752
5,57,drink,incongruent,✅,0.016017472930961243
5,57,textbook,incongruent,✅,0.4234876921307555
5,58,pool,congruent,✅,0.8502142722220959
5,58,snow,congruent,✅,0.682099151095217
5,58,pool,incongruent,✅,0.47180741508983276
5,58,snow,incongruent,✅,0.1269963990276889
5,59,passport,congruent,❌,0.18943844731369452
5,59,plushy,congruent,✅,0.626202687226023
5,59,passport,incongruent,✅,0.44592059583089577
5,59,plushy,incongruent,✅,0.03722192545298313
5,6,patients,congruent,✅,0.9569748633793204
5,6,students,congruent,✅,0.8911608271261966
5,6,patients,incongruent,✅,0.09941498310847581
5,6,students,incongruent,✅,0.012486982232133039
5,60,sister,congruent,✅,0.8444302919403684
5,60,father,congruent,✅,0.6819629523596219
5,60,sister,incongruent,❌,0.8049205472882679
5,60,father,incongruent,❌,0.6404459887063148
5,61,game,congruent,✅,0.8841266833936581
5,61,sunset,congruent,✅,0.802562172951963
5,61,game,incongruent,✅,0.37512810144782405
5,61,sunset,incongruent,✅,0.017387103590720463
5,62,holidays,congruent,✅,0.8979203810918036
5,62,funeral,congruent,✅,0.9629391648076077
5,62,holidays,incongruent,✅,0.3590261214643136
5,62,funeral,incongruent,❌,0.8038148537330959
5,63,grades,congruent,❌,0.4623053692954811
5,63,affair,congruent,✅,0.9130916244248911
5,63,grades,incongruent,❌,0.6588843824740378
5,63,affair,incongruent,✅,0.10894955391817553
5,64,arrest,congruent,✅,0.9837940280785703
5,64,stroke,congruent,✅,0.699602500581413
5,64,arrest,incongruent,✅,0.34506131706851645
5,64,stroke,incongruent,✅,0.4658420066622934
5,65,pacifier,congruent,✅,0.9069881789706542
5,65,coffee,congruent,❌,0.15026602352468083
5,65,pacifier,incongruent,✅,0.02546218237809919
5,65,coffee,incongruent,❌,0.554219128610295
5,66,sweets,congruent,✅,0.961099738105926
5,66,sentencing,congruent,✅,0.9501738073136088
5,66,sweets,incongruent,✅,0.23053163724138975
5,66,sentencing,incongruent,✅,0.0836797656059663
5,67,nap,congruent,✅,0.8599710695137464
5,67,selfie,congruent,✅,0.9472635489294728
5,67,nap,incongruent,❌,0.6235352612530539
5,67,selfie,incongruent,❌,0.6852229878088546
5,68,diaper,congruent,✅,0.9136196512436258
5,68,tire,congruent,✅,0.9459289023932352
5,68,diaper,incongruent,✅,0.0821216915903939
5,68,tire,incongruent,✅,0.1474824239029034
5,69,chemotherapy,congruent,✅,0.830193667116296
5,69,golf,congruent,✅,0.8791463058637266
5,69,chemotherapy,incongruent,✅,0.02124250963944458
5,69,golf,incongruent,✅,0.13846926706086884
5,7,consensus,congruent,❌,0.19511970345030372
5,7,deadlock,congruent,❌,0.3331787015819866
5,7,consensus,incongruent,✅,0.10638536539124532
5,7,deadlock,incongruent,✅,0.14261256703219793
5,70,thunder,congruent,✅,0.5144409399446858
5,70,lullaby,congruent,✅,0.546387861605623
5,70,thunder,incongruent,✅,0.33836015555732823
5,70,lullaby,incongruent,✅,0.16532897564801374
5,71,pajamas,congruent,✅,0.8196423886563576
5,71,uniform,congruent,✅,0.8721952420665512
5,71,pajamas,incongruent,✅,0.37262127173393106
5,71,uniform,incongruent,✅,0.2993861741279913
5,72,gown,congruent,✅,0.9688071224902866
5,72,sweats,congruent,❌,0.41039285795274805
5,72,gown,incongruent,✅,0.31324524359673295
5,72,sweats,incongruent,❌,0.8081006486975237
5,73,deadline,congruent,❌,0.34023185800718375
5,73,bed,congruent,✅,0.8536775128021846
5,73,deadline,incongruent,✅,0.13262954869838986
5,73,bed,incongruent,✅,0.1808915672556692
5,74,kindergarten,congruent,✅,0.5937288021005726
5,74,jail,congruent,✅,0.7449341736159613
5,74,kindergarten,incongruent,❌,0.5178331742002257
5,74,jail,incongruent,✅,0.18782342612368388
5,75,interrogated,congruent,✅,0.705209351678218
5,75,tickled,congruent,❌,0.4074527772744746
5,75,interrogated,incongruent,✅,0.20570759404969563
5,75,tickled,incongruent,✅,0.20381351548423957
5,76,sandcastle,congruent,✅,0.8104347354390916
5,76,snowman,congruent,✅,0.7962426959248629
5,76,sandcastle,incongruent,✅,0.4465187399644441
5,76,snowman,incongruent,❌,0.8034194646781694
5,77,music,congruent,✅,0.9771116880248538
5,77,pizza,congruent,✅,0.9717135836256537
5,77,music,incongruent,✅,0.08487486490101752
5,77,pizza,incongruent,✅,0.034769155376047925
5,78,playoffs,congruent,✅,0.9280637293454146
5,78,cartoon,congruent,✅,0.9554977131870386
5,78,playoffs,incongruent,✅,0.3157658625394864
5,78,cartoon,incongruent,✅,0.034098188635317155
5,79,alcoholism,congruent,✅,0.9119804172789796
5,79,academics,congruent,✅,0.8553340583054434
5,79,alcoholism,incongruent,✅,0.17742911171266487
5,79,academics,incongruent,❌,0.5471355583545056
5,8,engagement,congruent,✅,0.8870645097064163
5,8,cancer,congruent,❌,0.3524904752495557
5,8,engagement,incongruent,✅,0.18569267679957974
5,8,cancer,incongruent,❌,0.8402586163929006
5,9,terminal,congruent,✅,0.6616578485116833
5,9,classroom,congruent,✅,0.8110015153762113
5,9,terminal,incongruent,✅,0.053121229002750514
5,9,classroom,incongruent,✅,0.007241012465771247
6,0,library,congruent,✅,0.8075923270970088
6,0,refrigerator,congruent,❌,0.3824390916540855
6,0,library,incongruent,✅,0.14153530949579707
6,0,refrigerator,incongruent,✅,0.007434150880160413
6,1,disappointment,congruent,❌,0.31588156656378485
6,1,delight,congruent,❌,0.25193522907283467
6,1,disappointment,incongruent,✅,0.10748307473945329
6,1,delight,incongruent,❌,0.6221710875204418
6,10,cash,congruent,✅,0.954188178411859
6,10,groceries,congruent,✅,0.64514226962319
6,10,cash,incongruent,✅,0.28130315918693394
6,10,groceries,incongruent,✅,0.15908855438235744
6,11,lonely,congruent,✅,0.8390744190016471
6,11,confident,congruent,✅,0.8697278921382033
6,11,lonely,incongruent,❌,0.7423268470053009
6,11,confident,incongruent,✅,0.22646982579575164
6,12,joy,congruent,✅,0.7665497814679754
6,12,outrage,congruent,✅,0.9441198954500665
6,12,joy,incongruent,❌,0.8762009245647154
6,12,outrage,incongruent,❌,0.5405680020277979
6,13,traffic,congruent,✅,0.9967261761290149
6,13,snowstorm,congruent,✅,0.8917189506105696
6,13,traffic,incongruent,❌,0.5641543269625974
6,13,snowstorm,incongruent,❌,0.9752062215630724
6,14,laughter,congruent,✅,0.9338409852061693
6,14,frustration,congruent,✅,0.526651410362317
6,14,laughter,incongruent,❌,0.593882358032841
6,14,frustration,incongruent,❌,0.5048000082939853
6,15,calculator,congruent,✅,0.6431840644612558
6,15,instrument,congruent,✅,0.948653170592867
6,15,calculator,incongruent,✅,0.10894014798428311
6,15,instrument,incongruent,✅,0.020271959504875633
6,16,orchestra,congruent,✅,0.8727515327498685
6,16,racers,congruent,❌,0.24711091708833607
6,16,orchestra,incongruent,✅,0.0034237267254383493
6,16,racers,incongruent,✅,0.02630448451939349
6,17,retirement,congruent,❌,0.3746300770083123
6,17,playdate,congruent,✅,0.8036915450238218
6,17,retirement,incongruent,✅,0.3158660275984476
6,17,playdate,incongruent,✅,0.02563944967368847
6,18,relieved,congruent,❌,0.31494049712451044
6,18,depressed,congruent,❌,0.1889723929793738
6,18,relieved,incongruent,✅,0.12621740047128094
6,18,depressed,incongruent,✅,0.3164331364851784
6,19,friends,congruent,❌,0.41161182391377416
6,19,weight,congruent,✅,0.9604460758036838
6,19,friends,incongruent,✅,0.14122252581914363
6,19,weight,incongruent,✅,0.23740694910398213
6,2,overcoat,congruent,❌,0.0930881310222286
6,2,sandals,congruent,✅,0.8030208496425706
6,2,overcoat,incongruent,✅,0.10424093308901351
6,2,sandals,incongruent,✅,0.08973129516614638
6,20,lipstick,congruent,✅,0.7119750410208251
6,20,song,congruent,✅,0.9871571981455756
6,20,lipstick,incongruent,✅,0.04166520452106981
6,20,song,incongruent,✅,0.07768738814338581
6,21,fought,congruent,✅,0.7545739542183612
6,21,sang,congruent,✅,0.59482193523484
6,21,fought,incongruent,✅,0.009814475903655672
6,21,sang,incongruent,✅,0.05631292846681632
6,22,skeptical,congruent,❌,0.10851535655291086
6,22,reassured,congruent,✅,0.5738545217231412
6,22,skeptical,incongruent,❌,0.5964870430540985
6,22,reassured,incongruent,✅,0.16344996239448634
6,23,graduation,congruent,✅,0.9835174698884737
6,23,operation,congruent,✅,0.8338681742619941
6,23,graduation,incongruent,✅,0.351442397377233
6,23,operation,incongruent,✅,0.08550344167302093
6,24,bride,congruent,✅,0.9918088279662911
6,24,aftermath,congruent,✅,0.8290067041307114
6,24,bride,incongruent,✅,0.11160413276387679
6,24,aftermath,incongruent,✅,0.0013073632458993245
6,25,teacher,congruent,✅,0.9577089735914989
6,25,daughter,congruent,✅,0.6627793915159967
6,25,teacher,incongruent,✅,0.2357969814759703
6,25,daughter,incongruent,❌,0.5633243754832771
6,26,roommate,congruent,✅,0.7389046955290094
6,26,grandma,congruent,✅,0.8765024720121631
6,26,roommate,incongruent,✅,0.3279161627620385
6,26,grandma,incongruent,✅,0.3082724481890393
6,27,brother,congruent,❌,0.23636600665594876
6,27,mother,congruent,✅,0.6769894685146114
6,27,brother,incongruent,✅,0.4128418019419239
6,27,mother,incongruent,✅,0.24642783007253602
6,28,preschool,congruent,✅,0.6484145348037128
6,28,prison,congruent,✅,0.9466316564229289
6,28,preschool,incongruent,✅,0.002721012365483475
6,28,prison,incongruent,✅,0.0029671635185773504
6,29,hopeful,congruent,❌,0.3437971082352771
6,29,hopeless,congruent,✅,0.7485277109239921
6,29,hopeful,incongruent,✅,0.08763080027659809
6,29,hopeless,incongruent,❌,0.7198274151559154
6,3,marathon,congruent,✅,0.9761036256667205
6,3,exam,congruent,✅,0.5382182980669491
6,3,marathon,incongruent,✅,0.005469597533770874
6,3,exam,incongruent,✅,0.13847010889149952
6,30,appalled,congruent,❌,0.12470496475031519
6,30,overjoyed,congruent,❌,0.24334839490416443
6,30,appalled,incongruent,✅,0.23144185503140036
6,30,overjoyed,incongruent,✅,0.05883184666516556
6,31,reprimand,congruent,✅,0.8084529642465461
6,31,encouragement,congruent,✅,0.8143016261158136
6,31,reprimand,incongruent,❌,0.7547238987206208
6,31,encouragement,incongruent,❌,0.5897084359348717
6,32,angrily,congruent,❌,0.2865866100671582
6,32,cordially,congruent,✅,0.6201014972300812
6,32,angrily,incongruent,❌,0.5477357193888154
6,32,cordially,incongruent,✅,0.09675246693132297
6,33,accusatory,congruent,✅,0.7878951182597613
6,33,flirtatious,congruent,❌,0.24186110690842463
6,33,accusatory,incongruent,✅,0.21365151546980143
6,33,flirtatious,incongruent,✅,0.2403166694844291
6,34,disapprovingly,congruent,✅,0.8302456322253121
6,34,lovingly,congruent,❌,0.2735112006698744
6,34,disapprovingly,incongruent,✅,0.38621772387325354
6,34,lovingly,incongruent,❌,0.7846943425421832
6,35,playful,congruent,❌,0.37916629401578833
6,35,distant,congruent,❌,0.3301822790732576
6,35,playful,incongruent,✅,0.4508897052224074
6,35,distant,incongruent,✅,0.21558588837047887
6,36,headphones,congruent,❌,0.4574696855712226
6,36,mangoes,congruent,✅,0.9919091262891756
6,36,headphones,incongruent,✅,0.31973831514024215
6,36,mangoes,incongruent,✅,0.014518735929293257
6,37,playroom,congruent,✅,0.9156225429838197
6,37,park,congruent,✅,0.9829447486413619
6,37,playroom,incongruent,❌,0.8804381151872064
6,37,park,incongruent,❌,0.9798380453304343
6,38,bedroom,congruent,✅,0.7850712756201069
6,38,backyard,congruent,❌,0.2080979929555257
6,38,bedroom,incongruent,✅,0.08965848592444008
6,38,backyard,incongruent,✅,0.19205862689508132
6,39,solemnly,congruent,❌,0.4265805509591483
6,39,excitedly,congruent,✅,0.7550827308771761
6,39,solemnly,incongruent,✅,0.4815808709652815
6,39,excitedly,incongruent,✅,0.4598441078729662
6,4,menu,congruent,✅,0.5913102615078193
6,4,prescription,congruent,✅,0.9667508059896662
6,4,menu,incongruent,✅,0.03728185336078459
6,4,prescription,incongruent,✅,0.2579396544795397
6,40,car,congruent,❌,0.39008221662821846
6,40,sock,congruent,❌,0.19993506863168514
6,40,car,incongruent,✅,0.051198291194442844
6,40,sock,incongruent,✅,0.011569916399901393
6,41,overdressed,congruent,✅,0.9339018591382698
6,41,naked,congruent,✅,0.8958428821637079
6,41,overdressed,incongruent,❌,0.8226438353820511
6,41,naked,incongruent,❌,0.8793015052897007
6,42,shy,congruent,✅,0.7054524665156556
6,42,lively,congruent,✅,0.919898746613424
6,42,shy,incongruent,❌,0.6085377114422027
6,42,lively,incongruent,❌,0.6062827439985097
6,43,offended,congruent,❌,0.3809675565735166
6,43,flattered,congruent,✅,0.616780598845416
6,43,offended,incongruent,❌,0.5639942743885632
6,43,flattered,incongruent,✅,0.20601088630567607
6,44,grandkid,congruent,✅,0.8884147285306196
6,44,cellmate,congruent,✅,0.806529447216479
6,44,grandkid,incongruent,✅,0.2220161354088321
6,44,cellmate,incongruent,✅,0.07665439473848089
6,45,promoted,congruent,✅,0.6690596470147556
6,45,fired,congruent,✅,0.9641472607558913
6,45,promoted,incongruent,❌,0.9350961802415255
6,45,fired,incongruent,✅,0.4417054753254011
6,46,shooting,congruent,❌,0.14270408189870296
6,46,celebration,congruent,❌,0.21984151671676536
6,46,shooting,incongruent,✅,0.019981475364464298
6,46,celebration,incongruent,✅,0.02358777643191673
6,47,crayon,congruent,✅,0.8743748323147863
6,47,beer,congruent,✅,0.9407160889564083
6,47,crayon,incongruent,✅,0.006360068964431822
6,47,beer,incongruent,✅,0.02178623828097855
6,48,waiter,congruent,✅,0.9751926277058767
6,48,taxi,congruent,✅,0.9890702394645685
6,48,waiter,incongruent,✅,0.1049593480729402
6,48,taxi,incongruent,✅,0.2906237082561149
6,49,parents,congruent,✅,0.7382974699027864
6,49,keys,congruent,✅,0.8336328444713108
6,49,parents,incongruent,✅,0.4044035699543476
6,49,keys,incongruent,✅,0.07140704087373832
6,5,distress,congruent,✅,0.6111183855835378
6,5,tranquility,congruent,✅,0.6020335547731668
6,5,distress,incongruent,✅,0.3034731567121867
6,5,tranquility,incongruent,✅,0.4574492173021654
6,50,sofa,congruent,✅,0.946400431614831
6,50,sky,congruent,✅,0.657286544896314
6,50,sofa,incongruent,✅,0.25032315857554266
6,50,sky,incongruent,✅,0.11003026560165186
6,51,obesity,congruent,❌,0.12034653739099584
6,51,homework,congruent,✅,0.9871584038120277
6,51,obesity,incongruent,✅,0.04503010492302708
6,51,homework,incongruent,✅,0.06371430003950518
6,52,quiz,congruent,✅,0.8744936017739476
6,52,commute,congruent,✅,0.9049697805081123
6,52,quiz,incongruent,✅,0.3196426509651457
6,52,commute,incongruent,✅,0.0692896169141486
6,53,migraine,congruent,✅,0.9983991319412668
6,53,excitement,congruent,✅,0.6526089491467235
6,53,migraine,incongruent,✅,0.10946729048358698
6,53,excitement,incongruent,❌,0.9002801733680594
6,54,niece,congruent,✅,0.7669939754469458
6,54,husband,congruent,✅,0.5896393503549765
6,54,niece,incongruent,❌,0.6529194610692349
6,54,husband,incongruent,✅,0.2437610206831346
6,55,film,congruent,❌,0.4857141468645393
6,55,sunrise,congruent,✅,0.9701603090124721
6,55,film,incongruent,✅,0.1440862181441637
6,55,sunrise,incongruent,✅,0.12150509375110229
6,56,lecture,congruent,✅,0.878622267096062
6,56,banquet,congruent,✅,0.9784429588547895
6,56,lecture,incongruent,✅,0.23925985788644116
6,56,banquet,incongruent,✅,0.011117150650495991
6,57,drink,congruent,✅,0.9254653581049916
6,57,textbook,congruent,✅,0.9205809613449272
6,57,drink,incongruent,✅,0.008690355881118234
6,57,textbook,incongruent,✅,0.03501286880605305
6,58,pool,congruent,✅,0.9932340683854202
6,58,snow,congruent,✅,0.5582875022824872
6,58,pool,incongruent,✅,0.1347476210718869
6,58,snow,incongruent,✅,0.021201954019267708
6,59,passport,congruent,✅,0.6387286352868342
6,59,plushy,congruent,✅,0.9249416892241541
6,59,passport,incongruent,✅,0.22855792813208806
6,59,plushy,incongruent,✅,0.03726820728019724
6,6,patients,congruent,✅,0.9848962139535257
6,6,students,congruent,✅,0.986539300744692
6,6,patients,incongruent,✅,0.009184103857190208
6,6,students,incongruent,✅,0.000864620006739054
6,60,sister,congruent,✅,0.8906906229453941
6,60,father,congruent,✅,0.7921676068280796
6,60,sister,incongruent,❌,0.6750725754355875
6,60,father,incongruent,❌,0.5663686498225049
6,61,game,congruent,✅,0.9793681466226067
6,61,sunset,congruent,✅,0.9309538240536654
6,61,game,incongruent,✅,0.31493323626275177
6,61,sunset,incongruent,✅,0.019438846551087782
6,62,holidays,congruent,✅,0.9698886395034952
6,62,funeral,congruent,✅,0.993084108829814
6,62,holidays,incongruent,✅,0.1246792521440663
6,62,funeral,incongruent,❌,0.70458611280334
6,63,grades,congruent,✅,0.6988166728600875
6,63,affair,congruent,✅,0.9728552433641678
6,63,grades,incongruent,✅,0.4568553586136518
6,63,affair,incongruent,✅,0.03848927883869828
6,64,arrest,congruent,✅,0.9654072752881635
6,64,stroke,congruent,❌,0.2033998775274077
6,64,arrest,incongruent,✅,0.01654664805944711
6,64,stroke,incongruent,✅,0.07313626580664243
6,65,pacifier,congruent,✅,0.9814632668840454
6,65,coffee,congruent,✅,0.7071848795872383
6,65,pacifier,incongruent,✅,0.020512451137881655
6,65,coffee,incongruent,✅,0.33186338500408574
6,66,sweets,congruent,✅,0.9950458785087404
6,66,sentencing,congruent,✅,0.987731297205998
6,66,sweets,incongruent,✅,0.02873653661109626
6,66,sentencing,incongruent,✅,0.06985685535393156
6,67,nap,congruent,✅,0.9664206210838254
6,67,selfie,congruent,✅,0.9710424974498787
6,67,nap,incongruent,✅,0.07613249234087491
6,67,selfie,incongruent,✅,0.0613989696205185
6,68,diaper,congruent,✅,0.9919864754002004
6,68,tire,congruent,✅,0.9871079338046278
6,68,diaper,incongruent,✅,0.0391214611412933
6,68,tire,incongruent,✅,0.019167081684991722
6,69,chemotherapy,congruent,❌,0.45623618581743625
6,69,golf,congruent,✅,0.9906943482890681
6,69,chemotherapy,incongruent,✅,0.002758044821487717
6,69,golf,incongruent,✅,0.007872194047423123
6,7,consensus,congruent,❌,0.14535262795669338
6,7,deadlock,congruent,✅,0.5859588977875599
6,7,consensus,incongruent,✅,0.27633425441470205
6,7,deadlock,incongruent,✅,0.15156185644449624
6,70,thunder,congruent,✅,0.9391714208888787
6,70,lullaby,congruent,✅,0.772937992852437
6,70,thunder,incongruent,✅,0.060403615255942046
6,70,lullaby,incongruent,✅,0.10630592435844766
6,71,pajamas,congruent,✅,0.6377763376787887
6,71,uniform,congruent,✅,0.9952914373818431
6,71,pajamas,incongruent,✅,0.36360064911731327
6,71,uniform,incongruent,✅,0.10356850918073776
6,72,gown,congruent,✅,0.9930676836020632
6,72,sweats,congruent,✅,0.7083174888686049
6,72,gown,incongruent,✅,0.272608092545649
6,72,sweats,incongruent,✅,0.29410911011841834
6,73,deadline,congruent,❌,0.3656017301328048
6,73,bed,congruent,✅,0.9860236561532948
6,73,deadline,incongruent,✅,0.053457752634777124
6,73,bed,incongruent,✅,0.07712515731594635
6,74,kindergarten,congruent,✅,0.6716272417803973
6,74,jail,congruent,✅,0.7868110829518024
6,74,kindergarten,incongruent,✅,0.23048470176283306
6,74,jail,incongruent,✅,0.2017258411035769
6,75,interrogated,congruent,✅,0.8109898924106972
6,75,tickled,congruent,✅,0.7221753533806956
6,75,interrogated,incongruent,✅,0.2360963098342708
6,75,tickled,incongruent,✅,0.010437280482065372
6,76,sandcastle,congruent,✅,0.9511702983277375
6,76,snowman,congruent,✅,0.9910645572812707
6,76,sandcastle,incongruent,❌,0.5187839075358892
6,76,snowman,incongruent,❌,0.9438667875929503
6,77,music,congruent,✅,0.9865514078338311
6,77,pizza,congruent,✅,0.9976370793275977
6,77,music,incongruent,✅,0.01563478277287391
6,77,pizza,incongruent,✅,0.008244553460687226
6,78,playoffs,congruent,✅,0.9375445625774965
6,78,cartoon,congruent,✅,0.989350480918805
6,78,playoffs,incongruent,✅,0.22700553381833885
6,78,cartoon,incongruent,✅,0.04076277778818474
6,79,alcoholism,congruent,✅,0.9883608499783861
6,79,academics,congruent,✅,0.982117649402669
6,79,alcoholism,incongruent,✅,0.12933271601994717
6,79,academics,incongruent,❌,0.6016278146143877
6,8,engagement,congruent,✅,0.7568129877225056
6,8,cancer,congruent,✅,0.5220961872600862
6,8,engagement,incongruent,✅,0.4695050252895776
6,8,cancer,incongruent,✅,0.38836710942479336
6,9,terminal,congruent,✅,0.9416554824141472
6,9,classroom,congruent,✅,0.9700430098852544
6,9,terminal,incongruent,✅,0.02789680920918091
6,9,classroom,incongruent,✅,0.05880354617450233
7,0,library,congruent,✅,0.5479931367997044
7,0,refrigerator,congruent,✅,0.5147820921792464
7,0,library,incongruent,✅,0.06958716337575227
7,0,refrigerator,incongruent,✅,0.004497713753817578
7,1,disappointment,congruent,❌,0.2001088085197678
7,1,delight,congruent,❌,0.18066836584194482
7,1,disappointment,incongruent,✅,0.08353966955216094
7,1,delight,incongruent,✅,0.38359868645368994
7,10,cash,congruent,✅,0.9147297587806874
7,10,groceries,congruent,✅,0.5262772732720663
7,10,cash,incongruent,✅,0.19861240471232108
7,10,groceries,incongruent,✅,0.18728520353815892
7,11,lonely,congruent,✅,0.6609915717876127
7,11,confident,congruent,✅,0.8415036547544393
7,11,lonely,incongruent,❌,0.7162500804154628
7,11,confident,incongruent,✅,0.12160848465045694
7,12,joy,congruent,✅,0.8270755020697813
7,12,outrage,congruent,✅,0.8482503737961857
7,12,joy,incongruent,❌,0.7945149850963354
7,12,outrage,incongruent,❌,0.614994428159815
7,13,traffic,congruent,✅,0.9946009792799719
7,13,snowstorm,congruent,✅,0.944593388524785
7,13,traffic,incongruent,❌,0.7538853488220969
7,13,snowstorm,incongruent,❌,0.9658014482205136
7,14,laughter,congruent,✅,0.9203262516922408
7,14,frustration,congruent,✅,0.6735700989416021
7,14,laughter,incongruent,❌,0.6767691715664754
7,14,frustration,incongruent,❌,0.5533586612384459
7,15,calculator,congruent,✅,0.6504214136912678
7,15,instrument,congruent,✅,0.9619850210783119
7,15,calculator,incongruent,✅,0.21192927971873046
7,15,instrument,incongruent,✅,0.03728475371096984
7,16,orchestra,congruent,✅,0.9132716282420251
7,16,racers,congruent,❌,0.41955767174765474
7,16,orchestra,incongruent,✅,0.015069376081996603
7,16,racers,incongruent,✅,0.0356022364197946
7,17,retirement,congruent,✅,0.5651577187297853
7,17,playdate,congruent,✅,0.776877258630591
7,17,retirement,incongruent,✅,0.2099443619995814
7,17,playdate,incongruent,✅,0.03541587054942751
7,18,relieved,congruent,❌,0.24739708421572673
7,18,depressed,congruent,❌,0.2544603487297879
7,18,relieved,incongruent,✅,0.1753848018025107
7,18,depressed,incongruent,✅,0.25946950219606696
7,19,friends,congruent,❌,0.4462179821430591
7,19,weight,congruent,✅,0.9213602669537778
7,19,friends,incongruent,✅,0.16933269722312272
7,19,weight,incongruent,✅,0.2897009936816056
7,2,overcoat,congruent,❌,0.07871662047134181
7,2,sandals,congruent,❌,0.43540481852877183
7,2,overcoat,incongruent,✅,0.03063562808000006
7,2,sandals,incongruent,✅,0.04010449447081352
7,20,lipstick,congruent,✅,0.5175439398846214
7,20,song,congruent,✅,0.929855655224236
7,20,lipstick,incongruent,✅,0.013430536938355997
7,20,song,incongruent,✅,0.053241642162503884
7,21,fought,congruent,❌,0.382994055787075
7,21,sang,congruent,✅,0.5828429865162762
7,21,fought,incongruent,✅,0.01143457012471316
7,21,sang,incongruent,✅,0.012081320339340484
7,22,skeptical,congruent,❌,0.13850660304665025
7,22,reassured,congruent,✅,0.6651840112868926
7,22,skeptical,incongruent,❌,0.6913552459763029
7,22,reassured,incongruent,✅,0.2071004660227308
7,23,graduation,congruent,✅,0.9610945425805301
7,23,operation,congruent,✅,0.6605752370971206
7,23,graduation,incongruent,✅,0.15075095605768182
7,23,operation,incongruent,✅,0.08114002929117818
7,24,bride,congruent,✅,0.986463959845228
7,24,aftermath,congruent,✅,0.8782671208052043
7,24,bride,incongruent,✅,0.1431823772211597
7,24,aftermath,incongruent,✅,0.004761194345259354
7,25,teacher,congruent,✅,0.9779501013888472
7,25,daughter,congruent,✅,0.9021081307957686
7,25,teacher,incongruent,✅,0.49438699891850696
7,25,daughter,incongruent,❌,0.5682266390383423
7,26,roommate,congruent,✅,0.6161423448859239
7,26,grandma,congruent,✅,0.8074135831554083
7,26,roommate,incongruent,✅,0.2067657399823547
7,26,grandma,incongruent,✅,0.26160164566161564
7,27,brother,congruent,❌,0.3795321741225696
7,27,mother,congruent,✅,0.5509991430021014
7,27,brother,incongruent,❌,0.5037312259790139
7,27,mother,incongruent,✅,0.3746791124383558
7,28,preschool,congruent,✅,0.8214433611012908
7,28,prison,congruent,✅,0.8920669343086285
7,28,preschool,incongruent,✅,0.0017150449930027308
7,28,prison,incongruent,✅,0.005641697284829473
7,29,hopeful,congruent,❌,0.4831614736092907
7,29,hopeless,congruent,✅,0.7888495649387317
7,29,hopeful,incongruent,✅,0.1506551328630841
7,29,hopeless,incongruent,❌,0.779312569525968
7,3,marathon,congruent,✅,0.9248983887317208
7,3,exam,congruent,✅,0.5915595705112733
7,3,marathon,incongruent,✅,0.01348394059581678
7,3,exam,incongruent,✅,0.1332567367711815
7,30,appalled,congruent,❌,0.12121850153515559
7,30,overjoyed,congruent,❌,0.26331774877836905
7,30,appalled,incongruent,✅,0.22396797663339113
7,30,overjoyed,incongruent,✅,0.06827656834270425
7,31,reprimand,congruent,✅,0.8710632829810269
7,31,encouragement,congruent,✅,0.7221884610702296
7,31,reprimand,incongruent,❌,0.5917206911505843
7,31,encouragement,incongruent,❌,0.7444149571450479
7,32,angrily,congruent,❌,0.23397656190997812
7,32,cordially,congruent,✅,0.6764057607027455
7,32,angrily,incongruent,❌,0.5988134670193045
7,32,cordially,incongruent,✅,0.09004348702849133
7,33,accusatory,congruent,✅,0.7698254052067195
7,33,flirtatious,congruent,✅,0.5582787463656774
7,33,accusatory,incongruent,❌,0.5206821054907139
7,33,flirtatious,incongruent,✅,0.27958900136255016
7,34,disapprovingly,congruent,✅,0.8404622848603005
7,34,lovingly,congruent,❌,0.42951158365347114
7,34,disapprovingly,incongruent,❌,0.5316535460747902
7,34,lovingly,incongruent,❌,0.7898946869070347
7,35,playful,congruent,❌,0.4998001148583042
7,35,distant,congruent,❌,0.41139432336457277
7,35,playful,incongruent,✅,0.49398664736423936
7,35,distant,incongruent,✅,0.3529895066340162
7,36,headphones,congruent,❌,0.3610502261200715
7,36,mangoes,congruent,✅,0.9757400823499305
7,36,headphones,incongruent,✅,0.24871853719794262
7,36,mangoes,incongruent,✅,0.01214009810256656
7,37,playroom,congruent,✅,0.960098259723219
7,37,park,congruent,✅,0.9869094304234839
7,37,playroom,incongruent,❌,0.901696628183032
7,37,park,incongruent,❌,0.9842530629106969
7,38,bedroom,congruent,✅,0.9120950103371402
7,38,backyard,congruent,❌,0.4429708042008287
7,38,bedroom,incongruent,✅,0.13690023730544798
7,38,backyard,incongruent,✅,0.22703213560698404
7,39,solemnly,congruent,❌,0.36716218157841873
7,39,excitedly,congruent,✅,0.870907747361336
7,39,solemnly,incongruent,❌,0.702732547410317
7,39,excitedly,incongruent,✅,0.37989800297493215
7,4,menu,congruent,✅,0.7591205027664222
7,4,prescription,congruent,✅,0.9828396944507647
7,4,menu,incongruent,✅,0.02580308160429138
7,4,prescription,incongruent,✅,0.07699352945673957
7,40,car,congruent,✅,0.5766435829013958
7,40,sock,congruent,❌,0.2849356566364847
7,40,car,incongruent,✅,0.07898082037258812
7,40,sock,incongruent,✅,0.009888869044421851
7,41,overdressed,congruent,✅,0.8135764921836888
7,41,naked,congruent,✅,0.952227515666622
7,41,overdressed,incongruent,❌,0.8629854140149134
7,41,naked,incongruent,❌,0.8101314350968535
7,42,shy,congruent,❌,0.44732363279622295
7,42,lively,congruent,✅,0.8578314507519091
7,42,shy,incongruent,✅,0.4712879443475768
7,42,lively,incongruent,✅,0.33228975049663506
7,43,offended,congruent,❌,0.4015696152730965
7,43,flattered,congruent,✅,0.6753755076187418
7,43,offended,incongruent,❌,0.6224121451195979
7,43,flattered,incongruent,✅,0.2578086478449064
7,44,grandkid,congruent,✅,0.9203826366568397
7,44,cellmate,congruent,✅,0.7546738087004284
7,44,grandkid,incongruent,✅,0.1943555745546143
7,44,cellmate,incongruent,✅,0.15542413095084753
7,45,promoted,congruent,✅,0.7833228523179717
7,45,fired,congruent,✅,0.9589170488835195
7,45,promoted,incongruent,❌,0.9463014033338927
7,45,fired,incongruent,✅,0.483151704581238
7,46,shooting,congruent,❌,0.08497179632306973
7,46,celebration,congruent,❌,0.41813269186334634
7,46,shooting,incongruent,✅,0.04217161241797013
7,46,celebration,incongruent,✅,0.04071340924646859
7,47,crayon,congruent,✅,0.7984817872231116
7,47,beer,congruent,✅,0.8890596419881807
7,47,crayon,incongruent,✅,0.007239054433039742
7,47,beer,incongruent,✅,0.030812570959569654
7,48,waiter,congruent,✅,0.9822490174023981
7,48,taxi,congruent,✅,0.9782232173179696
7,48,waiter,incongruent,✅,0.10888892925145414
7,48,taxi,incongruent,✅,0.4790397225699014
7,49,parents,congruent,✅,0.7962942450453402
7,49,keys,congruent,✅,0.9319981389717539
7,49,parents,incongruent,✅,0.42506377854731264
7,49,keys,incongruent,✅,0.057714517278560085
7,5,distress,congruent,✅,0.7431576534681165
7,5,tranquility,congruent,✅,0.5378296331182872
7,5,distress,incongruent,✅,0.2791601830159894
7,5,tranquility,incongruent,❌,0.6156953144683611
7,50,sofa,congruent,✅,0.9103756684013744
7,50,sky,congruent,✅,0.6014862028238703
7,50,sofa,incongruent,✅,0.26840042686299476
7,50,sky,incongruent,✅,0.21663901119010523
7,51,obesity,congruent,❌,0.1994915078020684
7,51,homework,congruent,✅,0.9819533144589369
7,51,obesity,incongruent,✅,0.06607239819859974
7,51,homework,incongruent,✅,0.11183944281271196
7,52,quiz,congruent,✅,0.7525083212684384
7,52,commute,congruent,✅,0.8338021900423292
7,52,quiz,incongruent,✅,0.12952018144532224
7,52,commute,incongruent,✅,0.033610050041281474
7,53,migraine,congruent,✅,0.9992147851377648
7,53,excitement,congruent,❌,0.44750926658115514
7,53,migraine,incongruent,✅,0.16163768065446654
7,53,excitement,incongruent,❌,0.9587475947758016
7,54,niece,congruent,✅,0.8330412785471526
7,54,husband,congruent,✅,0.8433807787858488
7,54,niece,incongruent,❌,0.7433722536884807
7,54,husband,incongruent,✅,0.19426716882856193
7,55,film,congruent,❌,0.4781428282903458
7,55,sunrise,congruent,✅,0.9303316672530774
7,55,film,incongruent,✅,0.07661721405609187
7,55,sunrise,incongruent,✅,0.10779040487544522
7,56,lecture,congruent,✅,0.8931458234979612
7,56,banquet,congruent,✅,0.9583356684631809
7,56,lecture,incongruent,✅,0.2871874146876953
7,56,banquet,incongruent,✅,0.014175170245153577
7,57,drink,congruent,✅,0.9844213848734904
7,57,textbook,congruent,✅,0.950496310158768
7,57,drink,incongruent,✅,0.03463745101417143
7,57,textbook,incongruent,✅,0.08011571782851683
7,58,pool,congruent,✅,0.9806150569910403
7,58,snow,congruent,❌,0.2666434475484917
7,58,pool,incongruent,✅,0.043120894893066884
7,58,snow,incongruent,✅,0.011301529742378543
7,59,passport,congruent,✅,0.7713522790669228
7,59,plushy,congruent,✅,0.9236591038951661
7,59,passport,incongruent,✅,0.3608346478023222
7,59,plushy,incongruent,✅,0.05073629769406062
7,6,patients,congruent,✅,0.9950892417480994
7,6,students,congruent,✅,0.9816117679975721
7,6,patients,incongruent,✅,0.010362934291458585
7,6,students,incongruent,✅,0.000707772242963919
7,60,sister,congruent,✅,0.6194054069305044
7,60,father,congruent,✅,0.72032148970317
7,60,sister,incongruent,❌,0.5596115528173573
7,60,father,incongruent,✅,0.2624975270507019
7,61,game,congruent,✅,0.9930666477756154
7,61,sunset,congruent,✅,0.8830132166968001
7,61,game,incongruent,✅,0.3911104186444439
7,61,sunset,incongruent,✅,0.04163148778749457
7,62,holidays,congruent,✅,0.9361655717985423
7,62,funeral,congruent,✅,0.9815539331056601
7,62,holidays,incongruent,✅,0.033713328177220635
7,62,funeral,incongruent,❌,0.5609243951503323
7,63,grades,congruent,✅,0.660432100278504
7,63,affair,congruent,✅,0.8438105287681336
7,63,grades,incongruent,✅,0.23517744916430658
7,63,affair,incongruent,✅,0.0608021920800683
7,64,arrest,congruent,✅,0.9568373090227422
7,64,stroke,congruent,❌,0.20111164371811152
7,64,arrest,incongruent,✅,0.025813903262612306
7,64,stroke,incongruent,✅,0.10461168094434527
7,65,pacifier,congruent,✅,0.9148691847231513
7,65,coffee,congruent,✅,0.7855521767002089
7,65,pacifier,incongruent,✅,0.052293625059602535
7,65,coffee,incongruent,✅,0.16411116695234762
7,66,sweets,congruent,✅,0.9943870329503472
7,66,sentencing,congruent,✅,0.9782988908738375
7,66,sweets,incongruent,✅,0.019782193962647326
7,66,sentencing,incongruent,✅,0.10566748366065748
7,67,nap,congruent,✅,0.978806506193219
7,67,selfie,congruent,✅,0.9562194101415042
7,67,nap,incongruent,✅,0.10249861851970467
7,67,selfie,incongruent,✅,0.03498693593288296
7,68,diaper,congruent,✅,0.9939020929993945
7,68,tire,congruent,✅,0.963037507837147
7,68,diaper,incongruent,✅,0.02288604889688513
7,68,tire,incongruent,✅,0.027160602537548362
7,69,chemotherapy,congruent,✅,0.7567466813376693
7,69,golf,congruent,✅,0.9460565104052642
7,69,chemotherapy,incongruent,✅,0.005020681841581627
7,69,golf,incongruent,✅,0.019147040301085494
7,7,consensus,congruent,❌,0.1835926423009158
7,7,deadlock,congruent,❌,0.3194768123945786
7,7,consensus,incongruent,✅,0.1230738715791045
7,7,deadlock,incongruent,✅,0.21573720382104727
7,70,thunder,congruent,✅,0.9212744610737295
7,70,lullaby,congruent,✅,0.8658901130302411
7,70,thunder,incongruent,✅,0.045929682171721
7,70,lullaby,incongruent,✅,0.2162211864193529
7,71,pajamas,congruent,✅,0.89062698342109
7,71,uniform,congruent,✅,0.9849590137794505
7,71,pajamas,incongruent,✅,0.18737255378200224
7,71,uniform,incongruent,✅,0.1770833061404486
7,72,gown,congruent,✅,0.9940206555754707
7,72,sweats,congruent,✅,0.7987243212596796
7,72,gown,incongruent,✅,0.3087367977804833
7,72,sweats,incongruent,✅,0.42348655074023994
7,73,deadline,congruent,❌,0.2642542637259234
7,73,bed,congruent,✅,0.9753697512324321
7,73,deadline,incongruent,✅,0.03795468970904391
7,73,bed,incongruent,✅,0.06552040790163194
7,74,kindergarten,congruent,✅,0.6606114042916402
7,74,jail,congruent,✅,0.841349008583406
7,74,kindergarten,incongruent,✅,0.20290951061086152
7,74,jail,incongruent,✅,0.18709771279565907
7,75,interrogated,congruent,✅,0.7662399441736529
7,75,tickled,congruent,✅,0.9211067162051125
7,75,interrogated,incongruent,❌,0.6417736129905524
7,75,tickled,incongruent,✅,0.009768464978022315
7,76,sandcastle,congruent,✅,0.9416696273536175
7,76,snowman,congruent,✅,0.9959688545211937
7,76,sandcastle,incongruent,❌,0.5837569111122726
7,76,snowman,incongruent,❌,0.9473560192195427
7,77,music,congruent,✅,0.986680173844045
7,77,pizza,congruent,✅,0.9943276276247857
7,77,music,incongruent,✅,0.020374033435127784
7,77,pizza,incongruent,✅,0.02104232071164846
7,78,playoffs,congruent,✅,0.8788204555070905
7,78,cartoon,congruent,✅,0.9727216040414173
7,78,playoffs,incongruent,✅,0.07560611212778107
7,78,cartoon,incongruent,✅,0.10377870000053571
7,79,alcoholism,congruent,✅,0.9676528493473522
7,79,academics,congruent,✅,0.9666117258097328
7,79,alcoholism,incongruent,✅,0.16354514477355628
7,79,academics,incongruent,✅,0.47660941474824137
7,8,engagement,congruent,✅,0.8838455662154198
7,8,cancer,congruent,✅,0.7353618415926503
7,8,engagement,incongruent,❌,0.7533244602709467
7,8,cancer,incongruent,❌,0.6187986574803661
7,9,terminal,congruent,✅,0.9366573288286586
7,9,classroom,congruent,✅,0.9688429522594704
7,9,terminal,incongruent,✅,0.04434754681284407
7,9,classroom,incongruent,✅,0.04247597471736255
8,0,library,congruent,❌,0.4823761021031918
8,0,refrigerator,congruent,✅,0.5994974372988545
8,0,library,incongruent,✅,0.11727297118303517
8,0,refrigerator,incongruent,✅,0.0014784975129218587
8,1,disappointment,congruent,❌,0.33482369628645037
8,1,delight,congruent,✅,0.5122996677850893
8,1,disappointment,incongruent,✅,0.19719005080662863
8,1,delight,incongruent,✅,0.3651766748613105
8,10,cash,congruent,✅,0.9482638667790596
8,10,groceries,congruent,✅,0.5059882489902231
8,10,cash,incongruent,✅,0.18703167049736877
8,10,groceries,incongruent,✅,0.16286203544953973
8,11,lonely,congruent,✅,0.5145822318003456
8,11,confident,congruent,✅,0.7502863151096701
8,11,lonely,incongruent,❌,0.540235418307083
8,11,confident,incongruent,✅,0.059991571683198026
8,12,joy,congruent,✅,0.7603492767156592
8,12,outrage,congruent,✅,0.9451057044971674
8,12,joy,incongruent,❌,0.9350520802565818
8,12,outrage,incongruent,✅,0.41542908622631003
8,13,traffic,congruent,✅,0.9846106893145821
8,13,snowstorm,congruent,✅,0.9816403778303638
8,13,traffic,incongruent,❌,0.6135975418749142
8,13,snowstorm,incongruent,❌,0.8803828753135435
8,14,laughter,congruent,✅,0.9731204696099978
8,14,frustration,congruent,✅,0.9418575901309874
8,14,laughter,incongruent,❌,0.8809478115104477
8,14,frustration,incongruent,❌,0.5912263769984921
8,15,calculator,congruent,✅,0.5259964665276281
8,15,instrument,congruent,✅,0.9614548774692578
8,15,calculator,incongruent,✅,0.09569361463520325
8,15,instrument,incongruent,✅,0.025260476337098745
8,16,orchestra,congruent,✅,0.8984929039959212
8,16,racers,congruent,✅,0.5844542284037629
8,16,orchestra,incongruent,✅,0.029183144097834
8,16,racers,incongruent,✅,0.03987347365138194
8,17,retirement,congruent,✅,0.5331066303883597
8,17,playdate,congruent,✅,0.5863884857389826
8,17,retirement,incongruent,✅,0.14013982281116122
8,17,playdate,incongruent,✅,0.022148491791069497
8,18,relieved,congruent,❌,0.2848469714966033
8,18,depressed,congruent,❌,0.19332139756628333
8,18,relieved,incongruent,✅,0.12395321149495897
8,18,depressed,incongruent,✅,0.30280174075301447
8,19,friends,congruent,✅,0.6466590848531393
8,19,weight,congruent,✅,0.8418168099389959
8,19,friends,incongruent,✅,0.10680669750016328
8,19,weight,incongruent,✅,0.4746627475894046
8,2,overcoat,congruent,❌,0.01567281993973334
8,2,sandals,congruent,✅,0.5997675171625058
8,2,overcoat,incongruent,✅,0.03376627276315515
8,2,sandals,incongruent,✅,0.007019194809592915
8,20,lipstick,congruent,✅,0.7726917992888646
8,20,song,congruent,✅,0.98417962380121
8,20,lipstick,incongruent,✅,0.023528826672978963
8,20,song,incongruent,✅,0.09943838145217362
8,21,fought,congruent,✅,0.5244101692290991
8,21,sang,congruent,❌,0.36738329245668994
8,21,fought,incongruent,✅,0.005827031350408379
8,21,sang,incongruent,✅,0.014455950771666393
8,22,skeptical,congruent,❌,0.1986991520480147
8,22,reassured,congruent,✅,0.6942055571117195
8,22,skeptical,incongruent,❌,0.7360877240580435
8,22,reassured,incongruent,✅,0.20719246744040398
8,23,graduation,congruent,✅,0.9980832814349224
8,23,operation,congruent,✅,0.6378852029572042
8,23,graduation,incongruent,✅,0.08493217634337179
8,23,operation,incongruent,✅,0.07841614265855269
8,24,bride,congruent,✅,0.9709256237162127
8,24,aftermath,congruent,✅,0.8245533673421174
8,24,bride,incongruent,✅,0.11068191092492338
8,24,aftermath,incongruent,✅,0.0012988659019613279
8,25,teacher,congruent,✅,0.9733903095682027
8,25,daughter,congruent,✅,0.9355179057808674
8,25,teacher,incongruent,✅,0.38222906689140135
8,25,daughter,incongruent,✅,0.3922345312593977
8,26,roommate,congruent,✅,0.6561731219059362
8,26,grandma,congruent,✅,0.9105569465958105
8,26,roommate,incongruent,✅,0.03769732908525249
8,26,grandma,incongruent,✅,0.10654721690142713
8,27,brother,congruent,❌,0.39142127232531154
8,27,mother,congruent,❌,0.46030661372825776
8,27,brother,incongruent,✅,0.24735442552718992
8,27,mother,incongruent,✅,0.2956307778820639
8,28,preschool,congruent,✅,0.896118810839117
8,28,prison,congruent,✅,0.9468670897451644
8,28,preschool,incongruent,✅,0.0009704964691536478
8,28,prison,incongruent,✅,0.01831064182350968
8,29,hopeful,congruent,❌,0.43938778418283914
8,29,hopeless,congruent,✅,0.7924132148448036
8,29,hopeful,incongruent,✅,0.14463330539650726
8,29,hopeless,incongruent,❌,0.7403538203107042
8,3,marathon,congruent,✅,0.7358835143766326
8,3,exam,congruent,✅,0.6646701675039283
8,3,marathon,incongruent,✅,0.019541725622380015
8,3,exam,incongruent,✅,0.12126903901450388
8,30,appalled,congruent,❌,0.16610383144472088
8,30,overjoyed,congruent,✅,0.5043271976159444
8,30,appalled,incongruent,✅,0.4275003169457065
8,30,overjoyed,incongruent,✅,0.06335205809731621
8,31,reprimand,congruent,✅,0.9586574427543063
8,31,encouragement,congruent,✅,0.8066365335262142
8,31,reprimand,incongruent,❌,0.6435527430160366
8,31,encouragement,incongruent,❌,0.9170632153813729
8,32,angrily,congruent,✅,0.5798431590157875
8,32,cordially,congruent,✅,0.6833084543757799
8,32,angrily,incongruent,❌,0.5811579431345532
8,32,cordially,incongruent,✅,0.11670633317574723
8,33,accusatory,congruent,✅,0.8448677125434294
8,33,flirtatious,congruent,✅,0.6890324963763418
8,33,accusatory,incongruent,❌,0.6639974320689869
8,33,flirtatious,incongruent,✅,0.2699768332812418
8,34,disapprovingly,congruent,✅,0.5514076169818141
8,34,lovingly,congruent,✅,0.5102181440323751
8,34,disapprovingly,incongruent,❌,0.5105122677981107
8,34,lovingly,incongruent,✅,0.4594003176924818
8,35,playful,congruent,❌,0.42191606600762005
8,35,distant,congruent,✅,0.5749970833611404
8,35,playful,incongruent,❌,0.5679833566950974
8,35,distant,incongruent,✅,0.28504223423765557
8,36,headphones,congruent,✅,0.6333178840341421
8,36,mangoes,congruent,✅,0.9656315431953014
8,36,headphones,incongruent,✅,0.06078594802190568
8,36,mangoes,incongruent,✅,0.00979971788480731
8,37,playroom,congruent,✅,0.9359980616542374
8,37,park,congruent,✅,0.9956308435158666
8,37,playroom,incongruent,❌,0.8546190807859637
8,37,park,incongruent,❌,0.9529593336423681
8,38,bedroom,congruent,✅,0.8843273358034791
8,38,backyard,congruent,✅,0.5498871561993656
8,38,bedroom,incongruent,✅,0.11720710811053876
8,38,backyard,incongruent,✅,0.1886362609158696
8,39,solemnly,congruent,❌,0.458064669031589
8,39,excitedly,congruent,✅,0.770756013789793
8,39,solemnly,incongruent,❌,0.6195751720083058
8,39,excitedly,incongruent,✅,0.39433136418130965
8,4,menu,congruent,✅,0.9564623791635919
8,4,prescription,congruent,✅,0.9971422017272809
8,4,menu,incongruent,✅,0.11415604886377133
8,4,prescription,incongruent,✅,0.08091683768444724
8,40,car,congruent,✅,0.5828001292109758
8,40,sock,congruent,❌,0.39855498131673667
8,40,car,incongruent,✅,0.10006950647969425
8,40,sock,incongruent,✅,0.003231480401476628
8,41,overdressed,congruent,✅,0.8067580927077268
8,41,naked,congruent,✅,0.983375150862195
8,41,overdressed,incongruent,❌,0.8475377270644047
8,41,naked,incongruent,❌,0.8901392759940076
8,42,shy,congruent,❌,0.4245003038695168
8,42,lively,congruent,✅,0.7695912637755208
8,42,shy,incongruent,✅,0.4137859446165197
8,42,lively,incongruent,✅,0.22763672349566966
8,43,offended,congruent,✅,0.5308975557442294
8,43,flattered,congruent,❌,0.4067488118062121
8,43,offended,incongruent,✅,0.3791360885909818
8,43,flattered,incongruent,✅,0.23412945644721722
8,44,grandkid,congruent,✅,0.8781019892693879
8,44,cellmate,congruent,✅,0.7997806241046017
8,44,grandkid,incongruent,✅,0.20472610990338158
8,44,cellmate,incongruent,✅,0.09430513856151278
8,45,promoted,congruent,✅,0.8088407526777569
8,45,fired,congruent,✅,0.9538421413130512
8,45,promoted,incongruent,❌,0.7834843391933661
8,45,fired,incongruent,❌,0.8091485615578417
8,46,shooting,congruent,❌,0.1271436964220416
8,46,celebration,congruent,✅,0.6437575011203274
8,46,shooting,incongruent,✅,0.025404610876739318
8,46,celebration,incongruent,✅,0.057920794050446894
8,47,crayon,congruent,✅,0.7804693196246101
8,47,beer,congruent,✅,0.9401297138425222
8,47,crayon,incongruent,✅,0.008383162229787751
8,47,beer,incongruent,✅,0.02232739726485826
8,48,waiter,congruent,✅,0.9597780853878871
8,48,taxi,congruent,✅,0.9590759494055827
8,48,waiter,incongruent,✅,0.05200986431596747
8,48,taxi,incongruent,✅,0.2643114447013659
8,49,parents,congruent,✅,0.6047979753631216
8,49,keys,congruent,✅,0.8896758890955282
8,49,parents,incongruent,✅,0.16337926882218254
8,49,keys,incongruent,✅,0.04199393494705415
8,5,distress,congruent,❌,0.4830672233416123
8,5,tranquility,congruent,✅,0.523660740887711
8,5,distress,incongruent,✅,0.25109090709400333
8,5,tranquility,incongruent,✅,0.26969993334030845
8,50,sofa,congruent,✅,0.8776365502713063
8,50,sky,congruent,✅,0.861737318133168
8,50,sofa,incongruent,✅,0.3374839207822387
8,50,sky,incongruent,✅,0.1257291674677517
8,51,obesity,congruent,❌,0.10487377706561272
8,51,homework,congruent,✅,0.9397750555123233
8,51,obesity,incongruent,✅,0.010720613055746479
8,51,homework,incongruent,✅,0.04539446255662365
8,52,quiz,congruent,✅,0.7608898398883054
8,52,commute,congruent,✅,0.8171368191772825
8,52,quiz,incongruent,✅,0.1011963146538882
8,52,commute,incongruent,✅,0.004539088171176967
8,53,migraine,congruent,✅,0.9977349763354707
8,53,excitement,congruent,❌,0.3427400570654765
8,53,migraine,incongruent,✅,0.0647246751724449
8,53,excitement,incongruent,❌,0.918230844663903
8,54,niece,congruent,✅,0.7965508000804459
8,54,husband,congruent,✅,0.796737398835387
8,54,niece,incongruent,❌,0.6966455035100452
8,54,husband,incongruent,✅,0.18423527669057194
8,55,film,congruent,✅,0.8119898156140352
8,55,sunrise,congruent,✅,0.974237353457966
8,55,film,incongruent,✅,0.07443485360194108
8,55,sunrise,incongruent,✅,0.08751950320748608
8,56,lecture,congruent,✅,0.9563282272655228
8,56,banquet,congruent,✅,0.9337324858310032
8,56,lecture,incongruent,✅,0.2608436275581882
8,56,banquet,incongruent,✅,0.004755760095269444
8,57,drink,congruent,✅,0.9949294117672409
8,57,textbook,congruent,✅,0.9608526811781976
8,57,drink,incongruent,✅,0.011495172828146345
8,57,textbook,incongruent,✅,0.06926474494159839
8,58,pool,congruent,✅,0.992305442720717
8,58,snow,congruent,✅,0.5900806429753214
8,58,pool,incongruent,✅,0.13731170581253185
8,58,snow,incongruent,✅,0.0732988455735875
8,59,passport,congruent,✅,0.9010117594178058
8,59,plushy,congruent,✅,0.9675295684448185
8,59,passport,incongruent,✅,0.10904039883716826
8,59,plushy,incongruent,✅,0.03585663137088489
8,6,patients,congruent,✅,0.9946489323294014
8,6,students,congruent,✅,0.9952099211272011
8,6,patients,incongruent,✅,0.008741353401883051
8,6,students,incongruent,✅,0.006678208527905303
8,60,sister,congruent,✅,0.8280438688974091
8,60,father,congruent,✅,0.9093122146966354
8,60,sister,incongruent,❌,0.7277293338752883
8,60,father,incongruent,✅,0.33920641081437514
8,61,game,congruent,✅,0.9978344471886332
8,61,sunset,congruent,✅,0.9283229926206922
8,61,game,incongruent,✅,0.29535205076680143
8,61,sunset,incongruent,✅,0.03057874856095177
8,62,holidays,congruent,✅,0.9598148416093374
8,62,funeral,congruent,✅,0.9958871209433225
8,62,holidays,incongruent,✅,0.03357380658270397
8,62,funeral,incongruent,❌,0.5799642547137729
8,63,grades,congruent,✅,0.8482536641243579
8,63,affair,congruent,✅,0.918297988336913
8,63,grades,incongruent,✅,0.19320023869449257
8,63,affair,incongruent,✅,0.21918878228513156
8,64,arrest,congruent,✅,0.9130652783605308
8,64,stroke,congruent,✅,0.5255167629753902
8,64,arrest,incongruent,✅,0.1162650512674241
8,64,stroke,incongruent,✅,0.038217469405964904
8,65,pacifier,congruent,✅,0.7321844824675497
8,65,coffee,congruent,✅,0.8158090751687315
8,65,pacifier,incongruent,✅,0.014298033778340904
8,65,coffee,incongruent,✅,0.0952529683714458
8,66,sweets,congruent,✅,0.9956005812961638
8,66,sentencing,congruent,✅,0.9482567966729815
8,66,sweets,incongruent,✅,0.004391038819212944
8,66,sentencing,incongruent,✅,0.07928933989007339
8,67,nap,congruent,✅,0.9920770547633492
8,67,selfie,congruent,✅,0.9711926024251583
8,67,nap,incongruent,✅,0.13888929939242398
8,67,selfie,incongruent,✅,0.043872603369104396
8,68,diaper,congruent,✅,0.9941773745894504
8,68,tire,congruent,✅,0.998404091048858
8,68,diaper,incongruent,✅,0.10106250996433452
8,68,tire,incongruent,✅,0.037693597746955874
8,69,chemotherapy,congruent,✅,0.8473757231472882
8,69,golf,congruent,✅,0.9568597240704846
8,69,chemotherapy,incongruent,✅,0.005858318791428963
8,69,golf,incongruent,✅,0.02824512280062372
8,7,consensus,congruent,❌,0.17210123787860088
8,7,deadlock,congruent,❌,0.3289975228315553
8,7,consensus,incongruent,✅,0.11994423473639924
8,7,deadlock,incongruent,✅,0.19938423949873157
8,70,thunder,congruent,✅,0.9723070609189987
8,70,lullaby,congruent,✅,0.7551051047377391
8,70,thunder,incongruent,✅,0.0450036231220362
8,70,lullaby,incongruent,✅,0.1697658042904172
8,71,pajamas,congruent,✅,0.8331391051446262
8,71,uniform,congruent,✅,0.8735723993700486
8,71,pajamas,incongruent,✅,0.2360248227623437
8,71,uniform,incongruent,✅,0.08150915361559105
8,72,gown,congruent,✅,0.9970771160215594
8,72,sweats,congruent,✅,0.7970812429117976
8,72,gown,incongruent,✅,0.24588153699032025
8,72,sweats,incongruent,✅,0.4493737877729831
8,73,deadline,congruent,❌,0.22734311026981227
8,73,bed,congruent,✅,0.9680313701418484
8,73,deadline,incongruent,✅,0.025652327869966164
8,73,bed,incongruent,✅,0.02384151395006349
8,74,kindergarten,congruent,✅,0.5896206037722156
8,74,jail,congruent,✅,0.9715679976183026
8,74,kindergarten,incongruent,✅,0.44529064537221835
8,74,jail,incongruent,✅,0.10746451886477704
8,75,interrogated,congruent,✅,0.8894154567997014
8,75,tickled,congruent,✅,0.807538491768696
8,75,interrogated,incongruent,✅,0.3347553842359601
8,75,tickled,incongruent,✅,0.015888087784257314
8,76,sandcastle,congruent,✅,0.9483194933685734
8,76,snowman,congruent,✅,0.9940778582500138
8,76,sandcastle,incongruent,❌,0.5015556014850832
8,76,snowman,incongruent,❌,0.948775618594807
8,77,music,congruent,✅,0.983153719997391
8,77,pizza,congruent,✅,0.9978526277971664
8,77,music,incongruent,✅,0.024245846998743305
8,77,pizza,incongruent,✅,0.012625259001463976
8,78,playoffs,congruent,✅,0.8417429293076948
8,78,cartoon,congruent,✅,0.9711822586826641
8,78,playoffs,incongruent,✅,0.028712608150742846
8,78,cartoon,incongruent,✅,0.0726668692643226
8,79,alcoholism,congruent,✅,0.9375582460570866
8,79,academics,congruent,✅,0.9552892691375012
8,79,alcoholism,incongruent,✅,0.0753821299275127
8,79,academics,incongruent,✅,0.28819965122846153
8,8,engagement,congruent,✅,0.5985174763182006
8,8,cancer,congruent,✅,0.6052646087919227
8,8,engagement,incongruent,❌,0.6096089504166294
8,8,cancer,incongruent,✅,0.282607873535833
8,9,terminal,congruent,✅,0.9646282633536918
8,9,classroom,congruent,✅,0.9924228575066804
8,9,terminal,incongruent,✅,0.12402824280778874
8,9,classroom,incongruent,✅,0.023786218797290003
9,0,library,congruent,✅,0.6448383940913687
9,0,refrigerator,congruent,✅,0.6895030802356479
9,0,library,incongruent,✅,0.05543761597173114
9,0,refrigerator,incongruent,✅,0.0004383194505970537
9,1,disappointment,congruent,✅,0.5625096805048218
9,1,delight,congruent,❌,0.4507638841269096
9,1,disappointment,incongruent,✅,0.030949316995616975
9,1,delight,incongruent,✅,0.48710947553236306
9,10,cash,congruent,✅,0.9904639908928041
9,10,groceries,congruent,✅,0.6529841663155402
9,10,cash,incongruent,✅,0.07931156043293273
9,10,groceries,incongruent,✅,0.12574402399499532
9,11,lonely,congruent,✅,0.8051481892279926
9,11,confident,congruent,✅,0.6465484778963491
9,11,lonely,incongruent,✅,0.293543226307123
9,11,confident,incongruent,✅,0.13216113884380326
9,12,joy,congruent,✅,0.7900367725970711
9,12,outrage,congruent,❌,0.4330779741796312
9,12,joy,incongruent,✅,0.4022494992849323
9,12,outrage,incongruent,✅,0.32527218967052257
9,13,traffic,congruent,✅,0.99838907077287
9,13,snowstorm,congruent,✅,0.9991053421718744
9,13,traffic,incongruent,❌,0.864739648398182
9,13,snowstorm,incongruent,❌,0.9743145912327085
9,14,laughter,congruent,✅,0.9979816922756709
9,14,frustration,congruent,✅,0.9482059280263122
9,14,laughter,incongruent,❌,0.7615138126974665
9,14,frustration,incongruent,✅,0.22903132164521328
9,15,calculator,congruent,✅,0.8542164583379076
9,15,instrument,congruent,✅,0.984861628754753
9,15,calculator,incongruent,✅,0.3347026269291677
9,15,instrument,incongruent,✅,0.05550081521035566
9,16,orchestra,congruent,✅,0.960454849369994
9,16,racers,congruent,✅,0.5736605105681202
9,16,orchestra,incongruent,✅,0.013271383583423026
9,16,racers,incongruent,✅,0.025429769546035777
9,17,retirement,congruent,✅,0.9206385799243838
9,17,playdate,congruent,✅,0.840802348123168
9,17,retirement,incongruent,✅,0.01813591677151746
9,17,playdate,incongruent,✅,0.004459868850502439
9,18,relieved,congruent,❌,0.30223376440749344
9,18,depressed,congruent,❌,0.11250219463507316
9,18,relieved,incongruent,✅,0.07474330699963884
9,18,depressed,incongruent,✅,0.44283614071804794
9,19,friends,congruent,❌,0.46763587646969496
9,19,weight,congruent,✅,0.8845329393874888
9,19,friends,incongruent,✅,0.01715907841335452
9,19,weight,incongruent,✅,0.0966699345201937
9,2,overcoat,congruent,❌,0.015194752721990628
9,2,sandals,congruent,✅,0.8830725202266974
9,2,overcoat,incongruent,✅,0.02438924985239217
9,2,sandals,incongruent,✅,0.0008032454304792286
9,20,lipstick,congruent,✅,0.8170230195965744
9,20,song,congruent,✅,0.9881027460872164
9,20,lipstick,incongruent,✅,0.00513480023351338
9,20,song,incongruent,✅,0.023509246998894773
9,21,fought,congruent,✅,0.9414949582939732
9,21,sang,congruent,✅,0.6740631792223053
9,21,fought,incongruent,✅,0.009446970280064339
9,21,sang,incongruent,✅,0.01836949167526536
9,22,skeptical,congruent,❌,0.2583051523417421
9,22,reassured,congruent,✅,0.5493006279678029
9,22,skeptical,incongruent,❌,0.550343452026959
9,22,reassured,incongruent,✅,0.1790076204659091
9,23,graduation,congruent,✅,0.9987441627642968
9,23,operation,congruent,✅,0.9022367323787877
9,23,graduation,incongruent,✅,0.30865921553054837
9,23,operation,incongruent,✅,0.04357445035813863
9,24,bride,congruent,✅,0.9864865083667579
9,24,aftermath,congruent,✅,0.9356267438309405
9,24,bride,incongruent,✅,0.13394488820347972
9,24,aftermath,incongruent,✅,0.010677614852585103
9,25,teacher,congruent,✅,0.9731958951470469
9,25,daughter,congruent,✅,0.956862722972003
9,25,teacher,incongruent,✅,0.08361518409307216
9,25,daughter,incongruent,✅,0.22545705179440234
9,26,roommate,congruent,✅,0.5358668286638006
9,26,grandma,congruent,✅,0.9893713272798652
9,26,roommate,incongruent,✅,0.00651926679178587
9,26,grandma,incongruent,✅,0.01944216141981191
9,27,brother,congruent,✅,0.6776059062801219
9,27,mother,congruent,✅,0.626498228162953
9,27,brother,incongruent,✅,0.26857951757439497
9,27,mother,incongruent,✅,0.20519960057230396
9,28,preschool,congruent,✅,0.9787018573065898
9,28,prison,congruent,✅,0.9902888537075126
9,28,preschool,incongruent,✅,0.0015919388816656246
9,28,prison,incongruent,✅,0.047898950006667794
9,29,hopeful,congruent,✅,0.5327810251057896
9,29,hopeless,congruent,✅,0.8472036700435942
9,29,hopeful,incongruent,✅,0.20822965697608622
9,29,hopeless,incongruent,❌,0.820789363821561
9,3,marathon,congruent,✅,0.882767059872809
9,3,exam,congruent,✅,0.8068455708509201
9,3,marathon,incongruent,✅,0.008998610667438517
9,3,exam,incongruent,✅,0.08718256626161837
9,30,appalled,congruent,❌,0.40619401716935605
9,30,overjoyed,congruent,✅,0.8189571232560588
9,30,appalled,incongruent,✅,0.36931360062733704
9,30,overjoyed,incongruent,✅,0.18066231911145234
9,31,reprimand,congruent,✅,0.9804458324460225
9,31,encouragement,congruent,✅,0.9317376105370276
9,31,reprimand,incongruent,❌,0.6245573652559894
9,31,encouragement,incongruent,❌,0.8892344803399024
9,32,angrily,congruent,✅,0.9319534503186067
9,32,cordially,congruent,✅,0.7275224845640927
9,32,angrily,incongruent,✅,0.3353932834049206
9,32,cordially,incongruent,✅,0.1699522817065972
9,33,accusatory,congruent,✅,0.6596162773486809
9,33,flirtatious,congruent,✅,0.6868769531048456
9,33,accusatory,incongruent,✅,0.48589851704817366
9,33,flirtatious,incongruent,✅,0.06443056160448547
9,34,disapprovingly,congruent,✅,0.7825075724378492
9,34,lovingly,congruent,✅,0.5122943302246856
9,34,disapprovingly,incongruent,❌,0.624218760821768
9,34,lovingly,incongruent,❌,0.5521628554038686
9,35,playful,congruent,❌,0.3391121400983125
9,35,distant,congruent,✅,0.5631944684047089
9,35,playful,incongruent,✅,0.3671865311989601
9,35,distant,incongruent,✅,0.16203953055807713
9,36,headphones,congruent,✅,0.6416818655901876
9,36,mangoes,congruent,✅,0.9202440433169667
9,36,headphones,incongruent,✅,0.007001444824077639
9,36,mangoes,incongruent,✅,0.0074088905480786905
9,37,playroom,congruent,✅,0.9450083813159865
9,37,park,congruent,✅,0.9967637324886458
9,37,playroom,incongruent,✅,0.47933453397253195
9,37,park,incongruent,❌,0.8563320297841533
9,38,bedroom,congruent,✅,0.9830882849778473
9,38,backyard,congruent,✅,0.9037010929822558
9,38,bedroom,incongruent,✅,0.037356019328157214
9,38,backyard,incongruent,✅,0.035982085503983935
9,39,solemnly,congruent,✅,0.5685112526567366
9,39,excitedly,congruent,✅,0.7545218706246458
9,39,solemnly,incongruent,❌,0.502039966845503
9,39,excitedly,incongruent,✅,0.21388735134548234
9,4,menu,congruent,✅,0.9031383979774743
9,4,prescription,congruent,✅,0.9991035047679518
9,4,menu,incongruent,✅,0.017781096023657954
9,4,prescription,incongruent,✅,0.06885834446873551
9,40,car,congruent,✅,0.8088202666140367
9,40,sock,congruent,❌,0.12247787334599775
9,40,car,incongruent,✅,0.01770121876440179
9,40,sock,incongruent,✅,0.0076856749055839385
9,41,overdressed,congruent,✅,0.8870801542470503
9,41,naked,congruent,✅,0.9926753136160975
9,41,overdressed,incongruent,❌,0.7334496462859015
9,41,naked,incongruent,❌,0.726162675012772
9,42,shy,congruent,✅,0.7811724437366611
9,42,lively,congruent,✅,0.8479928302378116
9,42,shy,incongruent,✅,0.3485712608726762
9,42,lively,incongruent,✅,0.20549500040953902
9,43,offended,congruent,✅,0.5648227111731938
9,43,flattered,congruent,❌,0.4527254860637404
9,43,offended,incongruent,✅,0.25405401238609765
9,43,flattered,incongruent,✅,0.27493985261175236
9,44,grandkid,congruent,✅,0.9867180405236556
9,44,cellmate,congruent,✅,0.9734040878015662
9,44,grandkid,incongruent,✅,0.0691022032118962
9,44,cellmate,incongruent,✅,0.02473423045859278
9,45,promoted,congruent,✅,0.9398748095349141
9,45,fired,congruent,✅,0.9851563049093663
9,45,promoted,incongruent,❌,0.6576378246389303
9,45,fired,incongruent,❌,0.9190540746448863
9,46,shooting,congruent,❌,0.0395459034474792
9,46,celebration,congruent,✅,0.6829351445329364
9,46,shooting,incongruent,✅,0.00417159127345036
9,46,celebration,incongruent,✅,0.039758613115070236
9,47,crayon,congruent,✅,0.7086071656645454
9,47,beer,congruent,✅,0.9925913732982775
9,47,crayon,incongruent,✅,0.004287391425526784
9,47,beer,incongruent,✅,0.009584207167954556
9,48,waiter,congruent,✅,0.996481383135468
9,48,taxi,congruent,✅,0.9989879017188363
9,48,waiter,incongruent,✅,0.07848672288595188
9,48,taxi,incongruent,✅,0.09893383386190002
9,49,parents,congruent,✅,0.7136183704078454
9,49,keys,congruent,✅,0.9515163666794308
9,49,parents,incongruent,✅,0.09674469470417761
9,49,keys,incongruent,✅,0.06008656731528196
9,5,distress,congruent,✅,0.9409123523231278
9,5,tranquility,congruent,✅,0.7314646450767186
9,5,distress,incongruent,✅,0.4916260968645217
9,5,tranquility,incongruent,✅,0.24145067169275405
9,50,sofa,congruent,✅,0.9981886592333
9,50,sky,congruent,✅,0.9833455880017394
9,50,sofa,incongruent,❌,0.6986098120372555
9,50,sky,incongruent,✅,0.41114100459632597
9,51,obesity,congruent,❌,0.10158615388721341
9,51,homework,congruent,✅,0.9768689935517673
9,51,obesity,incongruent,✅,0.001310917262992598
9,51,homework,incongruent,✅,0.07014316638446698
9,52,quiz,congruent,✅,0.9348298296707304
9,52,commute,congruent,✅,0.9356533100742258
9,52,quiz,incongruent,✅,0.09654414725353049
9,52,commute,incongruent,✅,0.0172153506558118
9,53,migraine,congruent,✅,0.999204508577437
9,53,excitement,congruent,✅,0.5908929767143027
9,53,migraine,incongruent,✅,0.01601325722173021
9,53,excitement,incongruent,❌,0.9038045733052769
9,54,niece,congruent,✅,0.7767674046649828
9,54,husband,congruent,✅,0.8926374204810634
9,54,niece,incongruent,✅,0.3286065323020734
9,54,husband,incongruent,✅,0.28847136914745436
9,55,film,congruent,✅,0.9837083178551438
9,55,sunrise,congruent,✅,0.9925739601295578
9,55,film,incongruent,✅,0.07988715410658527
9,55,sunrise,incongruent,✅,0.10489985443319555
9,56,lecture,congruent,✅,0.9675096804859284
9,56,banquet,congruent,✅,0.9062817019229086
9,56,lecture,incongruent,✅,0.04720521182166337
9,56,banquet,incongruent,✅,0.005694271374639346
9,57,drink,congruent,✅,0.9995772639881398
9,57,textbook,congruent,✅,0.9614371790650224
9,57,drink,incongruent,✅,0.015218636895206054
9,57,textbook,incongruent,✅,0.03739864347611025
9,58,pool,congruent,✅,0.9776131619326427
9,58,snow,congruent,✅,0.5659116216470865
9,58,pool,incongruent,✅,0.013865759285438591
9,58,snow,incongruent,✅,0.014052868154710402
9,59,passport,congruent,✅,0.9257776453750305
9,59,plushy,congruent,✅,0.9938358580473463
9,59,passport,incongruent,✅,0.017140027468229256
9,59,plushy,incongruent,✅,0.06451427153473166
9,6,patients,congruent,✅,0.9945989085574755
9,6,students,congruent,✅,0.9970209003156676
9,6,patients,incongruent,✅,0.0010322516100692454
9,6,students,incongruent,✅,0.005666278782432028
9,60,sister,congruent,✅,0.8633313953267397
9,60,father,congruent,✅,0.9736546091784667
9,60,sister,incongruent,❌,0.579009441772287
9,60,father,incongruent,✅,0.27159448973743294
9,61,game,congruent,✅,0.9994710113030022
9,61,sunset,congruent,✅,0.9783553892176737
9,61,game,incongruent,✅,0.19420280413541938
9,61,sunset,incongruent,✅,0.00775937500554652
9,62,holidays,congruent,✅,0.9957944482640985
9,62,funeral,congruent,✅,0.9980467209180628
9,62,holidays,incongruent,✅,0.01449872173658375
9,62,funeral,incongruent,❌,0.6910683374790907
9,63,grades,congruent,✅,0.8692270696960831
9,63,affair,congruent,✅,0.9840194180515658
9,63,grades,incongruent,✅,0.06516409557120369
9,63,affair,incongruent,✅,0.1237282167324313
9,64,arrest,congruent,✅,0.8891844963543073
9,64,stroke,congruent,✅,0.5688260122739743
9,64,arrest,incongruent,✅,0.19869500701291917
9,64,stroke,incongruent,✅,0.04489557566216735
9,65,pacifier,congruent,✅,0.89450297228059
9,65,coffee,congruent,✅,0.9843707152654649
9,65,pacifier,incongruent,✅,0.003909395486693294
9,65,coffee,incongruent,✅,0.06384104500077227
9,66,sweets,congruent,✅,0.9937915553466085
9,66,sentencing,congruent,✅,0.7987152879215731
9,66,sweets,incongruent,✅,0.0003044221443835195
9,66,sentencing,incongruent,✅,0.011514523073461447
9,67,nap,congruent,✅,0.9808438995871781
9,67,selfie,congruent,✅,0.9976960359401297
9,67,nap,incongruent,✅,0.06962666121605061
9,67,selfie,incongruent,✅,0.04542968618587179
9,68,diaper,congruent,✅,0.9980972212765002
9,68,tire,congruent,✅,0.9989054477528393
9,68,diaper,incongruent,✅,0.009532291056889807
9,68,tire,incongruent,✅,0.001099909935225048
9,69,chemotherapy,congruent,✅,0.8745647454202717
9,69,golf,congruent,✅,0.9741276277771048
9,69,chemotherapy,incongruent,✅,0.0013613917022902993
9,69,golf,incongruent,✅,0.004925018724690307
9,7,consensus,congruent,❌,0.21146918945896515
9,7,deadlock,congruent,❌,0.4313708840601416
9,7,consensus,incongruent,✅,0.19266517681726322
9,7,deadlock,incongruent,✅,0.190983771676209
9,70,thunder,congruent,✅,0.9802601163390043
9,70,lullaby,congruent,✅,0.9706968460009766
9,70,thunder,incongruent,✅,0.0602689938886472
9,70,lullaby,incongruent,✅,0.010126690590897209
9,71,pajamas,congruent,✅,0.9898633404947047
9,71,uniform,congruent,✅,0.9656709720197134
9,71,pajamas,incongruent,❌,0.5048495126516066
9,71,uniform,incongruent,✅,0.02425857404877571
9,72,gown,congruent,✅,0.9987804749588394
9,72,sweats,congruent,✅,0.980623567865664
9,72,gown,incongruent,✅,0.011289561778736143
9,72,sweats,incongruent,✅,0.37469215365332975
9,73,deadline,congruent,❌,0.12466081616575485
9,73,bed,congruent,✅,0.9984115650452693
9,73,deadline,incongruent,✅,0.1088535608880796
9,73,bed,incongruent,✅,0.004698567743751668
9,74,kindergarten,congruent,❌,0.37228117365935104
9,74,jail,congruent,✅,0.9899614675683849
9,74,kindergarten,incongruent,✅,0.048623206745122764
9,74,jail,incongruent,✅,0.026420286912422743
9,75,interrogated,congruent,✅,0.9675595472773031
9,75,tickled,congruent,✅,0.8676287135162708
9,75,interrogated,incongruent,✅,0.17891787020995265
9,75,tickled,incongruent,✅,0.01773251371780217
9,76,sandcastle,congruent,✅,0.9681356570751246
9,76,snowman,congruent,✅,0.9985296786096072
9,76,sandcastle,incongruent,✅,0.2501081872855314
9,76,snowman,incongruent,❌,0.965499204511304
9,77,music,congruent,✅,0.9908440605432876
9,77,pizza,congruent,✅,0.9985301551401656
9,77,music,incongruent,✅,0.004571620890578592
9,77,pizza,incongruent,✅,0.0028051943263804635
9,78,playoffs,congruent,✅,0.5962735996966746
9,78,cartoon,congruent,✅,0.9831543187065787
9,78,playoffs,incongruent,✅,0.00769524185245753
9,78,cartoon,incongruent,✅,0.06017549673392858
9,79,alcoholism,congruent,✅,0.9925595960896193
9,79,academics,congruent,✅,0.9829554481777033
9,79,alcoholism,incongruent,✅,0.054944806083264075
9,79,academics,incongruent,✅,0.10672814739395128
9,8,engagement,congruent,❌,0.35441548940504636
9,8,cancer,congruent,❌,0.35572807883515023
9,8,engagement,incongruent,✅,0.2541866453628937
9,8,cancer,incongruent,✅,0.07269338657657433
9,9,terminal,congruent,✅,0.9889266471050155
9,9,classroom,congruent,✅,0.9661633251376093
9,9,terminal,incongruent,✅,0.006111481904901396
9,9,classroom,incongruent,✅,0.0031827216839926025
10,0,library,congruent,✅,0.7550912793838874
10,0,refrigerator,congruent,✅,0.7839863873180933
10,0,library,incongruent,✅,0.10696659450876034
10,0,refrigerator,incongruent,✅,0.002250670427932908
10,1,disappointment,congruent,❌,0.3197706916795502
10,1,delight,congruent,❌,0.26701544812034544
10,1,disappointment,incongruent,✅,0.022365728200091244
10,1,delight,incongruent,✅,0.30937031013712313
10,10,cash,congruent,✅,0.977274109432469
10,10,groceries,congruent,✅,0.7264599554773631
10,10,cash,incongruent,✅,0.14853739484740064
10,10,groceries,incongruent,✅,0.10441436595343323
10,11,lonely,congruent,✅,0.9175163053219052
10,11,confident,congruent,✅,0.8008907489327602
10,11,lonely,incongruent,❌,0.5241229912015526
10,11,confident,incongruent,✅,0.36390699787931663
10,12,joy,congruent,✅,0.8948705617907846
10,12,outrage,congruent,✅,0.5606298573403804
10,12,joy,incongruent,❌,0.5268946074109941
10,12,outrage,incongruent,❌,0.6041360997084022
10,13,traffic,congruent,✅,0.9972263860202263
10,13,snowstorm,congruent,✅,0.9966209597644573
10,13,traffic,incongruent,❌,0.8202821089596486
10,13,snowstorm,incongruent,❌,0.9785453205426857
10,14,laughter,congruent,✅,0.9916636580992702
10,14,frustration,congruent,✅,0.8925275836624479
10,14,laughter,incongruent,❌,0.6851191211974802
10,14,frustration,incongruent,✅,0.19838720007572888
10,15,calculator,congruent,✅,0.9512710735319113
10,15,instrument,congruent,✅,0.9818517107127263
10,15,calculator,incongruent,✅,0.3551601348391405
10,15,instrument,incongruent,✅,0.15525588162736545
10,16,orchestra,congruent,✅,0.9185597775322982
10,16,racers,congruent,✅,0.6780241831440806
10,16,orchestra,incongruent,✅,0.012237815518540363
10,16,racers,incongruent,✅,0.012132287513375842
10,17,retirement,congruent,✅,0.905795321704181
10,17,playdate,congruent,✅,0.7591594306283851
10,17,retirement,incongruent,✅,0.016202982758464216
10,17,playdate,incongruent,✅,0.0069240117154629474
10,18,relieved,congruent,❌,0.2636056903947113
10,18,depressed,congruent,❌,0.16553338704619336
10,18,relieved,incongruent,✅,0.12452702546162586
10,18,depressed,incongruent,✅,0.37229165537389325
10,19,friends,congruent,❌,0.4666810400207322
10,19,weight,congruent,✅,0.9220671486377351
10,19,friends,incongruent,✅,0.054330849144394344
10,19,weight,incongruent,✅,0.12047574239158065
10,2,overcoat,congruent,❌,0.04921574059676548
10,2,sandals,congruent,✅,0.8599056976561956
10,2,overcoat,incongruent,✅,0.03737805209443222
10,2,sandals,incongruent,✅,0.005863061021911416
10,20,lipstick,congruent,✅,0.8585978601781841
10,20,song,congruent,✅,0.9632841217616761
10,20,lipstick,incongruent,✅,0.007434034025714414
10,20,song,incongruent,✅,0.03368399589071097
10,21,fought,congruent,✅,0.8773489597470281
10,21,sang,congruent,✅,0.8473599432435037
10,21,fought,incongruent,✅,0.034206865907888656
10,21,sang,incongruent,✅,0.035912024147357946
10,22,skeptical,congruent,❌,0.38645632196375695
10,22,reassured,congruent,✅,0.7317443454216437
10,22,skeptical,incongruent,❌,0.6951417767761949
10,22,reassured,incongruent,✅,0.34891342665067404
10,23,graduation,congruent,✅,0.9977953716784284
10,23,operation,congruent,✅,0.9324674076166921
10,23,graduation,incongruent,✅,0.3079926628502535
10,23,operation,incongruent,✅,0.07244105905646155
10,24,bride,congruent,✅,0.9912583557611678
10,24,aftermath,congruent,✅,0.9177067906069536
10,24,bride,incongruent,✅,0.15535812151729528
10,24,aftermath,incongruent,✅,0.015608997243529963
10,25,teacher,congruent,✅,0.9471396700834819
10,25,daughter,congruent,✅,0.9110707441686139
10,25,teacher,incongruent,✅,0.0867351580395674
10,25,daughter,incongruent,✅,0.1430075823747821
10,26,roommate,congruent,✅,0.5427190186289247
10,26,grandma,congruent,✅,0.9900028422264846
10,26,roommate,incongruent,✅,0.01418301998397314
10,26,grandma,incongruent,✅,0.022998740918327192
10,27,brother,congruent,✅,0.7147586414931456
10,27,mother,congruent,✅,0.6716754036342947
10,27,brother,incongruent,✅,0.3551479483097992
10,27,mother,incongruent,✅,0.3148081199269558
10,28,preschool,congruent,✅,0.9649405271970309
10,28,prison,congruent,✅,0.9831696267822633
10,28,preschool,incongruent,✅,0.0022612936502625445
10,28,prison,incongruent,✅,0.02996057479733948
10,29,hopeful,congruent,❌,0.39668822004044385
10,29,hopeless,congruent,✅,0.9008644394035664
10,29,hopeful,incongruent,✅,0.37589519327750276
10,29,hopeless,incongruent,❌,0.6982450811024427
10,3,marathon,congruent,✅,0.819123961975693
10,3,exam,congruent,✅,0.8150918107527594
10,3,marathon,incongruent,✅,0.009309008796221185
10,3,exam,incongruent,✅,0.04539305224838676
10,30,appalled,congruent,❌,0.4678499275067945
10,30,overjoyed,congruent,✅,0.8010543414399609
10,30,appalled,incongruent,✅,0.43216605768422567
10,30,overjoyed,incongruent,✅,0.25155977805052965
10,31,reprimand,congruent,✅,0.9621088337118409
10,31,encouragement,congruent,✅,0.8943330778574456
10,31,reprimand,incongruent,✅,0.45026361124372116
10,31,encouragement,incongruent,❌,0.8525755770010194
10,32,angrily,congruent,✅,0.8476354828415231
10,32,cordially,congruent,❌,0.4319253610344062
10,32,angrily,incongruent,✅,0.11701491629370234
10,32,cordially,incongruent,✅,0.18268726677329014
10,33,accusatory,congruent,✅,0.8490884402493452
10,33,flirtatious,congruent,✅,0.6950053325905663
10,33,accusatory,incongruent,✅,0.4987140595899143
10,33,flirtatious,incongruent,✅,0.22920764164336443
10,34,disapprovingly,congruent,✅,0.7871349854453438
10,34,lovingly,congruent,❌,0.3672331657904818
10,34,disapprovingly,incongruent,✅,0.4522778753882801
10,34,lovingly,incongruent,❌,0.5692542566479892
10,35,playful,congruent,❌,0.28102620217929636
10,35,distant,congruent,✅,0.5678227070298313
10,35,playful,incongruent,✅,0.4077495148948563
10,35,distant,incongruent,✅,0.1313095505992392
10,36,headphones,congruent,✅,0.5761945840782414
10,36,mangoes,congruent,✅,0.9404458089089041
10,36,headphones,incongruent,✅,0.003428603981749282
10,36,mangoes,incongruent,✅,0.008897262151119864
10,37,playroom,congruent,✅,0.9414416192548204
10,37,park,congruent,✅,0.9944582645293809
10,37,playroom,incongruent,❌,0.5527295556993528
10,37,park,incongruent,❌,0.8819004583615159
10,38,bedroom,congruent,✅,0.9699582562505737
10,38,backyard,congruent,✅,0.9213842543439315
10,38,bedroom,incongruent,✅,0.09754763842848264
10,38,backyard,incongruent,✅,0.07461716646053175
10,39,solemnly,congruent,✅,0.691446240271619
10,39,excitedly,congruent,✅,0.7783191227140359
10,39,solemnly,incongruent,❌,0.5020362470378106
10,39,excitedly,incongruent,✅,0.35137800931163216
10,4,menu,congruent,✅,0.9274459422940058
10,4,prescription,congruent,✅,0.9980717824932603
10,4,menu,incongruent,✅,0.013568288620827224
10,4,prescription,incongruent,✅,0.048413402694875644
10,40,car,congruent,✅,0.87562499694565
10,40,sock,congruent,❌,0.2546564996939377
10,40,car,incongruent,✅,0.05276234847022905
10,40,sock,incongruent,✅,0.018341010347209374
10,41,overdressed,congruent,✅,0.7791522016717148
10,41,naked,congruent,✅,0.974954277433584
10,41,overdressed,incongruent,❌,0.6284928297118849
10,41,naked,incongruent,✅,0.4379771517608819
10,42,shy,congruent,✅,0.7808700295356966
10,42,lively,congruent,✅,0.8096334247095289
10,42,shy,incongruent,✅,0.42204641512054364
10,42,lively,incongruent,✅,0.3055760821604087
10,43,offended,congruent,✅,0.5922709395023201
10,43,flattered,congruent,❌,0.40210183786983655
10,43,offended,incongruent,✅,0.21989806942501725
10,43,flattered,incongruent,✅,0.33897745690949216
10,44,grandkid,congruent,✅,0.983528248187469
10,44,cellmate,congruent,✅,0.9542680437921027
10,44,grandkid,incongruent,✅,0.04280609295265105
10,44,cellmate,incongruent,✅,0.050069164678339814
10,45,promoted,congruent,✅,0.9128656191785652
10,45,fired,congruent,✅,0.9564446609613412
10,45,promoted,incongruent,✅,0.4965760538743518
10,45,fired,incongruent,❌,0.8671814015364567
10,46,shooting,congruent,❌,0.15685027327786702
10,46,celebration,congruent,✅,0.6821679595571528
10,46,shooting,incongruent,✅,0.009018948361093028
10,46,celebration,incongruent,✅,0.16536470759751368
10,47,crayon,congruent,✅,0.7850098783248893
10,47,beer,congruent,✅,0.9909476956590729
10,47,crayon,incongruent,✅,0.005061068473175216
10,47,beer,incongruent,✅,0.021213782676122714
10,48,waiter,congruent,✅,0.9961209098134837
10,48,taxi,congruent,✅,0.9976262999130181
10,48,waiter,incongruent,✅,0.11695824459216451
10,48,taxi,incongruent,✅,0.18727941364593342
10,49,parents,congruent,✅,0.7273074112116401
10,49,keys,congruent,✅,0.9113212507720971
10,49,parents,incongruent,✅,0.07865061520697854
10,49,keys,incongruent,✅,0.06666430852344966
10,5,distress,congruent,✅,0.8834568281598076
10,5,tranquility,congruent,✅,0.5705407208838189
10,5,distress,incongruent,✅,0.28712046639140115
10,5,tranquility,incongruent,✅,0.2559860918955473
10,50,sofa,congruent,✅,0.9962871534800358
10,50,sky,congruent,✅,0.9747729396571874
10,50,sofa,incongruent,❌,0.6379084691829928
10,50,sky,incongruent,✅,0.3467077297929332
10,51,obesity,congruent,❌,0.14066773086903253
10,51,homework,congruent,✅,0.9842880981598965
10,51,obesity,incongruent,✅,0.001821910579442906
10,51,homework,incongruent,✅,0.08707568963118562
10,52,quiz,congruent,✅,0.8344454063051069
10,52,commute,congruent,✅,0.9544777141084727
10,52,quiz,incongruent,✅,0.2097365090071456
10,52,commute,incongruent,✅,0.00938600459276364
10,53,migraine,congruent,✅,0.9988991689448916
10,53,excitement,congruent,✅,0.6589434453897912
10,53,migraine,incongruent,✅,0.028469638206766262
10,53,excitement,incongruent,❌,0.9261954334876302
10,54,niece,congruent,✅,0.738842523041894
10,54,husband,congruent,✅,0.9018379913271848
10,54,niece,incongruent,✅,0.4935418705301708
10,54,husband,incongruent,✅,0.2630180348161611
10,55,film,congruent,✅,0.9672160385796376
10,55,sunrise,congruent,✅,0.9813261021902299
10,55,film,incongruent,✅,0.04538156350535881
10,55,sunrise,incongruent,✅,0.09710235987314879
10,56,lecture,congruent,✅,0.9553817569675852
10,56,banquet,congruent,✅,0.8332750518804175
10,56,lecture,incongruent,✅,0.034682934082254015
10,56,banquet,incongruent,✅,0.008739073108691053
10,57,drink,congruent,✅,0.9974622333140418
10,57,textbook,congruent,✅,0.9655357623267213
10,57,drink,incongruent,✅,0.02655419151638059
10,57,textbook,incongruent,✅,0.050438793260762234
10,58,pool,congruent,✅,0.9737953409829657
10,58,snow,congruent,✅,0.686467242030386
10,58,pool,incongruent,✅,0.033778110242133084
10,58,snow,incongruent,✅,0.02489285056630443
10,59,passport,congruent,✅,0.9102932684800208
10,59,plushy,congruent,✅,0.9956323204200362
10,59,passport,incongruent,✅,0.03201333813977772
10,59,plushy,incongruent,✅,0.08142977546354542
10,6,patients,congruent,✅,0.9881721328111386
10,6,students,congruent,✅,0.9953722450454393
10,6,patients,incongruent,✅,0.0025579750605248613
10,6,students,incongruent,✅,0.008445623593010435
10,60,sister,congruent,✅,0.729267372788694
10,60,father,congruent,✅,0.9372780276229297
10,60,sister,incongruent,✅,0.4916050968474525
10,60,father,incongruent,✅,0.210715586561096
10,61,game,congruent,✅,0.9981158703892437
10,61,sunset,congruent,✅,0.9521059568681169
10,61,game,incongruent,✅,0.09306364755636094
10,61,sunset,incongruent,✅,0.03148851540770887
10,62,holidays,congruent,✅,0.9822045652095225
10,62,funeral,congruent,✅,0.9977682992596989
10,62,holidays,incongruent,✅,0.03447862951280988
10,62,funeral,incongruent,✅,0.466189856727588
10,63,grades,congruent,✅,0.9068136193156577
10,63,affair,congruent,✅,0.9620625630330419
10,63,grades,incongruent,✅,0.0627163206369011
10,63,affair,incongruent,✅,0.1804130509890788
10,64,arrest,congruent,✅,0.8369007917462372
10,64,stroke,congruent,✅,0.5035134294431981
10,64,arrest,incongruent,✅,0.2728058546756617
10,64,stroke,incongruent,✅,0.0322904546004448
10,65,pacifier,congruent,✅,0.868331616757264
10,65,coffee,congruent,✅,0.9739178273188204
10,65,pacifier,incongruent,✅,0.00849530194070811
10,65,coffee,incongruent,✅,0.05177995421152799
10,66,sweets,congruent,✅,0.9955885737534733
10,66,sentencing,congruent,✅,0.9007094166191146
10,66,sweets,incongruent,✅,0.0012065881932444356
10,66,sentencing,incongruent,✅,0.023945568989415727
10,67,nap,congruent,✅,0.8978916959219502
10,67,selfie,congruent,✅,0.9923617569078635
10,67,nap,incongruent,✅,0.04681729928895345
10,67,selfie,incongruent,✅,0.009380636962612186
10,68,diaper,congruent,✅,0.9908411354110382
10,68,tire,congruent,✅,0.9892798843617286
10,68,diaper,incongruent,✅,0.0018928671945485074
10,68,tire,incongruent,✅,0.0015644004165508631
10,69,chemotherapy,congruent,✅,0.874723468476539
10,69,golf,congruent,✅,0.9363605754061168
10,69,chemotherapy,incongruent,✅,0.0012885310482919742
10,69,golf,incongruent,✅,0.007816766088639338
10,7,consensus,congruent,✅,0.6141396806251008
10,7,deadlock,congruent,✅,0.6850535864858504
10,7,consensus,incongruent,❌,0.5002034633657559
10,7,deadlock,incongruent,❌,0.5479317614800032
10,70,thunder,congruent,✅,0.9781483965939315
10,70,lullaby,congruent,✅,0.9659390130024504
10,70,thunder,incongruent,✅,0.08172059654819054
10,70,lullaby,incongruent,✅,0.012986953730389397
10,71,pajamas,congruent,✅,0.9882222564161757
10,71,uniform,congruent,✅,0.9473355801749427
10,71,pajamas,incongruent,✅,0.45875944215211334
10,71,uniform,incongruent,✅,0.021141087727415835
10,72,gown,congruent,✅,0.9973565386010085
10,72,sweats,congruent,✅,0.9777186503916113
10,72,gown,incongruent,✅,0.028427290090693284
10,72,sweats,incongruent,✅,0.36654925354195217
10,73,deadline,congruent,❌,0.16444454370817616
10,73,bed,congruent,✅,0.9932158859005464
10,73,deadline,incongruent,✅,0.0985991376309986
10,73,bed,incongruent,✅,0.010613361667835556
10,74,kindergarten,congruent,❌,0.4423265690491415
10,74,jail,congruent,✅,0.9862490548868729
10,74,kindergarten,incongruent,✅,0.10013739214706464
10,74,jail,incongruent,✅,0.04690790182331915
10,75,interrogated,congruent,✅,0.9438052578721635
10,75,tickled,congruent,✅,0.7993686312104945
10,75,interrogated,incongruent,✅,0.12813387318351876
10,75,tickled,incongruent,✅,0.021734003477749415
10,76,sandcastle,congruent,✅,0.9747102898754101
10,76,snowman,congruent,✅,0.9971250367959827
10,76,sandcastle,incongruent,✅,0.3199941253940356
10,76,snowman,incongruent,❌,0.9710960291031348
10,77,music,congruent,✅,0.9911966839284189
10,77,pizza,congruent,✅,0.9975735066306128
10,77,music,incongruent,✅,0.008423609655274528
10,77,pizza,incongruent,✅,0.007818706438915388
10,78,playoffs,congruent,✅,0.6900716651724899
10,78,cartoon,congruent,✅,0.9515833615000673
10,78,playoffs,incongruent,✅,0.0031648293057855116
10,78,cartoon,incongruent,✅,0.07339804010167676
10,79,alcoholism,congruent,✅,0.9864052437889476
10,79,academics,congruent,✅,0.9581682360205603
10,79,alcoholism,incongruent,✅,0.047321719325292645
10,79,academics,incongruent,✅,0.11031513369525335
10,8,engagement,congruent,❌,0.3745581508063609
10,8,cancer,congruent,❌,0.32747723154734926
10,8,engagement,incongruent,✅,0.30691936004026554
10,8,cancer,incongruent,✅,0.08553652426423858
10,9,terminal,congruent,✅,0.9705825487118961
10,9,classroom,congruent,✅,0.9618705394418612
10,9,terminal,incongruent,✅,0.008476199152572956
10,9,classroom,incongruent,✅,0.0038827914239379768
11,0,library,congruent,❌,0.31651924578940915
11,0,refrigerator,congruent,❌,0.4897475111439365
11,0,library,incongruent,✅,0.017536338857204303
11,0,refrigerator,incongruent,✅,0.0016516545085177134
11,1,disappointment,congruent,❌,0.47639159001648945
11,1,delight,congruent,✅,0.5369354147620856
11,1,disappointment,incongruent,✅,0.030324297215572386
11,1,delight,incongruent,✅,0.4999339583786942
11,10,cash,congruent,✅,0.9913772297807923
11,10,groceries,congruent,✅,0.5096560666350601
11,10,cash,incongruent,✅,0.10008979042385986
11,10,groceries,incongruent,✅,0.034878238566842815
11,11,lonely,congruent,✅,0.9176143273633335
11,11,confident,congruent,✅,0.783814978853647
11,11,lonely,incongruent,✅,0.35212321979816424
11,11,confident,incongruent,✅,0.47309394899481577
11,12,joy,congruent,✅,0.9234116364997915
11,12,outrage,congruent,❌,0.3486832971355373
11,12,joy,incongruent,✅,0.38144747826171926
11,12,outrage,incongruent,✅,0.42428137126879195
11,13,traffic,congruent,✅,0.9971603501996202
11,13,snowstorm,congruent,✅,0.996294580538006
11,13,traffic,incongruent,❌,0.8445688079913841
11,13,snowstorm,incongruent,❌,0.9651731778459873
11,14,laughter,congruent,✅,0.9960431452706082
11,14,frustration,congruent,✅,0.832705707794576
11,14,laughter,incongruent,✅,0.2591414442490991
11,14,frustration,incongruent,✅,0.3270726378077137
11,15,calculator,congruent,✅,0.9794146782620657
11,15,instrument,congruent,✅,0.9105689612405297
11,15,calculator,incongruent,✅,0.2665706378293141
11,15,instrument,incongruent,✅,0.2647904229338756
11,16,orchestra,congruent,✅,0.7790142691461058
11,16,racers,congruent,✅,0.6144001644405358
11,16,orchestra,incongruent,✅,0.010448959798816796
11,16,racers,incongruent,✅,0.014052532370189233
11,17,retirement,congruent,✅,0.8813828192355794
11,17,playdate,congruent,✅,0.5872878652813435
11,17,retirement,incongruent,✅,0.01026014941538102
11,17,playdate,incongruent,✅,0.009875207904459529
11,18,relieved,congruent,❌,0.22245639663197814
11,18,depressed,congruent,❌,0.10909126384075925
11,18,relieved,incongruent,✅,0.06416670017034413
11,18,depressed,incongruent,✅,0.3944195491452581
11,19,friends,congruent,❌,0.22045007067653896
11,19,weight,congruent,✅,0.7723516564050754
11,19,friends,incongruent,✅,0.035658322656965474
11,19,weight,incongruent,✅,0.05172169341906171
11,2,overcoat,congruent,❌,0.25216660221856874
11,2,sandals,congruent,✅,0.752388634325298
11,2,overcoat,incongruent,✅,0.10027940660667431
11,2,sandals,incongruent,✅,0.01935117100653951
11,20,lipstick,congruent,✅,0.7495171860466465
11,20,song,congruent,✅,0.9213820099470076
11,20,lipstick,incongruent,✅,0.0031881301001217745
11,20,song,incongruent,✅,0.02319558408896431
11,21,fought,congruent,✅,0.9226245757630488
11,21,sang,congruent,✅,0.917731176732377
11,21,fought,incongruent,✅,0.06078623670460809
11,21,sang,incongruent,✅,0.030942100416566903
11,22,skeptical,congruent,❌,0.3040119786707786
11,22,reassured,congruent,✅,0.5571688549556694
11,22,skeptical,incongruent,❌,0.6072523696927883
11,22,reassured,incongruent,✅,0.1326072159601943
11,23,graduation,congruent,✅,0.9957854106642021
11,23,operation,congruent,✅,0.9045301874746401
11,23,graduation,incongruent,✅,0.0776992658863694
11,23,operation,incongruent,✅,0.05733308406528312
11,24,bride,congruent,✅,0.9950352127941515
11,24,aftermath,congruent,✅,0.9509893204925828
11,24,bride,incongruent,✅,0.26054062063559336
11,24,aftermath,incongruent,✅,0.01901953919244554
11,25,teacher,congruent,✅,0.9003730313085909
11,25,daughter,congruent,✅,0.9594759430163756
11,25,teacher,incongruent,✅,0.14621464645893975
11,25,daughter,incongruent,✅,0.18050146519881438
11,26,roommate,congruent,❌,0.4131950113483119
11,26,grandma,congruent,✅,0.9959860731994447
11,26,roommate,incongruent,✅,0.06154275313743567
11,26,grandma,incongruent,✅,0.0065713259606182935
11,27,brother,congruent,✅,0.7983239211812337
11,27,mother,congruent,✅,0.7542607592090692
11,27,brother,incongruent,✅,0.33970998780546735
11,27,mother,incongruent,✅,0.33138401839032555
11,28,preschool,congruent,✅,0.9535693498181739
11,28,prison,congruent,✅,0.9854154964120893
11,28,preschool,incongruent,✅,0.003367455429227361
11,28,prison,incongruent,✅,0.02705155135408405
11,29,hopeful,congruent,✅,0.5714790205377565
11,29,hopeless,congruent,✅,0.8946216320182755
11,29,hopeful,incongruent,✅,0.18697534900099674
11,29,hopeless,incongruent,❌,0.799410553584688
11,3,marathon,congruent,✅,0.8680985690599692
11,3,exam,congruent,✅,0.7527080288469146
11,3,marathon,incongruent,✅,0.015263549703862806
11,3,exam,incongruent,✅,0.08671249457741864
11,30,appalled,congruent,✅,0.5677260125484622
11,30,overjoyed,congruent,✅,0.8139387613347677
11,30,appalled,incongruent,✅,0.30388672526988747
11,30,overjoyed,incongruent,✅,0.2588200604410398
11,31,reprimand,congruent,✅,0.9502816004685559
11,31,encouragement,congruent,✅,0.7884777532532786
11,31,reprimand,incongruent,✅,0.16848819566781836
11,31,encouragement,incongruent,❌,0.8549653492100142
11,32,angrily,congruent,✅,0.9549264662022172
11,32,cordially,congruent,✅,0.7007413253577996
11,32,angrily,incongruent,✅,0.18909779840509716
11,32,cordially,incongruent,✅,0.20030792410455858
11,33,accusatory,congruent,✅,0.9112164031569375
11,33,flirtatious,congruent,✅,0.7359721910755394
11,33,accusatory,incongruent,✅,0.4343572708151423
11,33,flirtatious,incongruent,✅,0.19016637123637697
11,34,disapprovingly,congruent,✅,0.8085157244375564
11,34,lovingly,congruent,❌,0.1492944114546309
11,34,disapprovingly,incongruent,✅,0.1229474092088392
11,34,lovingly,incongruent,✅,0.45440846443273103
11,35,playful,congruent,❌,0.23519704838353508
11,35,distant,congruent,✅,0.8897856939788751
11,35,playful,incongruent,❌,0.6068512104415226
11,35,distant,incongruent,✅,0.1012666556493547
11,36,headphones,congruent,✅,0.7629585569620391
11,36,mangoes,congruent,✅,0.9718284340375055
11,36,headphones,incongruent,✅,0.00535348874857039
11,36,mangoes,incongruent,✅,0.011616906552930871
11,37,playroom,congruent,✅,0.9624488675277335
11,37,park,congruent,✅,0.990285773106953
11,37,playroom,incongruent,✅,0.4697875290642876
11,37,park,incongruent,❌,0.8375599357233343
11,38,bedroom,congruent,✅,0.9826686317935326
11,38,backyard,congruent,✅,0.842637304726635
11,38,bedroom,incongruent,✅,0.0652738153830004
11,38,backyard,incongruent,✅,0.08562439474447558
11,39,solemnly,congruent,✅,0.7185940315297061
11,39,excitedly,congruent,✅,0.708365298099263
11,39,solemnly,incongruent,✅,0.3473125046228881
11,39,excitedly,incongruent,✅,0.23297622595183226
11,4,menu,congruent,✅,0.5733993088780095
11,4,prescription,congruent,✅,0.9877493719786553
11,4,menu,incongruent,✅,0.004776360895552067
11,4,prescription,incongruent,✅,0.029238967931401856
11,40,car,congruent,✅,0.66729570901318
11,40,sock,congruent,❌,0.317512719294516
11,40,car,incongruent,✅,0.08176022903184116
11,40,sock,incongruent,✅,0.01477439093342861
11,41,overdressed,congruent,✅,0.7329349446939627
11,41,naked,congruent,✅,0.9623774007806267
11,41,overdressed,incongruent,✅,0.4817238624467977
11,41,naked,incongruent,✅,0.09674487775147403
11,42,shy,congruent,✅,0.8768930824586941
11,42,lively,congruent,✅,0.9061553854205114
11,42,shy,incongruent,✅,0.39870885644140264
11,42,lively,incongruent,✅,0.49133392712432483
11,43,offended,congruent,❌,0.308856243502436
11,43,flattered,congruent,❌,0.44760047426882443
11,43,offended,incongruent,✅,0.2748943681246603
11,43,flattered,incongruent,✅,0.08567511163808603
11,44,grandkid,congruent,✅,0.9753522303442965
11,44,cellmate,congruent,✅,0.9869670950175967
11,44,grandkid,incongruent,✅,0.13193313678768975
11,44,cellmate,incongruent,✅,0.06480625920652977
11,45,promoted,congruent,✅,0.9563485136602641
11,45,fired,congruent,✅,0.9722207245143922
11,45,promoted,incongruent,❌,0.5425840474961103
11,45,fired,incongruent,❌,0.9028721958933549
11,46,shooting,congruent,❌,0.08406391201871491
11,46,celebration,congruent,✅,0.5585085119505281
11,46,shooting,incongruent,✅,0.006058029093379302
11,46,celebration,incongruent,✅,0.07086177993636873
11,47,crayon,congruent,✅,0.5568040809137825
11,47,beer,congruent,✅,0.9935002660905067
11,47,crayon,incongruent,✅,0.010443188896597805
11,47,beer,incongruent,✅,0.006442840226796267
11,48,waiter,congruent,✅,0.9916026770488312
11,48,taxi,congruent,✅,0.9942087362681004
11,48,waiter,incongruent,✅,0.07549180175281912
11,48,taxi,incongruent,✅,0.3806380313014873
11,49,parents,congruent,✅,0.7446882930488495
11,49,keys,congruent,✅,0.8664705736556974
11,49,parents,incongruent,✅,0.17578026810986833
11,49,keys,incongruent,✅,0.0737587132756173
11,5,distress,congruent,✅,0.9736579541423988
11,5,tranquility,congruent,✅,0.5430178261714858
11,5,distress,incongruent,✅,0.14150126224815093
11,5,tranquility,incongruent,✅,0.41317625894961035
11,50,sofa,congruent,✅,0.998289013660597
11,50,sky,congruent,✅,0.9880960312851258
11,50,sofa,incongruent,❌,0.785020431363119
11,50,sky,incongruent,✅,0.3234096795325037
11,51,obesity,congruent,❌,0.305340722319891
11,51,homework,congruent,✅,0.9852169095441929
11,51,obesity,incongruent,✅,0.005572559528764976
11,51,homework,incongruent,✅,0.18609093307926328
11,52,quiz,congruent,✅,0.9466168985466272
11,52,commute,congruent,✅,0.9546524280790702
11,52,quiz,incongruent,✅,0.12622525156592992
11,52,commute,incongruent,✅,0.02859553833275591
11,53,migraine,congruent,✅,0.9913422223809863
11,53,excitement,congruent,✅,0.8779387421575854
11,53,migraine,incongruent,✅,0.020933622980960825
11,53,excitement,incongruent,❌,0.6288872674420449
11,54,niece,congruent,✅,0.7253962837099754
11,54,husband,congruent,✅,0.8723240069446837
11,54,niece,incongruent,✅,0.445256838647536
11,54,husband,incongruent,✅,0.2019967499628682
11,55,film,congruent,✅,0.8452352146880114
11,55,sunrise,congruent,✅,0.9754071078560925
11,55,film,incongruent,✅,0.050638259964359784
11,55,sunrise,incongruent,✅,0.04968677597036696
11,56,lecture,congruent,✅,0.9617915727939813
11,56,banquet,congruent,✅,0.8341816140913996
11,56,lecture,incongruent,✅,0.04888983903126448
11,56,banquet,incongruent,✅,0.02899947909481407
11,57,drink,congruent,✅,0.9965402784584094
11,57,textbook,congruent,✅,0.9346056805628888
11,57,drink,incongruent,✅,0.04435436463635957
11,57,textbook,incongruent,✅,0.01647775636471933
11,58,pool,congruent,✅,0.9894361926887709
11,58,snow,congruent,✅,0.6857181906194754
11,58,pool,incongruent,✅,0.0686015428456407
11,58,snow,incongruent,✅,0.12186171182213827
11,59,passport,congruent,✅,0.9522607570892196
11,59,plushy,congruent,✅,0.9988378314231932
11,59,passport,incongruent,✅,0.05210787000039859
11,59,plushy,incongruent,✅,0.17647460431473994
11,6,patients,congruent,✅,0.9800830324968564
11,6,students,congruent,✅,0.9974087135962463
11,6,patients,incongruent,✅,0.005241146196761844
11,6,students,incongruent,✅,0.009101169852268628
11,60,sister,congruent,✅,0.6849687580895175
11,60,father,congruent,✅,0.9205752370905359
11,60,sister,incongruent,✅,0.289690238623049
11,60,father,incongruent,✅,0.18934222287905036
11,61,game,congruent,✅,0.9940518669321826
11,61,sunset,congruent,✅,0.9348119097200704
11,61,game,incongruent,✅,0.06207790003567769
11,61,sunset,incongruent,✅,0.17055662224950796
11,62,holidays,congruent,✅,0.9742787380944363
11,62,funeral,congruent,✅,0.9979510404291675
11,62,holidays,incongruent,✅,0.1153355953904513
11,62,funeral,incongruent,✅,0.476520094396357
11,63,grades,congruent,✅,0.7511354339498518
11,63,affair,congruent,✅,0.9367299259778588
11,63,grades,incongruent,✅,0.0632450615541402
11,63,affair,incongruent,✅,0.1146680848490905
11,64,arrest,congruent,✅,0.7074611547930474
11,64,stroke,congruent,❌,0.43267184147391463
11,64,arrest,incongruent,✅,0.2266183765721107
11,64,stroke,incongruent,✅,0.029206155637892476
11,65,pacifier,congruent,✅,0.7750001190933107
11,65,coffee,congruent,✅,0.9933089664735214
11,65,pacifier,incongruent,✅,0.05252294316893521
11,65,coffee,incongruent,✅,0.04121537605038189
11,66,sweets,congruent,✅,0.9958245402820012
11,66,sentencing,congruent,✅,0.9696687681620295
11,66,sweets,incongruent,✅,0.006031480067942879
11,66,sentencing,incongruent,✅,0.02238735317634982
11,67,nap,congruent,✅,0.9421737037196749
11,67,selfie,congruent,✅,0.98924384171632
11,67,nap,incongruent,✅,0.03902632489460286
11,67,selfie,incongruent,✅,0.02852863156540838
11,68,diaper,congruent,✅,0.9890412553436274
11,68,tire,congruent,✅,0.9926265294211919
11,68,diaper,incongruent,✅,0.0019126649061225521
11,68,tire,incongruent,✅,0.0027763204570444952
11,69,chemotherapy,congruent,✅,0.9119728998603486
11,69,golf,congruent,✅,0.9612160046725681
11,69,chemotherapy,incongruent,✅,0.008045576239222474
11,69,golf,incongruent,✅,0.030911918616703876
11,7,consensus,congruent,✅,0.6946368935240103
11,7,deadlock,congruent,✅,0.7513737904431694
11,7,consensus,incongruent,✅,0.4108304356963934
11,7,deadlock,incongruent,❌,0.8107629953637687
11,70,thunder,congruent,✅,0.9444425322481497
11,70,lullaby,congruent,✅,0.9812789481093226
11,70,thunder,incongruent,✅,0.14137488711711296
11,70,lullaby,incongruent,✅,0.01082821486005687
11,71,pajamas,congruent,✅,0.9850630411141769
11,71,uniform,congruent,✅,0.9766139185765011
11,71,pajamas,incongruent,❌,0.5708126171111272
11,71,uniform,incongruent,✅,0.050595892515330816
11,72,gown,congruent,✅,0.9960184696210338
11,72,sweats,congruent,✅,0.9679315174928707
11,72,gown,incongruent,✅,0.027896112265078713
11,72,sweats,incongruent,✅,0.16581052692720186
11,73,deadline,congruent,❌,0.34049658827748136
11,73,bed,congruent,✅,0.9276370033211898
11,73,deadline,incongruent,✅,0.02589964492292064
11,73,bed,incongruent,✅,0.024168566461407377
11,74,kindergarten,congruent,❌,0.37045805455521963
11,74,jail,congruent,✅,0.9932679035294584
11,74,kindergarten,incongruent,✅,0.03619484954615362
11,74,jail,incongruent,✅,0.03952441238146788
11,75,interrogated,congruent,✅,0.9396783101187905
11,75,tickled,congruent,✅,0.7945528192623114
11,75,interrogated,incongruent,✅,0.021912177380142023
11,75,tickled,incongruent,✅,0.016172473619003022
11,76,sandcastle,congruent,✅,0.9548389040250697
11,76,snowman,congruent,✅,0.9926263900668579
11,76,sandcastle,incongruent,✅,0.2800572248626985
11,76,snowman,incongruent,❌,0.9358439470383793
11,77,music,congruent,✅,0.9983388279955773
11,77,pizza,congruent,✅,0.9953635517148604
11,77,music,incongruent,✅,0.0065511935882462775
11,77,pizza,incongruent,✅,0.004129472655379407
11,78,playoffs,congruent,✅,0.7716083150176682
11,78,cartoon,congruent,✅,0.989227747099889
11,78,playoffs,incongruent,✅,0.015218918555784285
11,78,cartoon,incongruent,✅,0.0786919777712153
11,79,alcoholism,congruent,✅,0.9781497337268815
11,79,academics,congruent,✅,0.9515736795943903
11,79,alcoholism,incongruent,✅,0.031161484274090958
11,79,academics,incongruent,✅,0.042405758481462996
11,8,engagement,congruent,✅,0.6245761295211448
11,8,cancer,congruent,✅,0.539207074368516
11,8,engagement,incongruent,✅,0.44581162251402534
11,8,cancer,incongruent,✅,0.1782417169073947
11,9,terminal,congruent,✅,0.9879490787233756
11,9,classroom,congruent,✅,0.8901723482726295
11,9,terminal,incongruent,✅,0.007620885118159369
11,9,classroom,incongruent,✅,0.0044893358463232716
12,0,library,congruent,✅,0.5739802667637987
12,0,refrigerator,congruent,❌,0.41789051061908256
12,0,library,incongruent,✅,0.00803117655535526
12,0,refrigerator,incongruent,✅,0.005854281574475053
12,1,disappointment,congruent,❌,0.2320655832599499
12,1,delight,congruent,✅,0.8019741632229961
12,1,disappointment,incongruent,✅,0.00598092540946366
12,1,delight,incongruent,✅,0.2267082948517641
12,10,cash,congruent,✅,0.9860551758142618
12,10,groceries,congruent,✅,0.7485308676537797
12,10,cash,incongruent,✅,0.19584761903652118
12,10,groceries,incongruent,✅,0.018513330919764936
12,11,lonely,congruent,✅,0.9559405839073307
12,11,confident,congruent,✅,0.8825504543991736
12,11,lonely,incongruent,✅,0.2594772679390736
12,11,confident,incongruent,✅,0.17512005825076696
12,12,joy,congruent,✅,0.9835095047848726
12,12,outrage,congruent,❌,0.07831507907181526
12,12,joy,incongruent,✅,0.04489718455076788
12,12,outrage,incongruent,✅,0.297311229496458
12,13,traffic,congruent,✅,0.9991325760156659
12,13,snowstorm,congruent,✅,0.998975718849148
12,13,traffic,incongruent,❌,0.9687356418093461
12,13,snowstorm,incongruent,❌,0.9831786588598521
12,14,laughter,congruent,✅,0.9931270295341688
12,14,frustration,congruent,✅,0.9555424348930903
12,14,laughter,incongruent,✅,0.21214016293880814
12,14,frustration,incongruent,✅,0.1713416519007242
12,15,calculator,congruent,✅,0.9432927949400542
12,15,instrument,congruent,✅,0.9740692114554247
12,15,calculator,incongruent,✅,0.22863342211044083
12,15,instrument,incongruent,✅,0.10791800806068416
12,16,orchestra,congruent,✅,0.6862412805363447
12,16,racers,congruent,✅,0.6505699713112504
12,16,orchestra,incongruent,✅,0.020690017334660565
12,16,racers,incongruent,✅,0.005726871840106413
12,17,retirement,congruent,✅,0.8788757588801737
12,17,playdate,congruent,❌,0.375674740125009
12,17,retirement,incongruent,✅,0.004028430608189135
12,17,playdate,incongruent,✅,0.006906676619108421
12,18,relieved,congruent,❌,0.4277812216104354
12,18,depressed,congruent,❌,0.24219359520730505
12,18,relieved,incongruent,✅,0.13215519539473192
12,18,depressed,incongruent,✅,0.32153827972882254
12,19,friends,congruent,❌,0.06739055331290075
12,19,weight,congruent,✅,0.6991530864500825
12,19,friends,incongruent,✅,0.0255574825970684
12,19,weight,incongruent,✅,0.01705109754237091
12,2,overcoat,congruent,❌,0.2215830026637829
12,2,sandals,congruent,✅,0.7708114662670441
12,2,overcoat,incongruent,✅,0.10065818697270627
12,2,sandals,incongruent,✅,0.037868732777894265
12,20,lipstick,congruent,✅,0.7509352853376864
12,20,song,congruent,✅,0.8839625019700186
12,20,lipstick,incongruent,✅,0.0005239326868962262
12,20,song,incongruent,✅,0.04097836360675648
12,21,fought,congruent,✅,0.9497133215229459
12,21,sang,congruent,✅,0.9587278439946648
12,21,fought,incongruent,✅,0.04892434505349388
12,21,sang,incongruent,✅,0.01490704091286528
12,22,skeptical,congruent,❌,0.15803598729935187
12,22,reassured,congruent,❌,0.3724106301746253
12,22,skeptical,incongruent,✅,0.29093228133202265
12,22,reassured,incongruent,✅,0.05220866933600014
12,23,graduation,congruent,✅,0.9968435137898789
12,23,operation,congruent,✅,0.953925145545196
12,23,graduation,incongruent,✅,0.047494811766606956
12,23,operation,incongruent,✅,0.04524139415699944
12,24,bride,congruent,✅,0.9947314339622287
12,24,aftermath,congruent,✅,0.9709791447032182
12,24,bride,incongruent,✅,0.24427605140967998
12,24,aftermath,incongruent,✅,0.010719680029174578
12,25,teacher,congruent,✅,0.9444793103684366
12,25,daughter,congruent,✅,0.9415698008557782
12,25,teacher,incongruent,✅,0.21918986243867256
12,25,daughter,incongruent,✅,0.4761719259942697
12,26,roommate,congruent,❌,0.41292969428236703
12,26,grandma,congruent,✅,0.9912606878643263
12,26,roommate,incongruent,✅,0.01404476680191009
12,26,grandma,incongruent,✅,0.005402402730859637
12,27,brother,congruent,✅,0.7652706486769535
12,27,mother,congruent,✅,0.8377489784090209
12,27,brother,incongruent,✅,0.1545794718084794
12,27,mother,incongruent,✅,0.1709996452586311
12,28,preschool,congruent,✅,0.9486890384599429
12,28,prison,congruent,✅,0.9914625140635961
12,28,preschool,incongruent,✅,0.0020068761353604064
12,28,prison,incongruent,✅,0.016419946631750726
12,29,hopeful,congruent,✅,0.6910628814361282
12,29,hopeless,congruent,✅,0.957929289853772
12,29,hopeful,incongruent,✅,0.24793555648249205
12,29,hopeless,incongruent,❌,0.666220148092552
12,3,marathon,congruent,✅,0.9052104398910806
12,3,exam,congruent,✅,0.6897989330383473
12,3,marathon,incongruent,✅,0.006991585667728794
12,3,exam,incongruent,✅,0.0685217883977161
12,30,appalled,congruent,✅,0.9149681884345392
12,30,overjoyed,congruent,✅,0.9760235462914189
12,30,appalled,incongruent,❌,0.5917647078485818
12,30,overjoyed,incongruent,❌,0.7645150630771046
12,31,reprimand,congruent,✅,0.8715247489629787
12,31,encouragement,congruent,✅,0.6384379094227718
12,31,reprimand,incongruent,✅,0.016280235195074443
12,31,encouragement,incongruent,❌,0.5044401703290227
12,32,angrily,congruent,✅,0.9901018176444862
12,32,cordially,congruent,✅,0.8708992370401735
12,32,angrily,incongruent,✅,0.055752441330879914
12,32,cordially,incongruent,✅,0.15750154962527646
12,33,accusatory,congruent,✅,0.991822355439033
12,33,flirtatious,congruent,✅,0.6795141247784239
12,33,accusatory,incongruent,✅,0.21220212177445202
12,33,flirtatious,incongruent,✅,0.40126962126248794
12,34,disapprovingly,congruent,✅,0.9208593747495117
12,34,lovingly,congruent,❌,0.4735136715408289
12,34,disapprovingly,incongruent,✅,0.13686721201548802
12,34,lovingly,incongruent,✅,0.3013619252656269
12,35,playful,congruent,✅,0.5092015101803987
12,35,distant,congruent,✅,0.9739982451120497
12,35,playful,incongruent,✅,0.4384828577066758
12,35,distant,incongruent,✅,0.07758727325625275
12,36,headphones,congruent,✅,0.8530447792956466
12,36,mangoes,congruent,✅,0.9914525926116682
12,36,headphones,incongruent,✅,0.034763191209452544
12,36,mangoes,incongruent,✅,0.03623752362811423
12,37,playroom,congruent,✅,0.9717548222902409
12,37,park,congruent,✅,0.9944070134871933
12,37,playroom,incongruent,❌,0.5849122535211244
12,37,park,incongruent,❌,0.7664096400292087
12,38,bedroom,congruent,✅,0.8567414301039878
12,38,backyard,congruent,✅,0.952100984625174
12,38,bedroom,incongruent,✅,0.0462822646560115
12,38,backyard,incongruent,✅,0.04461740040392333
12,39,solemnly,congruent,✅,0.7565788218314612
12,39,excitedly,congruent,✅,0.6403126338095415
12,39,solemnly,incongruent,✅,0.024895916268284028
12,39,excitedly,incongruent,✅,0.04987317798943596
12,4,menu,congruent,✅,0.7057418185841138
12,4,prescription,congruent,✅,0.9834267330206822
12,4,menu,incongruent,✅,0.0038546816253657787
12,4,prescription,incongruent,✅,0.042918144704301775
12,40,car,congruent,✅,0.6090602398593314
12,40,sock,congruent,❌,0.2141963761187254
12,40,car,incongruent,✅,0.04169414186343631
12,40,sock,incongruent,✅,0.0074501844735848375
12,41,overdressed,congruent,✅,0.7436368438771938
12,41,naked,congruent,✅,0.9919836871169874
12,41,overdressed,incongruent,❌,0.6479928706701673
12,41,naked,incongruent,✅,0.16952728613809168
12,42,shy,congruent,✅,0.9790878305471097
12,42,lively,congruent,✅,0.895821455075296
12,42,shy,incongruent,✅,0.24852867982298543
12,42,lively,incongruent,❌,0.5885955151425626
12,43,offended,congruent,✅,0.7636259623019005
12,43,flattered,congruent,✅,0.5289752635124519
12,43,offended,incongruent,✅,0.23404502564193372
12,43,flattered,incongruent,✅,0.2994520714238557
12,44,grandkid,congruent,✅,0.9836659571661868
12,44,cellmate,congruent,✅,0.9972859806608408
12,44,grandkid,incongruent,✅,0.04314920723873439
12,44,cellmate,incongruent,✅,0.016242742975166605
12,45,promoted,congruent,✅,0.9900048562845294
12,45,fired,congruent,✅,0.9930194087615933
12,45,promoted,incongruent,❌,0.6660030936101549
12,45,fired,incongruent,❌,0.8984180451769535
12,46,shooting,congruent,❌,0.18539495157269678
12,46,celebration,congruent,✅,0.7929689247824716
12,46,shooting,incongruent,✅,0.0019080057432132346
12,46,celebration,incongruent,✅,0.06734781260310486
12,47,crayon,congruent,✅,0.5834268798447031
12,47,beer,congruent,✅,0.9905647247103454
12,47,crayon,incongruent,✅,0.0014801792104357904
12,47,beer,incongruent,✅,0.0037529644581323343
12,48,waiter,congruent,✅,0.9460509776112734
12,48,taxi,congruent,✅,0.9901766715222445
12,48,waiter,incongruent,✅,0.05661999091503767
12,48,taxi,incongruent,✅,0.34114137035924347
12,49,parents,congruent,✅,0.6431160972334852
12,49,keys,congruent,✅,0.8795864048471606
12,49,parents,incongruent,✅,0.32570053592096915
12,49,keys,incongruent,✅,0.06696725980653034
12,5,distress,congruent,✅,0.9874932252835238
12,5,tranquility,congruent,✅,0.88761085517751
12,5,distress,incongruent,✅,0.06649449130790555
12,5,tranquility,incongruent,✅,0.39027954119760544
12,50,sofa,congruent,✅,0.9983540019104112
12,50,sky,congruent,✅,0.9825585357714846
12,50,sofa,incongruent,❌,0.6527313612059857
12,50,sky,incongruent,✅,0.3848633272345137
12,51,obesity,congruent,❌,0.09068576538857037
12,51,homework,congruent,✅,0.9924525181998273
12,51,obesity,incongruent,✅,0.0011937480179500758
12,51,homework,incongruent,✅,0.06102376676713331
12,52,quiz,congruent,✅,0.9848587255029888
12,52,commute,congruent,✅,0.9722022787032915
12,52,quiz,incongruent,✅,0.022679586996618376
12,52,commute,incongruent,✅,0.04409030817505065
12,53,migraine,congruent,✅,0.9918520411501227
12,53,excitement,congruent,✅,0.9766399529143321
12,53,migraine,incongruent,✅,0.004792425940400129
12,53,excitement,incongruent,✅,0.12364186074799223
12,54,niece,congruent,✅,0.8153347904871037
12,54,husband,congruent,✅,0.8837972036408195
12,54,niece,incongruent,❌,0.5487289934164707
12,54,husband,incongruent,✅,0.08742319335156117
12,55,film,congruent,✅,0.9121458469934529
12,55,sunrise,congruent,✅,0.9832048669290444
12,55,film,incongruent,✅,0.008709854241920938
12,55,sunrise,incongruent,✅,0.03291234530465604
12,56,lecture,congruent,✅,0.9326534573529488
12,56,banquet,congruent,✅,0.9166702742790048
12,56,lecture,incongruent,✅,0.04307290031610441
12,56,banquet,incongruent,✅,0.012432803679451616
12,57,drink,congruent,✅,0.990991454070003
12,57,textbook,congruent,✅,0.9697013549979665
12,57,drink,incongruent,✅,0.03418853941533792
12,57,textbook,incongruent,✅,0.007927917004209365
12,58,pool,congruent,✅,0.9897812953786931
12,58,snow,congruent,✅,0.5152290410916958
12,58,pool,incongruent,✅,0.03998701707698801
12,58,snow,incongruent,✅,0.08911294717054039
12,59,passport,congruent,✅,0.9774631500329622
12,59,plushy,congruent,✅,0.9968413349105948
12,59,passport,incongruent,✅,0.06422746422658873
12,59,plushy,incongruent,✅,0.11101777090545581
12,6,patients,congruent,✅,0.9923088517069298
12,6,students,congruent,✅,0.9967930844775554
12,6,patients,incongruent,✅,0.012836218755862815
12,6,students,incongruent,✅,0.00936353046697857
12,60,sister,congruent,✅,0.9366992935657253
12,60,father,congruent,✅,0.9692867223324253
12,60,sister,incongruent,✅,0.49477613967018547
12,60,father,incongruent,❌,0.5289159362045762
12,61,game,congruent,✅,0.9848601690192581
12,61,sunset,congruent,✅,0.9659698379997345
12,61,game,incongruent,✅,0.08995334850746643
12,61,sunset,incongruent,✅,0.01965186511896879
12,62,holidays,congruent,✅,0.9516758310998449
12,62,funeral,congruent,✅,0.989852959270649
12,62,holidays,incongruent,✅,0.018446404860692964
12,62,funeral,incongruent,✅,0.39916536384660906
12,63,grades,congruent,✅,0.6324478171842565
12,63,affair,congruent,✅,0.9770704886827908
12,63,grades,incongruent,✅,0.12306541245875754
12,63,affair,incongruent,✅,0.07806271911948084
12,64,arrest,congruent,❌,0.1873078430971627
12,64,stroke,congruent,❌,0.31844578312732197
12,64,arrest,incongruent,✅,0.10800025897492141
12,64,stroke,incongruent,✅,0.011135571574821082
12,65,pacifier,congruent,✅,0.8226643332817482
12,65,coffee,congruent,✅,0.9903591787526226
12,65,pacifier,incongruent,✅,0.015533473699653815
12,65,coffee,incongruent,✅,0.068625196761645
12,66,sweets,congruent,✅,0.9981825943540744
12,66,sentencing,congruent,✅,0.9863548120232699
12,66,sweets,incongruent,✅,0.005585565588161199
12,66,sentencing,incongruent,✅,0.011204290995933858
12,67,nap,congruent,✅,0.996578343134129
12,67,selfie,congruent,✅,0.9982920595347916
12,67,nap,incongruent,✅,0.10444302566822869
12,67,selfie,incongruent,✅,0.006177699069805317
12,68,diaper,congruent,✅,0.9960381668415259
12,68,tire,congruent,✅,0.9959061005956474
12,68,diaper,incongruent,✅,0.004897249684059927
12,68,tire,incongruent,✅,0.005851501911745969
12,69,chemotherapy,congruent,✅,0.9225718914546109
12,69,golf,congruent,✅,0.9669792748401247
12,69,chemotherapy,incongruent,✅,0.0303238510038317
12,69,golf,incongruent,✅,0.02853415291699518
12,7,consensus,congruent,✅,0.6455987245749595
12,7,deadlock,congruent,✅,0.8889833655665739
12,7,consensus,incongruent,❌,0.5817268466709632
12,7,deadlock,incongruent,❌,0.6950353177491622
12,70,thunder,congruent,✅,0.9373360627449191
12,70,lullaby,congruent,✅,0.8771249973804225
12,70,thunder,incongruent,✅,0.12852078593993424
12,70,lullaby,incongruent,✅,0.005191566501620704
12,71,pajamas,congruent,✅,0.973340545506951
12,71,uniform,congruent,✅,0.9879862620381752
12,71,pajamas,incongruent,❌,0.5090857488555541
12,71,uniform,incongruent,✅,0.1653097646434016
12,72,gown,congruent,✅,0.9773224930532464
12,72,sweats,congruent,✅,0.9463407932374479
12,72,gown,incongruent,✅,0.019016634897765457
12,72,sweats,incongruent,✅,0.07949815863358112
12,73,deadline,congruent,❌,0.2221988165136232
12,73,bed,congruent,✅,0.9765612075749106
12,73,deadline,incongruent,✅,0.020796813662857124
12,73,bed,incongruent,✅,0.020223420803329107
12,74,kindergarten,congruent,✅,0.5270221475980363
12,74,jail,congruent,✅,0.9987535023382241
12,74,kindergarten,incongruent,✅,0.058631273513100005
12,74,jail,incongruent,✅,0.012745283436224539
12,75,interrogated,congruent,✅,0.9390704198814626
12,75,tickled,congruent,✅,0.85805081705221
12,75,interrogated,incongruent,✅,0.01057155378335099
12,75,tickled,incongruent,✅,0.002742468394637331
12,76,sandcastle,congruent,✅,0.8945956309019687
12,76,snowman,congruent,✅,0.9951610286826585
12,76,sandcastle,incongruent,✅,0.3958182898439683
12,76,snowman,incongruent,❌,0.9253576047269434
12,77,music,congruent,✅,0.9981790277040119
12,77,pizza,congruent,✅,0.9965284310998517
12,77,music,incongruent,✅,0.006273388430952188
12,77,pizza,incongruent,✅,0.0036791005909784257
12,78,playoffs,congruent,✅,0.8811563966556266
12,78,cartoon,congruent,✅,0.9895037087967617
12,78,playoffs,incongruent,✅,0.03820436707789604
12,78,cartoon,incongruent,✅,0.16680759226477615
12,79,alcoholism,congruent,✅,0.9947467285699899
12,79,academics,congruent,✅,0.9857039926353838
12,79,alcoholism,incongruent,✅,0.026277667611904476
12,79,academics,incongruent,✅,0.009359551700057036
12,8,engagement,congruent,✅,0.545906121593002
12,8,cancer,congruent,❌,0.3939793021058245
12,8,engagement,incongruent,✅,0.35329581595075793
12,8,cancer,incongruent,✅,0.06206892099864606
12,9,terminal,congruent,✅,0.9910493772961011
12,9,classroom,congruent,✅,0.9193660113052033
12,9,terminal,incongruent,✅,0.004032065159716898
12,9,classroom,incongruent,✅,0.015901570592795528
13,0,library,congruent,✅,0.6863755877874154
13,0,refrigerator,congruent,✅,0.6096574334738423
13,0,library,incongruent,✅,0.015662152369145064
13,0,refrigerator,incongruent,✅,0.004625013630673524
13,1,disappointment,congruent,❌,0.12986327944505976
13,1,delight,congruent,✅,0.7888432698834391
13,1,disappointment,incongruent,✅,0.007956356222429154
13,1,delight,incongruent,✅,0.05417878933225739
13,10,cash,congruent,✅,0.9825726451130495
13,10,groceries,congruent,✅,0.9029863746164672
13,10,cash,incongruent,✅,0.25160744086985354
13,10,groceries,incongruent,✅,0.03736249239340729
13,11,lonely,congruent,✅,0.9791436198792263
13,11,confident,congruent,✅,0.9201354157042307
13,11,lonely,incongruent,✅,0.2614557898980861
13,11,confident,incongruent,✅,0.474700669341328
13,12,joy,congruent,✅,0.9652590437170219
13,12,outrage,congruent,❌,0.06972579778730467
13,12,joy,incongruent,✅,0.035859368181565925
13,12,outrage,incongruent,✅,0.287929782675297
13,13,traffic,congruent,✅,0.9970583745326661
13,13,snowstorm,congruent,✅,0.9982852418568
13,13,traffic,incongruent,❌,0.9390313097017582
13,13,snowstorm,incongruent,❌,0.9414294952910408
13,14,laughter,congruent,✅,0.9890871738266007
13,14,frustration,congruent,✅,0.9801873075838382
13,14,laughter,incongruent,✅,0.4473547203633926
13,14,frustration,incongruent,✅,0.30924474447828143
13,15,calculator,congruent,✅,0.9591189085098408
13,15,instrument,congruent,✅,0.9545918176355759
13,15,calculator,incongruent,✅,0.12317839989576597
13,15,instrument,incongruent,✅,0.26460174422223515
13,16,orchestra,congruent,✅,0.7708590502319379
13,16,racers,congruent,✅,0.7962905101142715
13,16,orchestra,incongruent,✅,0.04177824117254556
13,16,racers,incongruent,✅,0.0052255772957090245
13,17,retirement,congruent,✅,0.9495430366596365
13,17,playdate,congruent,❌,0.4978947056009669
13,17,retirement,incongruent,✅,0.007329606818116373
13,17,playdate,incongruent,✅,0.015461869419765023
13,18,relieved,congruent,✅,0.5393579083720744
13,18,depressed,congruent,❌,0.07855579502779217
13,18,relieved,incongruent,✅,0.040420057088818184
13,18,depressed,incongruent,✅,0.3469264256596425
13,19,friends,congruent,❌,0.343238328760487
13,19,weight,congruent,❌,0.33693060828875876
13,19,friends,incongruent,✅,0.009574533489582206
13,19,weight,incongruent,✅,0.07231664994510915
13,2,overcoat,congruent,❌,0.16393099877887232
13,2,sandals,congruent,✅,0.5165926176429678
13,2,overcoat,incongruent,✅,0.025565523521440956
13,2,sandals,incongruent,✅,0.010419501731897427
13,20,lipstick,congruent,✅,0.8793915859607412
13,20,song,congruent,✅,0.9497737032134331
13,20,lipstick,incongruent,✅,0.003177615368189966
13,20,song,incongruent,✅,0.02751193635918495
13,21,fought,congruent,✅,0.9380593859029208
13,21,sang,congruent,✅,0.9153391871989212
13,21,fought,incongruent,✅,0.042239020703814
13,21,sang,incongruent,✅,0.028005689499678375
13,22,skeptical,congruent,❌,0.35390597656531736
13,22,reassured,congruent,❌,0.3860866349932182
13,22,skeptical,incongruent,✅,0.23855599910235004
13,22,reassured,incongruent,✅,0.1122102592902275
13,23,graduation,congruent,✅,0.9929950300559005
13,23,operation,congruent,✅,0.9460911699734041
13,23,graduation,incongruent,✅,0.014290534609109949
13,23,operation,incongruent,✅,0.022828164274108245
13,24,bride,congruent,✅,0.9876971507928082
13,24,aftermath,congruent,✅,0.9809215039419106
13,24,bride,incongruent,✅,0.20206061105282652
13,24,aftermath,incongruent,✅,0.03184587264441191
13,25,teacher,congruent,✅,0.9251927157265847
13,25,daughter,congruent,✅,0.9025650729139405
13,25,teacher,incongruent,✅,0.1781378960054445
13,25,daughter,incongruent,✅,0.4000359071386305
13,26,roommate,congruent,✅,0.5804201862693062
13,26,grandma,congruent,✅,0.9828904946503082
13,26,roommate,incongruent,✅,0.011883824469232274
13,26,grandma,incongruent,✅,0.009609766931735562
13,27,brother,congruent,✅,0.7168704741107585
13,27,mother,congruent,✅,0.7989090058995331
13,27,brother,incongruent,✅,0.1620673917741635
13,27,mother,incongruent,✅,0.15815274676883959
13,28,preschool,congruent,✅,0.9041716730663102
13,28,prison,congruent,✅,0.991474272620986
13,28,preschool,incongruent,✅,0.0025486439693077605
13,28,prison,incongruent,✅,0.009184834990947478
13,29,hopeful,congruent,✅,0.6630422956419663
13,29,hopeless,congruent,✅,0.9541696012264782
13,29,hopeful,incongruent,✅,0.22499268211434376
13,29,hopeless,incongruent,✅,0.4191253863123563
13,3,marathon,congruent,✅,0.9450021448308694
13,3,exam,congruent,✅,0.7650804169768778
13,3,marathon,incongruent,✅,0.005635653061473585
13,3,exam,incongruent,✅,0.0677822230117707
13,30,appalled,congruent,✅,0.9616725036985385
13,30,overjoyed,congruent,✅,0.9721974882296975
13,30,appalled,incongruent,❌,0.5909810699505725
13,30,overjoyed,incongruent,❌,0.8733311411024486
13,31,reprimand,congruent,✅,0.866681907989879
13,31,encouragement,congruent,✅,0.8302675888735206
13,31,reprimand,incongruent,✅,0.0672817249795297
13,31,encouragement,incongruent,✅,0.3917128878269271
13,32,angrily,congruent,✅,0.9766287188101008
13,32,cordially,congruent,✅,0.8549540525748904
13,32,angrily,incongruent,✅,0.05476028159718939
13,32,cordially,incongruent,✅,0.1232571480473664
13,33,accusatory,congruent,✅,0.9974552227272978
13,33,flirtatious,congruent,✅,0.8573755384037718
13,33,accusatory,incongruent,✅,0.44263311276399736
13,33,flirtatious,incongruent,❌,0.7771175076164809
13,34,disapprovingly,congruent,✅,0.862503907895502
13,34,lovingly,congruent,✅,0.6224949275255398
13,34,disapprovingly,incongruent,✅,0.20163935340897074
13,34,lovingly,incongruent,✅,0.23368765258064136
13,35,playful,congruent,✅,0.6148178119110375
13,35,distant,congruent,✅,0.9397362425796887
13,35,playful,incongruent,✅,0.32981524648405586
13,35,distant,incongruent,✅,0.07710091953647379
13,36,headphones,congruent,✅,0.9286308972866669
13,36,mangoes,congruent,✅,0.9649021678806301
13,36,headphones,incongruent,✅,0.02147993049387795
13,36,mangoes,incongruent,✅,0.1365750407345811
13,37,playroom,congruent,✅,0.9448229755165712
13,37,park,congruent,✅,0.996710133774038
13,37,playroom,incongruent,❌,0.5168555937952372
13,37,park,incongruent,✅,0.4520859310662416
13,38,bedroom,congruent,✅,0.8834046330870422
13,38,backyard,congruent,✅,0.9848207753164417
13,38,bedroom,incongruent,✅,0.17192384900854005
13,38,backyard,incongruent,✅,0.04346990571739863
13,39,solemnly,congruent,✅,0.8595766602753082
13,39,excitedly,congruent,✅,0.6891018336209168
13,39,solemnly,incongruent,✅,0.0593528517395023
13,39,excitedly,incongruent,✅,0.10490866015181036
13,4,menu,congruent,✅,0.8687483773944938
13,4,prescription,congruent,✅,0.9905724933180361
13,4,menu,incongruent,✅,0.011484160180109997
13,4,prescription,incongruent,✅,0.023050133610399526
13,40,car,congruent,✅,0.6202105769934049
13,40,sock,congruent,❌,0.3808462220522867
13,40,car,incongruent,✅,0.09117479076350939
13,40,sock,incongruent,✅,0.022093044951983717
13,41,overdressed,congruent,❌,0.4217751230378779
13,41,naked,congruent,✅,0.982374274383942
13,41,overdressed,incongruent,❌,0.5015334901282057
13,41,naked,incongruent,✅,0.08580319064344898
13,42,shy,congruent,✅,0.9466363950112738
13,42,lively,congruent,✅,0.944347270287121
13,42,shy,incongruent,✅,0.3737878069381015
13,42,lively,incongruent,✅,0.3913001208345044
13,43,offended,congruent,✅,0.7731323903923302
13,43,flattered,congruent,✅,0.6834674355911471
13,43,offended,incongruent,✅,0.34952742418909605
13,43,flattered,incongruent,✅,0.37594736729345524
13,44,grandkid,congruent,✅,0.9780573433010582
13,44,cellmate,congruent,✅,0.9939375962542523
13,44,grandkid,incongruent,✅,0.1122748035880927
13,44,cellmate,incongruent,✅,0.00761779944266764
13,45,promoted,congruent,✅,0.994277854971448
13,45,fired,congruent,✅,0.9906985619591191
13,45,promoted,incongruent,✅,0.3889773261961136
13,45,fired,incongruent,❌,0.868040470591921
13,46,shooting,congruent,❌,0.24147660143328853
13,46,celebration,congruent,✅,0.6716666397594452
13,46,shooting,incongruent,✅,0.0009227121101552966
13,46,celebration,incongruent,✅,0.03263968289015672
13,47,crayon,congruent,✅,0.7530919114567541
13,47,beer,congruent,✅,0.9957102920808051
13,47,crayon,incongruent,✅,0.00466601683183074
13,47,beer,incongruent,✅,0.00396236568096627
13,48,waiter,congruent,✅,0.9105618494747623
13,48,taxi,congruent,✅,0.989484326554908
13,48,waiter,incongruent,✅,0.07640321121250758
13,48,taxi,incongruent,✅,0.14800665574462454
13,49,parents,congruent,✅,0.864448358132227
13,49,keys,congruent,✅,0.8830287340590839
13,49,parents,incongruent,✅,0.31340509696741825
13,49,keys,incongruent,✅,0.14528733506935698
13,5,distress,congruent,✅,0.9895962714998671
13,5,tranquility,congruent,✅,0.7518689112027006
13,5,distress,incongruent,✅,0.021316642392519892
13,5,tranquility,incongruent,❌,0.5717265740961153
13,50,sofa,congruent,✅,0.9974370523650047
13,50,sky,congruent,✅,0.9514558261668904
13,50,sofa,incongruent,✅,0.4325166037155565
13,50,sky,incongruent,❌,0.5016195491072275
13,51,obesity,congruent,❌,0.2954214345688247
13,51,homework,congruent,✅,0.978263928874319
13,51,obesity,incongruent,✅,0.0002241413782152231
13,51,homework,incongruent,✅,0.15926531354198534
13,52,quiz,congruent,✅,0.9708797679603846
13,52,commute,congruent,✅,0.986079634804005
13,52,quiz,incongruent,✅,0.03357083662158302
13,52,commute,incongruent,✅,0.03893235140791126
13,53,migraine,congruent,✅,0.9661312319731826
13,53,excitement,congruent,✅,0.9685434135690411
13,53,migraine,incongruent,✅,0.009066921037960227
13,53,excitement,incongruent,✅,0.04815642312570658
13,54,niece,congruent,✅,0.8603779369824027
13,54,husband,congruent,✅,0.8361133126641067
13,54,niece,incongruent,✅,0.2500093795214962
13,54,husband,incongruent,✅,0.09352361377940813
13,55,film,congruent,✅,0.9803991094904618
13,55,sunrise,congruent,✅,0.9827234039533654
13,55,film,incongruent,✅,0.011095866241738979
13,55,sunrise,incongruent,✅,0.15255246503793118
13,56,lecture,congruent,✅,0.9063890229837867
13,56,banquet,congruent,✅,0.8417442164839598
13,56,lecture,incongruent,✅,0.03407126067057822
13,56,banquet,incongruent,✅,0.0051466605830697626
13,57,drink,congruent,✅,0.9893166303831945
13,57,textbook,congruent,✅,0.964658483061677
13,57,drink,incongruent,✅,0.02995993769379885
13,57,textbook,incongruent,✅,0.0065687819499127865
13,58,pool,congruent,✅,0.9894165229225255
13,58,snow,congruent,❌,0.4170938841390797
13,58,pool,incongruent,✅,0.021843769142217823
13,58,snow,incongruent,✅,0.03474345200469579
13,59,passport,congruent,✅,0.9645089666795152
13,59,plushy,congruent,✅,0.9972313475425791
13,59,passport,incongruent,✅,0.0981073234092453
13,59,plushy,incongruent,✅,0.11501727003996866
13,6,patients,congruent,✅,0.9864422849776401
13,6,students,congruent,✅,0.9932475784054952
13,6,patients,incongruent,✅,0.00859297692362785
13,6,students,incongruent,✅,0.003777672393496107
13,60,sister,congruent,✅,0.9230685617871933
13,60,father,congruent,✅,0.9410177394506514
13,60,sister,incongruent,✅,0.45133359553201474
13,60,father,incongruent,❌,0.6145300357774935
13,61,game,congruent,✅,0.9918543135138251
13,61,sunset,congruent,✅,0.9629411836731082
13,61,game,incongruent,✅,0.09433772597389754
13,61,sunset,incongruent,✅,0.019489795523816408
13,62,holidays,congruent,✅,0.8710018055608216
13,62,funeral,congruent,✅,0.9952187496569946
13,62,holidays,incongruent,✅,0.03261855096952207
13,62,funeral,incongruent,✅,0.37731222168557105
13,63,grades,congruent,✅,0.5649041575617938
13,63,affair,congruent,✅,0.9813236197819459
13,63,grades,incongruent,✅,0.109961637840463
13,63,affair,incongruent,✅,0.03915214361235772
13,64,arrest,congruent,❌,0.25442125227581514
13,64,stroke,congruent,✅,0.7361255239243425
13,64,arrest,incongruent,✅,0.2982343094032087
13,64,stroke,incongruent,✅,0.031116106687473884
13,65,pacifier,congruent,✅,0.9485377596386672
13,65,coffee,congruent,✅,0.9876502104204616
13,65,pacifier,incongruent,✅,0.010990422625322268
13,65,coffee,incongruent,✅,0.11806093917275971
13,66,sweets,congruent,✅,0.9947849397171361
13,66,sentencing,congruent,✅,0.9840103243124594
13,66,sweets,incongruent,✅,0.011982015648160541
13,66,sentencing,incongruent,✅,0.0050029178569745425
13,67,nap,congruent,✅,0.9961285080792702
13,67,selfie,congruent,✅,0.9878081135181329
13,67,nap,incongruent,✅,0.0389927525426945
13,67,selfie,incongruent,✅,0.00759264667417393
13,68,diaper,congruent,✅,0.9833740569622264
13,68,tire,congruent,✅,0.9870744405587356
13,68,diaper,incongruent,✅,0.0015233756942935731
13,68,tire,incongruent,✅,0.000430439843731873
13,69,chemotherapy,congruent,✅,0.9499322229773112
13,69,golf,congruent,✅,0.9748546241920184
13,69,chemotherapy,incongruent,✅,0.03524813974556141
13,69,golf,incongruent,✅,0.04900676028330287
13,7,consensus,congruent,✅,0.8208617350938926
13,7,deadlock,congruent,✅,0.8591859342784183
13,7,consensus,incongruent,❌,0.5083282530708404
13,7,deadlock,incongruent,❌,0.7492169821438361
13,70,thunder,congruent,✅,0.9720573587879485
13,70,lullaby,congruent,✅,0.7778281981443557
13,70,thunder,incongruent,✅,0.0468422010789889
13,70,lullaby,incongruent,✅,0.04049245379495749
13,71,pajamas,congruent,✅,0.9595482953075428
13,71,uniform,congruent,✅,0.9962925416599858
13,71,pajamas,incongruent,❌,0.5450525783320915
13,71,uniform,incongruent,✅,0.03625375847793626
13,72,gown,congruent,✅,0.9803776411781229
13,72,sweats,congruent,✅,0.9590949442607378
13,72,gown,incongruent,✅,0.019349165459283814
13,72,sweats,incongruent,✅,0.18474679092285404
13,73,deadline,congruent,❌,0.3520812092299818
13,73,bed,congruent,✅,0.9870540678479566
13,73,deadline,incongruent,✅,0.03262835424035793
13,73,bed,incongruent,✅,0.035846903095597314
13,74,kindergarten,congruent,✅,0.8184683661316725
13,74,jail,congruent,✅,0.9953036998525114
13,74,kindergarten,incongruent,✅,0.023357617707501534
13,74,jail,incongruent,✅,0.04542656097663241
13,75,interrogated,congruent,✅,0.9383679988527749
13,75,tickled,congruent,✅,0.8383794836603335
13,75,interrogated,incongruent,✅,0.02958945917062081
13,75,tickled,incongruent,✅,0.002204130985518214
13,76,sandcastle,congruent,✅,0.9612475728428205
13,76,snowman,congruent,✅,0.9877971987077016
13,76,sandcastle,incongruent,✅,0.24338393567709843
13,76,snowman,incongruent,❌,0.8646054525662878
13,77,music,congruent,✅,0.9982201666657382
13,77,pizza,congruent,✅,0.9970687454521171
13,77,music,incongruent,✅,0.011788850816554099
13,77,pizza,incongruent,✅,0.008013002812161423
13,78,playoffs,congruent,✅,0.9494343734904778
13,78,cartoon,congruent,✅,0.9935518676616443
13,78,playoffs,incongruent,✅,0.015916259622801472
13,78,cartoon,incongruent,✅,0.2898786079865107
13,79,alcoholism,congruent,✅,0.9878120020893066
13,79,academics,congruent,✅,0.9725502969337866
13,79,alcoholism,incongruent,✅,0.047903351065709546
13,79,academics,incongruent,✅,0.005555665413343736
13,8,engagement,congruent,✅,0.629023891884815
13,8,cancer,congruent,❌,0.19282489209533143
13,8,engagement,incongruent,✅,0.22334167379489198
13,8,cancer,incongruent,✅,0.06941885382198529
13,9,terminal,congruent,✅,0.9941270631556485
13,9,classroom,congruent,✅,0.9115895729911418
13,9,terminal,incongruent,✅,0.00425762196916665
13,9,classroom,incongruent,✅,0.012117872124437153
14,0,library,congruent,✅,0.952763003190099
14,0,refrigerator,congruent,✅,0.5342556599283869
14,0,library,incongruent,✅,0.006626904602878884
14,0,refrigerator,incongruent,✅,0.0016111451758282801
14,1,disappointment,congruent,❌,0.21625171871006377
14,1,delight,congruent,✅,0.9671607012336108
14,1,disappointment,incongruent,✅,0.0006974331516129774
14,1,delight,incongruent,✅,0.010775886214755639
14,10,cash,congruent,✅,0.9974169499051838
14,10,groceries,congruent,✅,0.9843781252069129
14,10,cash,incongruent,✅,0.44078562429940876
14,10,groceries,incongruent,✅,0.0626165669678479
14,11,lonely,congruent,✅,0.9910126578762408
14,11,confident,congruent,✅,0.9369992073828736
14,11,lonely,incongruent,✅,0.10749724076093499
14,11,confident,incongruent,✅,0.2909763766173641
14,12,joy,congruent,✅,0.9979397929820769
14,12,outrage,congruent,✅,0.5089031573150803
14,12,joy,incongruent,✅,0.13839795225933973
14,12,outrage,incongruent,❌,0.8345067533823372
14,13,traffic,congruent,✅,0.9963092211140647
14,13,snowstorm,congruent,✅,0.9937358304897828
14,13,traffic,incongruent,✅,0.27578899278249847
14,13,snowstorm,incongruent,❌,0.8250165247296158
14,14,laughter,congruent,✅,0.987798138526933
14,14,frustration,congruent,✅,0.99632053738623
14,14,laughter,incongruent,✅,0.028730573764456015
14,14,frustration,incongruent,✅,0.010613623816503602
14,15,calculator,congruent,✅,0.9258858525974681
14,15,instrument,congruent,✅,0.907990629299779
14,15,calculator,incongruent,✅,0.03780427602046121
14,15,instrument,incongruent,✅,0.1578558717108296
14,16,orchestra,congruent,✅,0.9125452121040775
14,16,racers,congruent,✅,0.9485316252049534
14,16,orchestra,incongruent,✅,0.02097379863251527
14,16,racers,incongruent,✅,0.0009703495601921297
14,17,retirement,congruent,✅,0.9343600409417175
14,17,playdate,congruent,✅,0.7534259666911342
14,17,retirement,incongruent,✅,0.0041858972311520646
14,17,playdate,incongruent,✅,0.0019161046394194688
14,18,relieved,congruent,✅,0.8739035616780657
14,18,depressed,congruent,✅,0.59097410147135
14,18,relieved,incongruent,✅,0.03303216553067678
14,18,depressed,incongruent,❌,0.6821782969817929
14,19,friends,congruent,❌,0.19740427487163148
14,19,weight,congruent,✅,0.8723431687064321
14,19,friends,incongruent,✅,0.07929767794358888
14,19,weight,incongruent,✅,0.058405275630955725
14,2,overcoat,congruent,✅,0.9608886880636929
14,2,sandals,congruent,✅,0.6729623151640745
14,2,overcoat,incongruent,✅,0.005403100353786024
14,2,sandals,incongruent,✅,0.010793722650814666
14,20,lipstick,congruent,✅,0.9613728944404502
14,20,song,congruent,✅,0.9894055949884377
14,20,lipstick,incongruent,✅,0.012227988707664644
14,20,song,incongruent,✅,0.13228518481355908
14,21,fought,congruent,✅,0.9905780524523857
14,21,sang,congruent,✅,0.9631492923351243
14,21,fought,incongruent,✅,0.10617559739857994
14,21,sang,incongruent,✅,0.03249909512816894
14,22,skeptical,congruent,✅,0.8771886458333791
14,22,reassured,congruent,✅,0.656397528599259
14,22,skeptical,incongruent,✅,0.18827153793021104
14,22,reassured,incongruent,❌,0.5001778183369318
14,23,graduation,congruent,✅,0.9931823135298014
14,23,operation,congruent,✅,0.9819289061016603
14,23,graduation,incongruent,✅,0.015373407425396527
14,23,operation,incongruent,✅,0.03190149174773882
14,24,bride,congruent,✅,0.9911540336928388
14,24,aftermath,congruent,✅,0.9963968094086812
14,24,bride,incongruent,✅,0.044374536566145636
14,24,aftermath,incongruent,✅,0.01823490589715992
14,25,teacher,congruent,✅,0.929456610148693
14,25,daughter,congruent,✅,0.9160566446947909
14,25,teacher,incongruent,✅,0.03134441316790983
14,25,daughter,incongruent,✅,0.06591007044386446
14,26,roommate,congruent,✅,0.8614367307812204
14,26,grandma,congruent,✅,0.9927199317443587
14,26,roommate,incongruent,✅,0.034154430305519776
14,26,grandma,incongruent,✅,0.00639723714449893
14,27,brother,congruent,✅,0.9075230069304019
14,27,mother,congruent,✅,0.9437661142660387
14,27,brother,incongruent,✅,0.12474043550399262
14,27,mother,incongruent,✅,0.15398494757300946
14,28,preschool,congruent,✅,0.9361640973405185
14,28,prison,congruent,✅,0.9972994212724939
14,28,preschool,incongruent,✅,0.003257622327366472
14,28,prison,incongruent,✅,0.007740165186784403
14,29,hopeful,congruent,❌,0.4136975087771312
14,29,hopeless,congruent,✅,0.932984257079834
14,29,hopeful,incongruent,✅,0.059575891371940526
14,29,hopeless,incongruent,✅,0.017916565909766955
14,3,marathon,congruent,✅,0.9480146045139817
14,3,exam,congruent,✅,0.9512814112037687
14,3,marathon,incongruent,✅,0.005706419680346894
14,3,exam,incongruent,✅,0.010075600926526897
14,30,appalled,congruent,✅,0.9858811492565933
14,30,overjoyed,congruent,✅,0.990525377783742
14,30,appalled,incongruent,✅,0.4890653460385058
14,30,overjoyed,incongruent,❌,0.877767086692934
14,31,reprimand,congruent,✅,0.9052132785812441
14,31,encouragement,congruent,✅,0.7815722231276582
14,31,reprimand,incongruent,✅,0.02759501880927154
14,31,encouragement,incongruent,✅,0.03303327676360293
14,32,angrily,congruent,✅,0.9983560085236168
14,32,cordially,congruent,✅,0.8626519547229323
14,32,angrily,incongruent,✅,0.006120954117945779
14,32,cordially,incongruent,✅,0.034599012861814445
14,33,accusatory,congruent,✅,0.9983371345184592
14,33,flirtatious,congruent,✅,0.9242700616591443
14,33,accusatory,incongruent,✅,0.12819006064131636
14,33,flirtatious,incongruent,❌,0.8362655337067992
14,34,disapprovingly,congruent,✅,0.9495721333074181
14,34,lovingly,congruent,✅,0.5829070554683213
14,34,disapprovingly,incongruent,✅,0.023899057906861865
14,34,lovingly,incongruent,✅,0.06915689905539199
14,35,playful,congruent,✅,0.7719721331421072
14,35,distant,congruent,✅,0.9081396121043792
14,35,playful,incongruent,✅,0.070822432678509
14,35,distant,incongruent,✅,0.03505533033985659
14,36,headphones,congruent,✅,0.9572850333840591
14,36,mangoes,congruent,✅,0.8688342302011361
14,36,headphones,incongruent,✅,0.007013245493343936
14,36,mangoes,incongruent,✅,0.0423424241364883
14,37,playroom,congruent,✅,0.983851584545009
14,37,park,congruent,✅,0.996025928459329
14,37,playroom,incongruent,✅,0.09619940496994879
14,37,park,incongruent,✅,0.10943205882905195
14,38,bedroom,congruent,✅,0.9888038479059691
14,38,backyard,congruent,✅,0.9923293255891777
14,38,bedroom,incongruent,✅,0.03187401934464321
14,38,backyard,incongruent,✅,0.013081094865319559
14,39,solemnly,congruent,✅,0.9118705042959491
14,39,excitedly,congruent,✅,0.8682316963413804
14,39,solemnly,incongruent,✅,0.0018097423370091652
14,39,excitedly,incongruent,✅,0.0008656387014899764
14,4,menu,congruent,✅,0.7617476932395364
14,4,prescription,congruent,✅,0.9970128434498028
14,4,menu,incongruent,✅,0.014725481098144349
14,4,prescription,incongruent,✅,0.007197423995807339
14,40,car,congruent,✅,0.6790972992148087
14,40,sock,congruent,❌,0.12137777870091092
14,40,car,incongruent,✅,0.03626379958509502
14,40,sock,incongruent,✅,0.013674356071810884
14,41,overdressed,congruent,❌,0.34169828122641027
14,41,naked,congruent,✅,0.9538507939381319
14,41,overdressed,incongruent,✅,0.27513835828216615
14,41,naked,incongruent,✅,0.044183766463001053
14,42,shy,congruent,✅,0.9826600900379812
14,42,lively,congruent,✅,0.9962154048720288
14,42,shy,incongruent,✅,0.22436971066370842
14,42,lively,incongruent,✅,0.04564787837346791
14,43,offended,congruent,✅,0.7253645201992136
14,43,flattered,congruent,✅,0.5846923199777206
14,43,offended,incongruent,✅,0.13422320923315095
14,43,flattered,incongruent,✅,0.2195559139396598
14,44,grandkid,congruent,✅,0.9867887297364449
14,44,cellmate,congruent,✅,0.9968006460747952
14,44,grandkid,incongruent,✅,0.04195726698820905
14,44,cellmate,incongruent,✅,0.008849727982963514
14,45,promoted,congruent,✅,0.9837064930549262
14,45,fired,congruent,✅,0.9858450107519086
14,45,promoted,incongruent,✅,0.14770031577177806
14,45,fired,incongruent,❌,0.7318386156979019
14,46,shooting,congruent,❌,0.3040955668890094
14,46,celebration,congruent,❌,0.4670985448728225
14,46,shooting,incongruent,✅,0.00199225753833702
14,46,celebration,incongruent,✅,0.01128490714111496
14,47,crayon,congruent,✅,0.6321905523060241
14,47,beer,congruent,✅,0.9935817137817073
14,47,crayon,incongruent,✅,0.000711048963934428
14,47,beer,incongruent,✅,0.004497716917318747
14,48,waiter,congruent,✅,0.9857743820676917
14,48,taxi,congruent,✅,0.9934486809969426
14,48,waiter,incongruent,✅,0.03656170984644236
14,48,taxi,incongruent,✅,0.20104779116997004
14,49,parents,congruent,✅,0.7929821335205764
14,49,keys,congruent,✅,0.9662870304452654
14,49,parents,incongruent,✅,0.28076275865546324
14,49,keys,incongruent,✅,0.048512162766756704
14,5,distress,congruent,✅,0.9849717280290422
14,5,tranquility,congruent,✅,0.9253540478948364
14,5,distress,incongruent,✅,0.00012187280031861651
14,5,tranquility,incongruent,✅,0.45535702302164094
14,50,sofa,congruent,✅,0.997904805362716
14,50,sky,congruent,✅,0.9761928019660319
14,50,sofa,incongruent,✅,0.28856833928954856
14,50,sky,incongruent,✅,0.479555712476109
14,51,obesity,congruent,❌,0.4001160646457652
14,51,homework,congruent,✅,0.9965971922841637
14,51,obesity,incongruent,✅,0.0006369290333467908
14,51,homework,incongruent,✅,0.05866002265921498
14,52,quiz,congruent,✅,0.9686310642924837
14,52,commute,congruent,✅,0.9742377619947936
14,52,quiz,incongruent,✅,0.006505821117671415
14,52,commute,incongruent,✅,0.016093544073316618
14,53,migraine,congruent,✅,0.975887411899356
14,53,excitement,congruent,✅,0.9715514494202958
14,53,migraine,incongruent,✅,0.0063485175964444075
14,53,excitement,incongruent,✅,0.026768336320001765
14,54,niece,congruent,✅,0.9439337995214226
14,54,husband,congruent,✅,0.9819822096971471
14,54,niece,incongruent,✅,0.2078800176454107
14,54,husband,incongruent,✅,0.2635995338680695
14,55,film,congruent,✅,0.994884482459126
14,55,sunrise,congruent,✅,0.9730328983389936
14,55,film,incongruent,✅,0.0023370661164804464
14,55,sunrise,incongruent,✅,0.14680113733961733
14,56,lecture,congruent,✅,0.9762009566152995
14,56,banquet,congruent,✅,0.9318816118466828
14,56,lecture,incongruent,✅,0.013700044943935208
14,56,banquet,incongruent,✅,0.002903259543367283
14,57,drink,congruent,✅,0.9970815610775159
14,57,textbook,congruent,✅,0.9845296055674373
14,57,drink,incongruent,✅,0.01757407318025855
14,57,textbook,incongruent,✅,0.013532952029094655
14,58,pool,congruent,✅,0.9964600218630028
14,58,snow,congruent,❌,0.3602390136263257
14,58,pool,incongruent,✅,0.0005631805523628478
14,58,snow,incongruent,✅,0.016435999737562535
14,59,passport,congruent,✅,0.9859630200991134
14,59,plushy,congruent,✅,0.9983562046139273
14,59,passport,incongruent,✅,0.04545788358995122
14,59,plushy,incongruent,✅,0.04760199351878049
14,6,patients,congruent,✅,0.9405900444135399
14,6,students,congruent,✅,0.9964368668095407
14,6,patients,incongruent,✅,0.004356816022893953
14,6,students,incongruent,✅,0.0006964057452709512
14,60,sister,congruent,✅,0.903660347978459
14,60,father,congruent,✅,0.9807627834891142
14,60,sister,incongruent,✅,0.0269193542107628
14,60,father,incongruent,✅,0.25983755276990383
14,61,game,congruent,✅,0.9944775799997804
14,61,sunset,congruent,✅,0.9912183801602845
14,61,game,incongruent,✅,0.17018364642456912
14,61,sunset,incongruent,✅,0.03051398828325465
14,62,holidays,congruent,✅,0.9750852543122721
14,62,funeral,congruent,✅,0.9968343776709937
14,62,holidays,incongruent,✅,0.10136972414755319
14,62,funeral,incongruent,❌,0.5965335525971088
14,63,grades,congruent,✅,0.626401260283369
14,63,affair,congruent,✅,0.9938880283614608
14,63,grades,incongruent,✅,0.21371313871568048
14,63,affair,incongruent,✅,0.02125682480992017
14,64,arrest,congruent,❌,0.47289337751256694
14,64,stroke,congruent,✅,0.793747465774437
14,64,arrest,incongruent,✅,0.19918627729739596
14,64,stroke,incongruent,✅,0.06681458008793843
14,65,pacifier,congruent,✅,0.9799968119335862
14,65,coffee,congruent,✅,0.9971052843460511
14,65,pacifier,incongruent,✅,0.016743689509224682
14,65,coffee,incongruent,✅,0.07015026396332809
14,66,sweets,congruent,✅,0.9968492220046754
14,66,sentencing,congruent,✅,0.9835927635274979
14,66,sweets,incongruent,✅,0.0011582981345763352
14,66,sentencing,incongruent,✅,0.015168775818856072
14,67,nap,congruent,✅,0.9956927017026695
14,67,selfie,congruent,✅,0.9976551149215676
14,67,nap,incongruent,✅,0.05551470040171557
14,67,selfie,incongruent,✅,0.0026299859951436837
14,68,diaper,congruent,✅,0.9922134266667563
14,68,tire,congruent,✅,0.9976625164553045
14,68,diaper,incongruent,✅,0.0019342693543483002
14,68,tire,incongruent,✅,0.0002769848443420392
14,69,chemotherapy,congruent,✅,0.9862665064975428
14,69,golf,congruent,✅,0.9947433075088545
14,69,chemotherapy,incongruent,✅,0.009022852226737595
14,69,golf,incongruent,✅,0.032048574656632904
14,7,consensus,congruent,✅,0.9242940068769371
14,7,deadlock,congruent,✅,0.8554917737432567
14,7,consensus,incongruent,✅,0.3076074400409318
14,7,deadlock,incongruent,❌,0.8844662597823706
14,70,thunder,congruent,✅,0.9874264598002243
14,70,lullaby,congruent,✅,0.7711038293407544
14,70,thunder,incongruent,✅,0.007088863174795088
14,70,lullaby,incongruent,✅,0.16178051480004016
14,71,pajamas,congruent,✅,0.9876084805347748
14,71,uniform,congruent,✅,0.9895501507227001
14,71,pajamas,incongruent,✅,0.1852131057663456
14,71,uniform,incongruent,✅,0.004155331033307986
14,72,gown,congruent,✅,0.9956070654325473
14,72,sweats,congruent,✅,0.9936897683810029
14,72,gown,incongruent,✅,0.004913339513357617
14,72,sweats,incongruent,✅,0.15201864458598097
14,73,deadline,congruent,✅,0.688722623826538
14,73,bed,congruent,✅,0.9803336917696381
14,73,deadline,incongruent,✅,0.007073000660251041
14,73,bed,incongruent,✅,0.028637785044668393
14,74,kindergarten,congruent,✅,0.7059634540052406
14,74,jail,congruent,✅,0.9946342158425278
14,74,kindergarten,incongruent,✅,0.0044344893388198366
14,74,jail,incongruent,✅,0.11016885222538363
14,75,interrogated,congruent,✅,0.9936085498660984
14,75,tickled,congruent,✅,0.9432535070632577
14,75,interrogated,incongruent,✅,0.0884542604305054
14,75,tickled,incongruent,✅,0.0037510184482015922
14,76,sandcastle,congruent,✅,0.988615062256415
14,76,snowman,congruent,✅,0.9983389655953744
14,76,sandcastle,incongruent,✅,0.1333106346294881
14,76,snowman,incongruent,✅,0.32666137544689966
14,77,music,congruent,✅,0.9969088036722075
14,77,pizza,congruent,✅,0.999193023982671
14,77,music,incongruent,✅,0.027300382173823454
14,77,pizza,incongruent,✅,0.0017866461011538809
14,78,playoffs,congruent,✅,0.9663311475281278
14,78,cartoon,congruent,✅,0.9979950414690055
14,78,playoffs,incongruent,✅,0.0113644884704748
14,78,cartoon,incongruent,✅,0.3801968003093444
14,79,alcoholism,congruent,✅,0.9910717984537122
14,79,academics,congruent,✅,0.9916679460344521
14,79,alcoholism,incongruent,✅,0.16093042891000234
14,79,academics,incongruent,✅,0.0019360882973325302
14,8,engagement,congruent,✅,0.6538455109912914
14,8,cancer,congruent,❌,0.1707912309555543
14,8,engagement,incongruent,✅,0.11342881193376726
14,8,cancer,incongruent,✅,0.1126769522905705
14,9,terminal,congruent,✅,0.984144883242711
14,9,classroom,congruent,✅,0.9043058570358822
14,9,terminal,incongruent,✅,0.0035019796316231137
14,9,classroom,incongruent,✅,0.016248264595632948
15,0,library,congruent,✅,0.965094861443661
15,0,refrigerator,congruent,✅,0.5556336825892897
15,0,library,incongruent,✅,0.013217291446418847
15,0,refrigerator,incongruent,✅,0.004293255161408612
15,1,disappointment,congruent,❌,0.4872448971130416
15,1,delight,congruent,✅,0.9866374468194673
15,1,disappointment,incongruent,✅,0.0007558043521576855
15,1,delight,incongruent,✅,0.0049316087402436655
15,10,cash,congruent,✅,0.9910135402496412
15,10,groceries,congruent,✅,0.9762580154867887
15,10,cash,incongruent,❌,0.5686163994434243
15,10,groceries,incongruent,✅,0.02556851799442278
15,11,lonely,congruent,✅,0.9964594278376304
15,11,confident,congruent,✅,0.9195410703435876
15,11,lonely,incongruent,✅,0.03777714581192766
15,11,confident,incongruent,❌,0.6629630489037075
15,12,joy,congruent,✅,0.9978528602562369
15,12,outrage,congruent,❌,0.3575016133213307
15,12,joy,incongruent,✅,0.04298920395463073
15,12,outrage,incongruent,❌,0.7256302467759315
15,13,traffic,congruent,✅,0.9983837006103823
15,13,snowstorm,congruent,✅,0.9966914242415674
15,13,traffic,incongruent,✅,0.3352821122464364
15,13,snowstorm,incongruent,❌,0.7264161764305815
15,14,laughter,congruent,✅,0.9848474311776234
15,14,frustration,congruent,✅,0.9948250683203544
15,14,laughter,incongruent,✅,0.0036151781827133086
15,14,frustration,incongruent,✅,0.00094156196248448
15,15,calculator,congruent,✅,0.960459874850274
15,15,instrument,congruent,✅,0.979395900637255
15,15,calculator,incongruent,✅,0.04769073048541457
15,15,instrument,incongruent,✅,0.15308615837180134
15,16,orchestra,congruent,✅,0.9501800335736973
15,16,racers,congruent,✅,0.9867875970761477
15,16,orchestra,incongruent,✅,0.04671247924130543
15,16,racers,incongruent,✅,0.0013756134339202165
15,17,retirement,congruent,✅,0.9342278241121973
15,17,playdate,congruent,✅,0.7939441449796635
15,17,retirement,incongruent,✅,0.006877527650247512
15,17,playdate,incongruent,✅,0.0011897865410841458
15,18,relieved,congruent,✅,0.883274025230146
15,18,depressed,congruent,✅,0.5071707058651337
15,18,relieved,incongruent,✅,0.02367594097869511
15,18,depressed,incongruent,❌,0.597572838349048
15,19,friends,congruent,❌,0.23419912534325973
15,19,weight,congruent,✅,0.8858281654384236
15,19,friends,incongruent,✅,0.11530786161353139
15,19,weight,incongruent,✅,0.03339620861738015
15,2,overcoat,congruent,✅,0.8606822161939488
15,2,sandals,congruent,✅,0.7009405051390638
15,2,overcoat,incongruent,✅,0.01586700570360304
15,2,sandals,incongruent,✅,0.002641701064914751
15,20,lipstick,congruent,✅,0.9661882620826914
15,20,song,congruent,✅,0.9916320039627552
15,20,lipstick,incongruent,✅,0.02198841697861801
15,20,song,incongruent,✅,0.06608734259398673
15,21,fought,congruent,✅,0.984031192048286
15,21,sang,congruent,✅,0.8701685265639895
15,21,fought,incongruent,✅,0.02132958459853411
15,21,sang,incongruent,✅,0.0056751508220927475
15,22,skeptical,congruent,✅,0.8279564746644769
15,22,reassured,congruent,✅,0.708061503745853
15,22,skeptical,incongruent,✅,0.07906180552905785
15,22,reassured,incongruent,✅,0.4291535952306417
15,23,graduation,congruent,✅,0.9945660979545287
15,23,operation,congruent,✅,0.9914859780043476
15,23,graduation,incongruent,✅,0.014784001336415746
15,23,operation,incongruent,✅,0.06689543061500046
15,24,bride,congruent,✅,0.9835934453360717
15,24,aftermath,congruent,✅,0.9975351135316388
15,24,bride,incongruent,✅,0.02458421440267934
15,24,aftermath,incongruent,✅,0.027512365995738912
15,25,teacher,congruent,✅,0.9467971166017282
15,25,daughter,congruent,✅,0.9841582268712125
15,25,teacher,incongruent,✅,0.04653544751281045
15,25,daughter,incongruent,✅,0.08499375409690053
15,26,roommate,congruent,✅,0.9021789206514
15,26,grandma,congruent,✅,0.9975662030424708
15,26,roommate,incongruent,✅,0.09148534185426027
15,26,grandma,incongruent,✅,0.0049645278153478585
15,27,brother,congruent,✅,0.8789084830558838
15,27,mother,congruent,✅,0.9846914151776635
15,27,brother,incongruent,✅,0.3007314804828541
15,27,mother,incongruent,✅,0.08823320057245394
15,28,preschool,congruent,✅,0.9087096198047457
15,28,prison,congruent,✅,0.9954337595812679
15,28,preschool,incongruent,✅,0.00128414192244962
15,28,prison,incongruent,✅,0.006192716750886309
15,29,hopeful,congruent,✅,0.6831576158573873
15,29,hopeless,congruent,✅,0.9586361296148349
15,29,hopeful,incongruent,✅,0.07334850634102633
15,29,hopeless,incongruent,✅,0.031267282806811104
15,3,marathon,congruent,✅,0.9326062279108638
15,3,exam,congruent,✅,0.9193687895152447
15,3,marathon,incongruent,✅,0.0015000512990976983
15,3,exam,incongruent,✅,0.008028297971515521
15,30,appalled,congruent,✅,0.9755113637266211
15,30,overjoyed,congruent,✅,0.990190955364224
15,30,appalled,incongruent,✅,0.18255737793190538
15,30,overjoyed,incongruent,❌,0.6926874824491641
15,31,reprimand,congruent,✅,0.9175296628690145
15,31,encouragement,congruent,✅,0.9136770270572481
15,31,reprimand,incongruent,✅,0.035859753611450385
15,31,encouragement,incongruent,✅,0.052319288025723415
15,32,angrily,congruent,✅,0.9988845533751183
15,32,cordially,congruent,✅,0.8974700272934745
15,32,angrily,incongruent,✅,0.004163843032229948
15,32,cordially,incongruent,✅,0.014000390056659828
15,33,accusatory,congruent,✅,0.9976084542315566
15,33,flirtatious,congruent,✅,0.9510051196063405
15,33,accusatory,incongruent,✅,0.1523995226305374
15,33,flirtatious,incongruent,❌,0.5490982466098108
15,34,disapprovingly,congruent,✅,0.9803188098836774
15,34,lovingly,congruent,✅,0.5801518519595629
15,34,disapprovingly,incongruent,✅,0.01600302486205454
15,34,lovingly,incongruent,✅,0.1843476440363438
15,35,playful,congruent,✅,0.8801358252297509
15,35,distant,congruent,✅,0.7402736495061997
15,35,playful,incongruent,✅,0.03476396978379652
15,35,distant,incongruent,✅,0.03606810693060251
15,36,headphones,congruent,✅,0.9150545837753978
15,36,mangoes,congruent,✅,0.7173552925293568
15,36,headphones,incongruent,✅,0.008841054319011587
15,36,mangoes,incongruent,✅,0.03724870700791759
15,37,playroom,congruent,✅,0.9917706731632805
15,37,park,congruent,✅,0.9962070708634497
15,37,playroom,incongruent,✅,0.030517329475139122
15,37,park,incongruent,✅,0.03843677936032176
15,38,bedroom,congruent,✅,0.9980212007605972
15,38,backyard,congruent,✅,0.9953919923961622
15,38,bedroom,incongruent,✅,0.009118895530815052
15,38,backyard,incongruent,✅,0.014111443478381842
15,39,solemnly,congruent,✅,0.9101383970252188
15,39,excitedly,congruent,✅,0.8914969459526221
15,39,solemnly,incongruent,✅,0.0015772223089864307
15,39,excitedly,incongruent,✅,0.0009080407458266465
15,4,menu,congruent,✅,0.7928383402310079
15,4,prescription,congruent,✅,0.9966063536057359
15,4,menu,incongruent,✅,0.027985371047395007
15,4,prescription,incongruent,✅,0.0065758893371366655
15,40,car,congruent,✅,0.7932141673667691
15,40,sock,congruent,❌,0.16134030429660728
15,40,car,incongruent,✅,0.051586068269337815
15,40,sock,incongruent,✅,0.03602932195146874
15,41,overdressed,congruent,✅,0.5657691151583367
15,41,naked,congruent,✅,0.9456373144143299
15,41,overdressed,incongruent,✅,0.07874299878854879
15,41,naked,incongruent,✅,0.07156742079409874
15,42,shy,congruent,✅,0.9568154352360081
15,42,lively,congruent,✅,0.9939266368680146
15,42,shy,incongruent,✅,0.22095242244636518
15,42,lively,incongruent,✅,0.020486098538843776
15,43,offended,congruent,✅,0.9026126541642311
15,43,flattered,congruent,✅,0.8495914923667681
15,43,offended,incongruent,✅,0.3051821767532244
15,43,flattered,incongruent,❌,0.5018845341146573
15,44,grandkid,congruent,✅,0.9864975664617868
15,44,cellmate,congruent,✅,0.9965983200196101
15,44,grandkid,incongruent,✅,0.021767113239310742
15,44,cellmate,incongruent,✅,0.020017136723478074
15,45,promoted,congruent,✅,0.9584819428908692
15,45,fired,congruent,✅,0.9885447002378659
15,45,promoted,incongruent,✅,0.10211734163444094
15,45,fired,incongruent,✅,0.4450085453308077
15,46,shooting,congruent,❌,0.15892847187294795
15,46,celebration,congruent,❌,0.350185624821183
15,46,shooting,incongruent,✅,0.008124877288593593
15,46,celebration,incongruent,✅,0.004418209328800209
15,47,crayon,congruent,✅,0.8163384598676132
15,47,beer,congruent,✅,0.9969544569495146
15,47,crayon,incongruent,✅,0.0003241382355105741
15,47,beer,incongruent,✅,0.004587324862882508
15,48,waiter,congruent,✅,0.9883993359623588
15,48,taxi,congruent,✅,0.9976696457710192
15,48,waiter,incongruent,✅,0.0675492889376419
15,48,taxi,incongruent,✅,0.0737603028029596
15,49,parents,congruent,✅,0.9119462067084789
15,49,keys,congruent,✅,0.9614809198787149
15,49,parents,incongruent,✅,0.21163633806558652
15,49,keys,incongruent,✅,0.03119535539588921
15,5,distress,congruent,✅,0.9798542745282409
15,5,tranquility,congruent,✅,0.9606909215018309
15,5,distress,incongruent,✅,0.00019534251006746238
15,5,tranquility,incongruent,✅,0.3933605364674098
15,50,sofa,congruent,✅,0.9981051808560785
15,50,sky,congruent,✅,0.9905813979456258
15,50,sofa,incongruent,❌,0.5932473374570225
15,50,sky,incongruent,✅,0.4965460522887018
15,51,obesity,congruent,❌,0.2949106123961016
15,51,homework,congruent,✅,0.9939350090682014
15,51,obesity,incongruent,✅,0.0010289663031824755
15,51,homework,incongruent,✅,0.01368296021263697
15,52,quiz,congruent,✅,0.985884478642344
15,52,commute,congruent,✅,0.973772660134646
15,52,quiz,incongruent,✅,0.0012022766420911226
15,52,commute,incongruent,✅,0.0469851992291862
15,53,migraine,congruent,✅,0.9916847615522452
15,53,excitement,congruent,✅,0.9937539057522139
15,53,migraine,incongruent,✅,0.006143863827092359
15,53,excitement,incongruent,✅,0.08253952338767818
15,54,niece,congruent,✅,0.8362176625940895
15,54,husband,congruent,✅,0.9827093477618946
15,54,niece,incongruent,✅,0.1576261502159032
15,54,husband,incongruent,✅,0.20499286310252432
15,55,film,congruent,✅,0.9883793302108846
15,55,sunrise,congruent,✅,0.9457730025502433
15,55,film,incongruent,✅,0.0005127585539805176
15,55,sunrise,incongruent,✅,0.04666312159464006
15,56,lecture,congruent,✅,0.9754693462113821
15,56,banquet,congruent,✅,0.8813972940639264
15,56,lecture,incongruent,✅,0.011360065147198626
15,56,banquet,incongruent,✅,0.005278544087925753
15,57,drink,congruent,✅,0.9977967982212104
15,57,textbook,congruent,✅,0.9665229213861196
15,57,drink,incongruent,✅,0.025913842684259097
15,57,textbook,incongruent,✅,0.013617647657778509
15,58,pool,congruent,✅,0.997729721295766
15,58,snow,congruent,✅,0.6024064802839264
15,58,pool,incongruent,✅,0.0003280836770066781
15,58,snow,incongruent,✅,0.04909775777904824
15,59,passport,congruent,✅,0.9509474828288174
15,59,plushy,congruent,✅,0.9988887301852143
15,59,passport,incongruent,✅,0.060138821619848404
15,59,plushy,incongruent,✅,0.02237678619921897
15,6,patients,congruent,✅,0.8473450853358974
15,6,students,congruent,✅,0.9963060589145649
15,6,patients,incongruent,✅,0.007412311440524382
15,6,students,incongruent,✅,0.0006459840774643191
15,60,sister,congruent,✅,0.9732745394363426
15,60,father,congruent,✅,0.983610777723158
15,60,sister,incongruent,✅,0.056157942083647994
15,60,father,incongruent,✅,0.300145975696439
15,61,game,congruent,✅,0.9957809677317204
15,61,sunset,congruent,✅,0.9841459901352232
15,61,game,incongruent,✅,0.03408341237346742
15,61,sunset,incongruent,✅,0.01995432777560429
15,62,holidays,congruent,✅,0.9787160281088046
15,62,funeral,congruent,✅,0.995433059811789
15,62,holidays,incongruent,✅,0.1616923109489155
15,62,funeral,incongruent,❌,0.5907468175485036
15,63,grades,congruent,✅,0.724334334983836
15,63,affair,congruent,✅,0.9876062832085978
15,63,grades,incongruent,✅,0.15511729429517576
15,63,affair,incongruent,✅,0.0615734139746342
15,64,arrest,congruent,✅,0.7199829085716936
15,64,stroke,congruent,✅,0.901248717274127
15,64,arrest,incongruent,✅,0.38919840383382426
15,64,stroke,incongruent,✅,0.18618310166594898
15,65,pacifier,congruent,✅,0.9861001855267649
15,65,coffee,congruent,✅,0.9945643000464782
15,65,pacifier,incongruent,✅,0.024029676837372865
15,65,coffee,incongruent,✅,0.03679948386321987
15,66,sweets,congruent,✅,0.9944224160852393
15,66,sentencing,congruent,✅,0.9835351047046276
15,66,sweets,incongruent,✅,0.0006763396609951777
15,66,sentencing,incongruent,✅,0.014390227977572147
15,67,nap,congruent,✅,0.9918104033954711
15,67,selfie,congruent,✅,0.9975547763699391
15,67,nap,incongruent,✅,0.030337840136938587
15,67,selfie,incongruent,✅,0.0010963344929168432
15,68,diaper,congruent,✅,0.9877919704036497
15,68,tire,congruent,✅,0.9955211390239592
15,68,diaper,incongruent,✅,0.001128037772396576
15,68,tire,incongruent,✅,8.036252690738532e-05
15,69,chemotherapy,congruent,✅,0.986557608988083
15,69,golf,congruent,✅,0.9937150747352348
15,69,chemotherapy,incongruent,✅,0.019747850527716472
15,69,golf,incongruent,✅,0.015294455745849958
15,7,consensus,congruent,✅,0.8479792036191178
15,7,deadlock,congruent,✅,0.9194005666366657
15,7,consensus,incongruent,✅,0.3700800200910264
15,7,deadlock,incongruent,❌,0.7191686763706102
15,70,thunder,congruent,✅,0.9932381026357809
15,70,lullaby,congruent,✅,0.8396043994610112
15,70,thunder,incongruent,✅,0.012018504136277409
15,70,lullaby,incongruent,✅,0.2753089432571888
15,71,pajamas,congruent,✅,0.9971839709400365
15,71,uniform,congruent,✅,0.9885789981345174
15,71,pajamas,incongruent,✅,0.2870217712323572
15,71,uniform,incongruent,✅,0.005464294558069612
15,72,gown,congruent,✅,0.998207549410158
15,72,sweats,congruent,✅,0.9965182125510024
15,72,gown,incongruent,✅,0.0031451215896846694
15,72,sweats,incongruent,✅,0.06957428488606335
15,73,deadline,congruent,✅,0.6238043818564418
15,73,bed,congruent,✅,0.9192372713407646
15,73,deadline,incongruent,✅,0.004500110857963247
15,73,bed,incongruent,✅,0.0236095429286277
15,74,kindergarten,congruent,✅,0.8170042108367361
15,74,jail,congruent,✅,0.9884470545034485
15,74,kindergarten,incongruent,✅,0.005659832815692807
15,74,jail,incongruent,✅,0.08203517015554512
15,75,interrogated,congruent,✅,0.9973017549256713
15,75,tickled,congruent,✅,0.9257313962012649
15,75,interrogated,incongruent,✅,0.04627626319906922
15,75,tickled,incongruent,✅,0.012722308455657987
15,76,sandcastle,congruent,✅,0.99171682289284
15,76,snowman,congruent,✅,0.9980919960556155
15,76,sandcastle,incongruent,✅,0.11484501789464129
15,76,snowman,incongruent,✅,0.3675730691766232
15,77,music,congruent,✅,0.9962160123260753
15,77,pizza,congruent,✅,0.998824541890965
15,77,music,incongruent,✅,0.056131608850498435
15,77,pizza,incongruent,✅,0.002136564084663497
15,78,playoffs,congruent,✅,0.9553993795796417
15,78,cartoon,congruent,✅,0.998557015441015
15,78,playoffs,incongruent,✅,0.002920205211197676
15,78,cartoon,incongruent,✅,0.17425093584810236
15,79,alcoholism,congruent,✅,0.9922637478944761
15,79,academics,congruent,✅,0.9817676408289961
15,79,alcoholism,incongruent,✅,0.06915936037491134
15,79,academics,incongruent,✅,0.0017866155335834247
15,8,engagement,congruent,✅,0.8676862104171645
15,8,cancer,congruent,❌,0.1483810938178166
15,8,engagement,incongruent,✅,0.14369889376007663
15,8,cancer,incongruent,✅,0.2617545024606859
15,9,terminal,congruent,✅,0.9881168464696037
15,9,classroom,congruent,✅,0.9436724779494993
15,9,terminal,incongruent,✅,0.0014513641898637882
15,9,classroom,incongruent,✅,0.005268712282428619
16,0,library,congruent,✅,0.9684779980538073
16,0,refrigerator,congruent,✅,0.7067588277956276
16,0,library,incongruent,✅,0.02806559898257794
16,0,refrigerator,incongruent,✅,0.006501908663208202
16,1,disappointment,congruent,❌,0.47377970581254036
16,1,delight,congruent,✅,0.9771015420946626
16,1,disappointment,incongruent,✅,0.000792059381898387
16,1,delight,incongruent,✅,0.002946020990518119
16,10,cash,congruent,✅,0.9904359120947149
16,10,groceries,congruent,✅,0.9769895975726507
16,10,cash,incongruent,❌,0.6170982176661064
16,10,groceries,incongruent,✅,0.009813048259167663
16,11,lonely,congruent,✅,0.9914547677288346
16,11,confident,congruent,✅,0.884853622486963
16,11,lonely,incongruent,✅,0.011186655582689418
16,11,confident,incongruent,✅,0.38254369269082794
16,12,joy,congruent,✅,0.997773973883519
16,12,outrage,congruent,❌,0.3927240232689659
16,12,joy,incongruent,✅,0.0505317275679591
16,12,outrage,incongruent,❌,0.6645861613869207
16,13,traffic,congruent,✅,0.9976101495819288
16,13,snowstorm,congruent,✅,0.9901856804590174
16,13,traffic,incongruent,✅,0.3223536223031633
16,13,snowstorm,incongruent,❌,0.7368542894683683
16,14,laughter,congruent,✅,0.9854094039447622
16,14,frustration,congruent,✅,0.996731029672359
16,14,laughter,incongruent,✅,0.009136667543004785
16,14,frustration,incongruent,✅,0.001095410636843216
16,15,calculator,congruent,✅,0.9090878076405472
16,15,instrument,congruent,✅,0.9847723009848904
16,15,calculator,incongruent,✅,0.08390627112943105
16,15,instrument,incongruent,✅,0.13018125315129772
16,16,orchestra,congruent,✅,0.9482489496284326
16,16,racers,congruent,✅,0.9779279557770196
16,16,orchestra,incongruent,✅,0.03866931779721538
16,16,racers,incongruent,✅,0.0011832810970020115
16,17,retirement,congruent,✅,0.9172575693571537
16,17,playdate,congruent,✅,0.8595231983291346
16,17,retirement,incongruent,✅,0.01636259045234522
16,17,playdate,incongruent,✅,0.002102939407399952
16,18,relieved,congruent,✅,0.7605218829704032
16,18,depressed,congruent,❌,0.49311849046802003
16,18,relieved,incongruent,✅,0.032724551002836895
16,18,depressed,incongruent,✅,0.39506980762927396
16,19,friends,congruent,❌,0.23242074616561018
16,19,weight,congruent,✅,0.7835646125656421
16,19,friends,incongruent,✅,0.03892020676688571
16,19,weight,incongruent,✅,0.028324380293199607
16,2,overcoat,congruent,✅,0.8869294079769163
16,2,sandals,congruent,✅,0.7711189187848343
16,2,overcoat,incongruent,✅,0.02846998677767297
16,2,sandals,incongruent,✅,0.003402533106279693
16,20,lipstick,congruent,✅,0.938579938300059
16,20,song,congruent,✅,0.9913022515995871
16,20,lipstick,incongruent,✅,0.014809578223643956
16,20,song,incongruent,✅,0.042375541448876765
16,21,fought,congruent,✅,0.9476490158937814
16,21,sang,congruent,✅,0.927014960524361
16,21,fought,incongruent,✅,0.017384329985972335
16,21,sang,incongruent,✅,0.006305437625085066
16,22,skeptical,congruent,✅,0.8102132754523746
16,22,reassured,congruent,✅,0.9125589137284779
16,22,skeptical,incongruent,✅,0.17803366645218516
16,22,reassured,incongruent,✅,0.40029803809269077
16,23,graduation,congruent,✅,0.9883592800554643
16,23,operation,congruent,✅,0.9820601841996276
16,23,graduation,incongruent,✅,0.007049749536124616
16,23,operation,incongruent,✅,0.032640515590987344
16,24,bride,congruent,✅,0.9886465265429887
16,24,aftermath,congruent,✅,0.9928170835427181
16,24,bride,incongruent,✅,0.052212406695380104
16,24,aftermath,incongruent,✅,0.04764966857422689
16,25,teacher,congruent,✅,0.9728138799265972
16,25,daughter,congruent,✅,0.9739585328010909
16,25,teacher,incongruent,✅,0.07327144292190442
16,25,daughter,incongruent,✅,0.10957416369275151
16,26,roommate,congruent,✅,0.9138068963537905
16,26,grandma,congruent,✅,0.9961960134328908
16,26,roommate,incongruent,✅,0.027341877840190248
16,26,grandma,incongruent,✅,0.0073031799794689755
16,27,brother,congruent,✅,0.9239184000580791
16,27,mother,congruent,✅,0.977647121323134
16,27,brother,incongruent,✅,0.1919311244228891
16,27,mother,incongruent,✅,0.08464347559436675
16,28,preschool,congruent,✅,0.9466682837764662
16,28,prison,congruent,✅,0.9963413324756311
16,28,preschool,incongruent,✅,0.002752468598475882
16,28,prison,incongruent,✅,0.015191397715458499
16,29,hopeful,congruent,✅,0.7368682886033383
16,29,hopeless,congruent,✅,0.9659486787852017
16,29,hopeful,incongruent,✅,0.21306063053569177
16,29,hopeless,incongruent,✅,0.05283108266849267
16,3,marathon,congruent,✅,0.9601694899839286
16,3,exam,congruent,✅,0.897326613488626
16,3,marathon,incongruent,✅,0.0020759095497809247
16,3,exam,incongruent,✅,0.018496885362957138
16,30,appalled,congruent,✅,0.9749138439190924
16,30,overjoyed,congruent,✅,0.9858809757714305
16,30,appalled,incongruent,✅,0.2748024755169011
16,30,overjoyed,incongruent,❌,0.7725837833089182
16,31,reprimand,congruent,✅,0.9189332709537228
16,31,encouragement,congruent,✅,0.9057572727197984
16,31,reprimand,incongruent,✅,0.02741088875218231
16,31,encouragement,incongruent,✅,0.11187792935837519
16,32,angrily,congruent,✅,0.9973699678687186
16,32,cordially,congruent,✅,0.9319850081571545
16,32,angrily,incongruent,✅,0.003893254646459517
16,32,cordially,incongruent,✅,0.013923862566843187
16,33,accusatory,congruent,✅,0.99721220362374
16,33,flirtatious,congruent,✅,0.9435071697148893
16,33,accusatory,incongruent,✅,0.2062483442569171
16,33,flirtatious,incongruent,✅,0.43394957794222444
16,34,disapprovingly,congruent,✅,0.9547566365295396
16,34,lovingly,congruent,❌,0.28142735159275684
16,34,disapprovingly,incongruent,✅,0.014910280227499753
16,34,lovingly,incongruent,✅,0.09789517916449866
16,35,playful,congruent,✅,0.9122785488709098
16,35,distant,congruent,✅,0.8759262442134306
16,35,playful,incongruent,✅,0.056925098697221496
16,35,distant,incongruent,✅,0.05274844622504895
16,36,headphones,congruent,✅,0.955580772458869
16,36,mangoes,congruent,✅,0.5834497133548386
16,36,headphones,incongruent,✅,0.01914458966108817
16,36,mangoes,incongruent,✅,0.06587280473985538
16,37,playroom,congruent,✅,0.9951563078672028
16,37,park,congruent,✅,0.9974617672497259
16,37,playroom,incongruent,✅,0.04851540882879513
16,37,park,incongruent,✅,0.0361150706575197
16,38,bedroom,congruent,✅,0.9976023618586036
16,38,backyard,congruent,✅,0.9946972844041092
16,38,bedroom,incongruent,✅,0.018274956940053988
16,38,backyard,incongruent,✅,0.006652653836954583
16,39,solemnly,congruent,✅,0.8449872705066758
16,39,excitedly,congruent,✅,0.8972934701310794
16,39,solemnly,incongruent,✅,0.003056787148194901
16,39,excitedly,incongruent,✅,0.0020331700164232832
16,4,menu,congruent,✅,0.8472513627431318
16,4,prescription,congruent,✅,0.9964433386170666
16,4,menu,incongruent,✅,0.042626651607326434
16,4,prescription,incongruent,✅,0.006477489010696312
16,40,car,congruent,✅,0.8945857481529038
16,40,sock,congruent,❌,0.26414942472240227
16,40,car,incongruent,✅,0.106164202072011
16,40,sock,incongruent,✅,0.04022614200150355
16,41,overdressed,congruent,✅,0.501133598517251
16,41,naked,congruent,✅,0.9255729135293416
16,41,overdressed,incongruent,✅,0.06568486451734536
16,41,naked,incongruent,✅,0.05099797020941156
16,42,shy,congruent,✅,0.9849175523301456
16,42,lively,congruent,✅,0.996666563165073
16,42,shy,incongruent,✅,0.2879327005346022
16,42,lively,incongruent,✅,0.061212670706356394
16,43,offended,congruent,✅,0.9184187629477852
16,43,flattered,congruent,✅,0.7944801729332166
16,43,offended,incongruent,✅,0.2991430615197274
16,43,flattered,incongruent,❌,0.5594193038453933
16,44,grandkid,congruent,✅,0.9862714480993962
16,44,cellmate,congruent,✅,0.9977838792819177
16,44,grandkid,incongruent,✅,0.0413954756916063
16,44,cellmate,incongruent,✅,0.02993474302627537
16,45,promoted,congruent,✅,0.9812679326016203
16,45,fired,congruent,✅,0.9862839900040673
16,45,promoted,incongruent,✅,0.08456400917429809
16,45,fired,incongruent,✅,0.40269574994679097
16,46,shooting,congruent,❌,0.23728861418231253
16,46,celebration,congruent,❌,0.46468493209621553
16,46,shooting,incongruent,✅,0.016919826493666714
16,46,celebration,incongruent,✅,0.009665997108457672
16,47,crayon,congruent,✅,0.837233524525191
16,47,beer,congruent,✅,0.9970504721962383
16,47,crayon,incongruent,✅,0.0014266037827423258
16,47,beer,incongruent,✅,0.010396153549474313
16,48,waiter,congruent,✅,0.9713849849047755
16,48,taxi,congruent,✅,0.9958024549051752
16,48,waiter,incongruent,✅,0.06948923711262098
16,48,taxi,incongruent,✅,0.027655738230952756
16,49,parents,congruent,✅,0.9244575915965526
16,49,keys,congruent,✅,0.9661706282942402
16,49,parents,incongruent,✅,0.3359259010237498
16,49,keys,incongruent,✅,0.025627600785859652
16,5,distress,congruent,✅,0.9771941484397462
16,5,tranquility,congruent,✅,0.9223033167060823
16,5,distress,incongruent,✅,0.00019382698051168196
16,5,tranquility,incongruent,✅,0.3791387228138399
16,50,sofa,congruent,✅,0.9979248029652454
16,50,sky,congruent,✅,0.9749386874747902
16,50,sofa,incongruent,❌,0.5317071108688831
16,50,sky,incongruent,✅,0.44559201851936403
16,51,obesity,congruent,❌,0.43818318811457957
16,51,homework,congruent,✅,0.9940555276364752
16,51,obesity,incongruent,✅,0.0006627739388293293
16,51,homework,incongruent,✅,0.0218210994999186
16,52,quiz,congruent,✅,0.9713152589867158
16,52,commute,congruent,✅,0.9806292214304343
16,52,quiz,incongruent,✅,0.0018948779208602365
16,52,commute,incongruent,✅,0.04839614527128758
16,53,migraine,congruent,✅,0.9825293402312044
16,53,excitement,congruent,✅,0.9893953437528358
16,53,migraine,incongruent,✅,0.008432444952239243
16,53,excitement,incongruent,✅,0.06639505196318136
16,54,niece,congruent,✅,0.8264735673750604
16,54,husband,congruent,✅,0.9838249270531626
16,54,niece,incongruent,✅,0.19062823055320616
16,54,husband,incongruent,✅,0.3423807495879566
16,55,film,congruent,✅,0.984221728332063
16,55,sunrise,congruent,✅,0.9301463159922526
16,55,film,incongruent,✅,0.0003324430015747967
16,55,sunrise,incongruent,✅,0.021568022964029168
16,56,lecture,congruent,✅,0.9376797748096911
16,56,banquet,congruent,✅,0.7893629146111477
16,56,lecture,incongruent,✅,0.006310833538841178
16,56,banquet,incongruent,✅,0.004454190653383696
16,57,drink,congruent,✅,0.9969934644141817
16,57,textbook,congruent,✅,0.9409489202259425
16,57,drink,incongruent,✅,0.019015927046759546
16,57,textbook,incongruent,✅,0.014773099735322584
16,58,pool,congruent,✅,0.9965744699689245
16,58,snow,congruent,✅,0.6326916898566947
16,58,pool,incongruent,✅,0.00032079018294090575
16,58,snow,incongruent,✅,0.028865270669935498
16,59,passport,congruent,✅,0.9574406804942166
16,59,plushy,congruent,✅,0.9983441838971794
16,59,passport,incongruent,✅,0.043903100427270324
16,59,plushy,incongruent,✅,0.027711098062342367
16,6,patients,congruent,✅,0.8420212043587374
16,6,students,congruent,✅,0.9961917740021313
16,6,patients,incongruent,✅,0.01001320061605493
16,6,students,incongruent,✅,0.003109750236960177
16,60,sister,congruent,✅,0.9744101381794361
16,60,father,congruent,✅,0.9852009472512748
16,60,sister,incongruent,✅,0.14840674863884198
16,60,father,incongruent,✅,0.40172631197235276
16,61,game,congruent,✅,0.9936010203129638
16,61,sunset,congruent,✅,0.980631099786999
16,61,game,incongruent,✅,0.02883592357167083
16,61,sunset,incongruent,✅,0.04405648730806025
16,62,holidays,congruent,✅,0.9718806009997267
16,62,funeral,congruent,✅,0.9844075504376909
16,62,holidays,incongruent,✅,0.0739374346251384
16,62,funeral,incongruent,✅,0.46304566270157105
16,63,grades,congruent,✅,0.6707738167421411
16,63,affair,congruent,✅,0.9873577755212651
16,63,grades,incongruent,✅,0.1464052108055806
16,63,affair,incongruent,✅,0.09094420242201243
16,64,arrest,congruent,✅,0.5010521905498531
16,64,stroke,congruent,✅,0.787210687337882
16,64,arrest,incongruent,✅,0.21560740960345454
16,64,stroke,incongruent,✅,0.07849894500949514
16,65,pacifier,congruent,✅,0.9906128033163983
16,65,coffee,congruent,✅,0.9940130512074976
16,65,pacifier,incongruent,✅,0.027941863534308078
16,65,coffee,incongruent,✅,0.04067083464400021
16,66,sweets,congruent,✅,0.9922237771124286
16,66,sentencing,congruent,✅,0.9809305352558715
16,66,sweets,incongruent,✅,0.001231281702141861
16,66,sentencing,incongruent,✅,0.029394296854030152
16,67,nap,congruent,✅,0.9957966077553163
16,67,selfie,congruent,✅,0.9960868535044826
16,67,nap,incongruent,✅,0.03081171852039824
16,67,selfie,incongruent,✅,0.0021237058131734414
16,68,diaper,congruent,✅,0.9854028596612224
16,68,tire,congruent,✅,0.982518487452902
16,68,diaper,incongruent,✅,0.000330428524495567
16,68,tire,incongruent,✅,0.00012937053099139562
16,69,chemotherapy,congruent,✅,0.9881796441886356
16,69,golf,congruent,✅,0.993915599668508
16,69,chemotherapy,incongruent,✅,0.012960162492695208
16,69,golf,incongruent,✅,0.041168977565060834
16,7,consensus,congruent,✅,0.8824101311684136
16,7,deadlock,congruent,✅,0.940501838615271
16,7,consensus,incongruent,❌,0.5298122672074382
16,7,deadlock,incongruent,❌,0.666844890903033
16,70,thunder,congruent,✅,0.9934242211051127
16,70,lullaby,congruent,✅,0.8321209565040486
16,70,thunder,incongruent,✅,0.04084785166366369
16,70,lullaby,incongruent,✅,0.30966003157985983
16,71,pajamas,congruent,✅,0.995544350370774
16,71,uniform,congruent,✅,0.9914049131787274
16,71,pajamas,incongruent,✅,0.26837714713749566
16,71,uniform,incongruent,✅,0.007585706154152331
16,72,gown,congruent,✅,0.998415207217108
16,72,sweats,congruent,✅,0.9951199813512744
16,72,gown,incongruent,✅,0.0007983865637713215
16,72,sweats,incongruent,✅,0.08818887700545802
16,73,deadline,congruent,✅,0.5933415303808027
16,73,bed,congruent,✅,0.9800612389398001
16,73,deadline,incongruent,✅,0.00685151704191417
16,73,bed,incongruent,✅,0.02748657331625967
16,74,kindergarten,congruent,✅,0.8114827189199437
16,74,jail,congruent,✅,0.9877014630957507
16,74,kindergarten,incongruent,✅,0.004265392515221535
16,74,jail,incongruent,✅,0.02836691695092409
16,75,interrogated,congruent,✅,0.9932203596054399
16,75,tickled,congruent,✅,0.9195536103726765
16,75,interrogated,incongruent,✅,0.03957218836899618
16,75,tickled,incongruent,✅,0.014163372259739654
16,76,sandcastle,congruent,✅,0.9640514994655475
16,76,snowman,congruent,✅,0.9911954319650988
16,76,sandcastle,incongruent,✅,0.06575176213927779
16,76,snowman,incongruent,✅,0.3719624569232714
16,77,music,congruent,✅,0.9949929259936081
16,77,pizza,congruent,✅,0.9967780207510278
16,77,music,incongruent,✅,0.029086057060674273
16,77,pizza,incongruent,✅,0.001415743822783454
16,78,playoffs,congruent,✅,0.8997729926194852
16,78,cartoon,congruent,✅,0.9983130764624684
16,78,playoffs,incongruent,✅,0.002498927562572828
16,78,cartoon,incongruent,✅,0.1951754341372803
16,79,alcoholism,congruent,✅,0.9881107712304091
16,79,academics,congruent,✅,0.9840884106356061
16,79,alcoholism,incongruent,✅,0.041174744531038816
16,79,academics,incongruent,✅,0.003344519228984567
16,8,engagement,congruent,✅,0.8853661847381072
16,8,cancer,congruent,❌,0.23415886725236254
16,8,engagement,incongruent,✅,0.17579466612026196
16,8,cancer,incongruent,✅,0.36001169834405905
16,9,terminal,congruent,✅,0.9889862447584971
16,9,classroom,congruent,✅,0.9807304420443445
16,9,terminal,incongruent,✅,0.008038768786119525
16,9,classroom,incongruent,✅,0.008583661924221837
17,0,library,congruent,✅,0.9732921619387621
17,0,refrigerator,congruent,✅,0.588059303667283
17,0,library,incongruent,✅,0.017242187401919594
17,0,refrigerator,incongruent,✅,0.01298072150044132
17,1,disappointment,congruent,❌,0.3458130683330686
17,1,delight,congruent,✅,0.9653922246159473
17,1,disappointment,incongruent,✅,4.471421864562643e-05
17,1,delight,incongruent,✅,0.004291174289478645
17,10,cash,congruent,✅,0.9944825950051204
17,10,groceries,congruent,✅,0.9791192767836805
17,10,cash,incongruent,❌,0.6631089189630153
17,10,groceries,incongruent,✅,0.011366987062055729
17,11,lonely,congruent,✅,0.991743800643786
17,11,confident,congruent,✅,0.9185277761868033
17,11,lonely,incongruent,✅,0.0036261006002076897
17,11,confident,incongruent,✅,0.29963215884828437
17,12,joy,congruent,✅,0.9981756057616038
17,12,outrage,congruent,✅,0.7694635956908167
17,12,joy,incongruent,✅,0.16188967811739044
17,12,outrage,incongruent,❌,0.8089671827899986
17,13,traffic,congruent,✅,0.9986492577141993
17,13,snowstorm,congruent,✅,0.9927597766753528
17,13,traffic,incongruent,✅,0.43543519333657243
17,13,snowstorm,incongruent,❌,0.817020814169679
17,14,laughter,congruent,✅,0.9895782470582223
17,14,frustration,congruent,✅,0.9974673205071286
17,14,laughter,incongruent,✅,0.011896434170024157
17,14,frustration,incongruent,✅,0.0025947389436573372
17,15,calculator,congruent,✅,0.9271613044779661
17,15,instrument,congruent,✅,0.9767525947079528
17,15,calculator,incongruent,✅,0.060855826337350295
17,15,instrument,incongruent,✅,0.21838043439156166
17,16,orchestra,congruent,✅,0.9738635492722182
17,16,racers,congruent,✅,0.9677392524510962
17,16,orchestra,incongruent,✅,0.013231594956303617
17,16,racers,incongruent,✅,0.00039862557549180503
17,17,retirement,congruent,✅,0.8826546516826985
17,17,playdate,congruent,✅,0.9442769320679413
17,17,retirement,incongruent,✅,0.029849040196929143
17,17,playdate,incongruent,✅,0.00022112722478293966
17,18,relieved,congruent,✅,0.53493612366575
17,18,depressed,congruent,✅,0.802633843653955
17,18,relieved,incongruent,✅,0.030477180285148776
17,18,depressed,incongruent,✅,0.156423722535276
17,19,friends,congruent,❌,0.21542369056962732
17,19,weight,congruent,✅,0.8005758045651759
17,19,friends,incongruent,✅,0.073497053486492
17,19,weight,incongruent,✅,0.025564256332377317
17,2,overcoat,congruent,✅,0.8849844743786225
17,2,sandals,congruent,✅,0.8932230830717073
17,2,overcoat,incongruent,✅,0.011545880651907347
17,2,sandals,incongruent,✅,0.0005933754011564992
17,20,lipstick,congruent,✅,0.9661993203840384
17,20,song,congruent,✅,0.9549887961307155
17,20,lipstick,incongruent,✅,0.020457745497790742
17,20,song,incongruent,✅,0.10141733192343855
17,21,fought,congruent,✅,0.9785254618889095
17,21,sang,congruent,✅,0.890677336525369
17,21,fought,incongruent,✅,0.006855398945443513
17,21,sang,incongruent,✅,0.015691615713311704
17,22,skeptical,congruent,✅,0.9762740838815375
17,22,reassured,congruent,✅,0.9584533379544183
17,22,skeptical,incongruent,✅,0.14119871243283455
17,22,reassured,incongruent,❌,0.7566522787904956
17,23,graduation,congruent,✅,0.9954324778253963
17,23,operation,congruent,✅,0.9731941978238573
17,23,graduation,incongruent,✅,0.0056578696730054875
17,23,operation,incongruent,✅,0.06350300088524771
17,24,bride,congruent,✅,0.9605835341838972
17,24,aftermath,congruent,✅,0.996175092775284
17,24,bride,incongruent,✅,0.08438555745234208
17,24,aftermath,incongruent,✅,0.040872931894321486
17,25,teacher,congruent,✅,0.9667874692984533
17,25,daughter,congruent,✅,0.9802956223938257
17,25,teacher,incongruent,✅,0.04485736119001342
17,25,daughter,incongruent,✅,0.020114965034931594
17,26,roommate,congruent,✅,0.9691670980805397
17,26,grandma,congruent,✅,0.9975789646539586
17,26,roommate,incongruent,✅,0.0022753363510236518
17,26,grandma,incongruent,✅,0.0014221369105718615
17,27,brother,congruent,✅,0.9859567573248963
17,27,mother,congruent,✅,0.9864425612715797
17,27,brother,incongruent,✅,0.10216929921613022
17,27,mother,incongruent,✅,0.29445285826814815
17,28,preschool,congruent,✅,0.9618922341581323
17,28,prison,congruent,✅,0.9809874770055127
17,28,preschool,incongruent,✅,0.00027048318237887374
17,28,prison,incongruent,✅,0.005397688658366733
17,29,hopeful,congruent,✅,0.7449076513640436
17,29,hopeless,congruent,✅,0.9624144298203103
17,29,hopeful,incongruent,✅,0.21772741384609817
17,29,hopeless,incongruent,✅,0.10336911379788513
17,3,marathon,congruent,✅,0.982843060404035
17,3,exam,congruent,✅,0.954032305288831
17,3,marathon,incongruent,✅,0.0025037314208050795
17,3,exam,incongruent,✅,0.017492759021289776
17,30,appalled,congruent,✅,0.9497608090276622
17,30,overjoyed,congruent,✅,0.9848093387131617
17,30,appalled,incongruent,❌,0.538063833388728
17,30,overjoyed,incongruent,✅,0.4515428800711996
17,31,reprimand,congruent,✅,0.9682089792294404
17,31,encouragement,congruent,✅,0.989954811958426
17,31,reprimand,incongruent,✅,0.12090474270038114
17,31,encouragement,incongruent,✅,0.0695714954199247
17,32,angrily,congruent,✅,0.9990239965727926
17,32,cordially,congruent,✅,0.9774737038129787
17,32,angrily,incongruent,✅,0.0024361769522948324
17,32,cordially,incongruent,✅,0.010344195634841282
17,33,accusatory,congruent,✅,0.9974337003838138
17,33,flirtatious,congruent,✅,0.9238072658521167
17,33,accusatory,incongruent,✅,0.0920575160541429
17,33,flirtatious,incongruent,✅,0.29258054924804017
17,34,disapprovingly,congruent,✅,0.9775642001533662
17,34,lovingly,congruent,❌,0.3060556892097616
17,34,disapprovingly,incongruent,✅,0.011074406510623679
17,34,lovingly,incongruent,✅,0.0692416506274527
17,35,playful,congruent,✅,0.9762495693417482
17,35,distant,congruent,✅,0.9619983924720344
17,35,playful,incongruent,✅,0.07951185096051479
17,35,distant,incongruent,✅,0.01906950318613786
17,36,headphones,congruent,✅,0.9719419499354004
17,36,mangoes,congruent,✅,0.6589660394799751
17,36,headphones,incongruent,✅,0.01234282705999022
17,36,mangoes,incongruent,✅,0.044797990575045965
17,37,playroom,congruent,✅,0.9968013230147262
17,37,park,congruent,✅,0.9980068178138853
17,37,playroom,incongruent,✅,0.037978141848133536
17,37,park,incongruent,✅,0.01692171824532255
17,38,bedroom,congruent,✅,0.9968628176575751
17,38,backyard,congruent,✅,0.9978780535150199
17,38,bedroom,incongruent,✅,0.010497860311179882
17,38,backyard,incongruent,✅,0.005027687090897527
17,39,solemnly,congruent,✅,0.9119384031377243
17,39,excitedly,congruent,✅,0.867640867734382
17,39,solemnly,incongruent,✅,0.0021632536250363555
17,39,excitedly,incongruent,✅,0.0012720288148724782
17,4,menu,congruent,✅,0.7786463258597666
17,4,prescription,congruent,✅,0.9961718166272412
17,4,menu,incongruent,✅,0.020713073970444515
17,4,prescription,incongruent,✅,0.00203636740991693
17,40,car,congruent,✅,0.9016159440704894
17,40,sock,congruent,❌,0.3667547571879377
17,40,car,incongruent,✅,0.2546670490053758
17,40,sock,incongruent,✅,0.01230794563921958
17,41,overdressed,congruent,✅,0.7575612512064455
17,41,naked,congruent,✅,0.8406956655865186
17,41,overdressed,incongruent,✅,0.07157909986038734
17,41,naked,incongruent,✅,0.03153393599879427
17,42,shy,congruent,✅,0.9821401916365423
17,42,lively,congruent,✅,0.9956704807405684
17,42,shy,incongruent,✅,0.050040532140558924
17,42,lively,incongruent,✅,0.04747673420016743
17,43,offended,congruent,✅,0.6171621606241233
17,43,flattered,congruent,✅,0.8389033444116021
17,43,offended,incongruent,✅,0.19290960355974618
17,43,flattered,incongruent,✅,0.2035063006173222
17,44,grandkid,congruent,✅,0.9847598896941374
17,44,cellmate,congruent,✅,0.9962050041735913
17,44,grandkid,incongruent,✅,0.005207983779240181
17,44,cellmate,incongruent,✅,0.01636479678245156
17,45,promoted,congruent,✅,0.9924450117960898
17,45,fired,congruent,✅,0.9980520971469584
17,45,promoted,incongruent,✅,0.28437719749665913
17,45,fired,incongruent,❌,0.5183342943784274
17,46,shooting,congruent,❌,0.10736814733312923
17,46,celebration,congruent,❌,0.28677072816897947
17,46,shooting,incongruent,✅,0.007392051912410804
17,46,celebration,incongruent,✅,0.0021451743946343037
17,47,crayon,congruent,✅,0.711620568728041
17,47,beer,congruent,✅,0.9979943399909582
17,47,crayon,incongruent,✅,0.0014741580935078457
17,47,beer,incongruent,✅,0.006487442043432609
17,48,waiter,congruent,✅,0.9927889566401448
17,48,taxi,congruent,✅,0.9883159368081017
17,48,waiter,incongruent,✅,0.07370716665154187
17,48,taxi,incongruent,✅,0.03756233459956384
17,49,parents,congruent,✅,0.9746108040751384
17,49,keys,congruent,✅,0.9805869985527051
17,49,parents,incongruent,✅,0.32162830858565145
17,49,keys,incongruent,✅,0.021170513748781993
17,5,distress,congruent,✅,0.9577016188637033
17,5,tranquility,congruent,✅,0.9621761214658274
17,5,distress,incongruent,✅,0.0004910593027376765
17,5,tranquility,incongruent,✅,0.17084487078971325
17,50,sofa,congruent,✅,0.9986375237742047
17,50,sky,congruent,✅,0.9830007733036699
17,50,sofa,incongruent,❌,0.5135375326915246
17,50,sky,incongruent,✅,0.3278711151012385
17,51,obesity,congruent,❌,0.3892690881463296
17,51,homework,congruent,✅,0.9951781384350536
17,51,obesity,incongruent,✅,0.0001386934951724684
17,51,homework,incongruent,✅,0.0718509013433881
17,52,quiz,congruent,✅,0.9789772513416313
17,52,commute,congruent,✅,0.9819747081651146
17,52,quiz,incongruent,✅,0.00045198686431897694
17,52,commute,incongruent,✅,0.04208478223467017
17,53,migraine,congruent,✅,0.9915385761950948
17,53,excitement,congruent,✅,0.9944704193179281
17,53,migraine,incongruent,✅,0.008122414672348312
17,53,excitement,incongruent,✅,0.05047611800204463
17,54,niece,congruent,✅,0.8153928722124599
17,54,husband,congruent,✅,0.9938300397905155
17,54,niece,incongruent,✅,0.37119708051973715
17,54,husband,incongruent,❌,0.6587095627689393
17,55,film,congruent,✅,0.9882774156151689
17,55,sunrise,congruent,✅,0.9120937734727291
17,55,film,incongruent,✅,0.0005243181656104056
17,55,sunrise,incongruent,✅,0.03416076431334037
17,56,lecture,congruent,✅,0.9483759451715064
17,56,banquet,congruent,✅,0.8637390196311309
17,56,lecture,incongruent,✅,0.001059923563364168
17,56,banquet,incongruent,✅,0.0016187204175486742
17,57,drink,congruent,✅,0.9985001463257913
17,57,textbook,congruent,✅,0.9588182865231948
17,57,drink,incongruent,✅,0.009362395004807712
17,57,textbook,incongruent,✅,0.02525954203756992
17,58,pool,congruent,✅,0.9973410322446283
17,58,snow,congruent,✅,0.8927521099412399
17,58,pool,incongruent,✅,0.0004960561723724339
17,58,snow,incongruent,✅,0.018764936871966058
17,59,passport,congruent,✅,0.8017549375085451
17,59,plushy,congruent,✅,0.9988967138781203
17,59,passport,incongruent,✅,0.032731057932328805
17,59,plushy,incongruent,✅,0.021461688555394647
17,6,patients,congruent,✅,0.9644994747007096
17,6,students,congruent,✅,0.9972809383015586
17,6,patients,incongruent,✅,0.01415205735884244
17,6,students,incongruent,✅,0.0029965337732589625
17,60,sister,congruent,✅,0.9572697189887519
17,60,father,congruent,✅,0.9854443415620433
17,60,sister,incongruent,✅,0.043571003509030024
17,60,father,incongruent,✅,0.0357799134891879
17,61,game,congruent,✅,0.9951541781533951
17,61,sunset,congruent,✅,0.9804768629636942
17,61,game,incongruent,✅,0.06780318722684368
17,61,sunset,incongruent,✅,0.0072602501148639025
17,62,holidays,congruent,✅,0.9811798197372457
17,62,funeral,congruent,✅,0.9941386470746588
17,62,holidays,incongruent,✅,0.08438001270333918
17,62,funeral,incongruent,✅,0.3389530009898274
17,63,grades,congruent,✅,0.7818761938583308
17,63,affair,congruent,✅,0.9921929807129438
17,63,grades,incongruent,✅,0.04106910972408528
17,63,affair,incongruent,✅,0.12227719707046371
17,64,arrest,congruent,✅,0.7259760200332176
17,64,stroke,congruent,✅,0.8894330431952376
17,64,arrest,incongruent,✅,0.450964888929939
17,64,stroke,incongruent,✅,0.13574426869083883
17,65,pacifier,congruent,✅,0.9852328865017398
17,65,coffee,congruent,✅,0.9933875862712713
17,65,pacifier,incongruent,✅,0.019217487036331544
17,65,coffee,incongruent,✅,0.06795311110653106
17,66,sweets,congruent,✅,0.9966415265599501
17,66,sentencing,congruent,✅,0.9627739584638635
17,66,sweets,incongruent,✅,0.0005819019666355644
17,66,sentencing,incongruent,✅,0.012629082533875543
17,67,nap,congruent,✅,0.9981499924159088
17,67,selfie,congruent,✅,0.9960880035872411
17,67,nap,incongruent,✅,0.046254940200964614
17,67,selfie,incongruent,✅,0.0009328168827657937
17,68,diaper,congruent,✅,0.9931848814773678
17,68,tire,congruent,✅,0.9829555624559078
17,68,diaper,incongruent,✅,0.0005087272603522588
17,68,tire,incongruent,✅,0.0003008788578337856
17,69,chemotherapy,congruent,✅,0.9958128199882826
17,69,golf,congruent,✅,0.9949987690613652
17,69,chemotherapy,incongruent,✅,0.015392568173853894
17,69,golf,incongruent,✅,0.27972528351040576
17,7,consensus,congruent,✅,0.7368230055369713
17,7,deadlock,congruent,✅,0.8498496145756474
17,7,consensus,incongruent,✅,0.13789760300379159
17,7,deadlock,incongruent,✅,0.49990929743952894
17,70,thunder,congruent,✅,0.9945197990059609
17,70,lullaby,congruent,✅,0.8286250097391299
17,70,thunder,incongruent,✅,0.021247528472444606
17,70,lullaby,incongruent,❌,0.6367746183598332
17,71,pajamas,congruent,✅,0.9970232763005521
17,71,uniform,congruent,✅,0.9954031273607079
17,71,pajamas,incongruent,✅,0.29861147990171494
17,71,uniform,incongruent,✅,0.002104935943527272
17,72,gown,congruent,✅,0.9988853912557107
17,72,sweats,congruent,✅,0.9958907691734389
17,72,gown,incongruent,✅,0.00035795986296003875
17,72,sweats,incongruent,✅,0.3698261083386353
17,73,deadline,congruent,✅,0.633355629667847
17,73,bed,congruent,✅,0.9795366952652077
17,73,deadline,incongruent,✅,0.019706841420238874
17,73,bed,incongruent,✅,0.03567866312168193
17,74,kindergarten,congruent,✅,0.8809365351103662
17,74,jail,congruent,✅,0.9877516423252594
17,74,kindergarten,incongruent,✅,0.004035348082418474
17,74,jail,incongruent,✅,0.009493888900711117
17,75,interrogated,congruent,✅,0.9955329019686092
17,75,tickled,congruent,✅,0.9369580461263135
17,75,interrogated,incongruent,✅,0.045668527428365246
17,75,tickled,incongruent,✅,0.03230913180726757
17,76,sandcastle,congruent,✅,0.9663976888330923
17,76,snowman,congruent,✅,0.9906367912325977
17,76,sandcastle,incongruent,✅,0.02336387230797276
17,76,snowman,incongruent,✅,0.151605816324884
17,77,music,congruent,✅,0.9949591323078141
17,77,pizza,congruent,✅,0.9988842336742486
17,77,music,incongruent,✅,0.037739312824443975
17,77,pizza,incongruent,✅,0.000787667830681891
17,78,playoffs,congruent,✅,0.8370606507961725
17,78,cartoon,congruent,✅,0.9981154872928063
17,78,playoffs,incongruent,✅,0.0024391569982978485
17,78,cartoon,incongruent,✅,0.07728060044909688
17,79,alcoholism,congruent,✅,0.9944375454239531
17,79,academics,congruent,✅,0.9936646008285962
17,79,alcoholism,incongruent,✅,0.08518391172065377
17,79,academics,incongruent,✅,0.001987608018862738
17,8,engagement,congruent,✅,0.7963237649600226
17,8,cancer,congruent,❌,0.052557976910664654
17,8,engagement,incongruent,✅,0.14591402100932555
17,8,cancer,incongruent,✅,0.13836887744770157
17,9,terminal,congruent,✅,0.9945522363423778
17,9,classroom,congruent,✅,0.9737781022959925
17,9,terminal,incongruent,✅,0.010348552880182809
17,9,classroom,incongruent,✅,0.02451337727973951
18,0,library,congruent,✅,0.9742532418138542
18,0,refrigerator,congruent,✅,0.7580028420536504
18,0,library,incongruent,✅,0.013435092394772218
18,0,refrigerator,incongruent,✅,0.01633330119253852
18,1,disappointment,congruent,❌,0.44547212158889027
18,1,delight,congruent,✅,0.9534863353370745
18,1,disappointment,incongruent,✅,0.0003270330074884604
18,1,delight,incongruent,✅,0.008247467714697953
18,10,cash,congruent,✅,0.9959701071136958
18,10,groceries,congruent,✅,0.9917937218054559
18,10,cash,incongruent,❌,0.8400914248403625
18,10,groceries,incongruent,✅,0.026361103919323486
18,11,lonely,congruent,✅,0.9889013750270975
18,11,confident,congruent,✅,0.9113236376511439
18,11,lonely,incongruent,✅,0.020489416680445984
18,11,confident,incongruent,✅,0.39937563042551283
18,12,joy,congruent,✅,0.9978980366993319
18,12,outrage,congruent,✅,0.6787115999717619
18,12,joy,incongruent,✅,0.15559539056446808
18,12,outrage,incongruent,❌,0.8314942099036313
18,13,traffic,congruent,✅,0.9964719566523056
18,13,snowstorm,congruent,✅,0.9925349659902322
18,13,traffic,incongruent,✅,0.466365950110659
18,13,snowstorm,incongruent,❌,0.8338906718679184
18,14,laughter,congruent,✅,0.9883145179641297
18,14,frustration,congruent,✅,0.9938375316590434
18,14,laughter,incongruent,✅,0.031930177046363376
18,14,frustration,incongruent,✅,0.013965267811319263
18,15,calculator,congruent,✅,0.94721443732229
18,15,instrument,congruent,✅,0.9667677621317973
18,15,calculator,incongruent,✅,0.04133410816247904
18,15,instrument,incongruent,✅,0.3491734663226945
18,16,orchestra,congruent,✅,0.967291064910357
18,16,racers,congruent,✅,0.9806657309513886
18,16,orchestra,incongruent,✅,0.012658282768773907
18,16,racers,incongruent,✅,0.0013512356307920513
18,17,retirement,congruent,✅,0.9280647703278406
18,17,playdate,congruent,✅,0.9526048816226699
18,17,retirement,incongruent,✅,0.02649359652138488
18,17,playdate,incongruent,✅,0.0003325383693649271
18,18,relieved,congruent,✅,0.5102287054098785
18,18,depressed,congruent,✅,0.7396210410729488
18,18,relieved,incongruent,✅,0.04679528129893327
18,18,depressed,incongruent,✅,0.1990954219929812
18,19,friends,congruent,❌,0.11639543247579603
18,19,weight,congruent,✅,0.7098015601417395
18,19,friends,incongruent,✅,0.021758158800421847
18,19,weight,incongruent,✅,0.015137482002595445
18,2,overcoat,congruent,✅,0.8890497483355895
18,2,sandals,congruent,✅,0.8692364881406069
18,2,overcoat,incongruent,✅,0.027392339219026455
18,2,sandals,incongruent,✅,0.0020855293741747945
18,20,lipstick,congruent,✅,0.9538638076624284
18,20,song,congruent,✅,0.9605151695486843
18,20,lipstick,incongruent,✅,0.025094165786355257
18,20,song,incongruent,✅,0.08976219002548069
18,21,fought,congruent,✅,0.9803531402665684
18,21,sang,congruent,✅,0.7363226256569725
18,21,fought,incongruent,✅,0.003021139354718764
18,21,sang,incongruent,✅,0.012742337044275775
18,22,skeptical,congruent,✅,0.9211700378399713
18,22,reassured,congruent,✅,0.9362012790900583
18,22,skeptical,incongruent,✅,0.14299284143245472
18,22,reassured,incongruent,❌,0.5074308018454865
18,23,graduation,congruent,✅,0.9937854535600996
18,23,operation,congruent,✅,0.9590181931776735
18,23,graduation,incongruent,✅,0.001142653779343303
18,23,operation,incongruent,✅,0.05287448248251729
18,24,bride,congruent,✅,0.913389886194401
18,24,aftermath,congruent,✅,0.9937581660612553
18,24,bride,incongruent,✅,0.10870774568197636
18,24,aftermath,incongruent,✅,0.04591579615667397
18,25,teacher,congruent,✅,0.9855169839004385
18,25,daughter,congruent,✅,0.9632593107658806
18,25,teacher,incongruent,✅,0.016925410486243592
18,25,daughter,incongruent,✅,0.026741810836434617
18,26,roommate,congruent,✅,0.9636892333767735
18,26,grandma,congruent,✅,0.9973048512186058
18,26,roommate,incongruent,✅,0.009502757924928941
18,26,grandma,incongruent,✅,0.006292466617636605
18,27,brother,congruent,✅,0.9834788520148068
18,27,mother,congruent,✅,0.9872837458259617
18,27,brother,incongruent,✅,0.21561985237005243
18,27,mother,incongruent,✅,0.23309854919644077
18,28,preschool,congruent,✅,0.9572433786960677
18,28,prison,congruent,✅,0.9692477731826445
18,28,preschool,incongruent,✅,0.00025616052737430787
18,28,prison,incongruent,✅,0.002875378972690837
18,29,hopeful,congruent,✅,0.7805896535450911
18,29,hopeless,congruent,✅,0.920335523525908
18,29,hopeful,incongruent,✅,0.20911015150965173
18,29,hopeless,incongruent,✅,0.07751686083946721
18,3,marathon,congruent,✅,0.9894888550402993
18,3,exam,congruent,✅,0.9404231781740867
18,3,marathon,incongruent,✅,0.002177362933389451
18,3,exam,incongruent,✅,0.028405663639087742
18,30,appalled,congruent,✅,0.938270691814304
18,30,overjoyed,congruent,✅,0.9743212478621084
18,30,appalled,incongruent,✅,0.32803864849219083
18,30,overjoyed,incongruent,✅,0.4331646150374639
18,31,reprimand,congruent,✅,0.9878872687023402
18,31,encouragement,congruent,✅,0.9831672939429765
18,31,reprimand,incongruent,✅,0.06718362605982248
18,31,encouragement,incongruent,✅,0.12941505272470002
18,32,angrily,congruent,✅,0.9947132928763218
18,32,cordially,congruent,✅,0.9635827044801644
18,32,angrily,incongruent,✅,0.001967548561424138
18,32,cordially,incongruent,✅,0.006429389382979532
18,33,accusatory,congruent,✅,0.9974095479804793
18,33,flirtatious,congruent,✅,0.9631026894375045
18,33,accusatory,incongruent,✅,0.21252200856678627
18,33,flirtatious,incongruent,✅,0.3492348222232889
18,34,disapprovingly,congruent,✅,0.9683138139280066
18,34,lovingly,congruent,❌,0.4052642860000937
18,34,disapprovingly,incongruent,✅,0.0175963515651407
18,34,lovingly,incongruent,✅,0.12351534514533664
18,35,playful,congruent,✅,0.9375522152567695
18,35,distant,congruent,✅,0.9480222847586688
18,35,playful,incongruent,✅,0.19922642979489535
18,35,distant,incongruent,✅,0.01584623799233781
18,36,headphones,congruent,✅,0.9541944198707701
18,36,mangoes,congruent,✅,0.7451417461532612
18,36,headphones,incongruent,✅,0.009533441809044061
18,36,mangoes,incongruent,✅,0.05598328070149017
18,37,playroom,congruent,✅,0.9948184396279717
18,37,park,congruent,✅,0.9974131851610207
18,37,playroom,incongruent,✅,0.025842179020117914
18,37,park,incongruent,✅,0.020375130161702507
18,38,bedroom,congruent,✅,0.9866520505560585
18,38,backyard,congruent,✅,0.9961229930508936
18,38,bedroom,incongruent,✅,0.017902342238442233
18,38,backyard,incongruent,✅,0.006124755112920401
18,39,solemnly,congruent,✅,0.9122971204825889
18,39,excitedly,congruent,✅,0.8573221213760053
18,39,solemnly,incongruent,✅,0.0042465040991370795
18,39,excitedly,incongruent,✅,0.004035872106516672
18,4,menu,congruent,✅,0.7863145319271467
18,4,prescription,congruent,✅,0.9944914088885133
18,4,menu,incongruent,✅,0.00743484916920434
18,4,prescription,incongruent,✅,0.0028676981627041766
18,40,car,congruent,✅,0.9101426299263441
18,40,sock,congruent,✅,0.6449654767510821
18,40,car,incongruent,✅,0.24341399108360734
18,40,sock,incongruent,✅,0.05417603353491408
18,41,overdressed,congruent,✅,0.7928341150862215
18,41,naked,congruent,✅,0.7109270108957909
18,41,overdressed,incongruent,✅,0.052389794604685444
18,41,naked,incongruent,✅,0.04337926526642846
18,42,shy,congruent,✅,0.9751953881633701
18,42,lively,congruent,✅,0.9951665891143131
18,42,shy,incongruent,✅,0.06391198999123643
18,42,lively,incongruent,✅,0.04245671854084923
18,43,offended,congruent,✅,0.7441007399274002
18,43,flattered,congruent,✅,0.8864820315884453
18,43,offended,incongruent,✅,0.24344041563739174
18,43,flattered,incongruent,✅,0.3411569336401739
18,44,grandkid,congruent,✅,0.9789337836744005
18,44,cellmate,congruent,✅,0.9839778649425848
18,44,grandkid,incongruent,✅,0.004017903208148136
18,44,cellmate,incongruent,✅,0.016033767516570107
18,45,promoted,congruent,✅,0.9835970046495457
18,45,fired,congruent,✅,0.9960499378861477
18,45,promoted,incongruent,✅,0.12361864195827639
18,45,fired,incongruent,✅,0.11137348864187122
18,46,shooting,congruent,❌,0.22462591779127372
18,46,celebration,congruent,❌,0.24794167051202792
18,46,shooting,incongruent,✅,0.006329892776433846
18,46,celebration,incongruent,✅,0.00491388162606126
18,47,crayon,congruent,✅,0.6800930590213836
18,47,beer,congruent,✅,0.995107886289521
18,47,crayon,incongruent,✅,0.006220833126327609
18,47,beer,incongruent,✅,0.02144555911045339
18,48,waiter,congruent,✅,0.9901217981951231
18,48,taxi,congruent,✅,0.9833720270832584
18,48,waiter,incongruent,✅,0.03897177859618318
18,48,taxi,incongruent,✅,0.0645330055505962
18,49,parents,congruent,✅,0.9650535319933389
18,49,keys,congruent,✅,0.9801301877900789
18,49,parents,incongruent,✅,0.18387961172057066
18,49,keys,incongruent,✅,0.03301389832867479
18,5,distress,congruent,✅,0.9577439495459769
18,5,tranquility,congruent,✅,0.9663871873150438
18,5,distress,incongruent,✅,0.0014948942429756115
18,5,tranquility,incongruent,✅,0.16901314881225457
18,50,sofa,congruent,✅,0.9987582816615185
18,50,sky,congruent,✅,0.9863925790331146
18,50,sofa,incongruent,❌,0.6883188379150814
18,50,sky,incongruent,✅,0.3928778883438751
18,51,obesity,congruent,❌,0.29502934250995644
18,51,homework,congruent,✅,0.9950547733842279
18,51,obesity,incongruent,✅,0.0002955444379308178
18,51,homework,incongruent,✅,0.05157486394494776
18,52,quiz,congruent,✅,0.9616248421827376
18,52,commute,congruent,✅,0.9847679936292189
18,52,quiz,incongruent,✅,0.0016574775294748978
18,52,commute,incongruent,✅,0.014906147219814104
18,53,migraine,congruent,✅,0.9898777143304031
18,53,excitement,congruent,✅,0.9904917153634213
18,53,migraine,incongruent,✅,0.00463327500168764
18,53,excitement,incongruent,✅,0.035438795710928526
18,54,niece,congruent,✅,0.8606929711379121
18,54,husband,congruent,✅,0.984419808302903
18,54,niece,incongruent,✅,0.30341276220253105
18,54,husband,incongruent,✅,0.3741405772021309
18,55,film,congruent,✅,0.9891759101556544
18,55,sunrise,congruent,✅,0.897747660117755
18,55,film,incongruent,✅,0.0010767278790212618
18,55,sunrise,incongruent,✅,0.04916863089101589
18,56,lecture,congruent,✅,0.9351467952240446
18,56,banquet,congruent,✅,0.8997702583996656
18,56,lecture,incongruent,✅,0.00535051934088313
18,56,banquet,incongruent,✅,0.0023348948521139286
18,57,drink,congruent,✅,0.9979630534073499
18,57,textbook,congruent,✅,0.9459666438314653
18,57,drink,incongruent,✅,0.0260284368586998
18,57,textbook,incongruent,✅,0.017136593249797688
18,58,pool,congruent,✅,0.9980956140470508
18,58,snow,congruent,✅,0.8745733270410209
18,58,pool,incongruent,✅,0.0008457494531101131
18,58,snow,incongruent,✅,0.023514044466112303
18,59,passport,congruent,✅,0.8441063773493277
18,59,plushy,congruent,✅,0.997374575911782
18,59,passport,incongruent,✅,0.02116837146774547
18,59,plushy,incongruent,✅,0.05780683774861879
18,6,patients,congruent,✅,0.8657782956697112
18,6,students,congruent,✅,0.9936771280431349
18,6,patients,incongruent,✅,0.009503197545987335
18,6,students,incongruent,✅,0.0006539558278608036
18,60,sister,congruent,✅,0.9559990830307834
18,60,father,congruent,✅,0.9742672806474802
18,60,sister,incongruent,✅,0.13471879782332866
18,60,father,incongruent,✅,0.06684141137243269
18,61,game,congruent,✅,0.9937216836190207
18,61,sunset,congruent,✅,0.9708139014333378
18,61,game,incongruent,✅,0.05973792715569419
18,61,sunset,incongruent,✅,0.009626149755103224
18,62,holidays,congruent,✅,0.9686156854159361
18,62,funeral,congruent,✅,0.9804834061141374
18,62,holidays,incongruent,✅,0.09155519157803743
18,62,funeral,incongruent,✅,0.2279655686861499
18,63,grades,congruent,✅,0.9175846756466974
18,63,affair,congruent,✅,0.9696633497419288
18,63,grades,incongruent,✅,0.020672251996027156
18,63,affair,incongruent,✅,0.12414496774625301
18,64,arrest,congruent,❌,0.27150088694284863
18,64,stroke,congruent,✅,0.8882021717660412
18,64,arrest,incongruent,✅,0.3976942041688474
18,64,stroke,incongruent,✅,0.026090398929964915
18,65,pacifier,congruent,✅,0.9682062107525873
18,65,coffee,congruent,✅,0.9822218953809121
18,65,pacifier,incongruent,✅,0.010443555047077
18,65,coffee,incongruent,✅,0.056531314855961384
18,66,sweets,congruent,✅,0.9965506008365115
18,66,sentencing,congruent,✅,0.9861278052758865
18,66,sweets,incongruent,✅,0.0010816230593835318
18,66,sentencing,incongruent,✅,0.01748023120222917
18,67,nap,congruent,✅,0.9979116679454145
18,67,selfie,congruent,✅,0.997339044179439
18,67,nap,incongruent,✅,0.046384434515209357
18,67,selfie,incongruent,✅,0.002825362778383488
18,68,diaper,congruent,✅,0.9937639738867999
18,68,tire,congruent,✅,0.9901590649539631
18,68,diaper,incongruent,✅,0.00019891493358604952
18,68,tire,incongruent,✅,8.257900355799619e-05
18,69,chemotherapy,congruent,✅,0.9941675710226997
18,69,golf,congruent,✅,0.9868453916864851
18,69,chemotherapy,incongruent,✅,0.01674640058014908
18,69,golf,incongruent,✅,0.23107550120037954
18,7,consensus,congruent,✅,0.7524122860848487
18,7,deadlock,congruent,✅,0.8304424824146622
18,7,consensus,incongruent,✅,0.06530975854421292
18,7,deadlock,incongruent,✅,0.2920113525055993
18,70,thunder,congruent,✅,0.9892772495770897
18,70,lullaby,congruent,✅,0.8929751109961578
18,70,thunder,incongruent,✅,0.024629024479084938
18,70,lullaby,incongruent,❌,0.6932768728648816
18,71,pajamas,congruent,✅,0.9970331272520573
18,71,uniform,congruent,✅,0.9941361768855083
18,71,pajamas,incongruent,✅,0.27829688641128364
18,71,uniform,incongruent,✅,0.003936195265973288
18,72,gown,congruent,✅,0.9984852031334678
18,72,sweats,congruent,✅,0.9950575669460184
18,72,gown,incongruent,✅,0.0006823393709380585
18,72,sweats,incongruent,✅,0.3567333197992272
18,73,deadline,congruent,✅,0.8686595694171252
18,73,bed,congruent,✅,0.9875321221306431
18,73,deadline,incongruent,✅,0.03137086271470879
18,73,bed,incongruent,✅,0.09354862570077196
18,74,kindergarten,congruent,✅,0.9307894135431336
18,74,jail,congruent,✅,0.9944764114119256
18,74,kindergarten,incongruent,✅,0.021708291725511735
18,74,jail,incongruent,✅,0.013344114877218302
18,75,interrogated,congruent,✅,0.9964094488970594
18,75,tickled,congruent,✅,0.9338749967615289
18,75,interrogated,incongruent,✅,0.06547396779446801
18,75,tickled,incongruent,✅,0.012859164134835907
18,76,sandcastle,congruent,✅,0.9725776390890167
18,76,snowman,congruent,✅,0.9936694182367152
18,76,sandcastle,incongruent,✅,0.011075617073276289
18,76,snowman,incongruent,✅,0.0911816756310564
18,77,music,congruent,✅,0.9954263109519925
18,77,pizza,congruent,✅,0.9988704049388836
18,77,music,incongruent,✅,0.04786935747473713
18,77,pizza,incongruent,✅,0.0016432155062896612
18,78,playoffs,congruent,✅,0.9260252382832697
18,78,cartoon,congruent,✅,0.9983735389247225
18,78,playoffs,incongruent,✅,0.002532700768273494
18,78,cartoon,incongruent,✅,0.09783531981804516
18,79,alcoholism,congruent,✅,0.9892146533084044
18,79,academics,congruent,✅,0.9851496971182115
18,79,alcoholism,incongruent,✅,0.06708029687416638
18,79,academics,incongruent,✅,0.0029307308075949274
18,8,engagement,congruent,✅,0.8685027696766882
18,8,cancer,congruent,❌,0.07173120937438454
18,8,engagement,incongruent,✅,0.1482602394907866
18,8,cancer,incongruent,✅,0.23673803473744973
18,9,terminal,congruent,✅,0.9979345737535323
18,9,classroom,congruent,✅,0.9774625302957674
18,9,terminal,incongruent,✅,0.008576752904682853
18,9,classroom,incongruent,✅,0.013305812377172491
19,0,library,congruent,✅,0.9637280851337625
19,0,refrigerator,congruent,✅,0.7320377316635126
19,0,library,incongruent,✅,0.0057378662190064895
19,0,refrigerator,incongruent,✅,0.008685543782452001
19,1,disappointment,congruent,✅,0.5748366986924895
19,1,delight,congruent,✅,0.9726664957772801
19,1,disappointment,incongruent,✅,0.0001384403590076294
19,1,delight,incongruent,✅,0.007198461249292318
19,10,cash,congruent,✅,0.9942278657356385
19,10,groceries,congruent,✅,0.9767867337878902
19,10,cash,incongruent,❌,0.5396140725117794
19,10,groceries,incongruent,✅,0.009408685770287247
19,11,lonely,congruent,✅,0.9901446667340618
19,11,confident,congruent,✅,0.9451139348811054
19,11,lonely,incongruent,✅,0.050968119125669155
19,11,confident,incongruent,✅,0.2801946319101577
19,12,joy,congruent,✅,0.9983603256818853
19,12,outrage,congruent,✅,0.8065863807068684
19,12,joy,incongruent,✅,0.20914273792977753
19,12,outrage,incongruent,❌,0.8667573465200924
19,13,traffic,congruent,✅,0.9976871678988288
19,13,snowstorm,congruent,✅,0.9934935652316242
19,13,traffic,incongruent,✅,0.37917318101880204
19,13,snowstorm,incongruent,❌,0.8645524697601176
19,14,laughter,congruent,✅,0.9956499633807566
19,14,frustration,congruent,✅,0.9971136777199737
19,14,laughter,incongruent,✅,0.021013883341905296
19,14,frustration,incongruent,✅,0.016756681910261067
19,15,calculator,congruent,✅,0.8933887495490629
19,15,instrument,congruent,✅,0.9775041908141638
19,15,calculator,incongruent,✅,0.03532660986652353
19,15,instrument,incongruent,❌,0.5005361910962962
19,16,orchestra,congruent,✅,0.9702851954558006
19,16,racers,congruent,✅,0.9930552265338525
19,16,orchestra,incongruent,✅,0.028246395591807534
19,16,racers,incongruent,✅,0.0023952340127609286
19,17,retirement,congruent,✅,0.9749733534967091
19,17,playdate,congruent,✅,0.990670290376441
19,17,retirement,incongruent,✅,0.036360018364108744
19,17,playdate,incongruent,✅,0.0004276311392873086
19,18,relieved,congruent,✅,0.8001636467717571
19,18,depressed,congruent,✅,0.8955732087070253
19,18,relieved,incongruent,✅,0.03245555277469196
19,18,depressed,incongruent,✅,0.4125003849307535
19,19,friends,congruent,❌,0.06893423774107751
19,19,weight,congruent,✅,0.9016724437900556
19,19,friends,incongruent,✅,0.036800398819799816
19,19,weight,incongruent,✅,0.0038219670849834303
19,2,overcoat,congruent,✅,0.8662919782932532
19,2,sandals,congruent,✅,0.8078783043715005
19,2,overcoat,incongruent,✅,0.00802443793411978
19,2,sandals,incongruent,✅,0.0014255608306690864
19,20,lipstick,congruent,✅,0.9462235761225455
19,20,song,congruent,✅,0.971648922837318
19,20,lipstick,incongruent,✅,0.06450542081131895
19,20,song,incongruent,✅,0.073050182374355
19,21,fought,congruent,✅,0.9825191237186434
19,21,sang,congruent,✅,0.7884821765231659
19,21,fought,incongruent,✅,0.0026598382692081643
19,21,sang,incongruent,✅,0.023669171766495578
19,22,skeptical,congruent,✅,0.940587338166754
19,22,reassured,congruent,✅,0.8965881406549633
19,22,skeptical,incongruent,✅,0.02978915918478923
19,22,reassured,incongruent,✅,0.25407291453697406
19,23,graduation,congruent,✅,0.9956986055337644
19,23,operation,congruent,✅,0.8938334430727783
19,23,graduation,incongruent,✅,0.0009177844311999125
19,23,operation,incongruent,✅,0.016536322033139157
19,24,bride,congruent,✅,0.9364847839055829
19,24,aftermath,congruent,✅,0.9916933835429143
19,24,bride,incongruent,✅,0.06557277220500828
19,24,aftermath,incongruent,✅,0.008573243510451
19,25,teacher,congruent,✅,0.9961905701554885
19,25,daughter,congruent,✅,0.9925131893317033
19,25,teacher,incongruent,✅,0.013354139424992419
19,25,daughter,incongruent,✅,0.03373032956651467
19,26,roommate,congruent,✅,0.9708082636373817
19,26,grandma,congruent,✅,0.9982962203076536
19,26,roommate,incongruent,✅,0.006411586628460539
19,26,grandma,incongruent,✅,0.003357676905476572
19,27,brother,congruent,✅,0.9923963681249697
19,27,mother,congruent,✅,0.9924527187390788
19,27,brother,incongruent,✅,0.028607637102061302
19,27,mother,incongruent,✅,0.2571779031186956
19,28,preschool,congruent,✅,0.952727446269374
19,28,prison,congruent,✅,0.9879387917966956
19,28,preschool,incongruent,✅,0.0002112436442417733
19,28,prison,incongruent,✅,0.001107740963173738
19,29,hopeful,congruent,✅,0.6987568660813852
19,29,hopeless,congruent,✅,0.9457364273139831
19,29,hopeful,incongruent,✅,0.21781520360649895
19,29,hopeless,incongruent,✅,0.03833083258109842
19,3,marathon,congruent,✅,0.9869227533889238
19,3,exam,congruent,✅,0.9519388162259786
19,3,marathon,incongruent,✅,0.004393222648884333
19,3,exam,incongruent,✅,0.018995154174665428
19,30,appalled,congruent,✅,0.9555056337621545
19,30,overjoyed,congruent,✅,0.9747739824606884
19,30,appalled,incongruent,✅,0.2221662639360168
19,30,overjoyed,incongruent,✅,0.4873716858465207
19,31,reprimand,congruent,✅,0.9925823152245152
19,31,encouragement,congruent,✅,0.9894655357306247
19,31,reprimand,incongruent,✅,0.02930712034732519
19,31,encouragement,incongruent,✅,0.053242470551743054
19,32,angrily,congruent,✅,0.9940017842393845
19,32,cordially,congruent,✅,0.9823165988848142
19,32,angrily,incongruent,✅,0.0006639707423861247
19,32,cordially,incongruent,✅,0.0007075177723742809
19,33,accusatory,congruent,✅,0.9956678167777137
19,33,flirtatious,congruent,✅,0.9476794070323188
19,33,accusatory,incongruent,✅,0.07305392502676344
19,33,flirtatious,incongruent,✅,0.2183974242161494
19,34,disapprovingly,congruent,✅,0.9901568854386286
19,34,lovingly,congruent,✅,0.5348962989924556
19,34,disapprovingly,incongruent,✅,0.005764997649889708
19,34,lovingly,incongruent,✅,0.2579153168252921
19,35,playful,congruent,✅,0.9723799258880099
19,35,distant,congruent,✅,0.9790836584015746
19,35,playful,incongruent,✅,0.14298696099559255
19,35,distant,incongruent,✅,0.011494641645630889
19,36,headphones,congruent,✅,0.9742350392986174
19,36,mangoes,congruent,✅,0.6641001223531234
19,36,headphones,incongruent,✅,0.01692570185364845
19,36,mangoes,incongruent,✅,0.026712153802935276
19,37,playroom,congruent,✅,0.9975300836353147
19,37,park,congruent,✅,0.9962090293695756
19,37,playroom,incongruent,✅,0.013800392804330418
19,37,park,incongruent,✅,0.038346495843809635
19,38,bedroom,congruent,✅,0.991671182036103
19,38,backyard,congruent,✅,0.9985052398488524
19,38,bedroom,incongruent,✅,0.009883968902142557
19,38,backyard,incongruent,✅,0.004234608631544141
19,39,solemnly,congruent,✅,0.9667434337586256
19,39,excitedly,congruent,✅,0.8844146720451385
19,39,solemnly,incongruent,✅,0.0064019076894531795
19,39,excitedly,incongruent,✅,0.008991264791729759
19,4,menu,congruent,✅,0.8177113132673344
19,4,prescription,congruent,✅,0.9944863275525941
19,4,menu,incongruent,✅,0.009932760942007691
19,4,prescription,incongruent,✅,0.0024263110177733145
19,40,car,congruent,✅,0.8705878462406164
19,40,sock,congruent,✅,0.7199431276329539
19,40,car,incongruent,✅,0.3843183165893172
19,40,sock,incongruent,✅,0.04966595947392552
19,41,overdressed,congruent,✅,0.8972995188995453
19,41,naked,congruent,✅,0.9193237815416898
19,41,overdressed,incongruent,✅,0.09083045608181976
19,41,naked,incongruent,✅,0.20403359978191993
19,42,shy,congruent,✅,0.9753100080536667
19,42,lively,congruent,✅,0.9944854834020536
19,42,shy,incongruent,✅,0.005016888073025674
19,42,lively,incongruent,✅,0.008425616379914957
19,43,offended,congruent,✅,0.7358938409773457
19,43,flattered,congruent,✅,0.9134255670801306
19,43,offended,incongruent,✅,0.3878340086374626
19,43,flattered,incongruent,✅,0.1423158368574358
19,44,grandkid,congruent,✅,0.9940217199342145
19,44,cellmate,congruent,✅,0.9718406843253787
19,44,grandkid,incongruent,✅,0.0030750126634268814
19,44,cellmate,incongruent,✅,0.07159406243090523
19,45,promoted,congruent,✅,0.9913621988586223
19,45,fired,congruent,✅,0.9977197518160714
19,45,promoted,incongruent,✅,0.10081971539975872
19,45,fired,incongruent,✅,0.04398432440895476
19,46,shooting,congruent,❌,0.13068079045134864
19,46,celebration,congruent,❌,0.36890994369420965
19,46,shooting,incongruent,✅,0.021835785705890492
19,46,celebration,incongruent,✅,0.004472036569323466
19,47,crayon,congruent,✅,0.6551477402684509
19,47,beer,congruent,✅,0.9941512662282088
19,47,crayon,incongruent,✅,0.002058784180644038
19,47,beer,incongruent,✅,0.012960032701514116
19,48,waiter,congruent,✅,0.986255742095823
19,48,taxi,congruent,✅,0.9762292075529113
19,48,waiter,incongruent,✅,0.04260448063669448
19,48,taxi,incongruent,✅,0.03011621848618045
19,49,parents,congruent,✅,0.9877432636002046
19,49,keys,congruent,✅,0.9867128590725112
19,49,parents,incongruent,✅,0.18891326133721384
19,49,keys,incongruent,✅,0.026229940345688374
19,5,distress,congruent,✅,0.9485931827300442
19,5,tranquility,congruent,✅,0.988587548788852
19,5,distress,incongruent,✅,0.0012765786079742619
19,5,tranquility,incongruent,✅,0.12757693506285123
19,50,sofa,congruent,✅,0.9986346569797999
19,50,sky,congruent,✅,0.9845128999152718
19,50,sofa,incongruent,❌,0.610591271874354
19,50,sky,incongruent,✅,0.37986633494571415
19,51,obesity,congruent,❌,0.47233094901400585
19,51,homework,congruent,✅,0.9956634145583374
19,51,obesity,incongruent,✅,0.0003127776840309772
19,51,homework,incongruent,✅,0.07290102061857132
19,52,quiz,congruent,✅,0.9714347913902861
19,52,commute,congruent,✅,0.9891179084163586
19,52,quiz,incongruent,✅,0.0029409528340366407
19,52,commute,incongruent,✅,0.0070414222643123275
19,53,migraine,congruent,✅,0.9901939149603275
19,53,excitement,congruent,✅,0.995988959436732
19,53,migraine,incongruent,✅,0.00305141339649181
19,53,excitement,incongruent,✅,0.02247035034319608
19,54,niece,congruent,✅,0.867192220491974
19,54,husband,congruent,✅,0.9876192891898921
19,54,niece,incongruent,✅,0.039185802638489246
19,54,husband,incongruent,✅,0.0845747779200194
19,55,film,congruent,✅,0.9922519414433165
19,55,sunrise,congruent,✅,0.8564951921727773
19,55,film,incongruent,✅,0.0010878381806302922
19,55,sunrise,incongruent,✅,0.09966219953724294
19,56,lecture,congruent,✅,0.9610236969223507
19,56,banquet,congruent,✅,0.9506567301121744
19,56,lecture,incongruent,✅,0.006994177929175532
19,56,banquet,incongruent,✅,0.0033732779714291945
19,57,drink,congruent,✅,0.9961076943425105
19,57,textbook,congruent,✅,0.9361815771299451
19,57,drink,incongruent,✅,0.03089901517388167
19,57,textbook,incongruent,✅,0.017473543597726248
19,58,pool,congruent,✅,0.9986912715087528
19,58,snow,congruent,✅,0.9271447261186619
19,58,pool,incongruent,✅,0.0006769077330232377
19,58,snow,incongruent,✅,0.020083934665564473
19,59,passport,congruent,✅,0.9380514069549388
19,59,plushy,congruent,✅,0.9975208788634748
19,59,passport,incongruent,✅,0.00985809837224148
19,59,plushy,incongruent,✅,0.2294430998847542
19,6,patients,congruent,✅,0.9310781935664141
19,6,students,congruent,✅,0.995101276608737
19,6,patients,incongruent,✅,0.0051997635920209475
19,6,students,incongruent,✅,0.0002847669860965476
19,60,sister,congruent,✅,0.9581909016304037
19,60,father,congruent,✅,0.9921673459780537
19,60,sister,incongruent,✅,0.19270807316725422
19,60,father,incongruent,✅,0.04595036120191361
19,61,game,congruent,✅,0.9957223005867623
19,61,sunset,congruent,✅,0.961233009657142
19,61,game,incongruent,✅,0.04589812705852358
19,61,sunset,incongruent,✅,0.01624739356063808
19,62,holidays,congruent,✅,0.9823135484357552
19,62,funeral,congruent,✅,0.9792147017597831
19,62,holidays,incongruent,✅,0.09178983390577677
19,62,funeral,incongruent,✅,0.304290812238219
19,63,grades,congruent,✅,0.9157139945438679
19,63,affair,congruent,✅,0.9821832011589849
19,63,grades,incongruent,✅,0.021830357487844565
19,63,affair,incongruent,✅,0.041296698991548815
19,64,arrest,congruent,❌,0.25506166987188783
19,64,stroke,congruent,✅,0.856115131825113
19,64,arrest,incongruent,✅,0.1968687713144584
19,64,stroke,incongruent,✅,0.02607924644514196
19,65,pacifier,congruent,✅,0.9230140732994867
19,65,coffee,congruent,✅,0.9961651862378961
19,65,pacifier,incongruent,✅,0.010439471417665607
19,65,coffee,incongruent,✅,0.05849425976100329
19,66,sweets,congruent,✅,0.9975354702181767
19,66,sentencing,congruent,✅,0.9958564693211235
19,66,sweets,incongruent,✅,0.0008368229334405201
19,66,sentencing,incongruent,✅,0.016525557019332476
19,67,nap,congruent,✅,0.9947273251986416
19,67,selfie,congruent,✅,0.9965168429883713
19,67,nap,incongruent,✅,0.010701345272466594
19,67,selfie,incongruent,✅,0.0015485627275544688
19,68,diaper,congruent,✅,0.9958783382273754
19,68,tire,congruent,✅,0.979767191985405
19,68,diaper,incongruent,✅,6.20562907417546e-05
19,68,tire,incongruent,✅,5.0572819097865194e-05
19,69,chemotherapy,congruent,✅,0.9961700051639347
19,69,golf,congruent,✅,0.9900029245053737
19,69,chemotherapy,incongruent,✅,0.018011286790675984
19,69,golf,incongruent,✅,0.265540020999223
19,7,consensus,congruent,✅,0.7023980597251822
19,7,deadlock,congruent,✅,0.7264171358417816
19,7,consensus,incongruent,✅,0.04364140436285554
19,7,deadlock,incongruent,✅,0.17454441554437208
19,70,thunder,congruent,✅,0.9912671974068319
19,70,lullaby,congruent,✅,0.82767963772155
19,70,thunder,incongruent,✅,0.02732289908634024
19,70,lullaby,incongruent,❌,0.74385489820849
19,71,pajamas,congruent,✅,0.9967329651237946
19,71,uniform,congruent,✅,0.989897695637074
19,71,pajamas,incongruent,✅,0.09066651431241227
19,71,uniform,incongruent,✅,0.0027462589419523695
19,72,gown,congruent,✅,0.9980983363050265
19,72,sweats,congruent,✅,0.996710957563883
19,72,gown,incongruent,✅,0.0015485018207737542
19,72,sweats,incongruent,✅,0.3550655577041185
19,73,deadline,congruent,✅,0.8563148281006354
19,73,bed,congruent,✅,0.962707633996063
19,73,deadline,incongruent,✅,0.0197644551323204
19,73,bed,incongruent,✅,0.1452676868145211
19,74,kindergarten,congruent,✅,0.9294160604229106
19,74,jail,congruent,✅,0.9960655072350005
19,74,kindergarten,incongruent,✅,0.05122722609660586
19,74,jail,incongruent,✅,0.018867251980223765
19,75,interrogated,congruent,✅,0.9951946334268823
19,75,tickled,congruent,✅,0.9330411287834596
19,75,interrogated,incongruent,✅,0.06802489701068623
19,75,tickled,incongruent,✅,0.010262025311430266
19,76,sandcastle,congruent,✅,0.9840129310281966
19,76,snowman,congruent,✅,0.9927745274579362
19,76,sandcastle,incongruent,✅,0.03481080587888869
19,76,snowman,incongruent,✅,0.12944952001915722
19,77,music,congruent,✅,0.9939152830549499
19,77,pizza,congruent,✅,0.998493794778045
19,77,music,incongruent,✅,0.041187321430892765
19,77,pizza,incongruent,✅,0.002556809817857115
19,78,playoffs,congruent,✅,0.8880752556669043
19,78,cartoon,congruent,✅,0.9986967582714306
19,78,playoffs,incongruent,✅,0.002076324297775412
19,78,cartoon,incongruent,✅,0.029658686643047678
19,79,alcoholism,congruent,✅,0.9944534988038195
19,79,academics,congruent,✅,0.9843195965083618
19,79,alcoholism,incongruent,✅,0.06003251600655967
19,79,academics,incongruent,✅,0.008315304573797694
19,8,engagement,congruent,✅,0.8941679727527028
19,8,cancer,congruent,❌,0.1414775191946793
19,8,engagement,incongruent,✅,0.25866968208903224
19,8,cancer,incongruent,✅,0.3557750640287581
19,9,terminal,congruent,✅,0.9944901459781176
19,9,classroom,congruent,✅,0.9709533640180118
19,9,terminal,incongruent,✅,0.005693370219620379
19,9,classroom,incongruent,✅,0.005325485710102978
20,0,library,congruent,✅,0.9742540930085389
20,0,refrigerator,congruent,✅,0.8626051477505339
20,0,library,incongruent,✅,0.011961505123981937
20,0,refrigerator,incongruent,✅,0.006037197281797558
20,1,disappointment,congruent,✅,0.6503298129162453
20,1,delight,congruent,✅,0.9766839231244567
20,1,disappointment,incongruent,✅,0.00011896321701246535
20,1,delight,incongruent,✅,0.001314735466128225
20,10,cash,congruent,✅,0.9970689179239184
20,10,groceries,congruent,✅,0.9607725513317047
20,10,cash,incongruent,✅,0.32811164437310625
20,10,groceries,incongruent,✅,0.005798882512286482
20,11,lonely,congruent,✅,0.9884820262648668
20,11,confident,congruent,✅,0.9719037834112906
20,11,lonely,incongruent,✅,0.06163671586881911
20,11,confident,incongruent,✅,0.29292688689983365
20,12,joy,congruent,✅,0.9979898528799068
20,12,outrage,congruent,✅,0.6743134028205516
20,12,joy,incongruent,✅,0.03689538675682793
20,12,outrage,incongruent,❌,0.8201013380675839
20,13,traffic,congruent,✅,0.9982872972946981
20,13,snowstorm,congruent,✅,0.9972254776799153
20,13,traffic,incongruent,❌,0.6490415873575058
20,13,snowstorm,incongruent,❌,0.9222311154351369
20,14,laughter,congruent,✅,0.9966088228542656
20,14,frustration,congruent,✅,0.9981567490621446
20,14,laughter,incongruent,✅,0.0052460759580452215
20,14,frustration,incongruent,✅,0.008517613251119396
20,15,calculator,congruent,✅,0.9324710590358063
20,15,instrument,congruent,✅,0.9767413604816167
20,15,calculator,incongruent,✅,0.025490521751156705
20,15,instrument,incongruent,✅,0.438532434703221
20,16,orchestra,congruent,✅,0.969877567931508
20,16,racers,congruent,✅,0.9952196849374598
20,16,orchestra,incongruent,✅,0.01837317517343569
20,16,racers,incongruent,✅,0.000791073101502976
20,17,retirement,congruent,✅,0.9541532335191998
20,17,playdate,congruent,✅,0.9884143423366829
20,17,retirement,incongruent,✅,0.017480100682092367
20,17,playdate,incongruent,✅,0.0013121779072090777
20,18,relieved,congruent,✅,0.9461025629332506
20,18,depressed,congruent,✅,0.9009957916523841
20,18,relieved,incongruent,✅,0.014239049905191564
20,18,depressed,incongruent,❌,0.6566635834829289
20,19,friends,congruent,❌,0.23499983746459518
20,19,weight,congruent,✅,0.9566031328541401
20,19,friends,incongruent,✅,0.09482430236301095
20,19,weight,incongruent,✅,0.006093288608020338
20,2,overcoat,congruent,✅,0.9463150302661391
20,2,sandals,congruent,✅,0.8875025747225104
20,2,overcoat,incongruent,✅,0.002375354080354997
20,2,sandals,incongruent,✅,7.200901180430747e-05
20,20,lipstick,congruent,✅,0.9344187730528707
20,20,song,congruent,✅,0.953065095626871
20,20,lipstick,incongruent,✅,0.21083907250948364
20,20,song,incongruent,✅,0.03321271945645202
20,21,fought,congruent,✅,0.9939104981948135
20,21,sang,congruent,✅,0.8525567687231671
20,21,fought,incongruent,✅,0.001012317315164554
20,21,sang,incongruent,✅,0.0353953867755396
20,22,skeptical,congruent,✅,0.9793618972106045
20,22,reassured,congruent,✅,0.9365547838695819
20,22,skeptical,incongruent,✅,0.057107296047221735
20,22,reassured,incongruent,✅,0.06959622344115288
20,23,graduation,congruent,✅,0.9961269895634843
20,23,operation,congruent,✅,0.8908195127973906
20,23,graduation,incongruent,✅,0.003324391681958273
20,23,operation,incongruent,✅,0.008337586252073391
20,24,bride,congruent,✅,0.9291298399901278
20,24,aftermath,congruent,✅,0.9922017844106528
20,24,bride,incongruent,✅,0.03135849065483332
20,24,aftermath,incongruent,✅,0.008050117304099146
20,25,teacher,congruent,✅,0.9949159865711114
20,25,daughter,congruent,✅,0.9945965701306433
20,25,teacher,incongruent,✅,0.03002952430591766
20,25,daughter,incongruent,✅,0.08386546327439211
20,26,roommate,congruent,✅,0.9821977194442496
20,26,grandma,congruent,✅,0.9975899865247967
20,26,roommate,incongruent,✅,0.0038892252514356415
20,26,grandma,incongruent,✅,0.0057145378689905735
20,27,brother,congruent,✅,0.9921333089466933
20,27,mother,congruent,✅,0.9900284093169616
20,27,brother,incongruent,✅,0.002600853116604782
20,27,mother,incongruent,✅,0.08495349384504347
20,28,preschool,congruent,✅,0.9115836170492653
20,28,prison,congruent,✅,0.9831434622078201
20,28,preschool,incongruent,✅,0.00015370369591884576
20,28,prison,incongruent,✅,0.000283619526039556
20,29,hopeful,congruent,✅,0.8095266763603485
20,29,hopeless,congruent,✅,0.9675539780485543
20,29,hopeful,incongruent,✅,0.15697712320741083
20,29,hopeless,incongruent,✅,0.040015326043240214
20,3,marathon,congruent,✅,0.9765448990438488
20,3,exam,congruent,✅,0.9622669524785176
20,3,marathon,incongruent,✅,0.003627523623188157
20,3,exam,incongruent,✅,0.004929583823422267
20,30,appalled,congruent,✅,0.9734174417318836
20,30,overjoyed,congruent,✅,0.9671393183964874
20,30,appalled,incongruent,✅,0.09460148334455838
20,30,overjoyed,incongruent,❌,0.5342781241712309
20,31,reprimand,congruent,✅,0.9928492518455015
20,31,encouragement,congruent,✅,0.988364857318009
20,31,reprimand,incongruent,✅,0.012543270997061982
20,31,encouragement,incongruent,✅,0.01375550221410422
20,32,angrily,congruent,✅,0.9960707616105985
20,32,cordially,congruent,✅,0.9799540885436087
20,32,angrily,incongruent,✅,0.0007624968891540264
20,32,cordially,incongruent,✅,0.00020869228437039245
20,33,accusatory,congruent,✅,0.9973427617679195
20,33,flirtatious,congruent,✅,0.96239425524494
20,33,accusatory,incongruent,✅,0.03590060166106243
20,33,flirtatious,incongruent,✅,0.261759260010053
20,34,disapprovingly,congruent,✅,0.9942343740977042
20,34,lovingly,congruent,✅,0.8164379089739862
20,34,disapprovingly,incongruent,✅,0.0038019457763712994
20,34,lovingly,incongruent,✅,0.3964894016660969
20,35,playful,congruent,✅,0.9901447084073935
20,35,distant,congruent,✅,0.9792161037607291
20,35,playful,incongruent,✅,0.13406510515596276
20,35,distant,incongruent,✅,0.0075010242447760694
20,36,headphones,congruent,✅,0.9802017569495769
20,36,mangoes,congruent,✅,0.5408612289581778
20,36,headphones,incongruent,✅,0.007578643426675817
20,36,mangoes,incongruent,✅,0.011545300439597634
20,37,playroom,congruent,✅,0.9961430697199187
20,37,park,congruent,✅,0.997254405139455
20,37,playroom,incongruent,✅,0.025887038907393873
20,37,park,incongruent,✅,0.030210165332797113
20,38,bedroom,congruent,✅,0.9948669576011956
20,38,backyard,congruent,✅,0.9975585321236715
20,38,bedroom,incongruent,✅,0.004206098683096811
20,38,backyard,incongruent,✅,0.0032431512152526765
20,39,solemnly,congruent,✅,0.9813001887153874
20,39,excitedly,congruent,✅,0.9253806587545748
20,39,solemnly,incongruent,✅,0.002471522883411923
20,39,excitedly,incongruent,✅,0.009922771272057858
20,4,menu,congruent,✅,0.8216865682635455
20,4,prescription,congruent,✅,0.9952235152226824
20,4,menu,incongruent,✅,0.0120305946030667
20,4,prescription,incongruent,✅,0.004091603789842715
20,40,car,congruent,✅,0.9637903790712621
20,40,sock,congruent,✅,0.9114050244882795
20,40,car,incongruent,✅,0.46789963183732336
20,40,sock,incongruent,✅,0.11537046290472142
20,41,overdressed,congruent,✅,0.9630469491445699
20,41,naked,congruent,✅,0.9329450617592017
20,41,overdressed,incongruent,✅,0.1115364989314563
20,41,naked,incongruent,✅,0.05282815841446425
20,42,shy,congruent,✅,0.9801568944159816
20,42,lively,congruent,✅,0.9946163577715292
20,42,shy,incongruent,✅,0.0067535946546005
20,42,lively,incongruent,✅,0.0031154834598959057
20,43,offended,congruent,✅,0.9152938884930704
20,43,flattered,congruent,✅,0.9230430019788769
20,43,offended,incongruent,✅,0.3159373275813271
20,43,flattered,incongruent,✅,0.09710234226856596
20,44,grandkid,congruent,✅,0.9959004417383641
20,44,cellmate,congruent,✅,0.9726630114724562
20,44,grandkid,incongruent,✅,0.00445878708962793
20,44,cellmate,incongruent,✅,0.18921425546150908
20,45,promoted,congruent,✅,0.9922686407663777
20,45,fired,congruent,✅,0.9980002877755838
20,45,promoted,incongruent,✅,0.009322137312476886
20,45,fired,incongruent,✅,0.0035205626039494
20,46,shooting,congruent,❌,0.19280746030471846
20,46,celebration,congruent,✅,0.5794227334945832
20,46,shooting,incongruent,✅,0.06071732631519609
20,46,celebration,incongruent,✅,0.0085818033902335
20,47,crayon,congruent,✅,0.8194043167977816
20,47,beer,congruent,✅,0.9959391759592536
20,47,crayon,incongruent,✅,0.002720447300687374
20,47,beer,incongruent,✅,0.014482370853429242
20,48,waiter,congruent,✅,0.9955023042216906
20,48,taxi,congruent,✅,0.9825340149456904
20,48,waiter,incongruent,✅,0.061308864727290906
20,48,taxi,incongruent,✅,0.06965104492060739
20,49,parents,congruent,✅,0.9937122494329588
20,49,keys,congruent,✅,0.9812279577231695
20,49,parents,incongruent,✅,0.1131421084273715
20,49,keys,incongruent,✅,0.05581418583683628
20,5,distress,congruent,✅,0.9802571045187304
20,5,tranquility,congruent,✅,0.9937683438918163
20,5,distress,incongruent,✅,0.0009285440856650636
20,5,tranquility,incongruent,✅,0.21475046422508698
20,50,sofa,congruent,✅,0.9977437340679046
20,50,sky,congruent,✅,0.9906656480803362
20,50,sofa,incongruent,❌,0.6098290934219945
20,50,sky,incongruent,✅,0.2830139926731036
20,51,obesity,congruent,❌,0.41905884619509587
20,51,homework,congruent,✅,0.9941372570756194
20,51,obesity,incongruent,✅,0.0003943808730710913
20,51,homework,incongruent,✅,0.04408446054980551
20,52,quiz,congruent,✅,0.9809814973450005
20,52,commute,congruent,✅,0.9917931459408529
20,52,quiz,incongruent,✅,0.004749581029622972
20,52,commute,incongruent,✅,0.007261597618498535
20,53,migraine,congruent,✅,0.990159228193126
20,53,excitement,congruent,✅,0.9950165884276964
20,53,migraine,incongruent,✅,0.0013762455997498536
20,53,excitement,incongruent,✅,0.021814332460570445
20,54,niece,congruent,✅,0.7750049398928762
20,54,husband,congruent,✅,0.9819606095428384
20,54,niece,incongruent,✅,0.009715806219423717
20,54,husband,incongruent,✅,0.01008255767996637
20,55,film,congruent,✅,0.9938639263258549
20,55,sunrise,congruent,✅,0.8892223428194874
20,55,film,incongruent,✅,0.0009080974830585949
20,55,sunrise,incongruent,✅,0.04710586960851103
20,56,lecture,congruent,✅,0.9830933319449523
20,56,banquet,congruent,✅,0.9400806278134498
20,56,lecture,incongruent,✅,0.002706391220368739
20,56,banquet,incongruent,✅,0.001545321387968031
20,57,drink,congruent,✅,0.9955286350590336
20,57,textbook,congruent,✅,0.9612671123746057
20,57,drink,incongruent,✅,0.05051801467240453
20,57,textbook,incongruent,✅,0.0036446242525196367
20,58,pool,congruent,✅,0.998499382015836
20,58,snow,congruent,✅,0.9142087341808266
20,58,pool,incongruent,✅,0.0004440621640285906
20,58,snow,incongruent,✅,0.020366101287996468
20,59,passport,congruent,✅,0.9589353998661162
20,59,plushy,congruent,✅,0.9951423486962209
20,59,passport,incongruent,✅,0.0072776563717766385
20,59,plushy,incongruent,✅,0.1698768781991658
20,6,patients,congruent,✅,0.9651151072573054
20,6,students,congruent,✅,0.9973826324163872
20,6,patients,incongruent,✅,0.010515351008473202
20,6,students,incongruent,✅,0.00014690177777026682
20,60,sister,congruent,✅,0.9840749320818594
20,60,father,congruent,✅,0.9916957125826864
20,60,sister,incongruent,✅,0.4430579754642706
20,60,father,incongruent,✅,0.0503915447532393
20,61,game,congruent,✅,0.9959688689591305
20,61,sunset,congruent,✅,0.9727297096935018
20,61,game,incongruent,✅,0.02708063372681559
20,61,sunset,incongruent,✅,0.009744255719670176
20,62,holidays,congruent,✅,0.989083131605883
20,62,funeral,congruent,✅,0.9976384974876861
20,62,holidays,incongruent,✅,0.28048236959295747
20,62,funeral,incongruent,❌,0.5225775053122316
20,63,grades,congruent,✅,0.9726713404089993
20,63,affair,congruent,✅,0.990726859299798
20,63,grades,incongruent,✅,0.014426669961345739
20,63,affair,incongruent,✅,0.04104684872482425
20,64,arrest,congruent,❌,0.315822856527801
20,64,stroke,congruent,✅,0.9611867002930555
20,64,arrest,incongruent,✅,0.2512690868211648
20,64,stroke,incongruent,✅,0.05495570553643531
20,65,pacifier,congruent,✅,0.9532366694292783
20,65,coffee,congruent,✅,0.9971389496299027
20,65,pacifier,incongruent,✅,0.01042293147606193
20,65,coffee,incongruent,✅,0.03766435774774968
20,66,sweets,congruent,✅,0.9975812216771022
20,66,sentencing,congruent,✅,0.9979683790797325
20,66,sweets,incongruent,✅,0.00017473246055000282
20,66,sentencing,incongruent,✅,0.008848840824160292
20,67,nap,congruent,✅,0.9969307047524318
20,67,selfie,congruent,✅,0.9973537525797728
20,67,nap,incongruent,✅,0.03532438328678456
20,67,selfie,incongruent,✅,0.0014176325793991205
20,68,diaper,congruent,✅,0.9980798365975107
20,68,tire,congruent,✅,0.9916465955657533
20,68,diaper,incongruent,✅,3.5072746878114726e-05
20,68,tire,incongruent,✅,0.00030759504256649603
20,69,chemotherapy,congruent,✅,0.9964640854522717
20,69,golf,congruent,✅,0.9905723725835408
20,69,chemotherapy,incongruent,✅,0.030497227174304434
20,69,golf,incongruent,✅,0.22046252141596745
20,7,consensus,congruent,✅,0.7635706248098986
20,7,deadlock,congruent,✅,0.8590481069908183
20,7,consensus,incongruent,✅,0.05274925191249998
20,7,deadlock,incongruent,✅,0.061424102234133304
20,70,thunder,congruent,✅,0.9892956371496106
20,70,lullaby,congruent,✅,0.87461284582803
20,70,thunder,incongruent,✅,0.04849127711663892
20,70,lullaby,incongruent,❌,0.7654475676092047
20,71,pajamas,congruent,✅,0.9974413797979808
20,71,uniform,congruent,✅,0.9914459723776275
20,71,pajamas,incongruent,✅,0.0252872627879702
20,71,uniform,incongruent,✅,0.0040153641700531595
20,72,gown,congruent,✅,0.998316455927235
20,72,sweats,congruent,✅,0.997571979392233
20,72,gown,incongruent,✅,0.00194724504719572
20,72,sweats,incongruent,✅,0.42770441384484953
20,73,deadline,congruent,✅,0.8196223503927801
20,73,bed,congruent,✅,0.9542179107693445
20,73,deadline,incongruent,✅,0.012666981388167518
20,73,bed,incongruent,✅,0.0663403388708091
20,74,kindergarten,congruent,✅,0.9299285118515256
20,74,jail,congruent,✅,0.9971915221953779
20,74,kindergarten,incongruent,✅,0.16988598189296084
20,74,jail,incongruent,✅,0.013754999530720567
20,75,interrogated,congruent,✅,0.9981552307216207
20,75,tickled,congruent,✅,0.9351062022759709
20,75,interrogated,incongruent,✅,0.02435234311271275
20,75,tickled,incongruent,✅,0.027683154237700375
20,76,sandcastle,congruent,✅,0.9625665494328871
20,76,snowman,congruent,✅,0.9924370385712944
20,76,sandcastle,incongruent,✅,0.028241267600983066
20,76,snowman,incongruent,✅,0.016200861934972468
20,77,music,congruent,✅,0.9941563896529165
20,77,pizza,congruent,✅,0.999087387779069
20,77,music,incongruent,✅,0.07096881697860137
20,77,pizza,incongruent,✅,0.00502137901538822
20,78,playoffs,congruent,✅,0.9356513948105395
20,78,cartoon,congruent,✅,0.9989954421015388
20,78,playoffs,incongruent,✅,0.0032224700580263444
20,78,cartoon,incongruent,✅,0.010923737554783102
20,79,alcoholism,congruent,✅,0.9900385570695677
20,79,academics,congruent,✅,0.9830036461209756
20,79,alcoholism,incongruent,✅,0.10205598387962363
20,79,academics,incongruent,✅,0.01171893329380883
20,8,engagement,congruent,✅,0.875684419001117
20,8,cancer,congruent,❌,0.12628745692329635
20,8,engagement,incongruent,✅,0.14852358839885765
20,8,cancer,incongruent,✅,0.171393935442219
20,9,terminal,congruent,✅,0.9952560418268297
20,9,classroom,congruent,✅,0.973705591684807
20,9,terminal,incongruent,✅,0.0013162111888740452
20,9,classroom,incongruent,✅,0.0036113404061996093
21,0,library,congruent,✅,0.9842096373537109
21,0,refrigerator,congruent,✅,0.8844160781055087
21,0,library,incongruent,✅,0.03451664319083202
21,0,refrigerator,incongruent,✅,0.007628627773765645
21,1,disappointment,congruent,✅,0.7092893888327062
21,1,delight,congruent,✅,0.9763137875594399
21,1,disappointment,incongruent,✅,0.00016439117601687906
21,1,delight,incongruent,✅,0.0006675698953019631
21,10,cash,congruent,✅,0.9979810121110817
21,10,groceries,congruent,✅,0.9458268513707327
21,10,cash,incongruent,✅,0.3036241258262469
21,10,groceries,incongruent,✅,0.008245249549419657
21,11,lonely,congruent,✅,0.9859231830737539
21,11,confident,congruent,✅,0.98571368262279
21,11,lonely,incongruent,✅,0.05404003401629332
21,11,confident,incongruent,✅,0.147054281639833
21,12,joy,congruent,✅,0.9973217549646688
21,12,outrage,congruent,✅,0.6862132353244954
21,12,joy,incongruent,✅,0.02949719074316429
21,12,outrage,incongruent,❌,0.8875632665683947
21,13,traffic,congruent,✅,0.9984033049282708
21,13,snowstorm,congruent,✅,0.9964253143697853
21,13,traffic,incongruent,❌,0.8508171080154296
21,13,snowstorm,incongruent,❌,0.9185709751162826
21,14,laughter,congruent,✅,0.9954069096947519
21,14,frustration,congruent,✅,0.9970979283857824
21,14,laughter,incongruent,✅,0.0044755559493845605
21,14,frustration,incongruent,✅,0.012775634853303809
21,15,calculator,congruent,✅,0.9589936395118281
21,15,instrument,congruent,✅,0.9816083162938176
21,15,calculator,incongruent,✅,0.02484945935951187
21,15,instrument,incongruent,❌,0.5656485081192111
21,16,orchestra,congruent,✅,0.9706668865761184
21,16,racers,congruent,✅,0.996428680058238
21,16,orchestra,incongruent,✅,0.011291382727325206
21,16,racers,incongruent,✅,0.000451785096137443
21,17,retirement,congruent,✅,0.9359287477743985
21,17,playdate,congruent,✅,0.9875035946757803
21,17,retirement,incongruent,✅,0.014425961383792823
21,17,playdate,incongruent,✅,0.002577410522437864
21,18,relieved,congruent,✅,0.8878972138975348
21,18,depressed,congruent,✅,0.9157986785904438
21,18,relieved,incongruent,✅,0.010189963885429802
21,18,depressed,incongruent,✅,0.4734099607039517
21,19,friends,congruent,❌,0.3226787920653851
21,19,weight,congruent,✅,0.9173613097440521
21,19,friends,incongruent,✅,0.12364607554899815
21,19,weight,incongruent,✅,0.008144970139951947
21,2,overcoat,congruent,✅,0.9577276303766683
21,2,sandals,congruent,✅,0.9281272893789052
21,2,overcoat,incongruent,✅,0.0030428648590026756
21,2,sandals,incongruent,✅,0.00012463658701008663
21,20,lipstick,congruent,✅,0.9531205983675451
21,20,song,congruent,✅,0.9639383176755068
21,20,lipstick,incongruent,✅,0.21084138157991475
21,20,song,incongruent,✅,0.02629752574437872
21,21,fought,congruent,✅,0.99301315439125
21,21,sang,congruent,✅,0.7068898484242333
21,21,fought,incongruent,✅,0.0005332025467929892
21,21,sang,incongruent,✅,0.0330319585827189
21,22,skeptical,congruent,✅,0.9783130966240049
21,22,reassured,congruent,✅,0.9522995638639579
21,22,skeptical,incongruent,✅,0.05830329277577413
21,22,reassured,incongruent,✅,0.10208342059618092
21,23,graduation,congruent,✅,0.9985926566735673
21,23,operation,congruent,✅,0.9424805642607427
21,23,graduation,incongruent,✅,0.0019280014588921696
21,23,operation,incongruent,✅,0.02863171145181819
21,24,bride,congruent,✅,0.9399182033700554
21,24,aftermath,congruent,✅,0.984589794291351
21,24,bride,incongruent,✅,0.03172653821579203
21,24,aftermath,incongruent,✅,0.015304829789204317
21,25,teacher,congruent,✅,0.9969422230534001
21,25,daughter,congruent,✅,0.9925475076619259
21,25,teacher,incongruent,✅,0.02929848712493243
21,25,daughter,incongruent,✅,0.04591423402798085
21,26,roommate,congruent,✅,0.9863390750655683
21,26,grandma,congruent,✅,0.9974045602704121
21,26,roommate,incongruent,✅,0.003337577512103372
21,26,grandma,incongruent,✅,0.006487327055095498
21,27,brother,congruent,✅,0.9782565096111169
21,27,mother,congruent,✅,0.9857275994280019
21,27,brother,incongruent,✅,0.0012610543997444114
21,27,mother,incongruent,✅,0.030152115076323458
21,28,preschool,congruent,✅,0.9499284574441156
21,28,prison,congruent,✅,0.9870752341326301
21,28,preschool,incongruent,✅,0.00011459704261704867
21,28,prison,incongruent,✅,0.002924840627250413
21,29,hopeful,congruent,✅,0.8181764398372993
21,29,hopeless,congruent,✅,0.9666825655621859
21,29,hopeful,incongruent,✅,0.07313525292168463
21,29,hopeless,incongruent,✅,0.03291186889317885
21,3,marathon,congruent,✅,0.9578922583122124
21,3,exam,congruent,✅,0.9104563107591206
21,3,marathon,incongruent,✅,0.0006970295889376775
21,3,exam,incongruent,✅,0.004461533784980083
21,30,appalled,congruent,✅,0.9771647406864732
21,30,overjoyed,congruent,✅,0.9513517742331203
21,30,appalled,incongruent,✅,0.05240636198304671
21,30,overjoyed,incongruent,❌,0.5444948081398606
21,31,reprimand,congruent,✅,0.9923544483739877
21,31,encouragement,congruent,✅,0.99385024040814
21,31,reprimand,incongruent,✅,0.015522405517345938
21,31,encouragement,incongruent,✅,0.012913854840030041
21,32,angrily,congruent,✅,0.9923395476117859
21,32,cordially,congruent,✅,0.9790687407495948
21,32,angrily,incongruent,✅,0.0013329699395678428
21,32,cordially,incongruent,✅,0.00011172282769722716
21,33,accusatory,congruent,✅,0.9969015023224781
21,33,flirtatious,congruent,✅,0.9802788806174778
21,33,accusatory,incongruent,✅,0.045798998583553366
21,33,flirtatious,incongruent,✅,0.23321282670530225
21,34,disapprovingly,congruent,✅,0.9870463809686245
21,34,lovingly,congruent,✅,0.7788473159111179
21,34,disapprovingly,incongruent,✅,0.004141440318694352
21,34,lovingly,incongruent,✅,0.28308519193272097
21,35,playful,congruent,✅,0.9868728683017092
21,35,distant,congruent,✅,0.9826705312575783
21,35,playful,incongruent,✅,0.1461594261947378
21,35,distant,incongruent,✅,0.006705951622100932
21,36,headphones,congruent,✅,0.9590029566307049
21,36,mangoes,congruent,✅,0.5809614200391489
21,36,headphones,incongruent,✅,0.010455864909726435
21,36,mangoes,incongruent,✅,0.01136942300759825
21,37,playroom,congruent,✅,0.9959457459323994
21,37,park,congruent,✅,0.9977639950224836
21,37,playroom,incongruent,✅,0.0299547837832686
21,37,park,incongruent,✅,0.02547471320686746
21,38,bedroom,congruent,✅,0.9935610623980559
21,38,backyard,congruent,✅,0.996554280340879
21,38,bedroom,incongruent,✅,0.003118355797740655
21,38,backyard,incongruent,✅,0.0011236843661534032
21,39,solemnly,congruent,✅,0.9736459133421321
21,39,excitedly,congruent,✅,0.865256930055606
21,39,solemnly,incongruent,✅,0.0032087153566105076
21,39,excitedly,incongruent,✅,0.0179814729030543
21,4,menu,congruent,✅,0.8357853990285649
21,4,prescription,congruent,✅,0.9938983422887921
21,4,menu,incongruent,✅,0.013151458829962675
21,4,prescription,incongruent,✅,0.00661012851413897
21,40,car,congruent,✅,0.9773242238119066
21,40,sock,congruent,✅,0.9477864988323651
21,40,car,incongruent,✅,0.43352718479787383
21,40,sock,incongruent,✅,0.22423319134270686
21,41,overdressed,congruent,✅,0.9709362874355767
21,41,naked,congruent,✅,0.9727955587167036
21,41,overdressed,incongruent,✅,0.08332205429603662
21,41,naked,incongruent,✅,0.03110604070334618
21,42,shy,congruent,✅,0.975993009539347
21,42,lively,congruent,✅,0.9923119099908362
21,42,shy,incongruent,✅,0.014738861263466957
21,42,lively,incongruent,✅,0.008191260961152321
21,43,offended,congruent,✅,0.9065175003060666
21,43,flattered,congruent,✅,0.927891499113874
21,43,offended,incongruent,✅,0.20044856416915366
21,43,flattered,incongruent,✅,0.08893051186847183
21,44,grandkid,congruent,✅,0.9941630556024467
21,44,cellmate,congruent,✅,0.9780218123198637
21,44,grandkid,incongruent,✅,0.003211248474134655
21,44,cellmate,incongruent,✅,0.23010936855916378
21,45,promoted,congruent,✅,0.9946514532641956
21,45,fired,congruent,✅,0.9978768895522859
21,45,promoted,incongruent,✅,0.0034142538822345826
21,45,fired,incongruent,✅,0.002748980635587076
21,46,shooting,congruent,❌,0.22135715315173754
21,46,celebration,congruent,✅,0.6304492401441012
21,46,shooting,incongruent,✅,0.05891904771732015
21,46,celebration,incongruent,✅,0.010427801175734098
21,47,crayon,congruent,✅,0.7654704924594398
21,47,beer,congruent,✅,0.995133484696476
21,47,crayon,incongruent,✅,0.0018509478236210272
21,47,beer,incongruent,✅,0.014210886582417143
21,48,waiter,congruent,✅,0.9950258232977697
21,48,taxi,congruent,✅,0.9810288523953304
21,48,waiter,incongruent,✅,0.052390442462654695
21,48,taxi,incongruent,✅,0.05756345461343818
21,49,parents,congruent,✅,0.9929805871466612
21,49,keys,congruent,✅,0.9809445329769367
21,49,parents,incongruent,✅,0.02077457750863096
21,49,keys,incongruent,✅,0.048351168969376274
21,5,distress,congruent,✅,0.9877968570778274
21,5,tranquility,congruent,✅,0.9915587165070123
21,5,distress,incongruent,✅,0.0006752206802278055
21,5,tranquility,incongruent,✅,0.23493171663855983
21,50,sofa,congruent,✅,0.9991977520212593
21,50,sky,congruent,✅,0.993065914106245
21,50,sofa,incongruent,❌,0.5929964136319368
21,50,sky,incongruent,✅,0.4043316738851831
21,51,obesity,congruent,❌,0.4820025312259965
21,51,homework,congruent,✅,0.9944804315833331
21,51,obesity,incongruent,✅,0.0011243153005439034
21,51,homework,incongruent,✅,0.06797709949054599
21,52,quiz,congruent,✅,0.9850610556187578
21,52,commute,congruent,✅,0.9927221253567979
21,52,quiz,incongruent,✅,0.0007321191376125448
21,52,commute,incongruent,✅,0.007531761411881706
21,53,migraine,congruent,✅,0.9887470136761003
21,53,excitement,congruent,✅,0.9949846864087528
21,53,migraine,incongruent,✅,0.0008221887717546999
21,53,excitement,incongruent,✅,0.01218768180069352
21,54,niece,congruent,✅,0.7577945431324311
21,54,husband,congruent,✅,0.9873273250891206
21,54,niece,incongruent,✅,0.0042715228347808675
21,54,husband,incongruent,✅,0.010553040990283142
21,55,film,congruent,✅,0.9895765980061454
21,55,sunrise,congruent,✅,0.8285387327643957
21,55,film,incongruent,✅,0.0007687819993249015
21,55,sunrise,incongruent,✅,0.019640906904564003
21,56,lecture,congruent,✅,0.9844080060579766
21,56,banquet,congruent,✅,0.941549312267741
21,56,lecture,incongruent,✅,0.003959562131655892
21,56,banquet,incongruent,✅,0.0024701572222302483
21,57,drink,congruent,✅,0.9963339492562697
21,57,textbook,congruent,✅,0.9587816083914671
21,57,drink,incongruent,✅,0.035031299426619866
21,57,textbook,incongruent,✅,0.0014503955437968354
21,58,pool,congruent,✅,0.9987634951678943
21,58,snow,congruent,✅,0.8156397276587819
21,58,pool,incongruent,✅,8.710249625554647e-05
21,58,snow,incongruent,✅,0.016906183758737488
21,59,passport,congruent,✅,0.943042561625447
21,59,plushy,congruent,✅,0.994800805940586
21,59,passport,incongruent,✅,0.020851149365592084
21,59,plushy,incongruent,✅,0.2304453456852564
21,6,patients,congruent,✅,0.9481780464492908
21,6,students,congruent,✅,0.9948852012575308
21,6,patients,incongruent,✅,0.017167622116559818
21,6,students,incongruent,✅,0.0004474760571538815
21,60,sister,congruent,✅,0.993969048626358
21,60,father,congruent,✅,0.9953427370346254
21,60,sister,incongruent,❌,0.5649028423576207
21,60,father,incongruent,✅,0.20782077074620586
21,61,game,congruent,✅,0.9928950846389508
21,61,sunset,congruent,✅,0.9510044803117439
21,61,game,incongruent,✅,0.019168663760780986
21,61,sunset,incongruent,✅,0.016900151565078292
21,62,holidays,congruent,✅,0.9843353375006495
21,62,funeral,congruent,✅,0.9963943863749637
21,62,holidays,incongruent,✅,0.24013249923106003
21,62,funeral,incongruent,❌,0.640366654324252
21,63,grades,congruent,✅,0.99360207838695
21,63,affair,congruent,✅,0.994250383132476
21,63,grades,incongruent,✅,0.08200569572367768
21,63,affair,incongruent,✅,0.004933849538437076
21,64,arrest,congruent,❌,0.1672898582157242
21,64,stroke,congruent,✅,0.9777546403152981
21,64,arrest,incongruent,✅,0.32605735738507075
21,64,stroke,incongruent,✅,0.14333197774221781
21,65,pacifier,congruent,✅,0.9579857609144979
21,65,coffee,congruent,✅,0.9971546235950668
21,65,pacifier,incongruent,✅,0.01535249027997617
21,65,coffee,incongruent,✅,0.052609693058867646
21,66,sweets,congruent,✅,0.9984916947896203
21,66,sentencing,congruent,✅,0.9983142855496621
21,66,sweets,incongruent,✅,0.0003705543971766655
21,66,sentencing,incongruent,✅,0.010902990764821109
21,67,nap,congruent,✅,0.9978044085871332
21,67,selfie,congruent,✅,0.9983546049040688
21,67,nap,incongruent,✅,0.11822113418682739
21,67,selfie,incongruent,✅,0.0015343350957543664
21,68,diaper,congruent,✅,0.9963753194937544
21,68,tire,congruent,✅,0.9895899825928949
21,68,diaper,incongruent,✅,2.0099436170981943e-05
21,68,tire,incongruent,✅,0.00012663816412301882
21,69,chemotherapy,congruent,✅,0.9972414275018822
21,69,golf,congruent,✅,0.9841482691050679
21,69,chemotherapy,incongruent,✅,0.03273049742203653
21,69,golf,incongruent,✅,0.24399793442586779
21,7,consensus,congruent,✅,0.832239491328985
21,7,deadlock,congruent,✅,0.9477525392151154
21,7,consensus,incongruent,✅,0.11697242289663573
21,7,deadlock,incongruent,✅,0.07060272959774996
21,70,thunder,congruent,✅,0.9923264391283022
21,70,lullaby,congruent,✅,0.8404977156774459
21,70,thunder,incongruent,✅,0.031218275193077356
21,70,lullaby,incongruent,❌,0.5425507369470446
21,71,pajamas,congruent,✅,0.9960267132910037
21,71,uniform,congruent,✅,0.9775326677966305
21,71,pajamas,incongruent,✅,0.016896927294898625
21,71,uniform,incongruent,✅,0.004215477474286579
21,72,gown,congruent,✅,0.9966948798802002
21,72,sweats,congruent,✅,0.9966530320711988
21,72,gown,incongruent,✅,0.004240696936721116
21,72,sweats,incongruent,✅,0.3957130174511409
21,73,deadline,congruent,✅,0.8950992976517752
21,73,bed,congruent,✅,0.9797304702693476
21,73,deadline,incongruent,✅,0.02101431422529833
21,73,bed,incongruent,✅,0.15352745042005975
21,74,kindergarten,congruent,✅,0.9374815148038869
21,74,jail,congruent,✅,0.9982558445955256
21,74,kindergarten,incongruent,✅,0.14248776573241984
21,74,jail,incongruent,✅,0.022468754064054144
21,75,interrogated,congruent,✅,0.9977277579054661
21,75,tickled,congruent,✅,0.9525750100781698
21,75,interrogated,incongruent,✅,0.05690685611803187
21,75,tickled,incongruent,✅,0.06689625267418889
21,76,sandcastle,congruent,✅,0.9606624047734668
21,76,snowman,congruent,✅,0.9931302195923509
21,76,sandcastle,incongruent,✅,0.0037069368937525005
21,76,snowman,incongruent,✅,0.006384439717111061
21,77,music,congruent,✅,0.9958719338805869
21,77,pizza,congruent,✅,0.9992258233446679
21,77,music,incongruent,✅,0.03363209973734875
21,77,pizza,incongruent,✅,0.004204600457698273
21,78,playoffs,congruent,✅,0.8936923803993132
21,78,cartoon,congruent,✅,0.9986920011236827
21,78,playoffs,incongruent,✅,0.0031790850553251294
21,78,cartoon,incongruent,✅,0.011459065627928776
21,79,alcoholism,congruent,✅,0.9843711408586279
21,79,academics,congruent,✅,0.9934688423107906
21,79,alcoholism,incongruent,✅,0.17733065114662877
21,79,academics,incongruent,✅,0.00936606095163387
21,8,engagement,congruent,✅,0.8502003489416011
21,8,cancer,congruent,❌,0.09331190202110842
21,8,engagement,incongruent,✅,0.07768043316925545
21,8,cancer,incongruent,✅,0.11222337525494208
21,9,terminal,congruent,✅,0.9965122908126867
21,9,classroom,congruent,✅,0.9794575495553539
21,9,terminal,incongruent,✅,0.002746401903910785
21,9,classroom,incongruent,✅,0.009355418269487407
22,0,library,congruent,✅,0.970805984251066
22,0,refrigerator,congruent,✅,0.8051281229545408
22,0,library,incongruent,✅,0.018616732185220163
22,0,refrigerator,incongruent,✅,0.009536374521842977
22,1,disappointment,congruent,✅,0.6984808446695396
22,1,delight,congruent,✅,0.9896610939087983
22,1,disappointment,incongruent,✅,0.0005066215615258032
22,1,delight,incongruent,✅,0.0015518210248358266
22,10,cash,congruent,✅,0.9986718371994053
22,10,groceries,congruent,✅,0.9643483164434271
22,10,cash,incongruent,✅,0.42090760220247947
22,10,groceries,incongruent,✅,0.002541270546099197
22,11,lonely,congruent,✅,0.9770629828672731
22,11,confident,congruent,✅,0.9886390528186444
22,11,lonely,incongruent,✅,0.031200937572309233
22,11,confident,incongruent,✅,0.05312655878172762
22,12,joy,congruent,✅,0.9965102330798807
22,12,outrage,congruent,❌,0.39856551301774934
22,12,joy,incongruent,✅,0.015159877908411393
22,12,outrage,incongruent,❌,0.870959676841899
22,13,traffic,congruent,✅,0.9979625443155709
22,13,snowstorm,congruent,✅,0.9951435063630512
22,13,traffic,incongruent,❌,0.8488830794480945
22,13,snowstorm,incongruent,❌,0.93291862050616
22,14,laughter,congruent,✅,0.996902001825171
22,14,frustration,congruent,✅,0.9977782098166456
22,14,laughter,incongruent,✅,0.006232534931000491
22,14,frustration,incongruent,✅,0.030861102527457523
22,15,calculator,congruent,✅,0.9139202894278647
22,15,instrument,congruent,✅,0.9674196037661226
22,15,calculator,incongruent,✅,0.026709520321621796
22,15,instrument,incongruent,❌,0.5544648279958163
22,16,orchestra,congruent,✅,0.9691515381530756
22,16,racers,congruent,✅,0.9963554284912578
22,16,orchestra,incongruent,✅,0.021529116231636246
22,16,racers,incongruent,✅,0.00013454839445185192
22,17,retirement,congruent,✅,0.8982289372369037
22,17,playdate,congruent,✅,0.9880478837234985
22,17,retirement,incongruent,✅,0.0139727348181629
22,17,playdate,incongruent,✅,0.0025674172817222074
22,18,relieved,congruent,✅,0.9243431831289733
22,18,depressed,congruent,✅,0.9480394862105754
22,18,relieved,incongruent,✅,0.010003600415745488
22,18,depressed,incongruent,✅,0.3524532895084978
22,19,friends,congruent,❌,0.32615331731688185
22,19,weight,congruent,✅,0.9392426039115189
22,19,friends,incongruent,✅,0.17163730012406336
22,19,weight,incongruent,✅,0.00684398484177889
22,2,overcoat,congruent,✅,0.9489282831660009
22,2,sandals,congruent,✅,0.8672602884048348
22,2,overcoat,incongruent,✅,0.002894632711694765
22,2,sandals,incongruent,✅,0.0005742292819753812
22,20,lipstick,congruent,✅,0.9500464846977503
22,20,song,congruent,✅,0.9651534715948155
22,20,lipstick,incongruent,✅,0.1707282896474432
22,20,song,incongruent,✅,0.026474380822597884
22,21,fought,congruent,✅,0.9952404364100857
22,21,sang,congruent,✅,0.7529109547420085
22,21,fought,incongruent,✅,0.0006109129340490155
22,21,sang,incongruent,✅,0.02487945756935487
22,22,skeptical,congruent,✅,0.9721051767729619
22,22,reassured,congruent,✅,0.9234905380321214
22,22,skeptical,incongruent,✅,0.034974685932634045
22,22,reassured,incongruent,✅,0.10637104191924972
22,23,graduation,congruent,✅,0.9987564664149401
22,23,operation,congruent,✅,0.9419207497673902
22,23,graduation,incongruent,✅,0.0028806053358026644
22,23,operation,incongruent,✅,0.04418390026517221
22,24,bride,congruent,✅,0.9407460433161462
22,24,aftermath,congruent,✅,0.9927777873576142
22,24,bride,incongruent,✅,0.056658731370533295
22,24,aftermath,incongruent,✅,0.008041277122860352
22,25,teacher,congruent,✅,0.9971198699953898
22,25,daughter,congruent,✅,0.9954925815923853
22,25,teacher,incongruent,✅,0.041052563299003364
22,25,daughter,incongruent,✅,0.0827791263595978
22,26,roommate,congruent,✅,0.9856005312692329
22,26,grandma,congruent,✅,0.9967626739963288
22,26,roommate,incongruent,✅,0.0047711548934614365
22,26,grandma,incongruent,✅,0.010064765547832498
22,27,brother,congruent,✅,0.9807790737818552
22,27,mother,congruent,✅,0.989184498306085
22,27,brother,incongruent,✅,0.0037297084718136823
22,27,mother,incongruent,✅,0.024169261897228116
22,28,preschool,congruent,✅,0.9498008097710723
22,28,prison,congruent,✅,0.9869204202898347
22,28,preschool,incongruent,✅,0.00021302319668339484
22,28,prison,incongruent,✅,0.0035728284306054433
22,29,hopeful,congruent,✅,0.7780965219181875
22,29,hopeless,congruent,✅,0.9661870500125388
22,29,hopeful,incongruent,✅,0.09222433979882588
22,29,hopeless,incongruent,✅,0.01698027082378442
22,3,marathon,congruent,✅,0.9532111451676601
22,3,exam,congruent,✅,0.9566146533335923
22,3,marathon,incongruent,✅,0.0017591397429357696
22,3,exam,incongruent,✅,0.009417728340973786
22,30,appalled,congruent,✅,0.9653988108610946
22,30,overjoyed,congruent,✅,0.9580479892231349
22,30,appalled,incongruent,✅,0.05021875710585295
22,30,overjoyed,incongruent,✅,0.3907350682681408
22,31,reprimand,congruent,✅,0.9895582150333191
22,31,encouragement,congruent,✅,0.9910349673890532
22,31,reprimand,incongruent,✅,0.0026350313518999553
22,31,encouragement,incongruent,✅,0.009999413368314544
22,32,angrily,congruent,✅,0.9963471912922223
22,32,cordially,congruent,✅,0.983507339299926
22,32,angrily,incongruent,✅,0.0020595442925044226
22,32,cordially,incongruent,✅,0.0002805719569581218
22,33,accusatory,congruent,✅,0.9981001212010824
22,33,flirtatious,congruent,✅,0.988199845825927
22,33,accusatory,incongruent,✅,0.07448714010712254
22,33,flirtatious,incongruent,✅,0.3732679774309726
22,34,disapprovingly,congruent,✅,0.9901958617278755
22,34,lovingly,congruent,✅,0.7898118778110228
22,34,disapprovingly,incongruent,✅,0.00647524427730735
22,34,lovingly,incongruent,✅,0.3464205804900355
22,35,playful,congruent,✅,0.9873881624211216
22,35,distant,congruent,✅,0.9602476596163592
22,35,playful,incongruent,✅,0.11777381216190687
22,35,distant,incongruent,✅,0.01799842445471207
22,36,headphones,congruent,✅,0.9509979938431552
22,36,mangoes,congruent,✅,0.5695550364189785
22,36,headphones,incongruent,✅,0.005019199207891971
22,36,mangoes,incongruent,✅,0.02008064573311579
22,37,playroom,congruent,✅,0.995505328449182
22,37,park,congruent,✅,0.9976941062379708
22,37,playroom,incongruent,✅,0.012832279667061892
22,37,park,incongruent,✅,0.012953463696095565
22,38,bedroom,congruent,✅,0.996373218582911
22,38,backyard,congruent,✅,0.9977513948959167
22,38,bedroom,incongruent,✅,0.006782222867624768
22,38,backyard,incongruent,✅,0.0020485833671895705
22,39,solemnly,congruent,✅,0.9751232424181324
22,39,excitedly,congruent,✅,0.8811249729818033
22,39,solemnly,incongruent,✅,0.005296662612643982
22,39,excitedly,incongruent,✅,0.04464444628183745
22,4,menu,congruent,✅,0.819249790422777
22,4,prescription,congruent,✅,0.9822293965234892
22,4,menu,incongruent,✅,0.014976847292715827
22,4,prescription,incongruent,✅,0.0034735551782386262
22,40,car,congruent,✅,0.9617794370633178
22,40,sock,congruent,✅,0.9235179771993072
22,40,car,incongruent,✅,0.3124917445260127
22,40,sock,incongruent,✅,0.129101699746473
22,41,overdressed,congruent,✅,0.9841494552755977
22,41,naked,congruent,✅,0.946104813006769
22,41,overdressed,incongruent,✅,0.026354840692616097
22,41,naked,incongruent,✅,0.039362328200878906
22,42,shy,congruent,✅,0.9838934863986237
22,42,lively,congruent,✅,0.9832881813508428
22,42,shy,incongruent,✅,0.006501878498627702
22,42,lively,incongruent,✅,0.010229428388276939
22,43,offended,congruent,✅,0.9534199075055968
22,43,flattered,congruent,✅,0.9241528073116827
22,43,offended,incongruent,✅,0.10253393466715448
22,43,flattered,incongruent,✅,0.07904590317367538
22,44,grandkid,congruent,✅,0.9942909350017812
22,44,cellmate,congruent,✅,0.9801507183697544
22,44,grandkid,incongruent,✅,0.004855106281573032
22,44,cellmate,incongruent,✅,0.34924263459032645
22,45,promoted,congruent,✅,0.9944533979694862
22,45,fired,congruent,✅,0.9989564044903021
22,45,promoted,incongruent,✅,0.012534464138436962
22,45,fired,incongruent,✅,0.002855582283996958
22,46,shooting,congruent,❌,0.11562947695207995
22,46,celebration,congruent,❌,0.34412133657810456
22,46,shooting,incongruent,✅,0.013285699455880819
22,46,celebration,incongruent,✅,0.006177585972784135
22,47,crayon,congruent,✅,0.7072624683341387
22,47,beer,congruent,✅,0.9944889999458298
22,47,crayon,incongruent,✅,0.001231746058278214
22,47,beer,incongruent,✅,0.017076693786815686
22,48,waiter,congruent,✅,0.9926026930707237
22,48,taxi,congruent,✅,0.9886369217611282
22,48,waiter,incongruent,✅,0.058895304073557544
22,48,taxi,incongruent,✅,0.08430813752372565
22,49,parents,congruent,✅,0.9948208877525544
22,49,keys,congruent,✅,0.9833697421435724
22,49,parents,incongruent,✅,0.02843324274028501
22,49,keys,incongruent,✅,0.0316464025529034
22,5,distress,congruent,✅,0.9892708538752735
22,5,tranquility,congruent,✅,0.9855871734291863
22,5,distress,incongruent,✅,0.0002008754349473487
22,5,tranquility,incongruent,✅,0.2734506910774395
22,50,sofa,congruent,✅,0.9988729624710782
22,50,sky,congruent,✅,0.993992754827258
22,50,sofa,incongruent,❌,0.5385961251576749
22,50,sky,incongruent,✅,0.46331610076016555
22,51,obesity,congruent,❌,0.38899441963358616
22,51,homework,congruent,✅,0.9937106632071405
22,51,obesity,incongruent,✅,0.0022504849968027377
22,51,homework,incongruent,✅,0.0505916247898833
22,52,quiz,congruent,✅,0.9809666587488882
22,52,commute,congruent,✅,0.9938285005936175
22,52,quiz,incongruent,✅,0.0009135098054802207
22,52,commute,incongruent,✅,0.013026946732493872
22,53,migraine,congruent,✅,0.991385829327161
22,53,excitement,congruent,✅,0.9947794529888361
22,53,migraine,incongruent,✅,0.0008351121750845414
22,53,excitement,incongruent,✅,0.008905549997090352
22,54,niece,congruent,✅,0.8523892832674519
22,54,husband,congruent,✅,0.9867390802085839
22,54,niece,incongruent,✅,0.008848905161369271
22,54,husband,incongruent,✅,0.03808534525612048
22,55,film,congruent,✅,0.9920751755978336
22,55,sunrise,congruent,✅,0.7938585076685596
22,55,film,incongruent,✅,0.000845540967149016
22,55,sunrise,incongruent,✅,0.04051842543671452
22,56,lecture,congruent,✅,0.9783466142816432
22,56,banquet,congruent,✅,0.8989901303277967
22,56,lecture,incongruent,✅,0.003140172993574299
22,56,banquet,incongruent,✅,0.0024708979817928828
22,57,drink,congruent,✅,0.9940772626461496
22,57,textbook,congruent,✅,0.9384839487306128
22,57,drink,incongruent,✅,0.02682282563324737
22,57,textbook,incongruent,✅,0.0014800515696269808
22,58,pool,congruent,✅,0.9981365642985657
22,58,snow,congruent,✅,0.6645347279218923
22,58,pool,incongruent,✅,0.00014362166614566
22,58,snow,incongruent,✅,0.02168799503887768
22,59,passport,congruent,✅,0.942422564330267
22,59,plushy,congruent,✅,0.991124925055578
22,59,passport,incongruent,✅,0.03507763126268396
22,59,plushy,incongruent,✅,0.3498391705492324
22,6,patients,congruent,✅,0.9144596417722436
22,6,students,congruent,✅,0.9934273133724656
22,6,patients,incongruent,✅,0.02224110846181302
22,6,students,incongruent,✅,0.00043480857907278204
22,60,sister,congruent,✅,0.9859225850616538
22,60,father,congruent,✅,0.9923565993354365
22,60,sister,incongruent,✅,0.4278711141803947
22,60,father,incongruent,✅,0.09338716034827012
22,61,game,congruent,✅,0.9951161837500816
22,61,sunset,congruent,✅,0.9430012930297433
22,61,game,incongruent,✅,0.024347674461402062
22,61,sunset,incongruent,✅,0.04157727038537932
22,62,holidays,congruent,✅,0.9747804847847941
22,62,funeral,congruent,✅,0.997026339933259
22,62,holidays,incongruent,✅,0.2642070833987919
22,62,funeral,incongruent,❌,0.707136835761681
22,63,grades,congruent,✅,0.9839103516800728
22,63,affair,congruent,✅,0.9967561664315606
22,63,grades,incongruent,✅,0.07708732182503121
22,63,affair,incongruent,✅,0.0022869052052379756
22,64,arrest,congruent,❌,0.31123805905941926
22,64,stroke,congruent,✅,0.9750989272045623
22,64,arrest,incongruent,✅,0.42125564414606337
22,64,stroke,incongruent,✅,0.33727419916984375
22,65,pacifier,congruent,✅,0.9374900153241618
22,65,coffee,congruent,✅,0.9954835180336985
22,65,pacifier,incongruent,✅,0.020853635809866836
22,65,coffee,incongruent,✅,0.04095340694365636
22,66,sweets,congruent,✅,0.9978111745534205
22,66,sentencing,congruent,✅,0.9987773873964229
22,66,sweets,incongruent,✅,0.00032059685613869415
22,66,sentencing,incongruent,✅,0.008194336832983538
22,67,nap,congruent,✅,0.9978261612534695
22,67,selfie,congruent,✅,0.998006748061558
22,67,nap,incongruent,✅,0.15722138541510353
22,67,selfie,incongruent,✅,0.001375065929014068
22,68,diaper,congruent,✅,0.993040271010444
22,68,tire,congruent,✅,0.9918939186503478
22,68,diaper,incongruent,✅,5.792248406545232e-05
22,68,tire,incongruent,✅,4.087440751886202e-05
22,69,chemotherapy,congruent,✅,0.994870359950886
22,69,golf,congruent,✅,0.9915402536484552
22,69,chemotherapy,incongruent,✅,0.02927147597148544
22,69,golf,incongruent,✅,0.23187787303550145
22,7,consensus,congruent,✅,0.8558114615931605
22,7,deadlock,congruent,✅,0.9657282654352976
22,7,consensus,incongruent,✅,0.06797324154636995
22,7,deadlock,incongruent,✅,0.10224203777622744
22,70,thunder,congruent,✅,0.9928374083079176
22,70,lullaby,congruent,✅,0.8515691332228723
22,70,thunder,incongruent,✅,0.03733560702277676
22,70,lullaby,incongruent,❌,0.5999775122930308
22,71,pajamas,congruent,✅,0.9950202224922934
22,71,uniform,congruent,✅,0.9712160268331425
22,71,pajamas,incongruent,✅,0.014905225612368156
22,71,uniform,incongruent,✅,0.0031133853409862004
22,72,gown,congruent,✅,0.9971036931024371
22,72,sweats,congruent,✅,0.9971783803263871
22,72,gown,incongruent,✅,0.006043909482200367
22,72,sweats,incongruent,❌,0.7422921109473092
22,73,deadline,congruent,✅,0.9024283731820822
22,73,bed,congruent,✅,0.9864253406647422
22,73,deadline,incongruent,✅,0.043596014091773556
22,73,bed,incongruent,✅,0.1574683686499888
22,74,kindergarten,congruent,✅,0.9133876429237747
22,74,jail,congruent,✅,0.998736695069794
22,74,kindergarten,incongruent,✅,0.11489733807205568
22,74,jail,incongruent,✅,0.023848854760142646
22,75,interrogated,congruent,✅,0.9977325133983282
22,75,tickled,congruent,✅,0.9289292700864469
22,75,interrogated,incongruent,✅,0.023819992100668284
22,75,tickled,incongruent,✅,0.0621363063447835
22,76,sandcastle,congruent,✅,0.9838986949217996
22,76,snowman,congruent,✅,0.994343623724342
22,76,sandcastle,incongruent,✅,0.002019927399195567
22,76,snowman,incongruent,✅,0.0019677898775602633
22,77,music,congruent,✅,0.9973433766095968
22,77,pizza,congruent,✅,0.9995477999209006
22,77,music,incongruent,✅,0.07335945762111672
22,77,pizza,incongruent,✅,0.0030635616121406114
22,78,playoffs,congruent,✅,0.8930377458453178
22,78,cartoon,congruent,✅,0.9983325575600008
22,78,playoffs,incongruent,✅,0.0013180051767756912
22,78,cartoon,incongruent,✅,0.014136361020138676
22,79,alcoholism,congruent,✅,0.9791466350648858
22,79,academics,congruent,✅,0.9936642148485986
22,79,alcoholism,incongruent,✅,0.19176765467761844
22,79,academics,incongruent,✅,0.00740981174646375
22,8,engagement,congruent,✅,0.8196909008783004
22,8,cancer,congruent,❌,0.1594670555474972
22,8,engagement,incongruent,✅,0.12653843054885094
22,8,cancer,incongruent,✅,0.12375014558581382
22,9,terminal,congruent,✅,0.994433300237243
22,9,classroom,congruent,✅,0.9799844717581954
22,9,terminal,incongruent,✅,0.0011919816284311862
22,9,classroom,incongruent,✅,0.008276025615501717
23,0,library,congruent,✅,0.9830739309262678
23,0,refrigerator,congruent,✅,0.8607978582581224
23,0,library,incongruent,✅,0.028043892986748635
23,0,refrigerator,incongruent,✅,0.010949192086069273
23,1,disappointment,congruent,✅,0.7505727948176498
23,1,delight,congruent,✅,0.9911162151062971
23,1,disappointment,incongruent,✅,0.0012278671803045745
23,1,delight,incongruent,✅,0.004122265457863644
23,10,cash,congruent,✅,0.9994928632570047
23,10,groceries,congruent,✅,0.9695555400443457
23,10,cash,incongruent,✅,0.48554768741280036
23,10,groceries,incongruent,✅,0.0030952346260809415
23,11,lonely,congruent,✅,0.9865986559379722
23,11,confident,congruent,✅,0.9925060898713262
23,11,lonely,incongruent,✅,0.01678709489585954
23,11,confident,incongruent,✅,0.08742190812703785
23,12,joy,congruent,✅,0.9982335383463993
23,12,outrage,congruent,❌,0.18618645498107952
23,12,joy,incongruent,✅,0.012781964418823554
23,12,outrage,incongruent,❌,0.9665171732181064
23,13,traffic,congruent,✅,0.9986756300314341
23,13,snowstorm,congruent,✅,0.9954021701550323
23,13,traffic,incongruent,❌,0.8728238363722035
23,13,snowstorm,incongruent,❌,0.9350290545670075
23,14,laughter,congruent,✅,0.9988244533824846
23,14,frustration,congruent,✅,0.9984402546007366
23,14,laughter,incongruent,✅,0.0026855455204074477
23,14,frustration,incongruent,✅,0.019980641485864783
23,15,calculator,congruent,✅,0.8499646545521103
23,15,instrument,congruent,✅,0.9701358020227437
23,15,calculator,incongruent,✅,0.04750042050634622
23,15,instrument,incongruent,✅,0.4642670445681112
23,16,orchestra,congruent,✅,0.938418494340306
23,16,racers,congruent,✅,0.9913811422968664
23,16,orchestra,incongruent,✅,0.006875931280920326
23,16,racers,incongruent,✅,7.527097174386273e-05
23,17,retirement,congruent,✅,0.926063571852965
23,17,playdate,congruent,✅,0.9891853738461538
23,17,retirement,incongruent,✅,0.01283808417021912
23,17,playdate,incongruent,✅,0.0028672777538826712
23,18,relieved,congruent,✅,0.8891376964393338
23,18,depressed,congruent,✅,0.9529221828681184
23,18,relieved,incongruent,✅,0.010605683194197104
23,18,depressed,incongruent,✅,0.179495796151883
23,19,friends,congruent,❌,0.4357916593693124
23,19,weight,congruent,✅,0.9421500033119916
23,19,friends,incongruent,✅,0.08892088236340778
23,19,weight,incongruent,✅,0.007317818338067137
23,2,overcoat,congruent,✅,0.9258829202016754
23,2,sandals,congruent,✅,0.8199146478504953
23,2,overcoat,incongruent,✅,0.003866930236915658
23,2,sandals,incongruent,✅,0.0010977847210821622
23,20,lipstick,congruent,✅,0.9480238805513654
23,20,song,congruent,✅,0.9566018108072543
23,20,lipstick,incongruent,✅,0.19449134818910432
23,20,song,incongruent,✅,0.05080502551406041
23,21,fought,congruent,✅,0.9909660870584801
23,21,sang,congruent,✅,0.7985453759172639
23,21,fought,incongruent,✅,0.0009666408159932207
23,21,sang,incongruent,✅,0.015972630458577365
23,22,skeptical,congruent,✅,0.971380351897768
23,22,reassured,congruent,✅,0.8578605696027631
23,22,skeptical,incongruent,✅,0.04648719068335563
23,22,reassured,incongruent,✅,0.14619930400375772
23,23,graduation,congruent,✅,0.9994956558688074
23,23,operation,congruent,✅,0.954675009142027
23,23,graduation,incongruent,✅,0.0030240450422717876
23,23,operation,incongruent,✅,0.05821937243509405
23,24,bride,congruent,✅,0.9175289683231181
23,24,aftermath,congruent,✅,0.9974919883100677
23,24,bride,incongruent,✅,0.12651349787068253
23,24,aftermath,incongruent,✅,0.0033453025520477045
23,25,teacher,congruent,✅,0.9986762697249738
23,25,daughter,congruent,✅,0.9956090222661367
23,25,teacher,incongruent,✅,0.03038400251837762
23,25,daughter,incongruent,✅,0.16199106106837724
23,26,roommate,congruent,✅,0.990923004707388
23,26,grandma,congruent,✅,0.9982674677368478
23,26,roommate,incongruent,✅,0.010658769784190135
23,26,grandma,incongruent,✅,0.012659902229767222
23,27,brother,congruent,✅,0.9829688451868863
23,27,mother,congruent,✅,0.994833750080449
23,27,brother,incongruent,✅,0.0034786311067033704
23,27,mother,incongruent,✅,0.017920821561354036
23,28,preschool,congruent,✅,0.9399487481394746
23,28,prison,congruent,✅,0.9872965112504432
23,28,preschool,incongruent,✅,0.0002822995281546035
23,28,prison,incongruent,✅,0.006900006429931481
23,29,hopeful,congruent,✅,0.8257641736660181
23,29,hopeless,congruent,✅,0.9708569041790889
23,29,hopeful,incongruent,✅,0.07286109142592744
23,29,hopeless,incongruent,✅,0.012452655338909031
23,3,marathon,congruent,✅,0.9665030661609718
23,3,exam,congruent,✅,0.9663825439455478
23,3,marathon,incongruent,✅,0.002769950099793933
23,3,exam,incongruent,✅,0.012895231037442617
23,30,appalled,congruent,✅,0.9634169751714988
23,30,overjoyed,congruent,✅,0.9506839917438312
23,30,appalled,incongruent,✅,0.05165912787628863
23,30,overjoyed,incongruent,✅,0.4098480528886206
23,31,reprimand,congruent,✅,0.9809556983938172
23,31,encouragement,congruent,✅,0.9955128818430469
23,31,reprimand,incongruent,✅,0.0040684368371419885
23,31,encouragement,incongruent,✅,0.010718557229835002
23,32,angrily,congruent,✅,0.9984828081589499
23,32,cordially,congruent,✅,0.9896478157934641
23,32,angrily,incongruent,✅,0.002086457884332013
23,32,cordially,incongruent,✅,0.0005585516106121123
23,33,accusatory,congruent,✅,0.9984235749577599
23,33,flirtatious,congruent,✅,0.9881864134994116
23,33,accusatory,incongruent,✅,0.0440184190731206
23,33,flirtatious,incongruent,✅,0.4431162553967969
23,34,disapprovingly,congruent,✅,0.9942385909736892
23,34,lovingly,congruent,✅,0.6137757059851439
23,34,disapprovingly,incongruent,✅,0.0026574825951364675
23,34,lovingly,incongruent,✅,0.3705189122038473
23,35,playful,congruent,✅,0.9837755111729118
23,35,distant,congruent,✅,0.9787002063755843
23,35,playful,incongruent,✅,0.16815374742537034
23,35,distant,incongruent,✅,0.020994929018520108
23,36,headphones,congruent,✅,0.9496548501550043
23,36,mangoes,congruent,✅,0.6531176651369701
23,36,headphones,incongruent,✅,0.005155640764563181
23,36,mangoes,incongruent,✅,0.023003686463795917
23,37,playroom,congruent,✅,0.997167860755062
23,37,park,congruent,✅,0.998101204596748
23,37,playroom,incongruent,✅,0.011939730314863185
23,37,park,incongruent,✅,0.016083602147912348
23,38,bedroom,congruent,✅,0.9953599583704293
23,38,backyard,congruent,✅,0.9973348960745306
23,38,bedroom,incongruent,✅,0.004515634506348024
23,38,backyard,incongruent,✅,0.005341662021359532
23,39,solemnly,congruent,✅,0.9716108243155887
23,39,excitedly,congruent,✅,0.8734987200939117
23,39,solemnly,incongruent,✅,0.005507394057368991
23,39,excitedly,incongruent,✅,0.03627369049092668
23,4,menu,congruent,✅,0.7524897453863545
23,4,prescription,congruent,✅,0.9881061925095644
23,4,menu,incongruent,✅,0.019455894806702644
23,4,prescription,incongruent,✅,0.0038002149991587784
23,40,car,congruent,✅,0.8856761632421069
23,40,sock,congruent,✅,0.9322391207144038
23,40,car,incongruent,✅,0.27526458807345794
23,40,sock,incongruent,✅,0.013710303018374803
23,41,overdressed,congruent,✅,0.9314279000740416
23,41,naked,congruent,✅,0.9474366641058888
23,41,overdressed,incongruent,✅,0.0120293163464272
23,41,naked,incongruent,✅,0.019109943822983134
23,42,shy,congruent,✅,0.984629641183576
23,42,lively,congruent,✅,0.990257509767645
23,42,shy,incongruent,✅,0.0040255151801876915
23,42,lively,incongruent,✅,0.010616077810729208
23,43,offended,congruent,✅,0.9410108955805082
23,43,flattered,congruent,✅,0.9271316709679307
23,43,offended,incongruent,✅,0.05929962642028635
23,43,flattered,incongruent,✅,0.055565315667896006
23,44,grandkid,congruent,✅,0.9939271209948487
23,44,cellmate,congruent,✅,0.968111531881158
23,44,grandkid,incongruent,✅,0.0030276598637682998
23,44,cellmate,incongruent,✅,0.2849086094833879
23,45,promoted,congruent,✅,0.9935947181954042
23,45,fired,congruent,✅,0.9984183929965703
23,45,promoted,incongruent,✅,0.009726043014792782
23,45,fired,incongruent,✅,0.0032560061096416734
23,46,shooting,congruent,❌,0.1537680997523873
23,46,celebration,congruent,❌,0.21873134794569146
23,46,shooting,incongruent,✅,0.003875953838981863
23,46,celebration,incongruent,✅,0.008494765602185612
23,47,crayon,congruent,✅,0.7412457942286794
23,47,beer,congruent,✅,0.9941092922377567
23,47,crayon,incongruent,✅,0.0018328359617005784
23,47,beer,incongruent,✅,0.01310797149204351
23,48,waiter,congruent,✅,0.989096816948537
23,48,taxi,congruent,✅,0.9959712342103193
23,48,waiter,incongruent,✅,0.08060671878827703
23,48,taxi,incongruent,✅,0.1064701273688219
23,49,parents,congruent,✅,0.9984410146990305
23,49,keys,congruent,✅,0.9831135114225289
23,49,parents,incongruent,✅,0.04215700457935472
23,49,keys,incongruent,✅,0.034175377318763855
23,5,distress,congruent,✅,0.9905324816733136
23,5,tranquility,congruent,✅,0.9910401920947205
23,5,distress,incongruent,✅,0.0006869402296679133
23,5,tranquility,incongruent,✅,0.28753060502237127
23,50,sofa,congruent,✅,0.999310122135527
23,50,sky,congruent,✅,0.9962150333271301
23,50,sofa,incongruent,❌,0.631441191250555
23,50,sky,incongruent,✅,0.4730995959806653
23,51,obesity,congruent,❌,0.35816913646282866
23,51,homework,congruent,✅,0.9925103871422782
23,51,obesity,incongruent,✅,0.0016130965058979761
23,51,homework,incongruent,✅,0.04842312768583298
23,52,quiz,congruent,✅,0.9890882756978531
23,52,commute,congruent,✅,0.9943760621816976
23,52,quiz,incongruent,✅,0.000737613693179424
23,52,commute,incongruent,✅,0.016572807592226322
23,53,migraine,congruent,✅,0.9947829735866472
23,53,excitement,congruent,✅,0.9942889713204142
23,53,migraine,incongruent,✅,0.0006673804290526319
23,53,excitement,incongruent,✅,0.008582815781992213
23,54,niece,congruent,✅,0.8303269726054071
23,54,husband,congruent,✅,0.9896862450689384
23,54,niece,incongruent,✅,0.010915450839418328
23,54,husband,incongruent,✅,0.0693256597394135
23,55,film,congruent,✅,0.9937187015973464
23,55,sunrise,congruent,✅,0.8274304638787138
23,55,film,incongruent,✅,0.0005949427276064987
23,55,sunrise,incongruent,✅,0.06143047292257979
23,56,lecture,congruent,✅,0.9764252805708052
23,56,banquet,congruent,✅,0.9089158330186071
23,56,lecture,incongruent,✅,0.001950178441505155
23,56,banquet,incongruent,✅,0.0015518783866577154
23,57,drink,congruent,✅,0.995967132651892
23,57,textbook,congruent,✅,0.9513666057589626
23,57,drink,incongruent,✅,0.027450725413275652
23,57,textbook,incongruent,✅,0.0014185353627434512
23,58,pool,congruent,✅,0.9969235942482101
23,58,snow,congruent,✅,0.610560502888762
23,58,pool,incongruent,✅,0.00018350312787947896
23,58,snow,incongruent,✅,0.009811377001317395
23,59,passport,congruent,✅,0.9541372022870803
23,59,plushy,congruent,✅,0.9879715388117132
23,59,passport,incongruent,✅,0.016302654576786497
23,59,plushy,incongruent,✅,0.4524791165095956
23,6,patients,congruent,✅,0.9449457943439418
23,6,students,congruent,✅,0.9953495868618658
23,6,patients,incongruent,✅,0.02119370063151352
23,6,students,incongruent,✅,0.0003556714914770127
23,60,sister,congruent,✅,0.9824341428816107
23,60,father,congruent,✅,0.9872332080615142
23,60,sister,incongruent,✅,0.3068980796284208
23,60,father,incongruent,✅,0.028044567091413276
23,61,game,congruent,✅,0.9948175388367986
23,61,sunset,congruent,✅,0.9562201492487034
23,61,game,incongruent,✅,0.01571165166029447
23,61,sunset,incongruent,✅,0.05540061834850706
23,62,holidays,congruent,✅,0.94952080873865
23,62,funeral,congruent,✅,0.9978008118062153
23,62,holidays,incongruent,✅,0.23849493407101854
23,62,funeral,incongruent,✅,0.49018414618877004
23,63,grades,congruent,✅,0.9901997462981592
23,63,affair,congruent,✅,0.9979395904883192
23,63,grades,incongruent,✅,0.03658168297043056
23,63,affair,incongruent,✅,0.0023206526972143864
23,64,arrest,congruent,❌,0.2798947340361066
23,64,stroke,congruent,✅,0.9472074704029619
23,64,arrest,incongruent,✅,0.3232303284387437
23,64,stroke,incongruent,✅,0.21699021084547007
23,65,pacifier,congruent,✅,0.9448360883600034
23,65,coffee,congruent,✅,0.9934392850355669
23,65,pacifier,incongruent,✅,0.009275196469794914
23,65,coffee,incongruent,✅,0.018478028954024325
23,66,sweets,congruent,✅,0.9987553242002183
23,66,sentencing,congruent,✅,0.9975754872437961
23,66,sweets,incongruent,✅,0.00047752578206575755
23,66,sentencing,incongruent,✅,0.004874985111093015
23,67,nap,congruent,✅,0.9984797765092688
23,67,selfie,congruent,✅,0.9987225646838862
23,67,nap,incongruent,✅,0.14632907285572733
23,67,selfie,incongruent,✅,0.0013531506107089788
23,68,diaper,congruent,✅,0.9894589757679728
23,68,tire,congruent,✅,0.9956213034168615
23,68,diaper,incongruent,✅,8.893456151633567e-05
23,68,tire,incongruent,✅,3.6516770337633676e-05
23,69,chemotherapy,congruent,✅,0.9924403008066469
23,69,golf,congruent,✅,0.9892102354960233
23,69,chemotherapy,incongruent,✅,0.011620164437195882
23,69,golf,incongruent,✅,0.09605711451994353
23,7,consensus,congruent,✅,0.8081606812738019
23,7,deadlock,congruent,✅,0.9703628581591087
23,7,consensus,incongruent,✅,0.06615542351258323
23,7,deadlock,incongruent,✅,0.10672177669506426
23,70,thunder,congruent,✅,0.9933242336687373
23,70,lullaby,congruent,✅,0.5927946076710248
23,70,thunder,incongruent,✅,0.022246220856266104
23,70,lullaby,incongruent,✅,0.277285809980418
23,71,pajamas,congruent,✅,0.9936700442213147
23,71,uniform,congruent,✅,0.9820606363471497
23,71,pajamas,incongruent,✅,0.012349795055745613
23,71,uniform,incongruent,✅,0.0020003013032525597
23,72,gown,congruent,✅,0.9980934547151599
23,72,sweats,congruent,✅,0.9963660479612938
23,72,gown,incongruent,✅,0.010292279460305122
23,72,sweats,incongruent,❌,0.7516048935539923
23,73,deadline,congruent,✅,0.8505623656365792
23,73,bed,congruent,✅,0.9885175519691045
23,73,deadline,incongruent,✅,0.02633083467973895
23,73,bed,incongruent,✅,0.09505930987113441
23,74,kindergarten,congruent,✅,0.8906740667357831
23,74,jail,congruent,✅,0.9968830029773987
23,74,kindergarten,incongruent,✅,0.01616811844255283
23,74,jail,incongruent,✅,0.025047414931810393
23,75,interrogated,congruent,✅,0.9988226149709281
23,75,tickled,congruent,✅,0.9602657886675017
23,75,interrogated,incongruent,✅,0.016805543069552883
23,75,tickled,incongruent,✅,0.12383710408146802
23,76,sandcastle,congruent,✅,0.9905441896836557
23,76,snowman,congruent,✅,0.9967271745900482
23,76,sandcastle,incongruent,✅,0.0012872100982029594
23,76,snowman,incongruent,✅,0.0018885177565068037
23,77,music,congruent,✅,0.9990627842520736
23,77,pizza,congruent,✅,0.9996982832845361
23,77,music,incongruent,✅,0.05926580911495428
23,77,pizza,incongruent,✅,0.0027226552585946653
23,78,playoffs,congruent,✅,0.7799369269599028
23,78,cartoon,congruent,✅,0.9991081729559945
23,78,playoffs,incongruent,✅,0.003770008229818124
23,78,cartoon,incongruent,✅,0.008038253690457969
23,79,alcoholism,congruent,✅,0.9758513259390651
23,79,academics,congruent,✅,0.9903228473615854
23,79,alcoholism,incongruent,✅,0.10008167964788361
23,79,academics,incongruent,✅,0.004322383166691794
23,8,engagement,congruent,✅,0.9117051152852265
23,8,cancer,congruent,❌,0.35828364326620915
23,8,engagement,incongruent,✅,0.22727031169296338
23,8,cancer,incongruent,✅,0.19834102434949163
23,9,terminal,congruent,✅,0.9900675597246127
23,9,classroom,congruent,✅,0.9788046958744641
23,9,terminal,incongruent,✅,0.0005435501026710626
23,9,classroom,incongruent,✅,0.0029525622727658773
24,0,library,congruent,✅,0.9861754741084664
24,0,refrigerator,congruent,✅,0.8113268987515799
24,0,library,incongruent,✅,0.028763819007269726
24,0,refrigerator,incongruent,✅,0.01218981833560416
24,1,disappointment,congruent,✅,0.7808043086994473
24,1,delight,congruent,✅,0.991297950110995
24,1,disappointment,incongruent,✅,0.0004221220415781792
24,1,delight,incongruent,✅,0.001429240196900567
24,10,cash,congruent,✅,0.9993774816532762
24,10,groceries,congruent,✅,0.9603757001079105
24,10,cash,incongruent,✅,0.26142431203263267
24,10,groceries,incongruent,✅,0.002980468907423707
24,11,lonely,congruent,✅,0.9810069758764479
24,11,confident,congruent,✅,0.9840897158906683
24,11,lonely,incongruent,✅,0.009276166474738482
24,11,confident,incongruent,✅,0.08997913833129591
24,12,joy,congruent,✅,0.9988275791868888
24,12,outrage,congruent,❌,0.0472027083437256
24,12,joy,incongruent,✅,0.006243900891363259
24,12,outrage,incongruent,❌,0.9899158829917193
24,13,traffic,congruent,✅,0.9980906115672471
24,13,snowstorm,congruent,✅,0.9969020214990938
24,13,traffic,incongruent,❌,0.9167669711132098
24,13,snowstorm,incongruent,❌,0.949557553116149
24,14,laughter,congruent,✅,0.9988931213581078
24,14,frustration,congruent,✅,0.9986413585916258
24,14,laughter,incongruent,✅,0.0024067183471087536
24,14,frustration,incongruent,✅,0.0027422116239747287
24,15,calculator,congruent,✅,0.8833175026458755
24,15,instrument,congruent,✅,0.9866046577428195
24,15,calculator,incongruent,✅,0.0845885039197835
24,15,instrument,incongruent,❌,0.5105101920037554
24,16,orchestra,congruent,✅,0.9336730396958154
24,16,racers,congruent,✅,0.9945500750960238
24,16,orchestra,incongruent,✅,0.006441126515655241
24,16,racers,incongruent,✅,7.030279875380293e-05
24,17,retirement,congruent,✅,0.945503366509272
24,17,playdate,congruent,✅,0.9834183544170239
24,17,retirement,incongruent,✅,0.015999096632306
24,17,playdate,incongruent,✅,0.00176251833837416
24,18,relieved,congruent,✅,0.9276078682870674
24,18,depressed,congruent,✅,0.9558961993517138
24,18,relieved,incongruent,✅,0.02337139115437563
24,18,depressed,incongruent,✅,0.15147914584404754
24,19,friends,congruent,❌,0.47316136857205077
24,19,weight,congruent,✅,0.9324506139335775
24,19,friends,incongruent,✅,0.07904020044094938
24,19,weight,incongruent,✅,0.006281161947089825
24,2,overcoat,congruent,✅,0.9528643972898461
24,2,sandals,congruent,✅,0.7402719579056423
24,2,overcoat,incongruent,✅,0.008368660469079163
24,2,sandals,incongruent,✅,0.0026295224977688127
24,20,lipstick,congruent,✅,0.8790717640196685
24,20,song,congruent,✅,0.9351626261592785
24,20,lipstick,incongruent,✅,0.06406231611016527
24,20,song,incongruent,✅,0.027194634910036795
24,21,fought,congruent,✅,0.9893320035525552
24,21,sang,congruent,✅,0.7538013815579785
24,21,fought,incongruent,✅,0.0003865772949097756
24,21,sang,incongruent,✅,0.010383495902703405
24,22,skeptical,congruent,✅,0.9805070018940546
24,22,reassured,congruent,✅,0.848582368537841
24,22,skeptical,incongruent,✅,0.048464354803194505
24,22,reassured,incongruent,✅,0.15248979817492112
24,23,graduation,congruent,✅,0.9994841333578226
24,23,operation,congruent,✅,0.9127245279397507
24,23,graduation,incongruent,✅,0.003583578647296132
24,23,operation,incongruent,✅,0.028442279871084792
24,24,bride,congruent,✅,0.9771340708983789
24,24,aftermath,congruent,✅,0.9978963348390955
24,24,bride,incongruent,✅,0.03257961609288252
24,24,aftermath,incongruent,✅,0.004820630552656795
24,25,teacher,congruent,✅,0.9985224781109703
24,25,daughter,congruent,✅,0.996148120862796
24,25,teacher,incongruent,✅,0.007912387025939344
24,25,daughter,incongruent,✅,0.11053612393730838
24,26,roommate,congruent,✅,0.9952706556803326
24,26,grandma,congruent,✅,0.9985393843682097
24,26,roommate,incongruent,✅,0.028074608457560973
24,26,grandma,incongruent,✅,0.018857824496383496
24,27,brother,congruent,✅,0.9863318095576677
24,27,mother,congruent,✅,0.9968765272318073
24,27,brother,incongruent,✅,0.0014687872711247722
24,27,mother,incongruent,✅,0.0034929755611699154
24,28,preschool,congruent,✅,0.8938268373250259
24,28,prison,congruent,✅,0.9843129602376248
24,28,preschool,incongruent,✅,0.0006780749498886843
24,28,prison,incongruent,✅,0.00884402082643156
24,29,hopeful,congruent,✅,0.9052552263637942
24,29,hopeless,congruent,✅,0.9733843397114927
24,29,hopeful,incongruent,✅,0.0740088783820373
24,29,hopeless,incongruent,✅,0.0265345112302094
24,3,marathon,congruent,✅,0.9639238801654784
24,3,exam,congruent,✅,0.9782537473380585
24,3,marathon,incongruent,✅,0.005472120312198335
24,3,exam,incongruent,✅,0.02440983568605372
24,30,appalled,congruent,✅,0.9490967722150601
24,30,overjoyed,congruent,✅,0.9586428189530116
24,30,appalled,incongruent,✅,0.02665573659095063
24,30,overjoyed,incongruent,✅,0.1650365960900894
24,31,reprimand,congruent,✅,0.9930212960377274
24,31,encouragement,congruent,✅,0.9973659354770695
24,31,reprimand,incongruent,✅,0.0005461279664008334
24,31,encouragement,incongruent,✅,0.0026175571017735652
24,32,angrily,congruent,✅,0.9992611120165827
24,32,cordially,congruent,✅,0.9868231985740314
24,32,angrily,incongruent,✅,0.0007826932667268875
24,32,cordially,incongruent,✅,0.0018131667316920715
24,33,accusatory,congruent,✅,0.9974507948601982
24,33,flirtatious,congruent,✅,0.9893263962660948
24,33,accusatory,incongruent,✅,0.019000196065694842
24,33,flirtatious,incongruent,✅,0.3167426706621518
24,34,disapprovingly,congruent,✅,0.9942101559859151
24,34,lovingly,congruent,✅,0.626268111421166
24,34,disapprovingly,incongruent,✅,0.0026572500931447856
24,34,lovingly,incongruent,❌,0.5344518303863628
24,35,playful,congruent,✅,0.9769903900923396
24,35,distant,congruent,✅,0.965637117646685
24,35,playful,incongruent,✅,0.18389362299208675
24,35,distant,incongruent,✅,0.0105846699621657
24,36,headphones,congruent,✅,0.9668196597729414
24,36,mangoes,congruent,✅,0.7193580802643189
24,36,headphones,incongruent,✅,0.017532214285003598
24,36,mangoes,incongruent,✅,0.03479340395013477
24,37,playroom,congruent,✅,0.9971184064804242
24,37,park,congruent,✅,0.9979888316603324
24,37,playroom,incongruent,✅,0.01456547044810639
24,37,park,incongruent,✅,0.014129684702358574
24,38,bedroom,congruent,✅,0.9958399189434548
24,38,backyard,congruent,✅,0.996756059901441
24,38,bedroom,incongruent,✅,0.0033110947479858795
24,38,backyard,incongruent,✅,0.002183417656773322
24,39,solemnly,congruent,✅,0.964824306921171
24,39,excitedly,congruent,✅,0.8867717051027296
24,39,solemnly,incongruent,✅,0.004818948301576734
24,39,excitedly,incongruent,✅,0.05888015237098102
24,4,menu,congruent,✅,0.8202970135023293
24,4,prescription,congruent,✅,0.9882512675958953
24,4,menu,incongruent,✅,0.022800454903347145
24,4,prescription,incongruent,✅,0.004340094123432936
24,40,car,congruent,✅,0.9503252383766381
24,40,sock,congruent,✅,0.9370651486726913
24,40,car,incongruent,✅,0.31850504775573313
24,40,sock,incongruent,✅,0.06219232299650273
24,41,overdressed,congruent,✅,0.8985905951816299
24,41,naked,congruent,✅,0.9027462837939254
24,41,overdressed,incongruent,✅,0.019052820041547232
24,41,naked,incongruent,✅,0.026580202760586674
24,42,shy,congruent,✅,0.9783141325283199
24,42,lively,congruent,✅,0.992837309020313
24,42,shy,incongruent,✅,0.0059418897400607944
24,42,lively,incongruent,✅,0.014534756613053753
24,43,offended,congruent,✅,0.9860855530639336
24,43,flattered,congruent,✅,0.9843775579196389
24,43,offended,incongruent,✅,0.10612002995564816
24,43,flattered,incongruent,✅,0.19306536386223894
24,44,grandkid,congruent,✅,0.9960201744276185
24,44,cellmate,congruent,✅,0.9686562319770176
24,44,grandkid,incongruent,✅,0.007626966394087268
24,44,cellmate,incongruent,✅,0.3255235325966023
24,45,promoted,congruent,✅,0.9934213378884647
24,45,fired,congruent,✅,0.9990562899082082
24,45,promoted,incongruent,✅,0.002912415299450558
24,45,fired,incongruent,✅,0.00012123893081046727
24,46,shooting,congruent,❌,0.18289637863424382
24,46,celebration,congruent,❌,0.13023153729225853
24,46,shooting,incongruent,✅,0.006952816811555615
24,46,celebration,incongruent,✅,0.01635870583190548
24,47,crayon,congruent,✅,0.6471283505029033
24,47,beer,congruent,✅,0.9949455387525565
24,47,crayon,incongruent,✅,0.001373758225277809
24,47,beer,incongruent,✅,0.02052573926097546
24,48,waiter,congruent,✅,0.9916548603446484
24,48,taxi,congruent,✅,0.9973532903515689
24,48,waiter,incongruent,✅,0.05947303720599615
24,48,taxi,incongruent,✅,0.1330057794442335
24,49,parents,congruent,✅,0.9987592164984556
24,49,keys,congruent,✅,0.9884989546973092
24,49,parents,incongruent,✅,0.02223144541985394
24,49,keys,incongruent,✅,0.0717516640216398
24,5,distress,congruent,✅,0.9837293975457871
24,5,tranquility,congruent,✅,0.9871485530604476
24,5,distress,incongruent,✅,0.00031866993291431697
24,5,tranquility,incongruent,✅,0.2412825549533632
24,50,sofa,congruent,✅,0.9991876475122221
24,50,sky,congruent,✅,0.9964415901982882
24,50,sofa,incongruent,❌,0.5909493550251883
24,50,sky,incongruent,❌,0.5237919135975352
24,51,obesity,congruent,❌,0.39857163724333194
24,51,homework,congruent,✅,0.9922498483140786
24,51,obesity,incongruent,✅,0.00434972020046523
24,51,homework,incongruent,✅,0.03987288410137373
24,52,quiz,congruent,✅,0.9885327224144723
24,52,commute,congruent,✅,0.9964458324707174
24,52,quiz,incongruent,✅,0.0012303809719230476
24,52,commute,incongruent,✅,0.010543286610838616
24,53,migraine,congruent,✅,0.9954017747230529
24,53,excitement,congruent,✅,0.9958270307001162
24,53,migraine,incongruent,✅,0.0002038922262423003
24,53,excitement,incongruent,✅,0.00836126478677192
24,54,niece,congruent,✅,0.9114110803666785
24,54,husband,congruent,✅,0.9798289536841489
24,54,niece,incongruent,✅,0.015319702424691899
24,54,husband,incongruent,✅,0.0379953792738281
24,55,film,congruent,✅,0.9963945705868394
24,55,sunrise,congruent,✅,0.7919265356558441
24,55,film,incongruent,✅,0.000424427976451455
24,55,sunrise,incongruent,✅,0.11375362284879825
24,56,lecture,congruent,✅,0.9899582166192472
24,56,banquet,congruent,✅,0.894504844225216
24,56,lecture,incongruent,✅,0.0022552961984766604
24,56,banquet,incongruent,✅,0.0031159456243050666
24,57,drink,congruent,✅,0.9946146927470411
24,57,textbook,congruent,✅,0.9548721422086163
24,57,drink,incongruent,✅,0.029927078588604175
24,57,textbook,incongruent,✅,0.0021672005081469583
24,58,pool,congruent,✅,0.9972543606196557
24,58,snow,congruent,✅,0.6239326721439789
24,58,pool,incongruent,✅,0.00012550668704749393
24,58,snow,incongruent,✅,0.0349665299251066
24,59,passport,congruent,✅,0.8784839471953119
24,59,plushy,congruent,✅,0.9800935575155342
24,59,passport,incongruent,✅,0.012830490950327204
24,59,plushy,incongruent,✅,0.169536125701517
24,6,patients,congruent,✅,0.9125473962977935
24,6,students,congruent,✅,0.9908870073012465
24,6,patients,incongruent,✅,0.007755595922288869
24,6,students,incongruent,✅,0.0013765366493827245
24,60,sister,congruent,✅,0.9802250498374135
24,60,father,congruent,✅,0.9863080062874923
24,60,sister,incongruent,✅,0.11049808190278453
24,60,father,incongruent,✅,0.027897424147655794
24,61,game,congruent,✅,0.9974436837623261
24,61,sunset,congruent,✅,0.9730455962235907
24,61,game,incongruent,✅,0.006544920217273697
24,61,sunset,incongruent,✅,0.07141990664892031
24,62,holidays,congruent,✅,0.9728614983614966
24,62,funeral,congruent,✅,0.9952682341009296
24,62,holidays,incongruent,✅,0.14641874274549488
24,62,funeral,incongruent,❌,0.5503989459829307
24,63,grades,congruent,✅,0.9823762500770931
24,63,affair,congruent,✅,0.9982786239771079
24,63,grades,incongruent,✅,0.022906613140062492
24,63,affair,incongruent,✅,0.0009042111246125122
24,64,arrest,congruent,✅,0.6215203446666473
24,64,stroke,congruent,✅,0.9739878465484706
24,64,arrest,incongruent,❌,0.5181422138940355
24,64,stroke,incongruent,✅,0.4341517696314487
24,65,pacifier,congruent,✅,0.9822304745781856
24,65,coffee,congruent,✅,0.9965488166371024
24,65,pacifier,incongruent,✅,0.0355253920922905
24,65,coffee,incongruent,✅,0.056586780217387916
24,66,sweets,congruent,✅,0.9984283242812987
24,66,sentencing,congruent,✅,0.9980802102136852
24,66,sweets,incongruent,✅,0.0006358267373993918
24,66,sentencing,incongruent,✅,0.0043262283738471205
24,67,nap,congruent,✅,0.9990098018517928
24,67,selfie,congruent,✅,0.9991361644466719
24,67,nap,incongruent,✅,0.06227990669075671
24,67,selfie,incongruent,✅,0.001038599470293298
24,68,diaper,congruent,✅,0.9646706877429446
24,68,tire,congruent,✅,0.9948415708242517
24,68,diaper,incongruent,✅,0.00011542253209143213
24,68,tire,incongruent,✅,6.43457480133398e-05
24,69,chemotherapy,congruent,✅,0.9950372709884686
24,69,golf,congruent,✅,0.9844522850685894
24,69,chemotherapy,incongruent,✅,0.006399781162632797
24,69,golf,incongruent,✅,0.10901339110328398
24,7,consensus,congruent,✅,0.8539464577225248
24,7,deadlock,congruent,✅,0.965210770055992
24,7,consensus,incongruent,✅,0.05897298311037724
24,7,deadlock,incongruent,✅,0.06238670472305891
24,70,thunder,congruent,✅,0.9907342870238163
24,70,lullaby,congruent,✅,0.5499802668532967
24,70,thunder,incongruent,✅,0.014870374629938801
24,70,lullaby,incongruent,✅,0.18197380282298584
24,71,pajamas,congruent,✅,0.9947840365932664
24,71,uniform,congruent,✅,0.9842968208116579
24,71,pajamas,incongruent,✅,0.0365811273644295
24,71,uniform,incongruent,✅,0.005463909191830423
24,72,gown,congruent,✅,0.9983249120331921
24,72,sweats,congruent,✅,0.9928759095739814
24,72,gown,incongruent,✅,0.0057168816213060926
24,72,sweats,incongruent,❌,0.5587823095812788
24,73,deadline,congruent,✅,0.8108379086430464
24,73,bed,congruent,✅,0.992202666815598
24,73,deadline,incongruent,✅,0.03292368737666006
24,73,bed,incongruent,✅,0.07435532235913354
24,74,kindergarten,congruent,✅,0.9250440696479094
24,74,jail,congruent,✅,0.9983659083517907
24,74,kindergarten,incongruent,✅,0.052685637657531495
24,74,jail,incongruent,✅,0.0764491103848519
24,75,interrogated,congruent,✅,0.9989173709552721
24,75,tickled,congruent,✅,0.9468651617211508
24,75,interrogated,incongruent,✅,0.045969504623222926
24,75,tickled,incongruent,✅,0.09212635798953674
24,76,sandcastle,congruent,✅,0.9951208795518619
24,76,snowman,congruent,✅,0.9967802904616757
24,76,sandcastle,incongruent,✅,0.0022566892463127502
24,76,snowman,incongruent,✅,0.0015613014407077604
24,77,music,congruent,✅,0.99896179730133
24,77,pizza,congruent,✅,0.9996630323019301
24,77,music,incongruent,✅,0.04904048698564737
24,77,pizza,incongruent,✅,0.0007327529265441869
24,78,playoffs,congruent,✅,0.7758595947296383
24,78,cartoon,congruent,✅,0.99807561819596
24,78,playoffs,incongruent,✅,0.0005282661817182344
24,78,cartoon,incongruent,✅,0.005223531759517745
24,79,alcoholism,congruent,✅,0.9796437479339715
24,79,academics,congruent,✅,0.9909796729438203
24,79,alcoholism,incongruent,✅,0.05954590492839819
24,79,academics,incongruent,✅,0.0031446884789859374
24,8,engagement,congruent,✅,0.9610330379633734
24,8,cancer,congruent,❌,0.37924610308446066
24,8,engagement,incongruent,✅,0.10311556415374915
24,8,cancer,incongruent,✅,0.22265422558725884
24,9,terminal,congruent,✅,0.989252033112692
24,9,classroom,congruent,✅,0.9905701010464036
24,9,terminal,incongruent,✅,0.0004197262001843433
24,9,classroom,incongruent,✅,0.004142380011804159
25,0,library,congruent,✅,0.9768593770178139
25,0,refrigerator,congruent,✅,0.7602787137111001
25,0,library,incongruent,✅,0.019636805145457865
25,0,refrigerator,incongruent,✅,0.007036250617793476
25,1,disappointment,congruent,✅,0.8153678990393628
25,1,delight,congruent,✅,0.9880207513066909
25,1,disappointment,incongruent,✅,0.00205715684716591
25,1,delight,incongruent,✅,0.005246322992109851
25,10,cash,congruent,✅,0.9986108810113549
25,10,groceries,congruent,✅,0.9356429724988916
25,10,cash,incongruent,✅,0.21512594993998815
25,10,groceries,incongruent,✅,0.002588509173397861
25,11,lonely,congruent,✅,0.9684837608238603
25,11,confident,congruent,✅,0.9727620086470425
25,11,lonely,incongruent,✅,0.012816893776296205
25,11,confident,incongruent,✅,0.17322040881051026
25,12,joy,congruent,✅,0.9984166203705747
25,12,outrage,congruent,❌,0.10821220993163765
25,12,joy,incongruent,✅,0.014003806512931849
25,12,outrage,incongruent,❌,0.985366870852795
25,13,traffic,congruent,✅,0.995378067607686
25,13,snowstorm,congruent,✅,0.9972135559012567
25,13,traffic,incongruent,❌,0.9272692926866586
25,13,snowstorm,incongruent,❌,0.8904527015438967
25,14,laughter,congruent,✅,0.998906470323798
25,14,frustration,congruent,✅,0.998538049922714
25,14,laughter,incongruent,✅,0.008723837392377623
25,14,frustration,incongruent,✅,0.004536725647512417
25,15,calculator,congruent,✅,0.9119356777919159
25,15,instrument,congruent,✅,0.9754791379424673
25,15,calculator,incongruent,✅,0.07092855978396666
25,15,instrument,incongruent,❌,0.692024516573466
25,16,orchestra,congruent,✅,0.9150099665203768
25,16,racers,congruent,✅,0.992100145309079
25,16,orchestra,incongruent,✅,0.007224998429962335
25,16,racers,incongruent,✅,0.0001089942305445096
25,17,retirement,congruent,✅,0.9551497274056436
25,17,playdate,congruent,✅,0.9824996826185872
25,17,retirement,incongruent,✅,0.014386607649996887
25,17,playdate,incongruent,✅,0.002698307457595316
25,18,relieved,congruent,✅,0.9174822462542914
25,18,depressed,congruent,✅,0.9202733124792492
25,18,relieved,incongruent,✅,0.023494412609261404
25,18,depressed,incongruent,✅,0.23867723446703393
25,19,friends,congruent,❌,0.48085815203156956
25,19,weight,congruent,✅,0.8941975304106068
25,19,friends,incongruent,✅,0.10822065982768136
25,19,weight,incongruent,✅,0.013978594137391316
25,2,overcoat,congruent,✅,0.9467050411144539
25,2,sandals,congruent,✅,0.7564887368134353
25,2,overcoat,incongruent,✅,0.013875414642595639
25,2,sandals,incongruent,✅,0.005226985156707222
25,20,lipstick,congruent,✅,0.8699800181434935
25,20,song,congruent,✅,0.9595185363492488
25,20,lipstick,incongruent,✅,0.16238619317289257
25,20,song,incongruent,✅,0.03208659296710406
25,21,fought,congruent,✅,0.9907505720566427
25,21,sang,congruent,✅,0.8340132059460053
25,21,fought,incongruent,✅,0.003184484042867482
25,21,sang,incongruent,✅,0.04054136712779076
25,22,skeptical,congruent,✅,0.9713696600552106
25,22,reassured,congruent,✅,0.8136474968352373
25,22,skeptical,incongruent,✅,0.08388391833329056
25,22,reassured,incongruent,✅,0.18666375418941822
25,23,graduation,congruent,✅,0.9990434785687042
25,23,operation,congruent,✅,0.8469303843904751
25,23,graduation,incongruent,✅,0.006399548843566506
25,23,operation,incongruent,✅,0.019432359469337312
25,24,bride,congruent,✅,0.9809984660267876
25,24,aftermath,congruent,✅,0.997174433054077
25,24,bride,incongruent,✅,0.02666674693057155
25,24,aftermath,incongruent,✅,0.004934073898662372
25,25,teacher,congruent,✅,0.9979282637860851
25,25,daughter,congruent,✅,0.9925920340891154
25,25,teacher,incongruent,✅,0.004617696161472988
25,25,daughter,incongruent,✅,0.05541089666447562
25,26,roommate,congruent,✅,0.9882173329727912
25,26,grandma,congruent,✅,0.9973348651431758
25,26,roommate,incongruent,✅,0.04776584868161985
25,26,grandma,incongruent,✅,0.018983502393238302
25,27,brother,congruent,✅,0.9779228948842883
25,27,mother,congruent,✅,0.9948745831588592
25,27,brother,incongruent,✅,0.005230580173286354
25,27,mother,incongruent,✅,0.0038879882981919345
25,28,preschool,congruent,✅,0.8857424733561955
25,28,prison,congruent,✅,0.9825953461355507
25,28,preschool,incongruent,✅,0.0007945881133464817
25,28,prison,incongruent,✅,0.0085918537412153
25,29,hopeful,congruent,✅,0.6847954607251598
25,29,hopeless,congruent,✅,0.9514333441721161
25,29,hopeful,incongruent,✅,0.08948522699106745
25,29,hopeless,incongruent,✅,0.014509333359610044
25,3,marathon,congruent,✅,0.9560680230755382
25,3,exam,congruent,✅,0.974142949018472
25,3,marathon,incongruent,✅,0.017159107905248258
25,3,exam,incongruent,✅,0.026558677484712186
25,30,appalled,congruent,✅,0.9060286231815456
25,30,overjoyed,congruent,✅,0.9572868817916382
25,30,appalled,incongruent,✅,0.04817270628378905
25,30,overjoyed,incongruent,✅,0.19674740233782856
25,31,reprimand,congruent,✅,0.9936635283710992
25,31,encouragement,congruent,✅,0.9960509130705512
25,31,reprimand,incongruent,✅,0.00312624731082432
25,31,encouragement,incongruent,✅,0.0033915182296092804
25,32,angrily,congruent,✅,0.9990755727856423
25,32,cordially,congruent,✅,0.9772216226798981
25,32,angrily,incongruent,✅,0.002561495390437894
25,32,cordially,incongruent,✅,0.002703096945186022
25,33,accusatory,congruent,✅,0.994769162631417
25,33,flirtatious,congruent,✅,0.975564635751879
25,33,accusatory,incongruent,✅,0.01410409133365433
25,33,flirtatious,incongruent,✅,0.3001459237148866
25,34,disapprovingly,congruent,✅,0.9938329226841508
25,34,lovingly,congruent,❌,0.49112217313171147
25,34,disapprovingly,incongruent,✅,0.006753608025563642
25,34,lovingly,incongruent,✅,0.4230085959521547
25,35,playful,congruent,✅,0.9698822444991275
25,35,distant,congruent,✅,0.9608937602738478
25,35,playful,incongruent,✅,0.3300820885396048
25,35,distant,incongruent,✅,0.020203104806050688
25,36,headphones,congruent,✅,0.9211923137133106
25,36,mangoes,congruent,✅,0.5485786818361641
25,36,headphones,incongruent,✅,0.037222597774020864
25,36,mangoes,incongruent,✅,0.042925872166188386
25,37,playroom,congruent,✅,0.9971075284884309
25,37,park,congruent,✅,0.9970879458432997
25,37,playroom,incongruent,✅,0.015569252439082882
25,37,park,incongruent,✅,0.01449527008410336
25,38,bedroom,congruent,✅,0.9975383785841982
25,38,backyard,congruent,✅,0.9975370020532515
25,38,bedroom,incongruent,✅,0.008347298392399314
25,38,backyard,incongruent,✅,0.0022408670073841425
25,39,solemnly,congruent,✅,0.9288991923083041
25,39,excitedly,congruent,✅,0.8433062870929502
25,39,solemnly,incongruent,✅,0.010190176940995405
25,39,excitedly,incongruent,✅,0.05433675271814357
25,4,menu,congruent,✅,0.8087474381540005
25,4,prescription,congruent,✅,0.9916459838638566
25,4,menu,incongruent,✅,0.05910044371864548
25,4,prescription,incongruent,✅,0.007591103667709193
25,40,car,congruent,✅,0.9274549255802857
25,40,sock,congruent,✅,0.8643188886946443
25,40,car,incongruent,✅,0.18114009339784698
25,40,sock,incongruent,✅,0.060782524450909294
25,41,overdressed,congruent,✅,0.8737750013249908
25,41,naked,congruent,✅,0.8847746831141391
25,41,overdressed,incongruent,✅,0.032529209711759675
25,41,naked,incongruent,✅,0.043717104940134706
25,42,shy,congruent,✅,0.9584538618194259
25,42,lively,congruent,✅,0.9900305046495523
25,42,shy,incongruent,✅,0.0174912155365999
25,42,lively,incongruent,✅,0.015294269767002586
25,43,offended,congruent,✅,0.9824668011044148
25,43,flattered,congruent,✅,0.980081353526437
25,43,offended,incongruent,✅,0.1045551276282431
25,43,flattered,incongruent,✅,0.4020211675395283
25,44,grandkid,congruent,✅,0.9940429843982768
25,44,cellmate,congruent,✅,0.9686158698182344
25,44,grandkid,incongruent,✅,0.010539247734566123
25,44,cellmate,incongruent,✅,0.2318609603242639
25,45,promoted,congruent,✅,0.9932700233428511
25,45,fired,congruent,✅,0.9986450271520759
25,45,promoted,incongruent,✅,0.0167508237235101
25,45,fired,incongruent,✅,0.0010320281107991838
25,46,shooting,congruent,❌,0.30907988795525326
25,46,celebration,congruent,❌,0.11518828566574932
25,46,shooting,incongruent,✅,0.008923590934002497
25,46,celebration,incongruent,✅,0.049781605725574225
25,47,crayon,congruent,✅,0.5584272787415648
25,47,beer,congruent,✅,0.9919974872948837
25,47,crayon,incongruent,✅,0.0016296306378276136
25,47,beer,incongruent,✅,0.026839043213125097
25,48,waiter,congruent,✅,0.9964208228287982
25,48,taxi,congruent,✅,0.9958798808201251
25,48,waiter,incongruent,✅,0.0689697466798605
25,48,taxi,incongruent,✅,0.18514469056720637
25,49,parents,congruent,✅,0.9941878558962547
25,49,keys,congruent,✅,0.9878315949777835
25,49,parents,incongruent,✅,0.047564576872727665
25,49,keys,incongruent,✅,0.07688254761854076
25,5,distress,congruent,✅,0.9653113024386286
25,5,tranquility,congruent,✅,0.9677133876818168
25,5,distress,incongruent,✅,0.0006924638352991866
25,5,tranquility,incongruent,✅,0.14081590350775017
25,50,sofa,congruent,✅,0.999094241882373
25,50,sky,congruent,✅,0.995183410014535
25,50,sofa,incongruent,✅,0.3567694538490766
25,50,sky,incongruent,❌,0.5752992613031778
25,51,obesity,congruent,❌,0.34269796033534816
25,51,homework,congruent,✅,0.9900209881675006
25,51,obesity,incongruent,✅,0.0051696675307302915
25,51,homework,incongruent,✅,0.04906158155396447
25,52,quiz,congruent,✅,0.973867921237642
25,52,commute,congruent,✅,0.990284641532061
25,52,quiz,incongruent,✅,0.0008973056285532193
25,52,commute,incongruent,✅,0.00888061044479081
25,53,migraine,congruent,✅,0.9914759813923832
25,53,excitement,congruent,✅,0.995793356548418
25,53,migraine,incongruent,✅,0.0006129926473653351
25,53,excitement,incongruent,✅,0.024488978876004812
25,54,niece,congruent,✅,0.9213836904890362
25,54,husband,congruent,✅,0.9849041295812507
25,54,niece,incongruent,✅,0.05015444922550125
25,54,husband,incongruent,✅,0.04726917785155086
25,55,film,congruent,✅,0.9901444274047922
25,55,sunrise,congruent,✅,0.7178412477045275
25,55,film,incongruent,✅,0.0008288486848116041
25,55,sunrise,incongruent,✅,0.04474806924863394
25,56,lecture,congruent,✅,0.9741543581559277
25,56,banquet,congruent,✅,0.8765974673584831
25,56,lecture,incongruent,✅,0.002750803952889656
25,56,banquet,incongruent,✅,0.0017002860732447385
25,57,drink,congruent,✅,0.9876839957464304
25,57,textbook,congruent,✅,0.9478611662890486
25,57,drink,incongruent,✅,0.053030132288985975
25,57,textbook,incongruent,✅,0.002575982060777706
25,58,pool,congruent,✅,0.9973322434446468
25,58,snow,congruent,✅,0.6992206329388275
25,58,pool,incongruent,✅,0.00029097527972246417
25,58,snow,incongruent,✅,0.0611155407252025
25,59,passport,congruent,✅,0.8635427448786822
25,59,plushy,congruent,✅,0.9827332821045089
25,59,passport,incongruent,✅,0.04523386143779669
25,59,plushy,incongruent,✅,0.19869493982409484
25,6,patients,congruent,✅,0.9647682000791469
25,6,students,congruent,✅,0.993587660255774
25,6,patients,incongruent,✅,0.012881108793876456
25,6,students,incongruent,✅,0.0056229695210376655
25,60,sister,congruent,✅,0.9615432165837967
25,60,father,congruent,✅,0.9626839411102593
25,60,sister,incongruent,✅,0.07368950129895842
25,60,father,incongruent,✅,0.042394232915082576
25,61,game,congruent,✅,0.9915521214028585
25,61,sunset,congruent,✅,0.9777332658098671
25,61,game,incongruent,✅,0.01435352566463272
25,61,sunset,incongruent,✅,0.036690559315222505
25,62,holidays,congruent,✅,0.9850051247963879
25,62,funeral,congruent,✅,0.9939228131381463
25,62,holidays,incongruent,✅,0.14171631529813564
25,62,funeral,incongruent,❌,0.6282186427534467
25,63,grades,congruent,✅,0.9826745225991024
25,63,affair,congruent,✅,0.9970199071016388
25,63,grades,incongruent,✅,0.03695631716376541
25,63,affair,incongruent,✅,0.003520383694220905
25,64,arrest,congruent,✅,0.6020365573594425
25,64,stroke,congruent,✅,0.9464889595294628
25,64,arrest,incongruent,✅,0.4703795824539248
25,64,stroke,incongruent,✅,0.3494978271508071
25,65,pacifier,congruent,✅,0.9807240548717704
25,65,coffee,congruent,✅,0.994500384139606
25,65,pacifier,incongruent,✅,0.04025876922631364
25,65,coffee,incongruent,✅,0.059919458170839573
25,66,sweets,congruent,✅,0.9985352488648654
25,66,sentencing,congruent,✅,0.997523118277448
25,66,sweets,incongruent,✅,0.0006867733648043545
25,66,sentencing,incongruent,✅,0.0045002032585596445
25,67,nap,congruent,✅,0.998818168738797
25,67,selfie,congruent,✅,0.9986079551692533
25,67,nap,incongruent,✅,0.06178983729075696
25,67,selfie,incongruent,✅,0.0019243783832579991
25,68,diaper,congruent,✅,0.950089595396574
25,68,tire,congruent,✅,0.9938692699902811
25,68,diaper,incongruent,✅,0.00021417075449047698
25,68,tire,incongruent,✅,0.00013729883929581495
25,69,chemotherapy,congruent,✅,0.9957190878078233
25,69,golf,congruent,✅,0.9692866303971245
25,69,chemotherapy,incongruent,✅,0.0028553219565054396
25,69,golf,incongruent,✅,0.18554529829427718
25,7,consensus,congruent,✅,0.7970338042846142
25,7,deadlock,congruent,✅,0.9492591196368136
25,7,consensus,incongruent,✅,0.07985332585732267
25,7,deadlock,incongruent,✅,0.09691701541271117
25,70,thunder,congruent,✅,0.9823793680242595
25,70,lullaby,congruent,✅,0.8046153318350985
25,70,thunder,incongruent,✅,0.013857983013631142
25,70,lullaby,incongruent,✅,0.15966817740044237
25,71,pajamas,congruent,✅,0.992866122088496
25,71,uniform,congruent,✅,0.9757352447646058
25,71,pajamas,incongruent,✅,0.03190497636246748
25,71,uniform,incongruent,✅,0.005951653177381164
25,72,gown,congruent,✅,0.998211379020588
25,72,sweats,congruent,✅,0.9902856235567343
25,72,gown,incongruent,✅,0.007673245549490226
25,72,sweats,incongruent,✅,0.45869047380139283
25,73,deadline,congruent,✅,0.6416840961496808
25,73,bed,congruent,✅,0.9815604129475344
25,73,deadline,incongruent,✅,0.018287489075702736
25,73,bed,incongruent,✅,0.04933735020280121
25,74,kindergarten,congruent,✅,0.9470378844835093
25,74,jail,congruent,✅,0.9965078984119292
25,74,kindergarten,incongruent,✅,0.04273607128355554
25,74,jail,incongruent,✅,0.15268923620814057
25,75,interrogated,congruent,✅,0.9980488168314205
25,75,tickled,congruent,✅,0.956310225480706
25,75,interrogated,incongruent,✅,0.03992449658109882
25,75,tickled,incongruent,✅,0.11808812808360133
25,76,sandcastle,congruent,✅,0.9912453216834481
25,76,snowman,congruent,✅,0.9934150577950411
25,76,sandcastle,incongruent,✅,0.0013933490037035393
25,76,snowman,incongruent,✅,0.0011929105460596195
25,77,music,congruent,✅,0.9986074937476334
25,77,pizza,congruent,✅,0.9995421755103255
25,77,music,incongruent,✅,0.032610186655921115
25,77,pizza,incongruent,✅,0.0007574364140289244
25,78,playoffs,congruent,✅,0.6832663738521263
25,78,cartoon,congruent,✅,0.997404215113423
25,78,playoffs,incongruent,✅,0.0008332177532953579
25,78,cartoon,incongruent,✅,0.0032977036741022774
25,79,alcoholism,congruent,✅,0.9590733374903354
25,79,academics,congruent,✅,0.9854118822097311
25,79,alcoholism,incongruent,✅,0.04589401010274057
25,79,academics,incongruent,✅,0.003845344332444461
25,8,engagement,congruent,✅,0.9241313646185119
25,8,cancer,congruent,❌,0.3576806796801617
25,8,engagement,incongruent,✅,0.13047759611882276
25,8,cancer,incongruent,✅,0.3208973269188901
25,9,terminal,congruent,✅,0.9899731501773891
25,9,classroom,congruent,✅,0.994619354115949
25,9,terminal,incongruent,✅,0.000988525159099876
25,9,classroom,incongruent,✅,0.003010190566820067
26,0,library,congruent,✅,0.9649475334563713
26,0,refrigerator,congruent,✅,0.713603486830467
26,0,library,incongruent,✅,0.01771875250276818
26,0,refrigerator,incongruent,✅,0.009214783130095962
26,1,disappointment,congruent,✅,0.788049454203299
26,1,delight,congruent,✅,0.9769344811718406
26,1,disappointment,incongruent,✅,0.0036073763373414237
26,1,delight,incongruent,✅,0.011715288074119066
26,10,cash,congruent,✅,0.9985760808504882
26,10,groceries,congruent,✅,0.9417874204475167
26,10,cash,incongruent,✅,0.19157395686949305
26,10,groceries,incongruent,✅,0.00650566733490637
26,11,lonely,congruent,✅,0.9541935450475386
26,11,confident,congruent,✅,0.9670349615339914
26,11,lonely,incongruent,✅,0.02156712796895244
26,11,confident,incongruent,✅,0.18789438312092377
26,12,joy,congruent,✅,0.9981989460224238
26,12,outrage,congruent,❌,0.18677903193500467
26,12,joy,incongruent,✅,0.03178289136257339
26,12,outrage,incongruent,❌,0.9803281625604687
26,13,traffic,congruent,✅,0.9953383635162124
26,13,snowstorm,congruent,✅,0.9975700509340572
26,13,traffic,incongruent,❌,0.9527879723804918
26,13,snowstorm,incongruent,❌,0.8619984989568437
26,14,laughter,congruent,✅,0.9984422253543921
26,14,frustration,congruent,✅,0.9975392186889638
26,14,laughter,incongruent,✅,0.01656628766107484
26,14,frustration,incongruent,✅,0.006258815626243859
26,15,calculator,congruent,✅,0.8936690083188459
26,15,instrument,congruent,✅,0.9719127211606502
26,15,calculator,incongruent,✅,0.08937384109772625
26,15,instrument,incongruent,❌,0.6753308826815314
26,16,orchestra,congruent,✅,0.9051193483210522
26,16,racers,congruent,✅,0.9884485910731265
26,16,orchestra,incongruent,✅,0.014976241133716007
26,16,racers,incongruent,✅,0.00048239566935997407
26,17,retirement,congruent,✅,0.9458530917160037
26,17,playdate,congruent,✅,0.9856064543766366
26,17,retirement,incongruent,✅,0.037496831866684795
26,17,playdate,incongruent,✅,0.005177993602442243
26,18,relieved,congruent,✅,0.9054814801219676
26,18,depressed,congruent,✅,0.8768573808986918
26,18,relieved,incongruent,✅,0.02179788335052436
26,18,depressed,incongruent,✅,0.23617166693255953
26,19,friends,congruent,❌,0.24449897510306579
26,19,weight,congruent,✅,0.8927615870660085
26,19,friends,incongruent,✅,0.14147790430661678
26,19,weight,incongruent,✅,0.007586485170070314
26,2,overcoat,congruent,✅,0.9316860068424696
26,2,sandals,congruent,✅,0.7150493634586261
26,2,overcoat,incongruent,✅,0.0225219604638886
26,2,sandals,incongruent,✅,0.009436358878531859
26,20,lipstick,congruent,✅,0.8513331367876649
26,20,song,congruent,✅,0.9459809078102798
26,20,lipstick,incongruent,✅,0.23660560526242358
26,20,song,incongruent,✅,0.03621349552342155
26,21,fought,congruent,✅,0.9869460612810382
26,21,sang,congruent,✅,0.6977429478304967
26,21,fought,incongruent,✅,0.0036052879088144534
26,21,sang,incongruent,✅,0.04476400965408189
26,22,skeptical,congruent,✅,0.9670570902925247
26,22,reassured,congruent,✅,0.8626917761470582
26,22,skeptical,incongruent,✅,0.14702646266248526
26,22,reassured,incongruent,✅,0.22747663326991419
26,23,graduation,congruent,✅,0.9974569123684359
26,23,operation,congruent,✅,0.6800609702326684
26,23,graduation,incongruent,✅,0.010652500389298351
26,23,operation,incongruent,✅,0.02859174082710099
26,24,bride,congruent,✅,0.9780125810988018
26,24,aftermath,congruent,✅,0.9965737197027411
26,24,bride,incongruent,✅,0.035261132592384184
26,24,aftermath,incongruent,✅,0.004928864370321205
26,25,teacher,congruent,✅,0.9974065011563658
26,25,daughter,congruent,✅,0.9859980368403212
26,25,teacher,incongruent,✅,0.00601771835794474
26,25,daughter,incongruent,✅,0.07583585255610867
26,26,roommate,congruent,✅,0.969517685356993
26,26,grandma,congruent,✅,0.9957669543272735
26,26,roommate,incongruent,✅,0.06150240055344147
26,26,grandma,incongruent,✅,0.012878024189492422
26,27,brother,congruent,✅,0.9628469914508159
26,27,mother,congruent,✅,0.9826232991601674
26,27,brother,incongruent,✅,0.004163233690541512
26,27,mother,incongruent,✅,0.004243174665191519
26,28,preschool,congruent,✅,0.7912937796936897
26,28,prison,congruent,✅,0.9709321356623112
26,28,preschool,incongruent,✅,0.0009233160215788478
26,28,prison,incongruent,✅,0.004404426906813077
26,29,hopeful,congruent,✅,0.5057481993352622
26,29,hopeless,congruent,✅,0.9046593233083163
26,29,hopeful,incongruent,✅,0.06687788276869304
26,29,hopeless,incongruent,✅,0.012435683873119855
26,3,marathon,congruent,✅,0.9590435822954635
26,3,exam,congruent,✅,0.963174014551776
26,3,marathon,incongruent,✅,0.03406117046581106
26,3,exam,incongruent,✅,0.04346368106496232
26,30,appalled,congruent,✅,0.8547770099167582
26,30,overjoyed,congruent,✅,0.9526442304147137
26,30,appalled,incongruent,✅,0.0652833646317972
26,30,overjoyed,incongruent,✅,0.17841263110199226
26,31,reprimand,congruent,✅,0.9890665957719318
26,31,encouragement,congruent,✅,0.9952877141653731
26,31,reprimand,incongruent,✅,0.013754614665645168
26,31,encouragement,incongruent,✅,0.011629127437157993
26,32,angrily,congruent,✅,0.9987102618998395
26,32,cordially,congruent,✅,0.9653567454608061
26,32,angrily,incongruent,✅,0.007052192643900774
26,32,cordially,incongruent,✅,0.007199752652728381
26,33,accusatory,congruent,✅,0.9937943965393438
26,33,flirtatious,congruent,✅,0.9758136498173482
26,33,accusatory,incongruent,✅,0.043624632521594355
26,33,flirtatious,incongruent,✅,0.4321859934044971
26,34,disapprovingly,congruent,✅,0.9898989689542504
26,34,lovingly,congruent,✅,0.6538987866681011
26,34,disapprovingly,incongruent,✅,0.029045413298251326
26,34,lovingly,incongruent,✅,0.38121700503962525
26,35,playful,congruent,✅,0.9725709772279373
26,35,distant,congruent,✅,0.9423369547249167
26,35,playful,incongruent,✅,0.2959644902195917
26,35,distant,incongruent,✅,0.039874600705339026
26,36,headphones,congruent,✅,0.874600934505731
26,36,mangoes,congruent,✅,0.5203606851364914
26,36,headphones,incongruent,✅,0.05351132669548205
26,36,mangoes,incongruent,✅,0.05136446269087643
26,37,playroom,congruent,✅,0.9958073333423059
26,37,park,congruent,✅,0.996275440125057
26,37,playroom,incongruent,✅,0.02615359189321275
26,37,park,incongruent,✅,0.01709724867045604
26,38,bedroom,congruent,✅,0.9961045926613846
26,38,backyard,congruent,✅,0.995873374874271
26,38,bedroom,incongruent,✅,0.008351269408630855
26,38,backyard,incongruent,✅,0.0027332372193385208
26,39,solemnly,congruent,✅,0.9420528310418244
26,39,excitedly,congruent,✅,0.895770428239716
26,39,solemnly,incongruent,✅,0.02819824261216581
26,39,excitedly,incongruent,✅,0.11363522269996237
26,4,menu,congruent,✅,0.8304701524641875
26,4,prescription,congruent,✅,0.9928435170848678
26,4,menu,incongruent,✅,0.10469461184337335
26,4,prescription,incongruent,✅,0.016967689244858856
26,40,car,congruent,✅,0.8982897159650686
26,40,sock,congruent,✅,0.8620841829816768
26,40,car,incongruent,✅,0.30181535284246713
26,40,sock,incongruent,✅,0.038512714388293096
26,41,overdressed,congruent,✅,0.8527862617239361
26,41,naked,congruent,✅,0.6479041513097517
26,41,overdressed,incongruent,✅,0.013506463457310143
26,41,naked,incongruent,✅,0.09362111265571346
26,42,shy,congruent,✅,0.9513912793928918
26,42,lively,congruent,✅,0.9793480168253932
26,42,shy,incongruent,✅,0.024913746533031144
26,42,lively,incongruent,✅,0.023088655220765662
26,43,offended,congruent,✅,0.9761747878773505
26,43,flattered,congruent,✅,0.9783542513284916
26,43,offended,incongruent,✅,0.13556296076053842
26,43,flattered,incongruent,❌,0.5014273658567985
26,44,grandkid,congruent,✅,0.9867744026872416
26,44,cellmate,congruent,✅,0.9594883620848487
26,44,grandkid,incongruent,✅,0.014186744007616249
26,44,cellmate,incongruent,✅,0.17211018251628127
26,45,promoted,congruent,✅,0.9898154177052173
26,45,fired,congruent,✅,0.9982668925870836
26,45,promoted,incongruent,✅,0.025756365675790892
26,45,fired,incongruent,✅,0.003593003441339109
26,46,shooting,congruent,❌,0.2515473057081162
26,46,celebration,congruent,❌,0.06517429440878093
26,46,shooting,incongruent,✅,0.010729618211683169
26,46,celebration,incongruent,✅,0.057305586374215074
26,47,crayon,congruent,✅,0.5175855135194373
26,47,beer,congruent,✅,0.9850987692219965
26,47,crayon,incongruent,✅,0.004202608662061683
26,47,beer,incongruent,✅,0.02799365066282274
26,48,waiter,congruent,✅,0.9948888191743595
26,48,taxi,congruent,✅,0.9942825202802711
26,48,waiter,incongruent,✅,0.10911969858800476
26,48,taxi,incongruent,✅,0.2785942578582611
26,49,parents,congruent,✅,0.9920832873031612
26,49,keys,congruent,✅,0.9850106681736808
26,49,parents,incongruent,✅,0.08786389059790865
26,49,keys,incongruent,✅,0.05158173416381347
26,5,distress,congruent,✅,0.9608736944171471
26,5,tranquility,congruent,✅,0.9536261513812248
26,5,distress,incongruent,✅,0.002069699923243182
26,5,tranquility,incongruent,✅,0.1599751432128977
26,50,sofa,congruent,✅,0.9982209322617532
26,50,sky,congruent,✅,0.9911226266719197
26,50,sofa,incongruent,✅,0.35480384601086284
26,50,sky,incongruent,❌,0.5108585038321861
26,51,obesity,congruent,❌,0.33177272496270055
26,51,homework,congruent,✅,0.9913293173570912
26,51,obesity,incongruent,✅,0.008060128565694692
26,51,homework,incongruent,✅,0.05329860897620112
26,52,quiz,congruent,✅,0.95982988217259
26,52,commute,congruent,✅,0.9742503342643803
26,52,quiz,incongruent,✅,0.0011083524797196346
26,52,commute,incongruent,✅,0.007039012355928606
26,53,migraine,congruent,✅,0.9726951776038847
26,53,excitement,congruent,✅,0.9943219869119219
26,53,migraine,incongruent,✅,0.0008255912109667861
26,53,excitement,incongruent,✅,0.027524254852582003
26,54,niece,congruent,✅,0.8885574136843026
26,54,husband,congruent,✅,0.9777127726171391
26,54,niece,incongruent,✅,0.08813536945794749
26,54,husband,incongruent,✅,0.06245249234704301
26,55,film,congruent,✅,0.9901693114147037
26,55,sunrise,congruent,✅,0.7530555577380644
26,55,film,incongruent,✅,0.0016715666046858862
26,55,sunrise,incongruent,✅,0.057340327263416375
26,56,lecture,congruent,✅,0.9657208157797385
26,56,banquet,congruent,✅,0.8180122914503846
26,56,lecture,incongruent,✅,0.0038528063350568294
26,56,banquet,incongruent,✅,0.0020655855148431707
26,57,drink,congruent,✅,0.9778403843945411
26,57,textbook,congruent,✅,0.9667576034245631
26,57,drink,incongruent,✅,0.07135938191840487
26,57,textbook,incongruent,✅,0.0046317158514251385
26,58,pool,congruent,✅,0.9940130861335467
26,58,snow,congruent,✅,0.5801629128397982
26,58,pool,incongruent,✅,0.0004987032614002295
26,58,snow,incongruent,✅,0.046031435724101566
26,59,passport,congruent,✅,0.8291258467524196
26,59,plushy,congruent,✅,0.9637703849495889
26,59,passport,incongruent,✅,0.07420837819167413
26,59,plushy,incongruent,✅,0.17128700445890255
26,6,patients,congruent,✅,0.9788546634616128
26,6,students,congruent,✅,0.9950930033296652
26,6,patients,incongruent,✅,0.014384068753964412
26,6,students,incongruent,✅,0.02132231317927554
26,60,sister,congruent,✅,0.9540513461712296
26,60,father,congruent,✅,0.9527280758943911
26,60,sister,incongruent,✅,0.07169001729837769
26,60,father,incongruent,✅,0.05558319791590169
26,61,game,congruent,✅,0.9913401329807038
26,61,sunset,congruent,✅,0.9808996376075168
26,61,game,incongruent,✅,0.0267505180615698
26,61,sunset,incongruent,✅,0.04740280938947572
26,62,holidays,congruent,✅,0.975627776668868
26,62,funeral,congruent,✅,0.991312341421335
26,62,holidays,incongruent,✅,0.21114330273425366
26,62,funeral,incongruent,❌,0.5980959407877067
26,63,grades,congruent,✅,0.9750169825302808
26,63,affair,congruent,✅,0.9960884312051479
26,63,grades,incongruent,✅,0.08305685396768851
26,63,affair,incongruent,✅,0.0040575344834611555
26,64,arrest,congruent,✅,0.6165429784798405
26,64,stroke,congruent,✅,0.9631095980516887
26,64,arrest,incongruent,❌,0.5663686584270047
26,64,stroke,incongruent,✅,0.44817340643118597
26,65,pacifier,congruent,✅,0.9863924022210723
26,65,coffee,congruent,✅,0.9913276973069539
26,65,pacifier,incongruent,✅,0.05257740186173376
26,65,coffee,incongruent,✅,0.10666265486193534
26,66,sweets,congruent,✅,0.998531223512028
26,66,sentencing,congruent,✅,0.9964328381417884
26,66,sweets,incongruent,✅,0.0006638321040678712
26,66,sentencing,incongruent,✅,0.003925319696931338
26,67,nap,congruent,✅,0.9968866260818461
26,67,selfie,congruent,✅,0.9980729620270585
26,67,nap,incongruent,✅,0.09712772519949561
26,67,selfie,incongruent,✅,0.0007535277847768413
26,68,diaper,congruent,✅,0.9707586705505851
26,68,tire,congruent,✅,0.9939864685493589
26,68,diaper,incongruent,✅,0.0003941448185373339
26,68,tire,incongruent,✅,0.00030132763511533396
26,69,chemotherapy,congruent,✅,0.9928083935656615
26,69,golf,congruent,✅,0.9435675435193519
26,69,chemotherapy,incongruent,✅,0.001087087552837665
26,69,golf,incongruent,✅,0.31176204579757705
26,7,consensus,congruent,✅,0.6974310742582647
26,7,deadlock,congruent,✅,0.9347871414192008
26,7,consensus,incongruent,✅,0.12672034257069423
26,7,deadlock,incongruent,✅,0.0740418710471965
26,70,thunder,congruent,✅,0.967770880359231
26,70,lullaby,congruent,✅,0.8088050121594339
26,70,thunder,incongruent,✅,0.012006848122290114
26,70,lullaby,incongruent,✅,0.09983608535009197
26,71,pajamas,congruent,✅,0.9885272304327619
26,71,uniform,congruent,✅,0.958259515756218
26,71,pajamas,incongruent,✅,0.02976551709935253
26,71,uniform,incongruent,✅,0.012050466364946102
26,72,gown,congruent,✅,0.9972718180923229
26,72,sweats,congruent,✅,0.9804419768341498
26,72,gown,incongruent,✅,0.012809128527645175
26,72,sweats,incongruent,✅,0.2929799930703838
26,73,deadline,congruent,✅,0.5538524214683181
26,73,bed,congruent,✅,0.9856402262046593
26,73,deadline,incongruent,✅,0.023133092335636474
26,73,bed,incongruent,✅,0.04536856605964787
26,74,kindergarten,congruent,✅,0.9495110301682469
26,74,jail,congruent,✅,0.9910454722579466
26,74,kindergarten,incongruent,✅,0.012627995256558585
26,74,jail,incongruent,✅,0.20388801622299402
26,75,interrogated,congruent,✅,0.9968564700307865
26,75,tickled,congruent,✅,0.9139312978601218
26,75,interrogated,incongruent,✅,0.04667078120977614
26,75,tickled,incongruent,✅,0.04385551395915182
26,76,sandcastle,congruent,✅,0.9859987389367417
26,76,snowman,congruent,✅,0.993542850917227
26,76,sandcastle,incongruent,✅,0.0035908710225653266
26,76,snowman,incongruent,✅,0.0028111215886713007
26,77,music,congruent,✅,0.9985091474305805
26,77,pizza,congruent,✅,0.9994199406759897
26,77,music,incongruent,✅,0.03257134386701564
26,77,pizza,incongruent,✅,0.0007458209726784411
26,78,playoffs,congruent,✅,0.6356227065324035
26,78,cartoon,congruent,✅,0.9928359650898148
26,78,playoffs,incongruent,✅,0.0013270465193093663
26,78,cartoon,incongruent,✅,0.003492844469476837
26,79,alcoholism,congruent,✅,0.9632849646988939
26,79,academics,congruent,✅,0.9774531450675361
26,79,alcoholism,incongruent,✅,0.03795571650021867
26,79,academics,incongruent,✅,0.008416641231338149
26,8,engagement,congruent,✅,0.9146381719925627
26,8,cancer,congruent,❌,0.31933410457440625
26,8,engagement,incongruent,✅,0.112924765326921
26,8,cancer,incongruent,✅,0.3868095437703875
26,9,terminal,congruent,✅,0.981681481259367
26,9,classroom,congruent,✅,0.9892699194680508
26,9,terminal,incongruent,✅,0.0027811073148150717
26,9,classroom,incongruent,✅,0.0035932720832118972
27,0,library,congruent,✅,0.9254951269982579
27,0,refrigerator,congruent,✅,0.6712717245556757
27,0,library,incongruent,✅,0.021070620178456297
27,0,refrigerator,incongruent,✅,0.009484818719583487
27,1,disappointment,congruent,✅,0.8169005766534213
27,1,delight,congruent,✅,0.9820915022196789
27,1,disappointment,incongruent,✅,0.008548354637863936
27,1,delight,incongruent,✅,0.029300892400751778
27,10,cash,congruent,✅,0.9976537527710229
27,10,groceries,congruent,✅,0.9098532623388971
27,10,cash,incongruent,✅,0.18677484744925257
27,10,groceries,incongruent,✅,0.005816002998835516
27,11,lonely,congruent,✅,0.9425476872079375
27,11,confident,congruent,✅,0.9658637532408664
27,11,lonely,incongruent,✅,0.044868119220849684
27,11,confident,incongruent,✅,0.2619131404244831
27,12,joy,congruent,✅,0.9978313712555733
27,12,outrage,congruent,❌,0.241390800538323
27,12,joy,incongruent,✅,0.04460288289561042
27,12,outrage,incongruent,❌,0.9733895627323884
27,13,traffic,congruent,✅,0.9961958622585332
27,13,snowstorm,congruent,✅,0.9957262491050993
27,13,traffic,incongruent,❌,0.9239908242114385
27,13,snowstorm,incongruent,❌,0.9093885184871687
27,14,laughter,congruent,✅,0.9960690225985864
27,14,frustration,congruent,✅,0.993144241122988
27,14,laughter,incongruent,✅,0.013452647637573662
27,14,frustration,incongruent,✅,0.004921542951514784
27,15,calculator,congruent,✅,0.8464039444770252
27,15,instrument,congruent,✅,0.968183205309983
27,15,calculator,incongruent,✅,0.12912339702598152
27,15,instrument,incongruent,❌,0.6415574742057273
27,16,orchestra,congruent,✅,0.872994116468433
27,16,racers,congruent,✅,0.9882958417317786
27,16,orchestra,incongruent,✅,0.02822415902445756
27,16,racers,incongruent,✅,0.0009514284311266034
27,17,retirement,congruent,✅,0.9372381943324064
27,17,playdate,congruent,✅,0.9846764507309858
27,17,retirement,incongruent,✅,0.07453675684216453
27,17,playdate,incongruent,✅,0.00993025222129686
27,18,relieved,congruent,✅,0.8461407621456669
27,18,depressed,congruent,✅,0.8038232246670399
27,18,relieved,incongruent,✅,0.026990177011276217
27,18,depressed,incongruent,✅,0.15643409703648886
27,19,friends,congruent,❌,0.26259887016770045
27,19,weight,congruent,✅,0.8318353987472733
27,19,friends,incongruent,✅,0.11591016347599176
27,19,weight,incongruent,✅,0.01239334317679025
27,2,overcoat,congruent,✅,0.8992363424425535
27,2,sandals,congruent,✅,0.7751070949859269
27,2,overcoat,incongruent,✅,0.06436164652532594
27,2,sandals,incongruent,✅,0.01941343277485199
27,20,lipstick,congruent,✅,0.8990967951368819
27,20,song,congruent,✅,0.9567042746468102
27,20,lipstick,incongruent,✅,0.3383823324506641
27,20,song,incongruent,✅,0.07214274437492273
27,21,fought,congruent,✅,0.9852247893929875
27,21,sang,congruent,✅,0.604258847501358
27,21,fought,incongruent,✅,0.005837846216973622
27,21,sang,incongruent,✅,0.05987373927555612
27,22,skeptical,congruent,✅,0.9148823980869292
27,22,reassured,congruent,✅,0.8287477246788606
27,22,skeptical,incongruent,✅,0.17098705142072856
27,22,reassured,incongruent,✅,0.15325918414649142
27,23,graduation,congruent,✅,0.997421089969971
27,23,operation,congruent,✅,0.7031155012358392
27,23,graduation,incongruent,✅,0.019180409321368323
27,23,operation,incongruent,✅,0.045318628570783226
27,24,bride,congruent,✅,0.9626445424876351
27,24,aftermath,congruent,✅,0.9965285575942399
27,24,bride,incongruent,✅,0.05349932549104207
27,24,aftermath,incongruent,✅,0.0030381476744281203
27,25,teacher,congruent,✅,0.9961580942749437
27,25,daughter,congruent,✅,0.9870856675203507
27,25,teacher,incongruent,✅,0.00965926725775202
27,25,daughter,incongruent,✅,0.07097891399754025
27,26,roommate,congruent,✅,0.9468585954763763
27,26,grandma,congruent,✅,0.9928017304901644
27,26,roommate,incongruent,✅,0.08851894350804546
27,26,grandma,incongruent,✅,0.013395312862515753
27,27,brother,congruent,✅,0.9483596399714462
27,27,mother,congruent,✅,0.9817898318453141
27,27,brother,incongruent,✅,0.010575132758376205
27,27,mother,incongruent,✅,0.005098997670006187
27,28,preschool,congruent,✅,0.6948171388692002
27,28,prison,congruent,✅,0.9477790526644454
27,28,preschool,incongruent,✅,0.0013259403223404881
27,28,prison,incongruent,✅,0.0038457146691750687
27,29,hopeful,congruent,✅,0.5379835160300559
27,29,hopeless,congruent,✅,0.9054626315011686
27,29,hopeful,incongruent,✅,0.11858672696215437
27,29,hopeless,incongruent,✅,0.01831306953400568
27,3,marathon,congruent,✅,0.9334548340924846
27,3,exam,congruent,✅,0.949774605049341
27,3,marathon,incongruent,✅,0.05607755135836345
27,3,exam,incongruent,✅,0.03785140748290951
27,30,appalled,congruent,✅,0.7773071285423834
27,30,overjoyed,congruent,✅,0.9267167311427416
27,30,appalled,incongruent,✅,0.07019512087471964
27,30,overjoyed,incongruent,✅,0.1576141308515375
27,31,reprimand,congruent,✅,0.9853960643750416
27,31,encouragement,congruent,✅,0.9939116517052281
27,31,reprimand,incongruent,✅,0.025115201093680723
27,31,encouragement,incongruent,✅,0.020520673568077595
27,32,angrily,congruent,✅,0.998323791366351
27,32,cordially,congruent,✅,0.9579108978690287
27,32,angrily,incongruent,✅,0.013509896790440233
27,32,cordially,incongruent,✅,0.010556124488880901
27,33,accusatory,congruent,✅,0.9938134325257795
27,33,flirtatious,congruent,✅,0.9673745987137549
27,33,accusatory,incongruent,✅,0.050374453980588166
27,33,flirtatious,incongruent,❌,0.5310059529657115
27,34,disapprovingly,congruent,✅,0.983732009039207
27,34,lovingly,congruent,✅,0.6083848441468048
27,34,disapprovingly,incongruent,✅,0.028606034324237296
27,34,lovingly,incongruent,✅,0.3699683556630969
27,35,playful,congruent,✅,0.9527613930941845
27,35,distant,congruent,✅,0.9281329021396191
27,35,playful,incongruent,✅,0.3352654900173361
27,35,distant,incongruent,✅,0.0570963878334575
27,36,headphones,congruent,✅,0.8173741946094785
27,36,mangoes,congruent,✅,0.7008469914618779
27,36,headphones,incongruent,✅,0.07687546934413313
27,36,mangoes,incongruent,✅,0.0612303398095688
27,37,playroom,congruent,✅,0.9923162772247404
27,37,park,congruent,✅,0.995336488814952
27,37,playroom,incongruent,✅,0.03515900821870833
27,37,park,incongruent,✅,0.02079548754030332
27,38,bedroom,congruent,✅,0.9951488965758771
27,38,backyard,congruent,✅,0.9949650255493933
27,38,bedroom,incongruent,✅,0.016010869403617713
27,38,backyard,incongruent,✅,0.0030332684835437935
27,39,solemnly,congruent,✅,0.9173287905474059
27,39,excitedly,congruent,✅,0.808016701099111
27,39,solemnly,incongruent,✅,0.020284218069672906
27,39,excitedly,incongruent,✅,0.12006829469348564
27,4,menu,congruent,✅,0.8628305351398282
27,4,prescription,congruent,✅,0.9925250668551118
27,4,menu,incongruent,✅,0.14150238654477104
27,4,prescription,incongruent,✅,0.04191713503037955
27,40,car,congruent,✅,0.8350854272819487
27,40,sock,congruent,✅,0.8092492834342955
27,40,car,incongruent,✅,0.18205080446291327
27,40,sock,incongruent,✅,0.03233824298056851
27,41,overdressed,congruent,✅,0.8487869430835627
27,41,naked,congruent,✅,0.5843336660514007
27,41,overdressed,incongruent,✅,0.01508590922958812
27,41,naked,incongruent,✅,0.14907764500324502
27,42,shy,congruent,✅,0.9225081543754966
27,42,lively,congruent,✅,0.973309069856438
27,42,shy,incongruent,✅,0.04005074192101519
27,42,lively,incongruent,✅,0.028954807126188597
27,43,offended,congruent,✅,0.9576757038018414
27,43,flattered,congruent,✅,0.9556803448426993
27,43,offended,incongruent,✅,0.09635100322797165
27,43,flattered,incongruent,✅,0.4458334339916159
27,44,grandkid,congruent,✅,0.9787071785567111
27,44,cellmate,congruent,✅,0.9521020970096139
27,44,grandkid,incongruent,✅,0.019099864994961167
27,44,cellmate,incongruent,✅,0.14224201135714812
27,45,promoted,congruent,✅,0.990770956374763
27,45,fired,congruent,✅,0.9989655048430788
27,45,promoted,incongruent,✅,0.09586841561954935
27,45,fired,incongruent,✅,0.00804185030862272
27,46,shooting,congruent,❌,0.2565377955605634
27,46,celebration,congruent,❌,0.05031358389327573
27,46,shooting,incongruent,✅,0.0168293024020234
27,46,celebration,incongruent,✅,0.03245434663789882
27,47,crayon,congruent,✅,0.5901699310518629
27,47,beer,congruent,✅,0.979625593660111
27,47,crayon,incongruent,✅,0.005506134611619998
27,47,beer,incongruent,✅,0.030486600109223834
27,48,waiter,congruent,✅,0.9846995788664867
27,48,taxi,congruent,✅,0.9881871041804903
27,48,waiter,incongruent,✅,0.06566996248525597
27,48,taxi,incongruent,✅,0.23868050561566564
27,49,parents,congruent,✅,0.9885132233951556
27,49,keys,congruent,✅,0.9843981667841643
27,49,parents,incongruent,✅,0.1157618807912271
27,49,keys,incongruent,✅,0.030527198726854856
27,5,distress,congruent,✅,0.9571300669173319
27,5,tranquility,congruent,✅,0.9390348168741568
27,5,distress,incongruent,✅,0.004749476869070592
27,5,tranquility,incongruent,✅,0.15676021104324675
27,50,sofa,congruent,✅,0.9980230794874199
27,50,sky,congruent,✅,0.9885298976402997
27,50,sofa,incongruent,✅,0.33572281167112555
27,50,sky,incongruent,❌,0.516849402656198
27,51,obesity,congruent,❌,0.315248045416128
27,51,homework,congruent,✅,0.9866039659172975
27,51,obesity,incongruent,✅,0.007931427494212061
27,51,homework,incongruent,✅,0.06595177396132566
27,52,quiz,congruent,✅,0.9637702357516863
27,52,commute,congruent,✅,0.9794362543960434
27,52,quiz,incongruent,✅,0.0030024912079616877
27,52,commute,incongruent,✅,0.012866118816223786
27,53,migraine,congruent,✅,0.9782872378538091
27,53,excitement,congruent,✅,0.9903624038469262
27,53,migraine,incongruent,✅,0.0010010539766496709
27,53,excitement,incongruent,✅,0.0812453491256796
27,54,niece,congruent,✅,0.887973784103489
27,54,husband,congruent,✅,0.9767494051378479
27,54,niece,incongruent,✅,0.15824592349739594
27,54,husband,incongruent,✅,0.07016247910056642
27,55,film,congruent,✅,0.9855169483637818
27,55,sunrise,congruent,✅,0.8241633997722603
27,55,film,incongruent,✅,0.0031612533743012685
27,55,sunrise,incongruent,✅,0.053568798600423885
27,56,lecture,congruent,✅,0.9495216764871309
27,56,banquet,congruent,✅,0.7453010790567917
27,56,lecture,incongruent,✅,0.004124458932826171
27,56,banquet,incongruent,✅,0.002016583580416942
27,57,drink,congruent,✅,0.9765392883610033
27,57,textbook,congruent,✅,0.9634427127963735
27,57,drink,incongruent,✅,0.07085448959357256
27,57,textbook,incongruent,✅,0.006661442501424941
27,58,pool,congruent,✅,0.9869979612689375
27,58,snow,congruent,✅,0.6829572592437161
27,58,pool,incongruent,✅,0.0017670919102887514
27,58,snow,incongruent,✅,0.04703113141987005
27,59,passport,congruent,✅,0.7742604911396898
27,59,plushy,congruent,✅,0.9405353259047983
27,59,passport,incongruent,✅,0.07745207430842121
27,59,plushy,incongruent,✅,0.11748386008725072
27,6,patients,congruent,✅,0.9850322396375554
27,6,students,congruent,✅,0.995448833598687
27,6,patients,incongruent,✅,0.03974973690118841
27,6,students,incongruent,✅,0.04023866687396384
27,60,sister,congruent,✅,0.965431440966536
27,60,father,congruent,✅,0.955120879649955
27,60,sister,incongruent,✅,0.09434777363508853
27,60,father,incongruent,✅,0.09093184235980405
27,61,game,congruent,✅,0.9875798540670678
27,61,sunset,congruent,✅,0.9593792186578739
27,61,game,incongruent,✅,0.0250859906400657
27,61,sunset,incongruent,✅,0.03972520269816943
27,62,holidays,congruent,✅,0.9641525559078525
27,62,funeral,congruent,✅,0.9780101392178112
27,62,holidays,incongruent,✅,0.206208294536742
27,62,funeral,incongruent,✅,0.47319836828400696
27,63,grades,congruent,✅,0.9779702317781389
27,63,affair,congruent,✅,0.9915638877484
27,63,grades,incongruent,✅,0.061500674310994485
27,63,affair,incongruent,✅,0.007315443941890613
27,64,arrest,congruent,✅,0.584807449031904
27,64,stroke,congruent,✅,0.9184331198818259
27,64,arrest,incongruent,✅,0.4705107527937746
27,64,stroke,incongruent,✅,0.3753045708318255
27,65,pacifier,congruent,✅,0.9837803727930858
27,65,coffee,congruent,✅,0.9790411271895987
27,65,pacifier,incongruent,✅,0.025164353306366734
27,65,coffee,incongruent,✅,0.1438441163779983
27,66,sweets,congruent,✅,0.9983320789889222
27,66,sentencing,congruent,✅,0.993834503650154
27,66,sweets,incongruent,✅,0.0008339236071592692
27,66,sentencing,incongruent,✅,0.0066978939719807545
27,67,nap,congruent,✅,0.9972706482302781
27,67,selfie,congruent,✅,0.9964975107392606
27,67,nap,incongruent,✅,0.0763564471966063
27,67,selfie,incongruent,✅,0.0021099339390980012
27,68,diaper,congruent,✅,0.9709101676853649
27,68,tire,congruent,✅,0.9906109701595082
27,68,diaper,incongruent,✅,0.00032800433019075783
27,68,tire,incongruent,✅,0.0004393013241144737
27,69,chemotherapy,congruent,✅,0.990892915818016
27,69,golf,congruent,✅,0.9549973698070164
27,69,chemotherapy,incongruent,✅,0.0013271521617138542
27,69,golf,incongruent,✅,0.2738309589862362
27,7,consensus,congruent,✅,0.6363161408899908
27,7,deadlock,congruent,✅,0.8968154486074292
27,7,consensus,incongruent,✅,0.11660206535422507
27,7,deadlock,incongruent,✅,0.08173834452081084
27,70,thunder,congruent,✅,0.9664888525540009
27,70,lullaby,congruent,✅,0.865734324488999
27,70,thunder,incongruent,✅,0.020381167467333653
27,70,lullaby,incongruent,✅,0.13745795969927127
27,71,pajamas,congruent,✅,0.9835043069054419
27,71,uniform,congruent,✅,0.9332946987155079
27,71,pajamas,incongruent,✅,0.041496574245448094
27,71,uniform,incongruent,✅,0.01669358577967501
27,72,gown,congruent,✅,0.9961763236845447
27,72,sweats,congruent,✅,0.979745618218648
27,72,gown,incongruent,✅,0.024906476607739307
27,72,sweats,incongruent,✅,0.19175080212185758
27,73,deadline,congruent,✅,0.5735758779902268
27,73,bed,congruent,✅,0.9779568026536778
27,73,deadline,incongruent,✅,0.018277543868506524
27,73,bed,incongruent,✅,0.05385199370966246
27,74,kindergarten,congruent,✅,0.9358974270929183
27,74,jail,congruent,✅,0.9901643036071895
27,74,kindergarten,incongruent,✅,0.01813011755937978
27,74,jail,incongruent,✅,0.23177634527456287
27,75,interrogated,congruent,✅,0.994677692958238
27,75,tickled,congruent,✅,0.9012680272926076
27,75,interrogated,incongruent,✅,0.02214709578930552
27,75,tickled,incongruent,✅,0.04017687146403385
27,76,sandcastle,congruent,✅,0.962018039683609
27,76,snowman,congruent,✅,0.99175373889515
27,76,sandcastle,incongruent,✅,0.006889045760838235
27,76,snowman,incongruent,✅,0.0024440404172669746
27,77,music,congruent,✅,0.9983291017147637
27,77,pizza,congruent,✅,0.999369661374529
27,77,music,incongruent,✅,0.053207680159104424
27,77,pizza,incongruent,✅,0.0014772541448957717
27,78,playoffs,congruent,✅,0.7218789600244844
27,78,cartoon,congruent,✅,0.9874642243309906
27,78,playoffs,incongruent,✅,0.0012456298198054044
27,78,cartoon,incongruent,✅,0.006843830078582215
27,79,alcoholism,congruent,✅,0.9652250460002318
27,79,academics,congruent,✅,0.9772763482092249
27,79,alcoholism,incongruent,✅,0.052564799397175926
27,79,academics,incongruent,✅,0.013895876384865351
27,8,engagement,congruent,✅,0.9176564517762598
27,8,cancer,congruent,❌,0.31677773843039897
27,8,engagement,incongruent,✅,0.09713334581997712
27,8,cancer,incongruent,✅,0.4976840533569407
27,9,terminal,congruent,✅,0.9914783504188363
27,9,classroom,congruent,✅,0.9892993504500215
27,9,terminal,incongruent,✅,0.005607717223222203
27,9,classroom,incongruent,✅,0.011719623025468884
28,0,library,congruent,✅,0.8757433477841361
28,0,refrigerator,congruent,✅,0.6875153393328638
28,0,library,incongruent,✅,0.032729502190785686
28,0,refrigerator,incongruent,✅,0.012648935344798846
28,1,disappointment,congruent,✅,0.7811845136495623
28,1,delight,congruent,✅,0.9723260076057088
28,1,disappointment,incongruent,✅,0.01459902534808011
28,1,delight,incongruent,✅,0.03505289932328708
28,10,cash,congruent,✅,0.9975271697531108
28,10,groceries,congruent,✅,0.8283549899641625
28,10,cash,incongruent,✅,0.08243415817615277
28,10,groceries,incongruent,✅,0.007372335035608986
28,11,lonely,congruent,✅,0.9399168687835592
28,11,confident,congruent,✅,0.9291111005428481
28,11,lonely,incongruent,✅,0.033113448073879656
28,11,confident,incongruent,✅,0.3094186383316917
28,12,joy,congruent,✅,0.9974449093298581
28,12,outrage,congruent,❌,0.3279112955607667
28,12,joy,incongruent,✅,0.06961327935090188
28,12,outrage,incongruent,❌,0.9739510318432361
28,13,traffic,congruent,✅,0.9933993396083262
28,13,snowstorm,congruent,✅,0.9973814623974825
28,13,traffic,incongruent,❌,0.9580229916427703
28,13,snowstorm,incongruent,❌,0.866381558404178
28,14,laughter,congruent,✅,0.9918372743746983
28,14,frustration,congruent,✅,0.9846797522959263
28,14,laughter,incongruent,✅,0.012164027805879577
28,14,frustration,incongruent,✅,0.005513246544432121
28,15,calculator,congruent,✅,0.8820288243478932
28,15,instrument,congruent,✅,0.9661644474904085
28,15,calculator,incongruent,✅,0.14794418107922253
28,15,instrument,incongruent,❌,0.7252744733666632
28,16,orchestra,congruent,✅,0.8413679670637555
28,16,racers,congruent,✅,0.9823223197563277
28,16,orchestra,incongruent,✅,0.037210258639523264
28,16,racers,incongruent,✅,0.00194533852548556
28,17,retirement,congruent,✅,0.9341977882694672
28,17,playdate,congruent,✅,0.9847919028082145
28,17,retirement,incongruent,✅,0.12387311007638231
28,17,playdate,incongruent,✅,0.019768197229677598
28,18,relieved,congruent,✅,0.7717545697740689
28,18,depressed,congruent,✅,0.8295102149168678
28,18,relieved,incongruent,✅,0.04504558747586134
28,18,depressed,incongruent,✅,0.12182714456003924
28,19,friends,congruent,❌,0.20837726618879082
28,19,weight,congruent,✅,0.8518492739852747
28,19,friends,incongruent,✅,0.22122966062415328
28,19,weight,incongruent,✅,0.0130778665659307
28,2,overcoat,congruent,✅,0.8633928008038982
28,2,sandals,congruent,✅,0.767286276668796
28,2,overcoat,incongruent,✅,0.08120146413888434
28,2,sandals,incongruent,✅,0.017162754272835475
28,20,lipstick,congruent,✅,0.8864885073883974
28,20,song,congruent,✅,0.9554927803805453
28,20,lipstick,incongruent,✅,0.40254453758666753
28,20,song,incongruent,✅,0.10882428238640456
28,21,fought,congruent,✅,0.9804746333016098
28,21,sang,congruent,✅,0.6081095688896418
28,21,fought,incongruent,✅,0.01950128147146322
28,21,sang,incongruent,✅,0.08337538980377261
28,22,skeptical,congruent,✅,0.9381058514026368
28,22,reassured,congruent,✅,0.8597559583105473
28,22,skeptical,incongruent,✅,0.21516325036996026
28,22,reassured,incongruent,✅,0.2138539772826635
28,23,graduation,congruent,✅,0.9967852780968867
28,23,operation,congruent,✅,0.5909883318688934
28,23,graduation,incongruent,✅,0.021203461164332648
28,23,operation,incongruent,✅,0.07008712522208387
28,24,bride,congruent,✅,0.970432429073511
28,24,aftermath,congruent,✅,0.9948119036209028
28,24,bride,incongruent,✅,0.05517294074630553
28,24,aftermath,incongruent,✅,0.005572130710329761
28,25,teacher,congruent,✅,0.9956647078507648
28,25,daughter,congruent,✅,0.9843651531960439
28,25,teacher,incongruent,✅,0.009344876541048007
28,25,daughter,incongruent,✅,0.10091963712092358
28,26,roommate,congruent,✅,0.9306024814165176
28,26,grandma,congruent,✅,0.9843138800801339
28,26,roommate,incongruent,✅,0.06703866657139432
28,26,grandma,incongruent,✅,0.014221675770234815
28,27,brother,congruent,✅,0.9223918682710349
28,27,mother,congruent,✅,0.9727116008894767
28,27,brother,incongruent,✅,0.011337924105826394
28,27,mother,incongruent,✅,0.007872261362982833
28,28,preschool,congruent,✅,0.5424567362372152
28,28,prison,congruent,✅,0.9118020457165981
28,28,preschool,incongruent,✅,0.002083982861087208
28,28,prison,incongruent,✅,0.004959569611496263
28,29,hopeful,congruent,✅,0.5184173530734674
28,29,hopeless,congruent,✅,0.9120040455608949
28,29,hopeful,incongruent,✅,0.15416697329887413
28,29,hopeless,incongruent,✅,0.021279923700102524
28,3,marathon,congruent,✅,0.8653248083486623
28,3,exam,congruent,✅,0.9497629750414167
28,3,marathon,incongruent,✅,0.08892958545543825
28,3,exam,incongruent,✅,0.0200347530706587
28,30,appalled,congruent,✅,0.7091489181748236
28,30,overjoyed,congruent,✅,0.9029855728551084
28,30,appalled,incongruent,✅,0.06528344865245293
28,30,overjoyed,incongruent,✅,0.13361207254781687
28,31,reprimand,congruent,✅,0.9770245474815148
28,31,encouragement,congruent,✅,0.9942444721749423
28,31,reprimand,incongruent,✅,0.046003038941842794
28,31,encouragement,incongruent,✅,0.03836116898944417
28,32,angrily,congruent,✅,0.9978332303677971
28,32,cordially,congruent,✅,0.9385976083368732
28,32,angrily,incongruent,✅,0.01759709862447934
28,32,cordially,incongruent,✅,0.02509915827645562
28,33,accusatory,congruent,✅,0.9876244726165272
28,33,flirtatious,congruent,✅,0.9520047724651315
28,33,accusatory,incongruent,✅,0.06604064461061104
28,33,flirtatious,incongruent,✅,0.49405679857450396
28,34,disapprovingly,congruent,✅,0.9617429399298757
28,34,lovingly,congruent,❌,0.4995527000028235
28,34,disapprovingly,incongruent,✅,0.027750644842429215
28,34,lovingly,incongruent,✅,0.2870043872505635
28,35,playful,congruent,✅,0.9187857709338402
28,35,distant,congruent,✅,0.8903705686511129
28,35,playful,incongruent,✅,0.27672698505919274
28,35,distant,incongruent,✅,0.03861292410361496
28,36,headphones,congruent,✅,0.7049554236659226
28,36,mangoes,congruent,✅,0.6873112770080421
28,36,headphones,incongruent,✅,0.09773804338205781
28,36,mangoes,incongruent,✅,0.049082961399765784
28,37,playroom,congruent,✅,0.9847086479151427
28,37,park,congruent,✅,0.9936114004644894
28,37,playroom,incongruent,✅,0.03432886208354467
28,37,park,incongruent,✅,0.02666185234542922
28,38,bedroom,congruent,✅,0.9917551462099896
28,38,backyard,congruent,✅,0.9903056625147022
28,38,bedroom,incongruent,✅,0.013298053661715705
28,38,backyard,incongruent,✅,0.004901801146987681
28,39,solemnly,congruent,✅,0.8899402700403864
28,39,excitedly,congruent,✅,0.7549269842659052
28,39,solemnly,incongruent,✅,0.029096989833668922
28,39,excitedly,incongruent,✅,0.1589287448017218
28,4,menu,congruent,✅,0.841298089183975
28,4,prescription,congruent,✅,0.9911134567602513
28,4,menu,incongruent,✅,0.17700492507589097
28,4,prescription,incongruent,✅,0.044540364109060294
28,40,car,congruent,✅,0.885882751917148
28,40,sock,congruent,✅,0.7036375333247055
28,40,car,incongruent,✅,0.1207944501900372
28,40,sock,incongruent,✅,0.041767041437983925
28,41,overdressed,congruent,✅,0.8013140226238351
28,41,naked,congruent,✅,0.6551458418539572
28,41,overdressed,incongruent,✅,0.029075267498319846
28,41,naked,incongruent,✅,0.13159902063948872
28,42,shy,congruent,✅,0.8474086652421395
28,42,lively,congruent,✅,0.9746428213945857
28,42,shy,incongruent,✅,0.0835378234913805
28,42,lively,incongruent,✅,0.021365962119267223
28,43,offended,congruent,✅,0.9412340301003367
28,43,flattered,congruent,✅,0.9321354447392823
28,43,offended,incongruent,✅,0.06949993860132063
28,43,flattered,incongruent,✅,0.45908782492096156
28,44,grandkid,congruent,✅,0.9702054876448306
28,44,cellmate,congruent,✅,0.965188532263904
28,44,grandkid,incongruent,✅,0.05138407456436368
28,44,cellmate,incongruent,✅,0.14290947374690927
28,45,promoted,congruent,✅,0.9883883810545396
28,45,fired,congruent,✅,0.9976355717834783
28,45,promoted,incongruent,✅,0.05965335060850135
28,45,fired,incongruent,✅,0.012351378739846474
28,46,shooting,congruent,❌,0.28139277084299785
28,46,celebration,congruent,❌,0.042789939604934726
28,46,shooting,incongruent,✅,0.01824367790870923
28,46,celebration,incongruent,✅,0.03865768312246427
28,47,crayon,congruent,✅,0.6504814587339013
28,47,beer,congruent,✅,0.9714439928242855
28,47,crayon,incongruent,✅,0.009746430694629092
28,47,beer,incongruent,✅,0.041915070467555604
28,48,waiter,congruent,✅,0.9912005073114621
28,48,taxi,congruent,✅,0.990069907559518
28,48,waiter,incongruent,✅,0.09790546695402907
28,48,taxi,incongruent,✅,0.272608118847222
28,49,parents,congruent,✅,0.9884325149939355
28,49,keys,congruent,✅,0.9783728331890547
28,49,parents,incongruent,✅,0.09300927310751228
28,49,keys,incongruent,✅,0.03239306829340967
28,5,distress,congruent,✅,0.9332144523541845
28,5,tranquility,congruent,✅,0.9267195330660065
28,5,distress,incongruent,✅,0.009267943302762009
28,5,tranquility,incongruent,✅,0.11921399676462023
28,50,sofa,congruent,✅,0.9981919974496584
28,50,sky,congruent,✅,0.9865806135762901
28,50,sofa,incongruent,✅,0.32723270619010913
28,50,sky,incongruent,❌,0.6271216203660778
28,51,obesity,congruent,❌,0.3831821557675563
28,51,homework,congruent,✅,0.9854327780590245
28,51,obesity,incongruent,✅,0.02118637591856556
28,51,homework,incongruent,✅,0.09197750545477518
28,52,quiz,congruent,✅,0.95585314255376
28,52,commute,congruent,✅,0.9686224998767985
28,52,quiz,incongruent,✅,0.0047353009956829124
28,52,commute,incongruent,✅,0.016148264182117195
28,53,migraine,congruent,✅,0.9762204100404024
28,53,excitement,congruent,✅,0.9863527792779614
28,53,migraine,incongruent,✅,0.0011320030203215345
28,53,excitement,incongruent,✅,0.12122481775161609
28,54,niece,congruent,✅,0.8869959893937495
28,54,husband,congruent,✅,0.982756125566993
28,54,niece,incongruent,✅,0.27708467150218175
28,54,husband,incongruent,✅,0.09116352632062856
28,55,film,congruent,✅,0.9850809811684001
28,55,sunrise,congruent,✅,0.6961148576495622
28,55,film,incongruent,✅,0.004258973192556452
28,55,sunrise,incongruent,✅,0.04818639208871026
28,56,lecture,congruent,✅,0.9650111187963408
28,56,banquet,congruent,✅,0.7102035216945842
28,56,lecture,incongruent,✅,0.006874648081325153
28,56,banquet,incongruent,✅,0.0035860513070510593
28,57,drink,congruent,✅,0.9799051119537061
28,57,textbook,congruent,✅,0.9430701609552504
28,57,drink,incongruent,✅,0.06849582284261607
28,57,textbook,incongruent,✅,0.012031274414726133
28,58,pool,congruent,✅,0.9882794427517118
28,58,snow,congruent,✅,0.5704704060444244
28,58,pool,incongruent,✅,0.0027176336308852404
28,58,snow,incongruent,✅,0.07178098616471824
28,59,passport,congruent,✅,0.8211093066616562
28,59,plushy,congruent,✅,0.9229215899094677
28,59,passport,incongruent,✅,0.08598244569447125
28,59,plushy,incongruent,✅,0.15218420360414514
28,6,patients,congruent,✅,0.9850671940325954
28,6,students,congruent,✅,0.9966683619569009
28,6,patients,incongruent,✅,0.07096657805097985
28,6,students,incongruent,✅,0.047253451900734635
28,60,sister,congruent,✅,0.9373308058567256
28,60,father,congruent,✅,0.942185924571178
28,60,sister,incongruent,✅,0.08482002412016923
28,60,father,incongruent,✅,0.08950505192215996
28,61,game,congruent,✅,0.9805586719440732
28,61,sunset,congruent,✅,0.9159586309193627
28,61,game,incongruent,✅,0.024871659992012258
28,61,sunset,incongruent,✅,0.030050768453557683
28,62,holidays,congruent,✅,0.9757304818059447
28,62,funeral,congruent,✅,0.9721779866602045
28,62,holidays,incongruent,✅,0.26925830073311224
28,62,funeral,incongruent,❌,0.682093459715822
28,63,grades,congruent,✅,0.935184164785081
28,63,affair,congruent,✅,0.9878088572928069
28,63,grades,incongruent,✅,0.06501629194681294
28,63,affair,incongruent,✅,0.00444897382770242
28,64,arrest,congruent,❌,0.4580776640790707
28,64,stroke,congruent,✅,0.8014805838895712
28,64,arrest,incongruent,✅,0.2820757638588628
28,64,stroke,incongruent,✅,0.3025436780488386
28,65,pacifier,congruent,✅,0.980859236645278
28,65,coffee,congruent,✅,0.9723339175274585
28,65,pacifier,incongruent,✅,0.029706599132480256
28,65,coffee,incongruent,✅,0.16599762301395243
28,66,sweets,congruent,✅,0.9976064624117494
28,66,sentencing,congruent,✅,0.9904170081112802
28,66,sweets,incongruent,✅,0.001851443258529553
28,66,sentencing,incongruent,✅,0.014600844333610766
28,67,nap,congruent,✅,0.9949392702664883
28,67,selfie,congruent,✅,0.9925222844877486
28,67,nap,incongruent,✅,0.04672507074295816
28,67,selfie,incongruent,✅,0.002401867936228412
28,68,diaper,congruent,✅,0.9653757213527794
28,68,tire,congruent,✅,0.9907405675997095
28,68,diaper,incongruent,✅,0.0005463556764162103
28,68,tire,incongruent,✅,0.0006763416875197439
28,69,chemotherapy,congruent,✅,0.9921297781660114
28,69,golf,congruent,✅,0.9652523961158138
28,69,chemotherapy,incongruent,✅,0.0030859779667548946
28,69,golf,incongruent,✅,0.4538471982766972
28,7,consensus,congruent,✅,0.6122679345639052
28,7,deadlock,congruent,✅,0.817869255256384
28,7,consensus,incongruent,✅,0.08804609016216224
28,7,deadlock,incongruent,✅,0.08994887827322738
28,70,thunder,congruent,✅,0.9538256161971442
28,70,lullaby,congruent,✅,0.8207950222740473
28,70,thunder,incongruent,✅,0.02219217699382065
28,70,lullaby,incongruent,✅,0.1376594971862771
28,71,pajamas,congruent,✅,0.9827048088039576
28,71,uniform,congruent,✅,0.9046305380854112
28,71,pajamas,incongruent,✅,0.033811311914916646
28,71,uniform,incongruent,✅,0.023831851775848723
28,72,gown,congruent,✅,0.9915577596283247
28,72,sweats,congruent,✅,0.9846601573130032
28,72,gown,incongruent,✅,0.07342317139584871
28,72,sweats,incongruent,✅,0.14330527446466426
28,73,deadline,congruent,❌,0.4876703438862792
28,73,bed,congruent,✅,0.962379792467799
28,73,deadline,incongruent,✅,0.0206781285757025
28,73,bed,incongruent,✅,0.04751807458557632
28,74,kindergarten,congruent,✅,0.9475691037909313
28,74,jail,congruent,✅,0.9814740745167214
28,74,kindergarten,incongruent,✅,0.016838024065988527
28,74,jail,incongruent,✅,0.33125865019986406
28,75,interrogated,congruent,✅,0.9926197585859217
28,75,tickled,congruent,✅,0.9339598416167617
28,75,interrogated,incongruent,✅,0.04318471732706193
28,75,tickled,incongruent,✅,0.03442063989854197
28,76,sandcastle,congruent,✅,0.9729707121343923
28,76,snowman,congruent,✅,0.9852233043713665
28,76,sandcastle,incongruent,✅,0.009258929625356897
28,76,snowman,incongruent,✅,0.009067217834308304
28,77,music,congruent,✅,0.9986248941393557
28,77,pizza,congruent,✅,0.9994842100228918
28,77,music,incongruent,✅,0.07324461600482339
28,77,pizza,incongruent,✅,0.0036583692524476325
28,78,playoffs,congruent,✅,0.7194566814244134
28,78,cartoon,congruent,✅,0.9817626867887355
28,78,playoffs,incongruent,✅,0.002458608663749176
28,78,cartoon,incongruent,✅,0.011916079728499038
28,79,alcoholism,congruent,✅,0.9436315453760076
28,79,academics,congruent,✅,0.954374535204004
28,79,alcoholism,incongruent,✅,0.04721663922435909
28,79,academics,incongruent,✅,0.01842111095221194
28,8,engagement,congruent,✅,0.9277975168802899
28,8,cancer,congruent,❌,0.23970831609095333
28,8,engagement,incongruent,✅,0.06481723113296384
28,8,cancer,incongruent,❌,0.5534556694153409
28,9,terminal,congruent,✅,0.9850661158834084
28,9,classroom,congruent,✅,0.987618408189179
28,9,terminal,incongruent,✅,0.0101525596317277
28,9,classroom,incongruent,✅,0.013989534991492495
29,0,library,congruent,✅,0.8894332094310319
29,0,refrigerator,congruent,✅,0.5576747714143622
29,0,library,incongruent,✅,0.01952298219808492
29,0,refrigerator,incongruent,✅,0.0170133875413522
29,1,disappointment,congruent,✅,0.7851508447124437
29,1,delight,congruent,✅,0.9748003521542189
29,1,disappointment,incongruent,✅,0.023766099071688432
29,1,delight,incongruent,✅,0.07207337818524066
29,10,cash,congruent,✅,0.9980712941992209
29,10,groceries,congruent,✅,0.8525635324154844
29,10,cash,incongruent,✅,0.1258929351185612
29,10,groceries,incongruent,✅,0.025643424261357472
29,11,lonely,congruent,✅,0.9252510584724243
29,11,confident,congruent,✅,0.8574866870489194
29,11,lonely,incongruent,✅,0.025095422558046462
29,11,confident,incongruent,✅,0.29742699345769963
29,12,joy,congruent,✅,0.9940072820544533
29,12,outrage,congruent,❌,0.24054032540638648
29,12,joy,incongruent,✅,0.060329896504865636
29,12,outrage,incongruent,❌,0.9517882008833998
29,13,traffic,congruent,✅,0.9940920829990623
29,13,snowstorm,congruent,✅,0.9959244270337225
29,13,traffic,incongruent,❌,0.9403035572108022
29,13,snowstorm,incongruent,❌,0.8856100912946286
29,14,laughter,congruent,✅,0.9932736131922086
29,14,frustration,congruent,✅,0.9847066063630043
29,14,laughter,incongruent,✅,0.023033656855079198
29,14,frustration,incongruent,✅,0.009634730702417129
29,15,calculator,congruent,✅,0.9052934917691129
29,15,instrument,congruent,✅,0.9673870916906778
29,15,calculator,incongruent,✅,0.19634702307095347
29,15,instrument,incongruent,❌,0.7975072166037385
29,16,orchestra,congruent,✅,0.8269193947073773
29,16,racers,congruent,✅,0.9831008822250099
29,16,orchestra,incongruent,✅,0.048171417182282544
29,16,racers,incongruent,✅,0.0026722531898098188
29,17,retirement,congruent,✅,0.9165255730033144
29,17,playdate,congruent,✅,0.9642523944882349
29,17,retirement,incongruent,✅,0.08293286967975462
29,17,playdate,incongruent,✅,0.021189870702441712
29,18,relieved,congruent,✅,0.8076207476934613
29,18,depressed,congruent,✅,0.792931177669236
29,18,relieved,incongruent,✅,0.035869061635422174
29,18,depressed,incongruent,✅,0.18912449362928574
29,19,friends,congruent,❌,0.18104456938403282
29,19,weight,congruent,✅,0.8620324644889561
29,19,friends,incongruent,✅,0.2682366353652022
29,19,weight,incongruent,✅,0.01259530301933585
29,2,overcoat,congruent,✅,0.883802683107219
29,2,sandals,congruent,✅,0.7107801836735747
29,2,overcoat,incongruent,✅,0.07264842361685393
29,2,sandals,incongruent,✅,0.022380999463238356
29,20,lipstick,congruent,✅,0.8430027587686684
29,20,song,congruent,✅,0.9783344969991381
29,20,lipstick,incongruent,❌,0.6167438729700366
29,20,song,incongruent,✅,0.11408667455145481
29,21,fought,congruent,✅,0.9811551343847211
29,21,sang,congruent,✅,0.6284229820999375
29,21,fought,incongruent,✅,0.018220162705525192
29,21,sang,incongruent,✅,0.11827927082097611
29,22,skeptical,congruent,✅,0.9052111670503583
29,22,reassured,congruent,✅,0.8035802801840013
29,22,skeptical,incongruent,✅,0.1939974452333756
29,22,reassured,incongruent,✅,0.2002917285400457
29,23,graduation,congruent,✅,0.9969168506407934
29,23,operation,congruent,❌,0.48844965830114684
29,23,graduation,incongruent,✅,0.021113973460082956
29,23,operation,incongruent,✅,0.11126880423246867
29,24,bride,congruent,✅,0.976743510810396
29,24,aftermath,congruent,✅,0.9908883849716108
29,24,bride,incongruent,✅,0.07103508434934622
29,24,aftermath,incongruent,✅,0.005328741640606765
29,25,teacher,congruent,✅,0.9914929352183313
29,25,daughter,congruent,✅,0.9765252125266117
29,25,teacher,incongruent,✅,0.011496005451861196
29,25,daughter,incongruent,✅,0.05703743816651287
29,26,roommate,congruent,✅,0.8655946107433677
29,26,grandma,congruent,✅,0.9825372899499883
29,26,roommate,incongruent,✅,0.09392329650866729
29,26,grandma,incongruent,✅,0.01085099229243439
29,27,brother,congruent,✅,0.9025998745307127
29,27,mother,congruent,✅,0.9736370971251983
29,27,brother,incongruent,✅,0.019057661806860655
29,27,mother,incongruent,✅,0.008182243432306542
29,28,preschool,congruent,✅,0.531055035598099
29,28,prison,congruent,✅,0.8712195881583875
29,28,preschool,incongruent,✅,0.0018247885231576083
29,28,prison,incongruent,✅,0.005921875993582677
29,29,hopeful,congruent,✅,0.6954912919733925
29,29,hopeless,congruent,✅,0.9224902595010246
29,29,hopeful,incongruent,✅,0.23085427456335544
29,29,hopeless,incongruent,✅,0.06250342156283739
29,3,marathon,congruent,✅,0.8265584501890326
29,3,exam,congruent,✅,0.931052856974033
29,3,marathon,incongruent,✅,0.08733015189157549
29,3,exam,incongruent,✅,0.025346027827738576
29,30,appalled,congruent,✅,0.7269034959658989
29,30,overjoyed,congruent,✅,0.9054564344745445
29,30,appalled,incongruent,✅,0.09168119770326667
29,30,overjoyed,incongruent,✅,0.1676221016720773
29,31,reprimand,congruent,✅,0.9750026332227646
29,31,encouragement,congruent,✅,0.9909756819282431
29,31,reprimand,incongruent,✅,0.058002613663370756
29,31,encouragement,incongruent,✅,0.04720021453722423
29,32,angrily,congruent,✅,0.9980318133674144
29,32,cordially,congruent,✅,0.9454520492380195
29,32,angrily,incongruent,✅,0.03235826537178684
29,32,cordially,incongruent,✅,0.05765376764618062
29,33,accusatory,congruent,✅,0.9833489973589822
29,33,flirtatious,congruent,✅,0.9124484794043212
29,33,accusatory,incongruent,✅,0.047853658515378775
29,33,flirtatious,incongruent,✅,0.4953053294566687
29,34,disapprovingly,congruent,✅,0.9654442679612238
29,34,lovingly,congruent,✅,0.5113540638479049
29,34,disapprovingly,incongruent,✅,0.03488176356901243
29,34,lovingly,incongruent,✅,0.3942166828577027
29,35,playful,congruent,✅,0.8910855692074153
29,35,distant,congruent,✅,0.8855157576973662
29,35,playful,incongruent,✅,0.3333210580138748
29,35,distant,incongruent,✅,0.03875466602287002
29,36,headphones,congruent,✅,0.6733730413325004
29,36,mangoes,congruent,✅,0.6365175083024056
29,36,headphones,incongruent,✅,0.1652127520003633
29,36,mangoes,incongruent,✅,0.059011740093462335
29,37,playroom,congruent,✅,0.9758669921308414
29,37,park,congruent,✅,0.9958336699668225
29,37,playroom,incongruent,✅,0.07015685990613142
29,37,park,incongruent,✅,0.03244783068479565
29,38,bedroom,congruent,✅,0.9875692178717558
29,38,backyard,congruent,✅,0.9892048758655054
29,38,bedroom,incongruent,✅,0.016489540540238032
29,38,backyard,incongruent,✅,0.0056581112851280205
29,39,solemnly,congruent,✅,0.8676087087940473
29,39,excitedly,congruent,✅,0.681395935418664
29,39,solemnly,incongruent,✅,0.0296871298072987
29,39,excitedly,incongruent,✅,0.16277234039080626
29,4,menu,congruent,✅,0.9095346798788826
29,4,prescription,congruent,✅,0.9928263883545488
29,4,menu,incongruent,✅,0.20077106222121985
29,4,prescription,incongruent,✅,0.1138508038412365
29,40,car,congruent,✅,0.8305030846662553
29,40,sock,congruent,✅,0.6396509507476745
29,40,car,incongruent,✅,0.11939341764907897
29,40,sock,incongruent,✅,0.029387835752012
29,41,overdressed,congruent,✅,0.8054280229788493
29,41,naked,congruent,✅,0.6381128988132809
29,41,overdressed,incongruent,✅,0.03905905249158753
29,41,naked,incongruent,✅,0.15144327050644915
29,42,shy,congruent,✅,0.8836403709738831
29,42,lively,congruent,✅,0.9702606662207997
29,42,shy,incongruent,✅,0.1115868604645151
29,42,lively,incongruent,✅,0.044180080954873885
29,43,offended,congruent,✅,0.9306098009473035
29,43,flattered,congruent,✅,0.8668264047869156
29,43,offended,incongruent,✅,0.047225685997458244
29,43,flattered,incongruent,✅,0.47254396533916115
29,44,grandkid,congruent,✅,0.9649922777856849
29,44,cellmate,congruent,✅,0.9533262555459574
29,44,grandkid,incongruent,✅,0.06075945463413254
29,44,cellmate,incongruent,✅,0.14894340545213414
29,45,promoted,congruent,✅,0.9864280332581276
29,45,fired,congruent,✅,0.9976872408141801
29,45,promoted,incongruent,✅,0.12020038942722755
29,45,fired,incongruent,✅,0.025016898984372267
29,46,shooting,congruent,❌,0.34181874582399985
29,46,celebration,congruent,❌,0.020349355604126776
29,46,shooting,incongruent,✅,0.010004095584610535
29,46,celebration,incongruent,✅,0.05732110847774867
29,47,crayon,congruent,✅,0.5307544598983239
29,47,beer,congruent,✅,0.9497896816275353
29,47,crayon,incongruent,✅,0.010239395022489266
29,47,beer,incongruent,✅,0.028908666045643735
29,48,waiter,congruent,✅,0.9852639435078844
29,48,taxi,congruent,✅,0.9866318774005307
29,48,waiter,incongruent,✅,0.08687140736766356
29,48,taxi,incongruent,✅,0.22734193961021368
29,49,parents,congruent,✅,0.9867854824260983
29,49,keys,congruent,✅,0.9748052910572339
29,49,parents,incongruent,✅,0.130565126383091
29,49,keys,incongruent,✅,0.0742459271231753
29,5,distress,congruent,✅,0.9346641147247597
29,5,tranquility,congruent,✅,0.8864880275447029
29,5,distress,incongruent,✅,0.009198919137410787
29,5,tranquility,incongruent,✅,0.12447192178069919
29,50,sofa,congruent,✅,0.9966252631939719
29,50,sky,congruent,✅,0.9840991917841204
29,50,sofa,incongruent,✅,0.27330843344125993
29,50,sky,incongruent,❌,0.5493562084108067
29,51,obesity,congruent,❌,0.30177854744500443
29,51,homework,congruent,✅,0.9818609580572843
29,51,obesity,incongruent,✅,0.022227862385402426
29,51,homework,incongruent,✅,0.0694853351271528
29,52,quiz,congruent,✅,0.9409527818211513
29,52,commute,congruent,✅,0.9558796847243385
29,52,quiz,incongruent,✅,0.004393783147669782
29,52,commute,incongruent,✅,0.01945101482609762
29,53,migraine,congruent,✅,0.9827363627318295
29,53,excitement,congruent,✅,0.9883813986685482
29,53,migraine,incongruent,✅,0.002959549036466209
29,53,excitement,incongruent,✅,0.20385162585374073
29,54,niece,congruent,✅,0.8770451746043836
29,54,husband,congruent,✅,0.9837163228429364
29,54,niece,incongruent,✅,0.2679176340645592
29,54,husband,incongruent,✅,0.11866899034914252
29,55,film,congruent,✅,0.973074043350246
29,55,sunrise,congruent,✅,0.776635347619076
29,55,film,incongruent,✅,0.007986645790275476
29,55,sunrise,incongruent,✅,0.04097302188370778
29,56,lecture,congruent,✅,0.9677340958186827
29,56,banquet,congruent,✅,0.7308124371051292
29,56,lecture,incongruent,✅,0.010476249218383676
29,56,banquet,incongruent,✅,0.0064755408013028905
29,57,drink,congruent,✅,0.9615447321595688
29,57,textbook,congruent,✅,0.9429792951921212
29,57,drink,incongruent,✅,0.11839671789243668
29,57,textbook,incongruent,✅,0.014123696304825859
29,58,pool,congruent,✅,0.9863618348010317
29,58,snow,congruent,✅,0.5367018065942174
29,58,pool,incongruent,✅,0.004187409420726369
29,58,snow,incongruent,✅,0.09591615945083334
29,59,passport,congruent,✅,0.6942907106317379
29,59,plushy,congruent,✅,0.9402517400630243
29,59,passport,incongruent,✅,0.10545007569309063
29,59,plushy,incongruent,✅,0.10155058955803833
29,6,patients,congruent,✅,0.9843405360259337
29,6,students,congruent,✅,0.9957658023957929
29,6,patients,incongruent,✅,0.06758993731843864
29,6,students,incongruent,✅,0.053841373986844916
29,60,sister,congruent,✅,0.9394458285840728
29,60,father,congruent,✅,0.9513361900918504
29,60,sister,incongruent,✅,0.12920157412430955
29,60,father,incongruent,✅,0.1035543505400061
29,61,game,congruent,✅,0.97636534175603
29,61,sunset,congruent,✅,0.9312030655378669
29,61,game,incongruent,✅,0.0485334617951213
29,61,sunset,incongruent,✅,0.03747997709932398
29,62,holidays,congruent,✅,0.9656164935572399
29,62,funeral,congruent,✅,0.9699324746053083
29,62,holidays,incongruent,✅,0.2656827280451989
29,62,funeral,incongruent,❌,0.6061182824087267
29,63,grades,congruent,✅,0.8469829740489067
29,63,affair,congruent,✅,0.9863211709272357
29,63,grades,incongruent,✅,0.07157314556990918
29,63,affair,incongruent,✅,0.0048587827907557056
29,64,arrest,congruent,❌,0.334298065495785
29,64,stroke,congruent,✅,0.8618063101959488
29,64,arrest,incongruent,✅,0.393306274333979
29,64,stroke,incongruent,✅,0.21099719545276208
29,65,pacifier,congruent,✅,0.9752269186645537
29,65,coffee,congruent,✅,0.9680768996440432
29,65,pacifier,incongruent,✅,0.03076149554405434
29,65,coffee,incongruent,✅,0.17103490649569547
29,66,sweets,congruent,✅,0.9946346814445871
29,66,sentencing,congruent,✅,0.9899557265586535
29,66,sweets,incongruent,✅,0.003078686348642902
29,66,sentencing,incongruent,✅,0.014327274566189319
29,67,nap,congruent,✅,0.9944051384081218
29,67,selfie,congruent,✅,0.992179216486523
29,67,nap,incongruent,✅,0.07250712065872135
29,67,selfie,incongruent,✅,0.0030219954865421702
29,68,diaper,congruent,✅,0.972976126922094
29,68,tire,congruent,✅,0.991139247326279
29,68,diaper,incongruent,✅,0.0006506692910211504
29,68,tire,incongruent,✅,0.0015130001924871723
29,69,chemotherapy,congruent,✅,0.9935788378394712
29,69,golf,congruent,✅,0.9567292815217914
29,69,chemotherapy,incongruent,✅,0.00400101783574395
29,69,golf,incongruent,❌,0.5308427129214576
29,7,consensus,congruent,✅,0.6869707776651116
29,7,deadlock,congruent,✅,0.7413426780347061
29,7,consensus,incongruent,✅,0.08011296029627188
29,7,deadlock,incongruent,✅,0.1405998112802694
29,70,thunder,congruent,✅,0.9540396466031411
29,70,lullaby,congruent,✅,0.7113950445706386
29,70,thunder,incongruent,✅,0.01329624278649451
29,70,lullaby,incongruent,✅,0.1542734560831144
29,71,pajamas,congruent,✅,0.9893022623253718
29,71,uniform,congruent,✅,0.8734333859179293
29,71,pajamas,incongruent,✅,0.03793749293806564
29,71,uniform,incongruent,✅,0.05371579133332
29,72,gown,congruent,✅,0.9915759828887232
29,72,sweats,congruent,✅,0.9728471060809727
29,72,gown,incongruent,✅,0.06472030470697951
29,72,sweats,incongruent,✅,0.15775643749056054
29,73,deadline,congruent,❌,0.24711983676601834
29,73,bed,congruent,✅,0.9550136758404146
29,73,deadline,incongruent,✅,0.018176684029416437
29,73,bed,incongruent,✅,0.024090390973497647
29,74,kindergarten,congruent,✅,0.9466949843163718
29,74,jail,congruent,✅,0.9866630335307834
29,74,kindergarten,incongruent,✅,0.029841208599690233
29,74,jail,incongruent,✅,0.321928193117104
29,75,interrogated,congruent,✅,0.9921330130713645
29,75,tickled,congruent,✅,0.9368004126027658
29,75,interrogated,incongruent,✅,0.0526617684398188
29,75,tickled,incongruent,✅,0.029966869993519087
29,76,sandcastle,congruent,✅,0.9794823802711047
29,76,snowman,congruent,✅,0.986872199901841
29,76,sandcastle,incongruent,✅,0.020038380375346738
29,76,snowman,incongruent,✅,0.02041746234955207
29,77,music,congruent,✅,0.9979522942192518
29,77,pizza,congruent,✅,0.999510637438943
29,77,music,incongruent,✅,0.10646671878100983
29,77,pizza,incongruent,✅,0.0031052742671863736
29,78,playoffs,congruent,✅,0.6184922875528408
29,78,cartoon,congruent,✅,0.9719785053044012
29,78,playoffs,incongruent,✅,0.0031856027244802163
29,78,cartoon,incongruent,✅,0.013036135670088688
29,79,alcoholism,congruent,✅,0.935693360878771
29,79,academics,congruent,✅,0.9533827759528912
29,79,alcoholism,incongruent,✅,0.06501186474816516
29,79,academics,incongruent,✅,0.02571081037279371
29,8,engagement,congruent,✅,0.8987921482062783
29,8,cancer,congruent,❌,0.11802282424170116
29,8,engagement,incongruent,✅,0.03405543206795987
29,8,cancer,incongruent,✅,0.4747600432288549
29,9,terminal,congruent,✅,0.988604281169596
29,9,classroom,congruent,✅,0.9890005393679719
29,9,terminal,incongruent,✅,0.019647522186660406
29,9,classroom,incongruent,✅,0.03090233932343045
30,0,library,congruent,✅,0.793385950427176
30,0,refrigerator,congruent,✅,0.5373225787220014
30,0,library,incongruent,✅,0.02712672644738597
30,0,refrigerator,incongruent,✅,0.014783771434199131
30,1,disappointment,congruent,✅,0.795593408910364
30,1,delight,congruent,✅,0.9701944620082967
30,1,disappointment,incongruent,✅,0.032799163506134855
30,1,delight,incongruent,✅,0.0979509619026376
30,10,cash,congruent,✅,0.996129648058231
30,10,groceries,congruent,✅,0.8086647023927226
30,10,cash,incongruent,✅,0.12908658996099198
30,10,groceries,incongruent,✅,0.02751730834223946
30,11,lonely,congruent,✅,0.9329416525774642
30,11,confident,congruent,✅,0.8619056558162219
30,11,lonely,incongruent,✅,0.04006772488832266
30,11,confident,incongruent,✅,0.3869231516901157
30,12,joy,congruent,✅,0.9921355762406019
30,12,outrage,congruent,❌,0.25413031452305884
30,12,joy,incongruent,✅,0.07131795510422435
30,12,outrage,incongruent,❌,0.9357415257290619
30,13,traffic,congruent,✅,0.9947548099335961
30,13,snowstorm,congruent,✅,0.9950932011943354
30,13,traffic,incongruent,❌,0.9307254933005717
30,13,snowstorm,incongruent,❌,0.9093612389284352
30,14,laughter,congruent,✅,0.9943414496838053
30,14,frustration,congruent,✅,0.9835930470843633
30,14,laughter,incongruent,✅,0.03574409803101754
30,14,frustration,incongruent,✅,0.02222122265944535
30,15,calculator,congruent,✅,0.8449907425969322
30,15,instrument,congruent,✅,0.938578692024146
30,15,calculator,incongruent,✅,0.13479505521011026
30,15,instrument,incongruent,❌,0.6580801932526618
30,16,orchestra,congruent,✅,0.7083902726791925
30,16,racers,congruent,✅,0.9839183596226353
30,16,orchestra,incongruent,✅,0.06592242783680272
30,16,racers,incongruent,✅,0.002525418739527313
30,17,retirement,congruent,✅,0.9213356234129623
30,17,playdate,congruent,✅,0.962030355086308
30,17,retirement,incongruent,✅,0.1232006151912304
30,17,playdate,incongruent,✅,0.027549327784551186
30,18,relieved,congruent,✅,0.722415759763513
30,18,depressed,congruent,✅,0.7341086972898205
30,18,relieved,incongruent,✅,0.03510549754936022
30,18,depressed,incongruent,✅,0.14201755116186737
30,19,friends,congruent,❌,0.2553302117919152
30,19,weight,congruent,✅,0.8081744134862581
30,19,friends,incongruent,✅,0.23589985703580224
30,19,weight,incongruent,✅,0.0253011121841904
30,2,overcoat,congruent,✅,0.8936349622728319
30,2,sandals,congruent,✅,0.7496681695703707
30,2,overcoat,incongruent,✅,0.11248112895707477
30,2,sandals,incongruent,✅,0.044989563836284635
30,20,lipstick,congruent,✅,0.7756422876653192
30,20,song,congruent,✅,0.9677381364583965
30,20,lipstick,incongruent,❌,0.5703442763251223
30,20,song,incongruent,✅,0.09851584680931147
30,21,fought,congruent,✅,0.9757240192640575
30,21,sang,congruent,✅,0.8549173267241084
30,21,fought,incongruent,✅,0.07784394889830769
30,21,sang,incongruent,✅,0.11036507316551052
30,22,skeptical,congruent,✅,0.8808197680527633
30,22,reassured,congruent,✅,0.7912194481128617
30,22,skeptical,incongruent,✅,0.22098693905146896
30,22,reassured,incongruent,✅,0.17864242611391992
30,23,graduation,congruent,✅,0.9986069957719649
30,23,operation,congruent,✅,0.6219570449902646
30,23,graduation,incongruent,✅,0.059897557379274456
30,23,operation,incongruent,✅,0.2513039592539113
30,24,bride,congruent,✅,0.9489487439880674
30,24,aftermath,congruent,✅,0.9885380255902074
30,24,bride,incongruent,✅,0.10865787821041151
30,24,aftermath,incongruent,✅,0.0019643995592988667
30,25,teacher,congruent,✅,0.987396537263714
30,25,daughter,congruent,✅,0.9763669031474723
30,25,teacher,incongruent,✅,0.015007030200296832
30,25,daughter,incongruent,✅,0.06414084557087561
30,26,roommate,congruent,✅,0.8944660543084044
30,26,grandma,congruent,✅,0.9812440059405221
30,26,roommate,incongruent,✅,0.12345934287250161
30,26,grandma,incongruent,✅,0.02100980094815046
30,27,brother,congruent,✅,0.8630327883944648
30,27,mother,congruent,✅,0.9729333772193924
30,27,brother,incongruent,✅,0.02815352715205917
30,27,mother,incongruent,✅,0.0066640763929357374
30,28,preschool,congruent,✅,0.5264143584593174
30,28,prison,congruent,✅,0.849018027060033
30,28,preschool,incongruent,✅,0.0026305967981401896
30,28,prison,incongruent,✅,0.00565929756847016
30,29,hopeful,congruent,✅,0.6440446245938742
30,29,hopeless,congruent,✅,0.9176280542061852
30,29,hopeful,incongruent,✅,0.2893733971066493
30,29,hopeless,incongruent,✅,0.061544604012325727
30,3,marathon,congruent,✅,0.8224481826725164
30,3,exam,congruent,✅,0.859212789615855
30,3,marathon,incongruent,✅,0.05823942448627567
30,3,exam,incongruent,✅,0.03468774325511319
30,30,appalled,congruent,✅,0.7218261955760903
30,30,overjoyed,congruent,✅,0.8773719491041807
30,30,appalled,incongruent,✅,0.08637208470748065
30,30,overjoyed,incongruent,✅,0.1871200157046019
30,31,reprimand,congruent,✅,0.9739384111445193
30,31,encouragement,congruent,✅,0.9898760397695097
30,31,reprimand,incongruent,✅,0.07618493717249533
30,31,encouragement,incongruent,✅,0.09365146267867631
30,32,angrily,congruent,✅,0.997138244203541
30,32,cordially,congruent,✅,0.935726155748676
30,32,angrily,incongruent,✅,0.054352390266251965
30,32,cordially,incongruent,✅,0.07191843424281734
30,33,accusatory,congruent,✅,0.9805699132453958
30,33,flirtatious,congruent,✅,0.9241123433547116
30,33,accusatory,incongruent,✅,0.07446787049317304
30,33,flirtatious,incongruent,❌,0.5214342000302817
30,34,disapprovingly,congruent,✅,0.9452993047054743
30,34,lovingly,congruent,✅,0.5649391190733312
30,34,disapprovingly,incongruent,✅,0.05561120684727009
30,34,lovingly,incongruent,✅,0.3145443057127546
30,35,playful,congruent,✅,0.8638693648602418
30,35,distant,congruent,✅,0.8414657047796781
30,35,playful,incongruent,✅,0.28285787527517336
30,35,distant,incongruent,✅,0.05054951480526833
30,36,headphones,congruent,✅,0.7087599335893522
30,36,mangoes,congruent,✅,0.7566943099638644
30,36,headphones,incongruent,✅,0.19427903634475993
30,36,mangoes,incongruent,✅,0.07290649912321409
30,37,playroom,congruent,✅,0.9681217930906406
30,37,park,congruent,✅,0.9913957504169573
30,37,playroom,incongruent,✅,0.05277115347383147
30,37,park,incongruent,✅,0.035184882349271404
30,38,bedroom,congruent,✅,0.9822576961825629
30,38,backyard,congruent,✅,0.9842221090985631
30,38,bedroom,incongruent,✅,0.020575225049922725
30,38,backyard,incongruent,✅,0.006888920834489214
30,39,solemnly,congruent,✅,0.871221676740941
30,39,excitedly,congruent,✅,0.6707361916495286
30,39,solemnly,incongruent,✅,0.04055162128722725
30,39,excitedly,incongruent,✅,0.1532013246062228
30,4,menu,congruent,✅,0.8840132966689092
30,4,prescription,congruent,✅,0.9960828193280385
30,4,menu,incongruent,✅,0.4125446680923324
30,4,prescription,incongruent,✅,0.08729947465741628
30,40,car,congruent,✅,0.8716307539071135
30,40,sock,congruent,❌,0.4762373123963998
30,40,car,incongruent,✅,0.06740504915525998
30,40,sock,incongruent,✅,0.04044666343177871
30,41,overdressed,congruent,✅,0.8080506631809175
30,41,naked,congruent,✅,0.6320733482647795
30,41,overdressed,incongruent,✅,0.059593014386329496
30,41,naked,incongruent,✅,0.15127796590772105
30,42,shy,congruent,✅,0.8388046141413589
30,42,lively,congruent,✅,0.9584012874350687
30,42,shy,incongruent,✅,0.12971255538976495
30,42,lively,incongruent,✅,0.03956811089106849
30,43,offended,congruent,✅,0.9391185954449723
30,43,flattered,congruent,✅,0.8640537781602803
30,43,offended,incongruent,✅,0.06550948395582588
30,43,flattered,incongruent,❌,0.5305627752167497
30,44,grandkid,congruent,✅,0.9536563390805616
30,44,cellmate,congruent,✅,0.9499678778857755
30,44,grandkid,incongruent,✅,0.06793496000616427
30,44,cellmate,incongruent,✅,0.13749381831229274
30,45,promoted,congruent,✅,0.9898947986137334
30,45,fired,congruent,✅,0.9962779817131306
30,45,promoted,incongruent,✅,0.11394009198150369
30,45,fired,incongruent,✅,0.04537871065797865
30,46,shooting,congruent,❌,0.3699628259855825
30,46,celebration,congruent,❌,0.025393861737902267
30,46,shooting,incongruent,✅,0.014343322015541834
30,46,celebration,incongruent,✅,0.08648522585135017
30,47,crayon,congruent,❌,0.4819680833252285
30,47,beer,congruent,✅,0.9625523193574245
30,47,crayon,incongruent,✅,0.02193403192866069
30,47,beer,incongruent,✅,0.0324024554519409
30,48,waiter,congruent,✅,0.9842264554539467
30,48,taxi,congruent,✅,0.9642663406922076
30,48,waiter,incongruent,✅,0.05570073196679089
30,48,taxi,incongruent,✅,0.26795264796245577
30,49,parents,congruent,✅,0.9872600841696012
30,49,keys,congruent,✅,0.9519763458410992
30,49,parents,incongruent,✅,0.1045882075417149
30,49,keys,incongruent,✅,0.11371585496557533
30,5,distress,congruent,✅,0.926215019053098
30,5,tranquility,congruent,✅,0.8673278554603762
30,5,distress,incongruent,✅,0.016977202698428177
30,5,tranquility,incongruent,✅,0.1704141141539161
30,50,sofa,congruent,✅,0.9969484823367768
30,50,sky,congruent,✅,0.9842726550035081
30,50,sofa,incongruent,✅,0.35952950237396475
30,50,sky,incongruent,❌,0.6634191499091892
30,51,obesity,congruent,❌,0.2517606319886905
30,51,homework,congruent,✅,0.9661435841430482
30,51,obesity,incongruent,✅,0.02340156965119776
30,51,homework,incongruent,✅,0.043305490458831926
30,52,quiz,congruent,✅,0.9437114126354887
30,52,commute,congruent,✅,0.9310715767839062
30,52,quiz,incongruent,✅,0.006056169416088677
30,52,commute,incongruent,✅,0.03393400426559152
30,53,migraine,congruent,✅,0.9712764812905644
30,53,excitement,congruent,✅,0.9811161082949037
30,53,migraine,incongruent,✅,0.003238971105701313
30,53,excitement,incongruent,✅,0.22433074104366646
30,54,niece,congruent,✅,0.8690594111803167
30,54,husband,congruent,✅,0.9849185470134043
30,54,niece,incongruent,✅,0.35326535336266474
30,54,husband,incongruent,✅,0.16954689515079233
30,55,film,congruent,✅,0.955935394497274
30,55,sunrise,congruent,✅,0.8468834705298937
30,55,film,incongruent,✅,0.022792464839690406
30,55,sunrise,incongruent,✅,0.038204333484947894
30,56,lecture,congruent,✅,0.9312166947104399
30,56,banquet,congruent,✅,0.5161022504598995
30,56,lecture,incongruent,✅,0.007013513002699089
30,56,banquet,incongruent,✅,0.005650667811364888
30,57,drink,congruent,✅,0.9640928902597421
30,57,textbook,congruent,✅,0.9389244067278119
30,57,drink,incongruent,✅,0.1149553708430439
30,57,textbook,incongruent,✅,0.0231369256192872
30,58,pool,congruent,✅,0.9779702615175679
30,58,snow,congruent,✅,0.543032556877947
30,58,pool,incongruent,✅,0.005121112583972737
30,58,snow,incongruent,✅,0.1150783337891205
30,59,passport,congruent,✅,0.6096627670364625
30,59,plushy,congruent,✅,0.9156368720848398
30,59,passport,incongruent,✅,0.1048137710198726
30,59,plushy,incongruent,✅,0.0858654536847657
30,6,patients,congruent,✅,0.9778506738515648
30,6,students,congruent,✅,0.9965349097311015
30,6,patients,incongruent,✅,0.07739498955950866
30,6,students,incongruent,✅,0.07248387567892173
30,60,sister,congruent,✅,0.9451736140251038
30,60,father,congruent,✅,0.9477566296058662
30,60,sister,incongruent,✅,0.11385001222474297
30,60,father,incongruent,✅,0.13245127781321056
30,61,game,congruent,✅,0.9630047116537869
30,61,sunset,congruent,✅,0.9217219429829062
30,61,game,incongruent,✅,0.06835403645591126
30,61,sunset,incongruent,✅,0.028275225304848883
30,62,holidays,congruent,✅,0.9668526721675685
30,62,funeral,congruent,✅,0.9768407848637616
30,62,holidays,incongruent,✅,0.38998363304504235
30,62,funeral,incongruent,❌,0.5526720594623189
30,63,grades,congruent,✅,0.7152905703055829
30,63,affair,congruent,✅,0.985860270323671
30,63,grades,incongruent,✅,0.08018070170635065
30,63,affair,incongruent,✅,0.004375131259693655
30,64,arrest,congruent,❌,0.4466291533359048
30,64,stroke,congruent,✅,0.8500497859367213
30,64,arrest,incongruent,✅,0.34469305926516164
30,64,stroke,incongruent,✅,0.27064981592821613
30,65,pacifier,congruent,✅,0.9818032980261734
30,65,coffee,congruent,✅,0.9463515341553193
30,65,pacifier,incongruent,✅,0.02500942614886525
30,65,coffee,incongruent,✅,0.16459181914826493
30,66,sweets,congruent,✅,0.9887731090529646
30,66,sentencing,congruent,✅,0.9839396781562895
30,66,sweets,incongruent,✅,0.004108334026271312
30,66,sentencing,incongruent,✅,0.011993667967058079
30,67,nap,congruent,✅,0.994442218473918
30,67,selfie,congruent,✅,0.9925795986548296
30,67,nap,incongruent,✅,0.09329406155391368
30,67,selfie,incongruent,✅,0.00606461079365621
30,68,diaper,congruent,✅,0.9783997709152402
30,68,tire,congruent,✅,0.9922981006391073
30,68,diaper,incongruent,✅,0.0013474986943437708
30,68,tire,incongruent,✅,0.0028027430299674113
30,69,chemotherapy,congruent,✅,0.9932227152907236
30,69,golf,congruent,✅,0.9381411640857692
30,69,chemotherapy,incongruent,✅,0.0043736956527817596
30,69,golf,incongruent,❌,0.5380531561593839
30,7,consensus,congruent,✅,0.7340184129903445
30,7,deadlock,congruent,✅,0.736658075349546
30,7,consensus,incongruent,✅,0.09390938521764647
30,7,deadlock,incongruent,✅,0.21801267326295445
30,70,thunder,congruent,✅,0.8731874887464208
30,70,lullaby,congruent,✅,0.5890101431188592
30,70,thunder,incongruent,✅,0.009894359580877251
30,70,lullaby,incongruent,✅,0.08291929815430517
30,71,pajamas,congruent,✅,0.9848884385728468
30,71,uniform,congruent,✅,0.9010742957246455
30,71,pajamas,incongruent,✅,0.09032975369584441
30,71,uniform,incongruent,✅,0.050175348703049114
30,72,gown,congruent,✅,0.9904046299641331
30,72,sweats,congruent,✅,0.9703916966168615
30,72,gown,incongruent,✅,0.09364950073887804
30,72,sweats,incongruent,✅,0.15992352950980637
30,73,deadline,congruent,❌,0.2579756535151467
30,73,bed,congruent,✅,0.9551260253680139
30,73,deadline,incongruent,✅,0.02780504001891683
30,73,bed,incongruent,✅,0.03414509680446699
30,74,kindergarten,congruent,✅,0.9498275633420349
30,74,jail,congruent,✅,0.9855393087858592
30,74,kindergarten,incongruent,✅,0.049886230256989864
30,74,jail,incongruent,✅,0.3526934238091399
30,75,interrogated,congruent,✅,0.9830561819810735
30,75,tickled,congruent,✅,0.9421149706656653
30,75,interrogated,incongruent,✅,0.08059744870623324
30,75,tickled,incongruent,✅,0.01905134302919703
30,76,sandcastle,congruent,✅,0.9679826173233059
30,76,snowman,congruent,✅,0.9848748053452383
30,76,sandcastle,incongruent,✅,0.014898073602076328
30,76,snowman,incongruent,✅,0.020112256406888775
30,77,music,congruent,✅,0.996947257405044
30,77,pizza,congruent,✅,0.9993468358814903
30,77,music,incongruent,✅,0.14181520879147902
30,77,pizza,incongruent,✅,0.004108859423870254
30,78,playoffs,congruent,✅,0.7466463865635451
30,78,cartoon,congruent,✅,0.9614281044276345
30,78,playoffs,incongruent,✅,0.0041007223503688565
30,78,cartoon,incongruent,✅,0.02955411118939412
30,79,alcoholism,congruent,✅,0.9556886399633397
30,79,academics,congruent,✅,0.9431894414604958
30,79,alcoholism,incongruent,✅,0.07682893256522538
30,79,academics,incongruent,✅,0.04513821103202788
30,8,engagement,congruent,✅,0.828305357833628
30,8,cancer,congruent,❌,0.20345341354244206
30,8,engagement,incongruent,✅,0.08601493973323476
30,8,cancer,incongruent,✅,0.3758024108936044
30,9,terminal,congruent,✅,0.9897646419981364
30,9,classroom,congruent,✅,0.9913375318740476
30,9,terminal,incongruent,✅,0.03958454941672702
30,9,classroom,incongruent,✅,0.05382074250054298
31,0,library,congruent,✅,0.7714731799354992
31,0,refrigerator,congruent,✅,0.6019836444241883
31,0,library,incongruent,✅,0.031261981311211454
31,0,refrigerator,incongruent,✅,0.012863398083892785
31,1,disappointment,congruent,✅,0.775471876356227
31,1,delight,congruent,✅,0.9792548520896596
31,1,disappointment,incongruent,✅,0.044892725102350296
31,1,delight,incongruent,✅,0.11641309469712208
31,10,cash,congruent,✅,0.9974710175510837
31,10,groceries,congruent,✅,0.784510210796405
31,10,cash,incongruent,✅,0.09940286537354022
31,10,groceries,incongruent,✅,0.058184366304335995
31,11,lonely,congruent,✅,0.9232361363911092
31,11,confident,congruent,✅,0.8104879682899773
31,11,lonely,incongruent,✅,0.031581452936049824
31,11,confident,incongruent,✅,0.366098962536293
31,12,joy,congruent,✅,0.9880770544773265
31,12,outrage,congruent,❌,0.26910811741987944
31,12,joy,incongruent,✅,0.07874820964275367
31,12,outrage,incongruent,❌,0.9139973663554702
31,13,traffic,congruent,✅,0.99273526122491
31,13,snowstorm,congruent,✅,0.9939852637950293
31,13,traffic,incongruent,❌,0.8978435492071611
31,13,snowstorm,incongruent,❌,0.8673857939238976
31,14,laughter,congruent,✅,0.993514330671196
31,14,frustration,congruent,✅,0.9815082595479079
31,14,laughter,incongruent,✅,0.04881374103735321
31,14,frustration,incongruent,✅,0.029582564669379342
31,15,calculator,congruent,✅,0.865395853399143
31,15,instrument,congruent,✅,0.940443656291519
31,15,calculator,incongruent,✅,0.14849790722831155
31,15,instrument,incongruent,❌,0.66362902475601
31,16,orchestra,congruent,✅,0.7363792929963265
31,16,racers,congruent,✅,0.977855320899189
31,16,orchestra,incongruent,✅,0.08130462768348959
31,16,racers,incongruent,✅,0.0034059133829168493
31,17,retirement,congruent,✅,0.9219872630628732
31,17,playdate,congruent,✅,0.9631763670908611
31,17,retirement,incongruent,✅,0.11529741959229421
31,17,playdate,incongruent,✅,0.030364500793330272
31,18,relieved,congruent,✅,0.7815031978501268
31,18,depressed,congruent,✅,0.710976435984605
31,18,relieved,incongruent,✅,0.03506681036918176
31,18,depressed,incongruent,✅,0.19470260251753044
31,19,friends,congruent,❌,0.24256482599045592
31,19,weight,congruent,✅,0.6600702434136324
31,19,friends,incongruent,✅,0.15841986482692455
31,19,weight,incongruent,✅,0.024258541604786788
31,2,overcoat,congruent,✅,0.8895715781431008
31,2,sandals,congruent,✅,0.7246828509798114
31,2,overcoat,incongruent,✅,0.12019612801558745
31,2,sandals,incongruent,✅,0.04924946750020658
31,20,lipstick,congruent,✅,0.703405299159788
31,20,song,congruent,✅,0.9652750024294163
31,20,lipstick,incongruent,❌,0.5342797786855596
31,20,song,incongruent,✅,0.07187012838964682
31,21,fought,congruent,✅,0.9856494250985541
31,21,sang,congruent,✅,0.7293050595733055
31,21,fought,incongruent,✅,0.06921114916680164
31,21,sang,incongruent,✅,0.2155159494387097
31,22,skeptical,congruent,✅,0.7299114512062477
31,22,reassured,congruent,✅,0.7513145938781218
31,22,skeptical,incongruent,✅,0.2103420906459492
31,22,reassured,incongruent,✅,0.08678440979554405
31,23,graduation,congruent,✅,0.9984539255382633
31,23,operation,congruent,❌,0.4700739285412566
31,23,graduation,incongruent,✅,0.02726865848167865
31,23,operation,incongruent,✅,0.2502343995837544
31,24,bride,congruent,✅,0.9352870709592748
31,24,aftermath,congruent,✅,0.9887742384403552
31,24,bride,incongruent,✅,0.13723818736287333
31,24,aftermath,incongruent,✅,0.0033557599763365223
31,25,teacher,congruent,✅,0.9829950250617184
31,25,daughter,congruent,✅,0.978602612700646
31,25,teacher,incongruent,✅,0.010509974820763813
31,25,daughter,incongruent,✅,0.0478013228052911
31,26,roommate,congruent,✅,0.880051313279114
31,26,grandma,congruent,✅,0.9867050879000155
31,26,roommate,incongruent,✅,0.2048566312281668
31,26,grandma,incongruent,✅,0.020590261631827346
31,27,brother,congruent,✅,0.860464894896497
31,27,mother,congruent,✅,0.9816272395730591
31,27,brother,incongruent,✅,0.038214770778218644
31,27,mother,incongruent,✅,0.006441027914815546
31,28,preschool,congruent,✅,0.5304745235811874
31,28,prison,congruent,✅,0.7954942048940135
31,28,preschool,incongruent,✅,0.0018667714058475326
31,28,prison,incongruent,✅,0.006475432103427961
31,29,hopeful,congruent,✅,0.6527287588357673
31,29,hopeless,congruent,✅,0.934421322444099
31,29,hopeful,incongruent,✅,0.3780741391869015
31,29,hopeless,incongruent,✅,0.09545052478394908
31,3,marathon,congruent,✅,0.9032158238204182
31,3,exam,congruent,✅,0.9267550920019016
31,3,marathon,incongruent,✅,0.1576556215500955
31,3,exam,incongruent,✅,0.07161257408693913
31,30,appalled,congruent,✅,0.5938515040108049
31,30,overjoyed,congruent,✅,0.8688495846062315
31,30,appalled,incongruent,✅,0.08471800964586725
31,30,overjoyed,incongruent,✅,0.1259579996381918
31,31,reprimand,congruent,✅,0.9563116491449081
31,31,encouragement,congruent,✅,0.985149998303246
31,31,reprimand,incongruent,✅,0.07224454872419483
31,31,encouragement,incongruent,✅,0.06881563304981282
31,32,angrily,congruent,✅,0.9968345616017632
31,32,cordially,congruent,✅,0.9291031739261706
31,32,angrily,incongruent,✅,0.06017060908330649
31,32,cordially,incongruent,✅,0.09135553646370219
31,33,accusatory,congruent,✅,0.9810301976544918
31,33,flirtatious,congruent,✅,0.9488854143529873
31,33,accusatory,incongruent,✅,0.14166033781085727
31,33,flirtatious,incongruent,❌,0.5554875532246524
31,34,disapprovingly,congruent,✅,0.958878628668634
31,34,lovingly,congruent,✅,0.6386533371053219
31,34,disapprovingly,incongruent,✅,0.09089351012701533
31,34,lovingly,incongruent,✅,0.43467254515199316
31,35,playful,congruent,✅,0.8558448545368956
31,35,distant,congruent,✅,0.8394730299896475
31,35,playful,incongruent,✅,0.3025022092633725
31,35,distant,incongruent,✅,0.05683327170843161
31,36,headphones,congruent,✅,0.7136215203512312
31,36,mangoes,congruent,✅,0.7374609393195913
31,36,headphones,incongruent,✅,0.24268042396935688
31,36,mangoes,incongruent,✅,0.07581457122817475
31,37,playroom,congruent,✅,0.9567333221786938
31,37,park,congruent,✅,0.9911867295924769
31,37,playroom,incongruent,✅,0.04658283949624978
31,37,park,incongruent,✅,0.02625148657786386
31,38,bedroom,congruent,✅,0.9702090620693756
31,38,backyard,congruent,✅,0.9826940020946588
31,38,bedroom,incongruent,✅,0.021402900151915236
31,38,backyard,incongruent,✅,0.00446639671720885
31,39,solemnly,congruent,✅,0.8185668317308071
31,39,excitedly,congruent,✅,0.7507876761787319
31,39,solemnly,incongruent,✅,0.06954949880754148
31,39,excitedly,incongruent,✅,0.1400368204504366
31,4,menu,congruent,✅,0.849045945491351
31,4,prescription,congruent,✅,0.9927694984270328
31,4,menu,incongruent,✅,0.3520331007303001
31,4,prescription,incongruent,✅,0.0845152604869759
31,40,car,congruent,✅,0.864960089723754
31,40,sock,congruent,✅,0.5969060216074852
31,40,car,incongruent,✅,0.08041465208489727
31,40,sock,incongruent,✅,0.04818082626776183
31,41,overdressed,congruent,✅,0.8023473585188271
31,41,naked,congruent,✅,0.7284527847399161
31,41,overdressed,incongruent,✅,0.10677012725037807
31,41,naked,incongruent,✅,0.1376304289975119
31,42,shy,congruent,✅,0.8811281402125306
31,42,lively,congruent,✅,0.9647049268292393
31,42,shy,incongruent,✅,0.16833451298954355
31,42,lively,incongruent,✅,0.06466775268675214
31,43,offended,congruent,✅,0.926674506631684
31,43,flattered,congruent,✅,0.7927598565846046
31,43,offended,incongruent,✅,0.05409707655091076
31,43,flattered,incongruent,❌,0.5205301525215732
31,44,grandkid,congruent,✅,0.969959007865419
31,44,cellmate,congruent,✅,0.9506180239828738
31,44,grandkid,incongruent,✅,0.07774222542205539
31,44,cellmate,incongruent,✅,0.1621238374269756
31,45,promoted,congruent,✅,0.9747961691606875
31,45,fired,congruent,✅,0.9950405138214464
31,45,promoted,incongruent,✅,0.1371960988128936
31,45,fired,incongruent,✅,0.02678507609738956
31,46,shooting,congruent,❌,0.40621833819295555
31,46,celebration,congruent,❌,0.02457187479627104
31,46,shooting,incongruent,✅,0.01684782110935191
31,46,celebration,incongruent,✅,0.09615853520931597
31,47,crayon,congruent,✅,0.5040960772708726
31,47,beer,congruent,✅,0.9583961393393143
31,47,crayon,incongruent,✅,0.02364278601268164
31,47,beer,incongruent,✅,0.0510381581100752
31,48,waiter,congruent,✅,0.9800083551264086
31,48,taxi,congruent,✅,0.9741098988961496
31,48,waiter,incongruent,✅,0.06429233450524112
31,48,taxi,incongruent,✅,0.27323579018792354
31,49,parents,congruent,✅,0.9816343408133024
31,49,keys,congruent,✅,0.9730709292928853
31,49,parents,incongruent,✅,0.16383206827566535
31,49,keys,incongruent,✅,0.06211443328170493
31,5,distress,congruent,✅,0.8822948409522334
31,5,tranquility,congruent,✅,0.8582630511308651
31,5,distress,incongruent,✅,0.023567509059789736
31,5,tranquility,incongruent,✅,0.1663654093968587
31,50,sofa,congruent,✅,0.995741674442506
31,50,sky,congruent,✅,0.9869824173469278
31,50,sofa,incongruent,✅,0.34443733519516506
31,50,sky,incongruent,❌,0.6254104923862056
31,51,obesity,congruent,❌,0.2668224437836352
31,51,homework,congruent,✅,0.9768855294355746
31,51,obesity,incongruent,✅,0.04042960774815153
31,51,homework,incongruent,✅,0.0495109238982625
31,52,quiz,congruent,✅,0.9402673481008172
31,52,commute,congruent,✅,0.9601175309449004
31,52,quiz,incongruent,✅,0.008954258946329884
31,52,commute,incongruent,✅,0.036218262760110996
31,53,migraine,congruent,✅,0.9613210676759635
31,53,excitement,congruent,✅,0.9729186094329324
31,53,migraine,incongruent,✅,0.0027491141163989512
31,53,excitement,incongruent,✅,0.16740485900674323
31,54,niece,congruent,✅,0.875511974755611
31,54,husband,congruent,✅,0.9866029499553652
31,54,niece,incongruent,✅,0.30767299973522916
31,54,husband,incongruent,✅,0.1440195774951425
31,55,film,congruent,✅,0.9581791200917547
31,55,sunrise,congruent,✅,0.8400144277515548
31,55,film,incongruent,✅,0.02609779380199417
31,55,sunrise,incongruent,✅,0.0487970724551423
31,56,lecture,congruent,✅,0.8880039469271449
31,56,banquet,congruent,✅,0.5582489598703649
31,56,lecture,incongruent,✅,0.010749500676196472
31,56,banquet,incongruent,✅,0.004178850157739334
31,57,drink,congruent,✅,0.9546166330128899
31,57,textbook,congruent,✅,0.9269560051504503
31,57,drink,incongruent,✅,0.10030763303595323
31,57,textbook,incongruent,✅,0.025803985138564238
31,58,pool,congruent,✅,0.9767789035705767
31,58,snow,congruent,✅,0.6139156891571252
31,58,pool,incongruent,✅,0.006406330223563102
31,58,snow,incongruent,✅,0.1136323002182002
31,59,passport,congruent,✅,0.649117943270525
31,59,plushy,congruent,✅,0.9408644097883737
31,59,passport,incongruent,✅,0.1173621617068976
31,59,plushy,incongruent,✅,0.10406689248864162
31,6,patients,congruent,✅,0.9798029131701695
31,6,students,congruent,✅,0.9973178311363391
31,6,patients,incongruent,✅,0.06970652060914868
31,6,students,incongruent,✅,0.12117237211504078
31,60,sister,congruent,✅,0.9481178349225007
31,60,father,congruent,✅,0.9482153154940581
31,60,sister,incongruent,✅,0.09375638753958057
31,60,father,incongruent,✅,0.12950607668829636
31,61,game,congruent,✅,0.9714744788941354
31,61,sunset,congruent,✅,0.9116606563570834
31,61,game,incongruent,✅,0.06814059205502053
31,61,sunset,incongruent,✅,0.03988964650601465
31,62,holidays,congruent,✅,0.9545853708012132
31,62,funeral,congruent,✅,0.9504389919772772
31,62,holidays,incongruent,✅,0.2083559020475127
31,62,funeral,incongruent,✅,0.49801022701911235
31,63,grades,congruent,✅,0.7532777366486062
31,63,affair,congruent,✅,0.9884833856057695
31,63,grades,incongruent,✅,0.11627230783439092
31,63,affair,incongruent,✅,0.004612825676715392
31,64,arrest,congruent,❌,0.45560364246853696
31,64,stroke,congruent,✅,0.8419892374346365
31,64,arrest,incongruent,✅,0.36680906501482613
31,64,stroke,incongruent,✅,0.23971290158294323
31,65,pacifier,congruent,✅,0.9672552367853867
31,65,coffee,congruent,✅,0.957048393147323
31,65,pacifier,incongruent,✅,0.035074638806937924
31,65,coffee,incongruent,✅,0.11522016057805781
31,66,sweets,congruent,✅,0.9859861510011959
31,66,sentencing,congruent,✅,0.9764500729486965
31,66,sweets,incongruent,✅,0.004111349152711569
31,66,sentencing,incongruent,✅,0.011332286294505304
31,67,nap,congruent,✅,0.9949860671030951
31,67,selfie,congruent,✅,0.9940212039421433
31,67,nap,incongruent,✅,0.11665974756123988
31,67,selfie,incongruent,✅,0.009107254834671246
31,68,diaper,congruent,✅,0.9801467110135549
31,68,tire,congruent,✅,0.9959043409495831
31,68,diaper,incongruent,✅,0.003480369395452055
31,68,tire,incongruent,✅,0.0035977959034411804
31,69,chemotherapy,congruent,✅,0.9954979394639633
31,69,golf,congruent,✅,0.938246314093646
31,69,chemotherapy,incongruent,✅,0.005635711791940229
31,69,golf,incongruent,❌,0.6143533362064363
31,7,consensus,congruent,✅,0.7467530823565895
31,7,deadlock,congruent,✅,0.7648647643842099
31,7,consensus,incongruent,✅,0.11934396181002718
31,7,deadlock,incongruent,✅,0.24927716776936057
31,70,thunder,congruent,✅,0.8365770845337709
31,70,lullaby,congruent,✅,0.5944336161512728
31,70,thunder,incongruent,✅,0.010723717635941371
31,70,lullaby,incongruent,✅,0.06517608207124598
31,71,pajamas,congruent,✅,0.9833664274234402
31,71,uniform,congruent,✅,0.9142943373006993
31,71,pajamas,incongruent,✅,0.10377162223293829
31,71,uniform,incongruent,✅,0.055217299207736444
31,72,gown,congruent,✅,0.9894783135984548
31,72,sweats,congruent,✅,0.9691977550634892
31,72,gown,incongruent,✅,0.12000213530264317
31,72,sweats,incongruent,✅,0.1266238777864491
31,73,deadline,congruent,❌,0.3265959932687896
31,73,bed,congruent,✅,0.917102179072154
31,73,deadline,incongruent,✅,0.017214158085574204
31,73,bed,incongruent,✅,0.05149334515514358
31,74,kindergarten,congruent,✅,0.9527450750553736
31,74,jail,congruent,✅,0.9897152930908357
31,74,kindergarten,incongruent,✅,0.07275973596068779
31,74,jail,incongruent,✅,0.3693833770812556
31,75,interrogated,congruent,✅,0.9772158230821943
31,75,tickled,congruent,✅,0.9131378388974467
31,75,interrogated,incongruent,✅,0.04310857946284876
31,75,tickled,incongruent,✅,0.01759645132917588
31,76,sandcastle,congruent,✅,0.9777391765019205
31,76,snowman,congruent,✅,0.9857538780346943
31,76,sandcastle,incongruent,✅,0.01907990037906763
31,76,snowman,incongruent,✅,0.028734836718654323
31,77,music,congruent,✅,0.9961509585636408
31,77,pizza,congruent,✅,0.9991173015723629
31,77,music,incongruent,✅,0.09564490798296887
31,77,pizza,incongruent,✅,0.00347794023452226
31,78,playoffs,congruent,✅,0.6493683602971005
31,78,cartoon,congruent,✅,0.9656352748241843
31,78,playoffs,incongruent,✅,0.004774969614995489
31,78,cartoon,incongruent,✅,0.0201637740130841
31,79,alcoholism,congruent,✅,0.926410372058399
31,79,academics,congruent,✅,0.902024605975367
31,79,alcoholism,incongruent,✅,0.05145000842915021
31,79,academics,incongruent,✅,0.03375725629472914
31,8,engagement,congruent,✅,0.7821150373365403
31,8,cancer,congruent,❌,0.29355362015868647
31,8,engagement,incongruent,✅,0.14984667871864196
31,8,cancer,incongruent,✅,0.34984395738781104
31,9,terminal,congruent,✅,0.9888327473057269
31,9,classroom,congruent,✅,0.9901143430910757
31,9,terminal,incongruent,✅,0.0514061367467775
31,9,classroom,incongruent,✅,0.06470803845232556
32,0,library,congruent,✅,0.8222844977593018
32,0,refrigerator,congruent,✅,0.6533955203681722
32,0,library,incongruent,✅,0.04230858714884005
32,0,refrigerator,incongruent,✅,0.0294502957302639
32,1,disappointment,congruent,✅,0.7349271554871458
32,1,delight,congruent,✅,0.9804574631660677
32,1,disappointment,incongruent,✅,0.05421589122221411
32,1,delight,incongruent,✅,0.11129474858514737
32,10,cash,congruent,✅,0.9980390264927982
32,10,groceries,congruent,✅,0.8246653996707999
32,10,cash,incongruent,✅,0.12179526366291554
32,10,groceries,incongruent,✅,0.05932836465981801
32,11,lonely,congruent,✅,0.9405443560699541
32,11,confident,congruent,✅,0.7980268543092768
32,11,lonely,incongruent,✅,0.027925979441482254
32,11,confident,incongruent,✅,0.49487191354067167
32,12,joy,congruent,✅,0.9856731499615438
32,12,outrage,congruent,❌,0.35757801942534234
32,12,joy,incongruent,✅,0.11614775912376046
32,12,outrage,incongruent,❌,0.9077336520356597
32,13,traffic,congruent,✅,0.9901986400251118
32,13,snowstorm,congruent,✅,0.9913102349200917
32,13,traffic,incongruent,❌,0.8880843540944425
32,13,snowstorm,incongruent,❌,0.8205659588508725
32,14,laughter,congruent,✅,0.9921015513730602
32,14,frustration,congruent,✅,0.9643613432062171
32,14,laughter,incongruent,✅,0.032958507900887606
32,14,frustration,incongruent,✅,0.02646349595475447
32,15,calculator,congruent,✅,0.865756981729367
32,15,instrument,congruent,✅,0.950024448998213
32,15,calculator,incongruent,✅,0.16054972276753665
32,15,instrument,incongruent,❌,0.7017265966151456
32,16,orchestra,congruent,✅,0.730703639390191
32,16,racers,congruent,✅,0.9803360428984752
32,16,orchestra,incongruent,✅,0.11077761036070144
32,16,racers,incongruent,✅,0.004155909258625785
32,17,retirement,congruent,✅,0.9539217684267435
32,17,playdate,congruent,✅,0.9625530499897642
32,17,retirement,incongruent,✅,0.1372354659202338
32,17,playdate,incongruent,✅,0.08295206039689736
32,18,relieved,congruent,✅,0.7269673703827289
32,18,depressed,congruent,✅,0.7450560225070266
32,18,relieved,incongruent,✅,0.051045436699879175
32,18,depressed,incongruent,✅,0.13839608146604404
32,19,friends,congruent,❌,0.3037546136388935
32,19,weight,congruent,✅,0.7381283700496298
32,19,friends,incongruent,✅,0.2174078372179386
32,19,weight,incongruent,✅,0.03772186674084803
32,2,overcoat,congruent,✅,0.8572906934049672
32,2,sandals,congruent,✅,0.631485944682079
32,2,overcoat,incongruent,✅,0.07904340499326755
32,2,sandals,incongruent,✅,0.03802878439185812
32,20,lipstick,congruent,✅,0.6366801656903859
32,20,song,congruent,✅,0.9764204541528082
32,20,lipstick,incongruent,❌,0.6199269641316513
32,20,song,incongruent,✅,0.06506494826167776
32,21,fought,congruent,✅,0.9799019115042391
32,21,sang,congruent,✅,0.6879746590422897
32,21,fought,incongruent,✅,0.049923588541208486
32,21,sang,incongruent,✅,0.2052932344083767
32,22,skeptical,congruent,✅,0.7708312914957235
32,22,reassured,congruent,✅,0.752348082668479
32,22,skeptical,incongruent,✅,0.2304940029865521
32,22,reassured,incongruent,✅,0.1115184400605481
32,23,graduation,congruent,✅,0.9988095271590988
32,23,operation,congruent,❌,0.48480671362593836
32,23,graduation,incongruent,✅,0.027618369188199474
32,23,operation,incongruent,✅,0.29073363547694225
32,24,bride,congruent,✅,0.9348942407604752
32,24,aftermath,congruent,✅,0.9858923287942986
32,24,bride,incongruent,✅,0.0974753347199934
32,24,aftermath,incongruent,✅,0.003467716573945913
32,25,teacher,congruent,✅,0.9807294051957811
32,25,daughter,congruent,✅,0.9773098689006866
32,25,teacher,incongruent,✅,0.01580976005063858
32,25,daughter,incongruent,✅,0.05072559601494248
32,26,roommate,congruent,✅,0.8619715898439299
32,26,grandma,congruent,✅,0.982610431911777
32,26,roommate,incongruent,✅,0.18391140474008252
32,26,grandma,incongruent,✅,0.01626200365600348
32,27,brother,congruent,✅,0.8642970311503805
32,27,mother,congruent,✅,0.9803953059172608
32,27,brother,incongruent,✅,0.036357554352666036
32,27,mother,incongruent,✅,0.007570198271311136
32,28,preschool,congruent,❌,0.4993302991543607
32,28,prison,congruent,✅,0.813091351356626
32,28,preschool,incongruent,✅,0.0019800868869653166
32,28,prison,incongruent,✅,0.008016680897545815
32,29,hopeful,congruent,❌,0.4906431274069827
32,29,hopeless,congruent,✅,0.9028343048118005
32,29,hopeful,incongruent,✅,0.3020722791709508
32,29,hopeless,incongruent,✅,0.0583394668395909
32,3,marathon,congruent,✅,0.9119651074147904
32,3,exam,congruent,✅,0.9241900986281067
32,3,marathon,incongruent,✅,0.17115120593426517
32,3,exam,incongruent,✅,0.09266564586694459
32,30,appalled,congruent,✅,0.5141208212357798
32,30,overjoyed,congruent,✅,0.876791191932195
32,30,appalled,incongruent,✅,0.10907498879640058
32,30,overjoyed,incongruent,✅,0.1004937680151593
32,31,reprimand,congruent,✅,0.946009048234755
32,31,encouragement,congruent,✅,0.9837347638021479
32,31,reprimand,incongruent,✅,0.1076594211328115
32,31,encouragement,incongruent,✅,0.06768963593448125
32,32,angrily,congruent,✅,0.9950315927249898
32,32,cordially,congruent,✅,0.9205527013291638
32,32,angrily,incongruent,✅,0.05105459016009498
32,32,cordially,incongruent,✅,0.07680452516548461
32,33,accusatory,congruent,✅,0.9742174915869614
32,33,flirtatious,congruent,✅,0.9494784211902448
32,33,accusatory,incongruent,✅,0.15482203232543207
32,33,flirtatious,incongruent,❌,0.5096838465865969
32,34,disapprovingly,congruent,✅,0.9705044389422327
32,34,lovingly,congruent,✅,0.7153425837112969
32,34,disapprovingly,incongruent,✅,0.12507392331047587
32,34,lovingly,incongruent,❌,0.5100552911244062
32,35,playful,congruent,✅,0.8661293936126992
32,35,distant,congruent,✅,0.8363469654943191
32,35,playful,incongruent,✅,0.32323280030987134
32,35,distant,incongruent,✅,0.06860413520185764
32,36,headphones,congruent,✅,0.6966959674445417
32,36,mangoes,congruent,✅,0.8163043901828994
32,36,headphones,incongruent,✅,0.3296913172562871
32,36,mangoes,incongruent,✅,0.08601814944483052
32,37,playroom,congruent,✅,0.9420102876183484
32,37,park,congruent,✅,0.9906786602567583
32,37,playroom,incongruent,✅,0.04913469421797374
32,37,park,incongruent,✅,0.023138995792207913
32,38,bedroom,congruent,✅,0.9653683232653192
32,38,backyard,congruent,✅,0.9844942892249507
32,38,bedroom,incongruent,✅,0.02842440009930167
32,38,backyard,incongruent,✅,0.003696997791894711
32,39,solemnly,congruent,✅,0.8174454503498044
32,39,excitedly,congruent,✅,0.7410971247332458
32,39,solemnly,incongruent,✅,0.09037578578051793
32,39,excitedly,incongruent,✅,0.12286032221414503
32,4,menu,congruent,✅,0.8036540989595609
32,4,prescription,congruent,✅,0.9912433534692435
32,4,menu,incongruent,✅,0.38602445533710805
32,4,prescription,incongruent,✅,0.07307962807411086
32,40,car,congruent,✅,0.8241837732772302
32,40,sock,congruent,✅,0.6007742739293095
32,40,car,incongruent,✅,0.08413141157596606
32,40,sock,incongruent,✅,0.039237664994322366
32,41,overdressed,congruent,✅,0.783812729396236
32,41,naked,congruent,✅,0.6507269985217254
32,41,overdressed,incongruent,✅,0.08387713882029248
32,41,naked,incongruent,✅,0.16885471435920216
32,42,shy,congruent,✅,0.8711594992597782
32,42,lively,congruent,✅,0.9453623818255036
32,42,shy,incongruent,✅,0.1454639514173714
32,42,lively,incongruent,✅,0.06802798042363827
32,43,offended,congruent,✅,0.916114045370042
32,43,flattered,congruent,✅,0.8296349816859078
32,43,offended,incongruent,✅,0.06884209040054194
32,43,flattered,incongruent,✅,0.48990928779240356
32,44,grandkid,congruent,✅,0.978996546217203
32,44,cellmate,congruent,✅,0.9629617239417532
32,44,grandkid,incongruent,✅,0.10146572925984922
32,44,cellmate,incongruent,✅,0.22827915007263497
32,45,promoted,congruent,✅,0.9798677430005851
32,45,fired,congruent,✅,0.9949558359060078
32,45,promoted,incongruent,✅,0.15673284308479465
32,45,fired,incongruent,✅,0.03376991684804391
32,46,shooting,congruent,❌,0.37633445156807116
32,46,celebration,congruent,❌,0.01485301804538637
32,46,shooting,incongruent,✅,0.015057297926597884
32,46,celebration,incongruent,✅,0.08581338212266257
32,47,crayon,congruent,❌,0.4649309605681081
32,47,beer,congruent,✅,0.9442676636274508
32,47,crayon,incongruent,✅,0.018665935573757318
32,47,beer,incongruent,✅,0.039746211111538796
32,48,waiter,congruent,✅,0.9847872172603162
32,48,taxi,congruent,✅,0.9819959283235085
32,48,waiter,incongruent,✅,0.10870212701253679
32,48,taxi,incongruent,✅,0.3875259058997076
32,49,parents,congruent,✅,0.9664262213817556
32,49,keys,congruent,✅,0.973766310244385
32,49,parents,incongruent,✅,0.1803626019488644
32,49,keys,incongruent,✅,0.040552055842381016
32,5,distress,congruent,✅,0.910533007712121
32,5,tranquility,congruent,✅,0.8648825362245568
32,5,distress,incongruent,✅,0.03104566268424852
32,5,tranquility,incongruent,✅,0.19207845667815374
32,50,sofa,congruent,✅,0.9947361014806947
32,50,sky,congruent,✅,0.9883712291781567
32,50,sofa,incongruent,✅,0.3678526561104165
32,50,sky,incongruent,❌,0.5523455462830256
32,51,obesity,congruent,❌,0.3089628413830871
32,51,homework,congruent,✅,0.9697816036992366
32,51,obesity,incongruent,✅,0.03369173700129703
32,51,homework,incongruent,✅,0.0811340375671567
32,52,quiz,congruent,✅,0.9224904799791253
32,52,commute,congruent,✅,0.9549537895409241
32,52,quiz,incongruent,✅,0.01061756321566235
32,52,commute,incongruent,✅,0.031109685409979593
32,53,migraine,congruent,✅,0.9348061348946789
32,53,excitement,congruent,✅,0.975924854881776
32,53,migraine,incongruent,✅,0.004013192824994895
32,53,excitement,incongruent,✅,0.11720557513170393
32,54,niece,congruent,✅,0.8468261461437141
32,54,husband,congruent,✅,0.9872831295626996
32,54,niece,incongruent,✅,0.41241207216991604
32,54,husband,incongruent,✅,0.11267370320499877
32,55,film,congruent,✅,0.9571343503552417
32,55,sunrise,congruent,✅,0.8267374604434229
32,55,film,incongruent,✅,0.023925840956189486
32,55,sunrise,incongruent,✅,0.05150647673374478
32,56,lecture,congruent,✅,0.881419360011028
32,56,banquet,congruent,✅,0.5047015604761611
32,56,lecture,incongruent,✅,0.010820408410370791
32,56,banquet,incongruent,✅,0.0058198826124324764
32,57,drink,congruent,✅,0.9478862270223091
32,57,textbook,congruent,✅,0.9461550216156823
32,57,drink,incongruent,✅,0.14767070724190715
32,57,textbook,incongruent,✅,0.03538106708423272
32,58,pool,congruent,✅,0.9819329696236857
32,58,snow,congruent,✅,0.6774028460961068
32,58,pool,incongruent,✅,0.008407150164039598
32,58,snow,incongruent,✅,0.18566181068075024
32,59,passport,congruent,✅,0.6811184539674222
32,59,plushy,congruent,✅,0.9259898186503667
32,59,passport,incongruent,✅,0.09592147618934084
32,59,plushy,incongruent,✅,0.12308169238043726
32,6,patients,congruent,✅,0.9769043224857927
32,6,students,congruent,✅,0.9954395373233491
32,6,patients,incongruent,✅,0.07034008275298871
32,6,students,incongruent,✅,0.10328388094874907
32,60,sister,congruent,✅,0.9395877730982622
32,60,father,congruent,✅,0.9559951428208856
32,60,sister,incongruent,✅,0.1246188080490415
32,60,father,incongruent,✅,0.11556496819744864
32,61,game,congruent,✅,0.9743481900559128
32,61,sunset,congruent,✅,0.9117992436283752
32,61,game,incongruent,✅,0.06954237292602355
32,61,sunset,incongruent,✅,0.05435815398106884
32,62,holidays,congruent,✅,0.9694837080836239
32,62,funeral,congruent,✅,0.9313794057414762
32,62,holidays,incongruent,✅,0.18180632910334502
32,62,funeral,incongruent,❌,0.6147674398800702
32,63,grades,congruent,✅,0.7022283194756235
32,63,affair,congruent,✅,0.9907245439229925
32,63,grades,incongruent,✅,0.14030705469404722
32,63,affair,incongruent,✅,0.0048006268504781
32,64,arrest,congruent,❌,0.49935453160309157
32,64,stroke,congruent,✅,0.78725688864117
32,64,arrest,incongruent,✅,0.27497808533760376
32,64,stroke,incongruent,✅,0.2777535643417581
32,65,pacifier,congruent,✅,0.9638190488145503
32,65,coffee,congruent,✅,0.9585493503057445
32,65,pacifier,incongruent,✅,0.0434648512401263
32,65,coffee,incongruent,✅,0.12007421970924062
32,66,sweets,congruent,✅,0.9852408984526542
32,66,sentencing,congruent,✅,0.9766110713573113
32,66,sweets,incongruent,✅,0.006511188676824884
32,66,sentencing,incongruent,✅,0.01054253471054798
32,67,nap,congruent,✅,0.9936489295269411
32,67,selfie,congruent,✅,0.9936746132624721
32,67,nap,incongruent,✅,0.10620060820349278
32,67,selfie,incongruent,✅,0.010649945058851392
32,68,diaper,congruent,✅,0.9814982217116207
32,68,tire,congruent,✅,0.9960701903844777
32,68,diaper,incongruent,✅,0.006768290768565051
32,68,tire,incongruent,✅,0.004339913843441365
32,69,chemotherapy,congruent,✅,0.9955438302526152
32,69,golf,congruent,✅,0.9321008189277679
32,69,chemotherapy,incongruent,✅,0.00750317201374856
32,69,golf,incongruent,❌,0.6499199163943354
32,7,consensus,congruent,✅,0.7548819841157391
32,7,deadlock,congruent,✅,0.7266811839619105
32,7,consensus,incongruent,✅,0.09545388293756296
32,7,deadlock,incongruent,✅,0.2811954405385886
32,70,thunder,congruent,✅,0.7876059887628745
32,70,lullaby,congruent,✅,0.5725471047600237
32,70,thunder,incongruent,✅,0.014783662695585894
32,70,lullaby,incongruent,✅,0.061276270729561426
32,71,pajamas,congruent,✅,0.9764904126396307
32,71,uniform,congruent,✅,0.9226738766613453
32,71,pajamas,incongruent,✅,0.13505118610183722
32,71,uniform,incongruent,✅,0.05246807125515132
32,72,gown,congruent,✅,0.9898405146726077
32,72,sweats,congruent,✅,0.9677683302433466
32,72,gown,incongruent,✅,0.15180390018492848
32,72,sweats,incongruent,✅,0.11926871813680238
32,73,deadline,congruent,❌,0.3602209935726368
32,73,bed,congruent,✅,0.9231773581957079
32,73,deadline,incongruent,✅,0.020263510043433
32,73,bed,incongruent,✅,0.05447964072492897
32,74,kindergarten,congruent,✅,0.9300062472246284
32,74,jail,congruent,✅,0.9746612369248984
32,74,kindergarten,incongruent,✅,0.03984095891620187
32,74,jail,incongruent,✅,0.308984301543252
32,75,interrogated,congruent,✅,0.9786963327028363
32,75,tickled,congruent,✅,0.9222707461505542
32,75,interrogated,incongruent,✅,0.058454707499985166
32,75,tickled,incongruent,✅,0.027843766613105666
32,76,sandcastle,congruent,✅,0.9712132624124197
32,76,snowman,congruent,✅,0.9747570356210652
32,76,sandcastle,incongruent,✅,0.016710260259213378
32,76,snowman,incongruent,✅,0.027531545266175416
32,77,music,congruent,✅,0.9943835390269165
32,77,pizza,congruent,✅,0.9991681594776014
32,77,music,incongruent,✅,0.11268234302509646
32,77,pizza,incongruent,✅,0.004034652435670356
32,78,playoffs,congruent,✅,0.5521320969765323
32,78,cartoon,congruent,✅,0.9653014091959339
32,78,playoffs,incongruent,✅,0.005309095406809904
32,78,cartoon,incongruent,✅,0.016571534361758723
32,79,alcoholism,congruent,✅,0.9157469013755982
32,79,academics,congruent,✅,0.8981826508437769
32,79,alcoholism,incongruent,✅,0.05776088141100338
32,79,academics,incongruent,✅,0.033744237342835166
32,8,engagement,congruent,✅,0.7439105347213074
32,8,cancer,congruent,❌,0.4036639421284726
32,8,engagement,incongruent,✅,0.17579722325736916
32,8,cancer,incongruent,✅,0.3165513781908256
32,9,terminal,congruent,✅,0.990103295609669
32,9,classroom,congruent,✅,0.9911654256440846
32,9,terminal,incongruent,✅,0.07327955781210659
32,9,classroom,incongruent,✅,0.095810896876112
33,0,library,congruent,✅,0.7310737351569541
33,0,refrigerator,congruent,✅,0.5780320478876769
33,0,library,incongruent,✅,0.03726908135090713
33,0,refrigerator,incongruent,✅,0.02444743236910727
33,1,disappointment,congruent,✅,0.6833117579078951
33,1,delight,congruent,✅,0.979610300474426
33,1,disappointment,incongruent,✅,0.059547870123460064
33,1,delight,incongruent,✅,0.10099557673281617
33,10,cash,congruent,✅,0.997172185055164
33,10,groceries,congruent,✅,0.8126905903282231
33,10,cash,incongruent,✅,0.14197571787366864
33,10,groceries,incongruent,✅,0.040981912247764735
33,11,lonely,congruent,✅,0.9554283883953166
33,11,confident,congruent,✅,0.8613656141918044
33,11,lonely,incongruent,✅,0.05751226649586937
33,11,confident,incongruent,❌,0.5810940334575572
33,12,joy,congruent,✅,0.9844487934339476
33,12,outrage,congruent,❌,0.2950337047946186
33,12,joy,incongruent,✅,0.09483041465433499
33,12,outrage,incongruent,❌,0.9027084394028346
33,13,traffic,congruent,✅,0.989546224421173
33,13,snowstorm,congruent,✅,0.9892809225072318
33,13,traffic,incongruent,❌,0.8670135278683323
33,13,snowstorm,incongruent,❌,0.8134645785806663
33,14,laughter,congruent,✅,0.9919783842540169
33,14,frustration,congruent,✅,0.9729870815129525
33,14,laughter,incongruent,✅,0.056631759927442536
33,14,frustration,incongruent,✅,0.02503487978229887
33,15,calculator,congruent,✅,0.8067194378948882
33,15,instrument,congruent,✅,0.9393773866898669
33,15,calculator,incongruent,✅,0.18218888162121377
33,15,instrument,incongruent,❌,0.6240251911135569
33,16,orchestra,congruent,✅,0.7289018510489806
33,16,racers,congruent,✅,0.9784078680541424
33,16,orchestra,incongruent,✅,0.11871348818994852
33,16,racers,incongruent,✅,0.004871582462961207
33,17,retirement,congruent,✅,0.9476016516175868
33,17,playdate,congruent,✅,0.946266835806668
33,17,retirement,incongruent,✅,0.12654336584112003
33,17,playdate,incongruent,✅,0.09082349711875304
33,18,relieved,congruent,✅,0.7593887490257643
33,18,depressed,congruent,✅,0.7521773510271244
33,18,relieved,incongruent,✅,0.06070711342210808
33,18,depressed,incongruent,✅,0.16407537620610677
33,19,friends,congruent,❌,0.3150674105774274
33,19,weight,congruent,✅,0.8043606660381524
33,19,friends,incongruent,✅,0.2947899727722023
33,19,weight,incongruent,✅,0.04328680776795868
33,2,overcoat,congruent,✅,0.8451010622681583
33,2,sandals,congruent,✅,0.6935680317806582
33,2,overcoat,incongruent,✅,0.12976798041191656
33,2,sandals,incongruent,✅,0.04725879623821937
33,20,lipstick,congruent,✅,0.694759246545605
33,20,song,congruent,✅,0.9750327438000488
33,20,lipstick,incongruent,❌,0.6407087658501079
33,20,song,incongruent,✅,0.10334924437576529
33,21,fought,congruent,✅,0.9797942120270519
33,21,sang,congruent,✅,0.568821032120946
33,21,fought,incongruent,✅,0.037693943638914075
33,21,sang,incongruent,✅,0.21207381030200154
33,22,skeptical,congruent,✅,0.7156308855168597
33,22,reassured,congruent,✅,0.71820470317468
33,22,skeptical,incongruent,✅,0.20290154299682153
33,22,reassured,incongruent,✅,0.08150182602602778
33,23,graduation,congruent,✅,0.9986943129253555
33,23,operation,congruent,❌,0.44483817914483054
33,23,graduation,incongruent,✅,0.04295646772415914
33,23,operation,incongruent,✅,0.27068881541459483
33,24,bride,congruent,✅,0.9339342277104324
33,24,aftermath,congruent,✅,0.976893144279824
33,24,bride,incongruent,✅,0.08832244608718329
33,24,aftermath,incongruent,✅,0.003492279058879335
33,25,teacher,congruent,✅,0.9820968163368813
33,25,daughter,congruent,✅,0.9815999804857254
33,25,teacher,incongruent,✅,0.023731575656543373
33,25,daughter,incongruent,✅,0.05219596639409244
33,26,roommate,congruent,✅,0.874211733028131
33,26,grandma,congruent,✅,0.9872907531091746
33,26,roommate,incongruent,✅,0.2233610722145428
33,26,grandma,incongruent,✅,0.024544555819704963
33,27,brother,congruent,✅,0.8711938093478253
33,27,mother,congruent,✅,0.9830244770300394
33,27,brother,incongruent,✅,0.048664438492472005
33,27,mother,incongruent,✅,0.009142983642464087
33,28,preschool,congruent,❌,0.3957217518771507
33,28,prison,congruent,✅,0.8499993807254927
33,28,preschool,incongruent,✅,0.0031881970611083344
33,28,prison,incongruent,✅,0.007191037123768328
33,29,hopeful,congruent,❌,0.46055271643250484
33,29,hopeless,congruent,✅,0.8821755111996613
33,29,hopeful,incongruent,✅,0.26530545331898214
33,29,hopeless,incongruent,✅,0.04966188430663911
33,3,marathon,congruent,✅,0.9030399153859346
33,3,exam,congruent,✅,0.9126836918258914
33,3,marathon,incongruent,✅,0.17778012207666713
33,3,exam,incongruent,✅,0.1296200279628394
33,30,appalled,congruent,✅,0.5966516262427087
33,30,overjoyed,congruent,✅,0.8691188906242714
33,30,appalled,incongruent,✅,0.11414028287890371
33,30,overjoyed,incongruent,✅,0.16289968531580928
33,31,reprimand,congruent,✅,0.9418803417151226
33,31,encouragement,congruent,✅,0.9801026986395874
33,31,reprimand,incongruent,✅,0.10772783564202146
33,31,encouragement,incongruent,✅,0.08676465371703837
33,32,angrily,congruent,✅,0.9950059315016435
33,32,cordially,congruent,✅,0.9104846476518657
33,32,angrily,incongruent,✅,0.06587495151851475
33,32,cordially,incongruent,✅,0.08205648693331487
33,33,accusatory,congruent,✅,0.9721919917353882
33,33,flirtatious,congruent,✅,0.9378799055530614
33,33,accusatory,incongruent,✅,0.15334920133059843
33,33,flirtatious,incongruent,✅,0.49117185269357894
33,34,disapprovingly,congruent,✅,0.9606792111383038
33,34,lovingly,congruent,✅,0.6292868502760238
33,34,disapprovingly,incongruent,✅,0.09373292594264719
33,34,lovingly,incongruent,✅,0.47256143121120475
33,35,playful,congruent,✅,0.8550161840427934
33,35,distant,congruent,✅,0.8604697858934907
33,35,playful,incongruent,✅,0.38148035660902024
33,35,distant,incongruent,✅,0.06600515455577782
33,36,headphones,congruent,✅,0.5730587184290161
33,36,mangoes,congruent,✅,0.8476342968309233
33,36,headphones,incongruent,✅,0.3770525430285543
33,36,mangoes,incongruent,✅,0.07452630095968796
33,37,playroom,congruent,✅,0.9431181394301462
33,37,park,congruent,✅,0.9920075555066131
33,37,playroom,incongruent,✅,0.07298507505591673
33,37,park,incongruent,✅,0.04052636644526808
33,38,bedroom,congruent,✅,0.9662133218161849
33,38,backyard,congruent,✅,0.9797480301985855
33,38,bedroom,incongruent,✅,0.02582824795906472
33,38,backyard,incongruent,✅,0.00551792366153068
33,39,solemnly,congruent,✅,0.856724967443301
33,39,excitedly,congruent,✅,0.7421564667275728
33,39,solemnly,incongruent,✅,0.10850547853913475
33,39,excitedly,incongruent,✅,0.17085416220902183
33,4,menu,congruent,✅,0.8857981300964525
33,4,prescription,congruent,✅,0.9965508205834975
33,4,menu,incongruent,❌,0.5865488619480281
33,4,prescription,incongruent,✅,0.12391804568642016
33,40,car,congruent,✅,0.7921284765093122
33,40,sock,congruent,✅,0.5824401372832848
33,40,car,incongruent,✅,0.09736472516454267
33,40,sock,incongruent,✅,0.04427873322072785
33,41,overdressed,congruent,✅,0.7768874599450064
33,41,naked,congruent,✅,0.5200261409239052
33,41,overdressed,incongruent,✅,0.06531431092641964
33,41,naked,incongruent,✅,0.16707411784146692
33,42,shy,congruent,✅,0.8284631033368103
33,42,lively,congruent,✅,0.9274847658335684
33,42,shy,incongruent,✅,0.1426506580048205
33,42,lively,incongruent,✅,0.04252428459955801
33,43,offended,congruent,✅,0.8930614823772332
33,43,flattered,congruent,✅,0.8341732793503395
33,43,offended,incongruent,✅,0.06902612189176816
33,43,flattered,incongruent,✅,0.45520660631222415
33,44,grandkid,congruent,✅,0.978639365163591
33,44,cellmate,congruent,✅,0.9595345552869355
33,44,grandkid,incongruent,✅,0.12640453603901128
33,44,cellmate,incongruent,✅,0.2146870354076792
33,45,promoted,congruent,✅,0.9821044054175335
33,45,fired,congruent,✅,0.9916681340033472
33,45,promoted,incongruent,✅,0.12155981917235867
33,45,fired,incongruent,✅,0.03882159445963306
33,46,shooting,congruent,❌,0.38198235101060085
33,46,celebration,congruent,❌,0.012896156094429335
33,46,shooting,incongruent,✅,0.013643878605094365
33,46,celebration,incongruent,✅,0.06864328599136056
33,47,crayon,congruent,❌,0.37574716763119403
33,47,beer,congruent,✅,0.9338042041254945
33,47,crayon,incongruent,✅,0.01817194719799114
33,47,beer,incongruent,✅,0.028231286489927867
33,48,waiter,congruent,✅,0.9791510465754987
33,48,taxi,congruent,✅,0.9801343258179843
33,48,waiter,incongruent,✅,0.12150991971743652
33,48,taxi,incongruent,✅,0.3885373648517814
33,49,parents,congruent,✅,0.9581990498586878
33,49,keys,congruent,✅,0.9746453147024788
33,49,parents,incongruent,✅,0.22892020911468264
33,49,keys,incongruent,✅,0.03129427678180996
33,5,distress,congruent,✅,0.9109367875689585
33,5,tranquility,congruent,✅,0.8979331845466363
33,5,distress,incongruent,✅,0.05599639553226236
33,5,tranquility,incongruent,✅,0.20064494715934275
33,50,sofa,congruent,✅,0.9932354442039444
33,50,sky,congruent,✅,0.9908344430166437
33,50,sofa,incongruent,✅,0.4995183633605618
33,50,sky,incongruent,✅,0.47590214790782764
33,51,obesity,congruent,❌,0.29583406893039377
33,51,homework,congruent,✅,0.9682205982206105
33,51,obesity,incongruent,✅,0.03334672475645843
33,51,homework,incongruent,✅,0.05004175787773993
33,52,quiz,congruent,✅,0.8908773116556278
33,52,commute,congruent,✅,0.9343258127017412
33,52,quiz,incongruent,✅,0.009840135897827541
33,52,commute,incongruent,✅,0.024123007251163432
33,53,migraine,congruent,✅,0.9032916702169594
33,53,excitement,congruent,✅,0.9799109444207781
33,53,migraine,incongruent,✅,0.005383249484826777
33,53,excitement,incongruent,✅,0.11132377573658969
33,54,niece,congruent,✅,0.8424019310228573
33,54,husband,congruent,✅,0.9857656609808346
33,54,niece,incongruent,✅,0.4352108924958789
33,54,husband,incongruent,✅,0.15995258797026296
33,55,film,congruent,✅,0.9581446166861446
33,55,sunrise,congruent,✅,0.8712350525097409
33,55,film,incongruent,✅,0.038356793828751776
33,55,sunrise,incongruent,✅,0.0462584494836246
33,56,lecture,congruent,✅,0.9293636250573936
33,56,banquet,congruent,❌,0.4345951337411193
33,56,lecture,incongruent,✅,0.00968799007316567
33,56,banquet,incongruent,✅,0.010243152392572825
33,57,drink,congruent,✅,0.9314552319141194
33,57,textbook,congruent,✅,0.9399976577641619
33,57,drink,incongruent,✅,0.12358841285833387
33,57,textbook,incongruent,✅,0.04015198525333279
33,58,pool,congruent,✅,0.9800610630109977
33,58,snow,congruent,✅,0.6823414892611627
33,58,pool,incongruent,✅,0.009981748292298913
33,58,snow,incongruent,✅,0.20525852248837742
33,59,passport,congruent,✅,0.6378280376178698
33,59,plushy,congruent,✅,0.9394464364356878
33,59,passport,incongruent,✅,0.14948175878374684
33,59,plushy,incongruent,✅,0.13005365898775356
33,6,patients,congruent,✅,0.9594271129183923
33,6,students,congruent,✅,0.9911530285079929
33,6,patients,incongruent,✅,0.05967466218346309
33,6,students,incongruent,✅,0.0807901126006755
33,60,sister,congruent,✅,0.9299662229181987
33,60,father,congruent,✅,0.9402158947214232
33,60,sister,incongruent,✅,0.09402418341194334
33,60,father,incongruent,✅,0.10472530686314575
33,61,game,congruent,✅,0.9837662995586629
33,61,sunset,congruent,✅,0.9328666691362579
33,61,game,incongruent,✅,0.10337395604137048
33,61,sunset,incongruent,✅,0.0824624136026785
33,62,holidays,congruent,✅,0.9407955288148826
33,62,funeral,congruent,✅,0.9430570746740258
33,62,holidays,incongruent,✅,0.25655944167908584
33,62,funeral,incongruent,✅,0.4584411449788186
33,63,grades,congruent,✅,0.6224696020051771
33,63,affair,congruent,✅,0.9931407607963206
33,63,grades,incongruent,✅,0.23566662632499788
33,63,affair,incongruent,✅,0.0036024437408916843
33,64,arrest,congruent,❌,0.4524033063133164
33,64,stroke,congruent,✅,0.8813187488594298
33,64,arrest,incongruent,✅,0.44458311379348114
33,64,stroke,incongruent,✅,0.2560306446489789
33,65,pacifier,congruent,✅,0.9575437793852224
33,65,coffee,congruent,✅,0.9620147748187168
33,65,pacifier,incongruent,✅,0.04252231363594018
33,65,coffee,incongruent,✅,0.09755927407660331
33,66,sweets,congruent,✅,0.985309852050829
33,66,sentencing,congruent,✅,0.9738323729059363
33,66,sweets,incongruent,✅,0.007105840067144185
33,66,sentencing,incongruent,✅,0.012551243798368398
33,67,nap,congruent,✅,0.995007539456353
33,67,selfie,congruent,✅,0.9945926308711515
33,67,nap,incongruent,✅,0.12126173158504476
33,67,selfie,incongruent,✅,0.013839649017798957
33,68,diaper,congruent,✅,0.9870418904484314
33,68,tire,congruent,✅,0.9960636857716278
33,68,diaper,incongruent,✅,0.006679772522325404
33,68,tire,incongruent,✅,0.009062420877532444
33,69,chemotherapy,congruent,✅,0.9957512906046978
33,69,golf,congruent,✅,0.9290288798812811
33,69,chemotherapy,incongruent,✅,0.008795168979257764
33,69,golf,incongruent,❌,0.6708417910704279
33,7,consensus,congruent,✅,0.6496335579661512
33,7,deadlock,congruent,✅,0.6521816062122828
33,7,consensus,incongruent,✅,0.08017861725212135
33,7,deadlock,incongruent,✅,0.18723629870174913
33,70,thunder,congruent,✅,0.698073749986428
33,70,lullaby,congruent,✅,0.5549905679353326
33,70,thunder,incongruent,✅,0.014647736135364423
33,70,lullaby,incongruent,✅,0.05254539642359477
33,71,pajamas,congruent,✅,0.9754115224778909
33,71,uniform,congruent,✅,0.8925891411429726
33,71,pajamas,incongruent,✅,0.12934182591260346
33,71,uniform,incongruent,✅,0.05127465093746716
33,72,gown,congruent,✅,0.9880667081301417
33,72,sweats,congruent,✅,0.9684615150568248
33,72,gown,incongruent,✅,0.18426505484731293
33,72,sweats,incongruent,✅,0.10007439318329196
33,73,deadline,congruent,❌,0.4611127017822747
33,73,bed,congruent,✅,0.968002116278336
33,73,deadline,incongruent,✅,0.06424181641854537
33,73,bed,incongruent,✅,0.10592216092899541
33,74,kindergarten,congruent,✅,0.9437770797253006
33,74,jail,congruent,✅,0.9649826804068117
33,74,kindergarten,incongruent,✅,0.030939185939708947
33,74,jail,incongruent,✅,0.3693215176548953
33,75,interrogated,congruent,✅,0.9736487038204342
33,75,tickled,congruent,✅,0.9332685808220424
33,75,interrogated,incongruent,✅,0.06362105062852313
33,75,tickled,incongruent,✅,0.02271442695030954
33,76,sandcastle,congruent,✅,0.9707861645471441
33,76,snowman,congruent,✅,0.9794462911074584
33,76,sandcastle,incongruent,✅,0.02410135980436193
33,76,snowman,incongruent,✅,0.03499152026412171
33,77,music,congruent,✅,0.9928502842755362
33,77,pizza,congruent,✅,0.9990050536554611
33,77,music,incongruent,✅,0.0700530083668594
33,77,pizza,incongruent,✅,0.00559285855542965
33,78,playoffs,congruent,✅,0.6096733202019883
33,78,cartoon,congruent,✅,0.9312952519511618
33,78,playoffs,incongruent,✅,0.0025843190086165765
33,78,cartoon,incongruent,✅,0.025738935959193108
33,79,alcoholism,congruent,✅,0.8957917377038853
33,79,academics,congruent,✅,0.8991128749842486
33,79,alcoholism,incongruent,✅,0.056731970275053764
33,79,academics,incongruent,✅,0.035965659154711546
33,8,engagement,congruent,✅,0.7231777502694109
33,8,cancer,congruent,❌,0.2639083575296779
33,8,engagement,incongruent,✅,0.12475362566449105
33,8,cancer,incongruent,✅,0.30858775363414376
33,9,terminal,congruent,✅,0.9905190846931702
33,9,classroom,congruent,✅,0.9937418848617556
33,9,terminal,incongruent,✅,0.10295825970157416
33,9,classroom,incongruent,✅,0.11852962910936057
34,0,library,congruent,✅,0.7355935799735466
34,0,refrigerator,congruent,✅,0.5369584173175019
34,0,library,incongruent,✅,0.03997353023390436
34,0,refrigerator,incongruent,✅,0.035346617989984425
34,1,disappointment,congruent,✅,0.6508045360913652
34,1,delight,congruent,✅,0.9752702203872724
34,1,disappointment,incongruent,✅,0.06871049866818625
34,1,delight,incongruent,✅,0.11122787418248299
34,10,cash,congruent,✅,0.9969244881621092
34,10,groceries,congruent,✅,0.7386946925253832
34,10,cash,incongruent,✅,0.12566761678172783
34,10,groceries,incongruent,✅,0.08513857476251045
34,11,lonely,congruent,✅,0.9144540818459057
34,11,confident,congruent,✅,0.7661371429911086
34,11,lonely,incongruent,✅,0.04425824164080108
34,11,confident,incongruent,✅,0.4202747350527469
34,12,joy,congruent,✅,0.9791649063805126
34,12,outrage,congruent,❌,0.4606905745794395
34,12,joy,incongruent,✅,0.1769340197811212
34,12,outrage,incongruent,❌,0.8880246760315321
34,13,traffic,congruent,✅,0.9887994383460403
34,13,snowstorm,congruent,✅,0.9862888272870568
34,13,traffic,incongruent,❌,0.8492542149752734
34,13,snowstorm,incongruent,❌,0.8109595250159303
34,14,laughter,congruent,✅,0.9919983765604199
34,14,frustration,congruent,✅,0.9678917475248386
34,14,laughter,incongruent,✅,0.05770140372967778
34,14,frustration,incongruent,✅,0.04487121413687826
34,15,calculator,congruent,✅,0.7959318168619807
34,15,instrument,congruent,✅,0.9306267447089461
34,15,calculator,incongruent,✅,0.16174354904047444
34,15,instrument,incongruent,❌,0.5971379699359984
34,16,orchestra,congruent,✅,0.7169502430442646
34,16,racers,congruent,✅,0.9784760966960654
34,16,orchestra,incongruent,✅,0.15331774748878407
34,16,racers,incongruent,✅,0.006058110743898295
34,17,retirement,congruent,✅,0.9429347358485671
34,17,playdate,congruent,✅,0.9329724566154441
34,17,retirement,incongruent,✅,0.15316491783313202
34,17,playdate,incongruent,✅,0.11367184712527362
34,18,relieved,congruent,✅,0.7216763915261845
34,18,depressed,congruent,✅,0.7433996344078
34,18,relieved,incongruent,✅,0.06496167322297375
34,18,depressed,incongruent,✅,0.18047877689848277
34,19,friends,congruent,❌,0.35846970593791205
34,19,weight,congruent,✅,0.7948849062490099
34,19,friends,incongruent,✅,0.33265626321431896
34,19,weight,incongruent,✅,0.05994464241609381
34,2,overcoat,congruent,✅,0.8003983224452376
34,2,sandals,congruent,✅,0.7258973344387529
34,2,overcoat,incongruent,✅,0.188687136985348
34,2,sandals,incongruent,✅,0.04924212729678598
34,20,lipstick,congruent,✅,0.7554813748896513
34,20,song,congruent,✅,0.9772766743412122
34,20,lipstick,incongruent,❌,0.6615478447289723
34,20,song,incongruent,✅,0.1727390476118364
34,21,fought,congruent,✅,0.9858193964698113
34,21,sang,congruent,✅,0.5103029385342954
34,21,fought,incongruent,✅,0.02468836855169489
34,21,sang,incongruent,✅,0.3317663221067142
34,22,skeptical,congruent,✅,0.6013216014524506
34,22,reassured,congruent,✅,0.6865976129012554
34,22,skeptical,incongruent,✅,0.21181090686979204
34,22,reassured,incongruent,✅,0.05436134247534499
34,23,graduation,congruent,✅,0.9986839259464901
34,23,operation,congruent,❌,0.3745462217806246
34,23,graduation,incongruent,✅,0.046751721479570775
34,23,operation,incongruent,✅,0.3343061421649657
34,24,bride,congruent,✅,0.9181400533494859
34,24,aftermath,congruent,✅,0.9822786810264263
34,24,bride,incongruent,✅,0.14179645490851808
34,24,aftermath,incongruent,✅,0.0033924102471195048
34,25,teacher,congruent,✅,0.9819250808712623
34,25,daughter,congruent,✅,0.9735677124469804
34,25,teacher,incongruent,✅,0.027166944646927763
34,25,daughter,incongruent,✅,0.06483261591514207
34,26,roommate,congruent,✅,0.8286292474462554
34,26,grandma,congruent,✅,0.9851537510517641
34,26,roommate,incongruent,✅,0.20370260215446687
34,26,grandma,incongruent,✅,0.022160547346567118
34,27,brother,congruent,✅,0.868996534618921
34,27,mother,congruent,✅,0.9693196110287383
34,27,brother,incongruent,✅,0.044322684824778254
34,27,mother,incongruent,✅,0.011347316350628248
34,28,preschool,congruent,❌,0.4049216630253462
34,28,prison,congruent,✅,0.8228516380768816
34,28,preschool,incongruent,✅,0.003625131523862589
34,28,prison,incongruent,✅,0.009268656780818391
34,29,hopeful,congruent,✅,0.5877857470373783
34,29,hopeless,congruent,✅,0.8946531498594559
34,29,hopeful,incongruent,✅,0.31179713089020034
34,29,hopeless,incongruent,✅,0.09554979136378121
34,3,marathon,congruent,✅,0.8468369412323238
34,3,exam,congruent,✅,0.9044463886384231
34,3,marathon,incongruent,✅,0.18379880276890795
34,3,exam,incongruent,✅,0.10351305771904436
34,30,appalled,congruent,✅,0.5577181359181009
34,30,overjoyed,congruent,✅,0.8021943338308918
34,30,appalled,incongruent,✅,0.08519970848685514
34,30,overjoyed,incongruent,✅,0.15862758648620892
34,31,reprimand,congruent,✅,0.911516775972145
34,31,encouragement,congruent,✅,0.9670343835067413
34,31,reprimand,incongruent,✅,0.09231938639696867
34,31,encouragement,incongruent,✅,0.08875023964580235
34,32,angrily,congruent,✅,0.9879169482646214
34,32,cordially,congruent,✅,0.9056457585931168
34,32,angrily,incongruent,✅,0.1020123380522885
34,32,cordially,incongruent,✅,0.06320729991824232
34,33,accusatory,congruent,✅,0.9638716806915547
34,33,flirtatious,congruent,✅,0.9202750705468771
34,33,accusatory,incongruent,✅,0.172505419914604
34,33,flirtatious,incongruent,✅,0.4919819032508245
34,34,disapprovingly,congruent,✅,0.9687519820635111
34,34,lovingly,congruent,✅,0.6643307346959048
34,34,disapprovingly,incongruent,✅,0.14375906131974525
34,34,lovingly,incongruent,❌,0.5613151655300334
34,35,playful,congruent,✅,0.8562075088819362
34,35,distant,congruent,✅,0.8956506500050869
34,35,playful,incongruent,✅,0.49877633590121534
34,35,distant,incongruent,✅,0.09115336119607564
34,36,headphones,congruent,✅,0.5864888110804582
34,36,mangoes,congruent,✅,0.8699562044166801
34,36,headphones,incongruent,✅,0.4038576632215692
34,36,mangoes,incongruent,✅,0.09147375319485326
34,37,playroom,congruent,✅,0.908737776892222
34,37,park,congruent,✅,0.9938858420003712
34,37,playroom,incongruent,✅,0.11560864755224842
34,37,park,incongruent,✅,0.0357201404741906
34,38,bedroom,congruent,✅,0.9556738720064287
34,38,backyard,congruent,✅,0.9797554864994678
34,38,bedroom,incongruent,✅,0.03412105666978349
34,38,backyard,incongruent,✅,0.006258345159347281
34,39,solemnly,congruent,✅,0.7901042999631227
34,39,excitedly,congruent,✅,0.7807974148915123
34,39,solemnly,incongruent,✅,0.16342452317869363
34,39,excitedly,incongruent,✅,0.15305130681502344
34,4,menu,congruent,✅,0.8709764159305076
34,4,prescription,congruent,✅,0.996215494435594
34,4,menu,incongruent,❌,0.5491448680542398
34,4,prescription,incongruent,✅,0.1436964982876269
34,40,car,congruent,✅,0.8659806007648827
34,40,sock,congruent,✅,0.6621367498840702
34,40,car,incongruent,✅,0.11481038335383184
34,40,sock,incongruent,✅,0.10494749674954135
34,41,overdressed,congruent,✅,0.7777741996907216
34,41,naked,congruent,✅,0.5880589726857033
34,41,overdressed,incongruent,✅,0.08099653666441804
34,41,naked,incongruent,✅,0.22795369443384672
34,42,shy,congruent,✅,0.8473508070377395
34,42,lively,congruent,✅,0.918040258583932
34,42,shy,incongruent,✅,0.1679547574866458
34,42,lively,incongruent,✅,0.06861784531296829
34,43,offended,congruent,✅,0.8217025653792077
34,43,flattered,congruent,✅,0.8276839918465673
34,43,offended,incongruent,✅,0.08809732670474621
34,43,flattered,incongruent,✅,0.3606371355825332
34,44,grandkid,congruent,✅,0.9680361335251874
34,44,cellmate,congruent,✅,0.9498819371311873
34,44,grandkid,incongruent,✅,0.1456595254929672
34,44,cellmate,incongruent,✅,0.19214263259560535
34,45,promoted,congruent,✅,0.9843734654628588
34,45,fired,congruent,✅,0.9869613836165114
34,45,promoted,incongruent,✅,0.11529803556215462
34,45,fired,incongruent,✅,0.046856543369074445
34,46,shooting,congruent,❌,0.4219371338554079
34,46,celebration,congruent,❌,0.02308432228199216
34,46,shooting,incongruent,✅,0.02313294042142817
34,46,celebration,incongruent,✅,0.08606857083611817
34,47,crayon,congruent,❌,0.4656642841284237
34,47,beer,congruent,✅,0.9432492480722042
34,47,crayon,incongruent,✅,0.03598930947519426
34,47,beer,incongruent,✅,0.04499673856852982
34,48,waiter,congruent,✅,0.9716227544829492
34,48,taxi,congruent,✅,0.9766641235193276
34,48,waiter,incongruent,✅,0.1363917756053724
34,48,taxi,incongruent,✅,0.35233846322130813
34,49,parents,congruent,✅,0.9324766484013344
34,49,keys,congruent,✅,0.9563567193247537
34,49,parents,incongruent,✅,0.2150214580374435
34,49,keys,incongruent,✅,0.021571145699191864
34,5,distress,congruent,✅,0.9277718736510107
34,5,tranquility,congruent,✅,0.81501201224464
34,5,distress,incongruent,✅,0.04186846708069565
34,5,tranquility,incongruent,✅,0.27235725449460096
34,50,sofa,congruent,✅,0.9917673953570084
34,50,sky,congruent,✅,0.9888097136201222
34,50,sofa,incongruent,✅,0.48203734071370424
34,50,sky,incongruent,✅,0.4986794128743541
34,51,obesity,congruent,❌,0.20316131868071868
34,51,homework,congruent,✅,0.9686424191434146
34,51,obesity,incongruent,✅,0.0401038564783818
34,51,homework,incongruent,✅,0.04258550336685096
34,52,quiz,congruent,✅,0.8806085629462876
34,52,commute,congruent,✅,0.9439727608877819
34,52,quiz,incongruent,✅,0.017388047566648766
34,52,commute,incongruent,✅,0.03386697939130181
34,53,migraine,congruent,✅,0.9229566713984436
34,53,excitement,congruent,✅,0.9729095629880685
34,53,migraine,incongruent,✅,0.007873772568936115
34,53,excitement,incongruent,✅,0.169518939133327
34,54,niece,congruent,✅,0.7664156131076658
34,54,husband,congruent,✅,0.9863675027941168
34,54,niece,incongruent,❌,0.5248259446165159
34,54,husband,incongruent,✅,0.15238270425201475
34,55,film,congruent,✅,0.9568526937167762
34,55,sunrise,congruent,✅,0.8699051410208548
34,55,film,incongruent,✅,0.05255116057190338
34,55,sunrise,incongruent,✅,0.06723102058250047
34,56,lecture,congruent,✅,0.8865948140677041
34,56,banquet,congruent,❌,0.37478499157059425
34,56,lecture,incongruent,✅,0.009288242248638976
34,56,banquet,incongruent,✅,0.0076604160729555745
34,57,drink,congruent,✅,0.8940509991530974
34,57,textbook,congruent,✅,0.9389492775220687
34,57,drink,incongruent,✅,0.15237527986030072
34,57,textbook,incongruent,✅,0.02524401252187886
34,58,pool,congruent,✅,0.9761427517900865
34,58,snow,congruent,✅,0.6701025100559731
34,58,pool,incongruent,✅,0.011082281688577892
34,58,snow,incongruent,✅,0.21506464084733704
34,59,passport,congruent,✅,0.7170958368149881
34,59,plushy,congruent,✅,0.9078733709896901
34,59,passport,incongruent,✅,0.12789593686446651
34,59,plushy,incongruent,✅,0.19960482629633147
34,6,patients,congruent,✅,0.9689374283995958
34,6,students,congruent,✅,0.9893654013453851
34,6,patients,incongruent,✅,0.06416754958854344
34,6,students,incongruent,✅,0.12332542973410737
34,60,sister,congruent,✅,0.9593614860785727
34,60,father,congruent,✅,0.9408450947071573
34,60,sister,incongruent,✅,0.11509552667583194
34,60,father,incongruent,✅,0.1670186291360539
34,61,game,congruent,✅,0.9783428048736669
34,61,sunset,congruent,✅,0.9566713284613716
34,61,game,incongruent,✅,0.1778214100768486
34,61,sunset,incongruent,✅,0.08263997258354858
34,62,holidays,congruent,✅,0.9554202746334536
34,62,funeral,congruent,✅,0.9380352217290876
34,62,holidays,incongruent,✅,0.27226570008019224
34,62,funeral,incongruent,❌,0.5726533735553084
34,63,grades,congruent,✅,0.7147893957075532
34,63,affair,congruent,✅,0.9913172209575603
34,63,grades,incongruent,✅,0.258951120167363
34,63,affair,incongruent,✅,0.007889692721335717
34,64,arrest,congruent,✅,0.5774294491271944
34,64,stroke,congruent,✅,0.8533135488681275
34,64,arrest,incongruent,✅,0.4323976613463058
34,64,stroke,incongruent,✅,0.3634010193557108
34,65,pacifier,congruent,✅,0.9632518817306104
34,65,coffee,congruent,✅,0.9470624873128906
34,65,pacifier,incongruent,✅,0.051882705051439444
34,65,coffee,incongruent,✅,0.12855195767563618
34,66,sweets,congruent,✅,0.9820097282321135
34,66,sentencing,congruent,✅,0.9581842286428065
34,66,sweets,incongruent,✅,0.008093286456880717
34,66,sentencing,incongruent,✅,0.01645347645267791
34,67,nap,congruent,✅,0.994886711356047
34,67,selfie,congruent,✅,0.9933097767733081
34,67,nap,incongruent,✅,0.1281131227484239
34,67,selfie,incongruent,✅,0.018574503416688214
34,68,diaper,congruent,✅,0.9813043819009919
34,68,tire,congruent,✅,0.9949003791538265
34,68,diaper,incongruent,✅,0.006814328458800744
34,68,tire,incongruent,✅,0.009889756038262002
34,69,chemotherapy,congruent,✅,0.9939738508210383
34,69,golf,congruent,✅,0.9213197623271699
34,69,chemotherapy,incongruent,✅,0.010842778765884888
34,69,golf,incongruent,❌,0.6568981077501952
34,7,consensus,congruent,✅,0.5621524724197605
34,7,deadlock,congruent,✅,0.6887340906412435
34,7,consensus,incongruent,✅,0.0960035399001744
34,7,deadlock,incongruent,✅,0.15156523749607734
34,70,thunder,congruent,✅,0.5754416157988743
34,70,lullaby,congruent,✅,0.6211058561765156
34,70,thunder,incongruent,✅,0.022684570991650374
34,70,lullaby,incongruent,✅,0.03323905008378718
34,71,pajamas,congruent,✅,0.9411318271976604
34,71,uniform,congruent,✅,0.8980490429305176
34,71,pajamas,incongruent,✅,0.14445536686084443
34,71,uniform,incongruent,✅,0.024307906286110657
34,72,gown,congruent,✅,0.9857550149500983
34,72,sweats,congruent,✅,0.9549201244060869
34,72,gown,incongruent,✅,0.16296357758014993
34,72,sweats,incongruent,✅,0.1183684592433108
34,73,deadline,congruent,✅,0.5142858611587677
34,73,bed,congruent,✅,0.9826452853723956
34,73,deadline,incongruent,✅,0.13072065748035058
34,73,bed,incongruent,✅,0.12090903435660465
34,74,kindergarten,congruent,✅,0.9255062325511099
34,74,jail,congruent,✅,0.9548467835251688
34,74,kindergarten,incongruent,✅,0.029776927524645103
34,74,jail,incongruent,✅,0.2952136494585769
34,75,interrogated,congruent,✅,0.9714226646914762
34,75,tickled,congruent,✅,0.9487081308333439
34,75,interrogated,incongruent,✅,0.10629441141523135
34,75,tickled,incongruent,✅,0.038705609425518726
34,76,sandcastle,congruent,✅,0.9701146664538021
34,76,snowman,congruent,✅,0.9836076814742986
34,76,sandcastle,incongruent,✅,0.05215195957525396
34,76,snowman,incongruent,✅,0.04321255360040919
34,77,music,congruent,✅,0.9912803126170309
34,77,pizza,congruent,✅,0.9985970060574987
34,77,music,incongruent,✅,0.06895239585812225
34,77,pizza,incongruent,✅,0.0058072812829994755
34,78,playoffs,congruent,✅,0.6200674037128691
34,78,cartoon,congruent,✅,0.9173810613592697
34,78,playoffs,incongruent,✅,0.0029289198649991434
34,78,cartoon,incongruent,✅,0.036605077912685954
34,79,alcoholism,congruent,✅,0.9208313577976797
34,79,academics,congruent,✅,0.8907907396181335
34,79,alcoholism,incongruent,✅,0.05762021781651374
34,79,academics,incongruent,✅,0.06440061664660923
34,8,engagement,congruent,✅,0.6146471540109276
34,8,cancer,congruent,❌,0.3755998698329369
34,8,engagement,incongruent,✅,0.2110377030267238
34,8,cancer,incongruent,✅,0.22481894915450082
34,9,terminal,congruent,✅,0.9890607129603678
34,9,classroom,congruent,✅,0.9932318189399058
34,9,terminal,incongruent,✅,0.11180926956746766
34,9,classroom,incongruent,✅,0.11927953333456134
35,0,library,congruent,✅,0.7673124519328356
35,0,refrigerator,congruent,✅,0.5111475188642466
35,0,library,incongruent,✅,0.03172230300922357
35,0,refrigerator,incongruent,✅,0.04376484775174511
35,1,disappointment,congruent,✅,0.7481364915419526
35,1,delight,congruent,✅,0.9754298574362892
35,1,disappointment,incongruent,✅,0.06896028739936108
35,1,delight,incongruent,✅,0.1866990450867992
35,10,cash,congruent,✅,0.996435985199423
35,10,groceries,congruent,✅,0.737068048252604
35,10,cash,incongruent,✅,0.15167740781195527
35,10,groceries,incongruent,✅,0.09353491675780276
35,11,lonely,congruent,✅,0.8967085675434628
35,11,confident,congruent,✅,0.7847373350530128
35,11,lonely,incongruent,✅,0.061556523745437686
35,11,confident,incongruent,✅,0.39215931617878735
35,12,joy,congruent,✅,0.9788577562728182
35,12,outrage,congruent,❌,0.41005897336033453
35,12,joy,incongruent,✅,0.15288307743924856
35,12,outrage,incongruent,❌,0.8800410087269458
35,13,traffic,congruent,✅,0.9885743220257542
35,13,snowstorm,congruent,✅,0.9855855272737677
35,13,traffic,incongruent,❌,0.834407803802248
35,13,snowstorm,incongruent,❌,0.8173648719133153
35,14,laughter,congruent,✅,0.9952459910735777
35,14,frustration,congruent,✅,0.9661958115985972
35,14,laughter,incongruent,✅,0.0646483781402152
35,14,frustration,incongruent,✅,0.0741193033723895
35,15,calculator,congruent,✅,0.7448866213892973
35,15,instrument,congruent,✅,0.9470729504524297
35,15,calculator,incongruent,✅,0.20687592867439106
35,15,instrument,incongruent,❌,0.5538334582468138
35,16,orchestra,congruent,✅,0.7333340241967431
35,16,racers,congruent,✅,0.982315355238968
35,16,orchestra,incongruent,✅,0.18436839345754946
35,16,racers,incongruent,✅,0.006682926563765231
35,17,retirement,congruent,✅,0.944206472063152
35,17,playdate,congruent,✅,0.9191010484958574
35,17,retirement,incongruent,✅,0.140330661472768
35,17,playdate,incongruent,✅,0.12906585019148248
35,18,relieved,congruent,✅,0.7646227323197228
35,18,depressed,congruent,✅,0.6807003098317109
35,18,relieved,incongruent,✅,0.05384035891491767
35,18,depressed,incongruent,✅,0.23794085542265017
35,19,friends,congruent,❌,0.3419151422207228
35,19,weight,congruent,✅,0.8411973976984448
35,19,friends,incongruent,✅,0.39385448119637845
35,19,weight,incongruent,✅,0.05994001567298658
35,2,overcoat,congruent,✅,0.8266063572031281
35,2,sandals,congruent,✅,0.6829427846781864
35,2,overcoat,incongruent,✅,0.1562206696717653
35,2,sandals,incongruent,✅,0.06899118721929123
35,20,lipstick,congruent,✅,0.726200127297511
35,20,song,congruent,✅,0.9755957158339235
35,20,lipstick,incongruent,❌,0.6064182450738468
35,20,song,incongruent,✅,0.16389466497991406
35,21,fought,congruent,✅,0.9881459152038323
35,21,sang,congruent,❌,0.4588984758914011
35,21,fought,incongruent,✅,0.020550838947680904
35,21,sang,incongruent,✅,0.37939133512213674
35,22,skeptical,congruent,✅,0.583536789966612
35,22,reassured,congruent,✅,0.6721253043227331
35,22,skeptical,incongruent,✅,0.20876317529837796
35,22,reassured,incongruent,✅,0.050900934950803826
35,23,graduation,congruent,✅,0.9988862743257595
35,23,operation,congruent,❌,0.4872397236621413
35,23,graduation,incongruent,✅,0.10849659858937144
35,23,operation,incongruent,✅,0.3581108932594224
35,24,bride,congruent,✅,0.9096495155307057
35,24,aftermath,congruent,✅,0.9748502995005475
35,24,bride,incongruent,✅,0.10865513786407827
35,24,aftermath,incongruent,✅,0.0036133691389932288
35,25,teacher,congruent,✅,0.9840037353331212
35,25,daughter,congruent,✅,0.9730082632729897
35,25,teacher,incongruent,✅,0.025988051114328073
35,25,daughter,incongruent,✅,0.09353744732730164
35,26,roommate,congruent,✅,0.8120794760787318
35,26,grandma,congruent,✅,0.9881960963150278
35,26,roommate,incongruent,✅,0.2513610087954947
35,26,grandma,incongruent,✅,0.024962424488663648
35,27,brother,congruent,✅,0.8252941256907146
35,27,mother,congruent,✅,0.9648474904065787
35,27,brother,incongruent,✅,0.043185239951132215
35,27,mother,incongruent,✅,0.010275596828397666
35,28,preschool,congruent,❌,0.40875708176110204
35,28,prison,congruent,✅,0.8828946860392012
35,28,preschool,incongruent,✅,0.006354633111152426
35,28,prison,incongruent,✅,0.009936687083869756
35,29,hopeful,congruent,✅,0.5840599518046066
35,29,hopeless,congruent,✅,0.8635766113846999
35,29,hopeful,incongruent,✅,0.2650595860570913
35,29,hopeless,incongruent,✅,0.1034249653208733
35,3,marathon,congruent,✅,0.8702813250024792
35,3,exam,congruent,✅,0.8691937485401908
35,3,marathon,incongruent,✅,0.1392256992043671
35,3,exam,incongruent,✅,0.1163149786791558
35,30,appalled,congruent,✅,0.5843356405311388
35,30,overjoyed,congruent,✅,0.7435785717618272
35,30,appalled,incongruent,✅,0.06235086339795442
35,30,overjoyed,incongruent,✅,0.18362589806984211
35,31,reprimand,congruent,✅,0.9099762847750194
35,31,encouragement,congruent,✅,0.9644943126848816
35,31,reprimand,incongruent,✅,0.10366205666403482
35,31,encouragement,incongruent,✅,0.09859048634991786
35,32,angrily,congruent,✅,0.9887549446402414
35,32,cordially,congruent,✅,0.9179135146707442
35,32,angrily,incongruent,✅,0.11744799311129615
35,32,cordially,incongruent,✅,0.07543600893781299
35,33,accusatory,congruent,✅,0.9556321392717003
35,33,flirtatious,congruent,✅,0.9138681906099676
35,33,accusatory,incongruent,✅,0.194253494055212
35,33,flirtatious,incongruent,✅,0.43878861747385745
35,34,disapprovingly,congruent,✅,0.9682688905745429
35,34,lovingly,congruent,✅,0.7090849729731913
35,34,disapprovingly,incongruent,✅,0.18977215119536173
35,34,lovingly,incongruent,❌,0.5468204820018638
35,35,playful,congruent,✅,0.8513508311830646
35,35,distant,congruent,✅,0.9118047235540638
35,35,playful,incongruent,❌,0.5447915647933463
35,35,distant,incongruent,✅,0.10312065385340503
35,36,headphones,congruent,✅,0.5969089262725085
35,36,mangoes,congruent,✅,0.8401518445961694
35,36,headphones,incongruent,✅,0.34801136042045105
35,36,mangoes,incongruent,✅,0.09164582287596891
35,37,playroom,congruent,✅,0.9152205158951742
35,37,park,congruent,✅,0.9930541947967009
35,37,playroom,incongruent,✅,0.11319618993692623
35,37,park,incongruent,✅,0.040305858478188315
35,38,bedroom,congruent,✅,0.946404064205743
35,38,backyard,congruent,✅,0.9748475518757851
35,38,bedroom,incongruent,✅,0.032484081793608434
35,38,backyard,incongruent,✅,0.005685862468007608
35,39,solemnly,congruent,✅,0.8133750772826398
35,39,excitedly,congruent,✅,0.7678643197485889
35,39,solemnly,incongruent,✅,0.17564109545944043
35,39,excitedly,incongruent,✅,0.14889939130768545
35,4,menu,congruent,✅,0.8786847663107089
35,4,prescription,congruent,✅,0.9951097336681957
35,4,menu,incongruent,❌,0.5184800485694125
35,4,prescription,incongruent,✅,0.16818247175700748
35,40,car,congruent,✅,0.8644413930515886
35,40,sock,congruent,❌,0.45550033800431683
35,40,car,incongruent,✅,0.06338652505691715
35,40,sock,incongruent,✅,0.0804553122307527
35,41,overdressed,congruent,✅,0.7345329068871517
35,41,naked,congruent,✅,0.6940941072642038
35,41,overdressed,incongruent,✅,0.10318667667095761
35,41,naked,incongruent,✅,0.2378419600470484
35,42,shy,congruent,✅,0.8364679918954241
35,42,lively,congruent,✅,0.9308026045235406
35,42,shy,incongruent,✅,0.1599345939266949
35,42,lively,incongruent,✅,0.06731297355536267
35,43,offended,congruent,✅,0.8233806464666914
35,43,flattered,congruent,✅,0.8203560358946146
35,43,offended,incongruent,✅,0.0957308699048386
35,43,flattered,incongruent,✅,0.3800131252694183
35,44,grandkid,congruent,✅,0.9691847490012663
35,44,cellmate,congruent,✅,0.9372475997041958
35,44,grandkid,incongruent,✅,0.138094517315951
35,44,cellmate,incongruent,✅,0.2212394440246105
35,45,promoted,congruent,✅,0.985400291810259
35,45,fired,congruent,✅,0.9891612774446801
35,45,promoted,incongruent,✅,0.1537439736579854
35,45,fired,incongruent,✅,0.05588143055622017
35,46,shooting,congruent,❌,0.38099552683800686
35,46,celebration,congruent,❌,0.021587516494707863
35,46,shooting,incongruent,✅,0.024236393845054396
35,46,celebration,incongruent,✅,0.09504863152881728
35,47,crayon,congruent,❌,0.4771970486949838
35,47,beer,congruent,✅,0.9243165847467568
35,47,crayon,incongruent,✅,0.030670597650272517
35,47,beer,incongruent,✅,0.04909686933099503
35,48,waiter,congruent,✅,0.9702402084068791
35,48,taxi,congruent,✅,0.9822892063881535
35,48,waiter,incongruent,✅,0.1897527018308103
35,48,taxi,incongruent,✅,0.3857620476443923
35,49,parents,congruent,✅,0.9352867066997935
35,49,keys,congruent,✅,0.9497560123191771
35,49,parents,incongruent,✅,0.19947534929028576
35,49,keys,incongruent,✅,0.02258466696306941
35,5,distress,congruent,✅,0.9310313271107019
35,5,tranquility,congruent,✅,0.803558150627684
35,5,distress,incongruent,✅,0.04310024977344749
35,5,tranquility,incongruent,✅,0.2927287542326142
35,50,sofa,congruent,✅,0.9918535454468266
35,50,sky,congruent,✅,0.9921468524813806
35,50,sofa,incongruent,❌,0.5943961246110668
35,50,sky,incongruent,❌,0.5130370970461358
35,51,obesity,congruent,❌,0.15249326099617086
35,51,homework,congruent,✅,0.9625924865317044
35,51,obesity,incongruent,✅,0.03658848202166678
35,51,homework,incongruent,✅,0.030835313760520344
35,52,quiz,congruent,✅,0.8695261063900954
35,52,commute,congruent,✅,0.9316971482634877
35,52,quiz,incongruent,✅,0.015005303157172271
35,52,commute,incongruent,✅,0.025162748169351715
35,53,migraine,congruent,✅,0.9208542098225765
35,53,excitement,congruent,✅,0.9733476253633725
35,53,migraine,incongruent,✅,0.010692300657588806
35,53,excitement,incongruent,✅,0.14857780451088828
35,54,niece,congruent,✅,0.765688264659594
35,54,husband,congruent,✅,0.9857630437722437
35,54,niece,incongruent,❌,0.5291123640002391
35,54,husband,incongruent,✅,0.14936546927540623
35,55,film,congruent,✅,0.9372938673043254
35,55,sunrise,congruent,✅,0.8650385495890438
35,55,film,incongruent,✅,0.057371129926172146
35,55,sunrise,incongruent,✅,0.0489153050694485
35,56,lecture,congruent,✅,0.908357966754291
35,56,banquet,congruent,❌,0.37293730719261897
35,56,lecture,incongruent,✅,0.009890720158430913
35,56,banquet,incongruent,✅,0.01145931280774544
35,57,drink,congruent,✅,0.8922638571259581
35,57,textbook,congruent,✅,0.9376201725732572
35,57,drink,incongruent,✅,0.16124791324235274
35,57,textbook,incongruent,✅,0.037781273668434
35,58,pool,congruent,✅,0.9700442686852035
35,58,snow,congruent,✅,0.6167301180022172
35,58,pool,incongruent,✅,0.00941253396009644
35,58,snow,incongruent,✅,0.20181152782153097
35,59,passport,congruent,✅,0.6883129479505983
35,59,plushy,congruent,✅,0.9198776553546048
35,59,passport,incongruent,✅,0.13270563109249595
35,59,plushy,incongruent,✅,0.20258302161700087
35,6,patients,congruent,✅,0.9668269401480426
35,6,students,congruent,✅,0.988937776849135
35,6,patients,incongruent,✅,0.05181385353087972
35,6,students,incongruent,✅,0.11968665070689911
35,60,sister,congruent,✅,0.9638028812935018
35,60,father,congruent,✅,0.942333005397742
35,60,sister,incongruent,✅,0.11509839078924286
35,60,father,incongruent,✅,0.21132420872686977
35,61,game,congruent,✅,0.9822183892437263
35,61,sunset,congruent,✅,0.9387810984533684
35,61,game,incongruent,✅,0.1563144259162986
35,61,sunset,incongruent,✅,0.0983004942558021
35,62,holidays,congruent,✅,0.9626830703749956
35,62,funeral,congruent,✅,0.947364565478197
35,62,holidays,incongruent,✅,0.29659186140526506
35,62,funeral,incongruent,❌,0.6336904570730836
35,63,grades,congruent,✅,0.7340916833870588
35,63,affair,congruent,✅,0.9901583330559544
35,63,grades,incongruent,✅,0.25070439059745553
35,63,affair,incongruent,✅,0.009871331624229124
35,64,arrest,congruent,❌,0.4539002239989177
35,64,stroke,congruent,✅,0.8584346474215057
35,64,arrest,incongruent,✅,0.46693313896651223
35,64,stroke,incongruent,✅,0.24143356467434718
35,65,pacifier,congruent,✅,0.9684306379300744
35,65,coffee,congruent,✅,0.9348318728541143
35,65,pacifier,incongruent,✅,0.04731220159720244
35,65,coffee,incongruent,✅,0.14692104465306854
35,66,sweets,congruent,✅,0.9790648234457223
35,66,sentencing,congruent,✅,0.9696364290499622
35,66,sweets,incongruent,✅,0.012597252412064221
35,66,sentencing,incongruent,✅,0.013323136605547835
35,67,nap,congruent,✅,0.9949911014564651
35,67,selfie,congruent,✅,0.9951718709757817
35,67,nap,incongruent,✅,0.18886524516934336
35,67,selfie,incongruent,✅,0.018981296315463615
35,68,diaper,congruent,✅,0.9707539414622549
35,68,tire,congruent,✅,0.99445940838722
35,68,diaper,incongruent,✅,0.008604130405872247
35,68,tire,incongruent,✅,0.007940010277378283
35,69,chemotherapy,congruent,✅,0.991668763549833
35,69,golf,congruent,✅,0.9197221983368038
35,69,chemotherapy,incongruent,✅,0.009590562631310123
35,69,golf,incongruent,❌,0.5721305044448041
35,7,consensus,congruent,✅,0.5814402925478339
35,7,deadlock,congruent,✅,0.8045670468114606
35,7,consensus,incongruent,✅,0.16483862789377401
35,7,deadlock,incongruent,✅,0.17235039564818946
35,70,thunder,congruent,✅,0.5595681613571177
35,70,lullaby,congruent,✅,0.608436854404381
35,70,thunder,incongruent,✅,0.026221657533770662
35,70,lullaby,incongruent,✅,0.03037960313402135
35,71,pajamas,congruent,✅,0.9427818924375494
35,71,uniform,congruent,✅,0.8878730938266555
35,71,pajamas,incongruent,✅,0.1323664453584719
35,71,uniform,incongruent,✅,0.03089528932980996
35,72,gown,congruent,✅,0.9860434594513906
35,72,sweats,congruent,✅,0.938888882593983
35,72,gown,incongruent,✅,0.1263741733524134
35,72,sweats,incongruent,✅,0.11422604955574354
35,73,deadline,congruent,✅,0.5043549869953403
35,73,bed,congruent,✅,0.9762814057957137
35,73,deadline,incongruent,✅,0.09757802402456836
35,73,bed,incongruent,✅,0.12791432366323777
35,74,kindergarten,congruent,✅,0.9167957492487989
35,74,jail,congruent,✅,0.9388414357903647
35,74,kindergarten,incongruent,✅,0.023135079092913458
35,74,jail,incongruent,✅,0.26404942893729594
35,75,interrogated,congruent,✅,0.975022028094608
35,75,tickled,congruent,✅,0.9577102084600114
35,75,interrogated,incongruent,✅,0.11179124417419499
35,75,tickled,incongruent,✅,0.05781499069801343
35,76,sandcastle,congruent,✅,0.9698217549905668
35,76,snowman,congruent,✅,0.9822659164294042
35,76,sandcastle,incongruent,✅,0.05583339011025911
35,76,snowman,incongruent,✅,0.04924429675465387
35,77,music,congruent,✅,0.9914991767446484
35,77,pizza,congruent,✅,0.9986167942916915
35,77,music,incongruent,✅,0.07274359073563379
35,77,pizza,incongruent,✅,0.006744910326096498
35,78,playoffs,congruent,✅,0.656003095788429
35,78,cartoon,congruent,✅,0.9338606235710987
35,78,playoffs,incongruent,✅,0.0038303716123615013
35,78,cartoon,incongruent,✅,0.03805372566843642
35,79,alcoholism,congruent,✅,0.9199899453903706
35,79,academics,congruent,✅,0.9015848867382958
35,79,alcoholism,incongruent,✅,0.07301701478161432
35,79,academics,incongruent,✅,0.07300666575527502
35,8,engagement,congruent,✅,0.6028405762153018
35,8,cancer,congruent,❌,0.39213602651803803
35,8,engagement,incongruent,✅,0.2613810842178259
35,8,cancer,incongruent,✅,0.2063845486218279
35,9,terminal,congruent,✅,0.9866690772378098
35,9,classroom,congruent,✅,0.9921034264477548
35,9,terminal,incongruent,✅,0.10740871133054171
35,9,classroom,incongruent,✅,0.13049423587018355
36,0,library,congruent,✅,0.7681829940906088
36,0,refrigerator,congruent,❌,0.45870810497502823
36,0,library,incongruent,✅,0.02401564043989031
36,0,refrigerator,incongruent,✅,0.05431640541101797
36,1,disappointment,congruent,✅,0.7584139660123755
36,1,delight,congruent,✅,0.970648975787386
36,1,disappointment,incongruent,✅,0.06939960635460973
36,1,delight,incongruent,✅,0.21051554388868204
36,10,cash,congruent,✅,0.9966201263670879
36,10,groceries,congruent,✅,0.7423105043043712
36,10,cash,incongruent,✅,0.17732477247111686
36,10,groceries,incongruent,✅,0.1220220157862181
36,11,lonely,congruent,✅,0.8796654423918868
36,11,confident,congruent,✅,0.7504363775634495
36,11,lonely,incongruent,✅,0.04980650825114396
36,11,confident,incongruent,✅,0.3632199562644363
36,12,joy,congruent,✅,0.97776000152564
36,12,outrage,congruent,❌,0.4681347872458439
36,12,joy,incongruent,✅,0.19478122687534344
36,12,outrage,incongruent,❌,0.8810191807111722
36,13,traffic,congruent,✅,0.9838751276796207
36,13,snowstorm,congruent,✅,0.983359317791893
36,13,traffic,incongruent,❌,0.8064791542434073
36,13,snowstorm,incongruent,❌,0.7678965407487646
36,14,laughter,congruent,✅,0.9955960509792243
36,14,frustration,congruent,✅,0.9610112357379929
36,14,laughter,incongruent,✅,0.06316112858779116
36,14,frustration,incongruent,✅,0.088020709167443
36,15,calculator,congruent,✅,0.7855699916740695
36,15,instrument,congruent,✅,0.9510563799800772
36,15,calculator,incongruent,✅,0.23647049311743085
36,15,instrument,incongruent,❌,0.6087928582860921
36,16,orchestra,congruent,✅,0.696300020293354
36,16,racers,congruent,✅,0.983304099935462
36,16,orchestra,incongruent,✅,0.1933978213666659
36,16,racers,incongruent,✅,0.00619774833011217
36,17,retirement,congruent,✅,0.946066946853217
36,17,playdate,congruent,✅,0.9103067782091491
36,17,retirement,incongruent,✅,0.14755081876107898
36,17,playdate,incongruent,✅,0.13549704185684408
36,18,relieved,congruent,✅,0.7807054432450653
36,18,depressed,congruent,✅,0.6704237095437692
36,18,relieved,incongruent,✅,0.04866525948104697
36,18,depressed,incongruent,✅,0.2625785934915442
36,19,friends,congruent,❌,0.3067974987064564
36,19,weight,congruent,✅,0.8755189702989559
36,19,friends,incongruent,✅,0.44923490199423266
36,19,weight,incongruent,✅,0.05337793983759776
36,2,overcoat,congruent,✅,0.799971686028832
36,2,sandals,congruent,✅,0.6353417262106796
36,2,overcoat,incongruent,✅,0.12068377895269766
36,2,sandals,incongruent,✅,0.06011800555751633
36,20,lipstick,congruent,✅,0.6543356230697754
36,20,song,congruent,✅,0.9773851594518738
36,20,lipstick,incongruent,❌,0.6164930408813758
36,20,song,incongruent,✅,0.12318251391254857
36,21,fought,congruent,✅,0.9853842574222953
36,21,sang,congruent,❌,0.4317522612721003
36,21,fought,incongruent,✅,0.026491771997312504
36,21,sang,incongruent,✅,0.32883637472606
36,22,skeptical,congruent,✅,0.5667259034152438
36,22,reassured,congruent,✅,0.7358373948007263
36,22,skeptical,incongruent,✅,0.27775440468508744
36,22,reassured,incongruent,✅,0.05118746558712164
36,23,graduation,congruent,✅,0.9988961090450255
36,23,operation,congruent,❌,0.4870039428887112
36,23,graduation,incongruent,✅,0.12534716436909007
36,23,operation,incongruent,✅,0.3778705274421685
36,24,bride,congruent,✅,0.9323366775427498
36,24,aftermath,congruent,✅,0.9756693409674467
36,24,bride,incongruent,✅,0.1202400836567748
36,24,aftermath,incongruent,✅,0.006342170932417578
36,25,teacher,congruent,✅,0.9777387914307903
36,25,daughter,congruent,✅,0.9678343549549079
36,25,teacher,incongruent,✅,0.025574512251387082
36,25,daughter,incongruent,✅,0.08119149562754702
36,26,roommate,congruent,✅,0.7979516522840168
36,26,grandma,congruent,✅,0.9899476731723098
36,26,roommate,incongruent,✅,0.25803776161304404
36,26,grandma,incongruent,✅,0.02412053753737062
36,27,brother,congruent,✅,0.8284516332254089
36,27,mother,congruent,✅,0.9695792886320044
36,27,brother,incongruent,✅,0.06073647970902794
36,27,mother,incongruent,✅,0.01090443830751819
36,28,preschool,congruent,❌,0.2998688827284798
36,28,prison,congruent,✅,0.8527507101000479
36,28,preschool,incongruent,✅,0.005882861420736973
36,28,prison,incongruent,✅,0.0064138111515341205
36,29,hopeful,congruent,✅,0.6182878734115038
36,29,hopeless,congruent,✅,0.8806161867294693
36,29,hopeful,incongruent,✅,0.2880706644015359
36,29,hopeless,incongruent,✅,0.12088181190381497
36,3,marathon,congruent,✅,0.8748903207356268
36,3,exam,congruent,✅,0.8623673982259881
36,3,marathon,incongruent,✅,0.13945647403385766
36,3,exam,incongruent,✅,0.14179214848651553
36,30,appalled,congruent,✅,0.5715843097258119
36,30,overjoyed,congruent,✅,0.7571918096521576
36,30,appalled,incongruent,✅,0.07044490869749284
36,30,overjoyed,incongruent,✅,0.1804835603392195
36,31,reprimand,congruent,✅,0.90801742970262
36,31,encouragement,congruent,✅,0.9618872677166749
36,31,reprimand,incongruent,✅,0.09303711750211827
36,31,encouragement,incongruent,✅,0.11629524350122387
36,32,angrily,congruent,✅,0.987787491897176
36,32,cordially,congruent,✅,0.9149637172559537
36,32,angrily,incongruent,✅,0.11706201342299666
36,32,cordially,incongruent,✅,0.07814855795664509
36,33,accusatory,congruent,✅,0.9432371670685241
36,33,flirtatious,congruent,✅,0.902912532668194
36,33,accusatory,incongruent,✅,0.1912453470675597
36,33,flirtatious,incongruent,✅,0.3937826301334272
36,34,disapprovingly,congruent,✅,0.9608525011225167
36,34,lovingly,congruent,✅,0.6626891283231987
36,34,disapprovingly,incongruent,✅,0.16232168247339754
36,34,lovingly,incongruent,❌,0.5027827297444859
36,35,playful,congruent,✅,0.8385213816512199
36,35,distant,congruent,✅,0.9019036383594278
36,35,playful,incongruent,❌,0.5370756887538003
36,35,distant,incongruent,✅,0.09675327525609792
36,36,headphones,congruent,✅,0.629132065573968
36,36,mangoes,congruent,✅,0.840004129090623
36,36,headphones,incongruent,✅,0.3394743437351079
36,36,mangoes,incongruent,✅,0.10777479290790448
36,37,playroom,congruent,✅,0.9277055547527931
36,37,park,congruent,✅,0.992757181340709
36,37,playroom,incongruent,✅,0.11443034629320592
36,37,park,incongruent,✅,0.04690513743656226
36,38,bedroom,congruent,✅,0.9459900337590252
36,38,backyard,congruent,✅,0.9731862997758031
36,38,bedroom,incongruent,✅,0.02856398393041355
36,38,backyard,incongruent,✅,0.006235882227126948
36,39,solemnly,congruent,✅,0.8169691880455124
36,39,excitedly,congruent,✅,0.7535714688317363
36,39,solemnly,incongruent,✅,0.17542571706706014
36,39,excitedly,incongruent,✅,0.159854301666176
36,4,menu,congruent,✅,0.8885401961560431
36,4,prescription,congruent,✅,0.9942823593252107
36,4,menu,incongruent,❌,0.5334580155644698
36,4,prescription,incongruent,✅,0.17659826799124728
36,40,car,congruent,✅,0.8239016611654315
36,40,sock,congruent,✅,0.5210676723588408
36,40,car,incongruent,✅,0.07661816566968838
36,40,sock,incongruent,✅,0.038282039340975134
36,41,overdressed,congruent,✅,0.7013029316164648
36,41,naked,congruent,✅,0.7497940151801736
36,41,overdressed,incongruent,✅,0.11787519538826945
36,41,naked,incongruent,✅,0.23188258176844603
36,42,shy,congruent,✅,0.8250473639844992
36,42,lively,congruent,✅,0.9198137077382148
36,42,shy,incongruent,✅,0.14623691094365696
36,42,lively,incongruent,✅,0.06336468522171095
36,43,offended,congruent,✅,0.8595091502886066
36,43,flattered,congruent,✅,0.8207107300192913
36,43,offended,incongruent,✅,0.09982488259582312
36,43,flattered,incongruent,✅,0.45440581679033015
36,44,grandkid,congruent,✅,0.9671915454929666
36,44,cellmate,congruent,✅,0.9502776796920293
36,44,grandkid,incongruent,✅,0.172601729153177
36,44,cellmate,incongruent,✅,0.2317200411918779
36,45,promoted,congruent,✅,0.9814587270152008
36,45,fired,congruent,✅,0.9850505730350074
36,45,promoted,incongruent,✅,0.10845356560500984
36,45,fired,incongruent,✅,0.05488725641490985
36,46,shooting,congruent,❌,0.33546309970644067
36,46,celebration,congruent,❌,0.019521013806076275
36,46,shooting,incongruent,✅,0.020598478207585282
36,46,celebration,incongruent,✅,0.0498963055378765
36,47,crayon,congruent,❌,0.46048939868584904
36,47,beer,congruent,✅,0.9267460074352456
36,47,crayon,incongruent,✅,0.03366995905632107
36,47,beer,incongruent,✅,0.04946650435404968
36,48,waiter,congruent,✅,0.9570237186112676
36,48,taxi,congruent,✅,0.9814182822700386
36,48,waiter,incongruent,✅,0.20735608287625487
36,48,taxi,incongruent,✅,0.2683405324095803
36,49,parents,congruent,✅,0.9403338890441112
36,49,keys,congruent,✅,0.9657172182301919
36,49,parents,incongruent,✅,0.27858367010657
36,49,keys,incongruent,✅,0.02074115312360385
36,5,distress,congruent,✅,0.9322203625596165
36,5,tranquility,congruent,✅,0.8044621487864592
36,5,distress,incongruent,✅,0.04898513817136805
36,5,tranquility,incongruent,✅,0.2850764950203357
36,50,sofa,congruent,✅,0.9901303281210371
36,50,sky,congruent,✅,0.992191517161334
36,50,sofa,incongruent,❌,0.6019961974171925
36,50,sky,incongruent,✅,0.4859410002936291
36,51,obesity,congruent,❌,0.15735647659138338
36,51,homework,congruent,✅,0.9529510698242617
36,51,obesity,incongruent,✅,0.02649055282544703
36,51,homework,incongruent,✅,0.03793936650486326
36,52,quiz,congruent,✅,0.8720847863780142
36,52,commute,congruent,✅,0.935193857062707
36,52,quiz,incongruent,✅,0.017197437889574528
36,52,commute,incongruent,✅,0.02681894684898743
36,53,migraine,congruent,✅,0.9345612497735214
36,53,excitement,congruent,✅,0.9681501676558377
36,53,migraine,incongruent,✅,0.009659506810549149
36,53,excitement,incongruent,✅,0.19796532062559072
36,54,niece,congruent,✅,0.7637216715175144
36,54,husband,congruent,✅,0.9888277608763217
36,54,niece,incongruent,❌,0.582190565845177
36,54,husband,incongruent,✅,0.16314864850008434
36,55,film,congruent,✅,0.9270660399691956
36,55,sunrise,congruent,✅,0.7909775237952121
36,55,film,incongruent,✅,0.0369939045982028
36,55,sunrise,incongruent,✅,0.04413529502159211
36,56,lecture,congruent,✅,0.86997376673597
36,56,banquet,congruent,❌,0.2872514609360216
36,56,lecture,incongruent,✅,0.007199086078877915
36,56,banquet,incongruent,✅,0.01108618881371145
36,57,drink,congruent,✅,0.8750214969865999
36,57,textbook,congruent,✅,0.9474976866243408
36,57,drink,incongruent,✅,0.19497507021957744
36,57,textbook,incongruent,✅,0.04009589359298406
36,58,pool,congruent,✅,0.9635141777302474
36,58,snow,congruent,✅,0.6567125283189694
36,58,pool,incongruent,✅,0.011763796207911244
36,58,snow,incongruent,✅,0.17894200079708966
36,59,passport,congruent,✅,0.6451460519086216
36,59,plushy,congruent,✅,0.9170633234449619
36,59,passport,incongruent,✅,0.131846045871869
36,59,plushy,incongruent,✅,0.18369016374436992
36,6,patients,congruent,✅,0.9682566031684943
36,6,students,congruent,✅,0.9904691307564375
36,6,patients,incongruent,✅,0.0669533611792628
36,6,students,incongruent,✅,0.12289971975241075
36,60,sister,congruent,✅,0.9510422993945691
36,60,father,congruent,✅,0.9367521428556045
36,60,sister,incongruent,✅,0.10045914688695971
36,60,father,incongruent,✅,0.16325877973667163
36,61,game,congruent,✅,0.9822170646937564
36,61,sunset,congruent,✅,0.9134688112143754
36,61,game,incongruent,✅,0.11801247690611123
36,61,sunset,incongruent,✅,0.11293771263587628
36,62,holidays,congruent,✅,0.9520595745782077
36,62,funeral,congruent,✅,0.948711547946577
36,62,holidays,incongruent,✅,0.30706095677784323
36,62,funeral,incongruent,❌,0.5515546390871696
36,63,grades,congruent,✅,0.7426690369958551
36,63,affair,congruent,✅,0.9900031016973301
36,63,grades,incongruent,✅,0.2717910962551063
36,63,affair,incongruent,✅,0.012603058779526877
36,64,arrest,congruent,❌,0.45128606658550124
36,64,stroke,congruent,✅,0.8396045898730197
36,64,arrest,incongruent,✅,0.41539530701094973
36,64,stroke,incongruent,✅,0.23761369826338022
36,65,pacifier,congruent,✅,0.9646598524788111
36,65,coffee,congruent,✅,0.9339298416378883
36,65,pacifier,incongruent,✅,0.05522338536356857
36,65,coffee,incongruent,✅,0.11770098491195193
36,66,sweets,congruent,✅,0.9747787017835866
36,66,sentencing,congruent,✅,0.9705439627350759
36,66,sweets,incongruent,✅,0.014682674243876126
36,66,sentencing,incongruent,✅,0.01671595369023197
36,67,nap,congruent,✅,0.9965026508572274
36,67,selfie,congruent,✅,0.9933527136820338
36,67,nap,incongruent,✅,0.13646818761614218
36,67,selfie,incongruent,✅,0.0255954901502448
36,68,diaper,congruent,✅,0.9753448177538142
36,68,tire,congruent,✅,0.9956675792085737
36,68,diaper,incongruent,✅,0.014306628169882731
36,68,tire,incongruent,✅,0.012330673384502269
36,69,chemotherapy,congruent,✅,0.9881510713415704
36,69,golf,congruent,✅,0.9314964794852784
36,69,chemotherapy,incongruent,✅,0.012229018971283125
36,69,golf,incongruent,❌,0.5047148711260492
36,7,consensus,congruent,✅,0.6301860548861318
36,7,deadlock,congruent,✅,0.856963905749405
36,7,consensus,incongruent,✅,0.22976363727886978
36,7,deadlock,incongruent,✅,0.2075548807154198
36,70,thunder,congruent,❌,0.42594293996204724
36,70,lullaby,congruent,✅,0.6813298890737163
36,70,thunder,incongruent,✅,0.03510478231315968
36,70,lullaby,incongruent,✅,0.022080747537037253
36,71,pajamas,congruent,✅,0.9407253979565474
36,71,uniform,congruent,✅,0.9142572647416061
36,71,pajamas,incongruent,✅,0.17267406587489467
36,71,uniform,incongruent,✅,0.034597682850322144
36,72,gown,congruent,✅,0.9840430152377525
36,72,sweats,congruent,✅,0.9351833323006148
36,72,gown,incongruent,✅,0.10131281308400852
36,72,sweats,incongruent,✅,0.11028108148760184
36,73,deadline,congruent,✅,0.5308855817257153
36,73,bed,congruent,✅,0.9756574824651674
36,73,deadline,incongruent,✅,0.07946607913662093
36,73,bed,incongruent,✅,0.13386136152478212
36,74,kindergarten,congruent,✅,0.9326690264784425
36,74,jail,congruent,✅,0.9414810367268757
36,74,kindergarten,incongruent,✅,0.023101512789079855
36,74,jail,incongruent,✅,0.33022053950699565
36,75,interrogated,congruent,✅,0.9717886141753044
36,75,tickled,congruent,✅,0.9610144594204937
36,75,interrogated,incongruent,✅,0.13606303971307065
36,75,tickled,incongruent,✅,0.05837766661113118
36,76,sandcastle,congruent,✅,0.9699957491232787
36,76,snowman,congruent,✅,0.9841199663081445
36,76,sandcastle,incongruent,✅,0.0629338215911272
36,76,snowman,incongruent,✅,0.054622763915132426
36,77,music,congruent,✅,0.9895422508338217
36,77,pizza,congruent,✅,0.998683688507417
36,77,music,incongruent,✅,0.0823402338462504
36,77,pizza,incongruent,✅,0.0054480346365625995
36,78,playoffs,congruent,✅,0.6546915741463547
36,78,cartoon,congruent,✅,0.924509901190885
36,78,playoffs,incongruent,✅,0.0040819768968122765
36,78,cartoon,incongruent,✅,0.0360577928978049
36,79,alcoholism,congruent,✅,0.9165907776541284
36,79,academics,congruent,✅,0.9151685450186013
36,79,alcoholism,incongruent,✅,0.08628620121806307
36,79,academics,incongruent,✅,0.08261176251034612
36,8,engagement,congruent,✅,0.6498168523154899
36,8,cancer,congruent,❌,0.4071546068321673
36,8,engagement,incongruent,✅,0.29440034587155034
36,8,cancer,incongruent,✅,0.24265515955464811
36,9,terminal,congruent,✅,0.9849959206820206
36,9,classroom,congruent,✅,0.9924430429227764
36,9,terminal,incongruent,✅,0.11897654799594917
36,9,classroom,incongruent,✅,0.11736195743665093
37,0,library,congruent,✅,0.7761074229013308
37,0,refrigerator,congruent,❌,0.4487036380464495
37,0,library,incongruent,✅,0.023848058538598824
37,0,refrigerator,incongruent,✅,0.059654881533499016
37,1,disappointment,congruent,✅,0.7590164446711661
37,1,delight,congruent,✅,0.9721174439069876
37,1,disappointment,incongruent,✅,0.08367628632432852
37,1,delight,incongruent,✅,0.20318186001071242
37,10,cash,congruent,✅,0.9964799725751438
37,10,groceries,congruent,✅,0.743136157530348
37,10,cash,incongruent,✅,0.18353982378541586
37,10,groceries,incongruent,✅,0.13944598276920067
37,11,lonely,congruent,✅,0.8793316153307406
37,11,confident,congruent,✅,0.754852551718928
37,11,lonely,incongruent,✅,0.04398426823126332
37,11,confident,incongruent,✅,0.36397646431873387
37,12,joy,congruent,✅,0.976210780131303
37,12,outrage,congruent,❌,0.4322069522032453
37,12,joy,incongruent,✅,0.17207753054212185
37,12,outrage,incongruent,❌,0.8737900695066714
37,13,traffic,congruent,✅,0.9807482081870574
37,13,snowstorm,congruent,✅,0.9802740026529839
37,13,traffic,incongruent,❌,0.7976591533775864
37,13,snowstorm,incongruent,❌,0.7389550005138228
37,14,laughter,congruent,✅,0.9962080513082854
37,14,frustration,congruent,✅,0.9617751741596954
37,14,laughter,incongruent,✅,0.06352326528275153
37,14,frustration,incongruent,✅,0.1068166297890444
37,15,calculator,congruent,✅,0.7953521451230757
37,15,instrument,congruent,✅,0.9387169733874654
37,15,calculator,incongruent,✅,0.1598255890260861
37,15,instrument,incongruent,❌,0.6132078008194534
37,16,orchestra,congruent,✅,0.7959106227051462
37,16,racers,congruent,✅,0.9809583114572442
37,16,orchestra,incongruent,✅,0.19839136853089284
37,16,racers,incongruent,✅,0.01093725478783011
37,17,retirement,congruent,✅,0.9477535672197258
37,17,playdate,congruent,✅,0.9267554834402915
37,17,retirement,incongruent,✅,0.16629388285416083
37,17,playdate,incongruent,✅,0.14181647756686858
37,18,relieved,congruent,✅,0.720460445331783
37,18,depressed,congruent,✅,0.603429049969903
37,18,relieved,incongruent,✅,0.03475681430932478
37,18,depressed,incongruent,✅,0.22100245929511597
37,19,friends,congruent,❌,0.30375098831357966
37,19,weight,congruent,✅,0.8844148912352948
37,19,friends,incongruent,✅,0.4965245927467979
37,19,weight,incongruent,✅,0.05449963118632336
37,2,overcoat,congruent,✅,0.8031372701753048
37,2,sandals,congruent,✅,0.6248531401084549
37,2,overcoat,incongruent,✅,0.11715293941041592
37,2,sandals,incongruent,✅,0.06233271177314387
37,20,lipstick,congruent,✅,0.6296464200953904
37,20,song,congruent,✅,0.9809934781758155
37,20,lipstick,incongruent,❌,0.6526537481823013
37,20,song,incongruent,✅,0.11556209938284118
37,21,fought,congruent,✅,0.9864695699385995
37,21,sang,congruent,❌,0.42737680682079954
37,21,fought,incongruent,✅,0.018954710748534324
37,21,sang,incongruent,✅,0.3569280797896172
37,22,skeptical,congruent,✅,0.5790511234410891
37,22,reassured,congruent,✅,0.68743760821539
37,22,skeptical,incongruent,✅,0.22670284610633604
37,22,reassured,incongruent,✅,0.055653167219211944
37,23,graduation,congruent,✅,0.9991103245225735
37,23,operation,congruent,❌,0.49527200823342193
37,23,graduation,incongruent,✅,0.14373795881389032
37,23,operation,incongruent,✅,0.4387593767682048
37,24,bride,congruent,✅,0.9034312181736441
37,24,aftermath,congruent,✅,0.975532530066661
37,24,bride,incongruent,✅,0.12303191818392938
37,24,aftermath,incongruent,✅,0.005325604831630413
37,25,teacher,congruent,✅,0.9760710961460927
37,25,daughter,congruent,✅,0.9697230283719915
37,25,teacher,incongruent,✅,0.02854295341035658
37,25,daughter,incongruent,✅,0.06115887299100907
37,26,roommate,congruent,✅,0.8382230192419299
37,26,grandma,congruent,✅,0.9867417474703525
37,26,roommate,incongruent,✅,0.21671446141793263
37,26,grandma,incongruent,✅,0.028840094623829908
37,27,brother,congruent,✅,0.82318661168159
37,27,mother,congruent,✅,0.9657610903051647
37,27,brother,incongruent,✅,0.05321767035029738
37,27,mother,incongruent,✅,0.012040696105805042
37,28,preschool,congruent,❌,0.36348627993136584
37,28,prison,congruent,✅,0.8431976921622679
37,28,preschool,incongruent,✅,0.006077774562658937
37,28,prison,incongruent,✅,0.00972267694415437
37,29,hopeful,congruent,✅,0.6103116931422085
37,29,hopeless,congruent,✅,0.8903635543958233
37,29,hopeful,incongruent,✅,0.30453454628585197
37,29,hopeless,incongruent,✅,0.11271748343589647
37,3,marathon,congruent,✅,0.9123731964896158
37,3,exam,congruent,✅,0.86476969087801
37,3,marathon,incongruent,✅,0.14335194831079778
37,3,exam,incongruent,✅,0.19555952998475412
37,30,appalled,congruent,✅,0.5113873187411551
37,30,overjoyed,congruent,✅,0.7965133615917455
37,30,appalled,incongruent,✅,0.09534824587702471
37,30,overjoyed,incongruent,✅,0.14874671877773377
37,31,reprimand,congruent,✅,0.8926841750720546
37,31,encouragement,congruent,✅,0.9676640882180254
37,31,reprimand,incongruent,✅,0.11683111476964946
37,31,encouragement,incongruent,✅,0.11063124454092015
37,32,angrily,congruent,✅,0.9863626113170589
37,32,cordially,congruent,✅,0.8854854272034495
37,32,angrily,incongruent,✅,0.08602496429163115
37,32,cordially,incongruent,✅,0.09100156543430744
37,33,accusatory,congruent,✅,0.938605067392981
37,33,flirtatious,congruent,✅,0.8978192757216785
37,33,accusatory,incongruent,✅,0.19608238347143744
37,33,flirtatious,incongruent,✅,0.37908219115366226
37,34,disapprovingly,congruent,✅,0.9603628945308181
37,34,lovingly,congruent,✅,0.7116632917415574
37,34,disapprovingly,incongruent,✅,0.2061583320591991
37,34,lovingly,incongruent,❌,0.5271804912634591
37,35,playful,congruent,✅,0.8733376755236978
37,35,distant,congruent,✅,0.9128007840590788
37,35,playful,incongruent,❌,0.5785539990302123
37,35,distant,incongruent,✅,0.10928177734301153
37,36,headphones,congruent,✅,0.6557615485175986
37,36,mangoes,congruent,✅,0.8579363831595688
37,36,headphones,incongruent,✅,0.3994351443728663
37,36,mangoes,incongruent,✅,0.12967351259110327
37,37,playroom,congruent,✅,0.9084405075007213
37,37,park,congruent,✅,0.9915071529755699
37,37,playroom,incongruent,✅,0.0928251258526124
37,37,park,incongruent,✅,0.03750573471928748
37,38,bedroom,congruent,✅,0.9511982967000333
37,38,backyard,congruent,✅,0.9751661745768412
37,38,bedroom,incongruent,✅,0.03491182054514008
37,38,backyard,incongruent,✅,0.007327189621349279
37,39,solemnly,congruent,✅,0.8347874247606415
37,39,excitedly,congruent,✅,0.7949365562947027
37,39,solemnly,incongruent,✅,0.20565577111758984
37,39,excitedly,incongruent,✅,0.19733683191070253
37,4,menu,congruent,✅,0.8569813577791463
37,4,prescription,congruent,✅,0.9944789879582597
37,4,menu,incongruent,❌,0.5434130897578582
37,4,prescription,incongruent,✅,0.12371481138423104
37,40,car,congruent,✅,0.8720921145330666
37,40,sock,congruent,❌,0.48638611637813034
37,40,car,incongruent,✅,0.05906763126798766
37,40,sock,incongruent,✅,0.05394702421231333
37,41,overdressed,congruent,✅,0.7356888153663544
37,41,naked,congruent,✅,0.6757591897147507
37,41,overdressed,incongruent,✅,0.08653645962731794
37,41,naked,incongruent,✅,0.2556600790115881
37,42,shy,congruent,✅,0.8581060682272317
37,42,lively,congruent,✅,0.9142396224837729
37,42,shy,incongruent,✅,0.15491778717871912
37,42,lively,incongruent,✅,0.08199992412066429
37,43,offended,congruent,✅,0.8946437199523696
37,43,flattered,congruent,✅,0.8116830553850555
37,43,offended,incongruent,✅,0.09403677503996763
37,43,flattered,incongruent,❌,0.5312464542014024
37,44,grandkid,congruent,✅,0.968971757438393
37,44,cellmate,congruent,✅,0.9524976089243227
37,44,grandkid,incongruent,✅,0.17981244845890026
37,44,cellmate,incongruent,✅,0.2889033899646143
37,45,promoted,congruent,✅,0.9834431468041148
37,45,fired,congruent,✅,0.990473819276952
37,45,promoted,incongruent,✅,0.19044224378126198
37,45,fired,incongruent,✅,0.061387532321976884
37,46,shooting,congruent,❌,0.3789977129500588
37,46,celebration,congruent,❌,0.014894193086406136
37,46,shooting,incongruent,✅,0.017352950478856995
37,46,celebration,incongruent,✅,0.04294305866910141
37,47,crayon,congruent,❌,0.42427747449446984
37,47,beer,congruent,✅,0.920470361139158
37,47,crayon,incongruent,✅,0.03398420754826969
37,47,beer,incongruent,✅,0.04127323868087678
37,48,waiter,congruent,✅,0.9471382729453205
37,48,taxi,congruent,✅,0.983281155526509
37,48,waiter,incongruent,✅,0.22744420879213983
37,48,taxi,incongruent,✅,0.1902335492245539
37,49,parents,congruent,✅,0.9292250549025087
37,49,keys,congruent,✅,0.9738534310556896
37,49,parents,incongruent,✅,0.3329649842046956
37,49,keys,incongruent,✅,0.015218766275257154
37,5,distress,congruent,✅,0.9305905364699578
37,5,tranquility,congruent,✅,0.8188126994984593
37,5,distress,incongruent,✅,0.05706707181107857
37,5,tranquility,incongruent,✅,0.28278367032326407
37,50,sofa,congruent,✅,0.9885347938719591
37,50,sky,congruent,✅,0.991426270567238
37,50,sofa,incongruent,❌,0.5345298809209351
37,50,sky,incongruent,✅,0.44447983687617887
37,51,obesity,congruent,❌,0.16763739580576792
37,51,homework,congruent,✅,0.9375716935576615
37,51,obesity,incongruent,✅,0.020222455394849997
37,51,homework,incongruent,✅,0.03658663603931259
37,52,quiz,congruent,✅,0.8572357147860804
37,52,commute,congruent,✅,0.9306814714863216
37,52,quiz,incongruent,✅,0.014367835770188736
37,52,commute,incongruent,✅,0.024070605670809486
37,53,migraine,congruent,✅,0.9059238272559051
37,53,excitement,congruent,✅,0.9588691957034987
37,53,migraine,incongruent,✅,0.007161782033515157
37,53,excitement,incongruent,✅,0.1423354742440455
37,54,niece,congruent,✅,0.7749567450984147
37,54,husband,congruent,✅,0.9890911521272182
37,54,niece,incongruent,❌,0.591486040340095
37,54,husband,incongruent,✅,0.1740475660250035
37,55,film,congruent,✅,0.9300782080658767
37,55,sunrise,congruent,✅,0.7867754520574893
37,55,film,incongruent,✅,0.03356488237181622
37,55,sunrise,incongruent,✅,0.039149236967013126
37,56,lecture,congruent,✅,0.8714057673497979
37,56,banquet,congruent,❌,0.3073095392465763
37,56,lecture,incongruent,✅,0.006838530560262803
37,56,banquet,incongruent,✅,0.013804894962018671
37,57,drink,congruent,✅,0.8676210098319308
37,57,textbook,congruent,✅,0.9541954167290579
37,57,drink,incongruent,✅,0.20425357126485227
37,57,textbook,incongruent,✅,0.035648671037903874
37,58,pool,congruent,✅,0.9523890437379348
37,58,snow,congruent,✅,0.6692519842397356
37,58,pool,incongruent,✅,0.012130352147894768
37,58,snow,incongruent,✅,0.14433664678900965
37,59,passport,congruent,✅,0.6677272076577956
37,59,plushy,congruent,✅,0.9058246625271371
37,59,passport,incongruent,✅,0.10396838110601461
37,59,plushy,incongruent,✅,0.19308967627545578
37,6,patients,congruent,✅,0.9650117666033842
37,6,students,congruent,✅,0.9897271566717261
37,6,patients,incongruent,✅,0.07483105332915575
37,6,students,incongruent,✅,0.13643262458500674
37,60,sister,congruent,✅,0.946850872991219
37,60,father,congruent,✅,0.9431508506652981
37,60,sister,incongruent,✅,0.10304194615614368
37,60,father,incongruent,✅,0.1425693735652091
37,61,game,congruent,✅,0.9831515074204411
37,61,sunset,congruent,✅,0.9336211684147031
37,61,game,incongruent,✅,0.1366348114563057
37,61,sunset,incongruent,✅,0.1034038070088732
37,62,holidays,congruent,✅,0.965345404967634
37,62,funeral,congruent,✅,0.9555599587826946
37,62,holidays,incongruent,✅,0.3348072776378676
37,62,funeral,incongruent,❌,0.6403934975634451
37,63,grades,congruent,✅,0.7157002522946281
37,63,affair,congruent,✅,0.9905029512563686
37,63,grades,incongruent,✅,0.3083089037191628
37,63,affair,incongruent,✅,0.008645751973532229
37,64,arrest,congruent,❌,0.43188702789559663
37,64,stroke,congruent,✅,0.8517964795741386
37,64,arrest,incongruent,✅,0.4321760458737691
37,64,stroke,incongruent,✅,0.22797987747576573
37,65,pacifier,congruent,✅,0.9612584173508643
37,65,coffee,congruent,✅,0.9371612788553789
37,65,pacifier,incongruent,✅,0.04944415222634038
37,65,coffee,incongruent,✅,0.1277004624239253
37,66,sweets,congruent,✅,0.9747748337735962
37,66,sentencing,congruent,✅,0.9729407471078908
37,66,sweets,incongruent,✅,0.016822583931735847
37,66,sentencing,incongruent,✅,0.016860933789104363
37,67,nap,congruent,✅,0.9967498402840057
37,67,selfie,congruent,✅,0.9935975760887608
37,67,nap,incongruent,✅,0.1484465229707017
37,67,selfie,incongruent,✅,0.02832369517220804
37,68,diaper,congruent,✅,0.969320772635667
37,68,tire,congruent,✅,0.9961121989755207
37,68,diaper,incongruent,✅,0.01611656833880299
37,68,tire,incongruent,✅,0.011424671865149918
37,69,chemotherapy,congruent,✅,0.987907701076759
37,69,golf,congruent,✅,0.9296593638462217
37,69,chemotherapy,incongruent,✅,0.009636375315079375
37,69,golf,incongruent,✅,0.492617450906131
37,7,consensus,congruent,✅,0.6315423545232437
37,7,deadlock,congruent,✅,0.8181847707377252
37,7,consensus,incongruent,✅,0.19959191232143783
37,7,deadlock,incongruent,✅,0.19672722892283387
37,70,thunder,congruent,❌,0.3530260276437827
37,70,lullaby,congruent,✅,0.6545776073831518
37,70,thunder,incongruent,✅,0.029124888598778913
37,70,lullaby,incongruent,✅,0.019548996909229257
37,71,pajamas,congruent,✅,0.9464219420268635
37,71,uniform,congruent,✅,0.9235555944856901
37,71,pajamas,incongruent,✅,0.17603557680408377
37,71,uniform,incongruent,✅,0.0391271033753546
37,72,gown,congruent,✅,0.9770888891890052
37,72,sweats,congruent,✅,0.9367101967806402
37,72,gown,incongruent,✅,0.10687859790678338
37,72,sweats,incongruent,✅,0.0801822399601378
37,73,deadline,congruent,✅,0.5293240324257371
37,73,bed,congruent,✅,0.9880420440650285
37,73,deadline,incongruent,✅,0.13674321010793067
37,73,bed,incongruent,✅,0.13149605784052398
37,74,kindergarten,congruent,✅,0.9249787245990456
37,74,jail,congruent,✅,0.9355684317930313
37,74,kindergarten,incongruent,✅,0.02651450408053874
37,74,jail,incongruent,✅,0.33435097347698794
37,75,interrogated,congruent,✅,0.9775910355626671
37,75,tickled,congruent,✅,0.970846248807599
37,75,interrogated,incongruent,✅,0.16481420727056798
37,75,tickled,incongruent,✅,0.07996733787596837
37,76,sandcastle,congruent,✅,0.9707968363131962
37,76,snowman,congruent,✅,0.9812973817148244
37,76,sandcastle,incongruent,✅,0.05428117330209249
37,76,snowman,incongruent,✅,0.056725465399347585
37,77,music,congruent,✅,0.9920645838519504
37,77,pizza,congruent,✅,0.9987694406980794
37,77,music,incongruent,✅,0.09628036293923589
37,77,pizza,incongruent,✅,0.007251646319503604
37,78,playoffs,congruent,✅,0.5565148480488324
37,78,cartoon,congruent,✅,0.9259097549681619
37,78,playoffs,incongruent,✅,0.004244817159246453
37,78,cartoon,incongruent,✅,0.03044735130889788
37,79,alcoholism,congruent,✅,0.8919754139366745
37,79,academics,congruent,✅,0.9223435310335316
37,79,alcoholism,incongruent,✅,0.09483970356789476
37,79,academics,incongruent,✅,0.06775918120797517
37,8,engagement,congruent,✅,0.6271559613532675
37,8,cancer,congruent,❌,0.4375410424050853
37,8,engagement,incongruent,✅,0.3197449744015626
37,8,cancer,incongruent,✅,0.23638428482706503
37,9,terminal,congruent,✅,0.987536349928226
37,9,classroom,congruent,✅,0.9935947555751997
37,9,terminal,incongruent,✅,0.13513086575959524
37,9,classroom,incongruent,✅,0.1674393346060022
38,0,library,congruent,✅,0.8006334429009169
38,0,refrigerator,congruent,❌,0.38971509774117136
38,0,library,incongruent,✅,0.0211147357575259
38,0,refrigerator,incongruent,✅,0.06509085753762565
38,1,disappointment,congruent,✅,0.7428488146891831
38,1,delight,congruent,✅,0.9664094186937431
38,1,disappointment,incongruent,✅,0.07168927553463386
38,1,delight,incongruent,✅,0.20290805503335996
38,10,cash,congruent,✅,0.9944030829340789
38,10,groceries,congruent,✅,0.6996728051086801
38,10,cash,incongruent,✅,0.17556201746086347
38,10,groceries,incongruent,✅,0.06665353818746317
38,11,lonely,congruent,✅,0.8830744474677213
38,11,confident,congruent,✅,0.7499360272736475
38,11,lonely,incongruent,✅,0.04125836510849177
38,11,confident,incongruent,✅,0.3670153824218777
38,12,joy,congruent,✅,0.9814816847667694
38,12,outrage,congruent,✅,0.5049923428441105
38,12,joy,incongruent,✅,0.21724217960702266
38,12,outrage,incongruent,❌,0.8963157794343483
38,13,traffic,congruent,✅,0.9798519025361153
38,13,snowstorm,congruent,✅,0.9847100685569056
38,13,traffic,incongruent,❌,0.84009898063754
38,13,snowstorm,incongruent,❌,0.7181019075537645
38,14,laughter,congruent,✅,0.9960736657571421
38,14,frustration,congruent,✅,0.9647200170542556
38,14,laughter,incongruent,✅,0.07164584827311564
38,14,frustration,incongruent,✅,0.13261259708974477
38,15,calculator,congruent,✅,0.8013750402397263
38,15,instrument,congruent,✅,0.9504463614480958
38,15,calculator,incongruent,✅,0.19359651405654968
38,15,instrument,incongruent,❌,0.6361481515187999
38,16,orchestra,congruent,✅,0.8584577099273175
38,16,racers,congruent,✅,0.986184645055428
38,16,orchestra,incongruent,✅,0.2719132476029044
38,16,racers,incongruent,✅,0.018975955971970212
38,17,retirement,congruent,✅,0.9482199723425093
38,17,playdate,congruent,✅,0.9310742512278378
38,17,retirement,incongruent,✅,0.1668980242371397
38,17,playdate,incongruent,✅,0.15218794925409904
38,18,relieved,congruent,✅,0.789706753681929
38,18,depressed,congruent,✅,0.6287473773000218
38,18,relieved,incongruent,✅,0.04034275179401939
38,18,depressed,incongruent,✅,0.29128276452837676
38,19,friends,congruent,❌,0.30523387147465664
38,19,weight,congruent,✅,0.9132027751422133
38,19,friends,incongruent,❌,0.5862663810326265
38,19,weight,incongruent,✅,0.056880735440916166
38,2,overcoat,congruent,✅,0.7947322951097471
38,2,sandals,congruent,✅,0.6696616926960692
38,2,overcoat,incongruent,✅,0.1475167278646622
38,2,sandals,incongruent,✅,0.06027510453995313
38,20,lipstick,congruent,✅,0.6611626629351814
38,20,song,congruent,✅,0.9754009763730965
38,20,lipstick,incongruent,❌,0.6013822288085363
38,20,song,incongruent,✅,0.1343126903685291
38,21,fought,congruent,✅,0.9861801235635971
38,21,sang,congruent,❌,0.31361676813378203
38,21,fought,incongruent,✅,0.013769367061614203
38,21,sang,incongruent,✅,0.33057104018664535
38,22,skeptical,congruent,✅,0.5794321289256231
38,22,reassured,congruent,✅,0.6661988744606354
38,22,skeptical,incongruent,✅,0.23215060417115643
38,22,reassured,incongruent,✅,0.05163966330733832
38,23,graduation,congruent,✅,0.9986477189526732
38,23,operation,congruent,✅,0.5250850964903934
38,23,graduation,incongruent,✅,0.1459851241043137
38,23,operation,incongruent,✅,0.3136091153260194
38,24,bride,congruent,✅,0.9199922925267959
38,24,aftermath,congruent,✅,0.9699038578397864
38,24,bride,incongruent,✅,0.09811095750370336
38,24,aftermath,incongruent,✅,0.007478773222538608
38,25,teacher,congruent,✅,0.9733930057410936
38,25,daughter,congruent,✅,0.967539810094529
38,25,teacher,incongruent,✅,0.027486068355777618
38,25,daughter,incongruent,✅,0.05140158837934237
38,26,roommate,congruent,✅,0.827735541480245
38,26,grandma,congruent,✅,0.9871488944832335
38,26,roommate,incongruent,✅,0.2120312854768109
38,26,grandma,incongruent,✅,0.026321121400778347
38,27,brother,congruent,✅,0.8137807886835685
38,27,mother,congruent,✅,0.970492446588246
38,27,brother,incongruent,✅,0.06262675639895432
38,27,mother,incongruent,✅,0.013023801630640396
38,28,preschool,congruent,❌,0.3698365663143148
38,28,prison,congruent,✅,0.8470878686590236
38,28,preschool,incongruent,✅,0.007300703377529966
38,28,prison,incongruent,✅,0.011339719681153942
38,29,hopeful,congruent,✅,0.5887126459925383
38,29,hopeless,congruent,✅,0.8863547931509108
38,29,hopeful,incongruent,✅,0.29303138441562604
38,29,hopeless,incongruent,✅,0.10458035947458882
38,3,marathon,congruent,✅,0.9279061113739411
38,3,exam,congruent,✅,0.9099169805275641
38,3,marathon,incongruent,✅,0.22477559149980433
38,3,exam,incongruent,✅,0.20928072987205956
38,30,appalled,congruent,✅,0.5010868582845078
38,30,overjoyed,congruent,✅,0.7917149235195386
38,30,appalled,incongruent,✅,0.1022750940587402
38,30,overjoyed,incongruent,✅,0.14636336338878705
38,31,reprimand,congruent,✅,0.8714361275508521
38,31,encouragement,congruent,✅,0.9635217498879054
38,31,reprimand,incongruent,✅,0.10596971359375014
38,31,encouragement,incongruent,✅,0.09676894189539083
38,32,angrily,congruent,✅,0.9845950834306404
38,32,cordially,congruent,✅,0.8820111954573675
38,32,angrily,incongruent,✅,0.10072345465498352
38,32,cordially,incongruent,✅,0.0903279473106386
38,33,accusatory,congruent,✅,0.9549170251870246
38,33,flirtatious,congruent,✅,0.9075855072531128
38,33,accusatory,incongruent,✅,0.19680733123250646
38,33,flirtatious,incongruent,✅,0.4599341163189617
38,34,disapprovingly,congruent,✅,0.9330339326285105
38,34,lovingly,congruent,✅,0.5548087376289663
38,34,disapprovingly,incongruent,✅,0.12168025900130344
38,34,lovingly,incongruent,✅,0.3782817153811933
38,35,playful,congruent,✅,0.8933767354465463
38,35,distant,congruent,✅,0.9251777020799654
38,35,playful,incongruent,❌,0.6179697566467012
38,35,distant,incongruent,✅,0.12816706755693752
38,36,headphones,congruent,✅,0.6954434717275311
38,36,mangoes,congruent,✅,0.9094516977220706
38,36,headphones,incongruent,✅,0.4436488473509728
38,36,mangoes,incongruent,✅,0.16049642796949695
38,37,playroom,congruent,✅,0.9240927336467781
38,37,park,congruent,✅,0.9887085614863063
38,37,playroom,incongruent,✅,0.07763257080615356
38,37,park,incongruent,✅,0.0457721686794574
38,38,bedroom,congruent,✅,0.9395177038459519
38,38,backyard,congruent,✅,0.9735658933839594
38,38,bedroom,incongruent,✅,0.03342621548763167
38,38,backyard,incongruent,✅,0.005866682444595857
38,39,solemnly,congruent,✅,0.8322254423940351
38,39,excitedly,congruent,✅,0.753642838716223
38,39,solemnly,incongruent,✅,0.2032562308876154
38,39,excitedly,incongruent,✅,0.17786376675613835
38,4,menu,congruent,✅,0.8525569306323024
38,4,prescription,congruent,✅,0.9935021639450285
38,4,menu,incongruent,❌,0.5129307089642504
38,4,prescription,incongruent,✅,0.13401062213664675
38,40,car,congruent,✅,0.8404542904466056
38,40,sock,congruent,❌,0.4426255172722038
38,40,car,incongruent,✅,0.048166797751989114
38,40,sock,incongruent,✅,0.03558161153871846
38,41,overdressed,congruent,✅,0.7549048565805062
38,41,naked,congruent,✅,0.6824027557657237
38,41,overdressed,incongruent,✅,0.09578556197470343
38,41,naked,incongruent,✅,0.2991306142286577
38,42,shy,congruent,✅,0.8476507727120041
38,42,lively,congruent,✅,0.9123859878146628
38,42,shy,incongruent,✅,0.16170325272673258
38,42,lively,incongruent,✅,0.07371838451552866
38,43,offended,congruent,✅,0.8877817625644688
38,43,flattered,congruent,✅,0.8133313301430515
38,43,offended,incongruent,✅,0.11194331869997169
38,43,flattered,incongruent,❌,0.5242178292425186
38,44,grandkid,congruent,✅,0.9650103921085222
38,44,cellmate,congruent,✅,0.9449174556305332
38,44,grandkid,incongruent,✅,0.157690179861271
38,44,cellmate,incongruent,✅,0.27602127264927456
38,45,promoted,congruent,✅,0.9794834016327298
38,45,fired,congruent,✅,0.9881024478966659
38,45,promoted,incongruent,✅,0.17130969299941104
38,45,fired,incongruent,✅,0.048699796800017875
38,46,shooting,congruent,❌,0.38130950271331127
38,46,celebration,congruent,❌,0.014337655713775906
38,46,shooting,incongruent,✅,0.015281156500833351
38,46,celebration,incongruent,✅,0.050466415691391396
38,47,crayon,congruent,❌,0.4922926324777108
38,47,beer,congruent,✅,0.9258867172947437
38,47,crayon,incongruent,✅,0.03420132756986705
38,47,beer,incongruent,✅,0.052737886620131645
38,48,waiter,congruent,✅,0.9411944500851361
38,48,taxi,congruent,✅,0.9734946983372142
38,48,waiter,incongruent,✅,0.1492516525763102
38,48,taxi,incongruent,✅,0.1562556993264249
38,49,parents,congruent,✅,0.9308806637588798
38,49,keys,congruent,✅,0.976328476205091
38,49,parents,incongruent,✅,0.30778973598697623
38,49,keys,incongruent,✅,0.013475836204238093
38,5,distress,congruent,✅,0.9302037666971542
38,5,tranquility,congruent,✅,0.7924886979435906
38,5,distress,incongruent,✅,0.05448870055371562
38,5,tranquility,incongruent,✅,0.3057394200867356
38,50,sofa,congruent,✅,0.9873308366224552
38,50,sky,congruent,✅,0.9929556152546386
38,50,sofa,incongruent,❌,0.5512434461866925
38,50,sky,incongruent,✅,0.4245753472858335
38,51,obesity,congruent,❌,0.1901289825303897
38,51,homework,congruent,✅,0.9369082962728217
38,51,obesity,incongruent,✅,0.018845227031983144
38,51,homework,incongruent,✅,0.03895964986756547
38,52,quiz,congruent,✅,0.8504448447399297
38,52,commute,congruent,✅,0.9298227900650167
38,52,quiz,incongruent,✅,0.016211782537693675
38,52,commute,incongruent,✅,0.019016301781114055
38,53,migraine,congruent,✅,0.9118804458754706
38,53,excitement,congruent,✅,0.9505123098971592
38,53,migraine,incongruent,✅,0.006935576443950961
38,53,excitement,incongruent,✅,0.13214107855619528
38,54,niece,congruent,✅,0.806387353165725
38,54,husband,congruent,✅,0.9916622940181513
38,54,niece,incongruent,❌,0.6250072323160752
38,54,husband,incongruent,✅,0.20039867441150155
38,55,film,congruent,✅,0.9250731397367672
38,55,sunrise,congruent,✅,0.808074345325735
38,55,film,incongruent,✅,0.04004205305745586
38,55,sunrise,incongruent,✅,0.03854114773346243
38,56,lecture,congruent,✅,0.8541388285189218
38,56,banquet,congruent,❌,0.34851928670313964
38,56,lecture,incongruent,✅,0.00794346487893097
38,56,banquet,incongruent,✅,0.012398800579081753
38,57,drink,congruent,✅,0.8513425277854489
38,57,textbook,congruent,✅,0.9537312568718466
38,57,drink,incongruent,✅,0.18980683499805406
38,57,textbook,incongruent,✅,0.04050159785307041
38,58,pool,congruent,✅,0.9483282283096807
38,58,snow,congruent,✅,0.6504911590711187
38,58,pool,incongruent,✅,0.011308040063546632
38,58,snow,incongruent,✅,0.14689323651477937
38,59,passport,congruent,✅,0.6767051315290725
38,59,plushy,congruent,✅,0.911243708217807
38,59,passport,incongruent,✅,0.10989660538991124
38,59,plushy,incongruent,✅,0.18861054263964905
38,6,patients,congruent,✅,0.9690518369252696
38,6,students,congruent,✅,0.9899242952983346
38,6,patients,incongruent,✅,0.0795769172295835
38,6,students,incongruent,✅,0.15495002983538333
38,60,sister,congruent,✅,0.9346349563935195
38,60,father,congruent,✅,0.9497629294291724
38,60,sister,incongruent,✅,0.10754054733163329
38,60,father,incongruent,✅,0.12129677233984919
38,61,game,congruent,✅,0.983017961817244
38,61,sunset,congruent,✅,0.9464264802982223
38,61,game,incongruent,✅,0.1509758960738858
38,61,sunset,incongruent,✅,0.11021735213667544
38,62,holidays,congruent,✅,0.9607210355034219
38,62,funeral,congruent,✅,0.9507089924930016
38,62,holidays,incongruent,✅,0.2998242782522496
38,62,funeral,incongruent,❌,0.6154173922249805
38,63,grades,congruent,✅,0.7701942201014277
38,63,affair,congruent,✅,0.991903854080836
38,63,grades,incongruent,✅,0.37254131388283396
38,63,affair,incongruent,✅,0.011745681640961103
38,64,arrest,congruent,❌,0.4367882978470407
38,64,stroke,congruent,✅,0.8434413472255848
38,64,arrest,incongruent,✅,0.4392089464995889
38,64,stroke,incongruent,✅,0.24097348492414117
38,65,pacifier,congruent,✅,0.9650090853278727
38,65,coffee,congruent,✅,0.9355226729128927
38,65,pacifier,incongruent,✅,0.05233532584876111
38,65,coffee,incongruent,✅,0.1914494804866011
38,66,sweets,congruent,✅,0.9727594071283472
38,66,sentencing,congruent,✅,0.9719533399725551
38,66,sweets,incongruent,✅,0.019119247158323766
38,66,sentencing,incongruent,✅,0.01633508973578168
38,67,nap,congruent,✅,0.9963890784468723
38,67,selfie,congruent,✅,0.9958596840187157
38,67,nap,incongruent,✅,0.22788730392323958
38,67,selfie,incongruent,✅,0.02880442234767752
38,68,diaper,congruent,✅,0.9645737193664335
38,68,tire,congruent,✅,0.9958765616271387
38,68,diaper,incongruent,✅,0.015613921408578296
38,68,tire,incongruent,✅,0.009551337397751426
38,69,chemotherapy,congruent,✅,0.9893597711566984
38,69,golf,congruent,✅,0.9194440980233876
38,69,chemotherapy,incongruent,✅,0.007378947818692815
38,69,golf,incongruent,❌,0.5451534537218415
38,7,consensus,congruent,✅,0.6142269585501763
38,7,deadlock,congruent,✅,0.835349725711585
38,7,consensus,incongruent,✅,0.22434538617255434
38,7,deadlock,incongruent,✅,0.17220176428269732
38,70,thunder,congruent,❌,0.3367222061715439
38,70,lullaby,congruent,✅,0.6888288707725706
38,70,thunder,incongruent,✅,0.02918071253751379
38,70,lullaby,incongruent,✅,0.020594360853397397
38,71,pajamas,congruent,✅,0.9422454171776896
38,71,uniform,congruent,✅,0.9139910936686911
38,71,pajamas,incongruent,✅,0.15583549520570253
38,71,uniform,incongruent,✅,0.036424029808233734
38,72,gown,congruent,✅,0.9766970415781497
38,72,sweats,congruent,✅,0.9399475380163349
38,72,gown,incongruent,✅,0.11361819392321888
38,72,sweats,incongruent,✅,0.09824091377174471
38,73,deadline,congruent,✅,0.5128889436955881
38,73,bed,congruent,✅,0.9897523825018246
38,73,deadline,incongruent,✅,0.14572388992194918
38,73,bed,incongruent,✅,0.1237719702530791
38,74,kindergarten,congruent,✅,0.927684247104753
38,74,jail,congruent,✅,0.9153055830815992
38,74,kindergarten,incongruent,✅,0.026451406972050583
38,74,jail,incongruent,✅,0.3347418791292334
38,75,interrogated,congruent,✅,0.9778412580616896
38,75,tickled,congruent,✅,0.9578872763628579
38,75,interrogated,incongruent,✅,0.10854557407614976
38,75,tickled,incongruent,✅,0.09355696327372087
38,76,sandcastle,congruent,✅,0.9685668818884505
38,76,snowman,congruent,✅,0.9757570494122375
38,76,sandcastle,incongruent,✅,0.03823790343462757
38,76,snowman,incongruent,✅,0.06737914669478785
38,77,music,congruent,✅,0.9932089983685592
38,77,pizza,congruent,✅,0.9984728127287265
38,77,music,incongruent,✅,0.09504359280406477
38,77,pizza,incongruent,✅,0.00862677786431972
38,78,playoffs,congruent,✅,0.5254004348047646
38,78,cartoon,congruent,✅,0.9206591502147018
38,78,playoffs,incongruent,✅,0.0045712973512554884
38,78,cartoon,incongruent,✅,0.0291823249471607
38,79,alcoholism,congruent,✅,0.889244000996925
38,79,academics,congruent,✅,0.9222936634171754
38,79,alcoholism,incongruent,✅,0.10839829426189075
38,79,academics,incongruent,✅,0.0714741847574793
38,8,engagement,congruent,✅,0.7029094440370743
38,8,cancer,congruent,❌,0.30724205398629617
38,8,engagement,incongruent,✅,0.20052065883691503
38,8,cancer,incongruent,✅,0.2914015695971713
38,9,terminal,congruent,✅,0.9904011852982814
38,9,classroom,congruent,✅,0.9932756532728799
38,9,terminal,incongruent,✅,0.13927580147615207
38,9,classroom,incongruent,✅,0.19068565588861858
39,0,library,congruent,✅,0.643665852787811
39,0,refrigerator,congruent,❌,0.3809006590833007
39,0,library,incongruent,✅,0.02601417665868077
39,0,refrigerator,incongruent,✅,0.04618698113519807
39,1,disappointment,congruent,✅,0.8110010132586224
39,1,delight,congruent,✅,0.9655480847988601
39,1,disappointment,incongruent,✅,0.05172567214117205
39,1,delight,incongruent,✅,0.19845863736236818
39,10,cash,congruent,✅,0.9902618290849807
39,10,groceries,congruent,✅,0.6600123310314833
39,10,cash,incongruent,✅,0.1066701394711128
39,10,groceries,incongruent,✅,0.039039979529869755
39,11,lonely,congruent,✅,0.9300803249223079
39,11,confident,congruent,✅,0.7956549191863728
39,11,lonely,incongruent,✅,0.02536895657290732
39,11,confident,incongruent,✅,0.39848692002062414
39,12,joy,congruent,✅,0.9823442087806413
39,12,outrage,congruent,❌,0.3745028718835153
39,12,joy,incongruent,✅,0.1584794699241519
39,12,outrage,incongruent,❌,0.8668969501012272
39,13,traffic,congruent,✅,0.991992292763081
39,13,snowstorm,congruent,✅,0.977969501495081
39,13,traffic,incongruent,❌,0.7483811192162563
39,13,snowstorm,incongruent,❌,0.8469120482021305
39,14,laughter,congruent,✅,0.9970915770555557
39,14,frustration,congruent,✅,0.9642525077640585
39,14,laughter,incongruent,✅,0.05425337460288631
39,14,frustration,incongruent,✅,0.09347828062283461
39,15,calculator,congruent,✅,0.7391551903028986
39,15,instrument,congruent,✅,0.9615714189888619
39,15,calculator,incongruent,✅,0.25374884986313656
39,15,instrument,incongruent,✅,0.4588808206147689
39,16,orchestra,congruent,✅,0.928273348190897
39,16,racers,congruent,✅,0.9865353891344072
39,16,orchestra,incongruent,✅,0.286580143872718
39,16,racers,incongruent,✅,0.033611175532141935
39,17,retirement,congruent,✅,0.9189751841144868
39,17,playdate,congruent,✅,0.9117462652386109
39,17,retirement,incongruent,✅,0.09986464035153816
39,17,playdate,incongruent,✅,0.0945762422320534
39,18,relieved,congruent,✅,0.796210173361829
39,18,depressed,congruent,❌,0.42666687821617577
39,18,relieved,incongruent,✅,0.018555350371007185
39,18,depressed,incongruent,✅,0.28233239191277826
39,19,friends,congruent,❌,0.35387911048164733
39,19,weight,congruent,✅,0.9296443287379343
39,19,friends,incongruent,❌,0.6172048351940826
39,19,weight,incongruent,✅,0.06272740490110236
39,2,overcoat,congruent,✅,0.7717325740034134
39,2,sandals,congruent,✅,0.5643056088158126
39,2,overcoat,incongruent,✅,0.13104935731258105
39,2,sandals,incongruent,✅,0.05478716844274515
39,20,lipstick,congruent,✅,0.7892828612063195
39,20,song,congruent,✅,0.9702001036152704
39,20,lipstick,incongruent,✅,0.47000209132398674
39,20,song,incongruent,✅,0.19089351403523766
39,21,fought,congruent,✅,0.9868672176870081
39,21,sang,congruent,❌,0.4156470098314269
39,21,fought,incongruent,✅,0.019656549151900606
39,21,sang,incongruent,✅,0.3750429680380694
39,22,skeptical,congruent,✅,0.5519856158550106
39,22,reassured,congruent,✅,0.67251325184264
39,22,skeptical,incongruent,✅,0.2345448857667638
39,22,reassured,incongruent,✅,0.04201015357749313
39,23,graduation,congruent,✅,0.9988217862709904
39,23,operation,congruent,✅,0.5455962926618737
39,23,graduation,incongruent,✅,0.06035728633788299
39,23,operation,incongruent,✅,0.22080258943998654
39,24,bride,congruent,✅,0.9324816441330656
39,24,aftermath,congruent,✅,0.9804151134898642
39,24,bride,incongruent,✅,0.1127285229500246
39,24,aftermath,incongruent,✅,0.005725285932016792
39,25,teacher,congruent,✅,0.9753740256373877
39,25,daughter,congruent,✅,0.9760142412179569
39,25,teacher,incongruent,✅,0.027054712943347946
39,25,daughter,incongruent,✅,0.027688383397245844
39,26,roommate,congruent,✅,0.848243926477853
39,26,grandma,congruent,✅,0.9853064529582172
39,26,roommate,incongruent,✅,0.19377755602899893
39,26,grandma,incongruent,✅,0.01871455204965408
39,27,brother,congruent,✅,0.8799627056431719
39,27,mother,congruent,✅,0.9734271071842903
39,27,brother,incongruent,✅,0.060535826785057506
39,27,mother,incongruent,✅,0.014324100987100597
39,28,preschool,congruent,❌,0.4296303940918375
39,28,prison,congruent,✅,0.9233522855624856
39,28,preschool,incongruent,✅,0.013342395431744444
39,28,prison,incongruent,✅,0.016643335081757797
39,29,hopeful,congruent,✅,0.5923224526162
39,29,hopeless,congruent,✅,0.9148315414883396
39,29,hopeful,incongruent,✅,0.37672403211009
39,29,hopeless,incongruent,✅,0.1213103921851883
39,3,marathon,congruent,✅,0.9200709104539576
39,3,exam,congruent,✅,0.9510077278273626
39,3,marathon,incongruent,✅,0.24956744561612365
39,3,exam,incongruent,✅,0.11315903770623201
39,30,appalled,congruent,✅,0.6858303860460557
39,30,overjoyed,congruent,✅,0.8565252060362781
39,30,appalled,incongruent,✅,0.14299256965336235
39,30,overjoyed,incongruent,✅,0.2616967732145298
39,31,reprimand,congruent,✅,0.8186161574112942
39,31,encouragement,congruent,✅,0.9691940294347134
39,31,reprimand,incongruent,✅,0.14804700608159005
39,31,encouragement,incongruent,✅,0.06466813675335237
39,32,angrily,congruent,✅,0.973982952362127
39,32,cordially,congruent,✅,0.8670819762836405
39,32,angrily,incongruent,✅,0.08266216380092403
39,32,cordially,incongruent,✅,0.06275925369758562
39,33,accusatory,congruent,✅,0.9677571445699392
39,33,flirtatious,congruent,✅,0.9085597974443748
39,33,accusatory,incongruent,✅,0.1819200101562077
39,33,flirtatious,incongruent,✅,0.4855579298248149
39,34,disapprovingly,congruent,✅,0.9415365693750133
39,34,lovingly,congruent,✅,0.6309072050045007
39,34,disapprovingly,incongruent,✅,0.16381622053082645
39,34,lovingly,incongruent,✅,0.4444146044665987
39,35,playful,congruent,✅,0.876068572706911
39,35,distant,congruent,✅,0.9374330871164014
39,35,playful,incongruent,❌,0.6203746659934405
39,35,distant,incongruent,✅,0.10486542669908175
39,36,headphones,congruent,✅,0.7349300460735582
39,36,mangoes,congruent,✅,0.8721180341989679
39,36,headphones,incongruent,✅,0.4162083456582772
39,36,mangoes,incongruent,✅,0.15063493409874584
39,37,playroom,congruent,✅,0.9465915519930702
39,37,park,congruent,✅,0.9897303803280489
39,37,playroom,incongruent,✅,0.1128696638388496
39,37,park,incongruent,✅,0.05085176935614647
39,38,bedroom,congruent,✅,0.9371926515980766
39,38,backyard,congruent,✅,0.9683859433910752
39,38,bedroom,incongruent,✅,0.040854622086744855
39,38,backyard,incongruent,✅,0.003244117646429361
39,39,solemnly,congruent,✅,0.7637777883342348
39,39,excitedly,congruent,✅,0.7276806203065983
39,39,solemnly,incongruent,✅,0.14076621761944907
39,39,excitedly,incongruent,✅,0.16102922834678587
39,4,menu,congruent,✅,0.8208521382362323
39,4,prescription,congruent,✅,0.9942277414116315
39,4,menu,incongruent,❌,0.5477277057559744
39,4,prescription,incongruent,✅,0.1445184647006319
39,40,car,congruent,✅,0.8500474176073924
39,40,sock,congruent,✅,0.5203662037962518
39,40,car,incongruent,✅,0.06588776537554658
39,40,sock,incongruent,✅,0.02126813985774983
39,41,overdressed,congruent,✅,0.6390485193845258
39,41,naked,congruent,✅,0.6927618494922306
39,41,overdressed,incongruent,✅,0.07483197514202312
39,41,naked,incongruent,✅,0.26392913419576214
39,42,shy,congruent,✅,0.8215020667197381
39,42,lively,congruent,✅,0.911260012535252
39,42,shy,incongruent,✅,0.14774754763173242
39,42,lively,incongruent,✅,0.06544232982624967
39,43,offended,congruent,✅,0.867404551930017
39,43,flattered,congruent,✅,0.8091357345010832
39,43,offended,incongruent,✅,0.10093023122017758
39,43,flattered,incongruent,✅,0.47125407986906703
39,44,grandkid,congruent,✅,0.97603888734087
39,44,cellmate,congruent,✅,0.9414990935848643
39,44,grandkid,incongruent,✅,0.12019871829300673
39,44,cellmate,incongruent,✅,0.22609197200302197
39,45,promoted,congruent,✅,0.9774855312274685
39,45,fired,congruent,✅,0.986076461826885
39,45,promoted,incongruent,✅,0.18037186126343385
39,45,fired,incongruent,✅,0.03555618847208403
39,46,shooting,congruent,❌,0.4404915014466334
39,46,celebration,congruent,❌,0.029812130047755132
39,46,shooting,incongruent,✅,0.019273586676031986
39,46,celebration,incongruent,✅,0.08050518693317084
39,47,crayon,congruent,❌,0.48303850113181784
39,47,beer,congruent,✅,0.9375370910364217
39,47,crayon,incongruent,✅,0.04420154953722994
39,47,beer,incongruent,✅,0.050602276126353526
39,48,waiter,congruent,✅,0.9312791496938579
39,48,taxi,congruent,✅,0.9739122911816823
39,48,waiter,incongruent,✅,0.14664401709888716
39,48,taxi,incongruent,✅,0.16538437114827653
39,49,parents,congruent,✅,0.9478457881472746
39,49,keys,congruent,✅,0.9827559948167712
39,49,parents,incongruent,✅,0.3278758804533249
39,49,keys,incongruent,✅,0.009220734154866177
39,5,distress,congruent,✅,0.9653600971416824
39,5,tranquility,congruent,✅,0.8409077008522536
39,5,distress,incongruent,✅,0.06374273118434372
39,5,tranquility,incongruent,✅,0.315925481703748
39,50,sofa,congruent,✅,0.9868454514853819
39,50,sky,congruent,✅,0.9961763745005188
39,50,sofa,incongruent,❌,0.517528175204115
39,50,sky,incongruent,✅,0.3867573943947875
39,51,obesity,congruent,❌,0.1566041243060545
39,51,homework,congruent,✅,0.9149034328951416
39,51,obesity,incongruent,✅,0.014108036841523838
39,51,homework,incongruent,✅,0.02717214787177309
39,52,quiz,congruent,✅,0.8040097191991511
39,52,commute,congruent,✅,0.9537605392053693
39,52,quiz,incongruent,✅,0.010995434948818708
39,52,commute,incongruent,✅,0.010473758007549159
39,53,migraine,congruent,✅,0.9117105759243778
39,53,excitement,congruent,✅,0.9634197059972983
39,53,migraine,incongruent,✅,0.0061450776535921705
39,53,excitement,incongruent,✅,0.15321010538141808
39,54,niece,congruent,✅,0.8950231443004419
39,54,husband,congruent,✅,0.9865299170964839
39,54,niece,incongruent,❌,0.5833259075690341
39,54,husband,incongruent,✅,0.25816219050038874
39,55,film,congruent,✅,0.9574720566687015
39,55,sunrise,congruent,✅,0.8196436023592274
39,55,film,incongruent,✅,0.03215782304183015
39,55,sunrise,incongruent,✅,0.03526098481730656
39,56,lecture,congruent,✅,0.8699180343110539
39,56,banquet,congruent,❌,0.3911189739475631
39,56,lecture,incongruent,✅,0.007376060141688748
39,56,banquet,incongruent,✅,0.01295542875397359
39,57,drink,congruent,✅,0.8846243279979744
39,57,textbook,congruent,✅,0.9481066475985798
39,57,drink,incongruent,✅,0.13159245127189242
39,57,textbook,incongruent,✅,0.03431001372091385
39,58,pool,congruent,✅,0.9526184804732004
39,58,snow,congruent,✅,0.7018994014567254
39,58,pool,incongruent,✅,0.01744221043371259
39,58,snow,incongruent,✅,0.11147070897974289
39,59,passport,congruent,✅,0.6663867634824218
39,59,plushy,congruent,✅,0.9405821846556397
39,59,passport,incongruent,✅,0.09656507387839944
39,59,plushy,incongruent,✅,0.16183685142085316
39,6,patients,congruent,✅,0.9520797621448751
39,6,students,congruent,✅,0.9868882587020342
39,6,patients,incongruent,✅,0.07196777058870943
39,6,students,incongruent,✅,0.14866892299108536
39,60,sister,congruent,✅,0.9059798306891605
39,60,father,congruent,✅,0.957027331667593
39,60,sister,incongruent,✅,0.0724452369128971
39,60,father,incongruent,✅,0.05619838781642688
39,61,game,congruent,✅,0.9914670574801169
39,61,sunset,congruent,✅,0.9498250975858078
39,61,game,incongruent,✅,0.12071765651640584
39,61,sunset,incongruent,✅,0.12213876563207342
39,62,holidays,congruent,✅,0.9779790971650539
39,62,funeral,congruent,✅,0.9650410069198442
39,62,holidays,incongruent,✅,0.24146234922080012
39,62,funeral,incongruent,❌,0.6974053083421831
39,63,grades,congruent,✅,0.8370202680308463
39,63,affair,congruent,✅,0.9945586006016314
39,63,grades,incongruent,❌,0.5288622427427956
39,63,affair,incongruent,✅,0.007384578221966811
39,64,arrest,congruent,❌,0.49078968644455645
39,64,stroke,congruent,✅,0.8197580682068972
39,64,arrest,incongruent,✅,0.488478687065436
39,64,stroke,incongruent,✅,0.2882438114483793
39,65,pacifier,congruent,✅,0.9561303840398375
39,65,coffee,congruent,✅,0.9430933311843199
39,65,pacifier,incongruent,✅,0.04172085014707545
39,65,coffee,incongruent,✅,0.21409076829296797
39,66,sweets,congruent,✅,0.9653273537487822
39,66,sentencing,congruent,✅,0.964032850298993
39,66,sweets,incongruent,✅,0.008303345454375444
39,66,sentencing,incongruent,✅,0.012372091446146089
39,67,nap,congruent,✅,0.9964601127004584
39,67,selfie,congruent,✅,0.9956342882942366
39,67,nap,incongruent,✅,0.17084081712682928
39,67,selfie,incongruent,✅,0.022170952715361174
39,68,diaper,congruent,✅,0.9607888113893259
39,68,tire,congruent,✅,0.9963202810098452
39,68,diaper,incongruent,✅,0.011779164941586002
39,68,tire,incongruent,✅,0.01140706541088279
39,69,chemotherapy,congruent,✅,0.9894897375946905
39,69,golf,congruent,✅,0.9134456964098913
39,69,chemotherapy,incongruent,✅,0.003851629997725001
39,69,golf,incongruent,✅,0.4948373105751772
39,7,consensus,congruent,✅,0.7143828458766117
39,7,deadlock,congruent,✅,0.8843720099438938
39,7,consensus,incongruent,✅,0.3099650075885523
39,7,deadlock,incongruent,✅,0.14417867577479376
39,70,thunder,congruent,❌,0.46496255761900185
39,70,lullaby,congruent,✅,0.6825950211919957
39,70,thunder,incongruent,✅,0.024718547306267415
39,70,lullaby,incongruent,✅,0.03287854858667848
39,71,pajamas,congruent,✅,0.9581415155286697
39,71,uniform,congruent,✅,0.936286215739751
39,71,pajamas,incongruent,✅,0.1596451035691512
39,71,uniform,incongruent,✅,0.05472200894372823
39,72,gown,congruent,✅,0.9842242914421808
39,72,sweats,congruent,✅,0.9380134479574445
39,72,gown,incongruent,✅,0.0844180458030542
39,72,sweats,incongruent,✅,0.10409186749794896
39,73,deadline,congruent,❌,0.43170163273861273
39,73,bed,congruent,✅,0.990171645106664
39,73,deadline,incongruent,✅,0.14616802175774596
39,73,bed,incongruent,✅,0.10020299887340757
39,74,kindergarten,congruent,✅,0.9365415938596426
39,74,jail,congruent,✅,0.8903028614059747
39,74,kindergarten,incongruent,✅,0.01398854841741306
39,74,jail,incongruent,✅,0.25449924593444473
39,75,interrogated,congruent,✅,0.9860342821589001
39,75,tickled,congruent,✅,0.9507888635056967
39,75,interrogated,incongruent,✅,0.08153718891562732
39,75,tickled,incongruent,✅,0.09005417645457955
39,76,sandcastle,congruent,✅,0.9742102735389525
39,76,snowman,congruent,✅,0.9736378029124452
39,76,sandcastle,incongruent,✅,0.04343048070756378
39,76,snowman,incongruent,✅,0.06545262377568818
39,77,music,congruent,✅,0.9919699614013955
39,77,pizza,congruent,✅,0.9981607708633883
39,77,music,incongruent,✅,0.06490917364243087
39,77,pizza,incongruent,✅,0.006986757832375263
39,78,playoffs,congruent,✅,0.5795989016329595
39,78,cartoon,congruent,✅,0.9111025919365329
39,78,playoffs,incongruent,✅,0.0025153283598424894
39,78,cartoon,incongruent,✅,0.022103185757910846
39,79,alcoholism,congruent,✅,0.890291970584842
39,79,academics,congruent,✅,0.9642325046321029
39,79,alcoholism,incongruent,✅,0.14675037814284048
39,79,academics,incongruent,✅,0.05449222040397896
39,8,engagement,congruent,✅,0.6307846918741356
39,8,cancer,congruent,❌,0.3111431634031993
39,8,engagement,incongruent,✅,0.19904897448648545
39,8,cancer,incongruent,✅,0.24994318422939524
39,9,terminal,congruent,✅,0.9909004660324439
39,9,classroom,congruent,✅,0.9934432058624671
39,9,terminal,incongruent,✅,0.12861075428520588
39,9,classroom,incongruent,✅,0.23330108815270412
40,0,library,congruent,✅,0.6715624191624499
40,0,refrigerator,congruent,❌,0.4011956817504553
40,0,library,incongruent,✅,0.02718076890687134
40,0,refrigerator,incongruent,✅,0.05677983648553143
40,1,disappointment,congruent,✅,0.8274965194892723
40,1,delight,congruent,✅,0.9725040349115186
40,1,disappointment,incongruent,✅,0.06697065993593751
40,1,delight,incongruent,✅,0.2676619695638319
40,10,cash,congruent,✅,0.9909199269191753
40,10,groceries,congruent,✅,0.6765123443519026
40,10,cash,incongruent,✅,0.14214303690767507
40,10,groceries,incongruent,✅,0.05664024198175584
40,11,lonely,congruent,✅,0.9247936437666576
40,11,confident,congruent,✅,0.8214233637280108
40,11,lonely,incongruent,✅,0.03987433087170645
40,11,confident,incongruent,✅,0.40916262711674556
40,12,joy,congruent,✅,0.9816474234482637
40,12,outrage,congruent,❌,0.40016703544265325
40,12,joy,incongruent,✅,0.17908798649421442
40,12,outrage,incongruent,❌,0.8682547669299945
40,13,traffic,congruent,✅,0.9863118921145934
40,13,snowstorm,congruent,✅,0.9810922028204311
40,13,traffic,incongruent,❌,0.7699658355687287
40,13,snowstorm,incongruent,❌,0.8010838989396365
40,14,laughter,congruent,✅,0.9964255844793135
40,14,frustration,congruent,✅,0.9546785491446387
40,14,laughter,incongruent,✅,0.04917854914428485
40,14,frustration,incongruent,✅,0.08773748813143781
40,15,calculator,congruent,✅,0.7116949815763165
40,15,instrument,congruent,✅,0.9662976868086026
40,15,calculator,incongruent,✅,0.2517037626430475
40,15,instrument,incongruent,✅,0.4537916272851751
40,16,orchestra,congruent,✅,0.9155788392057557
40,16,racers,congruent,✅,0.9889976622138074
40,16,orchestra,incongruent,✅,0.3468209009776809
40,16,racers,incongruent,✅,0.03593496428917458
40,17,retirement,congruent,✅,0.9190762997047909
40,17,playdate,congruent,✅,0.894760462406191
40,17,retirement,incongruent,✅,0.10466024269661038
40,17,playdate,incongruent,✅,0.10800146368343318
40,18,relieved,congruent,✅,0.8666926813501122
40,18,depressed,congruent,❌,0.45868568898961126
40,18,relieved,incongruent,✅,0.022300077966193245
40,18,depressed,incongruent,✅,0.35174895842410037
40,19,friends,congruent,❌,0.34394478553771596
40,19,weight,congruent,✅,0.9334539375497801
40,19,friends,incongruent,❌,0.6829331435214221
40,19,weight,incongruent,✅,0.060596574003964336
40,2,overcoat,congruent,✅,0.7846735950959189
40,2,sandals,congruent,✅,0.584192184406216
40,2,overcoat,incongruent,✅,0.14773479042304932
40,2,sandals,incongruent,✅,0.05850725975279731
40,20,lipstick,congruent,✅,0.8323514734689381
40,20,song,congruent,✅,0.9759984703836947
40,20,lipstick,incongruent,❌,0.59140460621856
40,20,song,incongruent,✅,0.2617561302678079
40,21,fought,congruent,✅,0.9861015349474933
40,21,sang,congruent,❌,0.42338498671352237
40,21,fought,incongruent,✅,0.013220514237032273
40,21,sang,incongruent,✅,0.31957752375589427
40,22,skeptical,congruent,✅,0.6130684881113662
40,22,reassured,congruent,✅,0.7347219204014075
40,22,skeptical,incongruent,✅,0.29742699527577354
40,22,reassured,incongruent,✅,0.05996658848488437
40,23,graduation,congruent,✅,0.9984865656085398
40,23,operation,congruent,✅,0.5466505653915108
40,23,graduation,incongruent,✅,0.06512025775162418
40,23,operation,incongruent,✅,0.2379661083838155
40,24,bride,congruent,✅,0.8861515303762065
40,24,aftermath,congruent,✅,0.9812301127139839
40,24,bride,incongruent,✅,0.15170139426966775
40,24,aftermath,incongruent,✅,0.00457191705304197
40,25,teacher,congruent,✅,0.9725990954754136
40,25,daughter,congruent,✅,0.9704627025391419
40,25,teacher,incongruent,✅,0.024947109584979418
40,25,daughter,incongruent,✅,0.02813855584206745
40,26,roommate,congruent,✅,0.8381139852729885
40,26,grandma,congruent,✅,0.9821493200434885
40,26,roommate,incongruent,✅,0.1887318095968075
40,26,grandma,incongruent,✅,0.02179451893826448
40,27,brother,congruent,✅,0.8286347734416062
40,27,mother,congruent,✅,0.9676503148467899
40,27,brother,incongruent,✅,0.054091004841129706
40,27,mother,incongruent,✅,0.010174721863749792
40,28,preschool,congruent,❌,0.49006966528089513
40,28,prison,congruent,✅,0.8992912212780765
40,28,preschool,incongruent,✅,0.011093835300356835
40,28,prison,incongruent,✅,0.023079017312432726
40,29,hopeful,congruent,✅,0.5752106973527091
40,29,hopeless,congruent,✅,0.9095260944611541
40,29,hopeful,incongruent,✅,0.35790424849288166
40,29,hopeless,incongruent,✅,0.10993652139263996
40,3,marathon,congruent,✅,0.9027146753703916
40,3,exam,congruent,✅,0.940521090399015
40,3,marathon,incongruent,✅,0.24918618928288191
40,3,exam,incongruent,✅,0.11669055457378842
40,30,appalled,congruent,✅,0.6792396353353992
40,30,overjoyed,congruent,✅,0.8550269826535872
40,30,appalled,incongruent,✅,0.13354393559094632
40,30,overjoyed,incongruent,✅,0.2596121531445246
40,31,reprimand,congruent,✅,0.8411111419916
40,31,encouragement,congruent,✅,0.965685422182416
40,31,reprimand,incongruent,✅,0.12000589792779652
40,31,encouragement,incongruent,✅,0.06543414691943793
40,32,angrily,congruent,✅,0.9764352466934416
40,32,cordially,congruent,✅,0.876787589878572
40,32,angrily,incongruent,✅,0.1002412713528125
40,32,cordially,incongruent,✅,0.06782139130303343
40,33,accusatory,congruent,✅,0.9614718040002305
40,33,flirtatious,congruent,✅,0.9135343010889161
40,33,accusatory,incongruent,✅,0.18935463994910234
40,33,flirtatious,incongruent,✅,0.44389229214259024
40,34,disapprovingly,congruent,✅,0.9335089072622251
40,34,lovingly,congruent,✅,0.604395420943592
40,34,disapprovingly,incongruent,✅,0.13916430886636336
40,34,lovingly,incongruent,✅,0.37894586669037583
40,35,playful,congruent,✅,0.8830034341447289
40,35,distant,congruent,✅,0.9401752021781669
40,35,playful,incongruent,❌,0.6553597241227643
40,35,distant,incongruent,✅,0.11436968089049415
40,36,headphones,congruent,✅,0.7518026040174066
40,36,mangoes,congruent,✅,0.8589334463161775
40,36,headphones,incongruent,✅,0.478688240814761
40,36,mangoes,incongruent,✅,0.15104226237363805
40,37,playroom,congruent,✅,0.9453315199233483
40,37,park,congruent,✅,0.9830750040044633
40,37,playroom,incongruent,✅,0.06649640328885144
40,37,park,incongruent,✅,0.051770731133259515
40,38,bedroom,congruent,✅,0.9510572208020431
40,38,backyard,congruent,✅,0.9770283065877873
40,38,bedroom,incongruent,✅,0.06198146975697949
40,38,backyard,incongruent,✅,0.00634228982981349
40,39,solemnly,congruent,✅,0.7735045938956413
40,39,excitedly,congruent,✅,0.7100271422048502
40,39,solemnly,incongruent,✅,0.13606313625584823
40,39,excitedly,incongruent,✅,0.16662275427017395
40,4,menu,congruent,✅,0.7500008517200393
40,4,prescription,congruent,✅,0.9950833690026859
40,4,menu,incongruent,❌,0.5752989446183266
40,4,prescription,incongruent,✅,0.09158303317249288
40,40,car,congruent,✅,0.8185777911563946
40,40,sock,congruent,✅,0.5603445576597139
40,40,car,incongruent,✅,0.07428150013556394
40,40,sock,incongruent,✅,0.021918529786261305
40,41,overdressed,congruent,✅,0.6603260116720246
40,41,naked,congruent,✅,0.6718856728986256
40,41,overdressed,incongruent,✅,0.07189896117047792
40,41,naked,incongruent,✅,0.2505269651273342
40,42,shy,congruent,✅,0.831210616878356
40,42,lively,congruent,✅,0.9183571066338704
40,42,shy,incongruent,✅,0.1663539695835951
40,42,lively,incongruent,✅,0.07374032664279011
40,43,offended,congruent,✅,0.8776881450762453
40,43,flattered,congruent,✅,0.7726931240069776
40,43,offended,incongruent,✅,0.08423300805026378
40,43,flattered,incongruent,✅,0.47747543675323
40,44,grandkid,congruent,✅,0.9674131008272284
40,44,cellmate,congruent,✅,0.9253487182146903
40,44,grandkid,incongruent,✅,0.12856070121312835
40,44,cellmate,incongruent,✅,0.23660510693374126
40,45,promoted,congruent,✅,0.9738601982984334
40,45,fired,congruent,✅,0.9871339754838379
40,45,promoted,incongruent,✅,0.1763898082761533
40,45,fired,incongruent,✅,0.029270352450697187
40,46,shooting,congruent,❌,0.38367991342969676
40,46,celebration,congruent,❌,0.025939860471122515
40,46,shooting,incongruent,✅,0.018356275979496163
40,46,celebration,incongruent,✅,0.07409770132360122
40,47,crayon,congruent,❌,0.4612724212833978
40,47,beer,congruent,✅,0.9360579668276902
40,47,crayon,incongruent,✅,0.050630197641276395
40,47,beer,incongruent,✅,0.04487328213034245
40,48,waiter,congruent,✅,0.9389493336640292
40,48,taxi,congruent,✅,0.9706145594759136
40,48,waiter,incongruent,✅,0.14756913319980464
40,48,taxi,incongruent,✅,0.1670623771308398
40,49,parents,congruent,✅,0.9464344186280625
40,49,keys,congruent,✅,0.9790641817811752
40,49,parents,incongruent,✅,0.31569539128968876
40,49,keys,incongruent,✅,0.010674553722635448
40,5,distress,congruent,✅,0.9270473613928752
40,5,tranquility,congruent,✅,0.7897681995583873
40,5,distress,incongruent,✅,0.05097302609512869
40,5,tranquility,incongruent,✅,0.19616916977427426
40,50,sofa,congruent,✅,0.9884144212525396
40,50,sky,congruent,✅,0.9959278974613377
40,50,sofa,incongruent,❌,0.5360254923410637
40,50,sky,incongruent,✅,0.432378659990557
40,51,obesity,congruent,❌,0.18438395751385345
40,51,homework,congruent,✅,0.9217249816347547
40,51,obesity,incongruent,✅,0.016543185092622537
40,51,homework,incongruent,✅,0.0346807364185133
40,52,quiz,congruent,✅,0.8028526175292624
40,52,commute,congruent,✅,0.9427711164897106
40,52,quiz,incongruent,✅,0.014740519810600634
40,52,commute,incongruent,✅,0.011397332654580566
40,53,migraine,congruent,✅,0.939510606682565
40,53,excitement,congruent,✅,0.9565539470310532
40,53,migraine,incongruent,✅,0.0057229661810658935
40,53,excitement,incongruent,✅,0.2027977656932744
40,54,niece,congruent,✅,0.8850123584194735
40,54,husband,congruent,✅,0.9873614925521799
40,54,niece,incongruent,❌,0.6058447415549095
40,54,husband,incongruent,✅,0.21864664319359742
40,55,film,congruent,✅,0.9360585516464484
40,55,sunrise,congruent,✅,0.8639629148098776
40,55,film,incongruent,✅,0.050239546940103644
40,55,sunrise,incongruent,✅,0.039848582816154485
40,56,lecture,congruent,✅,0.8606835230380353
40,56,banquet,congruent,❌,0.4641711766726411
40,56,lecture,incongruent,✅,0.009941228114146376
40,56,banquet,incongruent,✅,0.012479879804661467
40,57,drink,congruent,✅,0.8929974390902604
40,57,textbook,congruent,✅,0.9421910513199452
40,57,drink,incongruent,✅,0.1109501540450903
40,57,textbook,incongruent,✅,0.037513933556952414
40,58,pool,congruent,✅,0.9506268593590805
40,58,snow,congruent,✅,0.7729763460968369
40,58,pool,incongruent,✅,0.0213059827534955
40,58,snow,incongruent,✅,0.13548200612476657
40,59,passport,congruent,✅,0.635413706787445
40,59,plushy,congruent,✅,0.9494785084685669
40,59,passport,incongruent,✅,0.1469884121328769
40,59,plushy,incongruent,✅,0.1722239864045101
40,6,patients,congruent,✅,0.9681203894335167
40,6,students,congruent,✅,0.9886684156360114
40,6,patients,incongruent,✅,0.09704865865766465
40,6,students,incongruent,✅,0.18370094461220804
40,60,sister,congruent,✅,0.9233654536311345
40,60,father,congruent,✅,0.9604299668711244
40,60,sister,incongruent,✅,0.10238079527152232
40,60,father,incongruent,✅,0.07857241698001957
40,61,game,congruent,✅,0.9902370562233008
40,61,sunset,congruent,✅,0.9535662311217898
40,61,game,incongruent,✅,0.14518196453058152
40,61,sunset,incongruent,✅,0.14969255711089033
40,62,holidays,congruent,✅,0.9802842185101258
40,62,funeral,congruent,✅,0.9475199458150846
40,62,holidays,incongruent,✅,0.23597936334913744
40,62,funeral,incongruent,❌,0.7252271911692618
40,63,grades,congruent,✅,0.7753745788418349
40,63,affair,congruent,✅,0.9928368906927143
40,63,grades,incongruent,✅,0.4991072882675949
40,63,affair,incongruent,✅,0.0066749594054091
40,64,arrest,congruent,❌,0.47444325136093535
40,64,stroke,congruent,✅,0.7551738424067278
40,64,arrest,incongruent,✅,0.37302748170768285
40,64,stroke,incongruent,✅,0.280184855916363
40,65,pacifier,congruent,✅,0.9539283958039406
40,65,coffee,congruent,✅,0.9356684214567578
40,65,pacifier,incongruent,✅,0.042608539466584376
40,65,coffee,incongruent,✅,0.26972725693645516
40,66,sweets,congruent,✅,0.971158591797739
40,66,sentencing,congruent,✅,0.9704773775037007
40,66,sweets,incongruent,✅,0.014511722511663626
40,66,sentencing,incongruent,✅,0.01514838095243931
40,67,nap,congruent,✅,0.9970453850184685
40,67,selfie,congruent,✅,0.996832938058325
40,67,nap,incongruent,✅,0.21794459997483231
40,67,selfie,incongruent,✅,0.030857657724978275
40,68,diaper,congruent,✅,0.9665230453158082
40,68,tire,congruent,✅,0.9953682156474627
40,68,diaper,incongruent,✅,0.014085636379582458
40,68,tire,incongruent,✅,0.012797634862710931
40,69,chemotherapy,congruent,✅,0.9872384139993204
40,69,golf,congruent,✅,0.9317831638657
40,69,chemotherapy,incongruent,✅,0.006034401644229968
40,69,golf,incongruent,✅,0.49266667505796014
40,7,consensus,congruent,✅,0.7836103141398653
40,7,deadlock,congruent,✅,0.8760061574182004
40,7,consensus,incongruent,✅,0.2764763915959804
40,7,deadlock,incongruent,✅,0.22208475615168047
40,70,thunder,congruent,❌,0.32301233025181836
40,70,lullaby,congruent,✅,0.6565475450470715
40,70,thunder,incongruent,✅,0.02094870403389974
40,70,lullaby,incongruent,✅,0.02002959037293566
40,71,pajamas,congruent,✅,0.9505245746802019
40,71,uniform,congruent,✅,0.9196695470946785
40,71,pajamas,incongruent,✅,0.13188676878651764
40,71,uniform,incongruent,✅,0.05247322822007417
40,72,gown,congruent,✅,0.983367018890735
40,72,sweats,congruent,✅,0.902301960167733
40,72,gown,incongruent,✅,0.05958291833593903
40,72,sweats,incongruent,✅,0.07928239323825353
40,73,deadline,congruent,❌,0.4602438050651789
40,73,bed,congruent,✅,0.9894430050787608
40,73,deadline,incongruent,✅,0.14215537637095785
40,73,bed,incongruent,✅,0.11443892809009011
40,74,kindergarten,congruent,✅,0.9167897040330271
40,74,jail,congruent,✅,0.9010798876567369
40,74,kindergarten,incongruent,✅,0.016218149047502153
40,74,jail,incongruent,✅,0.21819436160163905
40,75,interrogated,congruent,✅,0.9872841071354705
40,75,tickled,congruent,✅,0.9487721091016712
40,75,interrogated,incongruent,✅,0.08326609079435458
40,75,tickled,incongruent,✅,0.12460860532602125
40,76,sandcastle,congruent,✅,0.9663111064080123
40,76,snowman,congruent,✅,0.9660842018973683
40,76,sandcastle,incongruent,✅,0.02301017223860158
40,76,snowman,incongruent,✅,0.04622465429442523
40,77,music,congruent,✅,0.9913100651303199
40,77,pizza,congruent,✅,0.9976233671220922
40,77,music,incongruent,✅,0.04938946144348283
40,77,pizza,incongruent,✅,0.005343683378081302
40,78,playoffs,congruent,✅,0.546374669712037
40,78,cartoon,congruent,✅,0.8826016133278425
40,78,playoffs,incongruent,✅,0.0020139965431716813
40,78,cartoon,incongruent,✅,0.024508948550294344
40,79,alcoholism,congruent,✅,0.8694353995177183
40,79,academics,congruent,✅,0.9639844926000996
40,79,alcoholism,incongruent,✅,0.16922281336576156
40,79,academics,incongruent,✅,0.0475669958536753
40,8,engagement,congruent,✅,0.6643250286368579
40,8,cancer,congruent,❌,0.4357771643955856
40,8,engagement,incongruent,✅,0.34530878954088856
40,8,cancer,incongruent,✅,0.2543720815136615
40,9,terminal,congruent,✅,0.9924422661447304
40,9,classroom,congruent,✅,0.9953571608785672
40,9,terminal,incongruent,✅,0.1732279253686128
40,9,classroom,incongruent,✅,0.2668826765001532
41,0,library,congruent,✅,0.6004070335598484
41,0,refrigerator,congruent,❌,0.43590535491174953
41,0,library,incongruent,✅,0.030527694504084418
41,0,refrigerator,incongruent,✅,0.04036929360746777
41,1,disappointment,congruent,✅,0.8510540532273767
41,1,delight,congruent,✅,0.9817208565238852
41,1,disappointment,incongruent,✅,0.10136977847584504
41,1,delight,incongruent,✅,0.2945382941534146
41,10,cash,congruent,✅,0.9936727986522972
41,10,groceries,congruent,✅,0.7550092486985268
41,10,cash,incongruent,✅,0.19911255829300534
41,10,groceries,incongruent,✅,0.036619944988937975
41,11,lonely,congruent,✅,0.93499554038355
41,11,confident,congruent,✅,0.7834706716389284
41,11,lonely,incongruent,✅,0.03523704457469539
41,11,confident,incongruent,✅,0.44454874980581444
41,12,joy,congruent,✅,0.9794977905411066
41,12,outrage,congruent,❌,0.3990178587720578
41,12,joy,incongruent,✅,0.18598233106062073
41,12,outrage,incongruent,❌,0.8468814632257726
41,13,traffic,congruent,✅,0.9874139858697449
41,13,snowstorm,congruent,✅,0.9744536466031061
41,13,traffic,incongruent,❌,0.707035258612214
41,13,snowstorm,incongruent,❌,0.802951589710473
41,14,laughter,congruent,✅,0.9974925322401702
41,14,frustration,congruent,✅,0.9570182423968121
41,14,laughter,incongruent,✅,0.05267929829266813
41,14,frustration,incongruent,✅,0.11836361667826657
41,15,calculator,congruent,✅,0.7179274102020398
41,15,instrument,congruent,✅,0.9594405949534696
41,15,calculator,incongruent,✅,0.20326514845215274
41,15,instrument,incongruent,✅,0.44518147585229506
41,16,orchestra,congruent,✅,0.9163184067295524
41,16,racers,congruent,✅,0.9859754691687078
41,16,orchestra,incongruent,✅,0.29460618946660566
41,16,racers,incongruent,✅,0.0338885657157178
41,17,retirement,congruent,✅,0.8866825472884046
41,17,playdate,congruent,✅,0.9042215794954981
41,17,retirement,incongruent,✅,0.11153878638029974
41,17,playdate,incongruent,✅,0.0724904055454003
41,18,relieved,congruent,✅,0.8439522787906304
41,18,depressed,congruent,❌,0.4854581389685783
41,18,relieved,incongruent,✅,0.024593026216821457
41,18,depressed,incongruent,✅,0.3117657736457455
41,19,friends,congruent,❌,0.31764201037869383
41,19,weight,congruent,✅,0.9311070347235977
41,19,friends,incongruent,❌,0.6785908760154804
41,19,weight,incongruent,✅,0.05648563261211569
41,2,overcoat,congruent,✅,0.8240732343196302
41,2,sandals,congruent,✅,0.7563748553478717
41,2,overcoat,incongruent,✅,0.29191927188279476
41,2,sandals,incongruent,✅,0.07336235130249781
41,20,lipstick,congruent,✅,0.8336740455168579
41,20,song,congruent,✅,0.9740540004344237
41,20,lipstick,incongruent,❌,0.5771582032078193
41,20,song,incongruent,✅,0.28207196346319435
41,21,fought,congruent,✅,0.9831094966499248
41,21,sang,congruent,❌,0.2834789337014707
41,21,fought,incongruent,✅,0.008800211152981914
41,21,sang,incongruent,✅,0.26098849455794004
41,22,skeptical,congruent,✅,0.6368832614518942
41,22,reassured,congruent,✅,0.734407994042627
41,22,skeptical,incongruent,✅,0.2824761437949212
41,22,reassured,incongruent,✅,0.06523907450482729
41,23,graduation,congruent,✅,0.9984649020728984
41,23,operation,congruent,✅,0.5678269714552224
41,23,graduation,incongruent,✅,0.0646231975073264
41,23,operation,incongruent,✅,0.23820297287373074
41,24,bride,congruent,✅,0.8776714018902512
41,24,aftermath,congruent,✅,0.9859724855004529
41,24,bride,incongruent,✅,0.15738047597782356
41,24,aftermath,incongruent,✅,0.0045318227268654945
41,25,teacher,congruent,✅,0.9726041078239706
41,25,daughter,congruent,✅,0.9683346840100546
41,25,teacher,incongruent,✅,0.01941438680144061
41,25,daughter,incongruent,✅,0.03470354000486811
41,26,roommate,congruent,✅,0.8349413145494892
41,26,grandma,congruent,✅,0.983355045041668
41,26,roommate,incongruent,✅,0.19452869968197306
41,26,grandma,incongruent,✅,0.019195527573701424
41,27,brother,congruent,✅,0.8620722986342048
41,27,mother,congruent,✅,0.9767884776863972
41,27,brother,incongruent,✅,0.06198093912581777
41,27,mother,incongruent,✅,0.013863619820331134
41,28,preschool,congruent,❌,0.458378652213455
41,28,prison,congruent,✅,0.8876954347425731
41,28,preschool,incongruent,✅,0.00994026625685129
41,28,prison,incongruent,✅,0.019973797851392822
41,29,hopeful,congruent,✅,0.531187147023869
41,29,hopeless,congruent,✅,0.8930292689429103
41,29,hopeful,incongruent,✅,0.310580111267662
41,29,hopeless,incongruent,✅,0.09194264454229228
41,3,marathon,congruent,✅,0.9098584105124605
41,3,exam,congruent,✅,0.9385856091899069
41,3,marathon,incongruent,✅,0.23001909926337952
41,3,exam,incongruent,✅,0.1215408441439181
41,30,appalled,congruent,✅,0.6255828538334891
41,30,overjoyed,congruent,✅,0.870117216526342
41,30,appalled,incongruent,✅,0.13808029371237657
41,30,overjoyed,incongruent,✅,0.21207847581616707
41,31,reprimand,congruent,✅,0.8251200346201528
41,31,encouragement,congruent,✅,0.9615755669207111
41,31,reprimand,incongruent,✅,0.09521181202437846
41,31,encouragement,incongruent,✅,0.05900567928111491
41,32,angrily,congruent,✅,0.9815792607477505
41,32,cordially,congruent,✅,0.9079577065355412
41,32,angrily,incongruent,✅,0.12687478403772148
41,32,cordially,incongruent,✅,0.07723399987615463
41,33,accusatory,congruent,✅,0.9647308897006536
41,33,flirtatious,congruent,✅,0.9197620298332989
41,33,accusatory,incongruent,✅,0.18005487039249432
41,33,flirtatious,incongruent,✅,0.4280974695124049
41,34,disapprovingly,congruent,✅,0.9266788029916814
41,34,lovingly,congruent,✅,0.5776832800441033
41,34,disapprovingly,incongruent,✅,0.11535385655638306
41,34,lovingly,incongruent,✅,0.3376732718537626
41,35,playful,congruent,✅,0.8664631403514736
41,35,distant,congruent,✅,0.9354658318681259
41,35,playful,incongruent,❌,0.6442574488214425
41,35,distant,incongruent,✅,0.0990625980834937
41,36,headphones,congruent,✅,0.791520015293268
41,36,mangoes,congruent,✅,0.9053464802232176
41,36,headphones,incongruent,❌,0.5742656046265633
41,36,mangoes,incongruent,✅,0.1661281392640897
41,37,playroom,congruent,✅,0.9437472054620367
41,37,park,congruent,✅,0.9866392648916869
41,37,playroom,incongruent,✅,0.08369618930583282
41,37,park,incongruent,✅,0.05153503688233153
41,38,bedroom,congruent,✅,0.9435222370821846
41,38,backyard,congruent,✅,0.9750355802033528
41,38,bedroom,incongruent,✅,0.06506797089532121
41,38,backyard,incongruent,✅,0.004436576988148737
41,39,solemnly,congruent,✅,0.8508441083372565
41,39,excitedly,congruent,✅,0.6952622766476076
41,39,solemnly,incongruent,✅,0.14030896029881396
41,39,excitedly,incongruent,✅,0.26704941426474954
41,4,menu,congruent,✅,0.8028137339249022
41,4,prescription,congruent,✅,0.9951230572703895
41,4,menu,incongruent,❌,0.5260439169239741
41,4,prescription,incongruent,✅,0.12188226764288089
41,40,car,congruent,✅,0.8124768123212114
41,40,sock,congruent,✅,0.571552678134238
41,40,car,incongruent,✅,0.07163235610431111
41,40,sock,incongruent,✅,0.015570340150745354
41,41,overdressed,congruent,✅,0.7117239158035139
41,41,naked,congruent,✅,0.600727750531414
41,41,overdressed,incongruent,✅,0.0520100483753762
41,41,naked,incongruent,✅,0.27466405644438785
41,42,shy,congruent,✅,0.7986470489347409
41,42,lively,congruent,✅,0.9226209189779763
41,42,shy,incongruent,✅,0.19560878318915936
41,42,lively,incongruent,✅,0.061321838441326576
41,43,offended,congruent,✅,0.8847552331056383
41,43,flattered,congruent,✅,0.8086984725207452
41,43,offended,incongruent,✅,0.08719931899496836
41,43,flattered,incongruent,❌,0.5078958555264311
41,44,grandkid,congruent,✅,0.9680108408293011
41,44,cellmate,congruent,✅,0.909506956135721
41,44,grandkid,incongruent,✅,0.12327121263865508
41,44,cellmate,incongruent,✅,0.2331867948989955
41,45,promoted,congruent,✅,0.9758224343843442
41,45,fired,congruent,✅,0.988266298868088
41,45,promoted,incongruent,✅,0.18199916926110457
41,45,fired,incongruent,✅,0.02835969529653947
41,46,shooting,congruent,❌,0.3982589524209281
41,46,celebration,congruent,❌,0.024430415541924478
41,46,shooting,incongruent,✅,0.017997184120545948
41,46,celebration,incongruent,✅,0.07761597426304073
41,47,crayon,congruent,❌,0.3401566659043254
41,47,beer,congruent,✅,0.9389222499502201
41,47,crayon,incongruent,✅,0.05143226445134376
41,47,beer,incongruent,✅,0.02306167630871854
41,48,waiter,congruent,✅,0.9469943738435781
41,48,taxi,congruent,✅,0.9804660102436606
41,48,waiter,incongruent,✅,0.2029387691885064
41,48,taxi,incongruent,✅,0.16033061583754887
41,49,parents,congruent,✅,0.9507395306263541
41,49,keys,congruent,✅,0.9773289119985222
41,49,parents,incongruent,✅,0.29592941951532037
41,49,keys,incongruent,✅,0.007839108493042516
41,5,distress,congruent,✅,0.9442960700971713
41,5,tranquility,congruent,✅,0.8011634162187359
41,5,distress,incongruent,✅,0.0502918696995161
41,5,tranquility,incongruent,✅,0.23417113069316714
41,50,sofa,congruent,✅,0.9892554516820541
41,50,sky,congruent,✅,0.9971983192620008
41,50,sofa,incongruent,❌,0.6075753110724592
41,50,sky,incongruent,✅,0.4191030922006328
41,51,obesity,congruent,❌,0.16482107749024616
41,51,homework,congruent,✅,0.9135658487761362
41,51,obesity,incongruent,✅,0.015946354680580525
41,51,homework,incongruent,✅,0.03742521100773461
41,52,quiz,congruent,✅,0.818897595022562
41,52,commute,congruent,✅,0.9583949689743437
41,52,quiz,incongruent,✅,0.016980839677320208
41,52,commute,incongruent,✅,0.011346275347793842
41,53,migraine,congruent,✅,0.9081929803357582
41,53,excitement,congruent,✅,0.9476804168497772
41,53,migraine,incongruent,✅,0.004212027108553318
41,53,excitement,incongruent,✅,0.12160772660302022
41,54,niece,congruent,✅,0.8668067520409783
41,54,husband,congruent,✅,0.9848709702146629
41,54,niece,incongruent,❌,0.575446254163829
41,54,husband,incongruent,✅,0.2181983000501299
41,55,film,congruent,✅,0.941926214581289
41,55,sunrise,congruent,✅,0.8260889456870811
41,55,film,incongruent,✅,0.038105582401480105
41,55,sunrise,incongruent,✅,0.04045409090276415
41,56,lecture,congruent,✅,0.7932394996100371
41,56,banquet,congruent,❌,0.3375001933379796
41,56,lecture,incongruent,✅,0.006658943408169828
41,56,banquet,incongruent,✅,0.007123561827037298
41,57,drink,congruent,✅,0.8844737044951995
41,57,textbook,congruent,✅,0.9374118462745733
41,57,drink,incongruent,✅,0.09454076751089181
41,57,textbook,incongruent,✅,0.03611868366288154
41,58,pool,congruent,✅,0.9460698180880931
41,58,snow,congruent,✅,0.8026263159712949
41,58,pool,incongruent,✅,0.025300759920725543
41,58,snow,incongruent,✅,0.13247091117355772
41,59,passport,congruent,✅,0.6353075117180722
41,59,plushy,congruent,✅,0.9336820093798058
41,59,passport,incongruent,✅,0.10578513322846253
41,59,plushy,incongruent,✅,0.17756952047751928
41,6,patients,congruent,✅,0.9671855767601201
41,6,students,congruent,✅,0.98849748054953
41,6,patients,incongruent,✅,0.09440462798989273
41,6,students,incongruent,✅,0.17745441396956144
41,60,sister,congruent,✅,0.9233550416917804
41,60,father,congruent,✅,0.9610402649181459
41,60,sister,incongruent,✅,0.09047470520197914
41,60,father,incongruent,✅,0.07204029331550522
41,61,game,congruent,✅,0.9904824155481101
41,61,sunset,congruent,✅,0.9283066397938146
41,61,game,incongruent,✅,0.08028586697192625
41,61,sunset,incongruent,✅,0.1708005153160883
41,62,holidays,congruent,✅,0.9859871810666716
41,62,funeral,congruent,✅,0.9650920055299084
41,62,holidays,incongruent,✅,0.31108878332071677
41,62,funeral,incongruent,❌,0.7860666263239093
41,63,grades,congruent,✅,0.8041388039924829
41,63,affair,congruent,✅,0.9918957941854178
41,63,grades,incongruent,✅,0.44574031421314353
41,63,affair,incongruent,✅,0.007777247078898227
41,64,arrest,congruent,❌,0.4595733420691664
41,64,stroke,congruent,✅,0.8378819028607395
41,64,arrest,incongruent,✅,0.49514408586240866
41,64,stroke,incongruent,✅,0.29480954409942184
41,65,pacifier,congruent,✅,0.9618565332226064
41,65,coffee,congruent,✅,0.9373174568285718
41,65,pacifier,incongruent,✅,0.05104927675056815
41,65,coffee,incongruent,✅,0.38214953301496674
41,66,sweets,congruent,✅,0.9767436150664026
41,66,sentencing,congruent,✅,0.9656946742055311
41,66,sweets,incongruent,✅,0.012682680985924358
41,66,sentencing,incongruent,✅,0.018267462738441473
41,67,nap,congruent,✅,0.9978817991805119
41,67,selfie,congruent,✅,0.9969009783780688
41,67,nap,incongruent,✅,0.19316267995715833
41,67,selfie,incongruent,✅,0.028474688514924202
41,68,diaper,congruent,✅,0.9609163125816296
41,68,tire,congruent,✅,0.9931328044591826
41,68,diaper,incongruent,✅,0.0088733077239633
41,68,tire,incongruent,✅,0.009269900416355236
41,69,chemotherapy,congruent,✅,0.9863251399111481
41,69,golf,congruent,✅,0.9293179474719643
41,69,chemotherapy,incongruent,✅,0.0039240571031753
41,69,golf,incongruent,✅,0.4389016013313896
41,7,consensus,congruent,✅,0.7610625880666114
41,7,deadlock,congruent,✅,0.864765845391391
41,7,consensus,incongruent,✅,0.23810957967669896
41,7,deadlock,incongruent,✅,0.17777930024240196
41,70,thunder,congruent,❌,0.3657065138808194
41,70,lullaby,congruent,✅,0.6788069499240789
41,70,thunder,incongruent,✅,0.02353685164653883
41,70,lullaby,incongruent,✅,0.022119143075780612
41,71,pajamas,congruent,✅,0.9572565972899001
41,71,uniform,congruent,✅,0.9072476860638398
41,71,pajamas,incongruent,✅,0.10747787236203163
41,71,uniform,incongruent,✅,0.054515707978053524
41,72,gown,congruent,✅,0.9825005938503194
41,72,sweats,congruent,✅,0.8128839253661168
41,72,gown,incongruent,✅,0.02813777902707076
41,72,sweats,incongruent,✅,0.07184406400867126
41,73,deadline,congruent,❌,0.35572326087907685
41,73,bed,congruent,✅,0.992108716860021
41,73,deadline,incongruent,✅,0.17799542124346068
41,73,bed,incongruent,✅,0.07386030421875736
41,74,kindergarten,congruent,✅,0.9295579815551076
41,74,jail,congruent,✅,0.9004681779642024
41,74,kindergarten,incongruent,✅,0.013553287167932629
41,74,jail,incongruent,✅,0.24139061833548914
41,75,interrogated,congruent,✅,0.9882432450358268
41,75,tickled,congruent,✅,0.9563015676548126
41,75,interrogated,incongruent,✅,0.06871382337327021
41,75,tickled,incongruent,✅,0.12261773091114453
41,76,sandcastle,congruent,✅,0.966694031523772
41,76,snowman,congruent,✅,0.9736740976219896
41,76,sandcastle,incongruent,✅,0.03200380664232007
41,76,snowman,incongruent,✅,0.04959555106605338
41,77,music,congruent,✅,0.9912834180609931
41,77,pizza,congruent,✅,0.9971797085981569
41,77,music,incongruent,✅,0.030155249538957152
41,77,pizza,incongruent,✅,0.0051507676822155155
41,78,playoffs,congruent,✅,0.604234554903233
41,78,cartoon,congruent,✅,0.9009455562376353
41,78,playoffs,incongruent,✅,0.0020594449064502557
41,78,cartoon,incongruent,✅,0.03307971271445059
41,79,alcoholism,congruent,✅,0.8858206914198021
41,79,academics,congruent,✅,0.9643327689064608
41,79,alcoholism,incongruent,✅,0.1533044620235323
41,79,academics,incongruent,✅,0.05579579802095483
41,8,engagement,congruent,✅,0.6467336955649868
41,8,cancer,congruent,❌,0.42037534348738104
41,8,engagement,incongruent,✅,0.3013576003616933
41,8,cancer,incongruent,✅,0.2365778993578593
41,9,terminal,congruent,✅,0.9902956815678166
41,9,classroom,congruent,✅,0.9973245224797826
41,9,terminal,incongruent,✅,0.23797879101098868
41,9,classroom,incongruent,✅,0.21511328967762233
42,0,library,congruent,✅,0.5798418219614618
42,0,refrigerator,congruent,❌,0.4074318241806344
42,0,library,incongruent,✅,0.03328236053128799
42,0,refrigerator,incongruent,✅,0.04438912933891621
42,1,disappointment,congruent,✅,0.8616595215161073
42,1,delight,congruent,✅,0.9644803532503607
42,1,disappointment,incongruent,✅,0.0595649034449955
42,1,delight,incongruent,✅,0.2688405989503752
42,10,cash,congruent,✅,0.9918220475260607
42,10,groceries,congruent,✅,0.8106422890214425
42,10,cash,incongruent,✅,0.16946804106384858
42,10,groceries,incongruent,✅,0.02117736125698193
42,11,lonely,congruent,✅,0.9374952049187104
42,11,confident,congruent,✅,0.9023095269837756
42,11,lonely,incongruent,✅,0.037331602464389754
42,11,confident,incongruent,✅,0.370728274685162
42,12,joy,congruent,✅,0.9813648830758801
42,12,outrage,congruent,❌,0.4089266939141491
42,12,joy,incongruent,✅,0.1938973389988933
42,12,outrage,incongruent,❌,0.7982442233614307
42,13,traffic,congruent,✅,0.9944017032335846
42,13,snowstorm,congruent,✅,0.9675112256976177
42,13,traffic,incongruent,❌,0.6518199095021926
42,13,snowstorm,incongruent,❌,0.8577149518244193
42,14,laughter,congruent,✅,0.9984307840213197
42,14,frustration,congruent,✅,0.9629905266538233
42,14,laughter,incongruent,✅,0.05871883495891648
42,14,frustration,incongruent,✅,0.11380675241296177
42,15,calculator,congruent,✅,0.7266587549127393
42,15,instrument,congruent,✅,0.952257603489369
42,15,calculator,incongruent,✅,0.25158336902710504
42,15,instrument,incongruent,✅,0.34557655360314254
42,16,orchestra,congruent,✅,0.946715288377348
42,16,racers,congruent,✅,0.9871869714799296
42,16,orchestra,incongruent,✅,0.28758037378501244
42,16,racers,incongruent,✅,0.05048029970382693
42,17,retirement,congruent,✅,0.9274082199818461
42,17,playdate,congruent,✅,0.9056406344165565
42,17,retirement,incongruent,✅,0.07732174273324471
42,17,playdate,incongruent,✅,0.09628935753879668
42,18,relieved,congruent,✅,0.793297321131422
42,18,depressed,congruent,❌,0.44897663601992543
42,18,relieved,incongruent,✅,0.02026494481442134
42,18,depressed,incongruent,✅,0.2471663614504354
42,19,friends,congruent,❌,0.2536523350929887
42,19,weight,congruent,✅,0.9414810791957164
42,19,friends,incongruent,❌,0.6760519954840291
42,19,weight,incongruent,✅,0.044083424117661515
42,2,overcoat,congruent,✅,0.8261780918575767
42,2,sandals,congruent,✅,0.7582964774801527
42,2,overcoat,incongruent,✅,0.23871241808065916
42,2,sandals,incongruent,✅,0.06767261422298948
42,20,lipstick,congruent,✅,0.8713758766334402
42,20,song,congruent,✅,0.9608521878983639
42,20,lipstick,incongruent,❌,0.511503487859329
42,20,song,incongruent,✅,0.3367605597709228
42,21,fought,congruent,✅,0.9882254129531413
42,21,sang,congruent,❌,0.29611937682656203
42,21,fought,incongruent,✅,0.01445387769063589
42,21,sang,incongruent,✅,0.3125943342756438
42,22,skeptical,congruent,✅,0.6520661346480018
42,22,reassured,congruent,✅,0.7069788671436377
42,22,skeptical,incongruent,✅,0.23766893186885132
42,22,reassured,incongruent,✅,0.060038635457417354
42,23,graduation,congruent,✅,0.9991047860961029
42,23,operation,congruent,✅,0.5714028623351965
42,23,graduation,incongruent,✅,0.05878928300337367
42,23,operation,incongruent,✅,0.22930992036743786
42,24,bride,congruent,✅,0.9119095381979925
42,24,aftermath,congruent,✅,0.9862656664583783
42,24,bride,incongruent,✅,0.1792276882364436
42,24,aftermath,incongruent,✅,0.0047296080538881975
42,25,teacher,congruent,✅,0.9747356254562756
42,25,daughter,congruent,✅,0.9779642409263755
42,25,teacher,incongruent,✅,0.024034452521053004
42,25,daughter,incongruent,✅,0.030663564067749265
42,26,roommate,congruent,✅,0.8489216294567549
42,26,grandma,congruent,✅,0.9898890448604382
42,26,roommate,incongruent,✅,0.21676225932129128
42,26,grandma,incongruent,✅,0.017962010259284383
42,27,brother,congruent,✅,0.8985247212393058
42,27,mother,congruent,✅,0.9849275757450736
42,27,brother,incongruent,✅,0.053242140519091354
42,27,mother,incongruent,✅,0.012888401011378767
42,28,preschool,congruent,❌,0.46477886111930494
42,28,prison,congruent,✅,0.8888553068077869
42,28,preschool,incongruent,✅,0.0111876216879739
42,28,prison,incongruent,✅,0.032332871722817784
42,29,hopeful,congruent,✅,0.5966173719219294
42,29,hopeless,congruent,✅,0.9020307081874064
42,29,hopeful,incongruent,✅,0.38080463630066064
42,29,hopeless,incongruent,✅,0.11164344224952157
42,3,marathon,congruent,✅,0.8763101352345504
42,3,exam,congruent,✅,0.9361807246351782
42,3,marathon,incongruent,✅,0.14755550535782294
42,3,exam,incongruent,✅,0.07686539337582494
42,30,appalled,congruent,✅,0.6866605870262737
42,30,overjoyed,congruent,✅,0.8986036433794541
42,30,appalled,incongruent,✅,0.16355901236942516
42,30,overjoyed,incongruent,✅,0.23647601634325605
42,31,reprimand,congruent,✅,0.7623453243844965
42,31,encouragement,congruent,✅,0.9498705943243855
42,31,reprimand,incongruent,✅,0.05685340173748386
42,31,encouragement,incongruent,✅,0.049094898006966106
42,32,angrily,congruent,✅,0.9754208969696185
42,32,cordially,congruent,✅,0.913844146038197
42,32,angrily,incongruent,✅,0.09998899053095457
42,32,cordially,incongruent,✅,0.04080970994484692
42,33,accusatory,congruent,✅,0.9716050309032589
42,33,flirtatious,congruent,✅,0.9454559949034533
42,33,accusatory,incongruent,✅,0.2039549362090671
42,33,flirtatious,incongruent,✅,0.4408347105865842
42,34,disapprovingly,congruent,✅,0.930664276101202
42,34,lovingly,congruent,✅,0.5200567397457897
42,34,disapprovingly,incongruent,✅,0.09916519004164091
42,34,lovingly,incongruent,✅,0.32807625392174783
42,35,playful,congruent,✅,0.8374521681569393
42,35,distant,congruent,✅,0.9441277676595331
42,35,playful,incongruent,❌,0.6579624530955726
42,35,distant,incongruent,✅,0.06946316911282908
42,36,headphones,congruent,✅,0.724934443292921
42,36,mangoes,congruent,✅,0.8859025375599727
42,36,headphones,incongruent,✅,0.48990902628218463
42,36,mangoes,incongruent,✅,0.15164294698032296
42,37,playroom,congruent,✅,0.9509030943568033
42,37,park,congruent,✅,0.985826108819936
42,37,playroom,incongruent,✅,0.0780261251322767
42,37,park,incongruent,✅,0.057033433907647
42,38,bedroom,congruent,✅,0.9458692110372523
42,38,backyard,congruent,✅,0.983741808721514
42,38,bedroom,incongruent,✅,0.0635724499221881
42,38,backyard,incongruent,✅,0.007425148838283067
42,39,solemnly,congruent,✅,0.9013631582398568
42,39,excitedly,congruent,✅,0.6917779800818371
42,39,solemnly,incongruent,✅,0.1272023643889266
42,39,excitedly,incongruent,✅,0.3200882726430727
42,4,menu,congruent,✅,0.8220491957190795
42,4,prescription,congruent,✅,0.9930096786619158
42,4,menu,incongruent,✅,0.4303440283935295
42,4,prescription,incongruent,✅,0.13434389123432966
42,40,car,congruent,✅,0.7992352113164511
42,40,sock,congruent,❌,0.46438749458687045
42,40,car,incongruent,✅,0.0347205551351726
42,40,sock,incongruent,✅,0.018756624029341206
42,41,overdressed,congruent,✅,0.6996412154689704
42,41,naked,congruent,❌,0.46948230963569926
42,41,overdressed,incongruent,✅,0.026279939940733618
42,41,naked,incongruent,✅,0.2321148112384217
42,42,shy,congruent,✅,0.7166352606410646
42,42,lively,congruent,✅,0.9424865180700912
42,42,shy,incongruent,✅,0.23367314150776733
42,42,lively,incongruent,✅,0.0466658994059932
42,43,offended,congruent,✅,0.8652610057707301
42,43,flattered,congruent,✅,0.817287391597691
42,43,offended,incongruent,✅,0.10481177672005254
42,43,flattered,incongruent,✅,0.4159737002685872
42,44,grandkid,congruent,✅,0.9732983024000098
42,44,cellmate,congruent,✅,0.9015239411721594
42,44,grandkid,incongruent,✅,0.07024825982269164
42,44,cellmate,incongruent,✅,0.22880134025846594
42,45,promoted,congruent,✅,0.9788113373386716
42,45,fired,congruent,✅,0.9908448647460135
42,45,promoted,incongruent,✅,0.15487479170728669
42,45,fired,incongruent,✅,0.020437633377237308
42,46,shooting,congruent,❌,0.3622796624182952
42,46,celebration,congruent,❌,0.03274910936004389
42,46,shooting,incongruent,✅,0.02488703751801136
42,46,celebration,incongruent,✅,0.05233922708274054
42,47,crayon,congruent,❌,0.24833101028171767
42,47,beer,congruent,✅,0.9559024983651297
42,47,crayon,incongruent,✅,0.061651659836252475
42,47,beer,incongruent,✅,0.012801669354652444
42,48,waiter,congruent,✅,0.9469867066497507
42,48,taxi,congruent,✅,0.9740498337545472
42,48,waiter,incongruent,✅,0.18288784297520966
42,48,taxi,incongruent,✅,0.13250740579632658
42,49,parents,congruent,✅,0.9585529762738619
42,49,keys,congruent,✅,0.9820849200308648
42,49,parents,incongruent,✅,0.2606180173216694
42,49,keys,incongruent,✅,0.009669972225478062
42,5,distress,congruent,✅,0.9616090200956564
42,5,tranquility,congruent,✅,0.7683708710583641
42,5,distress,incongruent,✅,0.03412961597804221
42,5,tranquility,incongruent,✅,0.2504486614485696
42,50,sofa,congruent,✅,0.9911944350411667
42,50,sky,congruent,✅,0.9968886403956418
42,50,sofa,incongruent,✅,0.45478841710759144
42,50,sky,incongruent,✅,0.4485087996021081
42,51,obesity,congruent,❌,0.1658929993871243
42,51,homework,congruent,✅,0.9043444648335061
42,51,obesity,incongruent,✅,0.01661713022028648
42,51,homework,incongruent,✅,0.04249128907154111
42,52,quiz,congruent,✅,0.8621349464149524
42,52,commute,congruent,✅,0.9723736270195419
42,52,quiz,incongruent,✅,0.018599946141816173
42,52,commute,incongruent,✅,0.01869969604157766
42,53,migraine,congruent,✅,0.9706576436617494
42,53,excitement,congruent,✅,0.9672185774134671
42,53,migraine,incongruent,✅,0.003316067398351649
42,53,excitement,incongruent,✅,0.21762232936376893
42,54,niece,congruent,✅,0.7874635038737574
42,54,husband,congruent,✅,0.9769493736792989
42,54,niece,incongruent,❌,0.5080405077622987
42,54,husband,incongruent,✅,0.10334738821939844
42,55,film,congruent,✅,0.9451897647599805
42,55,sunrise,congruent,✅,0.7525458179967933
42,55,film,incongruent,✅,0.024858629878926577
42,55,sunrise,incongruent,✅,0.03982701797975983
42,56,lecture,congruent,✅,0.795468939279577
42,56,banquet,congruent,❌,0.26527434954055146
42,56,lecture,incongruent,✅,0.006269200709070036
42,56,banquet,incongruent,✅,0.006151700649488192
42,57,drink,congruent,✅,0.8730515976244259
42,57,textbook,congruent,✅,0.9155381260271147
42,57,drink,incongruent,✅,0.11576306222270304
42,57,textbook,incongruent,✅,0.029882658886513633
42,58,pool,congruent,✅,0.9322703450725888
42,58,snow,congruent,✅,0.847733713194724
42,58,pool,incongruent,✅,0.03746054749029524
42,58,snow,incongruent,✅,0.09457337169683884
42,59,passport,congruent,✅,0.6478097391739521
42,59,plushy,congruent,✅,0.9329451571053546
42,59,passport,incongruent,✅,0.09593177485469646
42,59,plushy,incongruent,✅,0.12684048196953707
42,6,patients,congruent,✅,0.9669331549980856
42,6,students,congruent,✅,0.9839497614676131
42,6,patients,incongruent,✅,0.07389352182476862
42,6,students,incongruent,✅,0.182040856704847
42,60,sister,congruent,✅,0.9367627285786199
42,60,father,congruent,✅,0.9706461615344322
42,60,sister,incongruent,✅,0.06745072406569712
42,60,father,incongruent,✅,0.057400175851970915
42,61,game,congruent,✅,0.9899208622202793
42,61,sunset,congruent,✅,0.926385850731947
42,61,game,incongruent,✅,0.07158384939155243
42,61,sunset,incongruent,✅,0.14934652112863997
42,62,holidays,congruent,✅,0.9920548698861446
42,62,funeral,congruent,✅,0.9753411156712537
42,62,holidays,incongruent,✅,0.267624303333033
42,62,funeral,incongruent,❌,0.8229111029096015
42,63,grades,congruent,✅,0.8226597713872359
42,63,affair,congruent,✅,0.9929700483879709
42,63,grades,incongruent,✅,0.4172235192727971
42,63,affair,incongruent,✅,0.004993604703702197
42,64,arrest,congruent,❌,0.41953521407663497
42,64,stroke,congruent,✅,0.7554121182207948
42,64,arrest,incongruent,✅,0.3403482649513129
42,64,stroke,incongruent,✅,0.3449828012080858
42,65,pacifier,congruent,✅,0.9580751088832227
42,65,coffee,congruent,✅,0.9460324276882981
42,65,pacifier,incongruent,✅,0.05352588191666283
42,65,coffee,incongruent,✅,0.42108704119249185
42,66,sweets,congruent,✅,0.9768451116410817
42,66,sentencing,congruent,✅,0.9664449094341112
42,66,sweets,incongruent,✅,0.013142245768401487
42,66,sentencing,incongruent,✅,0.013096049811214093
42,67,nap,congruent,✅,0.997271632467625
42,67,selfie,congruent,✅,0.9968594098110056
42,67,nap,incongruent,✅,0.15732238112486516
42,67,selfie,incongruent,✅,0.019047396264371096
42,68,diaper,congruent,✅,0.9718230143739666
42,68,tire,congruent,✅,0.9950953760287903
42,68,diaper,incongruent,✅,0.00802003380371949
42,68,tire,incongruent,✅,0.008814563611610739
42,69,chemotherapy,congruent,✅,0.9947345555699518
42,69,golf,congruent,✅,0.9411091663643232
42,69,chemotherapy,incongruent,✅,0.003197241537536972
42,69,golf,incongruent,✅,0.47740627640320205
42,7,consensus,congruent,✅,0.6983739440256419
42,7,deadlock,congruent,✅,0.865813054871037
42,7,consensus,incongruent,✅,0.21543199243824301
42,7,deadlock,incongruent,✅,0.11064079381885285
42,70,thunder,congruent,❌,0.34153146580625743
42,70,lullaby,congruent,✅,0.6551867955786392
42,70,thunder,incongruent,✅,0.014451826057346679
42,70,lullaby,incongruent,✅,0.017688556871855325
42,71,pajamas,congruent,✅,0.965868139893079
42,71,uniform,congruent,✅,0.9062509532737963
42,71,pajamas,incongruent,✅,0.07877619977458827
42,71,uniform,incongruent,✅,0.043123081287092545
42,72,gown,congruent,✅,0.9872179425941595
42,72,sweats,congruent,✅,0.8435433733391645
42,72,gown,incongruent,✅,0.03897286737967195
42,72,sweats,incongruent,✅,0.054506730783468495
42,73,deadline,congruent,❌,0.3689157663733922
42,73,bed,congruent,✅,0.9871293161341805
42,73,deadline,incongruent,✅,0.07346563785214075
42,73,bed,incongruent,✅,0.08112472944462365
42,74,kindergarten,congruent,✅,0.9142558254605043
42,74,jail,congruent,✅,0.9374415109068014
42,74,kindergarten,incongruent,✅,0.010072095881381953
42,74,jail,incongruent,✅,0.22037159203158155
42,75,interrogated,congruent,✅,0.9904894277507482
42,75,tickled,congruent,✅,0.967313454700662
42,75,interrogated,incongruent,✅,0.06349925732087194
42,75,tickled,incongruent,✅,0.11252577584711258
42,76,sandcastle,congruent,✅,0.9809982049553873
42,76,snowman,congruent,✅,0.9739487157308254
42,76,sandcastle,incongruent,✅,0.04766867646659412
42,76,snowman,incongruent,✅,0.08675897528534525
42,77,music,congruent,✅,0.9922445863713066
42,77,pizza,congruent,✅,0.9979799491697432
42,77,music,incongruent,✅,0.022349842043299668
42,77,pizza,incongruent,✅,0.005771610042681185
42,78,playoffs,congruent,✅,0.5956164117798574
42,78,cartoon,congruent,✅,0.9348104035146971
42,78,playoffs,incongruent,✅,0.0017037543162249345
42,78,cartoon,incongruent,✅,0.03328724241903319
42,79,alcoholism,congruent,✅,0.8605095110341151
42,79,academics,congruent,✅,0.9753255922426907
42,79,alcoholism,incongruent,✅,0.14773650301519206
42,79,academics,incongruent,✅,0.03947117018893001
42,8,engagement,congruent,✅,0.6773983822687755
42,8,cancer,congruent,❌,0.41053701964655964
42,8,engagement,incongruent,✅,0.23627386971637615
42,8,cancer,incongruent,✅,0.2772397761720035
42,9,terminal,congruent,✅,0.9907841116401419
42,9,classroom,congruent,✅,0.9979903968601922
42,9,terminal,incongruent,✅,0.23085338868194732
42,9,classroom,incongruent,✅,0.24594275583012537
43,0,library,congruent,✅,0.501280982975738
43,0,refrigerator,congruent,❌,0.4100860136476923
43,0,library,incongruent,✅,0.03502389643520156
43,0,refrigerator,incongruent,✅,0.03405230394022447
43,1,disappointment,congruent,✅,0.8749490946893662
43,1,delight,congruent,✅,0.9707378256718394
43,1,disappointment,incongruent,✅,0.04959767587796122
43,1,delight,incongruent,✅,0.2630414970810067
43,10,cash,congruent,✅,0.9928228298031571
43,10,groceries,congruent,✅,0.8455491564405289
43,10,cash,incongruent,✅,0.21709664405471804
43,10,groceries,incongruent,✅,0.010649764319808602
43,11,lonely,congruent,✅,0.882171660782923
43,11,confident,congruent,✅,0.8824722156382246
43,11,lonely,incongruent,✅,0.03195252616924074
43,11,confident,incongruent,✅,0.24621200334694082
43,12,joy,congruent,✅,0.9778707544388855
43,12,outrage,congruent,❌,0.47751429549834146
43,12,joy,incongruent,✅,0.23554786008947748
43,12,outrage,incongruent,❌,0.7525299150724277
43,13,traffic,congruent,✅,0.9969653085101505
43,13,snowstorm,congruent,✅,0.9763589291466229
43,13,traffic,incongruent,❌,0.6825547216781357
43,13,snowstorm,incongruent,❌,0.9197305139759641
43,14,laughter,congruent,✅,0.9983075140232671
43,14,frustration,congruent,✅,0.9754986940520266
43,14,laughter,incongruent,✅,0.06706066768925609
43,14,frustration,incongruent,✅,0.09138792479059299
43,15,calculator,congruent,✅,0.8208687861535827
43,15,instrument,congruent,✅,0.9542989490489531
43,15,calculator,incongruent,✅,0.2873963801984606
43,15,instrument,incongruent,✅,0.4759195479923312
43,16,orchestra,congruent,✅,0.9598730004430671
43,16,racers,congruent,✅,0.9880135903969579
43,16,orchestra,incongruent,✅,0.3203765286872133
43,16,racers,incongruent,✅,0.052445233861634015
43,17,retirement,congruent,✅,0.9202792457006217
43,17,playdate,congruent,✅,0.9014536618886528
43,17,retirement,incongruent,✅,0.06622456370053298
43,17,playdate,incongruent,✅,0.09749935629286802
43,18,relieved,congruent,✅,0.8511748122849264
43,18,depressed,congruent,✅,0.5421463334933373
43,18,relieved,incongruent,✅,0.023176001285097763
43,18,depressed,incongruent,✅,0.26667131752100415
43,19,friends,congruent,❌,0.2668265861928594
43,19,weight,congruent,✅,0.9241101016352249
43,19,friends,incongruent,❌,0.6918119303566224
43,19,weight,incongruent,✅,0.04233116070327583
43,2,overcoat,congruent,✅,0.8426919395479734
43,2,sandals,congruent,✅,0.7912320205924517
43,2,overcoat,incongruent,✅,0.23194604002245298
43,2,sandals,incongruent,✅,0.06098139076177999
43,20,lipstick,congruent,✅,0.904208570250071
43,20,song,congruent,✅,0.9599332341180143
43,20,lipstick,incongruent,❌,0.5568067909953075
43,20,song,incongruent,✅,0.3976109214384794
43,21,fought,congruent,✅,0.9891139951255913
43,21,sang,congruent,❌,0.2785025278219984
43,21,fought,incongruent,✅,0.010315854471612663
43,21,sang,incongruent,✅,0.21673990461777676
43,22,skeptical,congruent,✅,0.6864201369006282
43,22,reassured,congruent,✅,0.8152373412111161
43,22,skeptical,incongruent,✅,0.32754384733262654
43,22,reassured,incongruent,✅,0.06609822956113874
43,23,graduation,congruent,✅,0.9987146977401268
43,23,operation,congruent,❌,0.46206331420547847
43,23,graduation,incongruent,✅,0.051253608930948664
43,23,operation,incongruent,✅,0.13537121709175484
43,24,bride,congruent,✅,0.9376058347082439
43,24,aftermath,congruent,✅,0.9755759270191525
43,24,bride,incongruent,✅,0.11400264865831458
43,24,aftermath,incongruent,✅,0.004713053186596942
43,25,teacher,congruent,✅,0.9807226211406738
43,25,daughter,congruent,✅,0.9788643995106164
43,25,teacher,incongruent,✅,0.012135153350736796
43,25,daughter,incongruent,✅,0.027073961794895993
43,26,roommate,congruent,✅,0.8795814747934577
43,26,grandma,congruent,✅,0.9902120597770152
43,26,roommate,incongruent,✅,0.2437077725809461
43,26,grandma,incongruent,✅,0.01829542782166681
43,27,brother,congruent,✅,0.9316423820850532
43,27,mother,congruent,✅,0.9842318784272697
43,27,brother,incongruent,✅,0.05231587009072475
43,27,mother,incongruent,✅,0.012079437961391291
43,28,preschool,congruent,✅,0.5006239050649082
43,28,prison,congruent,✅,0.888278978241492
43,28,preschool,incongruent,✅,0.011041911467912719
43,28,prison,incongruent,✅,0.028813144745742182
43,29,hopeful,congruent,✅,0.5960149823291904
43,29,hopeless,congruent,✅,0.9083043773950656
43,29,hopeful,incongruent,✅,0.32766266570201447
43,29,hopeless,incongruent,✅,0.11072712174511246
43,3,marathon,congruent,✅,0.8931390152264695
43,3,exam,congruent,✅,0.911370222898561
43,3,marathon,incongruent,✅,0.10430711094873252
43,3,exam,incongruent,✅,0.08286263620833607
43,30,appalled,congruent,✅,0.8187581273200176
43,30,overjoyed,congruent,✅,0.9317596554612129
43,30,appalled,incongruent,✅,0.18055146823917895
43,30,overjoyed,incongruent,✅,0.353721573055626
43,31,reprimand,congruent,✅,0.7055760051295453
43,31,encouragement,congruent,✅,0.9476181586953756
43,31,reprimand,incongruent,✅,0.03406245212809863
43,31,encouragement,incongruent,✅,0.028354219773490688
43,32,angrily,congruent,✅,0.9779948356733014
43,32,cordially,congruent,✅,0.9418425290820626
43,32,angrily,incongruent,✅,0.11848500714585666
43,32,cordially,incongruent,✅,0.02952032289243785
43,33,accusatory,congruent,✅,0.9796580102926853
43,33,flirtatious,congruent,✅,0.9446480668038935
43,33,accusatory,incongruent,✅,0.1477697032240744
43,33,flirtatious,incongruent,❌,0.5108968866467942
43,34,disapprovingly,congruent,✅,0.9336608238267023
43,34,lovingly,congruent,❌,0.40522282775690055
43,34,disapprovingly,incongruent,✅,0.062440270044875325
43,34,lovingly,incongruent,✅,0.3278002872612837
43,35,playful,congruent,✅,0.8708304025190894
43,35,distant,congruent,✅,0.9657613848813321
43,35,playful,incongruent,❌,0.7436057513111751
43,35,distant,incongruent,✅,0.06637734410209051
43,36,headphones,congruent,✅,0.7665549510050529
43,36,mangoes,congruent,✅,0.8055415469847895
43,36,headphones,incongruent,✅,0.36500812489693396
43,36,mangoes,incongruent,✅,0.15738940654132302
43,37,playroom,congruent,✅,0.9641291432785908
43,37,park,congruent,✅,0.9901631506838658
43,37,playroom,incongruent,✅,0.08075811042236797
43,37,park,incongruent,✅,0.04852448145127397
43,38,bedroom,congruent,✅,0.9483003120373086
43,38,backyard,congruent,✅,0.9845923539150253
43,38,bedroom,incongruent,✅,0.04973575545644778
43,38,backyard,incongruent,✅,0.005725582703449987
43,39,solemnly,congruent,✅,0.8951919781876995
43,39,excitedly,congruent,✅,0.586442097752468
43,39,solemnly,incongruent,✅,0.07559701043479215
43,39,excitedly,incongruent,✅,0.2751787533519169
43,4,menu,congruent,✅,0.8196109551654779
43,4,prescription,congruent,✅,0.9912858617163008
43,4,menu,incongruent,✅,0.33790261354863654
43,4,prescription,incongruent,✅,0.11467810026783688
43,40,car,congruent,✅,0.8019054689619203
43,40,sock,congruent,❌,0.43166165245202387
43,40,car,incongruent,✅,0.028691950489104126
43,40,sock,incongruent,✅,0.013968061986481019
43,41,overdressed,congruent,✅,0.6924582751220493
43,41,naked,congruent,❌,0.42430212821791446
43,41,overdressed,incongruent,✅,0.022301224788024633
43,41,naked,incongruent,✅,0.1509232302084847
43,42,shy,congruent,✅,0.6262482153797589
43,42,lively,congruent,✅,0.9270831350775923
43,42,shy,incongruent,✅,0.15305810392286498
43,42,lively,incongruent,✅,0.02725713544859478
43,43,offended,congruent,✅,0.7748379014417837
43,43,flattered,congruent,✅,0.8368447760865171
43,43,offended,incongruent,✅,0.08617008557929075
43,43,flattered,incongruent,✅,0.22776000359940113
43,44,grandkid,congruent,✅,0.96622117961503
43,44,cellmate,congruent,✅,0.840385067250989
43,44,grandkid,incongruent,✅,0.04699071227261194
43,44,cellmate,incongruent,✅,0.16893108588920944
43,45,promoted,congruent,✅,0.9778909673634932
43,45,fired,congruent,✅,0.9886743560805066
43,45,promoted,incongruent,✅,0.092149530052545
43,45,fired,incongruent,✅,0.010160339686341053
43,46,shooting,congruent,❌,0.3495951134829449
43,46,celebration,congruent,❌,0.03666194637563255
43,46,shooting,incongruent,✅,0.02384385706254432
43,46,celebration,incongruent,✅,0.05417754917136733
43,47,crayon,congruent,❌,0.2529303807078262
43,47,beer,congruent,✅,0.9427133640326798
43,47,crayon,incongruent,✅,0.05079882372777439
43,47,beer,incongruent,✅,0.009156424838029451
43,48,waiter,congruent,✅,0.9634598728605226
43,48,taxi,congruent,✅,0.9776895843731367
43,48,waiter,incongruent,✅,0.15620336093824544
43,48,taxi,incongruent,✅,0.1271915831356909
43,49,parents,congruent,✅,0.9698869796180359
43,49,keys,congruent,✅,0.983019889401626
43,49,parents,incongruent,✅,0.24198024004896104
43,49,keys,incongruent,✅,0.010910498618892114
43,5,distress,congruent,✅,0.9617222557435313
43,5,tranquility,congruent,✅,0.8554281254731909
43,5,distress,incongruent,✅,0.05210427388476108
43,5,tranquility,incongruent,✅,0.23665830400794183
43,50,sofa,congruent,✅,0.9944327949297543
43,50,sky,congruent,✅,0.998548410992115
43,50,sofa,incongruent,❌,0.6117806697243058
43,50,sky,incongruent,❌,0.5086020732325536
43,51,obesity,congruent,❌,0.17653331919629586
43,51,homework,congruent,✅,0.8673547206105449
43,51,obesity,incongruent,✅,0.01061967559502899
43,51,homework,incongruent,✅,0.03819286556242452
43,52,quiz,congruent,✅,0.8554258219814669
43,52,commute,congruent,✅,0.9740185106352378
43,52,quiz,incongruent,✅,0.013105276525215134
43,52,commute,incongruent,✅,0.013642050510659908
43,53,migraine,congruent,✅,0.9582065986076643
43,53,excitement,congruent,✅,0.9772821289294042
43,53,migraine,incongruent,✅,0.00247303895896759
43,53,excitement,incongruent,✅,0.14716725112008305
43,54,niece,congruent,✅,0.8387955992641803
43,54,husband,congruent,✅,0.984116280395052
43,54,niece,incongruent,❌,0.5930907365034681
43,54,husband,incongruent,✅,0.1464032397886221
43,55,film,congruent,✅,0.9362329842045012
43,55,sunrise,congruent,✅,0.7547177453833472
43,55,film,incongruent,✅,0.03362934964530937
43,55,sunrise,incongruent,✅,0.033808768701909776
43,56,lecture,congruent,✅,0.8428273171135877
43,56,banquet,congruent,❌,0.3904527318759594
43,56,lecture,incongruent,✅,0.00985134765177582
43,56,banquet,incongruent,✅,0.007752803750685381
43,57,drink,congruent,✅,0.9000394334887487
43,57,textbook,congruent,✅,0.9166884171470275
43,57,drink,incongruent,✅,0.08416356432867848
43,57,textbook,incongruent,✅,0.03882224200916422
43,58,pool,congruent,✅,0.9375841477761853
43,58,snow,congruent,✅,0.8802633526116495
43,58,pool,incongruent,✅,0.046291264524061536
43,58,snow,incongruent,✅,0.12409316686817355
43,59,passport,congruent,✅,0.7167353746591402
43,59,plushy,congruent,✅,0.9120055920355163
43,59,passport,incongruent,✅,0.06287789735133052
43,59,plushy,incongruent,✅,0.15557847311749198
43,6,patients,congruent,✅,0.9694879410567525
43,6,students,congruent,✅,0.9842583137173627
43,6,patients,incongruent,✅,0.06433403817090011
43,6,students,incongruent,✅,0.2066067019160311
43,60,sister,congruent,✅,0.919653521604232
43,60,father,congruent,✅,0.9618882324594378
43,60,sister,incongruent,✅,0.061826178474944066
43,60,father,incongruent,✅,0.028340308502233028
43,61,game,congruent,✅,0.9879038489506993
43,61,sunset,congruent,✅,0.9414350459127835
43,61,game,incongruent,✅,0.0758313271686581
43,61,sunset,incongruent,✅,0.16212814390186228
43,62,holidays,congruent,✅,0.9877028620946543
43,62,funeral,congruent,✅,0.9780042707086962
43,62,holidays,incongruent,✅,0.3729479450253691
43,62,funeral,incongruent,❌,0.7061693064839277
43,63,grades,congruent,✅,0.8691899463362875
43,63,affair,congruent,✅,0.9939258394745935
43,63,grades,incongruent,✅,0.41794765351224733
43,63,affair,incongruent,✅,0.004773668974965912
43,64,arrest,congruent,✅,0.5448074195553073
43,64,stroke,congruent,✅,0.8245825307477528
43,64,arrest,incongruent,✅,0.4114454256112919
43,64,stroke,incongruent,❌,0.5092009105594143
43,65,pacifier,congruent,✅,0.9542656588922875
43,65,coffee,congruent,✅,0.9518562165725614
43,65,pacifier,incongruent,✅,0.06784057044613913
43,65,coffee,incongruent,✅,0.3609476173596595
43,66,sweets,congruent,✅,0.9817910785698459
43,66,sentencing,congruent,✅,0.9860052194219098
43,66,sweets,incongruent,✅,0.02579487379109649
43,66,sentencing,incongruent,✅,0.011665497375147377
43,67,nap,congruent,✅,0.9972456086928021
43,67,selfie,congruent,✅,0.9981080512405788
43,67,nap,incongruent,✅,0.1665669556360395
43,67,selfie,incongruent,✅,0.01423598426116198
43,68,diaper,congruent,✅,0.977444085626914
43,68,tire,congruent,✅,0.9969743831655589
43,68,diaper,incongruent,✅,0.009783505104456238
43,68,tire,incongruent,✅,0.012639810455913556
43,69,chemotherapy,congruent,✅,0.9948954173301097
43,69,golf,congruent,✅,0.8766881594683277
43,69,chemotherapy,incongruent,✅,0.0019087068244786638
43,69,golf,incongruent,✅,0.49164654992288964
43,7,consensus,congruent,✅,0.687242753211331
43,7,deadlock,congruent,✅,0.9298038222419914
43,7,consensus,incongruent,✅,0.2769289356119061
43,7,deadlock,incongruent,✅,0.09356811367039349
43,70,thunder,congruent,❌,0.2537605450809468
43,70,lullaby,congruent,✅,0.664160076616275
43,70,thunder,incongruent,✅,0.010018518865372245
43,70,lullaby,incongruent,✅,0.013283796888099884
43,71,pajamas,congruent,✅,0.967553377416536
43,71,uniform,congruent,✅,0.9086174790213253
43,71,pajamas,incongruent,✅,0.07929924670911201
43,71,uniform,incongruent,✅,0.04137170954828788
43,72,gown,congruent,✅,0.9870062810266171
43,72,sweats,congruent,✅,0.7521745843880365
43,72,gown,incongruent,✅,0.01859729838022046
43,72,sweats,incongruent,✅,0.043855851178234095
43,73,deadline,congruent,❌,0.3369445428716142
43,73,bed,congruent,✅,0.9841963985043154
43,73,deadline,incongruent,✅,0.06497718823920309
43,73,bed,incongruent,✅,0.06350395080975743
43,74,kindergarten,congruent,✅,0.9084762574730492
43,74,jail,congruent,✅,0.9418167794290007
43,74,kindergarten,incongruent,✅,0.008204602964219258
43,74,jail,incongruent,✅,0.2322867880654446
43,75,interrogated,congruent,✅,0.9886694244640731
43,75,tickled,congruent,✅,0.9844263509213033
43,75,interrogated,incongruent,✅,0.08733330216753926
43,75,tickled,incongruent,✅,0.10164733845918487
43,76,sandcastle,congruent,✅,0.985670871246172
43,76,snowman,congruent,✅,0.9694645168776783
43,76,sandcastle,incongruent,✅,0.0325363861059402
43,76,snowman,incongruent,✅,0.08819427149517432
43,77,music,congruent,✅,0.9914798584782343
43,77,pizza,congruent,✅,0.9981812266911966
43,77,music,incongruent,✅,0.018141170360743347
43,77,pizza,incongruent,✅,0.004960700763214069
43,78,playoffs,congruent,✅,0.5937352510619769
43,78,cartoon,congruent,✅,0.9492964515160999
43,78,playoffs,incongruent,✅,0.0019106184231063752
43,78,cartoon,incongruent,✅,0.02985788361855467
43,79,alcoholism,congruent,✅,0.8508209573976843
43,79,academics,congruent,✅,0.9797592105166462
43,79,alcoholism,incongruent,✅,0.13406025106393635
43,79,academics,incongruent,✅,0.027718924181548196
43,8,engagement,congruent,✅,0.7685938390105983
43,8,cancer,congruent,❌,0.3599983175245508
43,8,engagement,incongruent,✅,0.19901398800511458
43,8,cancer,incongruent,✅,0.33140211433622124
43,9,terminal,congruent,✅,0.9884119174821058
43,9,classroom,congruent,✅,0.9980456731554552
43,9,terminal,incongruent,✅,0.22872026557260378
43,9,classroom,incongruent,✅,0.18665722128438
44,0,library,congruent,❌,0.3900737776665701
44,0,refrigerator,congruent,✅,0.5279575268273331
44,0,library,incongruent,✅,0.055647396467390864
44,0,refrigerator,incongruent,✅,0.024404618156972046
44,1,disappointment,congruent,✅,0.8595323290437391
44,1,delight,congruent,✅,0.9829558274848906
44,1,disappointment,incongruent,✅,0.07073133290307912
44,1,delight,incongruent,✅,0.2637530365056148
44,10,cash,congruent,✅,0.9930188069366811
44,10,groceries,congruent,✅,0.8752963179300879
44,10,cash,incongruent,✅,0.27021352240205715
44,10,groceries,incongruent,✅,0.008382898999121358
44,11,lonely,congruent,✅,0.8993138994663578
44,11,confident,congruent,✅,0.9170721678578462
44,11,lonely,incongruent,✅,0.0595413423783572
44,11,confident,incongruent,✅,0.27285047082895925
44,12,joy,congruent,✅,0.9800630170135255
44,12,outrage,congruent,❌,0.4274410652863532
44,12,joy,incongruent,✅,0.17688184913154498
44,12,outrage,incongruent,❌,0.7641980197569397
44,13,traffic,congruent,✅,0.9975211912541009
44,13,snowstorm,congruent,✅,0.982538712012235
44,13,traffic,incongruent,❌,0.7434772306386755
44,13,snowstorm,incongruent,❌,0.9208070271229771
44,14,laughter,congruent,✅,0.9986907763695496
44,14,frustration,congruent,✅,0.9731239468892123
44,14,laughter,incongruent,✅,0.07464463958318424
44,14,frustration,incongruent,✅,0.09117897613633048
44,15,calculator,congruent,✅,0.7274277032415353
44,15,instrument,congruent,✅,0.9359650879227657
44,15,calculator,incongruent,✅,0.22144289786681812
44,15,instrument,incongruent,✅,0.34450850409892675
44,16,orchestra,congruent,✅,0.9703255243118165
44,16,racers,congruent,✅,0.9902251389849781
44,16,orchestra,incongruent,✅,0.2899311022404286
44,16,racers,incongruent,✅,0.08370719769971519
44,17,retirement,congruent,✅,0.9026414789784303
44,17,playdate,congruent,✅,0.8909807311757989
44,17,retirement,incongruent,✅,0.0510699354593464
44,17,playdate,incongruent,✅,0.13564718837838022
44,18,relieved,congruent,✅,0.8777747789932763
44,18,depressed,congruent,✅,0.6137350672545248
44,18,relieved,incongruent,✅,0.027623903054265604
44,18,depressed,incongruent,✅,0.3028467728074462
44,19,friends,congruent,❌,0.21018446717166925
44,19,weight,congruent,✅,0.9166523784475501
44,19,friends,incongruent,❌,0.711679539396649
44,19,weight,incongruent,✅,0.03440393036851903
44,2,overcoat,congruent,✅,0.746701506533894
44,2,sandals,congruent,✅,0.728135142212819
44,2,overcoat,incongruent,✅,0.2079251016392225
44,2,sandals,incongruent,✅,0.040567961642694876
44,20,lipstick,congruent,✅,0.8648257728009529
44,20,song,congruent,✅,0.9380483326473245
44,20,lipstick,incongruent,✅,0.49487268813174373
44,20,song,incongruent,✅,0.3521553531671143
44,21,fought,congruent,✅,0.9948105100505132
44,21,sang,congruent,❌,0.21992327563042066
44,21,fought,incongruent,✅,0.006456655665537181
44,21,sang,incongruent,✅,0.2787251575089064
44,22,skeptical,congruent,✅,0.6792424107812465
44,22,reassured,congruent,✅,0.7893300048119624
44,22,skeptical,incongruent,✅,0.30718649463531544
44,22,reassured,incongruent,✅,0.06910919452131152
44,23,graduation,congruent,✅,0.9993477657212799
44,23,operation,congruent,❌,0.45705251926667756
44,23,graduation,incongruent,✅,0.08366760944743143
44,23,operation,incongruent,✅,0.18144073225125987
44,24,bride,congruent,✅,0.9424856693927559
44,24,aftermath,congruent,✅,0.9684360379395215
44,24,bride,incongruent,✅,0.09892240798460013
44,24,aftermath,incongruent,✅,0.003579109898473883
44,25,teacher,congruent,✅,0.9791305405095252
44,25,daughter,congruent,✅,0.9863199079260919
44,25,teacher,incongruent,✅,0.012428904890738564
44,25,daughter,incongruent,✅,0.03343339590037911
44,26,roommate,congruent,✅,0.894615284869584
44,26,grandma,congruent,✅,0.992485933946342
44,26,roommate,incongruent,✅,0.29045983863137953
44,26,grandma,incongruent,✅,0.02791667547122934
44,27,brother,congruent,✅,0.8793695015041683
44,27,mother,congruent,✅,0.9838510562318307
44,27,brother,incongruent,✅,0.037463586991630195
44,27,mother,incongruent,✅,0.00811717126311733
44,28,preschool,congruent,❌,0.3831895888251802
44,28,prison,congruent,✅,0.7983061829626894
44,28,preschool,incongruent,✅,0.005537327238986706
44,28,prison,incongruent,✅,0.024220031495259996
44,29,hopeful,congruent,✅,0.5123545339363748
44,29,hopeless,congruent,✅,0.8795104017926548
44,29,hopeful,incongruent,✅,0.23346338007393275
44,29,hopeless,incongruent,✅,0.08672870674732314
44,3,marathon,congruent,✅,0.8894700767514524
44,3,exam,congruent,✅,0.8779068414993172
44,3,marathon,incongruent,✅,0.0900070625064927
44,3,exam,incongruent,✅,0.07146291280310671
44,30,appalled,congruent,✅,0.8348477972914117
44,30,overjoyed,congruent,✅,0.9404148984273223
44,30,appalled,incongruent,✅,0.20363668278736197
44,30,overjoyed,incongruent,✅,0.38434959011583364
44,31,reprimand,congruent,✅,0.7075089373872891
44,31,encouragement,congruent,✅,0.9335486778837238
44,31,reprimand,incongruent,✅,0.02691372411818967
44,31,encouragement,incongruent,✅,0.031151272578134243
44,32,angrily,congruent,✅,0.9734432579033702
44,32,cordially,congruent,✅,0.9525039099217769
44,32,angrily,incongruent,✅,0.12065838108394783
44,32,cordially,incongruent,✅,0.025163626124218127
44,33,accusatory,congruent,✅,0.970073063091102
44,33,flirtatious,congruent,✅,0.949500616096072
44,33,accusatory,incongruent,✅,0.17204949399222247
44,33,flirtatious,incongruent,✅,0.4476185148942954
44,34,disapprovingly,congruent,✅,0.9539936269619221
44,34,lovingly,congruent,✅,0.5398972291049826
44,34,disapprovingly,incongruent,✅,0.1051979409540204
44,34,lovingly,incongruent,✅,0.4032640145026311
44,35,playful,congruent,✅,0.8499786777830084
44,35,distant,congruent,✅,0.9548397492189425
44,35,playful,incongruent,❌,0.6854047330615677
44,35,distant,incongruent,✅,0.06592748878383116
44,36,headphones,congruent,✅,0.7932293901187849
44,36,mangoes,congruent,✅,0.7958776153517912
44,36,headphones,incongruent,✅,0.3767649692314734
44,36,mangoes,incongruent,✅,0.18536473172852053
44,37,playroom,congruent,✅,0.9667384671662816
44,37,park,congruent,✅,0.9889366065833055
44,37,playroom,incongruent,✅,0.06768286016230471
44,37,park,incongruent,✅,0.049892968280003676
44,38,bedroom,congruent,✅,0.9595854495297746
44,38,backyard,congruent,✅,0.9858563204122478
44,38,bedroom,incongruent,✅,0.046332378296603687
44,38,backyard,incongruent,✅,0.0062949125080556684
44,39,solemnly,congruent,✅,0.956683739414178
44,39,excitedly,congruent,✅,0.7208747288578227
44,39,solemnly,incongruent,✅,0.1506233065100793
44,39,excitedly,incongruent,✅,0.4414363556690321
44,4,menu,congruent,✅,0.8101693848710817
44,4,prescription,congruent,✅,0.9901608012814276
44,4,menu,incongruent,✅,0.3111160974056969
44,4,prescription,incongruent,✅,0.10479741510942268
44,40,car,congruent,✅,0.8362944186371037
44,40,sock,congruent,❌,0.3548769137506326
44,40,car,incongruent,✅,0.019365949327032866
44,40,sock,incongruent,✅,0.036437258078024316
44,41,overdressed,congruent,✅,0.7513415239058954
44,41,naked,congruent,❌,0.35883724445682763
44,41,overdressed,incongruent,✅,0.013615516478500804
44,41,naked,incongruent,✅,0.20437324734196446
44,42,shy,congruent,✅,0.6033253727424654
44,42,lively,congruent,✅,0.9014396696230785
44,42,shy,incongruent,✅,0.1346976047553883
44,42,lively,incongruent,✅,0.031102331151330327
44,43,offended,congruent,✅,0.7375205097887567
44,43,flattered,congruent,✅,0.8516359848061694
44,43,offended,incongruent,✅,0.0805932726209352
44,43,flattered,incongruent,✅,0.23583134056079424
44,44,grandkid,congruent,✅,0.9728376265237509
44,44,cellmate,congruent,✅,0.7964493962859484
44,44,grandkid,incongruent,✅,0.05036666937845474
44,44,cellmate,incongruent,✅,0.1373338775158503
44,45,promoted,congruent,✅,0.9721774924662663
44,45,fired,congruent,✅,0.9881334155329717
44,45,promoted,incongruent,✅,0.0870671858622631
44,45,fired,incongruent,✅,0.007226519543377334
44,46,shooting,congruent,❌,0.3016424525781099
44,46,celebration,congruent,❌,0.029085982336120943
44,46,shooting,incongruent,✅,0.020729751300329058
44,46,celebration,incongruent,✅,0.03581345428224936
44,47,crayon,congruent,❌,0.19296333525744694
44,47,beer,congruent,✅,0.9128407923051242
44,47,crayon,incongruent,✅,0.02575134478462043
44,47,beer,incongruent,✅,0.007397272937916848
44,48,waiter,congruent,✅,0.9640780670261226
44,48,taxi,congruent,✅,0.9851664485654867
44,48,waiter,incongruent,✅,0.20819139068143291
44,48,taxi,incongruent,✅,0.11541989091377086
44,49,parents,congruent,✅,0.9606184414553319
44,49,keys,congruent,✅,0.9856294046007038
44,49,parents,incongruent,✅,0.2630220105556889
44,49,keys,incongruent,✅,0.008952279175127704
44,5,distress,congruent,✅,0.9625765333151632
44,5,tranquility,congruent,✅,0.8332238230013289
44,5,distress,incongruent,✅,0.04222116589433305
44,5,tranquility,incongruent,✅,0.2318715693821609
44,50,sofa,congruent,✅,0.9967179611260595
44,50,sky,congruent,✅,0.9989113622915753
44,50,sofa,incongruent,❌,0.7388259903387258
44,50,sky,incongruent,❌,0.597864914322804
44,51,obesity,congruent,❌,0.13126446671590783
44,51,homework,congruent,✅,0.8897505960981152
44,51,obesity,incongruent,✅,0.014764455751845743
44,51,homework,incongruent,✅,0.03029332853782826
44,52,quiz,congruent,✅,0.866068399559535
44,52,commute,congruent,✅,0.9751215359644948
44,52,quiz,incongruent,✅,0.011876265734933849
44,52,commute,incongruent,✅,0.014085792623731162
44,53,migraine,congruent,✅,0.9610852457260306
44,53,excitement,congruent,✅,0.9745776567053169
44,53,migraine,incongruent,✅,0.0022617205402150095
44,53,excitement,incongruent,✅,0.1692001242993773
44,54,niece,congruent,✅,0.8820921715054689
44,54,husband,congruent,✅,0.9844221622478322
44,54,niece,incongruent,❌,0.5679022658106495
44,54,husband,incongruent,✅,0.22514552478860478
44,55,film,congruent,✅,0.967718801306972
44,55,sunrise,congruent,✅,0.7258360182742238
44,55,film,incongruent,✅,0.04052570755082631
44,55,sunrise,incongruent,✅,0.04383078678180551
44,56,lecture,congruent,✅,0.8501280061347628
44,56,banquet,congruent,❌,0.31910423385444775
44,56,lecture,incongruent,✅,0.007346837139551546
44,56,banquet,incongruent,✅,0.009615195946754404
44,57,drink,congruent,✅,0.9302109487114685
44,57,textbook,congruent,✅,0.9296316033074139
44,57,drink,incongruent,✅,0.12008909818817293
44,57,textbook,incongruent,✅,0.0421470077794477
44,58,pool,congruent,✅,0.9076491932641374
44,58,snow,congruent,✅,0.9136325846662827
44,58,pool,incongruent,✅,0.05601672949539649
44,58,snow,incongruent,✅,0.08322465464506852
44,59,passport,congruent,✅,0.7081257743173716
44,59,plushy,congruent,✅,0.9392478194286987
44,59,passport,incongruent,✅,0.061194110730231226
44,59,plushy,incongruent,✅,0.18082151381697514
44,6,patients,congruent,✅,0.9643912221804666
44,6,students,congruent,✅,0.9798529537195395
44,6,patients,incongruent,✅,0.05371304591942961
44,6,students,incongruent,✅,0.2000284781624295
44,60,sister,congruent,✅,0.9262788702788796
44,60,father,congruent,✅,0.970293892996333
44,60,sister,incongruent,✅,0.07012573319050584
44,60,father,incongruent,✅,0.02960895095538027
44,61,game,congruent,✅,0.9903664188900951
44,61,sunset,congruent,✅,0.9228264929443225
44,61,game,incongruent,✅,0.08293320770584323
44,61,sunset,incongruent,✅,0.1371603123860932
44,62,holidays,congruent,✅,0.9795413112689371
44,62,funeral,congruent,✅,0.9723862701725909
44,62,holidays,incongruent,✅,0.3379048637978867
44,62,funeral,incongruent,❌,0.5850841516360704
44,63,grades,congruent,✅,0.8919891283104175
44,63,affair,congruent,✅,0.9958813036885187
44,63,grades,incongruent,✅,0.47894738589889063
44,63,affair,incongruent,✅,0.009436551987609135
44,64,arrest,congruent,✅,0.5466228808029933
44,64,stroke,congruent,✅,0.840441503827284
44,64,arrest,incongruent,✅,0.4269794264107855
44,64,stroke,incongruent,❌,0.5675629049450536
44,65,pacifier,congruent,✅,0.9315233434379201
44,65,coffee,congruent,✅,0.957833716925444
44,65,pacifier,incongruent,✅,0.08511766548073602
44,65,coffee,incongruent,✅,0.228459692745443
44,66,sweets,congruent,✅,0.9851582755515793
44,66,sentencing,congruent,✅,0.991288701882981
44,66,sweets,incongruent,✅,0.03734453881437027
44,66,sentencing,incongruent,✅,0.008702897615714942
44,67,nap,congruent,✅,0.9976384896716245
44,67,selfie,congruent,✅,0.9986166779747518
44,67,nap,incongruent,✅,0.22962800171468062
44,67,selfie,incongruent,✅,0.017250355237930424
44,68,diaper,congruent,✅,0.9764266802227947
44,68,tire,congruent,✅,0.9960755893013982
44,68,diaper,incongruent,✅,0.008561912083863515
44,68,tire,incongruent,✅,0.011483262841134273
44,69,chemotherapy,congruent,✅,0.9927862104724384
44,69,golf,congruent,✅,0.8240608595522357
44,69,chemotherapy,incongruent,✅,0.0014273214599292336
44,69,golf,incongruent,✅,0.45964252298313196
44,7,consensus,congruent,✅,0.757717916220296
44,7,deadlock,congruent,✅,0.9310466019335131
44,7,consensus,incongruent,✅,0.27507216308986726
44,7,deadlock,incongruent,✅,0.13286776929100685
44,70,thunder,congruent,❌,0.14792487496213028
44,70,lullaby,congruent,✅,0.6211092133831871
44,70,thunder,incongruent,✅,0.007780746233271614
44,70,lullaby,incongruent,✅,0.009985336701538103
44,71,pajamas,congruent,✅,0.9720132628798012
44,71,uniform,congruent,✅,0.9004518389093994
44,71,pajamas,incongruent,✅,0.09026214278419148
44,71,uniform,incongruent,✅,0.03698548336996823
44,72,gown,congruent,✅,0.9838570184377086
44,72,sweats,congruent,✅,0.7772338371174681
44,72,gown,incongruent,✅,0.022073982133807752
44,72,sweats,incongruent,✅,0.04891430337242214
44,73,deadline,congruent,❌,0.39171127397718675
44,73,bed,congruent,✅,0.9641437769380813
44,73,deadline,incongruent,✅,0.03243210500150718
44,73,bed,incongruent,✅,0.0738529149270365
44,74,kindergarten,congruent,✅,0.9041819027230542
44,74,jail,congruent,✅,0.9630295054259801
44,74,kindergarten,incongruent,✅,0.014411642493885416
44,74,jail,incongruent,✅,0.24390762908111144
44,75,interrogated,congruent,✅,0.9885433827694161
44,75,tickled,congruent,✅,0.9901560748097101
44,75,interrogated,incongruent,✅,0.09984677191540989
44,75,tickled,incongruent,✅,0.11290622481157585
44,76,sandcastle,congruent,✅,0.9858786915343727
44,76,snowman,congruent,✅,0.9616456200445952
44,76,sandcastle,incongruent,✅,0.030936726850997062
44,76,snowman,incongruent,✅,0.0813726488425817
44,77,music,congruent,✅,0.9939569656751257
44,77,pizza,congruent,✅,0.9968272320805832
44,77,music,incongruent,✅,0.011855557961863746
44,77,pizza,incongruent,✅,0.006203868689268692
44,78,playoffs,congruent,✅,0.5998200698555154
44,78,cartoon,congruent,✅,0.9354685381168241
44,78,playoffs,incongruent,✅,0.00198901835823907
44,78,cartoon,incongruent,✅,0.027269788496880776
44,79,alcoholism,congruent,✅,0.8494758537000551
44,79,academics,congruent,✅,0.9873991018803041
44,79,alcoholism,incongruent,✅,0.19745791817048775
44,79,academics,incongruent,✅,0.028469822806168013
44,8,engagement,congruent,✅,0.779869350831728
44,8,cancer,congruent,❌,0.29119677086513956
44,8,engagement,incongruent,✅,0.17610443442513074
44,8,cancer,incongruent,✅,0.3433190831830865
44,9,terminal,congruent,✅,0.9918663086157294
44,9,classroom,congruent,✅,0.9987737003720935
44,9,terminal,incongruent,✅,0.28060657524093857
44,9,classroom,incongruent,✅,0.27774748897583346
45,0,library,congruent,❌,0.34846671082628117
45,0,refrigerator,congruent,✅,0.5858809652083409
45,0,library,incongruent,✅,0.06440400485589527
45,0,refrigerator,incongruent,✅,0.02036190663715743
45,1,disappointment,congruent,✅,0.8412970676529409
45,1,delight,congruent,✅,0.9840479010509945
45,1,disappointment,incongruent,✅,0.06257009100898014
45,1,delight,incongruent,✅,0.24916569899081625
45,10,cash,congruent,✅,0.9951556565898897
45,10,groceries,congruent,✅,0.9175758961298797
45,10,cash,incongruent,✅,0.32001777548702487
45,10,groceries,incongruent,✅,0.013834147091773065
45,11,lonely,congruent,✅,0.9107049316421169
45,11,confident,congruent,✅,0.9220827775089169
45,11,lonely,incongruent,✅,0.07218372489394806
45,11,confident,incongruent,✅,0.28920510397864657
45,12,joy,congruent,✅,0.9793439437528947
45,12,outrage,congruent,❌,0.452234082071433
45,12,joy,incongruent,✅,0.17136261831009986
45,12,outrage,incongruent,❌,0.7622023451458534
45,13,traffic,congruent,✅,0.9965067947118078
45,13,snowstorm,congruent,✅,0.9858309635276022
45,13,traffic,incongruent,❌,0.7752540238032134
45,13,snowstorm,incongruent,❌,0.8919299161857679
45,14,laughter,congruent,✅,0.9989100807615142
45,14,frustration,congruent,✅,0.972038015848421
45,14,laughter,incongruent,✅,0.07871834673056671
45,14,frustration,incongruent,✅,0.09478688296580964
45,15,calculator,congruent,✅,0.6988436856406431
45,15,instrument,congruent,✅,0.9313401491865975
45,15,calculator,incongruent,✅,0.2364417124377956
45,15,instrument,incongruent,✅,0.32691392497126914
45,16,orchestra,congruent,✅,0.9569253183319214
45,16,racers,congruent,✅,0.9910636117943072
45,16,orchestra,incongruent,✅,0.29757619594230555
45,16,racers,incongruent,✅,0.07326535505703147
45,17,retirement,congruent,✅,0.9312522898242183
45,17,playdate,congruent,✅,0.9059507803670352
45,17,retirement,incongruent,✅,0.05015204496575087
45,17,playdate,incongruent,✅,0.14530729976205423
45,18,relieved,congruent,✅,0.8878916468974444
45,18,depressed,congruent,✅,0.6951391071854393
45,18,relieved,incongruent,✅,0.029701550700928944
45,18,depressed,incongruent,✅,0.3178963053436779
45,19,friends,congruent,❌,0.18250664532358965
45,19,weight,congruent,✅,0.9077571111235949
45,19,friends,incongruent,❌,0.7107906420332468
45,19,weight,incongruent,✅,0.02905463968863578
45,2,overcoat,congruent,✅,0.712795521454223
45,2,sandals,congruent,✅,0.717745598468759
45,2,overcoat,incongruent,✅,0.1869951608297825
45,2,sandals,incongruent,✅,0.03135120153488181
45,20,lipstick,congruent,✅,0.8750762672880329
45,20,song,congruent,✅,0.901515829359354
45,20,lipstick,incongruent,✅,0.396131374148149
45,20,song,incongruent,✅,0.3715326835943323
45,21,fought,congruent,✅,0.9965240353112264
45,21,sang,congruent,❌,0.23451380387081955
45,21,fought,incongruent,✅,0.007210621322572105
45,21,sang,incongruent,✅,0.362579602291138
45,22,skeptical,congruent,✅,0.7587702086343873
45,22,reassured,congruent,✅,0.8409476128730851
45,22,skeptical,incongruent,✅,0.37974708646534355
45,22,reassured,incongruent,✅,0.11544936476053028
45,23,graduation,congruent,✅,0.9993308573693569
45,23,operation,congruent,❌,0.44891258073590445
45,23,graduation,incongruent,✅,0.03134141061398048
45,23,operation,incongruent,✅,0.187656727464411
45,24,bride,congruent,✅,0.9560901609801041
45,24,aftermath,congruent,✅,0.9741423219991007
45,24,bride,incongruent,✅,0.1217440869035955
45,24,aftermath,incongruent,✅,0.0034488389084752808
45,25,teacher,congruent,✅,0.9775059325626739
45,25,daughter,congruent,✅,0.9856063541980933
45,25,teacher,incongruent,✅,0.012890787217142584
45,25,daughter,incongruent,✅,0.037873696090081635
45,26,roommate,congruent,✅,0.8884656378439095
45,26,grandma,congruent,✅,0.9915839645730078
45,26,roommate,incongruent,✅,0.27928575269789485
45,26,grandma,incongruent,✅,0.031458397391186846
45,27,brother,congruent,✅,0.8606135976888772
45,27,mother,congruent,✅,0.9825698743358181
45,27,brother,incongruent,✅,0.03254407278196329
45,27,mother,incongruent,✅,0.008765930702773143
45,28,preschool,congruent,❌,0.4144255576250272
45,28,prison,congruent,✅,0.827172565754853
45,28,preschool,incongruent,✅,0.006602399522467172
45,28,prison,incongruent,✅,0.026349529878418352
45,29,hopeful,congruent,❌,0.39542802666407656
45,29,hopeless,congruent,✅,0.8477366908312663
45,29,hopeful,incongruent,✅,0.16540934916590883
45,29,hopeless,incongruent,✅,0.04667637176272817
45,3,marathon,congruent,✅,0.9115769265999407
45,3,exam,congruent,✅,0.8826358137973254
45,3,marathon,incongruent,✅,0.08881394183960228
45,3,exam,incongruent,✅,0.08716666968546981
45,30,appalled,congruent,✅,0.8380216152796569
45,30,overjoyed,congruent,✅,0.9645603372558612
45,30,appalled,incongruent,✅,0.2615011029382482
45,30,overjoyed,incongruent,✅,0.41814408447847623
45,31,reprimand,congruent,✅,0.7779800378384066
45,31,encouragement,congruent,✅,0.9363652059897165
45,31,reprimand,incongruent,✅,0.024983423055182974
45,31,encouragement,incongruent,✅,0.04042682832316105
45,32,angrily,congruent,✅,0.9679748217025289
45,32,cordially,congruent,✅,0.9609130323005295
45,32,angrily,incongruent,✅,0.14034993236956672
45,32,cordially,incongruent,✅,0.0228001414732237
45,33,accusatory,congruent,✅,0.9679478825200103
45,33,flirtatious,congruent,✅,0.9381307356676131
45,33,accusatory,incongruent,✅,0.13031524651633283
45,33,flirtatious,incongruent,✅,0.4309552076345758
45,34,disapprovingly,congruent,✅,0.9524329435611387
45,34,lovingly,congruent,✅,0.5431580089617671
45,34,disapprovingly,incongruent,✅,0.11850702433180595
45,34,lovingly,incongruent,✅,0.3802919685942804
45,35,playful,congruent,✅,0.8467712332111265
45,35,distant,congruent,✅,0.9413451798419505
45,35,playful,incongruent,❌,0.6568726054137455
45,35,distant,incongruent,✅,0.07279792025034208
45,36,headphones,congruent,✅,0.7367232456786639
45,36,mangoes,congruent,✅,0.7827166096259934
45,36,headphones,incongruent,✅,0.3410310313891252
45,36,mangoes,incongruent,✅,0.1806635649891226
45,37,playroom,congruent,✅,0.9656184959384824
45,37,park,congruent,✅,0.9909598685900965
45,37,playroom,incongruent,✅,0.08603409486818903
45,37,park,incongruent,✅,0.043272704566367406
45,38,bedroom,congruent,✅,0.9381280104297827
45,38,backyard,congruent,✅,0.9788336547303279
45,38,bedroom,incongruent,✅,0.033887813336056595
45,38,backyard,incongruent,✅,0.004558232343115568
45,39,solemnly,congruent,✅,0.9717139694791213
45,39,excitedly,congruent,✅,0.813622403631501
45,39,solemnly,incongruent,✅,0.2627500079898476
45,39,excitedly,incongruent,❌,0.5336331754072525
45,4,menu,congruent,✅,0.7327136921488592
45,4,prescription,congruent,✅,0.9852373387798432
45,4,menu,incongruent,✅,0.26726426270503395
45,4,prescription,incongruent,✅,0.06733814418815728
45,40,car,congruent,✅,0.8870194553388306
45,40,sock,congruent,❌,0.32050951178315906
45,40,car,incongruent,✅,0.015583885027235095
45,40,sock,incongruent,✅,0.021513728923211836
45,41,overdressed,congruent,✅,0.791024845851059
45,41,naked,congruent,❌,0.3607616187095708
45,41,overdressed,incongruent,✅,0.0107866468635496
45,41,naked,incongruent,✅,0.27116595319065173
45,42,shy,congruent,✅,0.5899971391301878
45,42,lively,congruent,✅,0.8757967932578086
45,42,shy,incongruent,✅,0.1020260650115001
45,42,lively,incongruent,✅,0.02859787610517997
45,43,offended,congruent,✅,0.7342410486848022
45,43,flattered,congruent,✅,0.8242506885914334
45,43,offended,incongruent,✅,0.06914721995380947
45,43,flattered,incongruent,✅,0.2166693886347993
45,44,grandkid,congruent,✅,0.9704135677504588
45,44,cellmate,congruent,✅,0.7115732030719979
45,44,grandkid,incongruent,✅,0.04411773868844862
45,44,cellmate,incongruent,✅,0.08499974575919945
45,45,promoted,congruent,✅,0.9842890189753876
45,45,fired,congruent,✅,0.9863316784657292
45,45,promoted,incongruent,✅,0.09768446529177495
45,45,fired,incongruent,✅,0.0076625027975848175
45,46,shooting,congruent,❌,0.3191762339413488
45,46,celebration,congruent,❌,0.0323507864272875
45,46,shooting,incongruent,✅,0.016073112731145853
45,46,celebration,incongruent,✅,0.029986426846917675
45,47,crayon,congruent,❌,0.1292638340144769
45,47,beer,congruent,✅,0.8856963398289871
45,47,crayon,incongruent,✅,0.017138180396004992
45,47,beer,incongruent,✅,0.004136550349182745
45,48,waiter,congruent,✅,0.9706047881543137
45,48,taxi,congruent,✅,0.9910967917511473
45,48,waiter,incongruent,✅,0.2650447424178789
45,48,taxi,incongruent,✅,0.1376941148906492
45,49,parents,congruent,✅,0.9538908971378204
45,49,keys,congruent,✅,0.9898719247899209
45,49,parents,incongruent,✅,0.29865331162992836
45,49,keys,incongruent,✅,0.00992079710109695
45,5,distress,congruent,✅,0.9632270565165556
45,5,tranquility,congruent,✅,0.878588845230402
45,5,distress,incongruent,✅,0.05830001842200417
45,5,tranquility,incongruent,✅,0.2080204905384181
45,50,sofa,congruent,✅,0.9976801276772357
45,50,sky,congruent,✅,0.9991075386865935
45,50,sofa,incongruent,❌,0.7648509259070149
45,50,sky,incongruent,❌,0.657702198511578
45,51,obesity,congruent,❌,0.11240593276514628
45,51,homework,congruent,✅,0.8914512959421834
45,51,obesity,incongruent,✅,0.017868819800711522
45,51,homework,incongruent,✅,0.030809884609991404
45,52,quiz,congruent,✅,0.8954566046718057
45,52,commute,congruent,✅,0.9819801242142044
45,52,quiz,incongruent,✅,0.014081334406080464
45,52,commute,incongruent,✅,0.01804372888189944
45,53,migraine,congruent,✅,0.9592825741736728
45,53,excitement,congruent,✅,0.9704742178840874
45,53,migraine,incongruent,✅,0.002027939469341985
45,53,excitement,incongruent,✅,0.15116647018920254
45,54,niece,congruent,✅,0.8631366217347656
45,54,husband,congruent,✅,0.979338816050003
45,54,niece,incongruent,❌,0.5032789498681292
45,54,husband,incongruent,✅,0.25135350758152897
45,55,film,congruent,✅,0.9813510758807354
45,55,sunrise,congruent,✅,0.7094015151356717
45,55,film,incongruent,✅,0.0406675229778594
45,55,sunrise,incongruent,✅,0.07742656550134981
45,56,lecture,congruent,✅,0.8919676149823024
45,56,banquet,congruent,❌,0.4074174139874083
45,56,lecture,incongruent,✅,0.012253929570627247
45,56,banquet,incongruent,✅,0.012415658520123258
45,57,drink,congruent,✅,0.9343018802517719
45,57,textbook,congruent,✅,0.947063423018456
45,57,drink,incongruent,✅,0.11650328818058434
45,57,textbook,incongruent,✅,0.04100778062011939
45,58,pool,congruent,✅,0.9198203958618945
45,58,snow,congruent,✅,0.920437701954721
45,58,pool,incongruent,✅,0.035263070630528984
45,58,snow,incongruent,✅,0.13518190798998245
45,59,passport,congruent,✅,0.7539843354340546
45,59,plushy,congruent,✅,0.9472880941215255
45,59,passport,incongruent,✅,0.06613039134303537
45,59,plushy,incongruent,✅,0.2539776956641367
45,6,patients,congruent,✅,0.9615537125459049
45,6,students,congruent,✅,0.9679932065849138
45,6,patients,incongruent,✅,0.04601980844193681
45,6,students,incongruent,✅,0.19780725711496722
45,60,sister,congruent,✅,0.9543544200972393
45,60,father,congruent,✅,0.9778790074459878
45,60,sister,incongruent,✅,0.09265692466475825
45,60,father,incongruent,✅,0.04805447537069223
45,61,game,congruent,✅,0.9892084295874579
45,61,sunset,congruent,✅,0.9080011588812026
45,61,game,incongruent,✅,0.08829040834938207
45,61,sunset,incongruent,✅,0.15250601004440625
45,62,holidays,congruent,✅,0.9785658269230373
45,62,funeral,congruent,✅,0.9805854056995912
45,62,holidays,incongruent,✅,0.4212680937379474
45,62,funeral,incongruent,❌,0.6021542331217958
45,63,grades,congruent,✅,0.8799310974222129
45,63,affair,congruent,✅,0.997111155128809
45,63,grades,incongruent,❌,0.5577772561129972
45,63,affair,incongruent,✅,0.00720087076542711
45,64,arrest,congruent,❌,0.4000550216054625
45,64,stroke,congruent,✅,0.6648500498137085
45,64,arrest,incongruent,✅,0.21324161828120344
45,64,stroke,incongruent,✅,0.4253847826530856
45,65,pacifier,congruent,✅,0.8898330432172915
45,65,coffee,congruent,✅,0.9544572805736065
45,65,pacifier,incongruent,✅,0.11915322545649608
45,65,coffee,incongruent,✅,0.14634807770957559
45,66,sweets,congruent,✅,0.9894539261430002
45,66,sentencing,congruent,✅,0.9904149199243492
45,66,sweets,incongruent,✅,0.043881706734360114
45,66,sentencing,incongruent,✅,0.011101317013470384
45,67,nap,congruent,✅,0.9977865846296619
45,67,selfie,congruent,✅,0.9982452187564677
45,67,nap,incongruent,✅,0.20364859082414882
45,67,selfie,incongruent,✅,0.018440079912288347
45,68,diaper,congruent,✅,0.9856225044573219
45,68,tire,congruent,✅,0.9943340007647934
45,68,diaper,incongruent,✅,0.008029485719842896
45,68,tire,incongruent,✅,0.019780970275263095
45,69,chemotherapy,congruent,✅,0.9934221142878574
45,69,golf,congruent,✅,0.730503735628993
45,69,chemotherapy,incongruent,✅,0.001016141160649904
45,69,golf,incongruent,✅,0.4178792286827149
45,7,consensus,congruent,✅,0.7331452830855514
45,7,deadlock,congruent,✅,0.9293559469625057
45,7,consensus,incongruent,✅,0.2634746498885896
45,7,deadlock,incongruent,✅,0.09297890318147792
45,70,thunder,congruent,❌,0.09894651430343261
45,70,lullaby,congruent,✅,0.6362177783262473
45,70,thunder,incongruent,✅,0.0061483480847407635
45,70,lullaby,incongruent,✅,0.01236773152563001
45,71,pajamas,congruent,✅,0.9631934036293794
45,71,uniform,congruent,✅,0.8807843654750688
45,71,pajamas,incongruent,✅,0.05839180606564275
45,71,uniform,incongruent,✅,0.035521765916365744
45,72,gown,congruent,✅,0.9824016099702856
45,72,sweats,congruent,✅,0.7837321198774729
45,72,gown,incongruent,✅,0.02933210193843116
45,72,sweats,incongruent,✅,0.044184609866485654
45,73,deadline,congruent,❌,0.4727021199279574
45,73,bed,congruent,✅,0.9614001345382549
45,73,deadline,incongruent,✅,0.03626702063161681
45,73,bed,incongruent,✅,0.08669668762297819
45,74,kindergarten,congruent,✅,0.8737194580974119
45,74,jail,congruent,✅,0.9715773673067268
45,74,kindergarten,incongruent,✅,0.009805460832199912
45,74,jail,incongruent,✅,0.19353983029115757
45,75,interrogated,congruent,✅,0.9869130966104623
45,75,tickled,congruent,✅,0.9837525827772331
45,75,interrogated,incongruent,✅,0.03707588851706983
45,75,tickled,incongruent,✅,0.08953284678979526
45,76,sandcastle,congruent,✅,0.9902252160719699
45,76,snowman,congruent,✅,0.9743491645779916
45,76,sandcastle,incongruent,✅,0.03261304455958373
45,76,snowman,incongruent,✅,0.13164209140830962
45,77,music,congruent,✅,0.9934541227420495
45,77,pizza,congruent,✅,0.9971762072059785
45,77,music,incongruent,✅,0.016056027548703597
45,77,pizza,incongruent,✅,0.005712734430525646
45,78,playoffs,congruent,✅,0.617751510959726
45,78,cartoon,congruent,✅,0.9243469912864998
45,78,playoffs,incongruent,✅,0.002084727283600323
45,78,cartoon,incongruent,✅,0.030898201709210607
45,79,alcoholism,congruent,✅,0.857144977693692
45,79,academics,congruent,✅,0.9870820184725646
45,79,alcoholism,incongruent,✅,0.20447661988966018
45,79,academics,incongruent,✅,0.023122370369022777
45,8,engagement,congruent,✅,0.795504008527429
45,8,cancer,congruent,❌,0.2997197545084568
45,8,engagement,incongruent,✅,0.15098891873698086
45,8,cancer,incongruent,✅,0.38597220704074997
45,9,terminal,congruent,✅,0.991988626018419
45,9,classroom,congruent,✅,0.9983377868081379
45,9,terminal,incongruent,✅,0.2052870931160675
45,9,classroom,incongruent,✅,0.20142697251015812
46,0,library,congruent,❌,0.39153148518165287
46,0,refrigerator,congruent,✅,0.531378155098898
46,0,library,incongruent,✅,0.071006469798482
46,0,refrigerator,incongruent,✅,0.020835567223080026
46,1,disappointment,congruent,✅,0.7800642586361036
46,1,delight,congruent,✅,0.9767045788653879
46,1,disappointment,incongruent,✅,0.0458208230437976
46,1,delight,incongruent,✅,0.2252854135489304
46,10,cash,congruent,✅,0.9942390490733615
46,10,groceries,congruent,✅,0.9494089650477464
46,10,cash,incongruent,❌,0.5000566520450349
46,10,groceries,incongruent,✅,0.010283347668290064
46,11,lonely,congruent,✅,0.9056341286244053
46,11,confident,congruent,✅,0.8801018297351821
46,11,lonely,incongruent,✅,0.06833119702400346
46,11,confident,incongruent,✅,0.33420053317890747
46,12,joy,congruent,✅,0.9817094511329516
46,12,outrage,congruent,✅,0.5266523413846554
46,12,joy,incongruent,✅,0.18926174943746346
46,12,outrage,incongruent,❌,0.7985722016507149
46,13,traffic,congruent,✅,0.9981064421659632
46,13,snowstorm,congruent,✅,0.9898982787915345
46,13,traffic,incongruent,❌,0.840483189901867
46,13,snowstorm,incongruent,❌,0.9405708056199564
46,14,laughter,congruent,✅,0.9987114818957118
46,14,frustration,congruent,✅,0.9654361110065113
46,14,laughter,incongruent,✅,0.08867227324236603
46,14,frustration,incongruent,✅,0.07868113826716085
46,15,calculator,congruent,✅,0.6497494974389625
46,15,instrument,congruent,✅,0.840713995644094
46,15,calculator,incongruent,✅,0.11562385664515401
46,15,instrument,incongruent,✅,0.2991372067551382
46,16,orchestra,congruent,✅,0.9629182846936821
46,16,racers,congruent,✅,0.9846993197211001
46,16,orchestra,incongruent,✅,0.2537541346251924
46,16,racers,incongruent,✅,0.11701342310213354
46,17,retirement,congruent,✅,0.9503776694273972
46,17,playdate,congruent,✅,0.9260856939541414
46,17,retirement,incongruent,✅,0.062572811190493
46,17,playdate,incongruent,✅,0.26776868084542277
46,18,relieved,congruent,✅,0.9284393398652363
46,18,depressed,congruent,✅,0.8192605998193789
46,18,relieved,incongruent,✅,0.03926689546692539
46,18,depressed,incongruent,✅,0.47184891153771064
46,19,friends,congruent,❌,0.179652617671235
46,19,weight,congruent,✅,0.8773937270974628
46,19,friends,incongruent,❌,0.6952365723048172
46,19,weight,incongruent,✅,0.025295312974600904
46,2,overcoat,congruent,✅,0.7674757692353518
46,2,sandals,congruent,✅,0.6374168170567961
46,2,overcoat,incongruent,✅,0.12176440158656734
46,2,sandals,incongruent,✅,0.04849180968703088
46,20,lipstick,congruent,✅,0.8627252571053601
46,20,song,congruent,✅,0.9007223443600485
46,20,lipstick,incongruent,❌,0.5552268204692238
46,20,song,incongruent,✅,0.4580235825744629
46,21,fought,congruent,✅,0.9976748980924173
46,21,sang,congruent,❌,0.22696543214320924
46,21,fought,incongruent,✅,0.00872364743227713
46,21,sang,incongruent,❌,0.502316914979783
46,22,skeptical,congruent,✅,0.7927377087991478
46,22,reassured,congruent,✅,0.8738572210326263
46,22,skeptical,incongruent,✅,0.44011157274865026
46,22,reassured,incongruent,✅,0.13032000225353557
46,23,graduation,congruent,✅,0.9991884332298042
46,23,operation,congruent,❌,0.3840692609562433
46,23,graduation,incongruent,✅,0.03139902828954416
46,23,operation,incongruent,✅,0.24686744084370196
46,24,bride,congruent,✅,0.9670544725143139
46,24,aftermath,congruent,✅,0.9533813205859273
46,24,bride,incongruent,✅,0.10457707116401373
46,24,aftermath,incongruent,✅,0.005644931805612997
46,25,teacher,congruent,✅,0.9752723745623183
46,25,daughter,congruent,✅,0.9815603618251629
46,25,teacher,incongruent,✅,0.012809281961274078
46,25,daughter,incongruent,✅,0.04584371882320558
46,26,roommate,congruent,✅,0.892554133958916
46,26,grandma,congruent,✅,0.989167068990782
46,26,roommate,incongruent,✅,0.27547119263824066
46,26,grandma,incongruent,✅,0.050330218775444815
46,27,brother,congruent,✅,0.7957752421668881
46,27,mother,congruent,✅,0.9802025107126965
46,27,brother,incongruent,✅,0.033055390315823975
46,27,mother,incongruent,✅,0.00910035858238222
46,28,preschool,congruent,❌,0.2870464930065723
46,28,prison,congruent,✅,0.6661461974302895
46,28,preschool,incongruent,✅,0.005123123779989053
46,28,prison,incongruent,✅,0.016345778893073613
46,29,hopeful,congruent,❌,0.28278481014726753
46,29,hopeless,congruent,✅,0.82327630560525
46,29,hopeful,incongruent,✅,0.12035775639627486
46,29,hopeless,incongruent,✅,0.02493078055868612
46,3,marathon,congruent,✅,0.9570450894246455
46,3,exam,congruent,✅,0.8965664793713801
46,3,marathon,incongruent,✅,0.20807480030380734
46,3,exam,incongruent,✅,0.20266936178193565
46,30,appalled,congruent,✅,0.8711550091480277
46,30,overjoyed,congruent,✅,0.9633068608943035
46,30,appalled,incongruent,✅,0.25852834434669403
46,30,overjoyed,incongruent,❌,0.5086880273475431
46,31,reprimand,congruent,✅,0.7635948232237162
46,31,encouragement,congruent,✅,0.9392218428416567
46,31,reprimand,incongruent,✅,0.03158221465131604
46,31,encouragement,incongruent,✅,0.035104722021467506
46,32,angrily,congruent,✅,0.9682460111088089
46,32,cordially,congruent,✅,0.9641968028422795
46,32,angrily,incongruent,✅,0.1874357078823598
46,32,cordially,incongruent,✅,0.027853466917007054
46,33,accusatory,congruent,✅,0.9708287135011023
46,33,flirtatious,congruent,✅,0.9369299616123391
46,33,accusatory,incongruent,✅,0.12130296934270354
46,33,flirtatious,incongruent,✅,0.45262313166306917
46,34,disapprovingly,congruent,✅,0.9312827135526587
46,34,lovingly,congruent,✅,0.520484341762658
46,34,disapprovingly,incongruent,✅,0.11556267193294628
46,34,lovingly,incongruent,✅,0.23761683605176614
46,35,playful,congruent,✅,0.8277932047204191
46,35,distant,congruent,✅,0.9251959573310197
46,35,playful,incongruent,❌,0.6086700590799864
46,35,distant,incongruent,✅,0.0831427975817619
46,36,headphones,congruent,✅,0.7862043232609737
46,36,mangoes,congruent,✅,0.7464714742519974
46,36,headphones,incongruent,✅,0.41885183116387714
46,36,mangoes,incongruent,✅,0.22697651908247687
46,37,playroom,congruent,✅,0.9594172869539208
46,37,park,congruent,✅,0.9886480998089432
46,37,playroom,incongruent,✅,0.07269475700622038
46,37,park,incongruent,✅,0.0387045443110254
46,38,bedroom,congruent,✅,0.9303748763439789
46,38,backyard,congruent,✅,0.9612908454222251
46,38,bedroom,incongruent,✅,0.017866567236734007
46,38,backyard,incongruent,✅,0.005870997349178025
46,39,solemnly,congruent,✅,0.9681309765412935
46,39,excitedly,congruent,✅,0.7891676186330763
46,39,solemnly,incongruent,✅,0.2493349408584944
46,39,excitedly,incongruent,❌,0.5393547548138464
46,4,menu,congruent,✅,0.713692089095829
46,4,prescription,congruent,✅,0.9873883504337259
46,4,menu,incongruent,✅,0.3556737830779433
46,4,prescription,incongruent,✅,0.07403638707309927
46,40,car,congruent,✅,0.8228492035893877
46,40,sock,congruent,❌,0.36972790621776364
46,40,car,incongruent,✅,0.01811319219189366
46,40,sock,incongruent,✅,0.017767484148075264
46,41,overdressed,congruent,✅,0.8331689393891333
46,41,naked,congruent,❌,0.2827111059564829
46,41,overdressed,incongruent,✅,0.011562987029819434
46,41,naked,incongruent,✅,0.30757237233208484
46,42,shy,congruent,✅,0.5621115588913598
46,42,lively,congruent,✅,0.908437961890713
46,42,shy,incongruent,✅,0.13421389643996628
46,42,lively,incongruent,✅,0.02305313576608757
46,43,offended,congruent,✅,0.7151755155551237
46,43,flattered,congruent,✅,0.8269978351950483
46,43,offended,incongruent,✅,0.06137183922099811
46,43,flattered,incongruent,✅,0.2277034276078277
46,44,grandkid,congruent,✅,0.9573447633340719
46,44,cellmate,congruent,✅,0.6875638400550925
46,44,grandkid,incongruent,✅,0.07366767792667882
46,44,cellmate,incongruent,✅,0.08071537373495924
46,45,promoted,congruent,✅,0.9861500474246957
46,45,fired,congruent,✅,0.9828410352326863
46,45,promoted,incongruent,✅,0.08016363406016691
46,45,fired,incongruent,✅,0.007229911449245622
46,46,shooting,congruent,❌,0.29612957415721675
46,46,celebration,congruent,❌,0.015523882778736507
46,46,shooting,incongruent,✅,0.00692324641434237
46,46,celebration,incongruent,✅,0.014767745687141247
46,47,crayon,congruent,❌,0.2266938997233557
46,47,beer,congruent,✅,0.8693081934423275
46,47,crayon,incongruent,✅,0.015093293349315862
46,47,beer,incongruent,✅,0.008980460043721826
46,48,waiter,congruent,✅,0.9704934084103749
46,48,taxi,congruent,✅,0.9913763563775746
46,48,waiter,incongruent,✅,0.2810377274876414
46,48,taxi,incongruent,✅,0.11955973807683536
46,49,parents,congruent,✅,0.957534923457107
46,49,keys,congruent,✅,0.9875502975530163
46,49,parents,incongruent,✅,0.369423398262889
46,49,keys,incongruent,✅,0.010828402411691185
46,5,distress,congruent,✅,0.9684406216706825
46,5,tranquility,congruent,✅,0.9450377766953889
46,5,distress,incongruent,✅,0.12872174142920798
46,5,tranquility,incongruent,✅,0.25138685672862937
46,50,sofa,congruent,✅,0.9982498223705707
46,50,sky,congruent,✅,0.9982477466733456
46,50,sofa,incongruent,❌,0.7043084692707661
46,50,sky,incongruent,❌,0.7366240491064404
46,51,obesity,congruent,❌,0.13299718026384866
46,51,homework,congruent,✅,0.8807124764953397
46,51,obesity,incongruent,✅,0.022673794983254808
46,51,homework,incongruent,✅,0.041393155997405895
46,52,quiz,congruent,✅,0.9157183827858649
46,52,commute,congruent,✅,0.9762937612075048
46,52,quiz,incongruent,✅,0.010427603244944027
46,52,commute,incongruent,✅,0.031862694869647816
46,53,migraine,congruent,✅,0.9416135774969253
46,53,excitement,congruent,✅,0.979217879539706
46,53,migraine,incongruent,✅,0.0029196086935833017
46,53,excitement,incongruent,✅,0.16578773568345834
46,54,niece,congruent,✅,0.8848155714699701
46,54,husband,congruent,✅,0.9791887245875001
46,54,niece,incongruent,✅,0.4896544659569779
46,54,husband,incongruent,✅,0.3762337356150247
46,55,film,congruent,✅,0.9734276850322643
46,55,sunrise,congruent,✅,0.6896816005234694
46,55,film,incongruent,✅,0.05998369112172327
46,55,sunrise,incongruent,✅,0.08250922862557812
46,56,lecture,congruent,✅,0.9223558057295571
46,56,banquet,congruent,❌,0.3800286983404336
46,56,lecture,incongruent,✅,0.014560381333380341
46,56,banquet,incongruent,✅,0.012821487072117166
46,57,drink,congruent,✅,0.9362346921808443
46,57,textbook,congruent,✅,0.8888523892404036
46,57,drink,incongruent,✅,0.07116476721500746
46,57,textbook,incongruent,✅,0.06852819283140008
46,58,pool,congruent,✅,0.9464182231227967
46,58,snow,congruent,✅,0.8947313887493402
46,58,pool,incongruent,✅,0.03172791843504121
46,58,snow,incongruent,✅,0.22397550544271577
46,59,passport,congruent,✅,0.7953704019637287
46,59,plushy,congruent,✅,0.8026304458296067
46,59,passport,incongruent,✅,0.03137725401687208
46,59,plushy,incongruent,✅,0.3677859955555475
46,6,patients,congruent,✅,0.9694794253280826
46,6,students,congruent,✅,0.9666342469902564
46,6,patients,incongruent,✅,0.053145168058478756
46,6,students,incongruent,✅,0.2637463719119736
46,60,sister,congruent,✅,0.946560898545246
46,60,father,congruent,✅,0.9713394103847991
46,60,sister,incongruent,✅,0.10268123280269624
46,60,father,incongruent,✅,0.03872342777048873
46,61,game,congruent,✅,0.9893429501568524
46,61,sunset,congruent,✅,0.9319228427208232
46,61,game,incongruent,✅,0.1584914618223534
46,61,sunset,incongruent,✅,0.18515494286078402
46,62,holidays,congruent,✅,0.9582361029434276
46,62,funeral,congruent,✅,0.9655089970948482
46,62,holidays,incongruent,✅,0.4459542821402544
46,62,funeral,incongruent,✅,0.42806737859448896
46,63,grades,congruent,✅,0.7971916411800946
46,63,affair,congruent,✅,0.9968814310899445
46,63,grades,incongruent,❌,0.5355042569992704
46,63,affair,incongruent,✅,0.007480364828314742
46,64,arrest,congruent,❌,0.38817505411982994
46,64,stroke,congruent,✅,0.7897406360884887
46,64,arrest,incongruent,✅,0.33479802303413664
46,64,stroke,incongruent,✅,0.43437618330603467
46,65,pacifier,congruent,✅,0.9299614847770984
46,65,coffee,congruent,✅,0.9462215882111875
46,65,pacifier,incongruent,✅,0.16060329750318722
46,65,coffee,incongruent,✅,0.13940050197803025
46,66,sweets,congruent,✅,0.9873822778792546
46,66,sentencing,congruent,✅,0.9874680939956535
46,66,sweets,incongruent,✅,0.047490945691643804
46,66,sentencing,incongruent,✅,0.015399673112695808
46,67,nap,congruent,✅,0.9962826320079635
46,67,selfie,congruent,✅,0.9961995945722019
46,67,nap,incongruent,✅,0.1459742874543437
46,67,selfie,incongruent,✅,0.014486719260978453
46,68,diaper,congruent,✅,0.986377198002532
46,68,tire,congruent,✅,0.9961949333132435
46,68,diaper,incongruent,✅,0.02076407817596097
46,68,tire,incongruent,✅,0.031311306747479194
46,69,chemotherapy,congruent,✅,0.9920670225962757
46,69,golf,congruent,✅,0.6296599388163746
46,69,chemotherapy,incongruent,✅,0.0013054177435165696
46,69,golf,incongruent,❌,0.5366234180042986
46,7,consensus,congruent,✅,0.6966294669243238
46,7,deadlock,congruent,✅,0.9512533953845416
46,7,consensus,incongruent,✅,0.30245099858433605
46,7,deadlock,incongruent,✅,0.08940792815433364
46,70,thunder,congruent,❌,0.03508741604126329
46,70,lullaby,congruent,✅,0.5940772592228951
46,70,thunder,incongruent,✅,0.004744308379536475
46,70,lullaby,incongruent,✅,0.007567965781367381
46,71,pajamas,congruent,✅,0.9606950342528212
46,71,uniform,congruent,✅,0.8567675605008306
46,71,pajamas,incongruent,✅,0.045709968038019966
46,71,uniform,incongruent,✅,0.03933087568758492
46,72,gown,congruent,✅,0.984677001605875
46,72,sweats,congruent,✅,0.671285211497089
46,72,gown,incongruent,✅,0.024470327037064876
46,72,sweats,incongruent,✅,0.039471943144085295
46,73,deadline,congruent,❌,0.4736875382332281
46,73,bed,congruent,✅,0.9615033327075354
46,73,deadline,incongruent,✅,0.05627548681349266
46,73,bed,incongruent,✅,0.07252433869212803
46,74,kindergarten,congruent,✅,0.892892240138843
46,74,jail,congruent,✅,0.972663670194319
46,74,kindergarten,incongruent,✅,0.012705115579154139
46,74,jail,incongruent,✅,0.2700406895430254
46,75,interrogated,congruent,✅,0.9822677154721431
46,75,tickled,congruent,✅,0.9902756108314011
46,75,interrogated,incongruent,✅,0.06384652573078943
46,75,tickled,incongruent,✅,0.16078554377421073
46,76,sandcastle,congruent,✅,0.9901544147740872
46,76,snowman,congruent,✅,0.9473128987027807
46,76,sandcastle,incongruent,✅,0.03845811115615153
46,76,snowman,incongruent,✅,0.15562580538962104
46,77,music,congruent,✅,0.9936966594847804
46,77,pizza,congruent,✅,0.9961580389072956
46,77,music,incongruent,✅,0.015062358834871252
46,77,pizza,incongruent,✅,0.00951152098572681
46,78,playoffs,congruent,✅,0.5478223256725356
46,78,cartoon,congruent,✅,0.8883692097231352
46,78,playoffs,incongruent,✅,0.0031790153593399973
46,78,cartoon,incongruent,✅,0.03206753622296083
46,79,alcoholism,congruent,✅,0.7936440537248995
46,79,academics,congruent,✅,0.9861990842849897
46,79,alcoholism,incongruent,✅,0.21400052336456457
46,79,academics,incongruent,✅,0.022967269781102483
46,8,engagement,congruent,✅,0.8783882999925194
46,8,cancer,congruent,❌,0.38551976231695345
46,8,engagement,incongruent,✅,0.21067388507824014
46,8,cancer,incongruent,❌,0.5300192686868179
46,9,terminal,congruent,✅,0.9739937598424374
46,9,classroom,congruent,✅,0.9981022356533833
46,9,terminal,incongruent,✅,0.1800594594797712
46,9,classroom,incongruent,✅,0.15309424681012024
47,0,library,congruent,❌,0.2191731111413898
47,0,refrigerator,congruent,✅,0.6289295146340749
47,0,library,incongruent,✅,0.07870722034044939
47,0,refrigerator,incongruent,✅,0.01107488592788617
47,1,disappointment,congruent,✅,0.7824229710574905
47,1,delight,congruent,✅,0.9832438996443059
47,1,disappointment,incongruent,✅,0.08563266932472512
47,1,delight,incongruent,✅,0.25089429281815523
47,10,cash,congruent,✅,0.995983133553271
47,10,groceries,congruent,✅,0.9372905784410825
47,10,cash,incongruent,✅,0.3759296928743446
47,10,groceries,incongruent,✅,0.009839044316079846
47,11,lonely,congruent,✅,0.8713090212343749
47,11,confident,congruent,✅,0.86009893101354
47,11,lonely,incongruent,✅,0.10666506046439429
47,11,confident,incongruent,✅,0.31467410708652055
47,12,joy,congruent,✅,0.9615419188574557
47,12,outrage,congruent,✅,0.5147504537696569
47,12,joy,incongruent,✅,0.1740987201787222
47,12,outrage,incongruent,❌,0.7038901636245583
47,13,traffic,congruent,✅,0.9864102722006947
47,13,snowstorm,congruent,✅,0.9929368898281158
47,13,traffic,incongruent,❌,0.8948978172931308
47,13,snowstorm,incongruent,❌,0.8783133690660887
47,14,laughter,congruent,✅,0.9971312251100841
47,14,frustration,congruent,✅,0.9503721411994887
47,14,laughter,incongruent,✅,0.08834429326797479
47,14,frustration,incongruent,✅,0.07328141199351967
47,15,calculator,congruent,✅,0.6936431714612885
47,15,instrument,congruent,✅,0.7983255550428375
47,15,calculator,incongruent,✅,0.09270420064317805
47,15,instrument,incongruent,✅,0.3642660247542923
47,16,orchestra,congruent,✅,0.9465969222613689
47,16,racers,congruent,✅,0.9915122409384137
47,16,orchestra,incongruent,✅,0.3820069070297018
47,16,racers,incongruent,✅,0.1012723269424217
47,17,retirement,congruent,✅,0.9362398067419555
47,17,playdate,congruent,✅,0.9391080083939118
47,17,retirement,incongruent,✅,0.05483932722315772
47,17,playdate,incongruent,✅,0.3378342524488117
47,18,relieved,congruent,✅,0.9586530638193679
47,18,depressed,congruent,✅,0.8019386981648589
47,18,relieved,incongruent,✅,0.040350489450301834
47,18,depressed,incongruent,✅,0.4885937658750467
47,19,friends,congruent,❌,0.14373528490210605
47,19,weight,congruent,✅,0.891452984362201
47,19,friends,incongruent,❌,0.7516203721004487
47,19,weight,incongruent,✅,0.02263191130993554
47,2,overcoat,congruent,✅,0.8755905676486136
47,2,sandals,congruent,✅,0.8146545826168811
47,2,overcoat,incongruent,✅,0.13324935017613299
47,2,sandals,incongruent,✅,0.07765908116769907
47,20,lipstick,congruent,✅,0.8668487780794374
47,20,song,congruent,✅,0.9035365163833118
47,20,lipstick,incongruent,❌,0.6630966605780017
47,20,song,incongruent,✅,0.4941398098848066
47,21,fought,congruent,✅,0.9950889010277592
47,21,sang,congruent,❌,0.19863642662643405
47,21,fought,incongruent,✅,0.007746356868543908
47,21,sang,incongruent,✅,0.412048182837966
47,22,skeptical,congruent,✅,0.6595994113576067
47,22,reassured,congruent,✅,0.9366994357968321
47,22,skeptical,incongruent,❌,0.6005325003446973
47,22,reassured,incongruent,✅,0.11407757247771196
47,23,graduation,congruent,✅,0.996292194037322
47,23,operation,congruent,✅,0.5115977825401318
47,23,graduation,incongruent,✅,0.05435196139717595
47,23,operation,incongruent,✅,0.21887150132414449
47,24,bride,congruent,✅,0.9484025866626278
47,24,aftermath,congruent,✅,0.9484998704501545
47,24,bride,incongruent,✅,0.17600650421807312
47,24,aftermath,incongruent,✅,0.005832952259697327
47,25,teacher,congruent,✅,0.9795771773303631
47,25,daughter,congruent,✅,0.985471664880823
47,25,teacher,incongruent,✅,0.012213322672004208
47,25,daughter,incongruent,✅,0.0695979099819926
47,26,roommate,congruent,✅,0.9109520613257397
47,26,grandma,congruent,✅,0.990643167615567
47,26,roommate,incongruent,✅,0.34901553516513456
47,26,grandma,incongruent,✅,0.04450193519765506
47,27,brother,congruent,✅,0.8423542033328205
47,27,mother,congruent,✅,0.9823309302445892
47,27,brother,incongruent,✅,0.03647402984003425
47,27,mother,incongruent,✅,0.007399555055643632
47,28,preschool,congruent,❌,0.242455798910431
47,28,prison,congruent,✅,0.6678079869276724
47,28,preschool,incongruent,✅,0.01214710944556129
47,28,prison,incongruent,✅,0.02927873298605858
47,29,hopeful,congruent,❌,0.26404257325950564
47,29,hopeless,congruent,✅,0.8312516614907705
47,29,hopeful,incongruent,✅,0.12438524331768744
47,29,hopeless,incongruent,✅,0.030861964678627694
47,3,marathon,congruent,✅,0.9385725198131185
47,3,exam,congruent,✅,0.7823484280093571
47,3,marathon,incongruent,✅,0.12661877968535365
47,3,exam,incongruent,✅,0.15820221924072225
47,30,appalled,congruent,✅,0.863808394504847
47,30,overjoyed,congruent,✅,0.9578705683993461
47,30,appalled,incongruent,✅,0.2875367595159055
47,30,overjoyed,incongruent,❌,0.5304639202514747
47,31,reprimand,congruent,✅,0.6528303367297716
47,31,encouragement,congruent,✅,0.8792933121298955
47,31,reprimand,incongruent,✅,0.0260208178378248
47,31,encouragement,incongruent,✅,0.03633763798451635
47,32,angrily,congruent,✅,0.9526946562800129
47,32,cordially,congruent,✅,0.9519300653051116
47,32,angrily,incongruent,✅,0.20315725343811503
47,32,cordially,incongruent,✅,0.04133996546282355
47,33,accusatory,congruent,✅,0.9852658962477022
47,33,flirtatious,congruent,✅,0.9621797077248886
47,33,accusatory,incongruent,✅,0.18959063064833842
47,33,flirtatious,incongruent,❌,0.6185569832055936
47,34,disapprovingly,congruent,✅,0.9285437948398135
47,34,lovingly,congruent,✅,0.6982362754831645
47,34,disapprovingly,incongruent,✅,0.24240591469564848
47,34,lovingly,incongruent,✅,0.27908140654735264
47,35,playful,congruent,✅,0.8701215720291796
47,35,distant,congruent,✅,0.8993697639679646
47,35,playful,incongruent,❌,0.6088048825509138
47,35,distant,incongruent,✅,0.0999864486613447
47,36,headphones,congruent,✅,0.6150041364680918
47,36,mangoes,congruent,✅,0.5764075113626109
47,36,headphones,incongruent,✅,0.4035492448704189
47,36,mangoes,incongruent,✅,0.10703996394102289
47,37,playroom,congruent,✅,0.9819884762124231
47,37,park,congruent,✅,0.9896115575796736
47,37,playroom,incongruent,✅,0.11364731708422
47,37,park,incongruent,✅,0.03236129852618409
47,38,bedroom,congruent,✅,0.9553746402990707
47,38,backyard,congruent,✅,0.949727449692368
47,38,bedroom,incongruent,✅,0.019931089161859587
47,38,backyard,incongruent,✅,0.009950555647589782
47,39,solemnly,congruent,✅,0.962857655977377
47,39,excitedly,congruent,✅,0.7605583839142657
47,39,solemnly,incongruent,✅,0.2806190468151081
47,39,excitedly,incongruent,❌,0.6105283402180477
47,4,menu,congruent,✅,0.7187994859417062
47,4,prescription,congruent,✅,0.9899856316845311
47,4,menu,incongruent,✅,0.4657928659863723
47,4,prescription,incongruent,✅,0.09097631144425881
47,40,car,congruent,✅,0.7683520190581579
47,40,sock,congruent,❌,0.22580223486343642
47,40,car,incongruent,✅,0.008351437057128853
47,40,sock,incongruent,✅,0.03040577560212685
47,41,overdressed,congruent,✅,0.6987325405951981
47,41,naked,congruent,❌,0.1722614754469719
47,41,overdressed,incongruent,✅,0.007878564408402329
47,41,naked,incongruent,✅,0.16584024293467908
47,42,shy,congruent,✅,0.5268345805929873
47,42,lively,congruent,✅,0.9149668463142204
47,42,shy,incongruent,✅,0.15490885720628061
47,42,lively,incongruent,✅,0.025837062390135685
47,43,offended,congruent,✅,0.6908742227409062
47,43,flattered,congruent,✅,0.7774479412741027
47,43,offended,incongruent,✅,0.03526608609546924
47,43,flattered,incongruent,✅,0.2451576235856535
47,44,grandkid,congruent,✅,0.9775534711742597
47,44,cellmate,congruent,✅,0.7346206283590105
47,44,grandkid,incongruent,✅,0.08876901345315338
47,44,cellmate,incongruent,✅,0.04929528234314665
47,45,promoted,congruent,✅,0.983858451661231
47,45,fired,congruent,✅,0.9858939328429622
47,45,promoted,incongruent,✅,0.08306443735430238
47,45,fired,incongruent,✅,0.006412228047872889
47,46,shooting,congruent,❌,0.28999635525573514
47,46,celebration,congruent,❌,0.02622514453386655
47,46,shooting,incongruent,✅,0.008345702445998717
47,46,celebration,incongruent,✅,0.021482236222168015
47,47,crayon,congruent,❌,0.14440810944689353
47,47,beer,congruent,✅,0.8522079758137094
47,47,crayon,incongruent,✅,0.008224924225246915
47,47,beer,incongruent,✅,0.008457894481064907
47,48,waiter,congruent,✅,0.9779968020626434
47,48,taxi,congruent,✅,0.986512977209916
47,48,waiter,incongruent,✅,0.22141367312129442
47,48,taxi,incongruent,✅,0.04334278715043145
47,49,parents,congruent,✅,0.9832814787010055
47,49,keys,congruent,✅,0.9935887333778148
47,49,parents,incongruent,✅,0.4204662607908348
47,49,keys,incongruent,✅,0.013086785105715234
47,5,distress,congruent,✅,0.9623505012085186
47,5,tranquility,congruent,✅,0.9327075200821112
47,5,distress,incongruent,✅,0.1527241802643492
47,5,tranquility,incongruent,✅,0.3588815145811171
47,50,sofa,congruent,✅,0.997967020963199
47,50,sky,congruent,✅,0.9980200193841313
47,50,sofa,incongruent,❌,0.7575835908158854
47,50,sky,incongruent,❌,0.7533633931657906
47,51,obesity,congruent,❌,0.13498674544494674
47,51,homework,congruent,✅,0.8918662820836826
47,51,obesity,incongruent,✅,0.03609570687838475
47,51,homework,incongruent,✅,0.03350229395542586
47,52,quiz,congruent,✅,0.8953284550154095
47,52,commute,congruent,✅,0.9783554988461948
47,52,quiz,incongruent,✅,0.0211441209643701
47,52,commute,incongruent,✅,0.017412354836164157
47,53,migraine,congruent,✅,0.9468180192169254
47,53,excitement,congruent,✅,0.9711355526562961
47,53,migraine,incongruent,✅,0.005608853677873568
47,53,excitement,incongruent,✅,0.25079200600712814
47,54,niece,congruent,✅,0.9470304290990071
47,54,husband,congruent,✅,0.9815576867412817
47,54,niece,incongruent,❌,0.5621016631223879
47,54,husband,incongruent,✅,0.34745065836464245
47,55,film,congruent,✅,0.9810891871908621
47,55,sunrise,congruent,✅,0.6303306707946524
47,55,film,incongruent,✅,0.10727090266347888
47,55,sunrise,incongruent,✅,0.22547434439226516
47,56,lecture,congruent,✅,0.8278929949000191
47,56,banquet,congruent,❌,0.29996931200859667
47,56,lecture,incongruent,✅,0.02826757750724188
47,56,banquet,incongruent,✅,0.02406561512217834
47,57,drink,congruent,✅,0.9218966522051267
47,57,textbook,congruent,✅,0.9179525402546972
47,57,drink,incongruent,✅,0.09792861684743984
47,57,textbook,incongruent,✅,0.062111025234747534
47,58,pool,congruent,✅,0.8924288050683616
47,58,snow,congruent,✅,0.7800460594916525
47,58,pool,incongruent,✅,0.020848526269223636
47,58,snow,incongruent,✅,0.2456423846819914
47,59,passport,congruent,✅,0.8576062223323014
47,59,plushy,congruent,✅,0.7136327297639062
47,59,passport,incongruent,✅,0.02264742965068274
47,59,plushy,incongruent,✅,0.4664523822450882
47,6,patients,congruent,✅,0.9794746045819592
47,6,students,congruent,✅,0.9535704818071681
47,6,patients,incongruent,✅,0.08301071931180634
47,6,students,incongruent,✅,0.35045211163860107
47,60,sister,congruent,✅,0.9470906587199222
47,60,father,congruent,✅,0.9712835144008022
47,60,sister,incongruent,✅,0.1269742337757554
47,60,father,incongruent,✅,0.03342095929787545
47,61,game,congruent,✅,0.986651450659807
47,61,sunset,congruent,✅,0.9378266109763896
47,61,game,incongruent,✅,0.33376019073660573
47,61,sunset,incongruent,✅,0.4082755406317805
47,62,holidays,congruent,✅,0.9458813685845535
47,62,funeral,congruent,✅,0.8751138371839777
47,62,holidays,incongruent,✅,0.3834342825808797
47,62,funeral,incongruent,✅,0.44261496408827333
47,63,grades,congruent,✅,0.6540712069691135
47,63,affair,congruent,✅,0.9979008783186656
47,63,grades,incongruent,✅,0.48564864683203934
47,63,affair,incongruent,✅,0.003956240662196324
47,64,arrest,congruent,❌,0.36915679761686143
47,64,stroke,congruent,✅,0.7209030594891057
47,64,arrest,incongruent,✅,0.2338446134546793
47,64,stroke,incongruent,✅,0.4558937449438826
47,65,pacifier,congruent,✅,0.9507795914524518
47,65,coffee,congruent,✅,0.9436209273396571
47,65,pacifier,incongruent,✅,0.22055998926962594
47,65,coffee,incongruent,✅,0.09015530200259621
47,66,sweets,congruent,✅,0.9950025726956807
47,66,sentencing,congruent,✅,0.97768645118816
47,66,sweets,incongruent,✅,0.11873578371665844
47,66,sentencing,incongruent,✅,0.031056167652045417
47,67,nap,congruent,✅,0.9970051741623763
47,67,selfie,congruent,✅,0.9978036016901018
47,67,nap,incongruent,✅,0.26942058639125194
47,67,selfie,incongruent,✅,0.007964630518043888
47,68,diaper,congruent,✅,0.9859372939849278
47,68,tire,congruent,✅,0.9915515631472169
47,68,diaper,incongruent,✅,0.017708009209911103
47,68,tire,incongruent,✅,0.054814143974459564
47,69,chemotherapy,congruent,✅,0.995285218665801
47,69,golf,congruent,✅,0.5058344491867813
47,69,chemotherapy,incongruent,✅,0.0003702217786728577
47,69,golf,incongruent,❌,0.7341652307321721
47,7,consensus,congruent,✅,0.8013588580791275
47,7,deadlock,congruent,✅,0.9482728946742177
47,7,consensus,incongruent,✅,0.3675135778100183
47,7,deadlock,incongruent,✅,0.139977743322802
47,70,thunder,congruent,❌,0.017882611857104505
47,70,lullaby,congruent,❌,0.38935905154241196
47,70,thunder,incongruent,✅,0.005441041771819183
47,70,lullaby,incongruent,✅,0.012603634925403125
47,71,pajamas,congruent,✅,0.9688070062098028
47,71,uniform,congruent,✅,0.8747371507383616
47,71,pajamas,incongruent,✅,0.04502566515106936
47,71,uniform,incongruent,✅,0.06801466910838548
47,72,gown,congruent,✅,0.9931010934036556
47,72,sweats,congruent,❌,0.388749796165147
47,72,gown,incongruent,✅,0.011863062687860106
47,72,sweats,incongruent,✅,0.06065063571372526
47,73,deadline,congruent,✅,0.6023175675960619
47,73,bed,congruent,✅,0.9633435915356755
47,73,deadline,incongruent,✅,0.04724894166259574
47,73,bed,incongruent,✅,0.11729109733956358
47,74,kindergarten,congruent,✅,0.9117400262480798
47,74,jail,congruent,✅,0.9544237472575607
47,74,kindergarten,incongruent,✅,0.017859917838790814
47,74,jail,incongruent,✅,0.3511974626705803
47,75,interrogated,congruent,✅,0.9839467694115777
47,75,tickled,congruent,✅,0.9904889592250887
47,75,interrogated,incongruent,✅,0.04736998615976307
47,75,tickled,incongruent,✅,0.19976749055779616
47,76,sandcastle,congruent,✅,0.9911432023773377
47,76,snowman,congruent,✅,0.9607133754532319
47,76,sandcastle,incongruent,✅,0.03939008144061346
47,76,snowman,incongruent,✅,0.13594740045591527
47,77,music,congruent,✅,0.9932980617239549
47,77,pizza,congruent,✅,0.9934953900786535
47,77,music,incongruent,✅,0.00904968500302737
47,77,pizza,incongruent,✅,0.01487216890431712
47,78,playoffs,congruent,❌,0.43909980345290156
47,78,cartoon,congruent,✅,0.8732492880068685
47,78,playoffs,incongruent,✅,0.0033699511148371224
47,78,cartoon,incongruent,✅,0.019934896497199848
47,79,alcoholism,congruent,✅,0.7653247482361033
47,79,academics,congruent,✅,0.989784113311799
47,79,alcoholism,incongruent,✅,0.39066506511942634
47,79,academics,incongruent,✅,0.013628832311650785
47,8,engagement,congruent,✅,0.8936874292616619
47,8,cancer,congruent,❌,0.3117230470424413
47,8,engagement,incongruent,✅,0.10145832187777247
47,8,cancer,incongruent,✅,0.4933259174457859
47,9,terminal,congruent,✅,0.9872020765131865
47,9,classroom,congruent,✅,0.9988256843772743
47,9,terminal,incongruent,✅,0.2782012891447268
47,9,classroom,incongruent,✅,0.38715485363157015
