layer_index,item_index,image_word,condition,pass,probability_congruent
0,0,library,congruent,✅,0.609235308634241
0,0,refrigerator,congruent,✅,0.582410659817124
0,0,library,incongruent,❌,0.5107690920001353
0,0,refrigerator,incongruent,✅,0.4946047372537518
0,1,disappointment,congruent,❌,0.40278587640018915
0,1,delight,congruent,❌,0.15594503929421102
0,1,disappointment,incongruent,✅,0.1338872084082418
0,1,delight,incongruent,✅,0.43469578969976036
0,10,cash,congruent,❌,0.4836946147443211
0,10,groceries,congruent,❌,0.2659498029100378
0,10,cash,incongruent,✅,0.2893006521821869
0,10,groceries,incongruent,✅,0.46873195901052106
0,11,lonely,congruent,✅,0.7252681451082285
0,11,confident,congruent,✅,0.7103299337971759
0,11,lonely,incongruent,❌,0.6469156836862826
0,11,confident,incongruent,❌,0.6917786401973126
0,12,joy,congruent,❌,0.49673310859415815
0,12,outrage,congruent,✅,0.5821830784055131
0,12,joy,incongruent,❌,0.5527217342666072
0,12,outrage,incongruent,✅,0.43482464811581234
0,13,traffic,congruent,✅,0.7569287262865276
0,13,snowstorm,congruent,✅,0.7474415674149323
0,13,traffic,incongruent,❌,0.7561692561973413
0,13,snowstorm,incongruent,❌,0.7772135294616134
0,14,laughter,congruent,❌,0.3685245603962645
0,14,frustration,congruent,❌,0.4624912769521944
0,14,laughter,incongruent,✅,0.46674652561351515
0,14,frustration,incongruent,✅,0.356632416176665
0,15,calculator,congruent,❌,0.34857132332785923
0,15,instrument,congruent,✅,0.531063672239428
0,15,calculator,incongruent,✅,0.39370452177927273
0,15,instrument,incongruent,✅,0.12827056854553934
0,16,orchestra,congruent,✅,0.523786810740162
0,16,racers,congruent,❌,0.4288363921562302
0,16,orchestra,incongruent,✅,0.38150719350425044
0,16,racers,incongruent,❌,0.5128490274039688
0,17,retirement,congruent,✅,0.6458251687789278
0,17,playdate,congruent,❌,0.41885331624043187
0,17,retirement,incongruent,✅,0.36948981742694326
0,17,playdate,incongruent,❌,0.6372438604137594
0,18,relieved,congruent,✅,0.659671170628235
0,18,depressed,congruent,✅,0.5472240377597383
0,18,relieved,incongruent,❌,0.5207256065427738
0,18,depressed,incongruent,❌,0.6618235449451613
0,19,friends,congruent,✅,0.7206533570232824
0,19,weight,congruent,✅,0.6650377919257631
0,19,friends,incongruent,❌,0.591183959935039
0,19,weight,incongruent,❌,0.7258858515725952
0,2,overcoat,congruent,❌,0.45854037202898895
0,2,sandals,congruent,❌,0.4086971544214707
0,2,overcoat,incongruent,✅,0.3639887645849886
0,2,sandals,incongruent,✅,0.4596611068727585
0,20,lipstick,congruent,✅,0.5826452451650261
0,20,song,congruent,✅,0.5887649561363241
0,20,lipstick,incongruent,❌,0.5042460471417376
0,20,song,incongruent,✅,0.4487058850008671
0,21,fought,congruent,❌,0.34502050660304656
0,21,sang,congruent,❌,0.4724832426280419
0,21,fought,incongruent,✅,0.4621130383846797
0,21,sang,incongruent,✅,0.3636880043097336
0,22,skeptical,congruent,✅,0.5592259277103713
0,22,reassured,congruent,✅,0.5097011879462607
0,22,skeptical,incongruent,✅,0.4869454496196793
0,22,reassured,incongruent,❌,0.5866670900101765
0,23,graduation,congruent,✅,0.7108989315211958
0,23,operation,congruent,❌,0.332157116865315
0,23,graduation,incongruent,✅,0.2239652213679775
0,23,operation,incongruent,❌,0.6410359031903222
0,24,bride,congruent,❌,0.3962997847937679
0,24,aftermath,congruent,✅,0.6680537666918138
0,24,bride,incongruent,❌,0.5628146964793844
0,24,aftermath,incongruent,✅,0.3292210014365896
0,25,teacher,congruent,❌,0.4974393803562552
0,25,daughter,congruent,✅,0.6300277008407867
0,25,teacher,incongruent,❌,0.6261442412555116
0,25,daughter,incongruent,❌,0.6002783537461679
0,26,roommate,congruent,✅,0.6235197795885982
0,26,grandma,congruent,✅,0.5693120671554726
0,26,roommate,incongruent,❌,0.5203567048158999
0,26,grandma,incongruent,❌,0.6562197330925341
0,27,brother,congruent,✅,0.6410932822130452
0,27,mother,congruent,❌,0.3762880805537636
0,27,brother,incongruent,✅,0.37532113582407767
0,27,mother,incongruent,❌,0.6403250371824302
0,28,preschool,congruent,✅,0.6365880452172845
0,28,prison,congruent,✅,0.6043216312603515
0,28,preschool,incongruent,❌,0.5925407191101851
0,28,prison,incongruent,✅,0.4673266914663226
0,29,hopeful,congruent,✅,0.5383830036322326
0,29,hopeless,congruent,❌,0.4092037876048083
0,29,hopeful,incongruent,✅,0.3582389721202898
0,29,hopeless,incongruent,❌,0.5556518030770221
0,3,marathon,congruent,✅,0.5467001103906686
0,3,exam,congruent,✅,0.8836417140550789
0,3,marathon,incongruent,❌,0.7594043577590436
0,3,exam,incongruent,✅,0.3919791529050371
0,30,appalled,congruent,❌,0.3370183862012742
0,30,overjoyed,congruent,✅,0.5734779478430908
0,30,appalled,incongruent,❌,0.5632684307933521
0,30,overjoyed,incongruent,✅,0.3276509421680224
0,31,reprimand,congruent,❌,0.4336052080164045
0,31,encouragement,congruent,✅,0.566833675579218
0,31,reprimand,incongruent,❌,0.5872307378333576
0,31,encouragement,incongruent,✅,0.4196241712461486
0,32,angrily,congruent,❌,0.3157335761508454
0,32,cordially,congruent,❌,0.3252744171099697
0,32,angrily,incongruent,✅,0.32225655340648207
0,32,cordially,incongruent,✅,0.2789401805444212
0,33,accusatory,congruent,✅,0.67787036018563
0,33,flirtatious,congruent,✅,0.6369307067494475
0,33,accusatory,incongruent,❌,0.625448314739088
0,33,flirtatious,incongruent,❌,0.6761738360983921
0,34,disapprovingly,congruent,❌,0.3428681154384346
0,34,lovingly,congruent,✅,0.8394219449798231
0,34,disapprovingly,incongruent,❌,0.8256932413281162
0,34,lovingly,incongruent,✅,0.3419057688424146
0,35,playful,congruent,✅,0.576407072472338
0,35,distant,congruent,❌,0.13126026368623747
0,35,playful,incongruent,✅,0.12766439866147836
0,35,distant,incongruent,❌,0.5131893486071453
0,36,headphones,congruent,❌,0.36670942057083916
0,36,mangoes,congruent,✅,0.6884896753458711
0,36,headphones,incongruent,❌,0.6633433766933843
0,36,mangoes,incongruent,✅,0.22143313467093334
0,37,playroom,congruent,✅,0.5751928058829401
0,37,park,congruent,✅,0.6138706973685256
0,37,playroom,incongruent,❌,0.5952053261788917
0,37,park,incongruent,❌,0.561607421610808
0,38,bedroom,congruent,✅,0.6013527490283086
0,38,backyard,congruent,✅,0.6855226144757008
0,38,bedroom,incongruent,❌,0.6196769194846116
0,38,backyard,incongruent,❌,0.5991469473746904
0,39,solemnly,congruent,✅,0.7460558063607429
0,39,excitedly,congruent,✅,0.6488298781062132
0,39,solemnly,incongruent,❌,0.5573478841669797
0,39,excitedly,incongruent,❌,0.8045336646642182
0,4,menu,congruent,✅,0.6617631650102825
0,4,prescription,congruent,✅,0.58091083440806
0,4,menu,incongruent,✅,0.43042534295289003
0,4,prescription,incongruent,✅,0.471000758289077
0,40,car,congruent,✅,0.5731523284774328
0,40,sock,congruent,❌,0.3209260608128232
0,40,car,incongruent,✅,0.21072122978589702
0,40,sock,incongruent,❌,0.5320242618822251
0,41,overdressed,congruent,✅,0.5642735890077065
0,41,naked,congruent,✅,0.5306773460357566
0,41,overdressed,incongruent,❌,0.5095619577417565
0,41,naked,incongruent,❌,0.5734154068452549
0,42,shy,congruent,❌,0.4656362268404165
0,42,lively,congruent,❌,0.35095416343108915
0,42,shy,incongruent,✅,0.28675935792820445
0,42,lively,incongruent,❌,0.5429526085829071
0,43,offended,congruent,❌,0.4155234254337528
0,43,flattered,congruent,❌,0.25587283229908664
0,43,offended,incongruent,✅,0.3360643316225819
0,43,flattered,incongruent,✅,0.39689602379278993
0,44,grandkid,congruent,❌,0.4453133302677333
0,44,cellmate,congruent,✅,0.5569463948744471
0,44,grandkid,incongruent,❌,0.5539302500493491
0,44,cellmate,incongruent,✅,0.4576463245261075
0,45,promoted,congruent,❌,0.4124078515216962
0,45,fired,congruent,✅,0.5230978751058541
0,45,promoted,incongruent,❌,0.5323246699698013
0,45,fired,incongruent,✅,0.37755037517225354
0,46,shooting,congruent,❌,0.47424396770941424
0,46,celebration,congruent,❌,0.3869997670792022
0,46,shooting,incongruent,✅,0.36005691938637374
0,46,celebration,incongruent,✅,0.48479047245763596
0,47,crayon,congruent,✅,0.5204641657693084
0,47,beer,congruent,❌,0.47138636388867444
0,47,crayon,incongruent,✅,0.4057897792679116
0,47,beer,incongruent,✅,0.35320306590995354
0,48,waiter,congruent,✅,0.621189175857695
0,48,taxi,congruent,✅,0.5530383995711226
0,48,waiter,incongruent,❌,0.5165424659517254
0,48,taxi,incongruent,❌,0.5453118742089947
0,49,parents,congruent,✅,0.6208149526378844
0,49,keys,congruent,❌,0.4446223244771883
0,49,parents,incongruent,✅,0.35512485691362605
0,49,keys,incongruent,❌,0.6114160368201629
0,5,distress,congruent,❌,0.4937746707072677
0,5,tranquility,congruent,❌,0.4351985655931265
0,5,distress,incongruent,✅,0.41285233972863233
0,5,tranquility,incongruent,✅,0.46108642554244234
0,50,sofa,congruent,❌,0.3539053507146126
0,50,sky,congruent,✅,0.8074169970764388
0,50,sofa,incongruent,❌,0.7465265345992164
0,50,sky,incongruent,✅,0.2510641623033836
0,51,obesity,congruent,❌,0.32619537146116345
0,51,homework,congruent,❌,0.48886371323623856
0,51,obesity,incongruent,✅,0.34306744067353456
0,51,homework,incongruent,✅,0.3195774304119035
0,52,quiz,congruent,❌,0.25528202173406833
0,52,commute,congruent,❌,0.36587894884349603
0,52,quiz,incongruent,✅,0.37356782218020024
0,52,commute,incongruent,✅,0.17838993693922744
0,53,migraine,congruent,✅,0.5335337398008376
0,53,excitement,congruent,✅,0.534741616443781
0,53,migraine,incongruent,✅,0.49885512801382237
0,53,excitement,incongruent,✅,0.43526850406526113
0,54,niece,congruent,✅,0.5114736531377738
0,54,husband,congruent,❌,0.4385292202344545
0,54,niece,incongruent,✅,0.493288196456489
0,54,husband,incongruent,✅,0.4618607051402851
0,55,film,congruent,✅,0.5466819196456525
0,55,sunrise,congruent,❌,0.3570543925338355
0,55,film,incongruent,✅,0.2922961749901862
0,55,sunrise,incongruent,❌,0.5720698747207245
0,56,lecture,congruent,❌,0.4469483403256908
0,56,banquet,congruent,✅,0.6545446850153771
0,56,lecture,incongruent,✅,0.4839021715288422
0,56,banquet,incongruent,✅,0.3289489884854424
0,57,drink,congruent,✅,0.7007816334779626
0,57,textbook,congruent,✅,0.545443279831412
0,57,drink,incongruent,✅,0.35911474862188975
0,57,textbook,incongruent,❌,0.6079901943008469
0,58,pool,congruent,❌,0.4252803273556996
0,58,snow,congruent,❌,0.3402725598197545
0,58,pool,incongruent,✅,0.33955102467588166
0,58,snow,incongruent,✅,0.4120950262341793
0,59,passport,congruent,❌,0.32074405348300283
0,59,plushy,congruent,❌,0.3478006137168773
0,59,passport,incongruent,✅,0.33703821183393956
0,59,plushy,incongruent,✅,0.28565572291855645
0,6,patients,congruent,✅,0.57802823649269
0,6,students,congruent,❌,0.4841413894984531
0,6,patients,incongruent,✅,0.4175731190432865
0,6,students,incongruent,✅,0.4986902134203243
0,60,sister,congruent,✅,0.5759558758658551
0,60,father,congruent,❌,0.4060114101768365
0,60,sister,incongruent,✅,0.4275353478121038
0,60,father,incongruent,❌,0.5474024463702586
0,61,game,congruent,❌,0.28645920223719856
0,61,sunset,congruent,❌,0.32448992180398195
0,61,game,incongruent,✅,0.24863827030158164
0,61,sunset,incongruent,✅,0.24892219610543406
0,62,holidays,congruent,✅,0.6927929780369609
0,62,funeral,congruent,✅,0.733564158147249
0,62,holidays,incongruent,❌,0.6590166932472975
0,62,funeral,incongruent,❌,0.6514312413362464
0,63,grades,congruent,❌,0.48851535139379526
0,63,affair,congruent,❌,0.31205208931682377
0,63,grades,incongruent,✅,0.2765870741996776
0,63,affair,incongruent,✅,0.4021912115928718
0,64,arrest,congruent,✅,0.7032129645968327
0,64,stroke,congruent,✅,0.6536665233431528
0,64,arrest,incongruent,❌,0.6331026148516065
0,64,stroke,incongruent,❌,0.7024556545940353
0,65,pacifier,congruent,✅,0.7203049071844871
0,65,coffee,congruent,✅,0.598889546299055
0,65,pacifier,incongruent,❌,0.5159344966116356
0,65,coffee,incongruent,❌,0.7155403166310621
0,66,sweets,congruent,❌,0.47048121851371283
0,66,sentencing,congruent,✅,0.5367047654082121
0,66,sweets,incongruent,❌,0.5132772114488422
0,66,sentencing,incongruent,✅,0.4712382400806774
0,67,nap,congruent,✅,0.6928681411006979
0,67,selfie,congruent,✅,0.5088178050352969
0,67,nap,incongruent,❌,0.5379286490119578
0,67,selfie,incongruent,❌,0.6204159350826571
0,68,diaper,congruent,✅,0.6534160217013499
0,68,tire,congruent,✅,0.7373500490707459
0,68,diaper,incongruent,✅,0.47541061045749616
0,68,tire,incongruent,❌,0.5746979924965656
0,69,chemotherapy,congruent,❌,0.3793413189410464
0,69,golf,congruent,❌,0.42035782421689394
0,69,chemotherapy,incongruent,✅,0.3732723592517604
0,69,golf,incongruent,✅,0.3881023130280556
0,7,consensus,congruent,❌,0.23144865245796886
0,7,deadlock,congruent,❌,0.4351740684077575
0,7,consensus,incongruent,✅,0.41241665319652054
0,7,deadlock,incongruent,✅,0.22445499007750744
0,70,thunder,congruent,❌,0.41055276510031646
0,70,lullaby,congruent,✅,0.5834565365579323
0,70,thunder,incongruent,❌,0.5550429529661769
0,70,lullaby,incongruent,✅,0.3466299046609454
0,71,pajamas,congruent,❌,0.40139161535499873
0,71,uniform,congruent,✅,0.6493429630914794
0,71,pajamas,incongruent,❌,0.5369013443422702
0,71,uniform,incongruent,✅,0.3369353014728347
0,72,gown,congruent,✅,0.7089161521766061
0,72,sweats,congruent,✅,0.696433265534882
0,72,gown,incongruent,❌,0.6888650938350924
0,72,sweats,incongruent,❌,0.6425472025194835
0,73,deadline,congruent,✅,0.520739490472374
0,73,bed,congruent,❌,0.464704164247898
0,73,deadline,incongruent,✅,0.4199374619270166
0,73,bed,incongruent,✅,0.48347100120424824
0,74,kindergarten,congruent,❌,0.4202218694780151
0,74,jail,congruent,❌,0.2880792385716482
0,74,kindergarten,incongruent,✅,0.2741268499787442
0,74,jail,incongruent,✅,0.32044544463868185
0,75,interrogated,congruent,✅,0.5445020549312742
0,75,tickled,congruent,❌,0.4730737571842511
0,75,interrogated,incongruent,✅,0.4667089523152041
0,75,tickled,incongruent,❌,0.5111862446202261
0,76,sandcastle,congruent,✅,0.5153724819547176
0,76,snowman,congruent,❌,0.33061505520660445
0,76,sandcastle,incongruent,✅,0.3519320807395945
0,76,snowman,incongruent,❌,0.527902710761603
0,77,music,congruent,✅,0.782538976598666
0,77,pizza,congruent,✅,0.9302111295807356
0,77,music,incongruent,❌,0.8962829382484782
0,77,pizza,incongruent,❌,0.564066074551358
0,78,playoffs,congruent,✅,0.686195363038614
0,78,cartoon,congruent,✅,0.5592035707143161
0,78,playoffs,incongruent,✅,0.492094901031728
0,78,cartoon,incongruent,✅,0.49840956009399323
0,79,alcoholism,congruent,✅,0.6517094003959615
0,79,academics,congruent,✅,0.6097849740524816
0,79,alcoholism,incongruent,✅,0.44752425035145327
0,79,academics,incongruent,❌,0.6052594496189018
0,8,engagement,congruent,✅,0.7339916140775621
0,8,cancer,congruent,✅,0.524651835838634
0,8,engagement,incongruent,✅,0.49513951856026484
0,8,cancer,incongruent,❌,0.7201549331057245
0,9,terminal,congruent,❌,0.164518002157278
0,9,classroom,congruent,❌,0.23237395246524564
0,9,terminal,incongruent,✅,0.22028277501829593
0,9,classroom,incongruent,✅,0.1577837288839305
1,0,library,congruent,✅,0.698264644645738
1,0,refrigerator,congruent,❌,0.20901033614412118
1,0,library,incongruent,✅,0.08415317527556022
1,0,refrigerator,incongruent,✅,0.027619488933352258
1,1,disappointment,congruent,✅,0.707070070771224
1,1,delight,congruent,❌,0.11076059657207189
1,1,disappointment,incongruent,✅,0.047750945046216346
1,1,delight,incongruent,❌,0.5063450119867513
1,10,cash,congruent,❌,0.4254775353250777
1,10,groceries,congruent,✅,0.7664973003583669
1,10,cash,incongruent,✅,0.45370927632968394
1,10,groceries,incongruent,❌,0.5400308290641875
1,11,lonely,congruent,✅,0.7717259950961748
1,11,confident,congruent,✅,0.7876578413041545
1,11,lonely,incongruent,❌,0.9066845675485518
1,11,confident,incongruent,✅,0.30580144010211274
1,12,joy,congruent,✅,0.9348890884230865
1,12,outrage,congruent,✅,0.571022853312562
1,12,joy,incongruent,✅,0.352325753412616
1,12,outrage,incongruent,❌,0.7143412386485005
1,13,traffic,congruent,✅,0.9322379750800776
1,13,snowstorm,congruent,✅,0.9126069477316076
1,13,traffic,incongruent,❌,0.6059968353943587
1,13,snowstorm,incongruent,❌,0.8949337066168735
1,14,laughter,congruent,✅,0.7964554459627876
1,14,frustration,congruent,✅,0.6848698146308173
1,14,laughter,incongruent,❌,0.8132829970126402
1,14,frustration,incongruent,❌,0.7464406300096412
1,15,calculator,congruent,✅,0.9620261801920719
1,15,instrument,congruent,✅,0.8189549300901208
1,15,calculator,incongruent,❌,0.5114517164217837
1,15,instrument,incongruent,❌,0.7037248478901428
1,16,orchestra,congruent,✅,0.9090543568798174
1,16,racers,congruent,✅,0.6623645165984509
1,16,orchestra,incongruent,✅,0.2810886165936133
1,16,racers,incongruent,❌,0.9018553037698291
1,17,retirement,congruent,✅,0.7147689765842277
1,17,playdate,congruent,❌,0.46197157321232807
1,17,retirement,incongruent,✅,0.4456840522073528
1,17,playdate,incongruent,✅,0.3890516633024516
1,18,relieved,congruent,❌,0.2061606840769607
1,18,depressed,congruent,❌,0.24283395821267154
1,18,relieved,incongruent,✅,0.2307765923227458
1,18,depressed,incongruent,✅,0.17854771437326403
1,19,friends,congruent,✅,0.6370340490074738
1,19,weight,congruent,❌,0.4569476803040121
1,19,friends,incongruent,✅,0.10258313024101134
1,19,weight,incongruent,❌,0.5465190334691387
1,2,overcoat,congruent,❌,0.19304432540556016
1,2,sandals,congruent,✅,0.649511812241349
1,2,overcoat,incongruent,✅,0.23910291206747303
1,2,sandals,incongruent,✅,0.17780904917525733
1,20,lipstick,congruent,✅,0.753302406618218
1,20,song,congruent,✅,0.6798886192664445
1,20,lipstick,incongruent,✅,0.0854962567144196
1,20,song,incongruent,✅,0.13826205670792402
1,21,fought,congruent,❌,0.0671448282110669
1,21,sang,congruent,✅,0.898013616308177
1,21,fought,incongruent,✅,0.38955881690461747
1,21,sang,incongruent,✅,0.08935611105466505
1,22,skeptical,congruent,❌,0.4400175648945671
1,22,reassured,congruent,❌,0.23457274017075125
1,22,skeptical,incongruent,✅,0.1439803588933084
1,22,reassured,incongruent,❌,0.5454903873978942
1,23,graduation,congruent,✅,0.8215652508664876
1,23,operation,congruent,✅,0.7706756303986434
1,23,graduation,incongruent,✅,0.2906100039922977
1,23,operation,incongruent,✅,0.3397767747337123
1,24,bride,congruent,✅,0.9037936361632942
1,24,aftermath,congruent,✅,0.8506965830690049
1,24,bride,incongruent,❌,0.6368007249249446
1,24,aftermath,incongruent,✅,0.023685519246460725
1,25,teacher,congruent,✅,0.5073435977155588
1,25,daughter,congruent,✅,0.8926212497283903
1,25,teacher,incongruent,✅,0.13755366663014637
1,25,daughter,incongruent,✅,0.33779077770702803
1,26,roommate,congruent,✅,0.5075637103253238
1,26,grandma,congruent,✅,0.538247384617666
1,26,roommate,incongruent,✅,0.18518512236776175
1,26,grandma,incongruent,✅,0.2704262535845196
1,27,brother,congruent,❌,0.3504766359456765
1,27,mother,congruent,❌,0.18117649792737153
1,27,brother,incongruent,✅,0.19942977034789164
1,27,mother,incongruent,✅,0.17969666403085396
1,28,preschool,congruent,✅,0.9023370687725268
1,28,prison,congruent,❌,0.28139497232264654
1,28,preschool,incongruent,✅,0.34575286328046595
1,28,prison,incongruent,✅,0.12895948490349388
1,29,hopeful,congruent,❌,0.171736503014202
1,29,hopeless,congruent,❌,0.4315198624312127
1,29,hopeful,incongruent,✅,0.14351095591636964
1,29,hopeless,incongruent,✅,0.22033245605498913
1,3,marathon,congruent,✅,0.9069125067420672
1,3,exam,congruent,✅,0.8948999360649591
1,3,marathon,incongruent,✅,0.23042793255396124
1,3,exam,incongruent,✅,0.32760426851090685
1,30,appalled,congruent,❌,0.4260564694933109
1,30,overjoyed,congruent,❌,0.31513111141767713
1,30,appalled,incongruent,✅,0.30348834996125235
1,30,overjoyed,incongruent,✅,0.18254200600494522
1,31,reprimand,congruent,✅,0.6557233327962704
1,31,encouragement,congruent,❌,0.37331699521042067
1,31,reprimand,incongruent,✅,0.4513145287842189
1,31,encouragement,incongruent,❌,0.5999987293727919
1,32,angrily,congruent,✅,0.9048158551939658
1,32,cordially,congruent,✅,0.725607487924204
1,32,angrily,incongruent,❌,0.6631335745314216
1,32,cordially,incongruent,❌,0.6397688216211774
1,33,accusatory,congruent,✅,0.50008477981427
1,33,flirtatious,congruent,✅,0.5511659952520134
1,33,accusatory,incongruent,✅,0.4651775769978894
1,33,flirtatious,incongruent,✅,0.4831397388284168
1,34,disapprovingly,congruent,❌,0.42345271502200443
1,34,lovingly,congruent,✅,0.578010248472232
1,34,disapprovingly,incongruent,✅,0.3279189416977799
1,34,lovingly,incongruent,✅,0.3993966346517509
1,35,playful,congruent,❌,0.32149554616305553
1,35,distant,congruent,❌,0.11892769931616036
1,35,playful,incongruent,✅,0.21717581848523718
1,35,distant,incongruent,✅,0.20051246091829739
1,36,headphones,congruent,✅,0.7403993842457388
1,36,mangoes,congruent,✅,0.6753735383658266
1,36,headphones,incongruent,❌,0.5476512115425106
1,36,mangoes,incongruent,✅,0.09081129785710475
1,37,playroom,congruent,✅,0.8352920330473539
1,37,park,congruent,❌,0.4284543299255566
1,37,playroom,incongruent,✅,0.3852830796210573
1,37,park,incongruent,❌,0.7532548033515234
1,38,bedroom,congruent,✅,0.7197867236318258
1,38,backyard,congruent,✅,0.8154796045059592
1,38,bedroom,incongruent,❌,0.6004762252775716
1,38,backyard,incongruent,✅,0.36103652735362474
1,39,solemnly,congruent,❌,0.1353022250585593
1,39,excitedly,congruent,❌,0.470639265709132
1,39,solemnly,incongruent,✅,0.2847623464706379
1,39,excitedly,incongruent,✅,0.14909960335738529
1,4,menu,congruent,✅,0.9210983924536194
1,4,prescription,congruent,✅,0.911053530989283
1,4,menu,incongruent,❌,0.5943198053018249
1,4,prescription,incongruent,✅,0.10117032737381354
1,40,car,congruent,❌,0.23905686052944497
1,40,sock,congruent,❌,0.08671091076892795
1,40,car,incongruent,✅,0.35610590807430487
1,40,sock,incongruent,✅,0.05510718794245285
1,41,overdressed,congruent,✅,0.5450405166963694
1,41,naked,congruent,✅,0.6508081202521635
1,41,overdressed,incongruent,❌,0.6227349756024951
1,41,naked,incongruent,❌,0.5420740158596117
1,42,shy,congruent,✅,0.7134746224912751
1,42,lively,congruent,✅,0.8884164788450418
1,42,shy,incongruent,❌,0.8079870452703726
1,42,lively,incongruent,❌,0.8033177251876834
1,43,offended,congruent,✅,0.7478332667431161
1,43,flattered,congruent,✅,0.5329688215798571
1,43,offended,incongruent,❌,0.5633619581984786
1,43,flattered,incongruent,✅,0.42152701851765195
1,44,grandkid,congruent,✅,0.7414948246566514
1,44,cellmate,congruent,✅,0.7623373740555619
1,44,grandkid,incongruent,❌,0.7362486465184513
1,44,cellmate,incongruent,❌,0.5831767796790811
1,45,promoted,congruent,✅,0.7228666083043299
1,45,fired,congruent,❌,0.1822209432985947
1,45,promoted,incongruent,✅,0.3575163793195853
1,45,fired,incongruent,❌,0.5882552456536488
1,46,shooting,congruent,❌,0.2818549672933095
1,46,celebration,congruent,❌,0.1400646495253211
1,46,shooting,incongruent,✅,0.04525754500393095
1,46,celebration,incongruent,✅,0.44971054911166874
1,47,crayon,congruent,❌,0.2785029261087403
1,47,beer,congruent,✅,0.9853120620686618
1,47,crayon,incongruent,✅,0.15939768190216053
1,47,beer,incongruent,✅,0.061435458081025775
1,48,waiter,congruent,✅,0.8085399837005326
1,48,taxi,congruent,✅,0.8960556313847012
1,48,waiter,incongruent,✅,0.19717813152280544
1,48,taxi,incongruent,✅,0.4351305928256819
1,49,parents,congruent,❌,0.299860287727672
1,49,keys,congruent,✅,0.6392715012600731
1,49,parents,incongruent,✅,0.21873893193754917
1,49,keys,incongruent,✅,0.3608091536201461
1,5,distress,congruent,✅,0.8381815176822227
1,5,tranquility,congruent,❌,0.2062830725436495
1,5,distress,incongruent,✅,0.1556161624110604
1,5,tranquility,incongruent,❌,0.8294864316150344
1,50,sofa,congruent,✅,0.8902463678629601
1,50,sky,congruent,✅,0.8183894415643
1,50,sofa,incongruent,✅,0.36804134462868754
1,50,sky,incongruent,✅,0.06752281708386684
1,51,obesity,congruent,✅,0.5152642760487689
1,51,homework,congruent,✅,0.9359827495972803
1,51,obesity,incongruent,❌,0.661556414610052
1,51,homework,incongruent,✅,0.27041103911927816
1,52,quiz,congruent,✅,0.5466808118879689
1,52,commute,congruent,✅,0.825057155367893
1,52,quiz,incongruent,✅,0.1464219831600448
1,52,commute,incongruent,✅,0.225683623002725
1,53,migraine,congruent,✅,0.9747433994663235
1,53,excitement,congruent,❌,0.1528195538969304
1,53,migraine,incongruent,✅,0.16296147222607119
1,53,excitement,incongruent,✅,0.4235409465536445
1,54,niece,congruent,✅,0.9711808988227718
1,54,husband,congruent,❌,0.09001696802982714
1,54,niece,incongruent,❌,0.9341284940335014
1,54,husband,incongruent,✅,0.06226721471609059
1,55,film,congruent,❌,0.33817471902360735
1,55,sunrise,congruent,✅,0.9542441375622189
1,55,film,incongruent,✅,0.44810012548963307
1,55,sunrise,incongruent,✅,0.21604542989126965
1,56,lecture,congruent,✅,0.590353881748429
1,56,banquet,congruent,✅,0.8962446621501102
1,56,lecture,incongruent,✅,0.3743547901357076
1,56,banquet,incongruent,✅,0.013150241887830672
1,57,drink,congruent,✅,0.9963167410966791
1,57,textbook,congruent,✅,0.990111745670058
1,57,drink,incongruent,✅,0.155526753278067
1,57,textbook,incongruent,✅,0.08217714473497037
1,58,pool,congruent,❌,0.42942124849689944
1,58,snow,congruent,✅,0.660415201417507
1,58,pool,incongruent,❌,0.5685257579926104
1,58,snow,incongruent,✅,0.2861140814466487
1,59,passport,congruent,❌,0.13879622805952688
1,59,plushy,congruent,✅,0.5169310939038116
1,59,passport,incongruent,✅,0.4075331207463206
1,59,plushy,incongruent,✅,0.10178964484488404
1,6,patients,congruent,✅,0.9459839814454206
1,6,students,congruent,✅,0.9256495296531894
1,6,patients,incongruent,✅,0.3752706670783117
1,6,students,incongruent,✅,0.09531760975091065
1,60,sister,congruent,✅,0.7759655284176552
1,60,father,congruent,✅,0.6055311860158221
1,60,sister,incongruent,❌,0.5578560853412129
1,60,father,incongruent,❌,0.8627525038851367
1,61,game,congruent,❌,0.32182811995673305
1,61,sunset,congruent,✅,0.8963000157594283
1,61,game,incongruent,✅,0.34468519359295025
1,61,sunset,incongruent,✅,0.04190983023266559
1,62,holidays,congruent,✅,0.8609111462807891
1,62,funeral,congruent,✅,0.848021950312648
1,62,holidays,incongruent,✅,0.44422648627421857
1,62,funeral,incongruent,✅,0.30904446242885136
1,63,grades,congruent,❌,0.10089470069100717
1,63,affair,congruent,✅,0.6857598275541239
1,63,grades,incongruent,❌,0.5799511725613219
1,63,affair,incongruent,✅,0.12559682357362117
1,64,arrest,congruent,✅,0.7460383344686496
1,64,stroke,congruent,❌,0.3951959038797342
1,64,arrest,incongruent,✅,0.3844023975970165
1,64,stroke,incongruent,✅,0.2806499063064247
1,65,pacifier,congruent,❌,0.465532465933491
1,65,coffee,congruent,✅,0.6304364448215497
1,65,pacifier,incongruent,✅,0.05611641369475793
1,65,coffee,incongruent,✅,0.3794762922982778
1,66,sweets,congruent,✅,0.9603047436559782
1,66,sentencing,congruent,❌,0.2564954425652458
1,66,sweets,incongruent,✅,0.12059272323430112
1,66,sentencing,incongruent,✅,0.11741112979968643
1,67,nap,congruent,✅,0.7232138492740587
1,67,selfie,congruent,❌,0.25799665109421344
1,67,nap,incongruent,✅,0.1684116654895598
1,67,selfie,incongruent,✅,0.18471656200111655
1,68,diaper,congruent,✅,0.6829058532564948
1,68,tire,congruent,✅,0.9092175899055089
1,68,diaper,incongruent,✅,0.13222587669313185
1,68,tire,incongruent,✅,0.04107098442977473
1,69,chemotherapy,congruent,❌,0.49129475757510005
1,69,golf,congruent,✅,0.8722708178242295
1,69,chemotherapy,incongruent,❌,0.6144582072306092
1,69,golf,incongruent,✅,0.3134516576469435
1,7,consensus,congruent,❌,0.23957267206108038
1,7,deadlock,congruent,❌,0.39445908811074676
1,7,consensus,incongruent,✅,0.3464890685956566
1,7,deadlock,incongruent,✅,0.18447859874429937
1,70,thunder,congruent,❌,0.21604683861136367
1,70,lullaby,congruent,❌,0.3692168199730382
1,70,thunder,incongruent,✅,0.1776034311608137
1,70,lullaby,incongruent,✅,0.07569452200366866
1,71,pajamas,congruent,✅,0.7378252679945798
1,71,uniform,congruent,✅,0.9779719246269908
1,71,pajamas,incongruent,✅,0.425048397566171
1,71,uniform,incongruent,✅,0.15911904674766436
1,72,gown,congruent,✅,0.9947157217263949
1,72,sweats,congruent,✅,0.8130801518990596
1,72,gown,incongruent,❌,0.8362260248656606
1,72,sweats,incongruent,❌,0.8970120351755894
1,73,deadline,congruent,❌,0.3715544390328783
1,73,bed,congruent,✅,0.9785319817648015
1,73,deadline,incongruent,✅,0.1829151339338017
1,73,bed,incongruent,✅,0.16157609054496716
1,74,kindergarten,congruent,✅,0.864865155164811
1,74,jail,congruent,✅,0.7597982231916226
1,74,kindergarten,incongruent,❌,0.7655616316987851
1,74,jail,incongruent,✅,0.3643046593694073
1,75,interrogated,congruent,✅,0.7276835777563921
1,75,tickled,congruent,✅,0.592149659837479
1,75,interrogated,incongruent,❌,0.5541087583698155
1,75,tickled,incongruent,❌,0.5945034058395778
1,76,sandcastle,congruent,✅,0.5247781497567271
1,76,snowman,congruent,✅,0.5515056642944683
1,76,sandcastle,incongruent,✅,0.325927398501603
1,76,snowman,incongruent,✅,0.47358204007342625
1,77,music,congruent,✅,0.9783995603516658
1,77,pizza,congruent,✅,0.9890369768989058
1,77,music,incongruent,✅,0.48337836769282877
1,77,pizza,incongruent,✅,0.22778590875402593
1,78,playoffs,congruent,✅,0.9510364698943383
1,78,cartoon,congruent,✅,0.6541168216729034
1,78,playoffs,incongruent,❌,0.6720928700458636
1,78,cartoon,incongruent,✅,0.11120213540261502
1,79,alcoholism,congruent,❌,0.10845831332859347
1,79,academics,congruent,✅,0.8495020746605335
1,79,alcoholism,incongruent,✅,0.07259351262600724
1,79,academics,incongruent,✅,0.3286273334288327
1,8,engagement,congruent,✅,0.7437783389073199
1,8,cancer,congruent,❌,0.22232772613185725
1,8,engagement,incongruent,✅,0.10590624963974504
1,8,cancer,incongruent,❌,0.5122818705686715
1,9,terminal,congruent,✅,0.6080177356778977
1,9,classroom,congruent,❌,0.43167540349417194
1,9,terminal,incongruent,✅,0.18376550046354143
1,9,classroom,incongruent,✅,0.1707898730341974
2,0,library,congruent,✅,0.7157297214048564
2,0,refrigerator,congruent,❌,0.1439562832494629
2,0,library,incongruent,✅,0.06737950415412682
2,0,refrigerator,incongruent,✅,0.018530963867468223
2,1,disappointment,congruent,✅,0.8196225261035249
2,1,delight,congruent,❌,0.30352966933772396
2,1,disappointment,incongruent,✅,0.14299570606084938
2,1,delight,incongruent,❌,0.6574809625498019
2,10,cash,congruent,❌,0.28564617018441946
2,10,groceries,congruent,✅,0.6332082838256656
2,10,cash,incongruent,✅,0.40788948935857156
2,10,groceries,incongruent,✅,0.3351369334593979
2,11,lonely,congruent,✅,0.73500674410023
2,11,confident,congruent,✅,0.7764792844067185
2,11,lonely,incongruent,❌,0.892205198143876
2,11,confident,incongruent,✅,0.24061578241944653
2,12,joy,congruent,✅,0.9096247114804341
2,12,outrage,congruent,✅,0.6485040119367234
2,12,joy,incongruent,✅,0.30500739355031686
2,12,outrage,incongruent,❌,0.6818474672947457
2,13,traffic,congruent,✅,0.8905850753664472
2,13,snowstorm,congruent,✅,0.8946150722633716
2,13,traffic,incongruent,❌,0.5135237530357707
2,13,snowstorm,incongruent,❌,0.8071497052393004
2,14,laughter,congruent,✅,0.8369416315286229
2,14,frustration,congruent,✅,0.6692149201736759
2,14,laughter,incongruent,❌,0.7715002041257591
2,14,frustration,incongruent,❌,0.8166871493722355
2,15,calculator,congruent,✅,0.9569837792034382
2,15,instrument,congruent,✅,0.6795023565601854
2,15,calculator,incongruent,✅,0.48900154454833783
2,15,instrument,incongruent,✅,0.42406410232530856
2,16,orchestra,congruent,✅,0.8989131629818904
2,16,racers,congruent,✅,0.6272200197836738
2,16,orchestra,incongruent,✅,0.3324136324858895
2,16,racers,incongruent,❌,0.8922004081611831
2,17,retirement,congruent,✅,0.6290537845780595
2,17,playdate,congruent,❌,0.422012335095247
2,17,retirement,incongruent,✅,0.4026053375866486
2,17,playdate,incongruent,✅,0.31296808632386347
2,18,relieved,congruent,❌,0.09066672693226763
2,18,depressed,congruent,❌,0.05477282305944445
2,18,relieved,incongruent,✅,0.04591424835786597
2,18,depressed,incongruent,✅,0.06984004948575165
2,19,friends,congruent,❌,0.4514607919529573
2,19,weight,congruent,❌,0.33855964440125014
2,19,friends,incongruent,✅,0.0463436618868584
2,19,weight,incongruent,✅,0.33941248362724963
2,2,overcoat,congruent,❌,0.34015095348431557
2,2,sandals,congruent,✅,0.785127720285505
2,2,overcoat,incongruent,✅,0.49420929441659556
2,2,sandals,incongruent,✅,0.2830294964872492
2,20,lipstick,congruent,✅,0.7062981594480665
2,20,song,congruent,✅,0.5500907023230762
2,20,lipstick,incongruent,✅,0.03905325715001876
2,20,song,incongruent,✅,0.17242036521070106
2,21,fought,congruent,❌,0.1050355166987183
2,21,sang,congruent,✅,0.9075957735153211
2,21,fought,incongruent,✅,0.44611435742175237
2,21,sang,incongruent,✅,0.18026276475807743
2,22,skeptical,congruent,❌,0.4417512880771573
2,22,reassured,congruent,❌,0.3040400195922198
2,22,skeptical,incongruent,✅,0.2342161672652727
2,22,reassured,incongruent,✅,0.4842806329270031
2,23,graduation,congruent,✅,0.8108369471967017
2,23,operation,congruent,✅,0.6495380341742826
2,23,graduation,incongruent,✅,0.2593494628794551
2,23,operation,incongruent,✅,0.2993990706280501
2,24,bride,congruent,✅,0.8604718435130954
2,24,aftermath,congruent,✅,0.882940657636757
2,24,bride,incongruent,❌,0.5843442767658927
2,24,aftermath,incongruent,✅,0.009076710369832
2,25,teacher,congruent,✅,0.7244953382721827
2,25,daughter,congruent,✅,0.8527518709454541
2,25,teacher,incongruent,✅,0.12657000417618808
2,25,daughter,incongruent,❌,0.591239143117107
2,26,roommate,congruent,✅,0.6059395570754729
2,26,grandma,congruent,✅,0.6167570960080242
2,26,roommate,incongruent,✅,0.22664106716875865
2,26,grandma,incongruent,✅,0.3876702146946052
2,27,brother,congruent,❌,0.3318808285234552
2,27,mother,congruent,❌,0.2840655912196984
2,27,brother,incongruent,✅,0.27483022778424293
2,27,mother,incongruent,✅,0.20915068082511953
2,28,preschool,congruent,✅,0.8720783869241725
2,28,prison,congruent,✅,0.5234560827200611
2,28,preschool,incongruent,❌,0.5829380671597562
2,28,prison,incongruent,✅,0.10357676580360108
2,29,hopeful,congruent,❌,0.07149301770457
2,29,hopeless,congruent,❌,0.4800748122974703
2,29,hopeful,incongruent,✅,0.17112750554118042
2,29,hopeless,incongruent,✅,0.08837146268851666
2,3,marathon,congruent,✅,0.8825932399315372
2,3,exam,congruent,✅,0.9245773325745479
2,3,marathon,incongruent,✅,0.33621133081363336
2,3,exam,incongruent,✅,0.2785507581603225
2,30,appalled,congruent,❌,0.23227192614190276
2,30,overjoyed,congruent,❌,0.25330017678926237
2,30,appalled,incongruent,✅,0.25705547244382115
2,30,overjoyed,incongruent,✅,0.076847733933697
2,31,reprimand,congruent,✅,0.8108628335483903
2,31,encouragement,congruent,❌,0.45509085591204257
2,31,reprimand,incongruent,✅,0.48160972399907986
2,31,encouragement,incongruent,❌,0.7505641968593713
2,32,angrily,congruent,✅,0.9428368167034965
2,32,cordially,congruent,✅,0.808605129618966
2,32,angrily,incongruent,❌,0.812492782205755
2,32,cordially,incongruent,❌,0.6982033025504562
2,33,accusatory,congruent,✅,0.8207795442337323
2,33,flirtatious,congruent,✅,0.7416399179052776
2,33,accusatory,incongruent,❌,0.6486588473946097
2,33,flirtatious,incongruent,❌,0.8005414133532609
2,34,disapprovingly,congruent,✅,0.5187236562604098
2,34,lovingly,congruent,✅,0.5722864205144671
2,34,disapprovingly,incongruent,✅,0.33298133130002455
2,34,lovingly,incongruent,✅,0.43593581001795917
2,35,playful,congruent,❌,0.32109318263459086
2,35,distant,congruent,❌,0.046391383451971524
2,35,playful,incongruent,✅,0.11078020757712019
2,35,distant,incongruent,✅,0.19214696773143677
2,36,headphones,congruent,✅,0.6278087017824012
2,36,mangoes,congruent,✅,0.5539044171579671
2,36,headphones,incongruent,✅,0.3568812350642029
2,36,mangoes,incongruent,✅,0.07953885069484037
2,37,playroom,congruent,✅,0.8302372493221839
2,37,park,congruent,❌,0.24745578759379738
2,37,playroom,incongruent,✅,0.2282497439038238
2,37,park,incongruent,❌,0.7709704855063761
2,38,bedroom,congruent,✅,0.807188339093789
2,38,backyard,congruent,✅,0.8712432138522826
2,38,bedroom,incongruent,❌,0.7028679064491626
2,38,backyard,incongruent,❌,0.5741379072516827
2,39,solemnly,congruent,❌,0.2283323507962726
2,39,excitedly,congruent,✅,0.5151125216635274
2,39,solemnly,incongruent,✅,0.3648606217481244
2,39,excitedly,incongruent,✅,0.2286481826210745
2,4,menu,congruent,✅,0.9501686270671327
2,4,prescription,congruent,✅,0.9312804423312219
2,4,menu,incongruent,❌,0.621417128491956
2,4,prescription,incongruent,✅,0.16104379111821684
2,40,car,congruent,❌,0.45156193467278544
2,40,sock,congruent,❌,0.1310115496458422
2,40,car,incongruent,✅,0.33525136103831504
2,40,sock,incongruent,✅,0.09652513154232219
2,41,overdressed,congruent,✅,0.5363410313351215
2,41,naked,congruent,✅,0.5734514551850278
2,41,overdressed,incongruent,❌,0.5572747054762635
2,41,naked,incongruent,❌,0.5232663948451362
2,42,shy,congruent,✅,0.7678940007694958
2,42,lively,congruent,✅,0.9152397971077296
2,42,shy,incongruent,❌,0.8348647508100011
2,42,lively,incongruent,❌,0.883843517037424
2,43,offended,congruent,✅,0.6441537659897643
2,43,flattered,congruent,✅,0.7013959347191395
2,43,offended,incongruent,❌,0.7041597946908319
2,43,flattered,incongruent,✅,0.31415723411272095
2,44,grandkid,congruent,❌,0.30471563657788286
2,44,cellmate,congruent,✅,0.7279838903603554
2,44,grandkid,incongruent,❌,0.7006962937561831
2,44,cellmate,incongruent,✅,0.21390090426919875
2,45,promoted,congruent,✅,0.8325250327029233
2,45,fired,congruent,❌,0.46594431352249455
2,45,promoted,incongruent,❌,0.6613865376788189
2,45,fired,incongruent,❌,0.7108709539055634
2,46,shooting,congruent,✅,0.5110796413598278
2,46,celebration,congruent,❌,0.19285533387265677
2,46,shooting,incongruent,✅,0.08438747068234267
2,46,celebration,incongruent,❌,0.6300075293724963
2,47,crayon,congruent,❌,0.3091674813884564
2,47,beer,congruent,✅,0.9874839213122321
2,47,crayon,incongruent,✅,0.1682732495429141
2,47,beer,incongruent,✅,0.06744850385701613
2,48,waiter,congruent,✅,0.736204212065582
2,48,taxi,congruent,✅,0.9045081512079487
2,48,waiter,incongruent,✅,0.19408284673988807
2,48,taxi,incongruent,✅,0.3587526745749256
2,49,parents,congruent,❌,0.3157809086070064
2,49,keys,congruent,✅,0.5982245131953717
2,49,parents,incongruent,✅,0.20642027830024717
2,49,keys,incongruent,✅,0.302694134763105
2,5,distress,congruent,✅,0.9316967390591198
2,5,tranquility,congruent,❌,0.20654569041302762
2,5,distress,incongruent,✅,0.17331866867890208
2,5,tranquility,incongruent,❌,0.9242879419513246
2,50,sofa,congruent,✅,0.686649062119205
2,50,sky,congruent,✅,0.7019048210627433
2,50,sofa,incongruent,✅,0.13823836992898195
2,50,sky,incongruent,✅,0.037751978466312626
2,51,obesity,congruent,❌,0.4985509642722842
2,51,homework,congruent,✅,0.9043273933886957
2,51,obesity,incongruent,❌,0.5426670140730838
2,51,homework,incongruent,✅,0.2917275270626622
2,52,quiz,congruent,❌,0.30234634123022724
2,52,commute,congruent,✅,0.6816879308741666
2,52,quiz,incongruent,✅,0.09091459810912314
2,52,commute,incongruent,✅,0.0833006888314036
2,53,migraine,congruent,✅,0.9633817958894686
2,53,excitement,congruent,❌,0.23411704946584824
2,53,migraine,incongruent,✅,0.18632992951566288
2,53,excitement,incongruent,❌,0.5096996263647768
2,54,niece,congruent,✅,0.965843256502692
2,54,husband,congruent,❌,0.17493774052000105
2,54,niece,incongruent,❌,0.9420325636179264
2,54,husband,incongruent,✅,0.19086731575361576
2,55,film,congruent,❌,0.12452309386004516
2,55,sunrise,congruent,✅,0.9693313137860584
2,55,film,incongruent,✅,0.40453519587935244
2,55,sunrise,incongruent,✅,0.08002802626302537
2,56,lecture,congruent,❌,0.35900824542336757
2,56,banquet,congruent,✅,0.8489126159432455
2,56,lecture,incongruent,✅,0.20626969871039655
2,56,banquet,incongruent,✅,0.006719903394272648
2,57,drink,congruent,✅,0.9940126238242439
2,57,textbook,congruent,✅,0.9835332740871859
2,57,drink,incongruent,✅,0.08617547246097451
2,57,textbook,incongruent,✅,0.09684988402049696
2,58,pool,congruent,❌,0.41404868214051993
2,58,snow,congruent,❌,0.4812313202363583
2,58,pool,incongruent,✅,0.3531410801869007
2,58,snow,incongruent,✅,0.24246410348438138
2,59,passport,congruent,❌,0.0929440474916504
2,59,plushy,congruent,✅,0.74917404855098
2,59,passport,incongruent,❌,0.5252508959865809
2,59,plushy,incongruent,✅,0.06464293441204165
2,6,patients,congruent,✅,0.9534752837488919
2,6,students,congruent,✅,0.9112049461871258
2,6,patients,incongruent,✅,0.3094892441961121
2,6,students,incongruent,✅,0.09020847838897765
2,60,sister,congruent,✅,0.7677185119338552
2,60,father,congruent,✅,0.7696311029339284
2,60,sister,incongruent,❌,0.6701582209031729
2,60,father,incongruent,❌,0.8637961369985736
2,61,game,congruent,❌,0.38170905434398084
2,61,sunset,congruent,✅,0.8979533217156549
2,61,game,incongruent,✅,0.21396324465371422
2,61,sunset,incongruent,✅,0.04195097150973759
2,62,holidays,congruent,✅,0.9157359786010687
2,62,funeral,congruent,✅,0.9597194722543056
2,62,holidays,incongruent,❌,0.6795244771788288
2,62,funeral,incongruent,❌,0.6216528818535894
2,63,grades,congruent,❌,0.30166453917261815
2,63,affair,congruent,✅,0.7545439045519768
2,63,grades,incongruent,❌,0.670402564123747
2,63,affair,incongruent,✅,0.36719168521593
2,64,arrest,congruent,✅,0.6386580972122917
2,64,stroke,congruent,❌,0.4992081847190826
2,64,arrest,incongruent,✅,0.47480164498011734
2,64,stroke,incongruent,✅,0.1688320838713827
2,65,pacifier,congruent,✅,0.6365102254229708
2,65,coffee,congruent,✅,0.6998676677641285
2,65,pacifier,incongruent,✅,0.09250694631309807
2,65,coffee,incongruent,✅,0.39074184961327824
2,66,sweets,congruent,✅,0.9341781979706945
2,66,sentencing,congruent,❌,0.11379659196403799
2,66,sweets,incongruent,✅,0.02758774576196428
2,66,sentencing,incongruent,✅,0.11125936281573898
2,67,nap,congruent,✅,0.786004163067066
2,67,selfie,congruent,❌,0.3976768946192718
2,67,nap,incongruent,✅,0.28622194569883386
2,67,selfie,incongruent,✅,0.2198110314907217
2,68,diaper,congruent,✅,0.8201732938808565
2,68,tire,congruent,✅,0.9071427600030463
2,68,diaper,incongruent,✅,0.20443685479965137
2,68,tire,incongruent,✅,0.08995500342805446
2,69,chemotherapy,congruent,❌,0.40025715017490304
2,69,golf,congruent,✅,0.7680576364255014
2,69,chemotherapy,incongruent,✅,0.34926237732507737
2,69,golf,incongruent,✅,0.23803043123953171
2,7,consensus,congruent,✅,0.5176519694170201
2,7,deadlock,congruent,❌,0.3560492227559319
2,7,consensus,incongruent,✅,0.29466110480736124
2,7,deadlock,incongruent,✅,0.46304381141760936
2,70,thunder,congruent,❌,0.2703417387478776
2,70,lullaby,congruent,✅,0.6064483003999931
2,70,thunder,incongruent,✅,0.3155845539294301
2,70,lullaby,incongruent,✅,0.12106588145642962
2,71,pajamas,congruent,✅,0.7130430505932089
2,71,uniform,congruent,✅,0.9778518093463004
2,71,pajamas,incongruent,✅,0.24952525762026587
2,71,uniform,incongruent,✅,0.16548387282675647
2,72,gown,congruent,✅,0.9806384776646259
2,72,sweats,congruent,❌,0.4475072545969749
2,72,gown,incongruent,✅,0.4380876118445499
2,72,sweats,incongruent,❌,0.7627160006242351
2,73,deadline,congruent,❌,0.1281143161832645
2,73,bed,congruent,✅,0.9214991004292478
2,73,deadline,incongruent,✅,0.05886048774519096
2,73,bed,incongruent,✅,0.07243101848526555
2,74,kindergarten,congruent,✅,0.8387298398231922
2,74,jail,congruent,✅,0.8962667045723333
2,74,kindergarten,incongruent,❌,0.9102833294025807
2,74,jail,incongruent,✅,0.30663596884048744
2,75,interrogated,congruent,✅,0.6942467181454322
2,75,tickled,congruent,✅,0.5508132155765452
2,75,interrogated,incongruent,❌,0.5097834214529668
2,75,tickled,incongruent,❌,0.5314386409287237
2,76,sandcastle,congruent,❌,0.44220559791264735
2,76,snowman,congruent,❌,0.3482676854559335
2,76,sandcastle,incongruent,✅,0.2333242248954201
2,76,snowman,incongruent,✅,0.3289925679824291
2,77,music,congruent,✅,0.9884312986383678
2,77,pizza,congruent,✅,0.9953242362453194
2,77,music,incongruent,❌,0.6544834007557828
2,77,pizza,incongruent,✅,0.18167775766629174
2,78,playoffs,congruent,✅,0.9449098260329087
2,78,cartoon,congruent,✅,0.7278188722422207
2,78,playoffs,incongruent,❌,0.6867697991267969
2,78,cartoon,incongruent,✅,0.07576469124447692
2,79,alcoholism,congruent,❌,0.17236945258423925
2,79,academics,congruent,✅,0.7068963249728977
2,79,alcoholism,incongruent,✅,0.04775037942026379
2,79,academics,incongruent,✅,0.4109397600003478
2,8,engagement,congruent,✅,0.6879949465555144
2,8,cancer,congruent,❌,0.19299551899200718
2,8,engagement,incongruent,✅,0.12277802954987428
2,8,cancer,incongruent,✅,0.484928497355818
2,9,terminal,congruent,✅,0.7896332124976326
2,9,classroom,congruent,✅,0.530344226890492
2,9,terminal,incongruent,✅,0.3648339002288485
2,9,classroom,incongruent,✅,0.28471931304571757
3,0,library,congruent,✅,0.613345727153912
3,0,refrigerator,congruent,❌,0.13967086964758138
3,0,library,incongruent,✅,0.045275154306987045
3,0,refrigerator,incongruent,✅,0.016179568287952382
3,1,disappointment,congruent,✅,0.7300918546148715
3,1,delight,congruent,❌,0.266540441033862
3,1,disappointment,incongruent,✅,0.11438919312958472
3,1,delight,incongruent,❌,0.5697653437837126
3,10,cash,congruent,❌,0.21332114792471607
3,10,groceries,congruent,✅,0.7338929264340205
3,10,cash,incongruent,✅,0.4180335107071422
3,10,groceries,incongruent,✅,0.26931353671291397
3,11,lonely,congruent,✅,0.9045724158000799
3,11,confident,congruent,✅,0.7069974461836978
3,11,lonely,incongruent,❌,0.9016330753184536
3,11,confident,incongruent,✅,0.37556994876236316
3,12,joy,congruent,✅,0.9275411508371078
3,12,outrage,congruent,✅,0.6591223999786481
3,12,joy,incongruent,✅,0.29771365143879297
3,12,outrage,incongruent,❌,0.7211937972850854
3,13,traffic,congruent,✅,0.9325587684364401
3,13,snowstorm,congruent,✅,0.9651743975065903
3,13,traffic,incongruent,❌,0.7528841508424349
3,13,snowstorm,incongruent,❌,0.9061346815157305
3,14,laughter,congruent,✅,0.884474127355178
3,14,frustration,congruent,✅,0.7754816284044175
3,14,laughter,incongruent,❌,0.8414837654598674
3,14,frustration,incongruent,❌,0.8656412938389602
3,15,calculator,congruent,✅,0.9238949169168692
3,15,instrument,congruent,✅,0.6274685632021186
3,15,calculator,incongruent,❌,0.5747780911350533
3,15,instrument,incongruent,✅,0.22500780666149994
3,16,orchestra,congruent,✅,0.9284107911218578
3,16,racers,congruent,❌,0.4625838357096187
3,16,orchestra,incongruent,✅,0.2362894650625415
3,16,racers,incongruent,❌,0.9311645488625686
3,17,retirement,congruent,✅,0.5953569355144601
3,17,playdate,congruent,❌,0.2587614933890711
3,17,retirement,incongruent,✅,0.25939227113460067
3,17,playdate,incongruent,✅,0.19035362660827534
3,18,relieved,congruent,❌,0.23527951687943607
3,18,depressed,congruent,❌,0.17595936019094238
3,18,relieved,incongruent,✅,0.11053916539291428
3,18,depressed,incongruent,✅,0.2811675060996834
3,19,friends,congruent,✅,0.5838554928924164
3,19,weight,congruent,❌,0.49246978472711
3,19,friends,incongruent,✅,0.14568498684843603
3,19,weight,incongruent,✅,0.44161287861219806
3,2,overcoat,congruent,❌,0.320855693652768
3,2,sandals,congruent,✅,0.6709587144034851
3,2,overcoat,incongruent,✅,0.34758671204964026
3,2,sandals,incongruent,✅,0.2401881091519662
3,20,lipstick,congruent,✅,0.6955701965471882
3,20,song,congruent,❌,0.32108924379074094
3,20,lipstick,incongruent,✅,0.02159886974842527
3,20,song,incongruent,✅,0.1593630324749804
3,21,fought,congruent,❌,0.0626812656131356
3,21,sang,congruent,✅,0.8616078436218653
3,21,fought,incongruent,✅,0.41720718838975684
3,21,sang,incongruent,✅,0.11864381379504857
3,22,skeptical,congruent,❌,0.26479433423287346
3,22,reassured,congruent,❌,0.16971669719437762
3,22,skeptical,incongruent,✅,0.10880756887871179
3,22,reassured,incongruent,✅,0.40071649535953285
3,23,graduation,congruent,✅,0.7105329837436454
3,23,operation,congruent,❌,0.4345437919899141
3,23,graduation,incongruent,✅,0.11656583241969468
3,23,operation,incongruent,✅,0.21922915886797015
3,24,bride,congruent,✅,0.909773362805325
3,24,aftermath,congruent,✅,0.8859045148567654
3,24,bride,incongruent,❌,0.5909735630329134
3,24,aftermath,incongruent,✅,0.02554327261025753
3,25,teacher,congruent,✅,0.6543960504054925
3,25,daughter,congruent,✅,0.8936644917241017
3,25,teacher,incongruent,✅,0.23350642915199601
3,25,daughter,incongruent,❌,0.516053772531368
3,26,roommate,congruent,✅,0.7161605409640192
3,26,grandma,congruent,✅,0.7936032443236372
3,26,roommate,incongruent,✅,0.43343373047386985
3,26,grandma,incongruent,❌,0.5256503147793278
3,27,brother,congruent,✅,0.5115840081660958
3,27,mother,congruent,✅,0.5490497556725086
3,27,brother,incongruent,❌,0.5704014833741129
3,27,mother,incongruent,✅,0.37321988437657405
3,28,preschool,congruent,✅,0.7933714729251975
3,28,prison,congruent,✅,0.5132863518637816
3,28,preschool,incongruent,❌,0.5030012122004236
3,28,prison,incongruent,✅,0.059835758669731884
3,29,hopeful,congruent,❌,0.2694639844862211
3,29,hopeless,congruent,✅,0.7028982970240614
3,29,hopeful,incongruent,✅,0.3368444860915123
3,29,hopeless,incongruent,✅,0.3699919105933817
3,3,marathon,congruent,✅,0.9262476126958451
3,3,exam,congruent,✅,0.9463530634742362
3,3,marathon,incongruent,✅,0.474485441168624
3,3,exam,incongruent,✅,0.39052192131444685
3,30,appalled,congruent,❌,0.0911821063624916
3,30,overjoyed,congruent,❌,0.3775830880190947
3,30,appalled,incongruent,✅,0.32471579322851296
3,30,overjoyed,incongruent,✅,0.03770293281767593
3,31,reprimand,congruent,✅,0.8289136513123508
3,31,encouragement,congruent,✅,0.5793309349909714
3,31,reprimand,incongruent,❌,0.6839175295536052
3,31,encouragement,incongruent,❌,0.77948505216199
3,32,angrily,congruent,✅,0.9032169522269579
3,32,cordially,congruent,❌,0.43355465190908565
3,32,angrily,incongruent,✅,0.36333955257796313
3,32,cordially,incongruent,❌,0.6447693141778017
3,33,accusatory,congruent,✅,0.6442236730326663
3,33,flirtatious,congruent,✅,0.5353753646447446
3,33,accusatory,incongruent,✅,0.34147088438894163
3,33,flirtatious,incongruent,❌,0.6448332267103024
3,34,disapprovingly,congruent,✅,0.5682963354250797
3,34,lovingly,congruent,❌,0.4467294799210278
3,34,disapprovingly,incongruent,✅,0.26140056536786593
3,34,lovingly,incongruent,✅,0.4894879506897764
3,35,playful,congruent,❌,0.33460454859406014
3,35,distant,congruent,❌,0.06569007193950024
3,35,playful,incongruent,✅,0.1666601968206137
3,35,distant,incongruent,✅,0.1662208796151242
3,36,headphones,congruent,✅,0.6655628966674996
3,36,mangoes,congruent,✅,0.747733617311855
3,36,headphones,incongruent,✅,0.37362789955399195
3,36,mangoes,incongruent,✅,0.10756477468425107
3,37,playroom,congruent,✅,0.866076362522568
3,37,park,congruent,❌,0.35352322050976237
3,37,playroom,incongruent,✅,0.3343205343716976
3,37,park,incongruent,❌,0.7749776742295916
3,38,bedroom,congruent,✅,0.8158833201490673
3,38,backyard,congruent,✅,0.7647227628632457
3,38,bedroom,incongruent,❌,0.5624803083747825
3,38,backyard,incongruent,❌,0.5486809268864352
3,39,solemnly,congruent,❌,0.42873855659384474
3,39,excitedly,congruent,❌,0.3451546053935129
3,39,solemnly,incongruent,✅,0.24468460989674265
3,39,excitedly,incongruent,✅,0.3799221486975847
3,4,menu,congruent,✅,0.9454284054225622
3,4,prescription,congruent,✅,0.9198896295477403
3,4,menu,incongruent,✅,0.4266251913732254
3,4,prescription,incongruent,✅,0.15676097843295606
3,40,car,congruent,❌,0.35105606165543995
3,40,sock,congruent,❌,0.0772405581941935
3,40,car,incongruent,✅,0.12107418043575856
3,40,sock,incongruent,✅,0.14497956176880358
3,41,overdressed,congruent,❌,0.4752893252077937
3,41,naked,congruent,✅,0.5813218819434264
3,41,overdressed,incongruent,❌,0.5668986815967736
3,41,naked,incongruent,✅,0.4317113260436326
3,42,shy,congruent,✅,0.823900762000055
3,42,lively,congruent,✅,0.8835935318442834
3,42,shy,incongruent,❌,0.8238651555244333
3,42,lively,incongruent,❌,0.8760760618442318
3,43,offended,congruent,✅,0.6980679854547627
3,43,flattered,congruent,✅,0.7617362028126528
3,43,offended,incongruent,❌,0.7774996514069362
3,43,flattered,incongruent,✅,0.32428164468948245
3,44,grandkid,congruent,❌,0.4768405315915484
3,44,cellmate,congruent,✅,0.610096690375345
3,44,grandkid,incongruent,❌,0.6157689999412719
3,44,cellmate,incongruent,✅,0.29519804887582574
3,45,promoted,congruent,✅,0.8328748661074908
3,45,fired,congruent,❌,0.23134153116148293
3,45,promoted,incongruent,✅,0.39146297635720056
3,45,fired,incongruent,❌,0.7436584702620762
3,46,shooting,congruent,❌,0.4779323124046986
3,46,celebration,congruent,❌,0.2941663185779734
3,46,shooting,incongruent,✅,0.15212813218574606
3,46,celebration,incongruent,❌,0.5645274035005302
3,47,crayon,congruent,❌,0.23512696888680767
3,47,beer,congruent,✅,0.987978038866378
3,47,crayon,incongruent,✅,0.3272783214868104
3,47,beer,incongruent,✅,0.056744093629598875
3,48,waiter,congruent,✅,0.6657438119035239
3,48,taxi,congruent,✅,0.8314924076883283
3,48,waiter,incongruent,✅,0.19890476948681207
3,48,taxi,incongruent,✅,0.28218499467602937
3,49,parents,congruent,❌,0.21502077140353337
3,49,keys,congruent,✅,0.6723644584896283
3,49,parents,incongruent,✅,0.3210855966443311
3,49,keys,incongruent,✅,0.22115380105832044
3,5,distress,congruent,✅,0.7779111041550234
3,5,tranquility,congruent,❌,0.1590986250632977
3,5,distress,incongruent,✅,0.15493553193395562
3,5,tranquility,incongruent,❌,0.7387019350282048
3,50,sofa,congruent,✅,0.7359523134441933
3,50,sky,congruent,✅,0.8680235787110188
3,50,sofa,incongruent,✅,0.3777200809249868
3,50,sky,incongruent,✅,0.02849416531036536
3,51,obesity,congruent,✅,0.6403433954956974
3,51,homework,congruent,✅,0.8954688430772255
3,51,obesity,incongruent,❌,0.5010248391811725
3,51,homework,incongruent,✅,0.43674344595402037
3,52,quiz,congruent,❌,0.41030761471286337
3,52,commute,congruent,❌,0.4978606631744194
3,52,quiz,incongruent,✅,0.05258520558428795
3,52,commute,incongruent,✅,0.08623132847683126
3,53,migraine,congruent,✅,0.9788062250511042
3,53,excitement,congruent,❌,0.3643785600476193
3,53,migraine,incongruent,✅,0.2558527190673813
3,53,excitement,incongruent,❌,0.7569850669388765
3,54,niece,congruent,✅,0.9633575672792614
3,54,husband,congruent,❌,0.13301121552329576
3,54,niece,incongruent,❌,0.90281893876199
3,54,husband,incongruent,✅,0.1829987637062885
3,55,film,congruent,❌,0.46570350329098165
3,55,sunrise,congruent,✅,0.9224351790435523
3,55,film,incongruent,✅,0.28354915857365565
3,55,sunrise,incongruent,✅,0.27019892662253425
3,56,lecture,congruent,✅,0.611516924347196
3,56,banquet,congruent,✅,0.8699164600824927
3,56,lecture,incongruent,✅,0.3291923479281473
3,56,banquet,incongruent,✅,0.01819802795844634
3,57,drink,congruent,✅,0.97479080206967
3,57,textbook,congruent,✅,0.9797261901533071
3,57,drink,incongruent,✅,0.1097478377463687
3,57,textbook,incongruent,✅,0.03965135817192562
3,58,pool,congruent,❌,0.48117706246123615
3,58,snow,congruent,❌,0.3885235716003632
3,58,pool,incongruent,✅,0.321438493100763
3,58,snow,incongruent,✅,0.317821812323956
3,59,passport,congruent,❌,0.12466935831710996
3,59,plushy,congruent,✅,0.6037502995293001
3,59,passport,incongruent,✅,0.2718384696396358
3,59,plushy,incongruent,✅,0.08974866790990561
3,6,patients,congruent,✅,0.7757555227801063
3,6,students,congruent,✅,0.7448041665864489
3,6,patients,incongruent,✅,0.11346513765299825
3,6,students,incongruent,✅,0.01923374093633909
3,60,sister,congruent,✅,0.7457164203399853
3,60,father,congruent,✅,0.6739604983610361
3,60,sister,incongruent,❌,0.5514790103491306
3,60,father,incongruent,❌,0.8150531845356466
3,61,game,congruent,✅,0.6457794829943393
3,61,sunset,congruent,✅,0.8683625332039909
3,61,game,incongruent,✅,0.18635412493709255
3,61,sunset,incongruent,✅,0.1497108833219208
3,62,holidays,congruent,✅,0.8427544414644604
3,62,funeral,congruent,✅,0.9813101409128341
3,62,holidays,incongruent,❌,0.7814341260709692
3,62,funeral,incongruent,✅,0.40755213526767586
3,63,grades,congruent,❌,0.18620016853993504
3,63,affair,congruent,❌,0.38258914699691965
3,63,grades,incongruent,✅,0.352213438263916
3,63,affair,incongruent,✅,0.21037373342104387
3,64,arrest,congruent,✅,0.8502330543565222
3,64,stroke,congruent,❌,0.36463715640326366
3,64,arrest,incongruent,✅,0.3298459039299092
3,64,stroke,incongruent,✅,0.4223404642779412
3,65,pacifier,congruent,✅,0.7216297978109923
3,65,coffee,congruent,✅,0.8111592965256352
3,65,pacifier,incongruent,✅,0.1856531566499475
3,65,coffee,incongruent,❌,0.5005336598839324
3,66,sweets,congruent,✅,0.7918890137530031
3,66,sentencing,congruent,❌,0.29049582909942584
3,66,sweets,incongruent,✅,0.046361424861932496
3,66,sentencing,incongruent,✅,0.05492481392734147
3,67,nap,congruent,✅,0.8705678879119886
3,67,selfie,congruent,❌,0.42199058258131616
3,67,nap,incongruent,✅,0.2786442908612218
3,67,selfie,incongruent,✅,0.3648936158966338
3,68,diaper,congruent,✅,0.906136404613232
3,68,tire,congruent,✅,0.9658701852223344
3,68,diaper,incongruent,✅,0.38505304678987046
3,68,tire,incongruent,✅,0.1543198666850339
3,69,chemotherapy,congruent,❌,0.4766148845941387
3,69,golf,congruent,✅,0.7249031130791638
3,69,chemotherapy,incongruent,✅,0.3398868683838894
3,69,golf,incongruent,✅,0.19682152135455017
3,7,consensus,congruent,❌,0.23168756276965888
3,7,deadlock,congruent,❌,0.24028720033689552
3,7,consensus,incongruent,✅,0.20070421680387654
3,7,deadlock,incongruent,✅,0.19952583975659613
3,70,thunder,congruent,❌,0.2836950556572666
3,70,lullaby,congruent,❌,0.3681480052774164
3,70,thunder,incongruent,✅,0.17852150985199722
3,70,lullaby,incongruent,✅,0.12117912321802318
3,71,pajamas,congruent,❌,0.496485406106052
3,71,uniform,congruent,✅,0.970016329119796
3,71,pajamas,incongruent,✅,0.40710356172830536
3,71,uniform,incongruent,✅,0.058510078995117856
3,72,gown,congruent,✅,0.9730215248126282
3,72,sweats,congruent,✅,0.6869293376757116
3,72,gown,incongruent,❌,0.6554003562250981
3,72,sweats,incongruent,❌,0.7557176686246646
3,73,deadline,congruent,❌,0.14337861276511166
3,73,bed,congruent,✅,0.7600436079850644
3,73,deadline,incongruent,✅,0.03651424375882978
3,73,bed,incongruent,✅,0.0729744973770075
3,74,kindergarten,congruent,✅,0.6829820914929767
3,74,jail,congruent,✅,0.8067467744579551
3,74,kindergarten,incongruent,❌,0.8375624249753513
3,74,jail,incongruent,✅,0.17777971090062217
3,75,interrogated,congruent,✅,0.5456185719440437
3,75,tickled,congruent,❌,0.3336250665747952
3,75,interrogated,incongruent,✅,0.2954598815560719
3,75,tickled,incongruent,✅,0.4266433054144088
3,76,sandcastle,congruent,✅,0.7867832055669921
3,76,snowman,congruent,❌,0.4067903350735414
3,76,sandcastle,incongruent,✅,0.2510143848094074
3,76,snowman,incongruent,❌,0.6501691596722493
3,77,music,congruent,✅,0.9797774868455549
3,77,pizza,congruent,✅,0.9945523833685211
3,77,music,incongruent,❌,0.7038277342759771
3,77,pizza,incongruent,✅,0.22216401754998769
3,78,playoffs,congruent,✅,0.9875708982084055
3,78,cartoon,congruent,✅,0.6243333909570694
3,78,playoffs,incongruent,❌,0.7135899384498774
3,78,cartoon,incongruent,✅,0.17776944360205443
3,79,alcoholism,congruent,❌,0.29185979405416274
3,79,academics,congruent,✅,0.7099018337525238
3,79,alcoholism,incongruent,✅,0.05687501194139789
3,79,academics,incongruent,❌,0.5874840541548756
3,8,engagement,congruent,✅,0.785656961108548
3,8,cancer,congruent,❌,0.24986795630809233
3,8,engagement,incongruent,✅,0.10627183024185541
3,8,cancer,incongruent,❌,0.6709560359514672
3,9,terminal,congruent,❌,0.4738304537217079
3,9,classroom,congruent,✅,0.5942659491481241
3,9,terminal,incongruent,✅,0.3292818968743086
3,9,classroom,incongruent,✅,0.09649379055003653
4,0,library,congruent,✅,0.6124971077718854
4,0,refrigerator,congruent,✅,0.5027064416551067
4,0,library,incongruent,✅,0.29560800580909546
4,0,refrigerator,incongruent,✅,0.0492406618418765
4,1,disappointment,congruent,✅,0.7603387316168971
4,1,delight,congruent,❌,0.31087306527535435
4,1,disappointment,incongruent,✅,0.1881507913816464
4,1,delight,incongruent,❌,0.6618475782734745
4,10,cash,congruent,❌,0.03764596020053736
4,10,groceries,congruent,✅,0.5196551278002184
4,10,cash,incongruent,✅,0.3502732935358253
4,10,groceries,incongruent,✅,0.02402409314114909
4,11,lonely,congruent,✅,0.7018323904215987
4,11,confident,congruent,❌,0.43053783559645087
4,11,lonely,incongruent,❌,0.5050046450746208
4,11,confident,incongruent,✅,0.31549957932401695
4,12,joy,congruent,✅,0.9113438128413693
4,12,outrage,congruent,✅,0.5005115515280509
4,12,joy,incongruent,✅,0.2670691426855918
4,12,outrage,incongruent,❌,0.6298377686254703
4,13,traffic,congruent,✅,0.985833988497203
4,13,snowstorm,congruent,✅,0.9311251990135613
4,13,traffic,incongruent,❌,0.7798508533628903
4,13,snowstorm,incongruent,❌,0.9597939371642311
4,14,laughter,congruent,✅,0.62187752778854
4,14,frustration,congruent,✅,0.5906249205237829
4,14,laughter,incongruent,❌,0.5210904912988118
4,14,frustration,incongruent,❌,0.5784961923605567
4,15,calculator,congruent,✅,0.8801248135180029
4,15,instrument,congruent,✅,0.6733110070280978
4,15,calculator,incongruent,✅,0.16934902429400805
4,15,instrument,incongruent,✅,0.3199904516564616
4,16,orchestra,congruent,✅,0.8804468605213907
4,16,racers,congruent,❌,0.4644553216053694
4,16,orchestra,incongruent,✅,0.34960992290199217
4,16,racers,incongruent,❌,0.926590226211129
4,17,retirement,congruent,✅,0.6616476520674891
4,17,playdate,congruent,✅,0.5003004664769317
4,17,retirement,incongruent,✅,0.3521371385474056
4,17,playdate,incongruent,✅,0.27857595696525117
4,18,relieved,congruent,❌,0.17146847846499294
4,18,depressed,congruent,❌,0.1420359636293177
4,18,relieved,incongruent,✅,0.08395208470229973
4,18,depressed,incongruent,✅,0.21603893399489202
4,19,friends,congruent,✅,0.725644530993587
4,19,weight,congruent,✅,0.5241436657808208
4,19,friends,incongruent,✅,0.3049813813936757
4,19,weight,incongruent,❌,0.5922946186514476
4,2,overcoat,congruent,❌,0.49248978412037
4,2,sandals,congruent,✅,0.837235299336343
4,2,overcoat,incongruent,❌,0.5901463108457652
4,2,sandals,incongruent,✅,0.3194595985900705
4,20,lipstick,congruent,✅,0.9237079759041519
4,20,song,congruent,❌,0.36058644842216714
4,20,lipstick,incongruent,✅,0.10805418694955689
4,20,song,incongruent,❌,0.5136361139804426
4,21,fought,congruent,❌,0.10990395969086665
4,21,sang,congruent,✅,0.8613606745299917
4,21,fought,incongruent,❌,0.560466073581159
4,21,sang,incongruent,✅,0.16312279161834814
4,22,skeptical,congruent,❌,0.24941387723863234
4,22,reassured,congruent,❌,0.3385675164621331
4,22,skeptical,incongruent,✅,0.22909283702825514
4,22,reassured,incongruent,✅,0.4037768805485235
4,23,graduation,congruent,✅,0.8845333676972641
4,23,operation,congruent,✅,0.5437543245223578
4,23,graduation,incongruent,✅,0.21103729669811727
4,23,operation,incongruent,✅,0.26070857147852106
4,24,bride,congruent,✅,0.7796628532937654
4,24,aftermath,congruent,✅,0.5008562509835551
4,24,bride,incongruent,✅,0.14448853187425545
4,24,aftermath,incongruent,✅,0.0184621745208712
4,25,teacher,congruent,❌,0.3218956516134673
4,25,daughter,congruent,✅,0.8092032615538588
4,25,teacher,incongruent,✅,0.1818975017318194
4,25,daughter,incongruent,✅,0.27461687473332574
4,26,roommate,congruent,✅,0.8047160736244529
4,26,grandma,congruent,✅,0.7994494750420388
4,26,roommate,incongruent,✅,0.3708755860995245
4,26,grandma,incongruent,❌,0.5053042382811174
4,27,brother,congruent,❌,0.3254509448173635
4,27,mother,congruent,✅,0.5340037162793108
4,27,brother,incongruent,❌,0.6633382121359804
4,27,mother,incongruent,✅,0.16762348607627564
4,28,preschool,congruent,✅,0.9439579273193465
4,28,prison,congruent,✅,0.5096032770186164
4,28,preschool,incongruent,✅,0.1901433011140128
4,28,prison,incongruent,✅,0.14575528410476682
4,29,hopeful,congruent,❌,0.29670638928155585
4,29,hopeless,congruent,✅,0.6638926118416946
4,29,hopeful,incongruent,✅,0.32268569745766235
4,29,hopeless,incongruent,✅,0.4522262142476696
4,3,marathon,congruent,✅,0.7480370546163074
4,3,exam,congruent,✅,0.8273306736210153
4,3,marathon,incongruent,✅,0.1194175389777222
4,3,exam,incongruent,✅,0.13687176689999658
4,30,appalled,congruent,❌,0.29246377168779397
4,30,overjoyed,congruent,✅,0.6763168087404664
4,30,appalled,incongruent,❌,0.5156674227084287
4,30,overjoyed,incongruent,✅,0.17658740173919982
4,31,reprimand,congruent,✅,0.8547915961402305
4,31,encouragement,congruent,✅,0.5495267002746197
4,31,reprimand,incongruent,❌,0.5165406552784495
4,31,encouragement,incongruent,❌,0.8160560752571359
4,32,angrily,congruent,✅,0.8653867732430428
4,32,cordially,congruent,❌,0.4725086614516644
4,32,angrily,incongruent,✅,0.4181466911995665
4,32,cordially,incongruent,✅,0.4569806586245793
4,33,accusatory,congruent,❌,0.3530463554172278
4,33,flirtatious,congruent,❌,0.46975519151558287
4,33,accusatory,incongruent,✅,0.38344940335491684
4,33,flirtatious,incongruent,✅,0.3238140914267205
4,34,disapprovingly,congruent,✅,0.6939444972396961
4,34,lovingly,congruent,✅,0.5155718783237395
4,34,disapprovingly,incongruent,✅,0.3232191174426413
4,34,lovingly,incongruent,❌,0.6206892039756264
4,35,playful,congruent,❌,0.30446953422241685
4,35,distant,congruent,❌,0.17951614972289126
4,35,playful,incongruent,✅,0.27799854847731104
4,35,distant,incongruent,✅,0.18591412044022748
4,36,headphones,congruent,❌,0.39580506419268247
4,36,mangoes,congruent,✅,0.9461663011117997
4,36,headphones,incongruent,✅,0.28391926181399973
4,36,mangoes,incongruent,✅,0.13291540794722384
4,37,playroom,congruent,✅,0.9107493013046276
4,37,park,congruent,✅,0.8492504797769853
4,37,playroom,incongruent,❌,0.6789485972861882
4,37,park,incongruent,❌,0.8892408161059322
4,38,bedroom,congruent,✅,0.7269041884656686
4,38,backyard,congruent,✅,0.5097302819911275
4,38,bedroom,incongruent,✅,0.2385683129022035
4,38,backyard,incongruent,✅,0.3350854928384433
4,39,solemnly,congruent,❌,0.400970739080679
4,39,excitedly,congruent,✅,0.8533949999032235
4,39,solemnly,incongruent,❌,0.7060016171214638
4,39,excitedly,incongruent,✅,0.2659731613333188
4,4,menu,congruent,✅,0.8596257056322495
4,4,prescription,congruent,✅,0.8575572726358602
4,4,menu,incongruent,✅,0.30371733149536945
4,4,prescription,incongruent,✅,0.21263987774061985
4,40,car,congruent,❌,0.09377896307951046
4,40,sock,congruent,❌,0.13114016906732653
4,40,car,incongruent,✅,0.14579786704144546
4,40,sock,incongruent,✅,0.05570032197177937
4,41,overdressed,congruent,✅,0.5906335931611966
4,41,naked,congruent,✅,0.7976161913868334
4,41,overdressed,incongruent,❌,0.741608396835643
4,41,naked,incongruent,❌,0.5850165434080139
4,42,shy,congruent,✅,0.8844058001437521
4,42,lively,congruent,✅,0.691638599339474
4,42,shy,incongruent,❌,0.588362965428413
4,42,lively,incongruent,❌,0.9068771948390456
4,43,offended,congruent,✅,0.612841538339917
4,43,flattered,congruent,❌,0.34917038435609377
4,43,offended,incongruent,✅,0.4040218413312462
4,43,flattered,incongruent,✅,0.342416731284865
4,44,grandkid,congruent,✅,0.6739016273280833
4,44,cellmate,congruent,❌,0.2606858690230326
4,44,grandkid,incongruent,✅,0.15734309153727602
4,44,cellmate,incongruent,✅,0.4466386486262879
4,45,promoted,congruent,✅,0.8580820172124849
4,45,fired,congruent,✅,0.5470357745890212
4,45,promoted,incongruent,❌,0.698673942058483
4,45,fired,incongruent,❌,0.7917670403135249
4,46,shooting,congruent,✅,0.5347224692185997
4,46,celebration,congruent,✅,0.6376933642101977
4,46,shooting,incongruent,✅,0.45123273885357196
4,46,celebration,incongruent,✅,0.49627775604909
4,47,crayon,congruent,✅,0.5104450784981374
4,47,beer,congruent,✅,0.9554389828971301
4,47,crayon,incongruent,✅,0.08215264588587515
4,47,beer,incongruent,✅,0.0611605028191498
4,48,waiter,congruent,✅,0.7084607592168254
4,48,taxi,congruent,✅,0.5212896026004652
4,48,waiter,incongruent,✅,0.2550542571845685
4,48,taxi,incongruent,✅,0.20038142498369288
4,49,parents,congruent,❌,0.3851960302777093
4,49,keys,congruent,✅,0.6865945601247468
4,49,parents,incongruent,✅,0.4581719463706724
4,49,keys,incongruent,✅,0.25446347954769793
4,5,distress,congruent,✅,0.9303682521328307
4,5,tranquility,congruent,✅,0.6304735226125865
4,5,distress,incongruent,❌,0.6597041177414266
4,5,tranquility,incongruent,❌,0.9200532428920202
4,50,sofa,congruent,✅,0.9231922869330464
4,50,sky,congruent,✅,0.7491552897489172
4,50,sofa,incongruent,✅,0.12839735126717935
4,50,sky,incongruent,✅,0.16574538636430655
4,51,obesity,congruent,✅,0.7701306042356477
4,51,homework,congruent,✅,0.9024944949209439
4,51,obesity,incongruent,❌,0.5119061921236935
4,51,homework,incongruent,❌,0.6549127553981071
4,52,quiz,congruent,❌,0.4972837716540988
4,52,commute,congruent,❌,0.4778231810270834
4,52,quiz,incongruent,✅,0.07200790217000161
4,52,commute,incongruent,✅,0.06751428476639391
4,53,migraine,congruent,✅,0.8922591862232933
4,53,excitement,congruent,❌,0.21619870134062194
4,53,migraine,incongruent,✅,0.1398990050330573
4,53,excitement,incongruent,✅,0.44451423000222257
4,54,niece,congruent,✅,0.8717929034488174
4,54,husband,congruent,✅,0.54148842166541
4,54,niece,incongruent,❌,0.944273241313667
4,54,husband,incongruent,✅,0.2954554814480766
4,55,film,congruent,✅,0.6717202383533152
4,55,sunrise,congruent,✅,0.9212992164177378
4,55,film,incongruent,✅,0.3005959855185431
4,55,sunrise,incongruent,✅,0.37316163669224567
4,56,lecture,congruent,✅,0.9385015836588382
4,56,banquet,congruent,✅,0.66811879399818
4,56,lecture,incongruent,✅,0.13072070319793097
4,56,banquet,incongruent,✅,0.05625608976861395
4,57,drink,congruent,✅,0.9561042420852256
4,57,textbook,congruent,✅,0.9493963790739187
4,57,drink,incongruent,✅,0.11745729625600035
4,57,textbook,incongruent,✅,0.08722356583994792
4,58,pool,congruent,✅,0.6134835910260036
4,58,snow,congruent,❌,0.40720631323456263
4,58,pool,incongruent,✅,0.31257817703533164
4,58,snow,incongruent,✅,0.36418487614706263
4,59,passport,congruent,❌,0.3889239077368337
4,59,plushy,congruent,✅,0.9227557719518364
4,59,passport,incongruent,❌,0.5146561264144431
4,59,plushy,incongruent,✅,0.05844775661386903
4,6,patients,congruent,✅,0.9526308630030208
4,6,students,congruent,✅,0.9066833465527161
4,6,patients,incongruent,✅,0.3565765443903827
4,6,students,incongruent,✅,0.12991122195285276
4,60,sister,congruent,✅,0.7635901946694251
4,60,father,congruent,✅,0.5929276601997272
4,60,sister,incongruent,✅,0.43746779798771684
4,60,father,incongruent,❌,0.7266593683085055
4,61,game,congruent,✅,0.836067744353281
4,61,sunset,congruent,✅,0.9003083431103709
4,61,game,incongruent,✅,0.421534863566892
4,61,sunset,incongruent,✅,0.16382682472277366
4,62,holidays,congruent,✅,0.5947321085199964
4,62,funeral,congruent,✅,0.8675248042984872
4,62,holidays,incongruent,✅,0.4793166800105061
4,62,funeral,incongruent,✅,0.27362156238915974
4,63,grades,congruent,❌,0.30734991785485416
4,63,affair,congruent,❌,0.44894148520417465
4,63,grades,incongruent,✅,0.34163101852156924
4,63,affair,incongruent,✅,0.1235154525034756
4,64,arrest,congruent,✅,0.7981758919678565
4,64,stroke,congruent,❌,0.4235963359061976
4,64,arrest,incongruent,✅,0.4952561756191836
4,64,stroke,incongruent,✅,0.3563507920511815
4,65,pacifier,congruent,❌,0.4946488398769402
4,65,coffee,congruent,✅,0.8720222696216429
4,65,pacifier,incongruent,✅,0.2303203578911808
4,65,coffee,incongruent,✅,0.31504456158928196
4,66,sweets,congruent,✅,0.7622355250277308
4,66,sentencing,congruent,❌,0.32677773043588454
4,66,sweets,incongruent,✅,0.0471079867914875
4,66,sentencing,incongruent,✅,0.09420710692418405
4,67,nap,congruent,✅,0.9080529190281603
4,67,selfie,congruent,✅,0.5749304178252227
4,67,nap,incongruent,✅,0.2287576972535244
4,67,selfie,incongruent,✅,0.40213050895520813
4,68,diaper,congruent,✅,0.8204821829046218
4,68,tire,congruent,✅,0.9124498211833754
4,68,diaper,incongruent,✅,0.258281828828813
4,68,tire,incongruent,✅,0.232272614182094
4,69,chemotherapy,congruent,✅,0.6809844927498899
4,69,golf,congruent,✅,0.818862096757519
4,69,chemotherapy,incongruent,✅,0.18815205721524814
4,69,golf,incongruent,✅,0.31796207634749285
4,7,consensus,congruent,❌,0.46365151479592814
4,7,deadlock,congruent,❌,0.3166293719314282
4,7,consensus,incongruent,✅,0.26822159937958473
4,7,deadlock,incongruent,✅,0.4678264273955111
4,70,thunder,congruent,❌,0.22724395737160158
4,70,lullaby,congruent,✅,0.6569731121089719
4,70,thunder,incongruent,✅,0.48474571926406707
4,70,lullaby,incongruent,✅,0.03097756786977935
4,71,pajamas,congruent,❌,0.4975433582727025
4,71,uniform,congruent,✅,0.8965396332445377
4,71,pajamas,incongruent,✅,0.43229638761071926
4,71,uniform,incongruent,✅,0.061679740833099954
4,72,gown,congruent,✅,0.9618568831040374
4,72,sweats,congruent,❌,0.3726566886982266
4,72,gown,incongruent,✅,0.3151114833999328
4,72,sweats,incongruent,❌,0.8290053260326294
4,73,deadline,congruent,❌,0.34485757591232497
4,73,bed,congruent,✅,0.901418544042352
4,73,deadline,incongruent,✅,0.2862661029406669
4,73,bed,incongruent,✅,0.13625934907725848
4,74,kindergarten,congruent,✅,0.6289651344033733
4,74,jail,congruent,✅,0.7688048093032903
4,74,kindergarten,incongruent,❌,0.721357716708684
4,74,jail,incongruent,✅,0.2034374301410719
4,75,interrogated,congruent,❌,0.33403173803289854
4,75,tickled,congruent,❌,0.38623193771554676
4,75,interrogated,incongruent,✅,0.3639625425600926
4,75,tickled,incongruent,✅,0.12218299434860953
4,76,sandcastle,congruent,✅,0.8852366007793591
4,76,snowman,congruent,✅,0.7155591466448783
4,76,sandcastle,incongruent,✅,0.34974050302672793
4,76,snowman,incongruent,❌,0.8543014445857955
4,77,music,congruent,✅,0.9760521007928781
4,77,pizza,congruent,✅,0.9831461529553485
4,77,music,incongruent,✅,0.4905917620515587
4,77,pizza,incongruent,✅,0.061149834395307634
4,78,playoffs,congruent,✅,0.900196462901711
4,78,cartoon,congruent,✅,0.5304247486239071
4,78,playoffs,incongruent,✅,0.03611555804967192
4,78,cartoon,incongruent,✅,0.12542387519165485
4,79,alcoholism,congruent,✅,0.5158865381879352
4,79,academics,congruent,✅,0.7438116678632545
4,79,alcoholism,incongruent,✅,0.12988730403672147
4,79,academics,incongruent,❌,0.6262544487827101
4,8,engagement,congruent,✅,0.7173385945404983
4,8,cancer,congruent,❌,0.38590922201083017
4,8,engagement,incongruent,✅,0.244613359625298
4,8,cancer,incongruent,❌,0.5748687594366491
4,9,terminal,congruent,✅,0.6830120739453526
4,9,classroom,congruent,✅,0.5275438319620109
4,9,terminal,incongruent,✅,0.35696405606486287
4,9,classroom,incongruent,✅,0.20738115517897063
5,0,library,congruent,✅,0.5732353919522428
5,0,refrigerator,congruent,❌,0.21367214302303156
5,0,library,incongruent,✅,0.06779861931054249
5,0,refrigerator,incongruent,✅,0.023937423624305967
5,1,disappointment,congruent,✅,0.5307589063706792
5,1,delight,congruent,✅,0.8687300616947861
5,1,disappointment,incongruent,✅,0.15103544575814784
5,1,delight,incongruent,❌,0.7237465659005127
5,10,cash,congruent,❌,0.03621812381531758
5,10,groceries,congruent,❌,0.2252894678072621
5,10,cash,incongruent,✅,0.05748133046255646
5,10,groceries,incongruent,✅,0.018839601082162104
5,11,lonely,congruent,✅,0.8696060864252295
5,11,confident,congruent,✅,0.5229541147304292
5,11,lonely,incongruent,❌,0.5175294644205376
5,11,confident,incongruent,❌,0.6080419014074552
5,12,joy,congruent,✅,0.9175664864514763
5,12,outrage,congruent,✅,0.6865507065166074
5,12,joy,incongruent,✅,0.45008093675027194
5,12,outrage,incongruent,✅,0.29161248181098737
5,13,traffic,congruent,✅,0.9931105242241598
5,13,snowstorm,congruent,✅,0.9802467351083245
5,13,traffic,incongruent,❌,0.8415812768713483
5,13,snowstorm,incongruent,❌,0.9819183039931508
5,14,laughter,congruent,✅,0.7263174659844549
5,14,frustration,congruent,✅,0.8235360301658756
5,14,laughter,incongruent,❌,0.5510713407905456
5,14,frustration,incongruent,❌,0.6210551162170879
5,15,calculator,congruent,✅,0.8693996096736502
5,15,instrument,congruent,✅,0.7731123174517494
5,15,calculator,incongruent,✅,0.11570195996393692
5,15,instrument,incongruent,✅,0.2784053920305246
5,16,orchestra,congruent,✅,0.819911805800196
5,16,racers,congruent,✅,0.6135450101116878
5,16,orchestra,incongruent,✅,0.22858722078031116
5,16,racers,incongruent,❌,0.8672258006210439
5,17,retirement,congruent,✅,0.7644707515776944
5,17,playdate,congruent,❌,0.2828468710840721
5,17,retirement,incongruent,✅,0.03933841011382191
5,17,playdate,incongruent,✅,0.017476025118848968
5,18,relieved,congruent,❌,0.1712769348900679
5,18,depressed,congruent,❌,0.2528111940288382
5,18,relieved,incongruent,✅,0.2831815567530998
5,18,depressed,incongruent,✅,0.1926996171228482
5,19,friends,congruent,❌,0.4423203269945313
5,19,weight,congruent,✅,0.8223105677500682
5,19,friends,incongruent,❌,0.5948533917513393
5,19,weight,incongruent,✅,0.20908206179388486
5,2,overcoat,congruent,❌,0.28677099393665934
5,2,sandals,congruent,❌,0.3019683785275552
5,2,overcoat,incongruent,✅,0.10031215495587356
5,2,sandals,incongruent,✅,0.04444614177213132
5,20,lipstick,congruent,✅,0.7945484335925516
5,20,song,congruent,✅,0.6450204594993222
5,20,lipstick,incongruent,✅,0.1250842760902473
5,20,song,incongruent,✅,0.13912418926477615
5,21,fought,congruent,❌,0.0349979277574156
5,21,sang,congruent,✅,0.7240901881871408
5,21,fought,incongruent,✅,0.05961231774397333
5,21,sang,incongruent,✅,0.037878093550483764
5,22,skeptical,congruent,❌,0.06164187490493676
5,22,reassured,congruent,❌,0.36399706186248293
5,22,skeptical,incongruent,✅,0.3407399270520678
5,22,reassured,incongruent,✅,0.10456639625836807
5,23,graduation,congruent,✅,0.9765919273489911
5,23,operation,congruent,❌,0.08772991305116215
5,23,graduation,incongruent,✅,0.019238121117329615
5,23,operation,incongruent,✅,0.4040352796911207
5,24,bride,congruent,✅,0.7188848775860255
5,24,aftermath,congruent,❌,0.4113342321828706
5,24,bride,incongruent,✅,0.030781513713813904
5,24,aftermath,incongruent,✅,0.006266028269431684
5,25,teacher,congruent,❌,0.1540029369583071
5,25,daughter,congruent,✅,0.934171359085831
5,25,teacher,incongruent,✅,0.15920530342977718
5,25,daughter,incongruent,✅,0.3537154612715777
5,26,roommate,congruent,✅,0.7976069531728817
5,26,grandma,congruent,✅,0.9542674227287852
5,26,roommate,incongruent,✅,0.2852947231236515
5,26,grandma,incongruent,✅,0.30089751610053733
5,27,brother,congruent,✅,0.5778355054135497
5,27,mother,congruent,✅,0.5030335171901633
5,27,brother,incongruent,❌,0.6567152566402024
5,27,mother,incongruent,✅,0.21969914575349048
5,28,preschool,congruent,✅,0.7851405796840603
5,28,prison,congruent,✅,0.6434711342208345
5,28,preschool,incongruent,✅,0.11878186187977363
5,28,prison,incongruent,✅,0.009613350791100143
5,29,hopeful,congruent,✅,0.5028003350797023
5,29,hopeless,congruent,❌,0.4598394344416735
5,29,hopeful,incongruent,✅,0.2308316161221186
5,29,hopeless,incongruent,❌,0.5753160104901274
5,3,marathon,congruent,✅,0.8154875958398532
5,3,exam,congruent,✅,0.7315942388287395
5,3,marathon,incongruent,❌,0.5788090148105871
5,3,exam,incongruent,✅,0.04230512398562521
5,30,appalled,congruent,❌,0.41943248853977033
5,30,overjoyed,congruent,✅,0.8420989392065681
5,30,appalled,incongruent,✅,0.44366994084883554
5,30,overjoyed,incongruent,✅,0.1609294918206854
5,31,reprimand,congruent,✅,0.9080217099077725
5,31,encouragement,congruent,✅,0.84549799002993
5,31,reprimand,incongruent,❌,0.7740351349230067
5,31,encouragement,incongruent,❌,0.8261890315017143
5,32,angrily,congruent,✅,0.8885848442156653
5,32,cordially,congruent,✅,0.6545153522700344
5,32,angrily,incongruent,❌,0.5055104679243363
5,32,cordially,incongruent,✅,0.4950286337695651
5,33,accusatory,congruent,❌,0.4348153710559065
5,33,flirtatious,congruent,❌,0.27390739019246246
5,33,accusatory,incongruent,✅,0.22271014298818095
5,33,flirtatious,incongruent,✅,0.2527658136285843
5,34,disapprovingly,congruent,✅,0.5163190305309574
5,34,lovingly,congruent,✅,0.7848420786970323
5,34,disapprovingly,incongruent,❌,0.6058179636031337
5,34,lovingly,incongruent,✅,0.4343378098156341
5,35,playful,congruent,❌,0.11040106794433503
5,35,distant,congruent,✅,0.6461631680512865
5,35,playful,incongruent,❌,0.6091136603789826
5,35,distant,incongruent,✅,0.056181556878599666
5,36,headphones,congruent,❌,0.3294007937057734
5,36,mangoes,congruent,✅,0.9803019113514515
5,36,headphones,incongruent,❌,0.5476399884931001
5,36,mangoes,incongruent,✅,0.24799353178838965
5,37,playroom,congruent,✅,0.9203070105307006
5,37,park,congruent,✅,0.9487136167783514
5,37,playroom,incongruent,❌,0.7128755734108203
5,37,park,incongruent,❌,0.9149639912109515
5,38,bedroom,congruent,✅,0.732853103333393
5,38,backyard,congruent,✅,0.6639690099202682
5,38,bedroom,incongruent,✅,0.2641614264527694
5,38,backyard,incongruent,✅,0.04492018452978744
5,39,solemnly,congruent,❌,0.2761900858273965
5,39,excitedly,congruent,✅,0.8777701287131342
5,39,solemnly,incongruent,❌,0.7497587844023355
5,39,excitedly,incongruent,✅,0.15849403757335703
5,4,menu,congruent,✅,0.9261269574635549
5,4,prescription,congruent,✅,0.9543521896432586
5,4,menu,incongruent,✅,0.2696062354272845
5,4,prescription,incongruent,✅,0.09967708177347887
5,40,car,congruent,❌,0.3847034412716496
5,40,sock,congruent,❌,0.48635860276753
5,40,car,incongruent,❌,0.5109424818297074
5,40,sock,incongruent,✅,0.12815865436879098
5,41,overdressed,congruent,✅,0.9089475764501254
5,41,naked,congruent,✅,0.7706643350878853
5,41,overdressed,incongruent,✅,0.44847985039139693
5,41,naked,incongruent,❌,0.8745225793721568
5,42,shy,congruent,✅,0.8788745284060258
5,42,lively,congruent,✅,0.7330289763722997
5,42,shy,incongruent,❌,0.6097628754605694
5,42,lively,incongruent,❌,0.8658331138617744
5,43,offended,congruent,✅,0.6724435916521435
5,43,flattered,congruent,❌,0.4581957787683819
5,43,offended,incongruent,✅,0.3851180251446532
5,43,flattered,incongruent,✅,0.3212790535759121
5,44,grandkid,congruent,✅,0.7204768570767872
5,44,cellmate,congruent,❌,0.43223333745668235
5,44,grandkid,incongruent,✅,0.14298241527557803
5,44,cellmate,incongruent,✅,0.16966478062966167
5,45,promoted,congruent,✅,0.5994973491382093
5,45,fired,congruent,❌,0.41009243141621987
5,45,promoted,incongruent,❌,0.6835722670011869
5,45,fired,incongruent,✅,0.46941419902898446
5,46,shooting,congruent,❌,0.19962527532921495
5,46,celebration,congruent,❌,0.2878000466662574
5,46,shooting,incongruent,✅,0.11363870033309703
5,46,celebration,incongruent,✅,0.19525882990543078
5,47,crayon,congruent,❌,0.4084892992785669
5,47,beer,congruent,✅,0.988678623585618
5,47,crayon,incongruent,✅,0.0032429951082296083
5,47,beer,incongruent,✅,0.011764573448046477
5,48,waiter,congruent,✅,0.5816083797816558
5,48,taxi,congruent,❌,0.32052860394425586
5,48,waiter,incongruent,✅,0.15747044142809696
5,48,taxi,incongruent,✅,0.1446487233095234
5,49,parents,congruent,✅,0.5129200729916645
5,49,keys,congruent,✅,0.8891796291874445
5,49,parents,incongruent,✅,0.3306899530898757
5,49,keys,incongruent,✅,0.2971991971083301
5,5,distress,congruent,✅,0.8825875300981112
5,5,tranquility,congruent,❌,0.44589319519010373
5,5,distress,incongruent,✅,0.3459087957243147
5,5,tranquility,incongruent,❌,0.778808295263851
5,50,sofa,congruent,✅,0.9473360928072971
5,50,sky,congruent,✅,0.9714413613919897
5,50,sofa,incongruent,✅,0.12845342309107113
5,50,sky,incongruent,✅,0.07653568060645523
5,51,obesity,congruent,❌,0.16003531340167318
5,51,homework,congruent,✅,0.9873144504656292
5,51,obesity,incongruent,✅,0.49747694617628063
5,51,homework,incongruent,✅,0.14845714835882473
5,52,quiz,congruent,✅,0.6810150392817235
5,52,commute,congruent,❌,0.43485411413785974
5,52,quiz,incongruent,✅,0.039142628476692636
5,52,commute,incongruent,✅,0.037753595956914306
5,53,migraine,congruent,✅,0.9156974062093917
5,53,excitement,congruent,❌,0.0953056290152193
5,53,migraine,incongruent,✅,0.06941886730740662
5,53,excitement,incongruent,✅,0.47725078593675213
5,54,niece,congruent,✅,0.9493343126792159
5,54,husband,congruent,❌,0.27028592515328687
5,54,niece,incongruent,❌,0.8600785718101216
5,54,husband,incongruent,✅,0.3340796313013806
5,55,film,congruent,✅,0.5973803344855338
5,55,sunrise,congruent,✅,0.9423909727705801
5,55,film,incongruent,✅,0.31124073114840706
5,55,sunrise,incongruent,✅,0.2443025393535443
5,56,lecture,congruent,✅,0.9236000142315337
5,56,banquet,congruent,✅,0.8343872164956092
5,56,lecture,incongruent,✅,0.21418083416882022
5,56,banquet,incongruent,✅,0.018186224912063093
5,57,drink,congruent,✅,0.9969353310772021
5,57,textbook,congruent,✅,0.8304064509221698
5,57,drink,incongruent,✅,0.00860103257392071
5,57,textbook,incongruent,✅,0.10034728158166686
5,58,pool,congruent,❌,0.2825268709693783
5,58,snow,congruent,❌,0.20940768134408347
5,58,pool,incongruent,✅,0.06326348030058314
5,58,snow,incongruent,✅,0.18873601536496937
5,59,passport,congruent,✅,0.6641556506152568
5,59,plushy,congruent,✅,0.9755968898563159
5,59,passport,incongruent,❌,0.5613570779292416
5,59,plushy,incongruent,✅,0.029568729225125594
5,6,patients,congruent,✅,0.9957925400873197
5,6,students,congruent,✅,0.9562158852772102
5,6,patients,incongruent,✅,0.2541275019221872
5,6,students,incongruent,✅,0.25434416486311195
5,60,sister,congruent,✅,0.7258946248886836
5,60,father,congruent,❌,0.3250134488491667
5,60,sister,incongruent,✅,0.22227773729212777
5,60,father,incongruent,❌,0.6306053297283976
5,61,game,congruent,✅,0.9571871182924538
5,61,sunset,congruent,✅,0.9574086536922357
5,61,game,incongruent,❌,0.6911355564370988
5,61,sunset,incongruent,✅,0.1440451471115729
5,62,holidays,congruent,✅,0.9121746962276938
5,62,funeral,congruent,✅,0.6951942459434716
5,62,holidays,incongruent,✅,0.156195581907101
5,62,funeral,incongruent,❌,0.6407788371622055
5,63,grades,congruent,✅,0.5376574067365326
5,63,affair,congruent,❌,0.2706400333944529
5,63,grades,incongruent,✅,0.11130403760439977
5,63,affair,incongruent,✅,0.09310840500127289
5,64,arrest,congruent,✅,0.9625354125718643
5,64,stroke,congruent,✅,0.7446368351173184
5,64,arrest,incongruent,❌,0.7579575262159344
5,64,stroke,incongruent,❌,0.9331853319250317
5,65,pacifier,congruent,✅,0.9040351827403578
5,65,coffee,congruent,✅,0.91348342480666
5,65,pacifier,incongruent,✅,0.04204970620630264
5,65,coffee,incongruent,✅,0.37231362459755635
5,66,sweets,congruent,✅,0.9272526396304867
5,66,sentencing,congruent,❌,0.23913027501677106
5,66,sweets,incongruent,✅,0.013257534878408755
5,66,sentencing,incongruent,✅,0.04111409413830959
5,67,nap,congruent,✅,0.9846377744860942
5,67,selfie,congruent,✅,0.8712397442013005
5,67,nap,incongruent,✅,0.29256386895508535
5,67,selfie,incongruent,✅,0.16629830719568442
5,68,diaper,congruent,✅,0.9476913221828223
5,68,tire,congruent,✅,0.9825001917190382
5,68,diaper,incongruent,✅,0.16554766029391513
5,68,tire,incongruent,✅,0.15124835362511085
5,69,chemotherapy,congruent,✅,0.6514849890134898
5,69,golf,congruent,✅,0.9466515747198136
5,69,chemotherapy,incongruent,✅,0.17733340105936957
5,69,golf,incongruent,✅,0.269323431387794
5,7,consensus,congruent,✅,0.6807955921359519
5,7,deadlock,congruent,❌,0.4508417495748957
5,7,consensus,incongruent,✅,0.29535191594085114
5,7,deadlock,incongruent,❌,0.7545429687272518
5,70,thunder,congruent,✅,0.7445848532505329
5,70,lullaby,congruent,✅,0.7354519835618895
5,70,thunder,incongruent,✅,0.28361237626657343
5,70,lullaby,incongruent,✅,0.015695788386017703
5,71,pajamas,congruent,✅,0.8559079404668007
5,71,uniform,congruent,✅,0.9256496221719699
5,71,pajamas,incongruent,❌,0.5964865193144206
5,71,uniform,incongruent,✅,0.1091948907607106
5,72,gown,congruent,✅,0.9940176828286434
5,72,sweats,congruent,✅,0.5135848586099494
5,72,gown,incongruent,✅,0.43239481424519155
5,72,sweats,incongruent,❌,0.7827646366371142
5,73,deadline,congruent,❌,0.45656649216254985
5,73,bed,congruent,✅,0.9529878027502882
5,73,deadline,incongruent,✅,0.04465818056903749
5,73,bed,incongruent,✅,0.10449353092894262
5,74,kindergarten,congruent,✅,0.9026240543545507
5,74,jail,congruent,❌,0.4887135277133949
5,74,kindergarten,incongruent,✅,0.2874321995927022
5,74,jail,incongruent,✅,0.4734223259938429
5,75,interrogated,congruent,✅,0.5360868855029169
5,75,tickled,congruent,✅,0.8086058977220244
5,75,interrogated,incongruent,❌,0.5386115120377344
5,75,tickled,incongruent,✅,0.1776450184165007
5,76,sandcastle,congruent,✅,0.9711462810624568
5,76,snowman,congruent,✅,0.9523801134748153
5,76,sandcastle,incongruent,✅,0.29503614021321845
5,76,snowman,incongruent,❌,0.92569884376903
5,77,music,congruent,✅,0.9835889307641629
5,77,pizza,congruent,✅,0.9933673868184583
5,77,music,incongruent,✅,0.498143992006514
5,77,pizza,incongruent,✅,0.1292076516451679
5,78,playoffs,congruent,✅,0.7175174717765441
5,78,cartoon,congruent,✅,0.9096236998991897
5,78,playoffs,incongruent,✅,0.10508852865444895
5,78,cartoon,incongruent,✅,0.03906678927183255
5,79,alcoholism,congruent,✅,0.7965571016255736
5,79,academics,congruent,✅,0.898302839721884
5,79,alcoholism,incongruent,✅,0.17068417040882766
5,79,academics,incongruent,✅,0.4671780957584943
5,8,engagement,congruent,✅,0.8480516918823735
5,8,cancer,congruent,❌,0.48629592391168314
5,8,engagement,incongruent,✅,0.3430868200398689
5,8,cancer,incongruent,❌,0.7971090895172918
5,9,terminal,congruent,✅,0.9889335268122977
5,9,classroom,congruent,✅,0.6077499396581445
5,9,terminal,incongruent,❌,0.557694017796556
5,9,classroom,incongruent,❌,0.8163754136581182
6,0,library,congruent,✅,0.6252137199140197
6,0,refrigerator,congruent,❌,0.4076651896075412
6,0,library,incongruent,✅,0.0721752885896429
6,0,refrigerator,incongruent,✅,0.010194787060057975
6,1,disappointment,congruent,✅,0.82797918306493
6,1,delight,congruent,✅,0.8816370267932215
6,1,disappointment,incongruent,✅,0.2992642012048349
6,1,delight,incongruent,❌,0.8063261346485503
6,10,cash,congruent,❌,0.16778250396976938
6,10,groceries,congruent,✅,0.7108552854966611
6,10,cash,incongruent,✅,0.2113554476365842
6,10,groceries,incongruent,✅,0.09349249209035913
6,11,lonely,congruent,✅,0.8604020006891133
6,11,confident,congruent,✅,0.6568373489054993
6,11,lonely,incongruent,❌,0.6160891447465559
6,11,confident,incongruent,✅,0.4524847465886722
6,12,joy,congruent,✅,0.9090967483950787
6,12,outrage,congruent,✅,0.7190116901934669
6,12,joy,incongruent,✅,0.4769935704735661
6,12,outrage,incongruent,✅,0.27642509156563067
6,13,traffic,congruent,✅,0.9817896211057396
6,13,snowstorm,congruent,✅,0.9736106149523978
6,13,traffic,incongruent,❌,0.6647379921085925
6,13,snowstorm,incongruent,❌,0.965746549769745
6,14,laughter,congruent,✅,0.679131579712665
6,14,frustration,congruent,✅,0.8848212527961754
6,14,laughter,incongruent,❌,0.5873717703614854
6,14,frustration,incongruent,❌,0.6335869709753496
6,15,calculator,congruent,✅,0.930527575228694
6,15,instrument,congruent,✅,0.802357319371836
6,15,calculator,incongruent,✅,0.11430359406751935
6,15,instrument,incongruent,✅,0.28741465148444423
6,16,orchestra,congruent,✅,0.9150894746346404
6,16,racers,congruent,✅,0.5061617205330894
6,16,orchestra,incongruent,✅,0.2814022719018277
6,16,racers,incongruent,❌,0.8894261442799933
6,17,retirement,congruent,✅,0.8789074058483924
6,17,playdate,congruent,❌,0.4509098976570159
6,17,retirement,incongruent,✅,0.08205009558050771
6,17,playdate,incongruent,✅,0.014245061543565531
6,18,relieved,congruent,❌,0.09731900121250639
6,18,depressed,congruent,❌,0.10117159153633622
6,18,relieved,incongruent,✅,0.09719925950812297
6,18,depressed,incongruent,✅,0.09493916165958526
6,19,friends,congruent,✅,0.5391101739179871
6,19,weight,congruent,✅,0.783676529692477
6,19,friends,incongruent,❌,0.5528230793239861
6,19,weight,incongruent,✅,0.1567399341209464
6,2,overcoat,congruent,❌,0.356441192566497
6,2,sandals,congruent,❌,0.2170002313751642
6,2,overcoat,incongruent,✅,0.03783301366849371
6,2,sandals,incongruent,✅,0.04142234963707063
6,20,lipstick,congruent,✅,0.860097857112726
6,20,song,congruent,❌,0.47111904867515964
6,20,lipstick,incongruent,✅,0.04894557685677295
6,20,song,incongruent,✅,0.11737392583879937
6,21,fought,congruent,❌,0.017379977156874747
6,21,sang,congruent,❌,0.44046132551343437
6,21,fought,incongruent,✅,0.009327509764112018
6,21,sang,incongruent,✅,0.01444812050665501
6,22,skeptical,congruent,❌,0.1305455793328725
6,22,reassured,congruent,❌,0.3790489181859186
6,22,skeptical,incongruent,✅,0.32047117743457854
6,22,reassured,incongruent,✅,0.20614813816215533
6,23,graduation,congruent,✅,0.9494600549973714
6,23,operation,congruent,❌,0.21108542379805845
6,23,graduation,incongruent,✅,0.026088836082337082
6,23,operation,incongruent,✅,0.29040632859511767
6,24,bride,congruent,✅,0.8351837940191221
6,24,aftermath,congruent,❌,0.440098668557622
6,24,bride,incongruent,✅,0.039780955826395965
6,24,aftermath,incongruent,✅,0.005299540606595387
6,25,teacher,congruent,❌,0.22048324729513535
6,25,daughter,congruent,✅,0.9095095263213513
6,25,teacher,incongruent,✅,0.0942415118535625
6,25,daughter,incongruent,✅,0.3942657804903105
6,26,roommate,congruent,✅,0.7971900037310303
6,26,grandma,congruent,✅,0.8543263285673457
6,26,roommate,incongruent,✅,0.13220507145809918
6,26,grandma,incongruent,✅,0.19812572854340932
6,27,brother,congruent,✅,0.6636370035912075
6,27,mother,congruent,✅,0.6136562886904882
6,27,brother,incongruent,❌,0.8759341149510529
6,27,mother,incongruent,✅,0.297714200529927
6,28,preschool,congruent,✅,0.8072467990303605
6,28,prison,congruent,✅,0.7001565188966636
6,28,preschool,incongruent,✅,0.15271225781102907
6,28,prison,incongruent,✅,0.009113399084474467
6,29,hopeful,congruent,✅,0.6594762741787235
6,29,hopeless,congruent,✅,0.6681258000527807
6,29,hopeful,incongruent,✅,0.3372202288587965
6,29,hopeless,incongruent,❌,0.7011590004794968
6,3,marathon,congruent,✅,0.9152115244324648
6,3,exam,congruent,✅,0.9031560743160588
6,3,marathon,incongruent,❌,0.8035187991776586
6,3,exam,incongruent,✅,0.04010708522616966
6,30,appalled,congruent,❌,0.4180670121093842
6,30,overjoyed,congruent,✅,0.6300058490747936
6,30,appalled,incongruent,✅,0.2566858122988043
6,30,overjoyed,incongruent,✅,0.16047963111010025
6,31,reprimand,congruent,✅,0.8311157143252892
6,31,encouragement,congruent,✅,0.5916592707206437
6,31,reprimand,incongruent,✅,0.456616725816214
6,31,encouragement,incongruent,❌,0.5902135136706229
6,32,angrily,congruent,✅,0.9639338737524312
6,32,cordially,congruent,✅,0.7462404764011112
6,32,angrily,incongruent,❌,0.6583019088392185
6,32,cordially,incongruent,❌,0.6319347526308615
6,33,accusatory,congruent,✅,0.6352715542436398
6,33,flirtatious,congruent,❌,0.35479588116481287
6,33,accusatory,incongruent,✅,0.24476922646244484
6,33,flirtatious,incongruent,✅,0.3482917476440276
6,34,disapprovingly,congruent,❌,0.3584400363781814
6,34,lovingly,congruent,✅,0.7053666918948778
6,34,disapprovingly,incongruent,✅,0.4976152526652512
6,34,lovingly,incongruent,✅,0.2692512680259856
6,35,playful,congruent,❌,0.132349688355272
6,35,distant,congruent,✅,0.5337980566607091
6,35,playful,incongruent,✅,0.3994018839841514
6,35,distant,incongruent,✅,0.06798043218977931
6,36,headphones,congruent,❌,0.4181570165717052
6,36,mangoes,congruent,✅,0.8997255427576185
6,36,headphones,incongruent,✅,0.1267164325116015
6,36,mangoes,incongruent,✅,0.22991086241996753
6,37,playroom,congruent,✅,0.899879413985902
6,37,park,congruent,✅,0.9420184077522752
6,37,playroom,incongruent,✅,0.4899589001390504
6,37,park,incongruent,❌,0.8382794258545724
6,38,bedroom,congruent,✅,0.8487763640392523
6,38,backyard,congruent,✅,0.7504106597310951
6,38,bedroom,incongruent,✅,0.3036899421217299
6,38,backyard,incongruent,✅,0.0582232657274293
6,39,solemnly,congruent,❌,0.3148451796622249
6,39,excitedly,congruent,✅,0.8685286559859208
6,39,solemnly,incongruent,❌,0.68779979187094
6,39,excitedly,incongruent,✅,0.1883675569906174
6,4,menu,congruent,✅,0.7913710563653853
6,4,prescription,congruent,✅,0.9677888956157311
6,4,menu,incongruent,✅,0.21410030625314155
6,4,prescription,incongruent,✅,0.01117575692550509
6,40,car,congruent,❌,0.34046565793387695
6,40,sock,congruent,✅,0.549715870429774
6,40,car,incongruent,✅,0.39303914032254783
6,40,sock,incongruent,✅,0.04249042069895325
6,41,overdressed,congruent,✅,0.7731122126653023
6,41,naked,congruent,✅,0.914851808838197
6,41,overdressed,incongruent,❌,0.7450554672440391
6,41,naked,incongruent,❌,0.7471863180146064
6,42,shy,congruent,✅,0.8708687284845897
6,42,lively,congruent,✅,0.8181347429308866
6,42,shy,incongruent,❌,0.7623543081068768
6,42,lively,incongruent,❌,0.8217458484665301
6,43,offended,congruent,✅,0.6866620302579117
6,43,flattered,congruent,❌,0.4041559319083344
6,43,offended,incongruent,✅,0.36684881528171054
6,43,flattered,incongruent,✅,0.21800047200390468
6,44,grandkid,congruent,✅,0.7600152358074916
6,44,cellmate,congruent,✅,0.7838345214228551
6,44,grandkid,incongruent,✅,0.18073049925513107
6,44,cellmate,incongruent,✅,0.2137114620345787
6,45,promoted,congruent,✅,0.5309319815884396
6,45,fired,congruent,❌,0.23317590396254348
6,45,promoted,incongruent,❌,0.5432917526735801
6,45,fired,incongruent,✅,0.3794671221848797
6,46,shooting,congruent,❌,0.3024236382472893
6,46,celebration,congruent,❌,0.3722368003229732
6,46,shooting,incongruent,✅,0.15289490822850668
6,46,celebration,incongruent,✅,0.21530705243593934
6,47,crayon,congruent,✅,0.649373151907119
6,47,beer,congruent,✅,0.99005520573934
6,47,crayon,incongruent,✅,0.0014126991798765292
6,47,beer,incongruent,✅,0.023713913657268156
6,48,waiter,congruent,✅,0.7644903294357789
6,48,taxi,congruent,✅,0.5021750900423043
6,48,waiter,incongruent,✅,0.2140244497690123
6,48,taxi,incongruent,✅,0.21997673172882984
6,49,parents,congruent,✅,0.5671094194569459
6,49,keys,congruent,✅,0.92929850495276
6,49,parents,incongruent,✅,0.34362597070212286
6,49,keys,incongruent,✅,0.25426867346818083
6,5,distress,congruent,✅,0.9757624868805346
6,5,tranquility,congruent,✅,0.5866790496348617
6,5,distress,incongruent,✅,0.37679963894462665
6,5,tranquility,incongruent,❌,0.9335567961779297
6,50,sofa,congruent,✅,0.9427173078624794
6,50,sky,congruent,✅,0.9860217460011487
6,50,sofa,incongruent,✅,0.2336057760844122
6,50,sky,incongruent,✅,0.02744743338355267
6,51,obesity,congruent,❌,0.1326064520872006
6,51,homework,congruent,✅,0.9703420210552784
6,51,obesity,incongruent,✅,0.24047132568784255
6,51,homework,incongruent,✅,0.0433110323869834
6,52,quiz,congruent,✅,0.7036769791433448
6,52,commute,congruent,✅,0.6882507654511416
6,52,quiz,incongruent,✅,0.09891507621736446
6,52,commute,incongruent,✅,0.04402888249060275
6,53,migraine,congruent,✅,0.9511294519046497
6,53,excitement,congruent,❌,0.12922598934755333
6,53,migraine,incongruent,✅,0.06537982867083796
6,53,excitement,incongruent,✅,0.4245661845322252
6,54,niece,congruent,✅,0.883369432381589
6,54,husband,congruent,❌,0.3624512317370472
6,54,niece,incongruent,❌,0.9059189898476905
6,54,husband,incongruent,✅,0.3601203143679448
6,55,film,congruent,✅,0.852669117424541
6,55,sunrise,congruent,✅,0.9180657000232951
6,55,film,incongruent,✅,0.1650645958942984
6,55,sunrise,incongruent,✅,0.27985755950492325
6,56,lecture,congruent,✅,0.947991851588856
6,56,banquet,congruent,✅,0.8648620151980319
6,56,lecture,incongruent,✅,0.1000109975419145
6,56,banquet,incongruent,✅,0.021883766931551824
6,57,drink,congruent,✅,0.9983974701127476
6,57,textbook,congruent,✅,0.8738055496356391
6,57,drink,incongruent,✅,0.004499149631917023
6,57,textbook,incongruent,✅,0.07474315620449444
6,58,pool,congruent,❌,0.3057196817907683
6,58,snow,congruent,❌,0.0704805381318437
6,58,pool,incongruent,✅,0.0191688154402229
6,58,snow,incongruent,✅,0.11798819671638902
6,59,passport,congruent,✅,0.7312294616102355
6,59,plushy,congruent,✅,0.9932981846820287
6,59,passport,incongruent,❌,0.6188592217676375
6,59,plushy,incongruent,✅,0.04133162378676474
6,6,patients,congruent,✅,0.9966401224112774
6,6,students,congruent,✅,0.9749283895802225
6,6,patients,incongruent,✅,0.1676770356300064
6,6,students,incongruent,✅,0.1362045237305544
6,60,sister,congruent,✅,0.6289298680708041
6,60,father,congruent,❌,0.44917733231516876
6,60,sister,incongruent,✅,0.1346479076125961
6,60,father,incongruent,❌,0.5270052547961281
6,61,game,congruent,✅,0.9930366231474929
6,61,sunset,congruent,✅,0.9612237335437575
6,61,game,incongruent,❌,0.6901284796719199
6,61,sunset,incongruent,✅,0.18460953575096772
6,62,holidays,congruent,✅,0.9750572265801163
6,62,funeral,congruent,✅,0.842269612556521
6,62,holidays,incongruent,✅,0.22201154350138508
6,62,funeral,incongruent,❌,0.8335891011765332
6,63,grades,congruent,❌,0.3755813285067958
6,63,affair,congruent,❌,0.4497877801892729
6,63,grades,incongruent,✅,0.18515447740172628
6,63,affair,incongruent,✅,0.05306191768781773
6,64,arrest,congruent,✅,0.9509713643016835
6,64,stroke,congruent,✅,0.60837715593074
6,64,arrest,incongruent,❌,0.5319611772833351
6,64,stroke,incongruent,❌,0.8919121667189454
6,65,pacifier,congruent,✅,0.8325927030733742
6,65,coffee,congruent,✅,0.955821391254337
6,65,pacifier,incongruent,✅,0.03944642451013233
6,65,coffee,incongruent,✅,0.12645333017908345
6,66,sweets,congruent,✅,0.9250727271583122
6,66,sentencing,congruent,❌,0.14731747486019722
6,66,sweets,incongruent,✅,0.00709677277108499
6,66,sentencing,incongruent,✅,0.01867593016171044
6,67,nap,congruent,✅,0.9894281092070318
6,67,selfie,congruent,✅,0.9307407153270176
6,67,nap,incongruent,✅,0.3288257242887704
6,67,selfie,incongruent,✅,0.0896081160298448
6,68,diaper,congruent,✅,0.9694139694994649
6,68,tire,congruent,✅,0.979265046727904
6,68,diaper,incongruent,✅,0.054821309897057816
6,68,tire,incongruent,✅,0.23974782161697367
6,69,chemotherapy,congruent,✅,0.6901293519249602
6,69,golf,congruent,✅,0.9746195634819624
6,69,chemotherapy,incongruent,✅,0.11730997425478883
6,69,golf,incongruent,✅,0.29053232751371655
6,7,consensus,congruent,✅,0.8275301356075246
6,7,deadlock,congruent,❌,0.4516103810987977
6,7,consensus,incongruent,✅,0.27396439330325456
6,7,deadlock,incongruent,❌,0.8690475003852136
6,70,thunder,congruent,✅,0.522136624235702
6,70,lullaby,congruent,✅,0.921576766084747
6,70,thunder,incongruent,✅,0.15789832170116053
6,70,lullaby,incongruent,✅,0.005755360583726612
6,71,pajamas,congruent,✅,0.8111101790249416
6,71,uniform,congruent,✅,0.9539233715521693
6,71,pajamas,incongruent,❌,0.6426450323822422
6,71,uniform,incongruent,✅,0.04484627675948701
6,72,gown,congruent,✅,0.9931468173069704
6,72,sweats,congruent,❌,0.45979388714564784
6,72,gown,incongruent,✅,0.3370963457680314
6,72,sweats,incongruent,❌,0.7110660993493202
6,73,deadline,congruent,❌,0.2692306658590523
6,73,bed,congruent,✅,0.987932211795893
6,73,deadline,incongruent,✅,0.0702788142273804
6,73,bed,incongruent,✅,0.04703575002378877
6,74,kindergarten,congruent,✅,0.7443397058044691
6,74,jail,congruent,❌,0.34485021783668685
6,74,kindergarten,incongruent,✅,0.18910425775781597
6,74,jail,incongruent,✅,0.33388443080046715
6,75,interrogated,congruent,✅,0.6424519893477884
6,75,tickled,congruent,✅,0.7115490923510638
6,75,interrogated,incongruent,❌,0.5604290636551299
6,75,tickled,incongruent,✅,0.22898969669788957
6,76,sandcastle,congruent,✅,0.9854344708960555
6,76,snowman,congruent,✅,0.9779470305527854
6,76,sandcastle,incongruent,✅,0.30471734142577234
6,76,snowman,incongruent,❌,0.9460409405129785
6,77,music,congruent,✅,0.9935910887528173
6,77,pizza,congruent,✅,0.9954054497904502
6,77,music,incongruent,✅,0.40536837568801304
6,77,pizza,incongruent,✅,0.0702430847705247
6,78,playoffs,congruent,✅,0.7549722744689381
6,78,cartoon,congruent,✅,0.9455553279741409
6,78,playoffs,incongruent,✅,0.03654432164120674
6,78,cartoon,incongruent,✅,0.060632298445004916
6,79,alcoholism,congruent,✅,0.6891559222091036
6,79,academics,congruent,✅,0.9779280361408297
6,79,alcoholism,incongruent,❌,0.5096939759729963
6,79,academics,incongruent,✅,0.30340533838096057
6,8,engagement,congruent,✅,0.8928681219065728
6,8,cancer,congruent,✅,0.6966069906396132
6,8,engagement,incongruent,✅,0.3309781593926495
6,8,cancer,incongruent,❌,0.9049801984956239
6,9,terminal,congruent,✅,0.9753552578390153
6,9,classroom,congruent,✅,0.663050480039731
6,9,terminal,incongruent,❌,0.644666183177887
6,9,classroom,incongruent,❌,0.7904056937261301
7,0,library,congruent,✅,0.5151604463719449
7,0,refrigerator,congruent,✅,0.8023474387983
7,0,library,incongruent,✅,0.03498419080892878
7,0,refrigerator,incongruent,✅,0.00394932002638677
7,1,disappointment,congruent,✅,0.8191851608815033
7,1,delight,congruent,✅,0.6961288881007468
7,1,disappointment,incongruent,✅,0.07699065500770605
7,1,delight,incongruent,❌,0.68274249863912
7,10,cash,congruent,❌,0.4305802423701182
7,10,groceries,congruent,✅,0.8042528431749878
7,10,cash,incongruent,✅,0.2574213545173173
7,10,groceries,incongruent,✅,0.06107935727816763
7,11,lonely,congruent,✅,0.893449021478041
7,11,confident,congruent,✅,0.7973778299833314
7,11,lonely,incongruent,✅,0.40777568963673844
7,11,confident,incongruent,✅,0.40064086047961617
7,12,joy,congruent,✅,0.9213460323106661
7,12,outrage,congruent,✅,0.5404209690401227
7,12,joy,incongruent,✅,0.29125056840087277
7,12,outrage,incongruent,✅,0.4074359707487019
7,13,traffic,congruent,✅,0.9682125618132289
7,13,snowstorm,congruent,✅,0.9807658010927096
7,13,traffic,incongruent,❌,0.7187516783490034
7,13,snowstorm,incongruent,❌,0.9717825662089926
7,14,laughter,congruent,✅,0.845680606351841
7,14,frustration,congruent,✅,0.9684342918662159
7,14,laughter,incongruent,❌,0.6589963050381519
7,14,frustration,incongruent,❌,0.6392132943250791
7,15,calculator,congruent,✅,0.8724596581442486
7,15,instrument,congruent,✅,0.7246095167240161
7,15,calculator,incongruent,✅,0.28071076816290197
7,15,instrument,incongruent,✅,0.08796297687942098
7,16,orchestra,congruent,✅,0.7594460434610346
7,16,racers,congruent,✅,0.915234878749065
7,16,orchestra,incongruent,✅,0.11885412609975739
7,16,racers,incongruent,❌,0.910153091237894
7,17,retirement,congruent,✅,0.9642763637332247
7,17,playdate,congruent,❌,0.40044562552613877
7,17,retirement,incongruent,✅,0.057482097059462826
7,17,playdate,incongruent,✅,0.013456602793594003
7,18,relieved,congruent,❌,0.14279226073538157
7,18,depressed,congruent,❌,0.025973885094928057
7,18,relieved,incongruent,✅,0.028582452712538235
7,18,depressed,incongruent,✅,0.1523000397337626
7,19,friends,congruent,❌,0.3634306445353209
7,19,weight,congruent,✅,0.6916082822493335
7,19,friends,incongruent,❌,0.5009961558019888
7,19,weight,incongruent,✅,0.1087176495857853
7,2,overcoat,congruent,❌,0.34717381729200386
7,2,sandals,congruent,✅,0.5275214261678476
7,2,overcoat,incongruent,✅,0.0885561648359156
7,2,sandals,incongruent,✅,0.11038220112310465
7,20,lipstick,congruent,✅,0.8749606204064562
7,20,song,congruent,✅,0.9505778574523231
7,20,lipstick,incongruent,✅,0.2031040941651279
7,20,song,incongruent,✅,0.09372754511645826
7,21,fought,congruent,❌,0.057969348836055985
7,21,sang,congruent,✅,0.7750213094495899
7,21,fought,incongruent,✅,0.04425650868306813
7,21,sang,incongruent,✅,0.05315087361076088
7,22,skeptical,congruent,❌,0.1533934584003591
7,22,reassured,congruent,❌,0.1532364068194727
7,22,skeptical,incongruent,✅,0.09603814225136408
7,22,reassured,incongruent,✅,0.22191935176911687
7,23,graduation,congruent,✅,0.995848959835463
7,23,operation,congruent,✅,0.869710435452536
7,23,graduation,incongruent,✅,0.02737146540622814
7,23,operation,incongruent,✅,0.06794647442869801
7,24,bride,congruent,✅,0.9573338146838695
7,24,aftermath,congruent,✅,0.8366930466928632
7,24,bride,incongruent,✅,0.1988046226993599
7,24,aftermath,incongruent,✅,0.02045833937076234
7,25,teacher,congruent,✅,0.6405316702714519
7,25,daughter,congruent,✅,0.9840183106284908
7,25,teacher,incongruent,✅,0.07151324357639574
7,25,daughter,incongruent,❌,0.646122452637299
7,26,roommate,congruent,✅,0.7735263619011223
7,26,grandma,congruent,✅,0.9854954149814581
7,26,roommate,incongruent,✅,0.12590099396309568
7,26,grandma,incongruent,✅,0.10599589306855821
7,27,brother,congruent,✅,0.7061642444268692
7,27,mother,congruent,✅,0.6157392939767623
7,27,brother,incongruent,❌,0.5452118338888946
7,27,mother,incongruent,❌,0.7128205177061491
7,28,preschool,congruent,✅,0.8206964163806316
7,28,prison,congruent,✅,0.8278959910113484
7,28,preschool,incongruent,✅,0.07394589376250484
7,28,prison,incongruent,✅,0.005179344009279926
7,29,hopeful,congruent,❌,0.48074813014063933
7,29,hopeless,congruent,✅,0.9062031713833997
7,29,hopeful,incongruent,❌,0.5082028334100548
7,29,hopeless,incongruent,❌,0.5532270385999837
7,3,marathon,congruent,✅,0.6137030648359546
7,3,exam,congruent,✅,0.6072797702743727
7,3,marathon,incongruent,✅,0.021591669921302962
7,3,exam,incongruent,✅,0.021087487473884926
7,30,appalled,congruent,❌,0.3505906526022532
7,30,overjoyed,congruent,❌,0.44933546561576443
7,30,appalled,incongruent,✅,0.1434208988856979
7,30,overjoyed,incongruent,✅,0.21695939036012632
7,31,reprimand,congruent,✅,0.9391731090010687
7,31,encouragement,congruent,✅,0.5365627316484118
7,31,reprimand,incongruent,✅,0.34022296897329707
7,31,encouragement,incongruent,❌,0.7741568012491908
7,32,angrily,congruent,✅,0.9250022712192293
7,32,cordially,congruent,✅,0.6079378341828717
7,32,angrily,incongruent,✅,0.25054434350645755
7,32,cordially,incongruent,✅,0.2843144645970199
7,33,accusatory,congruent,✅,0.7926515268458914
7,33,flirtatious,congruent,❌,0.4959531062155939
7,33,accusatory,incongruent,✅,0.36251077930020553
7,33,flirtatious,incongruent,✅,0.34630752953730537
7,34,disapprovingly,congruent,❌,0.48633896101313817
7,34,lovingly,congruent,✅,0.8031499871753718
7,34,disapprovingly,incongruent,❌,0.6864082326965801
7,34,lovingly,incongruent,✅,0.2762911696675118
7,35,playful,congruent,❌,0.24366851264698086
7,35,distant,congruent,✅,0.7975379937151583
7,35,playful,incongruent,❌,0.7261764462385792
7,35,distant,incongruent,✅,0.07259048042292306
7,36,headphones,congruent,✅,0.7515133171366523
7,36,mangoes,congruent,✅,0.9857352551530946
7,36,headphones,incongruent,✅,0.275132972104937
7,36,mangoes,incongruent,✅,0.0715036459837532
7,37,playroom,congruent,✅,0.9737736583701155
7,37,park,congruent,✅,0.9932707600972448
7,37,playroom,incongruent,❌,0.8574504062409554
7,37,park,incongruent,❌,0.9048973149014878
7,38,bedroom,congruent,✅,0.7952669386098111
7,38,backyard,congruent,❌,0.47793261315925367
7,38,bedroom,incongruent,✅,0.07091442241889527
7,38,backyard,incongruent,✅,0.06778570074305082
7,39,solemnly,congruent,✅,0.617943119884902
7,39,excitedly,congruent,✅,0.9273570765852173
7,39,solemnly,incongruent,❌,0.7952953342908375
7,39,excitedly,incongruent,✅,0.29350245400609226
7,4,menu,congruent,❌,0.4007806823721216
7,4,prescription,congruent,✅,0.9900137400044486
7,4,menu,incongruent,✅,0.03401569606087041
7,4,prescription,incongruent,✅,0.011317617523934077
7,40,car,congruent,✅,0.6814113231349046
7,40,sock,congruent,❌,0.27528644458258417
7,40,car,incongruent,✅,0.23729359817659018
7,40,sock,incongruent,✅,0.01421498776349712
7,41,overdressed,congruent,✅,0.7718331168070288
7,41,naked,congruent,✅,0.7853932541497877
7,41,overdressed,incongruent,❌,0.59073012707789
7,41,naked,incongruent,✅,0.19198586119746264
7,42,shy,congruent,✅,0.9440492124359545
7,42,lively,congruent,✅,0.8866950425596232
7,42,shy,incongruent,❌,0.7908284521734879
7,42,lively,incongruent,❌,0.8872142534130093
7,43,offended,congruent,✅,0.653046762401024
7,43,flattered,congruent,✅,0.7011946987377868
7,43,offended,incongruent,✅,0.4171076955509
7,43,flattered,incongruent,✅,0.377846661466366
7,44,grandkid,congruent,✅,0.9069475493454828
7,44,cellmate,congruent,✅,0.9459855848587735
7,44,grandkid,incongruent,✅,0.06538305424909888
7,44,cellmate,incongruent,✅,0.32426151255017643
7,45,promoted,congruent,❌,0.26344449875737935
7,45,fired,congruent,❌,0.3072976712426142
7,45,promoted,incongruent,✅,0.3611404352082231
7,45,fired,incongruent,✅,0.4250576727432742
7,46,shooting,congruent,✅,0.5341894751707303
7,46,celebration,congruent,✅,0.5572899687766527
7,46,shooting,incongruent,✅,0.1094054384895378
7,46,celebration,incongruent,✅,0.45247299325025936
7,47,crayon,congruent,✅,0.5978138027710976
7,47,beer,congruent,✅,0.9863024935927671
7,47,crayon,incongruent,✅,0.0038159531305846928
7,47,beer,incongruent,✅,0.007419746637880935
7,48,waiter,congruent,✅,0.6863285721951683
7,48,taxi,congruent,✅,0.8205577275808635
7,48,waiter,incongruent,✅,0.49543903211187656
7,48,taxi,incongruent,✅,0.059200985630585984
7,49,parents,congruent,✅,0.774772038141909
7,49,keys,congruent,✅,0.8529165463476951
7,49,parents,incongruent,✅,0.1845415712305823
7,49,keys,incongruent,✅,0.36241192594008637
7,5,distress,congruent,✅,0.94851564124973
7,5,tranquility,congruent,✅,0.6943992287211728
7,5,distress,incongruent,✅,0.32617985204599825
7,5,tranquility,incongruent,❌,0.8450710626031069
7,50,sofa,congruent,✅,0.9831546575245436
7,50,sky,congruent,✅,0.9548503837189127
7,50,sofa,incongruent,✅,0.1229578823297641
7,50,sky,incongruent,✅,0.11108559919657729
7,51,obesity,congruent,❌,0.4694744481647707
7,51,homework,congruent,✅,0.9848717594910679
7,51,obesity,incongruent,✅,0.0295600170713649
7,51,homework,incongruent,✅,0.10549214469786158
7,52,quiz,congruent,✅,0.9626333298811588
7,52,commute,congruent,✅,0.5250921813454372
7,52,quiz,incongruent,✅,0.000876612856977972
7,52,commute,incongruent,✅,0.20349298513158293
7,53,migraine,congruent,✅,0.9783732540780441
7,53,excitement,congruent,❌,0.19798838779025754
7,53,migraine,incongruent,✅,0.006399662640847899
7,53,excitement,incongruent,✅,0.2565890648450191
7,54,niece,congruent,✅,0.907690625203932
7,54,husband,congruent,✅,0.6205388591692683
7,54,niece,incongruent,❌,0.9254246586259701
7,54,husband,incongruent,✅,0.4352981856703981
7,55,film,congruent,❌,0.29728813353483036
7,55,sunrise,congruent,✅,0.8993624861597167
7,55,film,incongruent,✅,0.00832050212603926
7,55,sunrise,incongruent,✅,0.22348329582309548
7,56,lecture,congruent,✅,0.9793292572132729
7,56,banquet,congruent,✅,0.9660954892666522
7,56,lecture,incongruent,✅,0.007742889585546592
7,56,banquet,incongruent,✅,0.0162053697184503
7,57,drink,congruent,✅,0.9987276279185762
7,57,textbook,congruent,✅,0.9715636062627827
7,57,drink,incongruent,✅,0.002566357276475895
7,57,textbook,incongruent,✅,0.038407775685898975
7,58,pool,congruent,✅,0.7064484329540838
7,58,snow,congruent,❌,0.046081322308559006
7,58,pool,incongruent,✅,0.017071333898751775
7,58,snow,incongruent,✅,0.042283902008448296
7,59,passport,congruent,✅,0.9737308828924949
7,59,plushy,congruent,✅,0.996573316289646
7,59,passport,incongruent,✅,0.13430197939071614
7,59,plushy,incongruent,✅,0.05873301300132606
7,6,patients,congruent,✅,0.993873939566232
7,6,students,congruent,✅,0.980429905626071
7,6,patients,incongruent,✅,0.07367301661689371
7,6,students,incongruent,✅,0.05206139457990765
7,60,sister,congruent,❌,0.24505743236348962
7,60,father,congruent,❌,0.31985187273287274
7,60,sister,incongruent,✅,0.08326235402601183
7,60,father,incongruent,✅,0.19883956263360716
7,61,game,congruent,✅,0.9982947952880473
7,61,sunset,congruent,✅,0.9670766496538049
7,61,game,incongruent,✅,0.4178859053618465
7,61,sunset,incongruent,✅,0.3333712884192638
7,62,holidays,congruent,✅,0.965243889061354
7,62,funeral,congruent,✅,0.9800547907928941
7,62,holidays,incongruent,✅,0.09444562822716826
7,62,funeral,incongruent,❌,0.6814960787896694
7,63,grades,congruent,✅,0.5779269430399833
7,63,affair,congruent,❌,0.2007995165191892
7,63,grades,incongruent,✅,0.058777310075696594
7,63,affair,incongruent,✅,0.07239572160051465
7,64,arrest,congruent,✅,0.9851738286586837
7,64,stroke,congruent,✅,0.5932887299447329
7,64,arrest,incongruent,✅,0.49624384431190754
7,64,stroke,incongruent,❌,0.6175818096540092
7,65,pacifier,congruent,✅,0.8349396042956063
7,65,coffee,congruent,✅,0.9969455832829721
7,65,pacifier,incongruent,✅,0.006495014410180622
7,65,coffee,incongruent,✅,0.07412075406678578
7,66,sweets,congruent,✅,0.9772332113974349
7,66,sentencing,congruent,❌,0.1090820402149041
7,66,sweets,incongruent,✅,0.0038393710389206526
7,66,sentencing,incongruent,✅,0.010747885462480056
7,67,nap,congruent,✅,0.9772898316241256
7,67,selfie,congruent,✅,0.8937588253728889
7,67,nap,incongruent,✅,0.052745190159374115
7,67,selfie,incongruent,✅,0.07505925124140284
7,68,diaper,congruent,✅,0.9637319714279903
7,68,tire,congruent,✅,0.9742076637107632
7,68,diaper,incongruent,✅,0.003954176874774122
7,68,tire,incongruent,✅,0.10999950947097885
7,69,chemotherapy,congruent,✅,0.9441616956849146
7,69,golf,congruent,✅,0.9901780763529412
7,69,chemotherapy,incongruent,✅,0.0337963679408044
7,69,golf,incongruent,✅,0.07660809664695865
7,7,consensus,congruent,✅,0.7809424424942212
7,7,deadlock,congruent,✅,0.7418590889690757
7,7,consensus,incongruent,❌,0.5206130335456227
7,7,deadlock,incongruent,❌,0.8466900036466909
7,70,thunder,congruent,✅,0.7854317747568225
7,70,lullaby,congruent,✅,0.6625064202489194
7,70,thunder,incongruent,✅,0.007998182752398856
7,70,lullaby,incongruent,✅,0.017293121079172812
7,71,pajamas,congruent,✅,0.8870222659190447
7,71,uniform,congruent,✅,0.9962176633453627
7,71,pajamas,incongruent,❌,0.7478840790190453
7,71,uniform,incongruent,✅,0.12955565698833205
7,72,gown,congruent,✅,0.9955564293363907
7,72,sweats,congruent,❌,0.4467857100863449
7,72,gown,incongruent,✅,0.06279863312119495
7,72,sweats,incongruent,✅,0.3131710615546098
7,73,deadline,congruent,❌,0.4025074003868245
7,73,bed,congruent,✅,0.9846252977169903
7,73,deadline,incongruent,✅,0.018494025358610895
7,73,bed,incongruent,✅,0.0854591754435709
7,74,kindergarten,congruent,❌,0.4294122147984743
7,74,jail,congruent,❌,0.24597354753963202
7,74,kindergarten,incongruent,✅,0.023166350457523775
7,74,jail,incongruent,✅,0.14122219374129147
7,75,interrogated,congruent,✅,0.8753707545679481
7,75,tickled,congruent,✅,0.9336116018300474
7,75,interrogated,incongruent,❌,0.8404793792281822
7,75,tickled,incongruent,✅,0.007379326834189426
7,76,sandcastle,congruent,✅,0.96883159963722
7,76,snowman,congruent,✅,0.992602134812173
7,76,sandcastle,incongruent,❌,0.6227885835507189
7,76,snowman,incongruent,❌,0.8173338501824652
7,77,music,congruent,✅,0.9991398290788235
7,77,pizza,congruent,✅,0.9995876574010688
7,77,music,incongruent,✅,0.03044661399330912
7,77,pizza,incongruent,✅,0.02958841893259033
7,78,playoffs,congruent,✅,0.9415604237338738
7,78,cartoon,congruent,✅,0.9558089631806204
7,78,playoffs,incongruent,✅,0.06250528764184475
7,78,cartoon,incongruent,✅,0.1879942969198267
7,79,alcoholism,congruent,✅,0.8287806668997425
7,79,academics,congruent,✅,0.9937922129320595
7,79,alcoholism,incongruent,✅,0.28180991884535445
7,79,academics,incongruent,✅,0.2446985310745676
7,8,engagement,congruent,✅,0.8759742493871076
7,8,cancer,congruent,❌,0.33451481332051847
7,8,engagement,incongruent,✅,0.14037909147588348
7,8,cancer,incongruent,❌,0.7413402783921884
7,9,terminal,congruent,✅,0.995967422453486
7,9,classroom,congruent,✅,0.5191411177405533
7,9,terminal,incongruent,✅,0.34433810241488805
7,9,classroom,incongruent,❌,0.6363080199573312
8,0,library,congruent,❌,0.3177782666223521
8,0,refrigerator,congruent,✅,0.5764390146702381
8,0,library,incongruent,✅,0.021903378739236895
8,0,refrigerator,incongruent,✅,0.001902363574918858
8,1,disappointment,congruent,✅,0.8041840399723994
8,1,delight,congruent,✅,0.6013094508248674
8,1,disappointment,incongruent,✅,0.05608553899798018
8,1,delight,incongruent,✅,0.4989541761040477
8,10,cash,congruent,✅,0.7172421922204832
8,10,groceries,congruent,✅,0.8918757958052898
8,10,cash,incongruent,❌,0.5209162775605986
8,10,groceries,incongruent,✅,0.2224994876026277
8,11,lonely,congruent,✅,0.8378306539246816
8,11,confident,congruent,✅,0.6604230319209682
8,11,lonely,incongruent,✅,0.3582308162859694
8,11,confident,incongruent,✅,0.32093030902424097
8,12,joy,congruent,✅,0.9640670369003737
8,12,outrage,congruent,❌,0.3844403279209751
8,12,joy,incongruent,✅,0.09249864185277243
8,12,outrage,incongruent,❌,0.609422360159651
8,13,traffic,congruent,✅,0.9829889960019879
8,13,snowstorm,congruent,✅,0.992498815273434
8,13,traffic,incongruent,❌,0.9046913824045313
8,13,snowstorm,incongruent,❌,0.9831318634344968
8,14,laughter,congruent,✅,0.9220773957854141
8,14,frustration,congruent,✅,0.9761137822023094
8,14,laughter,incongruent,❌,0.7317360288407871
8,14,frustration,incongruent,❌,0.7848823145077245
8,15,calculator,congruent,✅,0.9663023230057165
8,15,instrument,congruent,✅,0.8075589167364081
8,15,calculator,incongruent,✅,0.13940350876790641
8,15,instrument,incongruent,✅,0.2672976562398891
8,16,orchestra,congruent,✅,0.6464315316346895
8,16,racers,congruent,✅,0.9162298494546974
8,16,orchestra,incongruent,✅,0.13085299680713686
8,16,racers,incongruent,❌,0.8622522592764756
8,17,retirement,congruent,✅,0.9437814925670772
8,17,playdate,congruent,❌,0.30783760734448623
8,17,retirement,incongruent,✅,0.051853341598653936
8,17,playdate,incongruent,✅,0.01600655484968998
8,18,relieved,congruent,❌,0.1785307699035064
8,18,depressed,congruent,❌,0.057598799556522896
8,18,relieved,incongruent,✅,0.05065249556130712
8,18,depressed,incongruent,✅,0.1389811313479654
8,19,friends,congruent,❌,0.31105463771514935
8,19,weight,congruent,✅,0.92910909642241
8,19,friends,incongruent,❌,0.7439711666921126
8,19,weight,incongruent,✅,0.1036522064667821
8,2,overcoat,congruent,✅,0.5384896912843572
8,2,sandals,congruent,❌,0.32961608688430827
8,2,overcoat,incongruent,✅,0.07013167783631058
8,2,sandals,incongruent,✅,0.12508200469973024
8,20,lipstick,congruent,✅,0.8684213035396875
8,20,song,congruent,✅,0.9190517260270354
8,20,lipstick,incongruent,✅,0.2335608342098022
8,20,song,incongruent,✅,0.053503610083427536
8,21,fought,congruent,❌,0.04247651552822402
8,21,sang,congruent,✅,0.83819085836504
8,21,fought,incongruent,✅,0.045705658428622446
8,21,sang,incongruent,✅,0.043316538139375284
8,22,skeptical,congruent,❌,0.21233256796669867
8,22,reassured,congruent,❌,0.17421418694772928
8,22,skeptical,incongruent,✅,0.12868518953628844
8,22,reassured,incongruent,✅,0.2431767142609053
8,23,graduation,congruent,✅,0.995091945639382
8,23,operation,congruent,✅,0.8372630823962363
8,23,graduation,incongruent,✅,0.0276458462499176
8,23,operation,incongruent,✅,0.12927483509653276
8,24,bride,congruent,✅,0.8932654186060609
8,24,aftermath,congruent,✅,0.9434759995284149
8,24,bride,incongruent,✅,0.372786063223565
8,24,aftermath,incongruent,✅,0.015996426030929673
8,25,teacher,congruent,✅,0.5396586475506511
8,25,daughter,congruent,✅,0.9530489455856723
8,25,teacher,incongruent,✅,0.04491513691373446
8,25,daughter,incongruent,✅,0.47151975064547674
8,26,roommate,congruent,✅,0.8958900668908898
8,26,grandma,congruent,✅,0.9935080711156673
8,26,roommate,incongruent,✅,0.18500867813596325
8,26,grandma,incongruent,✅,0.06699324499469235
8,27,brother,congruent,✅,0.5929004491915286
8,27,mother,congruent,✅,0.6927177393358034
8,27,brother,incongruent,❌,0.5366957141119243
8,27,mother,incongruent,❌,0.7401423643578794
8,28,preschool,congruent,✅,0.8041333528595338
8,28,prison,congruent,✅,0.6874710851854446
8,28,preschool,incongruent,✅,0.044568634367454764
8,28,prison,incongruent,✅,0.00702697378689239
8,29,hopeful,congruent,❌,0.4969798030458841
8,29,hopeless,congruent,✅,0.8851623921825231
8,29,hopeful,incongruent,✅,0.34447315950222246
8,29,hopeless,incongruent,❌,0.5928170931011959
8,3,marathon,congruent,✅,0.7083385919651497
8,3,exam,congruent,✅,0.8000147694613904
8,3,marathon,incongruent,✅,0.13386344886712145
8,3,exam,incongruent,✅,0.02769402090090768
8,30,appalled,congruent,❌,0.49005928147174355
8,30,overjoyed,congruent,✅,0.610863611882416
8,30,appalled,incongruent,✅,0.25689946167508165
8,30,overjoyed,incongruent,✅,0.3544085010503276
8,31,reprimand,congruent,✅,0.8819582104146692
8,31,encouragement,congruent,✅,0.6308358909955672
8,31,reprimand,incongruent,✅,0.38300390714595656
8,31,encouragement,incongruent,❌,0.5641171371899981
8,32,angrily,congruent,✅,0.9332532948601305
8,32,cordially,congruent,❌,0.43923123146042703
8,32,angrily,incongruent,✅,0.14952699390204024
8,32,cordially,incongruent,✅,0.12253045309960506
8,33,accusatory,congruent,✅,0.8276742346358188
8,33,flirtatious,congruent,✅,0.534967689158243
8,33,accusatory,incongruent,✅,0.14520336617839286
8,33,flirtatious,incongruent,✅,0.25974296262400304
8,34,disapprovingly,congruent,✅,0.5853600335007737
8,34,lovingly,congruent,✅,0.8469146329382069
8,34,disapprovingly,incongruent,❌,0.6226828007137512
8,34,lovingly,incongruent,✅,0.2994638791564142
8,35,playful,congruent,❌,0.4134757084066545
8,35,distant,congruent,✅,0.6955627036890811
8,35,playful,incongruent,❌,0.6457580770424568
8,35,distant,incongruent,✅,0.0861830133508617
8,36,headphones,congruent,✅,0.8171849577665699
8,36,mangoes,congruent,✅,0.9808675454204329
8,36,headphones,incongruent,✅,0.09445314881047658
8,36,mangoes,incongruent,✅,0.1065206318850903
8,37,playroom,congruent,✅,0.9629494693065606
8,37,park,congruent,✅,0.9956545272719277
8,37,playroom,incongruent,❌,0.8367639115659476
8,37,park,incongruent,❌,0.6915381325586375
8,38,bedroom,congruent,✅,0.8966655934966308
8,38,backyard,congruent,✅,0.8554142277059026
8,38,bedroom,incongruent,✅,0.18022851362239423
8,38,backyard,incongruent,✅,0.05670352764713652
8,39,solemnly,congruent,✅,0.6038605247852326
8,39,excitedly,congruent,✅,0.9168764231640554
8,39,solemnly,incongruent,❌,0.7354460530547503
8,39,excitedly,incongruent,✅,0.24028361992243746
8,4,menu,congruent,✅,0.6985814575424262
8,4,prescription,congruent,✅,0.9895565450068692
8,4,menu,incongruent,✅,0.03182095339588153
8,4,prescription,incongruent,✅,0.01343365035440782
8,40,car,congruent,❌,0.4336117594933879
8,40,sock,congruent,❌,0.22037324587829643
8,40,car,incongruent,✅,0.13468480766138283
8,40,sock,incongruent,✅,0.017731847088805913
8,41,overdressed,congruent,✅,0.7515672563304537
8,41,naked,congruent,✅,0.7554619304984506
8,41,overdressed,incongruent,❌,0.5115172602979635
8,41,naked,incongruent,✅,0.23788937228898147
8,42,shy,congruent,✅,0.9546878832260837
8,42,lively,congruent,✅,0.9580197225767546
8,42,shy,incongruent,❌,0.9301802150738254
8,42,lively,incongruent,❌,0.9313022126936429
8,43,offended,congruent,✅,0.945934601077576
8,43,flattered,congruent,✅,0.8741848995280797
8,43,offended,incongruent,❌,0.6946039278660938
8,43,flattered,incongruent,❌,0.8183998332717319
8,44,grandkid,congruent,✅,0.7691710510558178
8,44,cellmate,congruent,✅,0.9422075914503668
8,44,grandkid,incongruent,✅,0.04442216671345532
8,44,cellmate,incongruent,✅,0.1171787805739429
8,45,promoted,congruent,❌,0.28577693684115424
8,45,fired,congruent,❌,0.45810137992623823
8,45,promoted,incongruent,✅,0.41072642890629013
8,45,fired,incongruent,✅,0.4089324041070289
8,46,shooting,congruent,❌,0.4525324617136828
8,46,celebration,congruent,✅,0.5184161759649791
8,46,shooting,incongruent,✅,0.1120341750207164
8,46,celebration,incongruent,✅,0.3790477013234441
8,47,crayon,congruent,✅,0.8669764208729919
8,47,beer,congruent,✅,0.9958444221971803
8,47,crayon,incongruent,✅,0.013548598203521339
8,47,beer,incongruent,✅,0.01806961876765389
8,48,waiter,congruent,✅,0.7462836558913302
8,48,taxi,congruent,✅,0.7872973946384347
8,48,waiter,incongruent,❌,0.5322633129740918
8,48,taxi,incongruent,✅,0.05081128491662317
8,49,parents,congruent,✅,0.9142120979514818
8,49,keys,congruent,✅,0.9286600941036107
8,49,parents,incongruent,✅,0.44872722685109573
8,49,keys,incongruent,✅,0.47680625759945083
8,5,distress,congruent,✅,0.8947199635682664
8,5,tranquility,congruent,❌,0.3981432932241777
8,5,distress,incongruent,✅,0.08930843256518398
8,5,tranquility,incongruent,❌,0.7623336581653265
8,50,sofa,congruent,✅,0.9742463582325918
8,50,sky,congruent,✅,0.847517994769861
8,50,sofa,incongruent,✅,0.029066233842920855
8,50,sky,incongruent,✅,0.14932014891704692
8,51,obesity,congruent,❌,0.2442876621897424
8,51,homework,congruent,✅,0.9725943031781155
8,51,obesity,incongruent,✅,0.052499950379363995
8,51,homework,incongruent,✅,0.03754646224825869
8,52,quiz,congruent,✅,0.7625347621456207
8,52,commute,congruent,✅,0.6883141906473184
8,52,quiz,incongruent,✅,0.00354315815550977
8,52,commute,incongruent,✅,0.06887459483821873
8,53,migraine,congruent,✅,0.9776222403923651
8,53,excitement,congruent,❌,0.06046521794971076
8,53,migraine,incongruent,✅,0.0025454063189892647
8,53,excitement,incongruent,✅,0.47491445780085956
8,54,niece,congruent,✅,0.8198244206366193
8,54,husband,congruent,✅,0.7983888155215267
8,54,niece,incongruent,❌,0.9733971390209396
8,54,husband,incongruent,✅,0.27037142582882284
8,55,film,congruent,❌,0.3503090639997832
8,55,sunrise,congruent,✅,0.9101965927695131
8,55,film,incongruent,✅,0.013652663816180981
8,55,sunrise,incongruent,✅,0.19776649587382036
8,56,lecture,congruent,✅,0.9841749371623993
8,56,banquet,congruent,✅,0.9200470284534504
8,56,lecture,incongruent,✅,0.005391040452868566
8,56,banquet,incongruent,✅,0.016351893752909814
8,57,drink,congruent,✅,0.9981959636320373
8,57,textbook,congruent,✅,0.9813819215290224
8,57,drink,incongruent,✅,0.004338935542675252
8,57,textbook,incongruent,✅,0.03359821072711771
8,58,pool,congruent,✅,0.6709963091473402
8,58,snow,congruent,❌,0.02302142776823013
8,58,pool,incongruent,✅,0.006541360125964857
8,58,snow,incongruent,✅,0.05763588671707956
8,59,passport,congruent,✅,0.9716016347284686
8,59,plushy,congruent,✅,0.996833772020338
8,59,passport,incongruent,✅,0.1151998201217644
8,59,plushy,incongruent,✅,0.11325979990794767
8,6,patients,congruent,✅,0.9951688415383013
8,6,students,congruent,✅,0.9811995166071292
8,6,patients,incongruent,✅,0.10148041615905083
8,6,students,incongruent,✅,0.07420408728289307
8,60,sister,congruent,❌,0.261614386526526
8,60,father,congruent,❌,0.38090109322752086
8,60,sister,incongruent,✅,0.08546732716311035
8,60,father,incongruent,✅,0.3081917437750421
8,61,game,congruent,✅,0.9981284368188205
8,61,sunset,congruent,✅,0.9882352085321938
8,61,game,incongruent,❌,0.6161895433903684
8,61,sunset,incongruent,✅,0.31449541817596843
8,62,holidays,congruent,✅,0.9609083629017575
8,62,funeral,congruent,✅,0.9638756677500663
8,62,holidays,incongruent,✅,0.0717474300045078
8,62,funeral,incongruent,✅,0.41711228818696333
8,63,grades,congruent,❌,0.3014673023176503
8,63,affair,congruent,❌,0.29865864162845
8,63,grades,incongruent,✅,0.14166853345653982
8,63,affair,incongruent,✅,0.018850477512603624
8,64,arrest,congruent,✅,0.9377675666139981
8,64,stroke,congruent,❌,0.2351076607882655
8,64,arrest,incongruent,✅,0.17524614144782294
8,64,stroke,incongruent,✅,0.3655968402445898
8,65,pacifier,congruent,✅,0.8566512208669727
8,65,coffee,congruent,✅,0.9955648965191967
8,65,pacifier,incongruent,✅,0.019032352709606664
8,65,coffee,incongruent,✅,0.08570441667587961
8,66,sweets,congruent,✅,0.9785514169397009
8,66,sentencing,congruent,❌,0.1251225472256277
8,66,sweets,incongruent,✅,0.00672067495883251
8,66,sentencing,incongruent,✅,0.02094113505474012
8,67,nap,congruent,✅,0.9788231818957933
8,67,selfie,congruent,✅,0.8949194616834886
8,67,nap,incongruent,✅,0.057146020327299804
8,67,selfie,incongruent,✅,0.09857623716826479
8,68,diaper,congruent,✅,0.9736872611224914
8,68,tire,congruent,✅,0.9539941526024136
8,68,diaper,incongruent,✅,0.0012165008075043782
8,68,tire,incongruent,✅,0.10839109145330882
8,69,chemotherapy,congruent,✅,0.965367188857679
8,69,golf,congruent,✅,0.989131463798701
8,69,chemotherapy,incongruent,✅,0.02841834469520393
8,69,golf,incongruent,✅,0.2566186538088289
8,7,consensus,congruent,✅,0.5344140051816746
8,7,deadlock,congruent,✅,0.5798718947256685
8,7,consensus,incongruent,✅,0.33825982356353007
8,7,deadlock,incongruent,❌,0.7193916761051126
8,70,thunder,congruent,✅,0.7325694476185984
8,70,lullaby,congruent,✅,0.7352780229768661
8,70,thunder,incongruent,✅,0.0060334809927034055
8,70,lullaby,incongruent,✅,0.012049558902452535
8,71,pajamas,congruent,✅,0.955420503631031
8,71,uniform,congruent,✅,0.9975165487383532
8,71,pajamas,incongruent,❌,0.629310695215419
8,71,uniform,incongruent,✅,0.030841654628434058
8,72,gown,congruent,✅,0.9983465961733674
8,72,sweats,congruent,✅,0.5979813802007824
8,72,gown,incongruent,✅,0.049265831110461476
8,72,sweats,incongruent,✅,0.3394347824524094
8,73,deadline,congruent,✅,0.6594089185416108
8,73,bed,congruent,✅,0.9559474132854714
8,73,deadline,incongruent,✅,0.013484397924442499
8,73,bed,incongruent,✅,0.22210341725472246
8,74,kindergarten,congruent,✅,0.5081546996383013
8,74,jail,congruent,❌,0.3534308431558719
8,74,kindergarten,incongruent,✅,0.08423480094064763
8,74,jail,incongruent,✅,0.1801247647967659
8,75,interrogated,congruent,✅,0.8327141660043358
8,75,tickled,congruent,✅,0.9095280449595103
8,75,interrogated,incongruent,❌,0.5836102044583629
8,75,tickled,incongruent,✅,0.005449692121289097
8,76,sandcastle,congruent,✅,0.93941476418785
8,76,snowman,congruent,✅,0.9937518184042259
8,76,sandcastle,incongruent,❌,0.6394093312769191
8,76,snowman,incongruent,❌,0.803192252374692
8,77,music,congruent,✅,0.9993101307764883
8,77,pizza,congruent,✅,0.9993898589336492
8,77,music,incongruent,✅,0.10130230050411371
8,77,pizza,incongruent,✅,0.028565893218832863
8,78,playoffs,congruent,✅,0.8147105682656092
8,78,cartoon,congruent,✅,0.9743935736199177
8,78,playoffs,incongruent,✅,0.04358288022777748
8,78,cartoon,incongruent,✅,0.10692495108234533
8,79,alcoholism,congruent,✅,0.7226841529288408
8,79,academics,congruent,✅,0.9920402800601376
8,79,alcoholism,incongruent,✅,0.4368781290947009
8,79,academics,incongruent,✅,0.2176869255143873
8,8,engagement,congruent,✅,0.8628763836024783
8,8,cancer,congruent,✅,0.5135770831900307
8,8,engagement,incongruent,✅,0.1958119907522506
8,8,cancer,incongruent,❌,0.8067889429103271
8,9,terminal,congruent,✅,0.9924972146373513
8,9,classroom,congruent,✅,0.7863626749241357
8,9,terminal,incongruent,✅,0.46501823873583964
8,9,classroom,incongruent,✅,0.3498250230996413
9,0,library,congruent,✅,0.5031895267929849
9,0,refrigerator,congruent,✅,0.5890019845994224
9,0,library,incongruent,✅,0.022211760464149147
9,0,refrigerator,incongruent,✅,0.0007500466106942357
9,1,disappointment,congruent,✅,0.889916048083303
9,1,delight,congruent,✅,0.9684200541201854
9,1,disappointment,incongruent,✅,0.013908089877077505
9,1,delight,incongruent,✅,0.406487918194985
9,10,cash,congruent,✅,0.9090651264724487
9,10,groceries,congruent,✅,0.8281083732071676
9,10,cash,incongruent,✅,0.3117912130870362
9,10,groceries,incongruent,✅,0.16373505350991846
9,11,lonely,congruent,✅,0.8992051412881629
9,11,confident,congruent,✅,0.883364559429732
9,11,lonely,incongruent,✅,0.18671615401019423
9,11,confident,incongruent,✅,0.30705213659646435
9,12,joy,congruent,✅,0.9993321297657434
9,12,outrage,congruent,✅,0.8288725821734495
9,12,joy,incongruent,✅,0.0326842098360472
9,12,outrage,incongruent,❌,0.8831073933679321
9,13,traffic,congruent,✅,0.9894194570264879
9,13,snowstorm,congruent,✅,0.9926987031515916
9,13,traffic,incongruent,❌,0.8880320613759994
9,13,snowstorm,incongruent,❌,0.9507571002616162
9,14,laughter,congruent,✅,0.962192628154795
9,14,frustration,congruent,✅,0.9521013610942961
9,14,laughter,incongruent,✅,0.06878898438951676
9,14,frustration,incongruent,✅,0.1549282990345801
9,15,calculator,congruent,✅,0.8256670542402095
9,15,instrument,congruent,✅,0.8014650703248907
9,15,calculator,incongruent,✅,0.12854960835911705
9,15,instrument,incongruent,❌,0.5168075572717371
9,16,orchestra,congruent,✅,0.9516879023118637
9,16,racers,congruent,✅,0.9660141267595692
9,16,orchestra,incongruent,✅,0.05500654062069278
9,16,racers,incongruent,❌,0.8722966270144232
9,17,retirement,congruent,✅,0.9719489240645357
9,17,playdate,congruent,✅,0.7648841923819412
9,17,retirement,incongruent,✅,0.07406993915673281
9,17,playdate,incongruent,✅,0.015971435912700144
9,18,relieved,congruent,❌,0.3999086757228835
9,18,depressed,congruent,✅,0.811689471639046
9,18,relieved,incongruent,✅,0.025990805460441576
9,18,depressed,incongruent,✅,0.23007871190199788
9,19,friends,congruent,✅,0.5486864072299312
9,19,weight,congruent,✅,0.9111392357783868
9,19,friends,incongruent,✅,0.1940730261785685
9,19,weight,incongruent,✅,0.39601917839156914
9,2,overcoat,congruent,✅,0.8612549745520555
9,2,sandals,congruent,✅,0.6533471235578224
9,2,overcoat,incongruent,✅,0.005262412941323173
9,2,sandals,incongruent,✅,0.012990308187782218
9,20,lipstick,congruent,✅,0.97007232057931
9,20,song,congruent,✅,0.9699510037712227
9,20,lipstick,incongruent,✅,0.057081082558222807
9,20,song,incongruent,✅,0.33822709060446327
9,21,fought,congruent,❌,0.11794596254218132
9,21,sang,congruent,❌,0.3887235457729144
9,21,fought,incongruent,✅,0.013363903915550021
9,21,sang,incongruent,✅,0.06894089002800285
9,22,skeptical,congruent,✅,0.7532474488572637
9,22,reassured,congruent,❌,0.2572666284015996
9,22,skeptical,incongruent,✅,0.2735046678975485
9,22,reassured,incongruent,✅,0.4490991386124703
9,23,graduation,congruent,✅,0.9982474571942209
9,23,operation,congruent,✅,0.9532304443311329
9,23,graduation,incongruent,✅,0.014840648123125437
9,23,operation,incongruent,✅,0.08624635587165447
9,24,bride,congruent,✅,0.9627981385535206
9,24,aftermath,congruent,✅,0.8867844438152367
9,24,bride,incongruent,✅,0.05140619073701408
9,24,aftermath,incongruent,✅,0.008606542134939617
9,25,teacher,congruent,❌,0.38068041397564867
9,25,daughter,congruent,✅,0.9430891935186043
9,25,teacher,incongruent,✅,0.08235641720681151
9,25,daughter,incongruent,✅,0.26929399916424634
9,26,roommate,congruent,✅,0.9133021375309773
9,26,grandma,congruent,✅,0.990627087449837
9,26,roommate,incongruent,✅,0.01110223047945305
9,26,grandma,incongruent,✅,0.019629492387637715
9,27,brother,congruent,✅,0.8193359120567881
9,27,mother,congruent,✅,0.733582527723044
9,27,brother,incongruent,❌,0.664502900601795
9,27,mother,incongruent,✅,0.26355564448670926
9,28,preschool,congruent,✅,0.5848285796906688
9,28,prison,congruent,✅,0.9022682615497805
9,28,preschool,incongruent,✅,0.009581118259036646
9,28,prison,incongruent,✅,9.800160859676269e-05
9,29,hopeful,congruent,✅,0.6498781788189437
9,29,hopeless,congruent,✅,0.9380228229175892
9,29,hopeful,incongruent,✅,0.381554725735005
9,29,hopeless,incongruent,✅,0.23721217033216407
9,3,marathon,congruent,✅,0.9249465628985641
9,3,exam,congruent,✅,0.9568617793061053
9,3,marathon,incongruent,✅,0.02433907190455976
9,3,exam,incongruent,✅,0.14364154325081083
9,30,appalled,congruent,✅,0.7976426572198166
9,30,overjoyed,congruent,❌,0.2947447680655448
9,30,appalled,incongruent,✅,0.041241629294595496
9,30,overjoyed,incongruent,✅,0.4763670973380221
9,31,reprimand,congruent,✅,0.8148491981817475
9,31,encouragement,congruent,✅,0.687746378718311
9,31,reprimand,incongruent,✅,0.09114075798972242
9,31,encouragement,incongruent,✅,0.08254868439933503
9,32,angrily,congruent,✅,0.9526979968597581
9,32,cordially,congruent,✅,0.9183902623582785
9,32,angrily,incongruent,✅,0.14481860390565696
9,32,cordially,incongruent,✅,0.00195492232232441
9,33,accusatory,congruent,✅,0.9555272740564914
9,33,flirtatious,congruent,✅,0.7730247956137216
9,33,accusatory,incongruent,✅,0.004315366932331904
9,33,flirtatious,incongruent,✅,0.2734608977196927
9,34,disapprovingly,congruent,✅,0.9499747261339796
9,34,lovingly,congruent,✅,0.818293543994165
9,34,disapprovingly,incongruent,✅,0.05079639002751569
9,34,lovingly,incongruent,✅,0.19452744667906655
9,35,playful,congruent,✅,0.6650470919380002
9,35,distant,congruent,✅,0.7534510950012449
9,35,playful,incongruent,✅,0.25214898552364373
9,35,distant,incongruent,✅,0.028836309697771206
9,36,headphones,congruent,✅,0.9450645685804838
9,36,mangoes,congruent,✅,0.9711757516512183
9,36,headphones,incongruent,✅,0.03081311004957641
9,36,mangoes,incongruent,✅,0.02355499548340227
9,37,playroom,congruent,✅,0.933765446586391
9,37,park,congruent,✅,0.9985254977335932
9,37,playroom,incongruent,✅,0.2755864804421461
9,37,park,incongruent,✅,0.005764822260659375
9,38,bedroom,congruent,✅,0.9663400090392446
9,38,backyard,congruent,✅,0.9875483317659759
9,38,bedroom,incongruent,✅,0.12023596407294286
9,38,backyard,incongruent,✅,0.006728643363533563
9,39,solemnly,congruent,✅,0.5176935621287435
9,39,excitedly,congruent,✅,0.9830256204238798
9,39,solemnly,incongruent,❌,0.6874125054411372
9,39,excitedly,incongruent,✅,0.017347644014683732
9,4,menu,congruent,❌,0.3014884446547632
9,4,prescription,congruent,✅,0.9700895642385672
9,4,menu,incongruent,✅,0.006189674929284365
9,4,prescription,incongruent,✅,0.0017033492898128433
9,40,car,congruent,❌,0.04082765674169329
9,40,sock,congruent,❌,0.0559918191782142
9,40,car,incongruent,✅,0.13993504002777707
9,40,sock,incongruent,✅,0.0060317871466279115
9,41,overdressed,congruent,✅,0.9269070745690423
9,41,naked,congruent,✅,0.9396924961365133
9,41,overdressed,incongruent,✅,0.44268832577790246
9,41,naked,incongruent,✅,0.2310709614821558
9,42,shy,congruent,✅,0.6542660271568406
9,42,lively,congruent,✅,0.974012837620815
9,42,shy,incongruent,❌,0.7544918865469419
9,42,lively,incongruent,✅,0.4630434827673948
9,43,offended,congruent,✅,0.9687038058310593
9,43,flattered,congruent,✅,0.9854012060061803
9,43,offended,incongruent,✅,0.4968317177814845
9,43,flattered,incongruent,✅,0.43053655173177935
9,44,grandkid,congruent,✅,0.9058421322715996
9,44,cellmate,congruent,✅,0.9665404925271106
9,44,grandkid,incongruent,✅,0.002037305464089142
9,44,cellmate,incongruent,✅,0.376631544093312
9,45,promoted,congruent,✅,0.5397213594128774
9,45,fired,congruent,✅,0.7519417567414572
9,45,promoted,incongruent,✅,0.32277134255726314
9,45,fired,incongruent,❌,0.7826697994192048
9,46,shooting,congruent,❌,0.3188427261070585
9,46,celebration,congruent,❌,0.4065275145808115
9,46,shooting,incongruent,✅,0.01807544481529007
9,46,celebration,incongruent,✅,0.1014693148680829
9,47,crayon,congruent,✅,0.8059118264597458
9,47,beer,congruent,✅,0.9956367698911596
9,47,crayon,incongruent,✅,0.0004657749973948049
9,47,beer,incongruent,✅,0.0005410582314560986
9,48,waiter,congruent,✅,0.9852308304709171
9,48,taxi,congruent,✅,0.7162005962292123
9,48,waiter,incongruent,✅,0.2947454394796672
9,48,taxi,incongruent,✅,0.27086939321278974
9,49,parents,congruent,✅,0.9517993043626303
9,49,keys,congruent,✅,0.9402970196126134
9,49,parents,incongruent,❌,0.7396991381953124
9,49,keys,incongruent,✅,0.3634616115334139
9,5,distress,congruent,✅,0.9824658006275859
9,5,tranquility,congruent,✅,0.8350006324987319
9,5,distress,incongruent,✅,0.005273644642890504
9,5,tranquility,incongruent,❌,0.5778413443164053
9,50,sofa,congruent,✅,0.996945078870513
9,50,sky,congruent,✅,0.9229956137166921
9,50,sofa,incongruent,✅,0.02673568298959913
9,50,sky,incongruent,✅,0.35401478774591666
9,51,obesity,congruent,❌,0.2270594718124176
9,51,homework,congruent,✅,0.9845756606520982
9,51,obesity,incongruent,✅,0.0073413889546313765
9,51,homework,incongruent,✅,0.007213915758418844
9,52,quiz,congruent,✅,0.9731377856285418
9,52,commute,congruent,✅,0.9953343336655002
9,52,quiz,incongruent,✅,0.0213735621931865
9,52,commute,incongruent,✅,0.13062171246200396
9,53,migraine,congruent,✅,0.9882656333186001
9,53,excitement,congruent,✅,0.555486951200693
9,53,migraine,incongruent,✅,0.0008784969755709706
9,53,excitement,incongruent,✅,0.19032684616909545
9,54,niece,congruent,✅,0.840424589337385
9,54,husband,congruent,❌,0.32310191719283016
9,54,niece,incongruent,❌,0.8200472427594989
9,54,husband,incongruent,✅,0.37544520765860107
9,55,film,congruent,✅,0.8556306973629134
9,55,sunrise,congruent,✅,0.6889232794609872
9,55,film,incongruent,✅,0.002695150915142199
9,55,sunrise,incongruent,✅,0.2938309214840963
9,56,lecture,congruent,✅,0.9833841382911801
9,56,banquet,congruent,✅,0.9560507791225382
9,56,lecture,incongruent,✅,0.001802742767697967
9,56,banquet,incongruent,✅,0.008144156710750245
9,57,drink,congruent,✅,0.9998707539162507
9,57,textbook,congruent,✅,0.9968485455729312
9,57,drink,incongruent,✅,0.005623508055386549
9,57,textbook,incongruent,✅,0.01694140133431373
9,58,pool,congruent,✅,0.7786811222666297
9,58,snow,congruent,❌,0.21769260801409984
9,58,pool,incongruent,✅,0.0251545328012804
9,58,snow,incongruent,✅,0.0836935874757959
9,59,passport,congruent,✅,0.9749533211863628
9,59,plushy,congruent,✅,0.9950997579460399
9,59,passport,incongruent,✅,0.025878488465389985
9,59,plushy,incongruent,✅,0.29591244573300907
9,6,patients,congruent,✅,0.9971351287523206
9,6,students,congruent,✅,0.9805168744422591
9,6,patients,incongruent,✅,0.011141156664148338
9,6,students,incongruent,✅,0.05122971958121782
9,60,sister,congruent,✅,0.8979748988017101
9,60,father,congruent,✅,0.7666401084907711
9,60,sister,incongruent,✅,0.1699092653173546
9,60,father,incongruent,✅,0.12366315255009971
9,61,game,congruent,✅,0.9992787266906985
9,61,sunset,congruent,✅,0.9784711868273932
9,61,game,incongruent,✅,0.1081084437435935
9,61,sunset,incongruent,✅,0.43837147573320423
9,62,holidays,congruent,✅,0.8759285002369133
9,62,funeral,congruent,✅,0.9749810615329991
9,62,holidays,incongruent,✅,0.03387487107748716
9,62,funeral,incongruent,✅,0.3224136506740015
9,63,grades,congruent,❌,0.35864702847752805
9,63,affair,congruent,✅,0.5065587192781718
9,63,grades,incongruent,✅,0.05449874619518628
9,63,affair,incongruent,✅,0.02640178267794048
9,64,arrest,congruent,✅,0.9834724725169224
9,64,stroke,congruent,❌,0.47132947455172874
9,64,arrest,incongruent,❌,0.5297174533583634
9,64,stroke,incongruent,✅,0.43659759662276465
9,65,pacifier,congruent,✅,0.9629008434333646
9,65,coffee,congruent,✅,0.994770529553126
9,65,pacifier,incongruent,✅,0.0005280426388794183
9,65,coffee,incongruent,✅,0.036903835087349283
9,66,sweets,congruent,✅,0.9924603576424921
9,66,sentencing,congruent,❌,0.2743402582932909
9,66,sweets,incongruent,✅,0.014908659002228396
9,66,sentencing,incongruent,✅,0.014305023875033162
9,67,nap,congruent,✅,0.9985675973188283
9,67,selfie,congruent,✅,0.9373068684439939
9,67,nap,incongruent,✅,0.0012299734940501715
9,67,selfie,incongruent,✅,0.07994574955948619
9,68,diaper,congruent,✅,0.9559552361744779
9,68,tire,congruent,✅,0.9913859739338071
9,68,diaper,incongruent,✅,0.0002335701481408775
9,68,tire,incongruent,✅,0.0121949154571903
9,69,chemotherapy,congruent,✅,0.940139613393441
9,69,golf,congruent,✅,0.999240489518284
9,69,chemotherapy,incongruent,✅,0.06379945113380911
9,69,golf,incongruent,✅,0.07612546414968169
9,7,consensus,congruent,❌,0.36192083273107084
9,7,deadlock,congruent,❌,0.1458733233186756
9,7,consensus,incongruent,✅,0.04047817836689922
9,7,deadlock,incongruent,✅,0.48879760080458606
9,70,thunder,congruent,✅,0.9268009214464851
9,70,lullaby,congruent,✅,0.8033361487768976
9,70,thunder,incongruent,✅,0.0018870925209578168
9,70,lullaby,incongruent,✅,0.03234139628921433
9,71,pajamas,congruent,✅,0.9988608286840911
9,71,uniform,congruent,✅,0.9997152852549851
9,71,pajamas,incongruent,❌,0.9590375068948744
9,71,uniform,incongruent,✅,0.00040996581125949495
9,72,gown,congruent,✅,0.9993923387056645
9,72,sweats,congruent,✅,0.978673285742077
9,72,gown,incongruent,✅,0.0003300070145444948
9,72,sweats,incongruent,✅,0.00488835179404877
9,73,deadline,congruent,✅,0.8940734498617283
9,73,bed,congruent,✅,0.9568654691487283
9,73,deadline,incongruent,✅,0.042939598631085235
9,73,bed,incongruent,✅,0.26757503117263526
9,74,kindergarten,congruent,✅,0.9479426397077568
9,74,jail,congruent,❌,0.3609322192908642
9,74,kindergarten,incongruent,✅,0.029862483567835888
9,74,jail,incongruent,❌,0.5676596060678942
9,75,interrogated,congruent,✅,0.9754846225327811
9,75,tickled,congruent,✅,0.9308280127958036
9,75,interrogated,incongruent,✅,0.19117944560708003
9,75,tickled,incongruent,✅,0.01720454986862271
9,76,sandcastle,congruent,✅,0.9872726879742104
9,76,snowman,congruent,✅,0.9938838656792114
9,76,sandcastle,incongruent,✅,0.0343352526523426
9,76,snowman,incongruent,❌,0.9521379616890716
9,77,music,congruent,✅,0.9981340818114807
9,77,pizza,congruent,✅,0.9997648155132255
9,77,music,incongruent,✅,0.09153658566059222
9,77,pizza,incongruent,✅,0.00761456022684828
9,78,playoffs,congruent,✅,0.7115931305069159
9,78,cartoon,congruent,✅,0.9832300356593054
9,78,playoffs,incongruent,✅,0.006681961529437146
9,78,cartoon,incongruent,✅,0.06250779429814175
9,79,alcoholism,congruent,✅,0.9032497993117924
9,79,academics,congruent,✅,0.9716935795807008
9,79,alcoholism,incongruent,✅,0.11811727323987457
9,79,academics,incongruent,✅,0.30526483396141973
9,8,engagement,congruent,✅,0.9016412437235806
9,8,cancer,congruent,✅,0.5396940868623511
9,8,engagement,incongruent,✅,0.23652647699075854
9,8,cancer,incongruent,❌,0.7145947469041533
9,9,terminal,congruent,✅,0.9920980958836381
9,9,classroom,congruent,✅,0.8530945091919081
9,9,terminal,incongruent,❌,0.5244484359038214
9,9,classroom,incongruent,✅,0.14547735306591314
10,0,library,congruent,✅,0.5414074158215666
10,0,refrigerator,congruent,✅,0.6804413369669842
10,0,library,incongruent,✅,0.013873592687813581
10,0,refrigerator,incongruent,✅,0.0003301834962043703
10,1,disappointment,congruent,✅,0.8995256920055328
10,1,delight,congruent,✅,0.9311034152968576
10,1,disappointment,incongruent,✅,0.003610380067258888
10,1,delight,incongruent,✅,0.3353627053853073
10,10,cash,congruent,✅,0.9509079667634446
10,10,groceries,congruent,✅,0.9802089540154287
10,10,cash,incongruent,✅,0.4260954079454763
10,10,groceries,incongruent,✅,0.19442225071389777
10,11,lonely,congruent,✅,0.933928582860304
10,11,confident,congruent,✅,0.9042553429095188
10,11,lonely,incongruent,✅,0.16747752406830949
10,11,confident,incongruent,❌,0.5056442604861029
10,12,joy,congruent,✅,0.9988639529161949
10,12,outrage,congruent,✅,0.8150480055025814
10,12,joy,incongruent,✅,0.004747489356978783
10,12,outrage,incongruent,❌,0.7825245362394772
10,13,traffic,congruent,✅,0.9937936098063861
10,13,snowstorm,congruent,✅,0.9943399580652661
10,13,traffic,incongruent,❌,0.8432962955737185
10,13,snowstorm,incongruent,❌,0.9554413779990288
10,14,laughter,congruent,✅,0.9605937655545492
10,14,frustration,congruent,✅,0.9787582044872024
10,14,laughter,incongruent,✅,0.10398919801964307
10,14,frustration,incongruent,✅,0.22056877037908604
10,15,calculator,congruent,✅,0.865615901545901
10,15,instrument,congruent,✅,0.7904422143806856
10,15,calculator,incongruent,✅,0.11571154066721823
10,15,instrument,incongruent,❌,0.5367253549411997
10,16,orchestra,congruent,✅,0.9658551858631024
10,16,racers,congruent,✅,0.9715242600379367
10,16,orchestra,incongruent,✅,0.0925782675528101
10,16,racers,incongruent,❌,0.8756030566800411
10,17,retirement,congruent,✅,0.9692119207919418
10,17,playdate,congruent,✅,0.875579392302274
10,17,retirement,incongruent,✅,0.09457071093259428
10,17,playdate,incongruent,✅,0.009895974050553957
10,18,relieved,congruent,❌,0.14981055570285307
10,18,depressed,congruent,✅,0.6112211250116562
10,18,relieved,incongruent,✅,0.004616732913156931
10,18,depressed,incongruent,✅,0.07355868097533325
10,19,friends,congruent,❌,0.4248902515186163
10,19,weight,congruent,✅,0.8897349925736248
10,19,friends,incongruent,✅,0.029885424877828446
10,19,weight,incongruent,✅,0.20427441011981617
10,2,overcoat,congruent,✅,0.7675049476900235
10,2,sandals,congruent,✅,0.5942952224860388
10,2,overcoat,incongruent,✅,0.01585086985260909
10,2,sandals,incongruent,✅,0.001826340397519677
10,20,lipstick,congruent,✅,0.9683256455022284
10,20,song,congruent,✅,0.9871956001436735
10,20,lipstick,incongruent,✅,0.04161681780698135
10,20,song,incongruent,✅,0.2959590089883769
10,21,fought,congruent,❌,0.13316050729684886
10,21,sang,congruent,✅,0.6302037281977367
10,21,fought,incongruent,✅,0.02608288561341153
10,21,sang,incongruent,✅,0.03896401323916762
10,22,skeptical,congruent,✅,0.7057174182204868
10,22,reassured,congruent,❌,0.19600382651453077
10,22,skeptical,incongruent,✅,0.12458588388479148
10,22,reassured,incongruent,✅,0.3570439377430856
10,23,graduation,congruent,✅,0.9961943241811393
10,23,operation,congruent,✅,0.9844970895477081
10,23,graduation,incongruent,✅,0.02588066104264279
10,23,operation,incongruent,✅,0.08731262931253078
10,24,bride,congruent,✅,0.9684422652426126
10,24,aftermath,congruent,✅,0.984163867187897
10,24,bride,incongruent,✅,0.1889643770371439
10,24,aftermath,incongruent,✅,0.008797997472905668
10,25,teacher,congruent,✅,0.5242374286016337
10,25,daughter,congruent,✅,0.980716974651958
10,25,teacher,incongruent,✅,0.1370605597865127
10,25,daughter,incongruent,✅,0.11987637424595933
10,26,roommate,congruent,✅,0.8968002384049305
10,26,grandma,congruent,✅,0.9912828348894691
10,26,roommate,incongruent,✅,0.004814173975803668
10,26,grandma,incongruent,✅,0.011151967129688984
10,27,brother,congruent,✅,0.7351060888706553
10,27,mother,congruent,✅,0.6040901679718946
10,27,brother,incongruent,❌,0.5654581371679661
10,27,mother,incongruent,✅,0.11959709639079803
10,28,preschool,congruent,✅,0.7117089201273009
10,28,prison,congruent,✅,0.9865544417757144
10,28,preschool,incongruent,✅,0.03076397075841813
10,28,prison,incongruent,✅,0.0005089655347608279
10,29,hopeful,congruent,✅,0.7321930958603243
10,29,hopeless,congruent,✅,0.9699559446989011
10,29,hopeful,incongruent,❌,0.5488440097515511
10,29,hopeless,incongruent,✅,0.17463074014699664
10,3,marathon,congruent,✅,0.5663846099675659
10,3,exam,congruent,✅,0.9610233819398804
10,3,marathon,incongruent,✅,0.010792109309857915
10,3,exam,incongruent,✅,0.052552047403783005
10,30,appalled,congruent,✅,0.857802976356599
10,30,overjoyed,congruent,❌,0.391082970491267
10,30,appalled,incongruent,✅,0.04082525384441738
10,30,overjoyed,incongruent,❌,0.5098381272804753
10,31,reprimand,congruent,✅,0.827142011956519
10,31,encouragement,congruent,✅,0.8395939942293595
10,31,reprimand,incongruent,✅,0.04500136445292293
10,31,encouragement,incongruent,✅,0.08808420195293876
10,32,angrily,congruent,✅,0.970695455695265
10,32,cordially,congruent,✅,0.9683254606931527
10,32,angrily,incongruent,✅,0.14234146144778584
10,32,cordially,incongruent,✅,0.00041040818337179666
10,33,accusatory,congruent,✅,0.9320332873017853
10,33,flirtatious,congruent,✅,0.7541624739156124
10,33,accusatory,incongruent,✅,0.00143089814697646
10,33,flirtatious,incongruent,✅,0.07796520231083916
10,34,disapprovingly,congruent,✅,0.9824606404851554
10,34,lovingly,congruent,✅,0.9730420852408216
10,34,disapprovingly,incongruent,✅,0.24574796287806866
10,34,lovingly,incongruent,✅,0.12971097283418356
10,35,playful,congruent,✅,0.6929175976323816
10,35,distant,congruent,✅,0.738783646690542
10,35,playful,incongruent,✅,0.1699425133609747
10,35,distant,incongruent,✅,0.04036033883190341
10,36,headphones,congruent,✅,0.9736756692536083
10,36,mangoes,congruent,✅,0.6842762381234534
10,36,headphones,incongruent,✅,0.007456977103000727
10,36,mangoes,incongruent,✅,0.014258341397355495
10,37,playroom,congruent,✅,0.9658245571502311
10,37,park,congruent,✅,0.9988043535530995
10,37,playroom,incongruent,✅,0.021371426035806065
10,37,park,incongruent,✅,0.015139863946807166
10,38,bedroom,congruent,✅,0.9701751860876845
10,38,backyard,congruent,✅,0.9845087714496165
10,38,bedroom,incongruent,✅,0.023541295093378718
10,38,backyard,incongruent,✅,0.005065713654217509
10,39,solemnly,congruent,✅,0.8506178116785376
10,39,excitedly,congruent,✅,0.9945519562511508
10,39,solemnly,incongruent,❌,0.9132947081388008
10,39,excitedly,incongruent,✅,0.016447714129397197
10,4,menu,congruent,❌,0.3822387757067744
10,4,prescription,congruent,✅,0.9758457802337315
10,4,menu,incongruent,✅,0.01372869578329675
10,4,prescription,incongruent,✅,0.00506773168302339
10,40,car,congruent,❌,0.3542602952510105
10,40,sock,congruent,❌,0.04381269698246349
10,40,car,incongruent,✅,0.14425248144883374
10,40,sock,incongruent,✅,0.01270375615058703
10,41,overdressed,congruent,✅,0.9222479133235155
10,41,naked,congruent,✅,0.8895337619433682
10,41,overdressed,incongruent,❌,0.5769199456842623
10,41,naked,incongruent,✅,0.19020225486157466
10,42,shy,congruent,✅,0.7826228826246313
10,42,lively,congruent,✅,0.9659688590489672
10,42,shy,incongruent,❌,0.5821073985970442
10,42,lively,incongruent,❌,0.5742008387997664
10,43,offended,congruent,✅,0.9670015945293141
10,43,flattered,congruent,✅,0.9634382841134167
10,43,offended,incongruent,✅,0.24871393045907578
10,43,flattered,incongruent,✅,0.30896576420043254
10,44,grandkid,congruent,✅,0.9816958270518813
10,44,cellmate,congruent,✅,0.9374582509355361
10,44,grandkid,incongruent,✅,0.001274597813587521
10,44,cellmate,incongruent,❌,0.719451714907568
10,45,promoted,congruent,✅,0.6386110031925076
10,45,fired,congruent,✅,0.7788631715096536
10,45,promoted,incongruent,✅,0.3907137341849134
10,45,fired,incongruent,❌,0.7799970129467824
10,46,shooting,congruent,❌,0.37669296034101646
10,46,celebration,congruent,❌,0.34416751132978707
10,46,shooting,incongruent,✅,0.00501767930313489
10,46,celebration,incongruent,✅,0.20745921892070193
10,47,crayon,congruent,❌,0.4977615593409631
10,47,beer,congruent,✅,0.988626419762582
10,47,crayon,incongruent,✅,6.875541069122894e-05
10,47,beer,incongruent,✅,6.953075440710705e-05
10,48,waiter,congruent,✅,0.9808770450637975
10,48,taxi,congruent,✅,0.7809784618391041
10,48,waiter,incongruent,✅,0.1252826312680704
10,48,taxi,incongruent,✅,0.29165789607377507
10,49,parents,congruent,✅,0.9846098067752169
10,49,keys,congruent,✅,0.9450469185349009
10,49,parents,incongruent,❌,0.5446633999453593
10,49,keys,incongruent,❌,0.5686396953087836
10,5,distress,congruent,✅,0.9884190299832138
10,5,tranquility,congruent,✅,0.860445860739493
10,5,distress,incongruent,✅,0.0012079908908748447
10,5,tranquility,incongruent,❌,0.8149783835001403
10,50,sofa,congruent,✅,0.9945127149688662
10,50,sky,congruent,✅,0.8957933813794988
10,50,sofa,incongruent,✅,0.016443925227807216
10,50,sky,incongruent,✅,0.392278874731597
10,51,obesity,congruent,❌,0.42544628355005876
10,51,homework,congruent,✅,0.9872423919746853
10,51,obesity,incongruent,✅,0.00461302211809788
10,51,homework,incongruent,✅,0.017990148155312784
10,52,quiz,congruent,✅,0.9687528594220496
10,52,commute,congruent,✅,0.9973133529860541
10,52,quiz,incongruent,✅,0.024288159436299927
10,52,commute,incongruent,✅,0.165638984965865
10,53,migraine,congruent,✅,0.9943804776952649
10,53,excitement,congruent,❌,0.4625433068887001
10,53,migraine,incongruent,✅,0.0003310541425274673
10,53,excitement,incongruent,✅,0.2436643481365165
10,54,niece,congruent,✅,0.7000536218136291
10,54,husband,congruent,❌,0.3366274999811161
10,54,niece,incongruent,❌,0.6092353779756537
10,54,husband,incongruent,✅,0.2186164718504364
10,55,film,congruent,✅,0.9454287079064275
10,55,sunrise,congruent,✅,0.8183546649080798
10,55,film,incongruent,✅,0.005006486932009984
10,55,sunrise,incongruent,✅,0.10676074797383922
10,56,lecture,congruent,✅,0.9960151252159452
10,56,banquet,congruent,✅,0.9709431902883189
10,56,lecture,incongruent,✅,0.006443723721298105
10,56,banquet,incongruent,✅,0.024420042925372486
10,57,drink,congruent,✅,0.9994894313678347
10,57,textbook,congruent,✅,0.9980436733664872
10,57,drink,incongruent,✅,0.0032128354416893394
10,57,textbook,incongruent,✅,0.005024645660466289
10,58,pool,congruent,✅,0.8689923689680402
10,58,snow,congruent,❌,0.3337750931169915
10,58,pool,incongruent,✅,0.024844808574739044
10,58,snow,incongruent,✅,0.2567749160186709
10,59,passport,congruent,✅,0.9708085451450879
10,59,plushy,congruent,✅,0.9964201800621245
10,59,passport,incongruent,✅,0.02804917265267259
10,59,plushy,incongruent,✅,0.27542828944387654
10,6,patients,congruent,✅,0.9835863264704178
10,6,students,congruent,✅,0.9775016130984406
10,6,patients,incongruent,✅,0.0022274740760614706
10,6,students,incongruent,✅,0.008536593611475386
10,60,sister,congruent,✅,0.9470519970381943
10,60,father,congruent,✅,0.9079360644534028
10,60,sister,incongruent,✅,0.2808736234918027
10,60,father,incongruent,✅,0.4343125310620839
10,61,game,congruent,✅,0.9977389982929907
10,61,sunset,congruent,✅,0.9916728240960284
10,61,game,incongruent,✅,0.2313180576876025
10,61,sunset,incongruent,✅,0.3089974652552456
10,62,holidays,congruent,✅,0.948055895695298
10,62,funeral,congruent,✅,0.9713178779167277
10,62,holidays,incongruent,✅,0.018984802287742363
10,62,funeral,incongruent,✅,0.46035076156718724
10,63,grades,congruent,❌,0.4988007419489812
10,63,affair,congruent,✅,0.6205170454875134
10,63,grades,incongruent,✅,0.03385208520684447
10,63,affair,incongruent,✅,0.024675289213427223
10,64,arrest,congruent,✅,0.9466230796451734
10,64,stroke,congruent,✅,0.5225546585656028
10,64,arrest,incongruent,❌,0.6189446257248395
10,64,stroke,incongruent,❌,0.5075509777506939
10,65,pacifier,congruent,✅,0.9573562060679635
10,65,coffee,congruent,✅,0.9972541545694008
10,65,pacifier,incongruent,✅,0.000770634422103716
10,65,coffee,incongruent,✅,0.016646609600019905
10,66,sweets,congruent,✅,0.9917910898797416
10,66,sentencing,congruent,❌,0.1104155607877595
10,66,sweets,incongruent,✅,0.008884161233883464
10,66,sentencing,incongruent,✅,0.025837255949486392
10,67,nap,congruent,✅,0.993430889476549
10,67,selfie,congruent,✅,0.9474821166061513
10,67,nap,incongruent,✅,0.0013267958490963243
10,67,selfie,incongruent,✅,0.022326489808762544
10,68,diaper,congruent,✅,0.9579247892847426
10,68,tire,congruent,✅,0.9828337645062242
10,68,diaper,incongruent,✅,0.00015254467788287454
10,68,tire,incongruent,✅,0.002604282672951226
10,69,chemotherapy,congruent,✅,0.9291802835938131
10,69,golf,congruent,✅,0.999102069175288
10,69,chemotherapy,incongruent,✅,0.023089371818995185
10,69,golf,incongruent,✅,0.09745880772434783
10,7,consensus,congruent,✅,0.643811039582389
10,7,deadlock,congruent,❌,0.35016043594021784
10,7,consensus,incongruent,✅,0.12736995835865456
10,7,deadlock,incongruent,❌,0.6802530557807785
10,70,thunder,congruent,✅,0.9741465271929592
10,70,lullaby,congruent,✅,0.9204393309529573
10,70,thunder,incongruent,✅,0.00976164650779492
10,70,lullaby,incongruent,✅,0.07531732354079683
10,71,pajamas,congruent,✅,0.9979835645013068
10,71,uniform,congruent,✅,0.9995318911263615
10,71,pajamas,incongruent,❌,0.9347137968417233
10,71,uniform,incongruent,✅,0.0016350154420584685
10,72,gown,congruent,✅,0.9989437084390086
10,72,sweats,congruent,✅,0.9921725053491424
10,72,gown,incongruent,✅,0.0004208290739823004
10,72,sweats,incongruent,✅,0.009449774643946057
10,73,deadline,congruent,✅,0.810809780840612
10,73,bed,congruent,✅,0.9626533510710656
10,73,deadline,incongruent,✅,0.01382902763510492
10,73,bed,incongruent,✅,0.20735169191816968
10,74,kindergarten,congruent,✅,0.9687854388948325
10,74,jail,congruent,✅,0.5060033458023185
10,74,kindergarten,incongruent,✅,0.0312502981174265
10,74,jail,incongruent,❌,0.6956562402729909
10,75,interrogated,congruent,✅,0.9460759747614931
10,75,tickled,congruent,✅,0.930805994156714
10,75,interrogated,incongruent,✅,0.26643942499972195
10,75,tickled,incongruent,✅,0.004991149894258724
10,76,sandcastle,congruent,✅,0.9909672261080473
10,76,snowman,congruent,✅,0.9954274252732657
10,76,sandcastle,incongruent,✅,0.07211176571531461
10,76,snowman,incongruent,❌,0.971538633123862
10,77,music,congruent,✅,0.998509006782904
10,77,pizza,congruent,✅,0.9995805195187205
10,77,music,incongruent,✅,0.24475880150971258
10,77,pizza,incongruent,✅,0.00404539543220517
10,78,playoffs,congruent,✅,0.727291307079141
10,78,cartoon,congruent,✅,0.9857904091735815
10,78,playoffs,incongruent,✅,0.00641140440468857
10,78,cartoon,incongruent,✅,0.10795863869394615
10,79,alcoholism,congruent,✅,0.9576973575186718
10,79,academics,congruent,✅,0.9859737701101533
10,79,alcoholism,incongruent,✅,0.14833168320832854
10,79,academics,incongruent,✅,0.29097995552520756
10,8,engagement,congruent,✅,0.8996364440227148
10,8,cancer,congruent,✅,0.6933614654822007
10,8,engagement,incongruent,✅,0.3598604704407278
10,8,cancer,incongruent,❌,0.665764335570343
10,9,terminal,congruent,✅,0.9887001849472843
10,9,classroom,congruent,✅,0.9239171889185314
10,9,terminal,incongruent,❌,0.5498409927084458
10,9,classroom,incongruent,✅,0.16533612259179295
11,0,library,congruent,✅,0.8926699333565695
11,0,refrigerator,congruent,✅,0.6216553073479262
11,0,library,incongruent,✅,0.007668368178914836
11,0,refrigerator,incongruent,✅,9.542787033120091e-05
11,1,disappointment,congruent,✅,0.865234087659226
11,1,delight,congruent,✅,0.9860710243803483
11,1,disappointment,incongruent,✅,0.00024286051038117338
11,1,delight,incongruent,✅,0.04828712049844027
11,10,cash,congruent,✅,0.9494830112826292
11,10,groceries,congruent,✅,0.9476558479029078
11,10,cash,incongruent,✅,0.19387513635522952
11,10,groceries,incongruent,✅,0.15799184956656673
11,11,lonely,congruent,✅,0.9731024750437455
11,11,confident,congruent,✅,0.8916440931879157
11,11,lonely,incongruent,✅,0.06615057306720273
11,11,confident,incongruent,❌,0.5942244447898188
11,12,joy,congruent,✅,0.9991641171716664
11,12,outrage,congruent,✅,0.9490208589400432
11,12,joy,incongruent,✅,0.0014264126435717414
11,12,outrage,incongruent,❌,0.9351842075532656
11,13,traffic,congruent,✅,0.9958942011513316
11,13,snowstorm,congruent,✅,0.9982512736549444
11,13,traffic,incongruent,❌,0.8213336437571054
11,13,snowstorm,incongruent,❌,0.8419822548925614
11,14,laughter,congruent,✅,0.8765436840731927
11,14,frustration,congruent,✅,0.9930075325527239
11,14,laughter,incongruent,✅,0.042331408959824735
11,14,frustration,incongruent,✅,0.0022386988280164114
11,15,calculator,congruent,✅,0.922534924840651
11,15,instrument,congruent,✅,0.7737199202616822
11,15,calculator,incongruent,✅,0.17441276924432128
11,15,instrument,incongruent,✅,0.42906604247972524
11,16,orchestra,congruent,✅,0.9645578647846421
11,16,racers,congruent,✅,0.98053966998587
11,16,orchestra,incongruent,✅,0.1301811931768986
11,16,racers,incongruent,❌,0.9247318376280893
11,17,retirement,congruent,✅,0.8162598354891917
11,17,playdate,congruent,✅,0.8939619480341774
11,17,retirement,incongruent,✅,0.03637171183050699
11,17,playdate,incongruent,✅,0.008969132943713955
11,18,relieved,congruent,❌,0.4606160584825601
11,18,depressed,congruent,✅,0.907904655887211
11,18,relieved,incongruent,✅,0.001316623706924137
11,18,depressed,incongruent,✅,0.28553143433950406
11,19,friends,congruent,❌,0.44903817941410773
11,19,weight,congruent,✅,0.9647630469705203
11,19,friends,incongruent,✅,0.20785181650350765
11,19,weight,incongruent,✅,0.15634712937270195
11,2,overcoat,congruent,✅,0.7821332081990795
11,2,sandals,congruent,✅,0.6946454797412169
11,2,overcoat,incongruent,✅,0.005327832764949326
11,2,sandals,incongruent,✅,0.0006644774681192435
11,20,lipstick,congruent,✅,0.9752374135607189
11,20,song,congruent,✅,0.9971971117665188
11,20,lipstick,incongruent,✅,0.03482662545123001
11,20,song,incongruent,✅,0.25666801029879
11,21,fought,congruent,❌,0.26834871770939234
11,21,sang,congruent,✅,0.74935749944135
11,21,fought,incongruent,✅,0.08655863499912489
11,21,sang,incongruent,✅,0.0016256869343301199
11,22,skeptical,congruent,✅,0.9410364209672123
11,22,reassured,congruent,❌,0.4481447725479157
11,22,skeptical,incongruent,✅,0.24992053845963544
11,22,reassured,incongruent,❌,0.6145629517402126
11,23,graduation,congruent,✅,0.9970875647252005
11,23,operation,congruent,✅,0.9956063482279114
11,23,graduation,incongruent,✅,0.01605282459556737
11,23,operation,incongruent,✅,0.05650606576321759
11,24,bride,congruent,✅,0.9704209145915389
11,24,aftermath,congruent,✅,0.9690236400768404
11,24,bride,incongruent,✅,0.07414328639951324
11,24,aftermath,incongruent,✅,0.008458336589444995
11,25,teacher,congruent,❌,0.3694669074804734
11,25,daughter,congruent,✅,0.9790748588845763
11,25,teacher,incongruent,✅,0.05081689372157219
11,25,daughter,incongruent,✅,0.028823412111326236
11,26,roommate,congruent,✅,0.9630802446815825
11,26,grandma,congruent,✅,0.9974500787068455
11,26,roommate,incongruent,✅,0.01112577786459166
11,26,grandma,incongruent,✅,0.004650780695662364
11,27,brother,congruent,✅,0.9545868778521276
11,27,mother,congruent,✅,0.9199354005290923
11,27,brother,incongruent,❌,0.7496987716321399
11,27,mother,incongruent,✅,0.2098395997426874
11,28,preschool,congruent,✅,0.8742391576264994
11,28,prison,congruent,✅,0.9901380175121334
11,28,preschool,incongruent,✅,0.07755152267579944
11,28,prison,incongruent,✅,0.003731263664381506
11,29,hopeful,congruent,✅,0.5117064311179812
11,29,hopeless,congruent,✅,0.9850665034799535
11,29,hopeful,incongruent,✅,0.4553027502864072
11,29,hopeless,incongruent,✅,0.015575950404196123
11,3,marathon,congruent,❌,0.2372414288772071
11,3,exam,congruent,✅,0.9160596797188827
11,3,marathon,incongruent,✅,0.0008482450000804163
11,3,exam,incongruent,✅,0.006188379262676304
11,30,appalled,congruent,✅,0.9214551966594662
11,30,overjoyed,congruent,❌,0.1371406573337306
11,30,appalled,incongruent,✅,0.003873350905903283
11,30,overjoyed,incongruent,❌,0.5615396168126181
11,31,reprimand,congruent,✅,0.9597511445699843
11,31,encouragement,congruent,✅,0.8910857144965834
11,31,reprimand,incongruent,✅,0.0018403488491871664
11,31,encouragement,incongruent,✅,0.10148588846510434
11,32,angrily,congruent,✅,0.9975619569720261
11,32,cordially,congruent,✅,0.9746259556038358
11,32,angrily,incongruent,✅,0.007912074039129349
11,32,cordially,incongruent,✅,0.0006889010721940009
11,33,accusatory,congruent,✅,0.9623029422769146
11,33,flirtatious,congruent,✅,0.9125571977940095
11,33,accusatory,incongruent,✅,0.005458147025001946
11,33,flirtatious,incongruent,✅,0.09384322276282896
11,34,disapprovingly,congruent,✅,0.9749327843063702
11,34,lovingly,congruent,✅,0.9621040150229061
11,34,disapprovingly,incongruent,✅,0.008730493708296915
11,34,lovingly,incongruent,✅,0.01496273135140756
11,35,playful,congruent,✅,0.9383488822189624
11,35,distant,congruent,✅,0.7064717141763722
11,35,playful,incongruent,✅,0.03940709163640706
11,35,distant,incongruent,✅,0.44362526824171356
11,36,headphones,congruent,✅,0.9853110814754823
11,36,mangoes,congruent,✅,0.6993521948765482
11,36,headphones,incongruent,✅,0.004386448800604582
11,36,mangoes,incongruent,✅,0.06568192263260032
11,37,playroom,congruent,✅,0.9938419244879894
11,37,park,congruent,✅,0.9983468803461834
11,37,playroom,incongruent,✅,0.0013644296296019347
11,37,park,incongruent,✅,0.002156086173417389
11,38,bedroom,congruent,✅,0.9830688107600278
11,38,backyard,congruent,✅,0.9969142374631068
11,38,bedroom,incongruent,✅,0.015340586390771564
11,38,backyard,incongruent,✅,0.004126757419885735
11,39,solemnly,congruent,✅,0.813474794876624
11,39,excitedly,congruent,✅,0.9980039911298557
11,39,solemnly,incongruent,❌,0.770381417834657
11,39,excitedly,incongruent,✅,0.003485163614910287
11,4,menu,congruent,❌,0.47792454065330364
11,4,prescription,congruent,✅,0.9672129048996104
11,4,menu,incongruent,✅,0.007435562768681739
11,4,prescription,incongruent,✅,0.0025007458562450523
11,40,car,congruent,✅,0.6529537729348364
11,40,sock,congruent,❌,0.05705666782952095
11,40,car,incongruent,✅,0.14940782558214563
11,40,sock,incongruent,✅,0.061896622484486886
11,41,overdressed,congruent,✅,0.983051292989419
11,41,naked,congruent,✅,0.8245496995041643
11,41,overdressed,incongruent,✅,0.1655010390195173
11,41,naked,incongruent,✅,0.15829811515217096
11,42,shy,congruent,✅,0.8861601102677739
11,42,lively,congruent,✅,0.9667040761227021
11,42,shy,incongruent,✅,0.3736581931627557
11,42,lively,incongruent,✅,0.13295046203095556
11,43,offended,congruent,✅,0.9842152733329724
11,43,flattered,congruent,✅,0.958022587097337
11,43,offended,incongruent,✅,0.0042958866652218165
11,43,flattered,incongruent,✅,0.10822108176536889
11,44,grandkid,congruent,✅,0.9943023619334892
11,44,cellmate,congruent,✅,0.9749982756626854
11,44,grandkid,incongruent,✅,0.0032605365315945428
11,44,cellmate,incongruent,❌,0.6332543191612353
11,45,promoted,congruent,✅,0.6285152395614247
11,45,fired,congruent,✅,0.8844319032197682
11,45,promoted,incongruent,✅,0.40577710329817496
11,45,fired,incongruent,❌,0.878062596241932
11,46,shooting,congruent,✅,0.507530057758092
11,46,celebration,congruent,✅,0.7117762755343935
11,46,shooting,incongruent,✅,0.023155940430211054
11,46,celebration,incongruent,✅,0.33307814802763897
11,47,crayon,congruent,✅,0.5473742486591214
11,47,beer,congruent,✅,0.9965007653056779
11,47,crayon,incongruent,✅,0.0005357459326813751
11,47,beer,incongruent,✅,0.00014549039957613335
11,48,waiter,congruent,✅,0.9535017457842597
11,48,taxi,congruent,✅,0.7771565355105718
11,48,waiter,incongruent,✅,0.11872923889826215
11,48,taxi,incongruent,✅,0.1075530860304402
11,49,parents,congruent,✅,0.9689245504942446
11,49,keys,congruent,✅,0.9634895596179042
11,49,parents,incongruent,❌,0.6854581088534604
11,49,keys,incongruent,✅,0.3591502341440748
11,5,distress,congruent,✅,0.9888574006164893
11,5,tranquility,congruent,✅,0.9821269685172884
11,5,distress,incongruent,✅,0.0003040303919311268
11,5,tranquility,incongruent,✅,0.3180132509705637
11,50,sofa,congruent,✅,0.9937839818459971
11,50,sky,congruent,✅,0.9878561289607006
11,50,sofa,incongruent,✅,0.01586005712272533
11,50,sky,incongruent,✅,0.10742826529724014
11,51,obesity,congruent,✅,0.5774547695273443
11,51,homework,congruent,✅,0.9827213652918602
11,51,obesity,incongruent,✅,0.002039137454031126
11,51,homework,incongruent,✅,0.03966727795256557
11,52,quiz,congruent,✅,0.989676791571567
11,52,commute,congruent,✅,0.9981997188052898
11,52,quiz,incongruent,✅,0.006529506338685437
11,52,commute,incongruent,✅,0.07545987704317991
11,53,migraine,congruent,✅,0.9968519330868647
11,53,excitement,congruent,✅,0.8224714788946509
11,53,migraine,incongruent,✅,0.0003669120041890696
11,53,excitement,incongruent,✅,0.3177834354978334
11,54,niece,congruent,✅,0.8635640660351592
11,54,husband,congruent,✅,0.5818176123911659
11,54,niece,incongruent,✅,0.27974201876206845
11,54,husband,incongruent,✅,0.44769470749241597
11,55,film,congruent,✅,0.886955290062852
11,55,sunrise,congruent,✅,0.9039126644235822
11,55,film,incongruent,✅,0.005596920636848481
11,55,sunrise,incongruent,✅,0.008506420324812235
11,56,lecture,congruent,✅,0.9987374829510396
11,56,banquet,congruent,✅,0.9871340701699151
11,56,lecture,incongruent,✅,0.007121890216889602
11,56,banquet,incongruent,✅,0.036281667986603414
11,57,drink,congruent,✅,0.9997588965737196
11,57,textbook,congruent,✅,0.9988738074812592
11,57,drink,incongruent,✅,0.006562070438741716
11,57,textbook,incongruent,✅,0.00509550658140274
11,58,pool,congruent,✅,0.8318307972830135
11,58,snow,congruent,❌,0.31546638163445023
11,58,pool,incongruent,✅,0.019697471942318603
11,58,snow,incongruent,✅,0.0988765292480308
11,59,passport,congruent,✅,0.9542157154157543
11,59,plushy,congruent,✅,0.9963428102673036
11,59,passport,incongruent,✅,0.0374593227342846
11,59,plushy,incongruent,✅,0.15218869187424905
11,6,patients,congruent,✅,0.7601159697726908
11,6,students,congruent,✅,0.993037080117323
11,6,patients,incongruent,✅,0.00010521072305344301
11,6,students,incongruent,✅,0.00023167426705724014
11,60,sister,congruent,✅,0.9768155023749627
11,60,father,congruent,✅,0.9539673115540315
11,60,sister,incongruent,✅,0.1084629182249105
11,60,father,incongruent,✅,0.11723557080670917
11,61,game,congruent,✅,0.9963786368461975
11,61,sunset,congruent,✅,0.9985155180278051
11,61,game,incongruent,✅,0.2864836345246613
11,61,sunset,incongruent,✅,0.06397124955329488
11,62,holidays,congruent,✅,0.9350331911853491
11,62,funeral,congruent,✅,0.981698629750829
11,62,holidays,incongruent,✅,0.0691966472138805
11,62,funeral,incongruent,✅,0.305347140957769
11,63,grades,congruent,✅,0.7646494167312222
11,63,affair,congruent,✅,0.8608880842845831
11,63,grades,incongruent,✅,0.16621701989458798
11,63,affair,incongruent,✅,0.2278024918374537
11,64,arrest,congruent,✅,0.889659328381829
11,64,stroke,congruent,✅,0.539665779539638
11,64,arrest,incongruent,❌,0.7664876919437836
11,64,stroke,incongruent,✅,0.1734570545278367
11,65,pacifier,congruent,✅,0.8615109082458796
11,65,coffee,congruent,✅,0.9987939461359985
11,65,pacifier,incongruent,✅,0.0028162537476926026
11,65,coffee,incongruent,✅,0.0025776441724428625
11,66,sweets,congruent,✅,0.9988208857391159
11,66,sentencing,congruent,❌,0.17460741111397546
11,66,sweets,incongruent,✅,0.011094913271076952
11,66,sentencing,incongruent,✅,0.018238764289820887
11,67,nap,congruent,✅,0.997920279562229
11,67,selfie,congruent,✅,0.984055214031476
11,67,nap,incongruent,✅,0.002061251568445157
11,67,selfie,incongruent,✅,0.001872822021128281
11,68,diaper,congruent,✅,0.9895879115333024
11,68,tire,congruent,✅,0.9962980743569599
11,68,diaper,incongruent,✅,9.277759507280205e-05
11,68,tire,incongruent,✅,0.0017674200721297976
11,69,chemotherapy,congruent,✅,0.9440981434643243
11,69,golf,congruent,✅,0.9951533384337368
11,69,chemotherapy,incongruent,✅,0.006993379658190984
11,69,golf,incongruent,✅,0.0311649993343198
11,7,consensus,congruent,✅,0.813704306509924
11,7,deadlock,congruent,✅,0.7482273696808839
11,7,consensus,incongruent,✅,0.19522226614583393
11,7,deadlock,incongruent,❌,0.8311102022185354
11,70,thunder,congruent,✅,0.9944725385478747
11,70,lullaby,congruent,✅,0.8643735647206681
11,70,thunder,incongruent,✅,0.01258250443575615
11,70,lullaby,incongruent,✅,0.17402104681784739
11,71,pajamas,congruent,✅,0.9984297501245247
11,71,uniform,congruent,✅,0.998384256036218
11,71,pajamas,incongruent,❌,0.628342000461626
11,71,uniform,incongruent,✅,0.0002662311373518354
11,72,gown,congruent,✅,0.9995187544555374
11,72,sweats,congruent,✅,0.9965145416194406
11,72,gown,incongruent,✅,2.9604734080652496e-05
11,72,sweats,incongruent,✅,0.008887318987053545
11,73,deadline,congruent,✅,0.81205043168419
11,73,bed,congruent,✅,0.974675460956354
11,73,deadline,incongruent,✅,0.00848426821734011
11,73,bed,incongruent,✅,0.06287269226136365
11,74,kindergarten,congruent,✅,0.8512290940159283
11,74,jail,congruent,✅,0.5161391657081956
11,74,kindergarten,incongruent,✅,0.03471099711193484
11,74,jail,incongruent,❌,0.6377913037481596
11,75,interrogated,congruent,✅,0.8803658505091099
11,75,tickled,congruent,✅,0.94019135993508
11,75,interrogated,incongruent,✅,0.11581839458646649
11,75,tickled,incongruent,✅,0.010718149160442487
11,76,sandcastle,congruent,✅,0.9958500690348838
11,76,snowman,congruent,✅,0.9981869923798001
11,76,sandcastle,incongruent,✅,0.06806458017448784
11,76,snowman,incongruent,❌,0.9893083634238926
11,77,music,congruent,✅,0.99878872038723
11,77,pizza,congruent,✅,0.9995448999159504
11,77,music,incongruent,✅,0.11893149685763335
11,77,pizza,incongruent,✅,0.0005168915780322563
11,78,playoffs,congruent,✅,0.8897364453623464
11,78,cartoon,congruent,✅,0.9988665411112553
11,78,playoffs,incongruent,✅,0.004315542668660401
11,78,cartoon,incongruent,✅,0.19570022511878316
11,79,alcoholism,congruent,✅,0.9070227643336104
11,79,academics,congruent,✅,0.9894946975961892
11,79,alcoholism,incongruent,✅,0.11940250462753609
11,79,academics,incongruent,✅,0.12804770423479872
11,8,engagement,congruent,✅,0.835984623900643
11,8,cancer,congruent,✅,0.6066501300353755
11,8,engagement,incongruent,✅,0.13288664270807604
11,8,cancer,incongruent,❌,0.7578410840417599
11,9,terminal,congruent,✅,0.9910345977735011
11,9,classroom,congruent,✅,0.9942817821055704
11,9,terminal,incongruent,❌,0.766308648982707
11,9,classroom,incongruent,✅,0.3899224505707998
12,0,library,congruent,✅,0.728573389106765
12,0,refrigerator,congruent,✅,0.775890682886826
12,0,library,incongruent,✅,0.027606431228561604
12,0,refrigerator,incongruent,✅,0.00018641687467723275
12,1,disappointment,congruent,✅,0.9041200118384383
12,1,delight,congruent,✅,0.969077550557258
12,1,disappointment,incongruent,✅,0.0025468705729466174
12,1,delight,incongruent,✅,0.09274123635006276
12,10,cash,congruent,✅,0.964190128603152
12,10,groceries,congruent,✅,0.9376904556477238
12,10,cash,incongruent,✅,0.44725653101107365
12,10,groceries,incongruent,✅,0.3805715402586111
12,11,lonely,congruent,✅,0.9521239059459851
12,11,confident,congruent,✅,0.7428318243487193
12,11,lonely,incongruent,✅,0.06219785377781401
12,11,confident,incongruent,✅,0.4559084331706984
12,12,joy,congruent,✅,0.9993354210224635
12,12,outrage,congruent,✅,0.9029960463322421
12,12,joy,incongruent,✅,0.00851322819062972
12,12,outrage,incongruent,❌,0.954910102354916
12,13,traffic,congruent,✅,0.994972418760644
12,13,snowstorm,congruent,✅,0.9970295358223418
12,13,traffic,incongruent,❌,0.8361721314198414
12,13,snowstorm,incongruent,❌,0.8936454143237977
12,14,laughter,congruent,✅,0.9213120940899212
12,14,frustration,congruent,✅,0.9948659765236469
12,14,laughter,incongruent,✅,0.07432537875348268
12,14,frustration,incongruent,✅,0.01802568412796371
12,15,calculator,congruent,✅,0.7377839743514519
12,15,instrument,congruent,✅,0.6306221606277586
12,15,calculator,incongruent,✅,0.06281605609528847
12,15,instrument,incongruent,✅,0.21468686015954572
12,16,orchestra,congruent,✅,0.94068081668112
12,16,racers,congruent,✅,0.9518245290473765
12,16,orchestra,incongruent,✅,0.09879964823280239
12,16,racers,incongruent,❌,0.8517923533697497
12,17,retirement,congruent,✅,0.8839622630413071
12,17,playdate,congruent,✅,0.8828894642102957
12,17,retirement,incongruent,✅,0.03262425324667128
12,17,playdate,incongruent,✅,0.03324613466864235
12,18,relieved,congruent,❌,0.3817176045001238
12,18,depressed,congruent,✅,0.8579051275211347
12,18,relieved,incongruent,✅,0.005459758349906435
12,18,depressed,incongruent,✅,0.3194885919826282
12,19,friends,congruent,❌,0.3937763014874638
12,19,weight,congruent,✅,0.9284731111236453
12,19,friends,incongruent,✅,0.29851101466840596
12,19,weight,incongruent,✅,0.10415839526926962
12,2,overcoat,congruent,✅,0.6789390758718968
12,2,sandals,congruent,✅,0.6870168019886824
12,2,overcoat,incongruent,✅,0.017691461735219786
12,2,sandals,incongruent,✅,0.005027433987767454
12,20,lipstick,congruent,✅,0.9621485147472054
12,20,song,congruent,✅,0.9861488867510004
12,20,lipstick,incongruent,✅,0.019057635165097533
12,20,song,incongruent,✅,0.15177156034658756
12,21,fought,congruent,❌,0.119944205895422
12,21,sang,congruent,❌,0.2865640499450727
12,21,fought,incongruent,✅,0.01700558475132227
12,21,sang,incongruent,✅,0.0004867274902044399
12,22,skeptical,congruent,✅,0.8219902983938887
12,22,reassured,congruent,✅,0.5275868175407847
12,22,skeptical,incongruent,✅,0.4360368540458719
12,22,reassured,incongruent,✅,0.43708683591596
12,23,graduation,congruent,✅,0.9966385442609498
12,23,operation,congruent,✅,0.9713358901899958
12,23,graduation,incongruent,✅,0.017363109817113725
12,23,operation,incongruent,✅,0.13533713844718875
12,24,bride,congruent,✅,0.9809631678424952
12,24,aftermath,congruent,✅,0.9560616739300029
12,24,bride,incongruent,✅,0.08259032973190694
12,24,aftermath,incongruent,✅,0.026819778268763802
12,25,teacher,congruent,❌,0.3707048175031569
12,25,daughter,congruent,✅,0.9605299965604467
12,25,teacher,incongruent,✅,0.03516549737946889
12,25,daughter,incongruent,✅,0.02633124824595092
12,26,roommate,congruent,✅,0.9702840348082142
12,26,grandma,congruent,✅,0.9922291296806811
12,26,roommate,incongruent,✅,0.0378326682379167
12,26,grandma,incongruent,✅,0.019490349670635145
12,27,brother,congruent,✅,0.8884109592040066
12,27,mother,congruent,✅,0.7760075129761121
12,27,brother,incongruent,❌,0.5647005534984277
12,27,mother,incongruent,✅,0.20894195500411303
12,28,preschool,congruent,✅,0.6579105091985167
12,28,prison,congruent,✅,0.9617662503805132
12,28,preschool,incongruent,✅,0.028279223970167463
12,28,prison,incongruent,✅,0.0012249916777466218
12,29,hopeful,congruent,❌,0.3963522409679774
12,29,hopeless,congruent,✅,0.9057804551360427
12,29,hopeful,incongruent,✅,0.25320441336880023
12,29,hopeless,incongruent,✅,0.03404468423981158
12,3,marathon,congruent,✅,0.5116523580965399
12,3,exam,congruent,✅,0.8845454340063684
12,3,marathon,incongruent,✅,0.0033970271224397844
12,3,exam,incongruent,✅,0.04053549372103522
12,30,appalled,congruent,✅,0.6033866490697161
12,30,overjoyed,congruent,❌,0.1300332464414871
12,30,appalled,incongruent,✅,0.01559228579496485
12,30,overjoyed,incongruent,✅,0.27420993804921656
12,31,reprimand,congruent,✅,0.9101504331085636
12,31,encouragement,congruent,✅,0.8794161473959422
12,31,reprimand,incongruent,✅,0.022238428138708667
12,31,encouragement,incongruent,✅,0.1492392742193012
12,32,angrily,congruent,✅,0.9961078203640151
12,32,cordially,congruent,✅,0.9732381574281219
12,32,angrily,incongruent,✅,0.02253915340110781
12,32,cordially,incongruent,✅,0.005119058023804922
12,33,accusatory,congruent,✅,0.9368638005695861
12,33,flirtatious,congruent,✅,0.9135317895990702
12,33,accusatory,incongruent,✅,0.021075934428458887
12,33,flirtatious,incongruent,✅,0.1283215088468694
12,34,disapprovingly,congruent,✅,0.940555672691438
12,34,lovingly,congruent,✅,0.9419458564813692
12,34,disapprovingly,incongruent,✅,0.020467565276327246
12,34,lovingly,incongruent,✅,0.02026074720453289
12,35,playful,congruent,✅,0.8315572379500146
12,35,distant,congruent,✅,0.5909681738534364
12,35,playful,incongruent,✅,0.040534622079008265
12,35,distant,incongruent,✅,0.3379449360146566
12,36,headphones,congruent,✅,0.9558352213068236
12,36,mangoes,congruent,❌,0.4857049836923316
12,36,headphones,incongruent,✅,0.007452866726626295
12,36,mangoes,incongruent,✅,0.05783947403184354
12,37,playroom,congruent,✅,0.9966344998368578
12,37,park,congruent,✅,0.9966557740034432
12,37,playroom,incongruent,✅,0.001961208755404124
12,37,park,incongruent,✅,0.004650289480397881
12,38,bedroom,congruent,✅,0.9851739546866395
12,38,backyard,congruent,✅,0.9925284824177442
12,38,bedroom,incongruent,✅,0.04251995515794759
12,38,backyard,incongruent,✅,0.0035914049059602112
12,39,solemnly,congruent,✅,0.8411896646544507
12,39,excitedly,congruent,✅,0.9991482476010213
12,39,solemnly,incongruent,❌,0.8727740887965048
12,39,excitedly,incongruent,✅,0.013855640356586752
12,4,menu,congruent,✅,0.6296372963713799
12,4,prescription,congruent,✅,0.9763156116837953
12,4,menu,incongruent,✅,0.009545978247109368
12,4,prescription,incongruent,✅,0.013562967068088766
12,40,car,congruent,❌,0.47436031814756663
12,40,sock,congruent,❌,0.06086485746960604
12,40,car,incongruent,✅,0.07408284921515797
12,40,sock,incongruent,✅,0.09305255950777731
12,41,overdressed,congruent,✅,0.9832277217327926
12,41,naked,congruent,✅,0.6760993906727166
12,41,overdressed,incongruent,✅,0.013778147317505325
12,41,naked,incongruent,✅,0.1571991480195135
12,42,shy,congruent,✅,0.872314907184757
12,42,lively,congruent,✅,0.9679818300612762
12,42,shy,incongruent,❌,0.562698562970597
12,42,lively,incongruent,✅,0.3467387017451911
12,43,offended,congruent,✅,0.9780734012389221
12,43,flattered,congruent,✅,0.967032912295287
12,43,offended,incongruent,✅,0.029146868136015216
12,43,flattered,incongruent,✅,0.3007674481817083
12,44,grandkid,congruent,✅,0.977834480992142
12,44,cellmate,congruent,✅,0.8865835896125014
12,44,grandkid,incongruent,✅,0.012960363127761759
12,44,cellmate,incongruent,❌,0.5125043335007665
12,45,promoted,congruent,✅,0.6858755304407088
12,45,fired,congruent,✅,0.9155605495044254
12,45,promoted,incongruent,❌,0.5895987144946571
12,45,fired,incongruent,❌,0.8926702446637809
12,46,shooting,congruent,❌,0.4011345363441661
12,46,celebration,congruent,✅,0.5342854627671618
12,46,shooting,incongruent,✅,0.04046257494249797
12,46,celebration,incongruent,✅,0.22127741402075124
12,47,crayon,congruent,❌,0.4916177744397019
12,47,beer,congruent,✅,0.9926571555692195
12,47,crayon,incongruent,✅,0.0005910226108506298
12,47,beer,incongruent,✅,0.00018400019834591662
12,48,waiter,congruent,✅,0.9549144111215396
12,48,taxi,congruent,✅,0.6857019479899052
12,48,waiter,incongruent,✅,0.19922682757346158
12,48,taxi,incongruent,✅,0.19438895326091518
12,49,parents,congruent,✅,0.957626365344971
12,49,keys,congruent,✅,0.9498146327917414
12,49,parents,incongruent,❌,0.6472341827040963
12,49,keys,incongruent,✅,0.3857464344299681
12,5,distress,congruent,✅,0.9752581809478947
12,5,tranquility,congruent,✅,0.9286338455901539
12,5,distress,incongruent,✅,0.0007993907012366439
12,5,tranquility,incongruent,✅,0.3728188395166221
12,50,sofa,congruent,✅,0.9960620415137583
12,50,sky,congruent,✅,0.9671534172440448
12,50,sofa,incongruent,✅,0.005553452117955267
12,50,sky,incongruent,✅,0.07753940202040151
12,51,obesity,congruent,✅,0.5250131143659192
12,51,homework,congruent,✅,0.9584684797104711
12,51,obesity,incongruent,✅,0.00606885906473651
12,51,homework,incongruent,✅,0.04337453655202254
12,52,quiz,congruent,✅,0.9868384733278026
12,52,commute,congruent,✅,0.9963649429352951
12,52,quiz,incongruent,✅,0.010017264167378422
12,52,commute,incongruent,✅,0.05225378416303808
12,53,migraine,congruent,✅,0.9975195495771425
12,53,excitement,congruent,✅,0.5433785300490186
12,53,migraine,incongruent,✅,0.0007566190078370496
12,53,excitement,incongruent,❌,0.6130690375942769
12,54,niece,congruent,✅,0.8505756547340669
12,54,husband,congruent,❌,0.46333632855252294
12,54,niece,incongruent,✅,0.4615506949093233
12,54,husband,incongruent,✅,0.44552382523396755
12,55,film,congruent,✅,0.913728553615722
12,55,sunrise,congruent,✅,0.8007704127517713
12,55,film,incongruent,✅,0.03431774224339137
12,55,sunrise,incongruent,✅,0.023169970863345254
12,56,lecture,congruent,✅,0.9969930705921689
12,56,banquet,congruent,✅,0.9649817481652506
12,56,lecture,incongruent,✅,0.0052167819698460795
12,56,banquet,incongruent,✅,0.028416447436592406
12,57,drink,congruent,✅,0.9993205862239236
12,57,textbook,congruent,✅,0.9978909032841364
12,57,drink,incongruent,✅,0.00847046492067549
12,57,textbook,incongruent,✅,0.009301049202880914
12,58,pool,congruent,✅,0.9340657517448625
12,58,snow,congruent,❌,0.30254742423665026
12,58,pool,incongruent,✅,0.05379237793620528
12,58,snow,incongruent,✅,0.20207454323134652
12,59,passport,congruent,✅,0.9276369567197494
12,59,plushy,congruent,✅,0.9962978703071189
12,59,passport,incongruent,✅,0.08502522763816743
12,59,plushy,incongruent,✅,0.2608158008413896
12,6,patients,congruent,✅,0.8925127060865825
12,6,students,congruent,✅,0.9727920697147915
12,6,patients,incongruent,✅,4.5152351745206696e-05
12,6,students,incongruent,✅,0.0012225784414718432
12,60,sister,congruent,✅,0.9625497388074714
12,60,father,congruent,✅,0.9710059195008969
12,60,sister,incongruent,✅,0.09532754477514818
12,60,father,incongruent,✅,0.12746260263697587
12,61,game,congruent,✅,0.9951971888801162
12,61,sunset,congruent,✅,0.9941720067596596
12,61,game,incongruent,✅,0.2023810281803473
12,61,sunset,incongruent,✅,0.1061578357814913
12,62,holidays,congruent,✅,0.8647051761416075
12,62,funeral,congruent,✅,0.9613918930421943
12,62,holidays,incongruent,✅,0.08635730215990299
12,62,funeral,incongruent,✅,0.1509662686904828
12,63,grades,congruent,✅,0.5324720235799318
12,63,affair,congruent,✅,0.8668929888166647
12,63,grades,incongruent,✅,0.17988841128902555
12,63,affair,incongruent,✅,0.10013863415377268
12,64,arrest,congruent,✅,0.9129683769722859
12,64,stroke,congruent,❌,0.1641122676700783
12,64,arrest,incongruent,✅,0.38916646567121277
12,64,stroke,incongruent,✅,0.26985224090079357
12,65,pacifier,congruent,✅,0.8421457244579847
12,65,coffee,congruent,✅,0.9976493346280276
12,65,pacifier,incongruent,✅,0.0010902205569296188
12,65,coffee,incongruent,✅,0.0016968754183283206
12,66,sweets,congruent,✅,0.998113567569054
12,66,sentencing,congruent,❌,0.24238830014428087
12,66,sweets,incongruent,✅,0.0028371326501588235
12,66,sentencing,incongruent,✅,0.0186163978604833
12,67,nap,congruent,✅,0.9963294595439282
12,67,selfie,congruent,✅,0.989544214113742
12,67,nap,incongruent,✅,0.00600389486611197
12,67,selfie,incongruent,✅,0.008765477524024779
12,68,diaper,congruent,✅,0.9912413543365923
12,68,tire,congruent,✅,0.994561126192814
12,68,diaper,incongruent,✅,0.00021545117050744163
12,68,tire,incongruent,✅,0.009268348355423403
12,69,chemotherapy,congruent,✅,0.96322366002746
12,69,golf,congruent,✅,0.9967059420470873
12,69,chemotherapy,incongruent,✅,0.03457749928612644
12,69,golf,incongruent,✅,0.09773228653465262
12,7,consensus,congruent,✅,0.7349667325775787
12,7,deadlock,congruent,✅,0.686250849403926
12,7,consensus,incongruent,✅,0.2964304087114217
12,7,deadlock,incongruent,❌,0.7919066448772555
12,70,thunder,congruent,✅,0.9828022299845878
12,70,lullaby,congruent,✅,0.8762603031199342
12,70,thunder,incongruent,✅,0.02162641906486937
12,70,lullaby,incongruent,✅,0.13718881206189734
12,71,pajamas,congruent,✅,0.9974591121178704
12,71,uniform,congruent,✅,0.9983479886520686
12,71,pajamas,incongruent,❌,0.582030129086876
12,71,uniform,incongruent,✅,0.0037346637376548236
12,72,gown,congruent,✅,0.9997663126953191
12,72,sweats,congruent,✅,0.9933314627364367
12,72,gown,incongruent,✅,0.00018065590712170807
12,72,sweats,incongruent,✅,0.04861080957912319
12,73,deadline,congruent,✅,0.6955868096117183
12,73,bed,congruent,✅,0.9684149010894012
12,73,deadline,incongruent,✅,0.007477211686637155
12,73,bed,incongruent,✅,0.11390689489965078
12,74,kindergarten,congruent,✅,0.8168034960150956
12,74,jail,congruent,❌,0.2103952050650767
12,74,kindergarten,incongruent,✅,0.01247911940464218
12,74,jail,incongruent,❌,0.5585836088448675
12,75,interrogated,congruent,✅,0.8774495036371114
12,75,tickled,congruent,✅,0.9689526270840506
12,75,interrogated,incongruent,✅,0.36099052377833973
12,75,tickled,incongruent,✅,0.031153913659301553
12,76,sandcastle,congruent,✅,0.99267035091297
12,76,snowman,congruent,✅,0.990819360692899
12,76,sandcastle,incongruent,✅,0.0812264825035584
12,76,snowman,incongruent,❌,0.901028647648798
12,77,music,congruent,✅,0.9978661315719465
12,77,pizza,congruent,✅,0.9993447824588098
12,77,music,incongruent,✅,0.07517515754824336
12,77,pizza,incongruent,✅,0.0005600226310562053
12,78,playoffs,congruent,✅,0.8573574981795274
12,78,cartoon,congruent,✅,0.9983023938521715
12,78,playoffs,incongruent,✅,0.005307762246823465
12,78,cartoon,incongruent,✅,0.24719413723384387
12,79,alcoholism,congruent,✅,0.878775737494451
12,79,academics,congruent,✅,0.9933046382335212
12,79,alcoholism,incongruent,✅,0.3904164921231993
12,79,academics,incongruent,✅,0.2021748746828749
12,8,engagement,congruent,✅,0.8136644915856943
12,8,cancer,congruent,✅,0.7297082708221669
12,8,engagement,incongruent,✅,0.27516281112167174
12,8,cancer,incongruent,❌,0.774390870705478
12,9,terminal,congruent,✅,0.9696380868955172
12,9,classroom,congruent,✅,0.9861741226933611
12,9,terminal,incongruent,❌,0.5856476427733386
12,9,classroom,incongruent,✅,0.23885553056608363
13,0,library,congruent,❌,0.44893262746068857
13,0,refrigerator,congruent,✅,0.6144727389769803
13,0,library,incongruent,✅,0.040865464367463196
13,0,refrigerator,incongruent,✅,0.0003700172631187547
13,1,disappointment,congruent,✅,0.9098530502149197
13,1,delight,congruent,✅,0.951012217170471
13,1,disappointment,incongruent,✅,0.006381555883301877
13,1,delight,incongruent,✅,0.115398271339134
13,10,cash,congruent,✅,0.8960375035474847
13,10,groceries,congruent,✅,0.9072298418165997
13,10,cash,incongruent,❌,0.5195877225112263
13,10,groceries,incongruent,✅,0.2612693301108428
13,11,lonely,congruent,✅,0.9598491893055326
13,11,confident,congruent,✅,0.5246131986542657
13,11,lonely,incongruent,✅,0.04472257102438709
13,11,confident,incongruent,❌,0.6612841522570999
13,12,joy,congruent,✅,0.9971334665820423
13,12,outrage,congruent,✅,0.8296128225749013
13,12,joy,incongruent,✅,0.029448682641915483
13,12,outrage,incongruent,❌,0.8915229001742491
13,13,traffic,congruent,✅,0.9843181970370904
13,13,snowstorm,congruent,✅,0.9842200909020703
13,13,traffic,incongruent,❌,0.6667701065073816
13,13,snowstorm,incongruent,❌,0.7503992431238259
13,14,laughter,congruent,✅,0.9690869923599972
13,14,frustration,congruent,✅,0.9921703759845713
13,14,laughter,incongruent,✅,0.1588225606856509
13,14,frustration,incongruent,✅,0.10910772065426412
13,15,calculator,congruent,✅,0.5187691052851885
13,15,instrument,congruent,❌,0.44722722254651276
13,15,calculator,incongruent,✅,0.04561691943103108
13,15,instrument,incongruent,✅,0.19583984406908755
13,16,orchestra,congruent,✅,0.9440497426879921
13,16,racers,congruent,✅,0.97250009100345
13,16,orchestra,incongruent,✅,0.3337437671994931
13,16,racers,incongruent,❌,0.9237638423105567
13,17,retirement,congruent,✅,0.9166506882691869
13,17,playdate,congruent,✅,0.8177762953105115
13,17,retirement,incongruent,✅,0.12453562076738983
13,17,playdate,incongruent,✅,0.07152447613790149
13,18,relieved,congruent,✅,0.6210729699276422
13,18,depressed,congruent,✅,0.6603488856267823
13,18,relieved,incongruent,✅,0.015463209218665652
13,18,depressed,incongruent,❌,0.5371346514229286
13,19,friends,congruent,❌,0.14342596597524548
13,19,weight,congruent,✅,0.7473634650679163
13,19,friends,incongruent,✅,0.21280743722856485
13,19,weight,incongruent,✅,0.02859254918475424
13,2,overcoat,congruent,✅,0.6747570632012282
13,2,sandals,congruent,✅,0.5056294372419804
13,2,overcoat,incongruent,✅,0.02656622522420428
13,2,sandals,incongruent,✅,0.0347710989121244
13,20,lipstick,congruent,✅,0.7198898238716888
13,20,song,congruent,✅,0.9792224363436528
13,20,lipstick,incongruent,✅,0.04843919186634755
13,20,song,incongruent,✅,0.043564014171903864
13,21,fought,congruent,❌,0.11788512606912417
13,21,sang,congruent,❌,0.4009390550177115
13,21,fought,incongruent,✅,0.058227390090671446
13,21,sang,incongruent,✅,0.004174946841076203
13,22,skeptical,congruent,✅,0.7787361582146599
13,22,reassured,congruent,✅,0.7081866148229328
13,22,skeptical,incongruent,❌,0.6635903852874229
13,22,reassured,incongruent,✅,0.4296255192967079
13,23,graduation,congruent,✅,0.992544909463101
13,23,operation,congruent,✅,0.9547366801069967
13,23,graduation,incongruent,✅,0.019069972508590403
13,23,operation,incongruent,✅,0.2062075368505542
13,24,bride,congruent,✅,0.9241391360474502
13,24,aftermath,congruent,✅,0.8564870883518013
13,24,bride,incongruent,✅,0.04249067126864373
13,24,aftermath,incongruent,✅,0.03129221656629178
13,25,teacher,congruent,❌,0.2672173816818023
13,25,daughter,congruent,✅,0.9825127514247756
13,25,teacher,incongruent,✅,0.11617406735356448
13,25,daughter,incongruent,✅,0.036840608929034784
13,26,roommate,congruent,✅,0.9052744732803191
13,26,grandma,congruent,✅,0.9717191811281417
13,26,roommate,incongruent,✅,0.07931440520353546
13,26,grandma,incongruent,✅,0.03673029124712477
13,27,brother,congruent,✅,0.8062445720688487
13,27,mother,congruent,✅,0.8315450187659036
13,27,brother,incongruent,❌,0.6181058221314243
13,27,mother,incongruent,✅,0.20091917004307155
13,28,preschool,congruent,✅,0.6969094910208622
13,28,prison,congruent,✅,0.9551053031164243
13,28,preschool,incongruent,✅,0.024274499047060624
13,28,prison,incongruent,✅,0.0054429894168208015
13,29,hopeful,congruent,❌,0.22488986341975667
13,29,hopeless,congruent,✅,0.6177904083930849
13,29,hopeful,incongruent,✅,0.10278681149521048
13,29,hopeless,incongruent,✅,0.014063786789806966
13,3,marathon,congruent,✅,0.646848829713344
13,3,exam,congruent,✅,0.7624520640562414
13,3,marathon,incongruent,✅,0.012147855792243395
13,3,exam,incongruent,✅,0.14533105143093789
13,30,appalled,congruent,✅,0.5664325864157426
13,30,overjoyed,congruent,❌,0.19456429794074026
13,30,appalled,incongruent,✅,0.03924455102307032
13,30,overjoyed,incongruent,✅,0.32277008553817
13,31,reprimand,congruent,✅,0.8431861035384409
13,31,encouragement,congruent,✅,0.8417436261020526
13,31,reprimand,incongruent,✅,0.04415473415960703
13,31,encouragement,incongruent,✅,0.2650103371782391
13,32,angrily,congruent,✅,0.9573838999783356
13,32,cordially,congruent,✅,0.9094596246830376
13,32,angrily,incongruent,✅,0.05804657881303441
13,32,cordially,incongruent,✅,0.00944463947200727
13,33,accusatory,congruent,✅,0.9704700077089675
13,33,flirtatious,congruent,✅,0.9328993040192685
13,33,accusatory,incongruent,✅,0.11518483961616227
13,33,flirtatious,incongruent,✅,0.4701383581399095
13,34,disapprovingly,congruent,✅,0.911882322731682
13,34,lovingly,congruent,✅,0.7869534181730964
13,34,disapprovingly,incongruent,✅,0.022931179634277685
13,34,lovingly,incongruent,✅,0.13557899616334718
13,35,playful,congruent,✅,0.8842795087457984
13,35,distant,congruent,✅,0.6163880663616688
13,35,playful,incongruent,✅,0.08694771199672562
13,35,distant,incongruent,✅,0.46548833862876055
13,36,headphones,congruent,✅,0.9618840543339002
13,36,mangoes,congruent,✅,0.8029081952563131
13,36,headphones,incongruent,✅,0.04421974911571772
13,36,mangoes,incongruent,✅,0.05981132948639984
13,37,playroom,congruent,✅,0.9920567982638079
13,37,park,congruent,✅,0.9962988433393177
13,37,playroom,incongruent,✅,0.0063877108832165715
13,37,park,incongruent,✅,0.009229347444812547
13,38,bedroom,congruent,✅,0.960647993164851
13,38,backyard,congruent,✅,0.9897699228555477
13,38,bedroom,incongruent,✅,0.06599526748025876
13,38,backyard,incongruent,✅,0.003972601319455063
13,39,solemnly,congruent,✅,0.8309858120287014
13,39,excitedly,congruent,✅,0.9986873354516891
13,39,solemnly,incongruent,❌,0.9325409826434238
13,39,excitedly,incongruent,✅,0.07125792534228875
13,4,menu,congruent,❌,0.44430256100197796
13,4,prescription,congruent,✅,0.9429548983830578
13,4,menu,incongruent,✅,0.012561559096429845
13,4,prescription,incongruent,✅,0.016707644178889928
13,40,car,congruent,✅,0.5448664666804199
13,40,sock,congruent,❌,0.2726856150923817
13,40,car,incongruent,✅,0.13643740020600004
13,40,sock,incongruent,✅,0.21095507288296253
13,41,overdressed,congruent,✅,0.8974507177728911
13,41,naked,congruent,❌,0.23805251865052032
13,41,overdressed,incongruent,✅,0.004432977614444651
13,41,naked,incongruent,✅,0.061461063447323716
13,42,shy,congruent,✅,0.9062969440185317
13,42,lively,congruent,✅,0.9289652176843191
13,42,shy,incongruent,✅,0.49860080339570845
13,42,lively,incongruent,✅,0.4965715123901348
13,43,offended,congruent,✅,0.954671971638453
13,43,flattered,congruent,✅,0.9037744267329952
13,43,offended,incongruent,✅,0.0431517642668645
13,43,flattered,incongruent,✅,0.4643622814332237
13,44,grandkid,congruent,✅,0.9501908326310179
13,44,cellmate,congruent,✅,0.7040613842916272
13,44,grandkid,incongruent,✅,0.02986401544173491
13,44,cellmate,incongruent,✅,0.25064739316065143
13,45,promoted,congruent,✅,0.6930583336016144
13,45,fired,congruent,✅,0.8974088989746261
13,45,promoted,incongruent,❌,0.5717642529612267
13,45,fired,incongruent,❌,0.8880316782610436
13,46,shooting,congruent,❌,0.1977294056360467
13,46,celebration,congruent,❌,0.3847643618864318
13,46,shooting,incongruent,✅,0.03360405215494067
13,46,celebration,incongruent,✅,0.11131759934878063
13,47,crayon,congruent,✅,0.5907331631818469
13,47,beer,congruent,✅,0.9865306832552293
13,47,crayon,incongruent,✅,0.001980860637370937
13,47,beer,incongruent,✅,0.001538338491423384
13,48,waiter,congruent,✅,0.9359219869690932
13,48,taxi,congruent,✅,0.6290261442125826
13,48,waiter,incongruent,✅,0.2749078446172354
13,48,taxi,incongruent,✅,0.33161987518011876
13,49,parents,congruent,✅,0.8900788864640959
13,49,keys,congruent,✅,0.9228228839816379
13,49,parents,incongruent,❌,0.5030940424203864
13,49,keys,incongruent,✅,0.2441905132641494
13,5,distress,congruent,✅,0.9464887130287477
13,5,tranquility,congruent,✅,0.7885511771091624
13,5,distress,incongruent,✅,0.0017330857737379599
13,5,tranquility,incongruent,✅,0.3783949109625659
13,50,sofa,congruent,✅,0.9819165457673479
13,50,sky,congruent,✅,0.9299287271825714
13,50,sofa,incongruent,✅,0.0028401542233597887
13,50,sky,incongruent,✅,0.06688105324374272
13,51,obesity,congruent,❌,0.3558026621520493
13,51,homework,congruent,✅,0.9494800978808045
13,51,obesity,incongruent,✅,0.04346092875448417
13,51,homework,incongruent,✅,0.03248784628377797
13,52,quiz,congruent,✅,0.9614559754871457
13,52,commute,congruent,✅,0.9875757345734048
13,52,quiz,incongruent,✅,0.0062743206824403715
13,52,commute,incongruent,✅,0.035569497811834695
13,53,migraine,congruent,✅,0.9973136560179136
13,53,excitement,congruent,❌,0.3503927273944452
13,53,migraine,incongruent,✅,0.0013868091635446708
13,53,excitement,incongruent,❌,0.6637332051531296
13,54,niece,congruent,✅,0.730735065457754
13,54,husband,congruent,✅,0.5644221197153418
13,54,niece,incongruent,✅,0.41924233320620863
13,54,husband,incongruent,✅,0.46109546436605103
13,55,film,congruent,✅,0.9024800966777399
13,55,sunrise,congruent,✅,0.5648493068425438
13,55,film,incongruent,✅,0.05920150290921358
13,55,sunrise,incongruent,✅,0.10787030514680686
13,56,lecture,congruent,✅,0.9919820164464908
13,56,banquet,congruent,✅,0.9535490507111573
13,56,lecture,incongruent,✅,0.024029961400382122
13,56,banquet,incongruent,✅,0.02910835776593705
13,57,drink,congruent,✅,0.9996247229420548
13,57,textbook,congruent,✅,0.9969320002913712
13,57,drink,incongruent,✅,0.03189981427479978
13,57,textbook,incongruent,✅,0.050816514097524655
13,58,pool,congruent,✅,0.9690832533818087
13,58,snow,congruent,❌,0.23057953918490115
13,58,pool,incongruent,✅,0.12492438098475446
13,58,snow,incongruent,✅,0.31462008127037144
13,59,passport,congruent,✅,0.8647559631826442
13,59,plushy,congruent,✅,0.9878641708913798
13,59,passport,incongruent,✅,0.12484343571945607
13,59,plushy,incongruent,✅,0.25312903880099186
13,6,patients,congruent,✅,0.8636758819088428
13,6,students,congruent,✅,0.9807032840216285
13,6,patients,incongruent,✅,0.001448100430172297
13,6,students,incongruent,✅,0.01736030252211792
13,60,sister,congruent,✅,0.9716938081744112
13,60,father,congruent,✅,0.9782171001409908
13,60,sister,incongruent,✅,0.23508136272010072
13,60,father,incongruent,✅,0.19323292571767922
13,61,game,congruent,✅,0.9815140021434975
13,61,sunset,congruent,✅,0.9823071830318967
13,61,game,incongruent,✅,0.3001483118481278
13,61,sunset,incongruent,✅,0.18348087694257292
13,62,holidays,congruent,✅,0.93419350316008
13,62,funeral,congruent,✅,0.9439631383955375
13,62,holidays,incongruent,✅,0.11561968255195565
13,62,funeral,incongruent,✅,0.4658454265274303
13,63,grades,congruent,✅,0.613569283973324
13,63,affair,congruent,✅,0.7510322233398815
13,63,grades,incongruent,✅,0.2922956830037987
13,63,affair,incongruent,✅,0.10843837917589386
13,64,arrest,congruent,✅,0.8865751394799911
13,64,stroke,congruent,❌,0.2789962324328143
13,64,arrest,incongruent,✅,0.43990499885511586
13,64,stroke,incongruent,✅,0.389341881634213
13,65,pacifier,congruent,✅,0.7433843643063366
13,65,coffee,congruent,✅,0.9914376080456264
13,65,pacifier,incongruent,✅,0.0023328395613440574
13,65,coffee,incongruent,✅,0.004599117090180437
13,66,sweets,congruent,✅,0.9977809823630678
13,66,sentencing,congruent,❌,0.43360847437317124
13,66,sweets,incongruent,✅,0.00832819382337734
13,66,sentencing,incongruent,✅,0.036092131841134904
13,67,nap,congruent,✅,0.9956588125690627
13,67,selfie,congruent,✅,0.9931589684752017
13,67,nap,incongruent,✅,0.028485365506003987
13,67,selfie,incongruent,✅,0.007427043969696912
13,68,diaper,congruent,✅,0.9869748474988819
13,68,tire,congruent,✅,0.9892717490972737
13,68,diaper,incongruent,✅,0.00030515492599684146
13,68,tire,incongruent,✅,0.008395589447732775
13,69,chemotherapy,congruent,✅,0.979418742442122
13,69,golf,congruent,✅,0.9969616082568311
13,69,chemotherapy,incongruent,✅,0.057616651674843915
13,69,golf,incongruent,✅,0.20688243457072306
13,7,consensus,congruent,✅,0.6131772439140905
13,7,deadlock,congruent,❌,0.49899530355301475
13,7,consensus,incongruent,✅,0.20480930138519704
13,7,deadlock,incongruent,❌,0.7094150240394654
13,70,thunder,congruent,✅,0.8942137705166074
13,70,lullaby,congruent,✅,0.6479420350723881
13,70,thunder,incongruent,✅,0.013193563131774565
13,70,lullaby,incongruent,✅,0.07775494954597223
13,71,pajamas,congruent,✅,0.9924142389863688
13,71,uniform,congruent,✅,0.9970338959477173
13,71,pajamas,incongruent,❌,0.7360898406254421
13,71,uniform,incongruent,✅,0.005915934497517026
13,72,gown,congruent,✅,0.9991543395643262
13,72,sweats,congruent,✅,0.9540432652391805
13,72,gown,incongruent,✅,0.00038672538525942043
13,72,sweats,incongruent,✅,0.11715599560045938
13,73,deadline,congruent,✅,0.6774453415731114
13,73,bed,congruent,✅,0.9807800302334769
13,73,deadline,incongruent,✅,0.06714190295144429
13,73,bed,incongruent,✅,0.17881798981404717
13,74,kindergarten,congruent,❌,0.34708289535584935
13,74,jail,congruent,❌,0.1475937732112611
13,74,kindergarten,incongruent,✅,0.016684426272709208
13,74,jail,incongruent,✅,0.13292679583299652
13,75,interrogated,congruent,✅,0.7863610428502
13,75,tickled,congruent,✅,0.9463100326877926
13,75,interrogated,incongruent,✅,0.4250004671396034
13,75,tickled,incongruent,✅,0.023960174818393302
13,76,sandcastle,congruent,✅,0.9982176580229902
13,76,snowman,congruent,✅,0.9960620921089078
13,76,sandcastle,incongruent,✅,0.14484065767680576
13,76,snowman,incongruent,❌,0.8961187716100596
13,77,music,congruent,✅,0.9982908534964574
13,77,pizza,congruent,✅,0.9995976925087492
13,77,music,incongruent,✅,0.09192447258797797
13,77,pizza,incongruent,✅,0.003432839217968442
13,78,playoffs,congruent,✅,0.8700133627510666
13,78,cartoon,congruent,✅,0.995973802588623
13,78,playoffs,incongruent,✅,0.010845546752191114
13,78,cartoon,incongruent,✅,0.4078123877948544
13,79,alcoholism,congruent,✅,0.8739428320048811
13,79,academics,congruent,✅,0.9740950589726123
13,79,alcoholism,incongruent,✅,0.42799581850653756
13,79,academics,incongruent,✅,0.28025348563999136
13,8,engagement,congruent,✅,0.8618498855819985
13,8,cancer,congruent,✅,0.6858053398193239
13,8,engagement,incongruent,✅,0.20864612525302775
13,8,cancer,incongruent,❌,0.8605336445637443
13,9,terminal,congruent,✅,0.9518937349035639
13,9,classroom,congruent,✅,0.9890331347415986
13,9,terminal,incongruent,❌,0.7901324240552587
13,9,classroom,incongruent,✅,0.28223758400114746
14,0,library,congruent,✅,0.5466500417897491
14,0,refrigerator,congruent,✅,0.9484278749639059
14,0,library,incongruent,✅,0.22165518080159893
14,0,refrigerator,incongruent,✅,0.0010328574486585939
14,1,disappointment,congruent,✅,0.9395132308500911
14,1,delight,congruent,✅,0.9814942371260768
14,1,disappointment,incongruent,✅,0.014288966392405105
14,1,delight,incongruent,✅,0.12232173941652257
14,10,cash,congruent,❌,0.47931688793072136
14,10,groceries,congruent,❌,0.47066245694744735
14,10,cash,incongruent,✅,0.115122485832375
14,10,groceries,incongruent,✅,0.05144362886557031
14,11,lonely,congruent,✅,0.9758234050735668
14,11,confident,congruent,✅,0.8919245252178505
14,11,lonely,incongruent,❌,0.5834849848175525
14,11,confident,incongruent,❌,0.8742512258233107
14,12,joy,congruent,✅,0.9975875969518299
14,12,outrage,congruent,✅,0.8332034027651198
14,12,joy,incongruent,✅,0.24697596442780642
14,12,outrage,incongruent,❌,0.8865362581288494
14,13,traffic,congruent,✅,0.9992826476949979
14,13,snowstorm,congruent,✅,0.9998853698907558
14,13,traffic,incongruent,❌,0.982164854975318
14,13,snowstorm,incongruent,❌,0.9981488167628265
14,14,laughter,congruent,✅,0.8552212312119889
14,14,frustration,congruent,✅,0.9456220708033778
14,14,laughter,incongruent,✅,0.18973147760453962
14,14,frustration,incongruent,✅,0.01995799809288398
14,15,calculator,congruent,❌,0.07288944367276316
14,15,instrument,congruent,❌,0.2371534599886769
14,15,calculator,incongruent,✅,0.013868441338740472
14,15,instrument,incongruent,✅,0.07387466050549767
14,16,orchestra,congruent,✅,0.7636597070821519
14,16,racers,congruent,✅,0.9790722372532371
14,16,orchestra,incongruent,✅,0.1718445837438396
14,16,racers,incongruent,❌,0.8435529820762613
14,17,retirement,congruent,❌,0.30217049588661204
14,17,playdate,congruent,✅,0.7430484268170443
14,17,retirement,incongruent,✅,0.01411882520341096
14,17,playdate,incongruent,✅,0.04415320425862857
14,18,relieved,congruent,✅,0.717548250649682
14,18,depressed,congruent,✅,0.8527074173176629
14,18,relieved,incongruent,✅,0.0355773225714915
14,18,depressed,incongruent,❌,0.7455780819663655
14,19,friends,congruent,❌,0.27094660836438444
14,19,weight,congruent,❌,0.4454184540757348
14,19,friends,incongruent,✅,0.12472314368625707
14,19,weight,incongruent,✅,0.051303562438203054
14,2,overcoat,congruent,❌,0.39448970442394227
14,2,sandals,congruent,❌,0.17775223659587464
14,2,overcoat,incongruent,✅,0.003486305360256614
14,2,sandals,incongruent,✅,0.00920338227005171
14,20,lipstick,congruent,✅,0.8315575366681938
14,20,song,congruent,✅,0.9517000600731035
14,20,lipstick,incongruent,✅,0.07340110756176531
14,20,song,incongruent,✅,0.1665391847581655
14,21,fought,congruent,❌,0.4252253461177928
14,21,sang,congruent,❌,0.3221901525337717
14,21,fought,incongruent,✅,0.1336520557098212
14,21,sang,incongruent,✅,0.0343804056864482
14,22,skeptical,congruent,✅,0.8273023317561653
14,22,reassured,congruent,✅,0.5928129285655502
14,22,skeptical,incongruent,✅,0.48098771961151393
14,22,reassured,incongruent,❌,0.6898454601222013
14,23,graduation,congruent,✅,0.9937268141746999
14,23,operation,congruent,✅,0.9755674734065515
14,23,graduation,incongruent,✅,0.1176308303196924
14,23,operation,incongruent,✅,0.494243378546947
14,24,bride,congruent,✅,0.744043533991243
14,24,aftermath,congruent,✅,0.9593041889744249
14,24,bride,incongruent,✅,0.4138607479254276
14,24,aftermath,incongruent,✅,0.023019578410102454
14,25,teacher,congruent,❌,0.42994320919942947
14,25,daughter,congruent,✅,0.9963951328122337
14,25,teacher,incongruent,✅,0.3801110154446808
14,25,daughter,incongruent,✅,0.05286581161661251
14,26,roommate,congruent,✅,0.9531321232627535
14,26,grandma,congruent,✅,0.9686962131906514
14,26,roommate,incongruent,✅,0.21975204261837308
14,26,grandma,incongruent,✅,0.06567014171406126
14,27,brother,congruent,✅,0.7985585379792698
14,27,mother,congruent,✅,0.7561818243049935
14,27,brother,incongruent,❌,0.5149206679183571
14,27,mother,incongruent,✅,0.022162169559618073
14,28,preschool,congruent,❌,0.3246567408351614
14,28,prison,congruent,✅,0.5248143569389419
14,28,preschool,incongruent,✅,0.005536961633149535
14,28,prison,incongruent,✅,0.0008198153054974058
14,29,hopeful,congruent,✅,0.5571946302418957
14,29,hopeless,congruent,✅,0.8550854667022466
14,29,hopeful,incongruent,✅,0.23398681731860818
14,29,hopeless,incongruent,✅,0.10110993762439946
14,3,marathon,congruent,✅,0.5788976253121145
14,3,exam,congruent,✅,0.8659858684847312
14,3,marathon,incongruent,✅,0.040619510491572995
14,3,exam,incongruent,✅,0.27302042148007516
14,30,appalled,congruent,✅,0.7705973614977004
14,30,overjoyed,congruent,❌,0.160921871861817
14,30,appalled,incongruent,✅,0.04135542159044593
14,30,overjoyed,incongruent,❌,0.5294128954891717
14,31,reprimand,congruent,✅,0.6947764291258005
14,31,encouragement,congruent,✅,0.8856692789715851
14,31,reprimand,incongruent,✅,0.03810588387048614
14,31,encouragement,incongruent,✅,0.1513221464029582
14,32,angrily,congruent,✅,0.7841247534556205
14,32,cordially,congruent,✅,0.8329576317472758
14,32,angrily,incongruent,✅,0.02235411116524064
14,32,cordially,incongruent,✅,0.022380999451635367
14,33,accusatory,congruent,✅,0.9752862200680025
14,33,flirtatious,congruent,✅,0.985090318530884
14,33,accusatory,incongruent,✅,0.2492781230362002
14,33,flirtatious,incongruent,❌,0.7846138442943089
14,34,disapprovingly,congruent,✅,0.9583991199821065
14,34,lovingly,congruent,✅,0.9427625623857969
14,34,disapprovingly,incongruent,✅,0.014644383274146803
14,34,lovingly,incongruent,✅,0.06421081864280784
14,35,playful,congruent,✅,0.5713379002537168
14,35,distant,congruent,❌,0.33479420110078856
14,35,playful,incongruent,✅,0.038873507985909425
14,35,distant,incongruent,✅,0.11069278593172245
14,36,headphones,congruent,✅,0.9326748682390155
14,36,mangoes,congruent,✅,0.5693445724855261
14,36,headphones,incongruent,✅,0.018805764935604204
14,36,mangoes,incongruent,✅,0.10785087333425954
14,37,playroom,congruent,✅,0.9954140041697697
14,37,park,congruent,✅,0.9958171665452269
14,37,playroom,incongruent,✅,0.001604108515223295
14,37,park,incongruent,✅,0.006517464712449854
14,38,bedroom,congruent,✅,0.9757374002329873
14,38,backyard,congruent,✅,0.9925583875917493
14,38,bedroom,incongruent,✅,0.31555729376146296
14,38,backyard,incongruent,✅,0.0005415076870305557
14,39,solemnly,congruent,✅,0.9706521736365589
14,39,excitedly,congruent,✅,0.9986361449423277
14,39,solemnly,incongruent,❌,0.982703020674153
14,39,excitedly,incongruent,❌,0.7882266986760281
14,4,menu,congruent,✅,0.5613305834249736
14,4,prescription,congruent,❌,0.39587210166501835
14,4,menu,incongruent,✅,0.012956501419145602
14,4,prescription,incongruent,✅,0.019572076017586378
14,40,car,congruent,✅,0.7196025698978843
14,40,sock,congruent,❌,0.19149278029019395
14,40,car,incongruent,✅,0.12249847945984667
14,40,sock,incongruent,✅,0.2388367715472695
14,41,overdressed,congruent,✅,0.8519892790803595
14,41,naked,congruent,❌,0.2874351175157037
14,41,overdressed,incongruent,✅,0.002901101238600927
14,41,naked,incongruent,✅,0.11632437200284308
14,42,shy,congruent,✅,0.621492374577931
14,42,lively,congruent,✅,0.7603422193536286
14,42,shy,incongruent,✅,0.30926303203222943
14,42,lively,incongruent,✅,0.15672413866834406
14,43,offended,congruent,❌,0.4659226120319989
14,43,flattered,congruent,✅,0.8417058220596523
14,43,offended,incongruent,✅,0.013118177905163139
14,43,flattered,incongruent,✅,0.13064439069137396
14,44,grandkid,congruent,✅,0.9746436986478918
14,44,cellmate,congruent,✅,0.8334706463280026
14,44,grandkid,incongruent,✅,0.0064879826418856364
14,44,cellmate,incongruent,✅,0.25044573396802705
14,45,promoted,congruent,✅,0.8520513259013895
14,45,fired,congruent,✅,0.706689620391427
14,45,promoted,incongruent,✅,0.3725957939412114
14,45,fired,incongruent,❌,0.8960464841205246
14,46,shooting,congruent,❌,0.3239924097566787
14,46,celebration,congruent,❌,0.3346513719311352
14,46,shooting,incongruent,✅,0.01948509192919904
14,46,celebration,incongruent,✅,0.14133322477174218
14,47,crayon,congruent,❌,0.209513573168431
14,47,beer,congruent,✅,0.9467995319200394
14,47,crayon,incongruent,✅,0.0012133513188031099
14,47,beer,incongruent,✅,0.001421730826511048
14,48,waiter,congruent,✅,0.7690068824523537
14,48,taxi,congruent,✅,0.6547524733130237
14,48,waiter,incongruent,✅,0.2675007014959279
14,48,taxi,incongruent,✅,0.3729563386437125
14,49,parents,congruent,✅,0.773439676295737
14,49,keys,congruent,✅,0.8850068566093078
14,49,parents,incongruent,❌,0.5083680859443578
14,49,keys,incongruent,✅,0.14841694113932266
14,5,distress,congruent,✅,0.94651713474295
14,5,tranquility,congruent,✅,0.7753184476835869
14,5,distress,incongruent,✅,0.005305684784292851
14,5,tranquility,incongruent,✅,0.23040698110844354
14,50,sofa,congruent,✅,0.974708901671652
14,50,sky,congruent,✅,0.9919153234515825
14,50,sofa,incongruent,✅,0.12764692942319203
14,50,sky,incongruent,✅,0.15247453139570227
14,51,obesity,congruent,❌,0.43588851665986733
14,51,homework,congruent,✅,0.9027380354706263
14,51,obesity,incongruent,✅,0.013202326812064492
14,51,homework,incongruent,✅,0.04431791182293046
14,52,quiz,congruent,✅,0.9758979213973461
14,52,commute,congruent,✅,0.996035621398781
14,52,quiz,incongruent,✅,0.006053589173616936
14,52,commute,incongruent,❌,0.5499894027472542
14,53,migraine,congruent,✅,0.9923076723601545
14,53,excitement,congruent,✅,0.7931801383177398
14,53,migraine,incongruent,✅,0.12974990969365208
14,53,excitement,incongruent,✅,0.38627686943850553
14,54,niece,congruent,✅,0.7775505484188293
14,54,husband,congruent,✅,0.6257198728264616
14,54,niece,incongruent,✅,0.28495889850513406
14,54,husband,incongruent,❌,0.6155313756433234
14,55,film,congruent,✅,0.7786253904533688
14,55,sunrise,congruent,❌,0.3267645329551495
14,55,film,incongruent,✅,0.040885119610189855
14,55,sunrise,incongruent,✅,0.07506325373457719
14,56,lecture,congruent,✅,0.9725279292111806
14,56,banquet,congruent,✅,0.9661793839434601
14,56,lecture,incongruent,✅,0.0073076499972061296
14,56,banquet,incongruent,✅,0.020976614132587237
14,57,drink,congruent,✅,0.9964822167231728
14,57,textbook,congruent,✅,0.9946066866021668
14,57,drink,incongruent,✅,0.0642411020228918
14,57,textbook,incongruent,✅,0.17277952382439443
14,58,pool,congruent,✅,0.9687024924038423
14,58,snow,congruent,❌,0.25137703294143865
14,58,pool,incongruent,✅,0.2261604984614468
14,58,snow,incongruent,✅,0.22830608718980433
14,59,passport,congruent,✅,0.9783182049458987
14,59,plushy,congruent,✅,0.9949882570569518
14,59,passport,incongruent,❌,0.6855191766873943
14,59,plushy,incongruent,❌,0.5843737926663454
14,6,patients,congruent,✅,0.8168529100877033
14,6,students,congruent,✅,0.9545705982451915
14,6,patients,incongruent,✅,0.007127460672911723
14,6,students,incongruent,✅,0.021060437988992636
14,60,sister,congruent,✅,0.9766787205047214
14,60,father,congruent,✅,0.9286907139169376
14,60,sister,incongruent,✅,0.23454601979263923
14,60,father,incongruent,✅,0.17389241103216646
14,61,game,congruent,✅,0.817730802909257
14,61,sunset,congruent,✅,0.9797160384350126
14,61,game,incongruent,✅,0.1219694572988799
14,61,sunset,incongruent,✅,0.17959609340787094
14,62,holidays,congruent,✅,0.6979010713293059
14,62,funeral,congruent,✅,0.7676322312441309
14,62,holidays,incongruent,✅,0.0559066380297873
14,62,funeral,incongruent,✅,0.060626673127535814
14,63,grades,congruent,✅,0.7052279748424057
14,63,affair,congruent,✅,0.9348090832381687
14,63,grades,incongruent,❌,0.6981330077573855
14,63,affair,incongruent,✅,0.377751158365069
14,64,arrest,congruent,❌,0.47786622577688614
14,64,stroke,congruent,❌,0.025209636946095813
14,64,arrest,incongruent,✅,0.0915002825486409
14,64,stroke,incongruent,✅,0.06772001200646895
14,65,pacifier,congruent,✅,0.7376018074190093
14,65,coffee,congruent,✅,0.9924173862659779
14,65,pacifier,incongruent,✅,0.013525273676624627
14,65,coffee,incongruent,✅,0.004278555418883485
14,66,sweets,congruent,✅,0.9906310723258409
14,66,sentencing,congruent,✅,0.5647816084325145
14,66,sweets,incongruent,✅,0.006108958089773974
14,66,sentencing,incongruent,✅,0.36156098852331825
14,67,nap,congruent,✅,0.9949929887324497
14,67,selfie,congruent,✅,0.9837925368939672
14,67,nap,incongruent,✅,0.023532793276586098
14,67,selfie,incongruent,✅,0.002833886330084576
14,68,diaper,congruent,✅,0.9486854600778956
14,68,tire,congruent,✅,0.9914989889836768
14,68,diaper,incongruent,✅,1.623135533120369e-05
14,68,tire,incongruent,✅,0.003922646411995596
14,69,chemotherapy,congruent,✅,0.9511831142161008
14,69,golf,congruent,✅,0.9922408785341693
14,69,chemotherapy,incongruent,✅,0.10841206977300533
14,69,golf,incongruent,✅,0.21569622790612686
14,7,consensus,congruent,✅,0.7073085043862237
14,7,deadlock,congruent,❌,0.2522749172786853
14,7,consensus,incongruent,✅,0.0645475380204496
14,7,deadlock,incongruent,❌,0.7973145875581062
14,70,thunder,congruent,✅,0.9654492343878498
14,70,lullaby,congruent,❌,0.25949569403020717
14,70,thunder,incongruent,✅,0.0008687272973587396
14,70,lullaby,incongruent,✅,0.18705248003397293
14,71,pajamas,congruent,✅,0.9952773939067798
14,71,uniform,congruent,✅,0.9883598497611265
14,71,pajamas,incongruent,❌,0.8819653367958278
14,71,uniform,incongruent,✅,0.007310136673826427
14,72,gown,congruent,✅,0.9878215744835653
14,72,sweats,congruent,✅,0.9724135111801719
14,72,gown,incongruent,✅,0.001730574789744969
14,72,sweats,incongruent,✅,0.18754232391368283
14,73,deadline,congruent,✅,0.9084581395834909
14,73,bed,congruent,✅,0.9889203137643742
14,73,deadline,incongruent,✅,0.10397934478480528
14,73,bed,incongruent,✅,0.38893275484349216
14,74,kindergarten,congruent,✅,0.6411464704522117
14,74,jail,congruent,❌,0.16054995537842315
14,74,kindergarten,incongruent,✅,0.0285415414822788
14,74,jail,incongruent,✅,0.32589462470809916
14,75,interrogated,congruent,✅,0.8046714820174803
14,75,tickled,congruent,✅,0.8923694556861637
14,75,interrogated,incongruent,✅,0.23298202320929418
14,75,tickled,incongruent,✅,0.04347131426204282
14,76,sandcastle,congruent,✅,0.9984775274799828
14,76,snowman,congruent,✅,0.9992741566574291
14,76,sandcastle,incongruent,✅,0.10445023850016749
14,76,snowman,incongruent,✅,0.2954902039197441
14,77,music,congruent,✅,0.9935319821741967
14,77,pizza,congruent,✅,0.9982888943505158
14,77,music,incongruent,✅,0.158844917595046
14,77,pizza,incongruent,✅,0.0027799986526881827
14,78,playoffs,congruent,✅,0.8779252511318412
14,78,cartoon,congruent,✅,0.9978409537701328
14,78,playoffs,incongruent,✅,0.018718026518342354
14,78,cartoon,incongruent,❌,0.6751244374460041
14,79,alcoholism,congruent,✅,0.9473753906838411
14,79,academics,congruent,✅,0.9891370170119306
14,79,alcoholism,incongruent,❌,0.5873805081476683
14,79,academics,incongruent,✅,0.4778211983160218
14,8,engagement,congruent,✅,0.8118987417429232
14,8,cancer,congruent,✅,0.5657082346916297
14,8,engagement,incongruent,✅,0.10789396209621331
14,8,cancer,incongruent,❌,0.7286752444782754
14,9,terminal,congruent,✅,0.8446313989180777
14,9,classroom,congruent,✅,0.9949013451544791
14,9,terminal,incongruent,❌,0.6000563713685504
14,9,classroom,incongruent,❌,0.7279680773694567
15,0,library,congruent,✅,0.5252484910685886
15,0,refrigerator,congruent,✅,0.9664203711704813
15,0,library,incongruent,✅,0.36631490076289336
15,0,refrigerator,incongruent,✅,0.005014722681820564
15,1,disappointment,congruent,✅,0.9104408916843262
15,1,delight,congruent,✅,0.9480433688449827
15,1,disappointment,incongruent,✅,0.012304326222178284
15,1,delight,incongruent,✅,0.08307688279913293
15,10,cash,congruent,✅,0.7070819045444832
15,10,groceries,congruent,✅,0.5675181730364337
15,10,cash,incongruent,✅,0.1815205570071856
15,10,groceries,incongruent,✅,0.18056585042481302
15,11,lonely,congruent,✅,0.895670320542508
15,11,confident,congruent,✅,0.8256729173191899
15,11,lonely,incongruent,❌,0.6407517234165739
15,11,confident,incongruent,✅,0.47704683053324964
15,12,joy,congruent,✅,0.9950040806918738
15,12,outrage,congruent,✅,0.8298742409652644
15,12,joy,incongruent,✅,0.23572445387462548
15,12,outrage,incongruent,❌,0.8279342462668973
15,13,traffic,congruent,✅,0.9918959946282618
15,13,snowstorm,congruent,✅,0.9976790653154857
15,13,traffic,incongruent,❌,0.9282638418133566
15,13,snowstorm,incongruent,❌,0.9888305541614084
15,14,laughter,congruent,✅,0.7754143393394929
15,14,frustration,congruent,✅,0.8392842730301457
15,14,laughter,incongruent,✅,0.08224998480978063
15,14,frustration,incongruent,✅,0.01608589318268249
15,15,calculator,congruent,❌,0.07273052259418845
15,15,instrument,congruent,❌,0.0929873813306679
15,15,calculator,incongruent,✅,0.008217759966204488
15,15,instrument,incongruent,✅,0.05777376011599693
15,16,orchestra,congruent,✅,0.8688510120221673
15,16,racers,congruent,✅,0.9517091802794655
15,16,orchestra,incongruent,✅,0.164870785787185
15,16,racers,incongruent,❌,0.900024725548764
15,17,retirement,congruent,❌,0.48633151467164687
15,17,playdate,congruent,❌,0.3636952526161952
15,17,retirement,incongruent,✅,0.01636230819491371
15,17,playdate,incongruent,✅,0.01095918085951121
15,18,relieved,congruent,✅,0.9295984089008473
15,18,depressed,congruent,✅,0.915467227837665
15,18,relieved,incongruent,✅,0.12086548054021229
15,18,depressed,incongruent,❌,0.8616153050916704
15,19,friends,congruent,❌,0.14525407104094856
15,19,weight,congruent,✅,0.5729460808995631
15,19,friends,incongruent,✅,0.24124858309761749
15,19,weight,incongruent,✅,0.021486439731034774
15,2,overcoat,congruent,❌,0.19491696688006876
15,2,sandals,congruent,❌,0.27160549283271035
15,2,overcoat,incongruent,✅,0.008318661258444607
15,2,sandals,incongruent,✅,0.010075912504638674
15,20,lipstick,congruent,✅,0.5516787967045397
15,20,song,congruent,✅,0.9500168182501463
15,20,lipstick,incongruent,✅,0.20731180211959724
15,20,song,incongruent,✅,0.0781157500431868
15,21,fought,congruent,❌,0.37401480504727813
15,21,sang,congruent,✅,0.8437321446917249
15,21,fought,incongruent,❌,0.6225329673914928
15,21,sang,incongruent,✅,0.045127317838448255
15,22,skeptical,congruent,✅,0.8513746599364957
15,22,reassured,congruent,✅,0.5812047746991167
15,22,skeptical,incongruent,❌,0.5628756417629971
15,22,reassured,incongruent,❌,0.6955491876486442
15,23,graduation,congruent,✅,0.9977332331174438
15,23,operation,congruent,✅,0.991254592605642
15,23,graduation,incongruent,✅,0.1638391223169733
15,23,operation,incongruent,❌,0.7839407387882095
15,24,bride,congruent,✅,0.8325003234248521
15,24,aftermath,congruent,✅,0.899811791093024
15,24,bride,incongruent,✅,0.2900691987666862
15,24,aftermath,incongruent,✅,0.05068025688809731
15,25,teacher,congruent,❌,0.3306029822616948
15,25,daughter,congruent,✅,0.9931433300129149
15,25,teacher,incongruent,❌,0.5180383724284444
15,25,daughter,incongruent,✅,0.04147076697226913
15,26,roommate,congruent,✅,0.8867270056369705
15,26,grandma,congruent,✅,0.9466586167406059
15,26,roommate,incongruent,✅,0.10254251369845373
15,26,grandma,incongruent,✅,0.1083186995527923
15,27,brother,congruent,✅,0.908675154060993
15,27,mother,congruent,✅,0.8757227016727896
15,27,brother,incongruent,❌,0.5486151934735265
15,27,mother,incongruent,✅,0.10146997122039987
15,28,preschool,congruent,❌,0.16095338668202777
15,28,prison,congruent,❌,0.42140405938996084
15,28,preschool,incongruent,✅,0.008019404537668194
15,28,prison,incongruent,✅,0.0009418491051429531
15,29,hopeful,congruent,✅,0.6104535085456356
15,29,hopeless,congruent,✅,0.8974926579720044
15,29,hopeful,incongruent,✅,0.3569743180096854
15,29,hopeless,incongruent,✅,0.11732850422118947
15,3,marathon,congruent,❌,0.47705622109543655
15,3,exam,congruent,✅,0.6762010596257633
15,3,marathon,incongruent,✅,0.01197240898281292
15,3,exam,incongruent,✅,0.16957050848858357
15,30,appalled,congruent,✅,0.7089486317201001
15,30,overjoyed,congruent,❌,0.2281437479068783
15,30,appalled,incongruent,✅,0.06433084490997057
15,30,overjoyed,incongruent,❌,0.5006904975248316
15,31,reprimand,congruent,✅,0.797399773020016
15,31,encouragement,congruent,✅,0.8866096292769549
15,31,reprimand,incongruent,✅,0.03842332448009159
15,31,encouragement,incongruent,✅,0.42518332924099894
15,32,angrily,congruent,✅,0.6965071053753675
15,32,cordially,congruent,✅,0.6511160796703466
15,32,angrily,incongruent,✅,0.039282415286514986
15,32,cordially,incongruent,✅,0.01891327726361452
15,33,accusatory,congruent,✅,0.9902541793407049
15,33,flirtatious,congruent,✅,0.9918216139286965
15,33,accusatory,incongruent,❌,0.5361188501496512
15,33,flirtatious,incongruent,❌,0.9168286878726433
15,34,disapprovingly,congruent,✅,0.9543230083442086
15,34,lovingly,congruent,✅,0.8949870999624902
15,34,disapprovingly,incongruent,✅,0.0490496041539367
15,34,lovingly,incongruent,✅,0.12535887375219254
15,35,playful,congruent,✅,0.9279810033805117
15,35,distant,congruent,✅,0.8818392552488415
15,35,playful,incongruent,✅,0.33789937084312344
15,35,distant,incongruent,❌,0.5721336963825406
15,36,headphones,congruent,✅,0.8784367098593544
15,36,mangoes,congruent,❌,0.18033291778842536
15,36,headphones,incongruent,✅,0.003331610298858531
15,36,mangoes,incongruent,✅,0.039185481207578365
15,37,playroom,congruent,✅,0.9945438621818619
15,37,park,congruent,✅,0.9938590926857493
15,37,playroom,incongruent,✅,0.005814028969819481
15,37,park,incongruent,✅,0.015154554752673905
15,38,bedroom,congruent,✅,0.9723533730401032
15,38,backyard,congruent,✅,0.9954803406347511
15,38,bedroom,incongruent,✅,0.2775264351020057
15,38,backyard,incongruent,✅,0.005301568005968966
15,39,solemnly,congruent,✅,0.966465117075501
15,39,excitedly,congruent,✅,0.9891587288473088
15,39,solemnly,incongruent,❌,0.9728695847974032
15,39,excitedly,incongruent,❌,0.5831755806347472
15,4,menu,congruent,❌,0.4415335525526008
15,4,prescription,congruent,❌,0.2801961145677159
15,4,menu,incongruent,✅,0.015330315013895625
15,4,prescription,incongruent,✅,0.033651501834240524
15,40,car,congruent,✅,0.5067199438615103
15,40,sock,congruent,❌,0.08098203225141766
15,40,car,incongruent,✅,0.09832884539227167
15,40,sock,incongruent,✅,0.09636737449800642
15,41,overdressed,congruent,✅,0.6481437611386187
15,41,naked,congruent,❌,0.16979239281167535
15,41,overdressed,incongruent,✅,0.0068595692292129345
15,41,naked,incongruent,✅,0.04881197629245674
15,42,shy,congruent,❌,0.21762681734656988
15,42,lively,congruent,✅,0.6611500630499034
15,42,shy,incongruent,✅,0.20445899940430423
15,42,lively,incongruent,✅,0.04583405873077094
15,43,offended,congruent,❌,0.3445368841563556
15,43,flattered,congruent,✅,0.7971941725251629
15,43,offended,incongruent,✅,0.02862186161824331
15,43,flattered,incongruent,✅,0.06754378376502283
15,44,grandkid,congruent,✅,0.9367254513281891
15,44,cellmate,congruent,✅,0.6898695158020788
15,44,grandkid,incongruent,✅,0.03643208784408256
15,44,cellmate,incongruent,✅,0.12911136252766325
15,45,promoted,congruent,✅,0.9655840925317987
15,45,fired,congruent,✅,0.8293756791864347
15,45,promoted,incongruent,❌,0.6544389697518616
15,45,fired,incongruent,❌,0.967453924429634
15,46,shooting,congruent,❌,0.216409010470119
15,46,celebration,congruent,❌,0.11882981178924605
15,46,shooting,incongruent,✅,0.006940557679443935
15,46,celebration,incongruent,✅,0.06907968545171254
15,47,crayon,congruent,❌,0.1160698166880258
15,47,beer,congruent,✅,0.8919576779996233
15,47,crayon,incongruent,✅,0.0003263476315725392
15,47,beer,incongruent,✅,0.0010816279874816005
15,48,waiter,congruent,✅,0.7650076923685951
15,48,taxi,congruent,✅,0.7848847995801388
15,48,waiter,incongruent,✅,0.49978830352763864
15,48,taxi,incongruent,✅,0.15484772965285654
15,49,parents,congruent,✅,0.8401436075277051
15,49,keys,congruent,✅,0.9294589510925646
15,49,parents,incongruent,❌,0.5583354507248096
15,49,keys,incongruent,✅,0.34952024840517765
15,5,distress,congruent,✅,0.9123862538667463
15,5,tranquility,congruent,✅,0.8067595923281269
15,5,distress,incongruent,✅,0.011357481678800792
15,5,tranquility,incongruent,✅,0.11562672035567685
15,50,sofa,congruent,✅,0.9579050003293149
15,50,sky,congruent,✅,0.9854279307495684
15,50,sofa,incongruent,✅,0.19880948243684948
15,50,sky,incongruent,✅,0.1738124450021094
15,51,obesity,congruent,❌,0.364252347776873
15,51,homework,congruent,✅,0.9363153614350677
15,51,obesity,incongruent,✅,0.023390510777940104
15,51,homework,incongruent,✅,0.036280731817023466
15,52,quiz,congruent,✅,0.917728591211797
15,52,commute,congruent,✅,0.9915634515143169
15,52,quiz,incongruent,✅,0.007842031351832516
15,52,commute,incongruent,✅,0.4887396993523094
15,53,migraine,congruent,✅,0.9962442366569453
15,53,excitement,congruent,❌,0.4832369856818419
15,53,migraine,incongruent,✅,0.06724205006748346
15,53,excitement,incongruent,✅,0.15426617863254855
15,54,niece,congruent,✅,0.7557466837606074
15,54,husband,congruent,✅,0.7865711154616307
15,54,niece,incongruent,✅,0.3468136539373276
15,54,husband,incongruent,❌,0.7363791899616252
15,55,film,congruent,✅,0.7528263925393471
15,55,sunrise,congruent,❌,0.45289115606047836
15,55,film,incongruent,✅,0.02906559384935225
15,55,sunrise,incongruent,✅,0.11710424596464034
15,56,lecture,congruent,✅,0.9693112245873508
15,56,banquet,congruent,✅,0.9830995352932785
15,56,lecture,incongruent,✅,0.08779337075201848
15,56,banquet,incongruent,✅,0.23202173437182844
15,57,drink,congruent,✅,0.9937101682771815
15,57,textbook,congruent,✅,0.9950762418962928
15,57,drink,incongruent,✅,0.05904828492410015
15,57,textbook,incongruent,✅,0.03850291511190781
15,58,pool,congruent,✅,0.9591189625098355
15,58,snow,congruent,❌,0.3202772077711413
15,58,pool,incongruent,✅,0.3022546230380776
15,58,snow,incongruent,✅,0.19125328454640436
15,59,passport,congruent,✅,0.9844805139133166
15,59,plushy,congruent,✅,0.9885663543148809
15,59,passport,incongruent,❌,0.6041978314987595
15,59,plushy,incongruent,❌,0.759429672958301
15,6,patients,congruent,✅,0.8789502833635016
15,6,students,congruent,✅,0.9292162744518984
15,6,patients,incongruent,✅,0.004901873484381904
15,6,students,incongruent,✅,0.007870763406490826
15,60,sister,congruent,✅,0.9688967751300088
15,60,father,congruent,✅,0.7668781088616597
15,60,sister,incongruent,✅,0.15672321609907636
15,60,father,incongruent,✅,0.10225528467157226
15,61,game,congruent,✅,0.7786098920541104
15,61,sunset,congruent,✅,0.9785951911593167
15,61,game,incongruent,✅,0.11568111951653369
15,61,sunset,incongruent,✅,0.24073831259313216
15,62,holidays,congruent,✅,0.5384794490674629
15,62,funeral,congruent,✅,0.5199692592913373
15,62,holidays,incongruent,✅,0.05738555646016916
15,62,funeral,incongruent,✅,0.08315340773955006
15,63,grades,congruent,✅,0.9168984569996724
15,63,affair,congruent,✅,0.9539655219298105
15,63,grades,incongruent,❌,0.8277312013300934
15,63,affair,incongruent,❌,0.739499462559943
15,64,arrest,congruent,❌,0.30385307509808984
15,64,stroke,congruent,❌,0.00767432683607122
15,64,arrest,incongruent,✅,0.04634879186182056
15,64,stroke,incongruent,✅,0.04504974117909208
15,65,pacifier,congruent,✅,0.7139905412569151
15,65,coffee,congruent,✅,0.9943515578034408
15,65,pacifier,incongruent,✅,0.004612871328809507
15,65,coffee,incongruent,✅,0.04553720738441757
15,66,sweets,congruent,✅,0.9907387339321664
15,66,sentencing,congruent,❌,0.47990047844332856
15,66,sweets,incongruent,✅,0.018422426934604285
15,66,sentencing,incongruent,✅,0.2687505423720323
15,67,nap,congruent,✅,0.9955183437984003
15,67,selfie,congruent,✅,0.9892432371596929
15,67,nap,incongruent,✅,0.020065109768111447
15,67,selfie,incongruent,✅,0.0065838242598820216
15,68,diaper,congruent,✅,0.7215959814022074
15,68,tire,congruent,✅,0.983938623970249
15,68,diaper,incongruent,✅,0.00017817463835827606
15,68,tire,incongruent,✅,0.0017919095473826246
15,69,chemotherapy,congruent,✅,0.8374456738665318
15,69,golf,congruent,✅,0.9858246419486782
15,69,chemotherapy,incongruent,✅,0.0462953879604538
15,69,golf,incongruent,✅,0.08613969553167189
15,7,consensus,congruent,✅,0.905061583981704
15,7,deadlock,congruent,✅,0.6959645572555937
15,7,consensus,incongruent,✅,0.28124179123235826
15,7,deadlock,incongruent,❌,0.9340607202552841
15,70,thunder,congruent,✅,0.9813914731439144
15,70,lullaby,congruent,✅,0.5147013827997058
15,70,thunder,incongruent,✅,0.004079041155728635
15,70,lullaby,incongruent,✅,0.22460076113299626
15,71,pajamas,congruent,✅,0.9985842930271415
15,71,uniform,congruent,✅,0.9951424996343154
15,71,pajamas,incongruent,❌,0.9586786846207258
15,71,uniform,incongruent,✅,0.01914946203276599
15,72,gown,congruent,✅,0.9786189070510878
15,72,sweats,congruent,✅,0.9562948938417052
15,72,gown,incongruent,✅,0.002875712961106803
15,72,sweats,incongruent,✅,0.04248500450901141
15,73,deadline,congruent,✅,0.9576372062600328
15,73,bed,congruent,✅,0.9741335428611899
15,73,deadline,incongruent,✅,0.10508503161812899
15,73,bed,incongruent,✅,0.4951148492211431
15,74,kindergarten,congruent,✅,0.6097446040077283
15,74,jail,congruent,❌,0.186503716912668
15,74,kindergarten,incongruent,✅,0.03455781790011756
15,74,jail,incongruent,✅,0.2787663894163197
15,75,interrogated,congruent,✅,0.7673654939970649
15,75,tickled,congruent,✅,0.7822362268589123
15,75,interrogated,incongruent,✅,0.2563624180318407
15,75,tickled,incongruent,✅,0.024750161242544044
15,76,sandcastle,congruent,✅,0.9967963585619258
15,76,snowman,congruent,✅,0.9996546311137976
15,76,sandcastle,incongruent,✅,0.1216878598209801
15,76,snowman,incongruent,✅,0.4141539970122483
15,77,music,congruent,✅,0.9892681504393445
15,77,pizza,congruent,✅,0.9964048473475446
15,77,music,incongruent,✅,0.04948112427005974
15,77,pizza,incongruent,✅,0.0039257663080192835
15,78,playoffs,congruent,✅,0.8173736502152514
15,78,cartoon,congruent,✅,0.9824385588051896
15,78,playoffs,incongruent,✅,0.009088081414831231
15,78,cartoon,incongruent,❌,0.5784140747641081
15,79,alcoholism,congruent,✅,0.8735112077277232
15,79,academics,congruent,✅,0.9941428390016719
15,79,alcoholism,incongruent,❌,0.5401488214642494
15,79,academics,incongruent,❌,0.5552514987181686
15,8,engagement,congruent,✅,0.8589508380241793
15,8,cancer,congruent,✅,0.68172376189113
15,8,engagement,incongruent,✅,0.14758198772463157
15,8,cancer,incongruent,❌,0.7190685907341899
15,9,terminal,congruent,✅,0.7665687372134031
15,9,classroom,congruent,✅,0.9334914578806386
15,9,terminal,incongruent,✅,0.331305483749649
15,9,classroom,incongruent,✅,0.4546290609131058
16,0,library,congruent,✅,0.6802664191135457
16,0,refrigerator,congruent,✅,0.9293338125376664
16,0,library,incongruent,✅,0.27478410204883386
16,0,refrigerator,incongruent,✅,0.033182890426538415
16,1,disappointment,congruent,❌,0.499878748753911
16,1,delight,congruent,✅,0.8628823325432617
16,1,disappointment,incongruent,✅,0.012716663635934922
16,1,delight,incongruent,✅,0.03080794013825769
16,10,cash,congruent,✅,0.6286891435477886
16,10,groceries,congruent,❌,0.4419622363089039
16,10,cash,incongruent,✅,0.22483009614930166
16,10,groceries,incongruent,✅,0.17745488591374048
16,11,lonely,congruent,✅,0.991919361542245
16,11,confident,congruent,✅,0.9636054750025939
16,11,lonely,incongruent,❌,0.9385661197279488
16,11,confident,incongruent,❌,0.9330130770816447
16,12,joy,congruent,✅,0.9904526949483332
16,12,outrage,congruent,✅,0.6665306701149013
16,12,joy,incongruent,✅,0.17067581776007965
16,12,outrage,incongruent,❌,0.660577228922907
16,13,traffic,congruent,✅,0.9655962064776116
16,13,snowstorm,congruent,✅,0.9793844808434379
16,13,traffic,incongruent,❌,0.8246464903262111
16,13,snowstorm,incongruent,❌,0.9392127244883094
16,14,laughter,congruent,✅,0.9257257088100981
16,14,frustration,congruent,✅,0.8379797707772839
16,14,laughter,incongruent,✅,0.1344157756341561
16,14,frustration,incongruent,✅,0.12953730696944568
16,15,calculator,congruent,❌,0.10396081993293867
16,15,instrument,congruent,❌,0.0845333613436054
16,15,calculator,incongruent,✅,0.022184756804107898
16,15,instrument,incongruent,✅,0.056143983439509666
16,16,orchestra,congruent,✅,0.9164664771902057
16,16,racers,congruent,✅,0.922188708091927
16,16,orchestra,incongruent,✅,0.21997706003988068
16,16,racers,incongruent,❌,0.9432884659065145
16,17,retirement,congruent,❌,0.28933439978847875
16,17,playdate,congruent,✅,0.548418474841899
16,17,retirement,incongruent,✅,0.028081908366305666
16,17,playdate,incongruent,✅,0.016031832612112547
16,18,relieved,congruent,✅,0.9616160489088303
16,18,depressed,congruent,✅,0.9558265147011991
16,18,relieved,incongruent,✅,0.27803436109467206
16,18,depressed,incongruent,❌,0.8958816618985517
16,19,friends,congruent,❌,0.25145422715844623
16,19,weight,congruent,❌,0.20251487383105748
16,19,friends,incongruent,✅,0.16533317797200556
16,19,weight,incongruent,✅,0.020707810679578262
16,2,overcoat,congruent,❌,0.3811630358725439
16,2,sandals,congruent,❌,0.20811669202450403
16,2,overcoat,incongruent,✅,0.008211320133311785
16,2,sandals,incongruent,✅,0.01448731404395627
16,20,lipstick,congruent,❌,0.4688685840739606
16,20,song,congruent,✅,0.8602912415691046
16,20,lipstick,incongruent,✅,0.14867092759921355
16,20,song,incongruent,✅,0.06767795792722908
16,21,fought,congruent,❌,0.26903672487321645
16,21,sang,congruent,❌,0.48451213111680314
16,21,fought,incongruent,✅,0.1986831536430983
16,21,sang,incongruent,✅,0.027746844294691684
16,22,skeptical,congruent,✅,0.8108536807580392
16,22,reassured,congruent,✅,0.644649702510125
16,22,skeptical,incongruent,✅,0.4889500492787734
16,22,reassured,incongruent,❌,0.6739106038402917
16,23,graduation,congruent,✅,0.9878188696523842
16,23,operation,congruent,✅,0.9912217148699562
16,23,graduation,incongruent,✅,0.31367461158422905
16,23,operation,incongruent,❌,0.7318096746391324
16,24,bride,congruent,✅,0.8541246809176287
16,24,aftermath,congruent,✅,0.9668064611903715
16,24,bride,incongruent,✅,0.2988820065613279
16,24,aftermath,incongruent,✅,0.10112413734263823
16,25,teacher,congruent,❌,0.43284932828498585
16,25,daughter,congruent,✅,0.9782224966092509
16,25,teacher,incongruent,✅,0.47783600510933577
16,25,daughter,incongruent,✅,0.13671537237768563
16,26,roommate,congruent,✅,0.8104938384295852
16,26,grandma,congruent,✅,0.8974489273128392
16,26,roommate,incongruent,✅,0.08358134728472416
16,26,grandma,incongruent,✅,0.3037934661587656
16,27,brother,congruent,✅,0.8479236600822972
16,27,mother,congruent,✅,0.6522838101873877
16,27,brother,incongruent,❌,0.5625053670576843
16,27,mother,incongruent,✅,0.09407546082575045
16,28,preschool,congruent,❌,0.14296846551423106
16,28,prison,congruent,❌,0.2537742452210587
16,28,preschool,incongruent,✅,0.007478930083546499
16,28,prison,incongruent,✅,0.0006083206327299432
16,29,hopeful,congruent,✅,0.5766997579903901
16,29,hopeless,congruent,✅,0.8375890662522684
16,29,hopeful,incongruent,✅,0.3529335750267592
16,29,hopeless,incongruent,✅,0.1443689247136255
16,3,marathon,congruent,✅,0.5027344263056687
16,3,exam,congruent,✅,0.590133519351267
16,3,marathon,incongruent,✅,0.02019403008389289
16,3,exam,incongruent,✅,0.11239049894176514
16,30,appalled,congruent,❌,0.3926602897788786
16,30,overjoyed,congruent,❌,0.12449434528083865
16,30,appalled,incongruent,✅,0.03031061794344453
16,30,overjoyed,incongruent,✅,0.3157016362011324
16,31,reprimand,congruent,✅,0.8207686949894402
16,31,encouragement,congruent,✅,0.9073328412162566
16,31,reprimand,incongruent,✅,0.09266273519751356
16,31,encouragement,incongruent,✅,0.32627852909158545
16,32,angrily,congruent,✅,0.5985976161539821
16,32,cordially,congruent,✅,0.8021603798157804
16,32,angrily,incongruent,✅,0.07008337260126138
16,32,cordially,incongruent,✅,0.09030927410051065
16,33,accusatory,congruent,✅,0.91252077890923
16,33,flirtatious,congruent,✅,0.9254514626457835
16,33,accusatory,incongruent,✅,0.16790726477219228
16,33,flirtatious,incongruent,✅,0.4709932859499714
16,34,disapprovingly,congruent,✅,0.9577925125482445
16,34,lovingly,congruent,✅,0.9259864613889693
16,34,disapprovingly,incongruent,✅,0.1272062974009259
16,34,lovingly,incongruent,✅,0.2122434162168496
16,35,playful,congruent,✅,0.7759235962226197
16,35,distant,congruent,✅,0.8427979577202789
16,35,playful,incongruent,✅,0.22026571825620875
16,35,distant,incongruent,❌,0.5276870173556104
16,36,headphones,congruent,✅,0.9719698837075565
16,36,mangoes,congruent,❌,0.48107926022779857
16,36,headphones,incongruent,✅,0.023185983710549904
16,36,mangoes,incongruent,✅,0.21719439739849977
16,37,playroom,congruent,✅,0.9911966865153173
16,37,park,congruent,✅,0.9867405140904385
16,37,playroom,incongruent,✅,0.03611705640319587
16,37,park,incongruent,✅,0.017722859573727205
16,38,bedroom,congruent,✅,0.9344716967108436
16,38,backyard,congruent,✅,0.9879380890636953
16,38,bedroom,incongruent,✅,0.21387638324001407
16,38,backyard,incongruent,✅,0.010670437670358994
16,39,solemnly,congruent,✅,0.960473592603401
16,39,excitedly,congruent,✅,0.9904830871095666
16,39,solemnly,incongruent,❌,0.9717672191949184
16,39,excitedly,incongruent,❌,0.7174542686902667
16,4,menu,congruent,❌,0.2785469040378614
16,4,prescription,congruent,❌,0.22724940075086827
16,4,menu,incongruent,✅,0.01762758933113395
16,4,prescription,incongruent,✅,0.02079515513581238
16,40,car,congruent,✅,0.6450922484070065
16,40,sock,congruent,❌,0.06796703889192299
16,40,car,incongruent,✅,0.12396565156637969
16,40,sock,incongruent,✅,0.18713871688283237
16,41,overdressed,congruent,✅,0.7247356139684384
16,41,naked,congruent,❌,0.16310495856664944
16,41,overdressed,incongruent,✅,0.028394714350834346
16,41,naked,incongruent,✅,0.09875282126949014
16,42,shy,congruent,❌,0.3890096473511064
16,42,lively,congruent,✅,0.8917060466870343
16,42,shy,incongruent,✅,0.4673472081658109
16,42,lively,incongruent,✅,0.1419241428222991
16,43,offended,congruent,✅,0.574410539334652
16,43,flattered,congruent,✅,0.9231058686108077
16,43,offended,incongruent,✅,0.15511190447953296
16,43,flattered,incongruent,✅,0.27300563529235555
16,44,grandkid,congruent,✅,0.9428467479817838
16,44,cellmate,congruent,✅,0.8067852719065514
16,44,grandkid,incongruent,✅,0.17505814624206878
16,44,cellmate,incongruent,✅,0.14540195912423046
16,45,promoted,congruent,✅,0.9493906166049159
16,45,fired,congruent,✅,0.7472862609564636
16,45,promoted,incongruent,✅,0.47364043110312837
16,45,fired,incongruent,❌,0.9378670905180556
16,46,shooting,congruent,❌,0.4750432267305408
16,46,celebration,congruent,❌,0.3385288584208594
16,46,shooting,incongruent,✅,0.012374405008937677
16,46,celebration,incongruent,✅,0.13462345639558443
16,47,crayon,congruent,❌,0.44620214407177
16,47,beer,congruent,✅,0.8501992800146279
16,47,crayon,incongruent,✅,0.00044953112460886286
16,47,beer,incongruent,✅,0.006091585898192718
16,48,waiter,congruent,✅,0.7118080492343689
16,48,taxi,congruent,❌,0.40922127952996806
16,48,waiter,incongruent,✅,0.1564335183327434
16,48,taxi,incongruent,✅,0.16102515042311702
16,49,parents,congruent,✅,0.7526206196194156
16,49,keys,congruent,✅,0.9467940972928913
16,49,parents,incongruent,❌,0.5383652240107359
16,49,keys,incongruent,✅,0.20502865495559444
16,5,distress,congruent,✅,0.9508586774715211
16,5,tranquility,congruent,✅,0.8655751021987145
16,5,distress,incongruent,✅,0.026636932982266295
16,5,tranquility,incongruent,✅,0.2164419743151561
16,50,sofa,congruent,✅,0.9754904967585011
16,50,sky,congruent,✅,0.9813653778644597
16,50,sofa,incongruent,✅,0.2823994769741528
16,50,sky,incongruent,✅,0.22057921362959643
16,51,obesity,congruent,❌,0.3139223931902084
16,51,homework,congruent,✅,0.8966985376663379
16,51,obesity,incongruent,✅,0.03197331436097262
16,51,homework,incongruent,✅,0.04710258364614227
16,52,quiz,congruent,✅,0.8396598652477175
16,52,commute,congruent,✅,0.9738748804511772
16,52,quiz,incongruent,✅,0.02821524347485115
16,52,commute,incongruent,✅,0.4746997535416651
16,53,migraine,congruent,✅,0.9969918096359565
16,53,excitement,congruent,❌,0.3589085911504964
16,53,migraine,incongruent,✅,0.02762441098826045
16,53,excitement,incongruent,✅,0.1315696796692649
16,54,niece,congruent,✅,0.7811507083054623
16,54,husband,congruent,✅,0.7028393577195453
16,54,niece,incongruent,✅,0.43064955382165226
16,54,husband,incongruent,❌,0.6992675635062713
16,55,film,congruent,✅,0.7067379205385653
16,55,sunrise,congruent,❌,0.4446589221091014
16,55,film,incongruent,✅,0.04930068129346978
16,55,sunrise,incongruent,✅,0.1416859452680698
16,56,lecture,congruent,✅,0.9730046888389683
16,56,banquet,congruent,✅,0.9803291204219586
16,56,lecture,incongruent,✅,0.1353959537872401
16,56,banquet,incongruent,✅,0.26821549465344946
16,57,drink,congruent,✅,0.9881471232952301
16,57,textbook,congruent,✅,0.99530950708159
16,57,drink,incongruent,✅,0.041314896240022186
16,57,textbook,incongruent,✅,0.018484119670397578
16,58,pool,congruent,✅,0.9352341634775861
16,58,snow,congruent,❌,0.45225138506034596
16,58,pool,incongruent,✅,0.3027107314694394
16,58,snow,incongruent,✅,0.37942592965817845
16,59,passport,congruent,✅,0.9595034771691971
16,59,plushy,congruent,✅,0.9671468472678791
16,59,passport,incongruent,❌,0.6644331306502756
16,59,plushy,incongruent,❌,0.5967894277067235
16,6,patients,congruent,✅,0.8670011585586656
16,6,students,congruent,✅,0.921466423054503
16,6,patients,incongruent,✅,0.04109921186134845
16,6,students,incongruent,✅,0.1021707481096793
16,60,sister,congruent,✅,0.9286166789774024
16,60,father,congruent,✅,0.7057047908791049
16,60,sister,incongruent,✅,0.1455549516438863
16,60,father,incongruent,✅,0.12654347782432332
16,61,game,congruent,✅,0.8880206757776067
16,61,sunset,congruent,✅,0.9711445662628228
16,61,game,incongruent,✅,0.1909177624418412
16,61,sunset,incongruent,✅,0.34764443199118655
16,62,holidays,congruent,✅,0.5991224442194786
16,62,funeral,congruent,❌,0.38113265088565407
16,62,holidays,incongruent,✅,0.09528185285723537
16,62,funeral,incongruent,✅,0.11674431186892034
16,63,grades,congruent,✅,0.9337552981792032
16,63,affair,congruent,✅,0.9260694085586175
16,63,grades,incongruent,❌,0.7244749144478844
16,63,affair,incongruent,❌,0.8644162886808489
16,64,arrest,congruent,❌,0.4017247205657847
16,64,stroke,congruent,❌,0.04038275279633681
16,64,arrest,incongruent,✅,0.09854237652494385
16,64,stroke,incongruent,✅,0.11478515469572839
16,65,pacifier,congruent,✅,0.7301434023404
16,65,coffee,congruent,✅,0.9623286213488483
16,65,pacifier,incongruent,✅,0.003420683194587548
16,65,coffee,incongruent,✅,0.0596691809977028
16,66,sweets,congruent,✅,0.9667171952649516
16,66,sentencing,congruent,✅,0.5608910590627946
16,66,sweets,incongruent,✅,0.023701235639523307
16,66,sentencing,incongruent,✅,0.22659457804543875
16,67,nap,congruent,✅,0.9874899485067735
16,67,selfie,congruent,✅,0.9864185397224603
16,67,nap,incongruent,✅,0.05986347960689279
16,67,selfie,incongruent,✅,0.01582176282964075
16,68,diaper,congruent,✅,0.8636229987142221
16,68,tire,congruent,✅,0.9800752090892775
16,68,diaper,incongruent,✅,0.0024873406141949278
16,68,tire,incongruent,✅,0.004758443951164334
16,69,chemotherapy,congruent,✅,0.8903573148516033
16,69,golf,congruent,✅,0.9908103019762079
16,69,chemotherapy,incongruent,✅,0.06772989874207165
16,69,golf,incongruent,✅,0.08888258060871196
16,7,consensus,congruent,✅,0.9130532518507382
16,7,deadlock,congruent,✅,0.8232038132728108
16,7,consensus,incongruent,✅,0.47665628568003304
16,7,deadlock,incongruent,❌,0.9217240108541896
16,70,thunder,congruent,✅,0.9679753280010535
16,70,lullaby,congruent,❌,0.4665551642871937
16,70,thunder,incongruent,✅,0.007392378234674899
16,70,lullaby,incongruent,✅,0.2653466171021936
16,71,pajamas,congruent,✅,0.9915303724615349
16,71,uniform,congruent,✅,0.9939456232521494
16,71,pajamas,incongruent,❌,0.8929085422319888
16,71,uniform,incongruent,✅,0.025913894820991983
16,72,gown,congruent,✅,0.9389126322016824
16,72,sweats,congruent,✅,0.9357768417792482
16,72,gown,incongruent,✅,0.007809134565590828
16,72,sweats,incongruent,✅,0.11062397977570987
16,73,deadline,congruent,✅,0.7273131499403485
16,73,bed,congruent,✅,0.97183161945571
16,73,deadline,incongruent,✅,0.10383811189700497
16,73,bed,incongruent,✅,0.15409624388765827
16,74,kindergarten,congruent,✅,0.5647977384353721
16,74,jail,congruent,❌,0.3787840657477257
16,74,kindergarten,incongruent,✅,0.09092578274095464
16,74,jail,incongruent,✅,0.17138679139595284
16,75,interrogated,congruent,✅,0.9612599912937123
16,75,tickled,congruent,✅,0.6970208763472723
16,75,interrogated,incongruent,✅,0.11967460203989509
16,75,tickled,incongruent,✅,0.06053402229248702
16,76,sandcastle,congruent,✅,0.9894634134365097
16,76,snowman,congruent,✅,0.9990186517303095
16,76,sandcastle,incongruent,✅,0.13019877621773296
16,76,snowman,incongruent,✅,0.336319599245193
16,77,music,congruent,✅,0.960991004030046
16,77,pizza,congruent,✅,0.9832180566828564
16,77,music,incongruent,✅,0.03133400566378964
16,77,pizza,incongruent,✅,0.014867121224417974
16,78,playoffs,congruent,✅,0.6292843473252906
16,78,cartoon,congruent,✅,0.9537717910386428
16,78,playoffs,incongruent,✅,0.01321745775734287
16,78,cartoon,incongruent,✅,0.33515856039122555
16,79,alcoholism,congruent,✅,0.8816481456223222
16,79,academics,congruent,✅,0.9877315278159676
16,79,alcoholism,incongruent,✅,0.46855673215310917
16,79,academics,incongruent,✅,0.49062977015622733
16,8,engagement,congruent,✅,0.9119718377818583
16,8,cancer,congruent,✅,0.7328321609611033
16,8,engagement,incongruent,✅,0.3011028635359406
16,8,cancer,incongruent,❌,0.6053837404631479
16,9,terminal,congruent,✅,0.5811302244215002
16,9,classroom,congruent,✅,0.9162993324466904
16,9,terminal,incongruent,✅,0.25549900307661055
16,9,classroom,incongruent,❌,0.6406694674035043
17,0,library,congruent,✅,0.5192026016582325
17,0,refrigerator,congruent,✅,0.8697707389002305
17,0,library,incongruent,✅,0.31359399601070526
17,0,refrigerator,incongruent,✅,0.014417747176806559
17,1,disappointment,congruent,✅,0.6151785194994571
17,1,delight,congruent,✅,0.8986442605513718
17,1,disappointment,incongruent,✅,0.026366214109243162
17,1,delight,incongruent,✅,0.05438049213061242
17,10,cash,congruent,❌,0.44821399234968345
17,10,groceries,congruent,❌,0.4711643320730478
17,10,cash,incongruent,✅,0.27251459518681653
17,10,groceries,incongruent,✅,0.16881978021485045
17,11,lonely,congruent,✅,0.9162362321023433
17,11,confident,congruent,✅,0.7287003892785676
17,11,lonely,incongruent,✅,0.49446105296957166
17,11,confident,incongruent,❌,0.666531953683187
17,12,joy,congruent,✅,0.9879116974868561
17,12,outrage,congruent,✅,0.6102124103754929
17,12,joy,incongruent,✅,0.16321777181849628
17,12,outrage,incongruent,❌,0.6795441816353381
17,13,traffic,congruent,✅,0.9298158138231747
17,13,snowstorm,congruent,✅,0.977501901921199
17,13,traffic,incongruent,❌,0.8221117284744467
17,13,snowstorm,incongruent,❌,0.8705911477962255
17,14,laughter,congruent,✅,0.9810252516089131
17,14,frustration,congruent,✅,0.9221361106931125
17,14,laughter,incongruent,✅,0.3501354057777339
17,14,frustration,incongruent,✅,0.39967139989157013
17,15,calculator,congruent,❌,0.11588835893527495
17,15,instrument,congruent,❌,0.17195512364039642
17,15,calculator,incongruent,✅,0.026085970541011517
17,15,instrument,incongruent,✅,0.1070478762372053
17,16,orchestra,congruent,✅,0.7679018086351072
17,16,racers,congruent,✅,0.8670107437635057
17,16,orchestra,incongruent,✅,0.2128156626627828
17,16,racers,incongruent,❌,0.8497685948760734
17,17,retirement,congruent,❌,0.4018007154255481
17,17,playdate,congruent,❌,0.419637752600193
17,17,retirement,incongruent,✅,0.011983053588433818
17,17,playdate,incongruent,✅,0.03208394878742065
17,18,relieved,congruent,✅,0.8696530204707997
17,18,depressed,congruent,✅,0.9265775122116001
17,18,relieved,incongruent,✅,0.20983920383055452
17,18,depressed,incongruent,❌,0.8038185139066171
17,19,friends,congruent,❌,0.265182352901816
17,19,weight,congruent,❌,0.3029675352773644
17,19,friends,incongruent,✅,0.1999819597401257
17,19,weight,incongruent,✅,0.03394096471820597
17,2,overcoat,congruent,❌,0.17283176664163274
17,2,sandals,congruent,❌,0.21680145671087592
17,2,overcoat,incongruent,✅,0.008575145785909585
17,2,sandals,incongruent,✅,0.011751105362621838
17,20,lipstick,congruent,✅,0.5891767711198099
17,20,song,congruent,✅,0.8481773991943546
17,20,lipstick,incongruent,✅,0.2826976121767869
17,20,song,incongruent,✅,0.1473616749790765
17,21,fought,congruent,❌,0.24905329289914033
17,21,sang,congruent,✅,0.5723420730537323
17,21,fought,incongruent,✅,0.3328924438506338
17,21,sang,incongruent,✅,0.04826523982105314
17,22,skeptical,congruent,✅,0.5323478067081302
17,22,reassured,congruent,❌,0.4132960212202096
17,22,skeptical,incongruent,✅,0.32654088694597455
17,22,reassured,incongruent,✅,0.29881713424444023
17,23,graduation,congruent,✅,0.9883357827172037
17,23,operation,congruent,✅,0.9761487460097622
17,23,graduation,incongruent,✅,0.2681301396307655
17,23,operation,incongruent,❌,0.6107814765065241
17,24,bride,congruent,✅,0.9405860110445873
17,24,aftermath,congruent,✅,0.9545666097434607
17,24,bride,incongruent,✅,0.44821486239245556
17,24,aftermath,incongruent,✅,0.33596320275860037
17,25,teacher,congruent,✅,0.5675996927618627
17,25,daughter,congruent,✅,0.9796678239259681
17,25,teacher,incongruent,❌,0.6312313775040023
17,25,daughter,incongruent,✅,0.27708683812564866
17,26,roommate,congruent,✅,0.7581269574751417
17,26,grandma,congruent,✅,0.8863637436519366
17,26,roommate,incongruent,✅,0.1287735795115261
17,26,grandma,incongruent,✅,0.29423472775031706
17,27,brother,congruent,✅,0.7278377729231796
17,27,mother,congruent,✅,0.6993167940975709
17,27,brother,incongruent,✅,0.4332666194035749
17,27,mother,incongruent,✅,0.11012445896691074
17,28,preschool,congruent,✅,0.5097235895537687
17,28,prison,congruent,✅,0.5956688145218129
17,28,preschool,incongruent,✅,0.06689829693768078
17,28,prison,incongruent,✅,0.004898783715278111
17,29,hopeful,congruent,✅,0.6160336261114163
17,29,hopeless,congruent,✅,0.8813533238398449
17,29,hopeful,incongruent,❌,0.6461722959966855
17,29,hopeless,incongruent,✅,0.1687877745052852
17,3,marathon,congruent,✅,0.7557309702715722
17,3,exam,congruent,✅,0.6840765000644756
17,3,marathon,incongruent,✅,0.054917898099155225
17,3,exam,incongruent,✅,0.2152606094221807
17,30,appalled,congruent,❌,0.31178463500102066
17,30,overjoyed,congruent,❌,0.11086484006502019
17,30,appalled,incongruent,✅,0.02958749420095536
17,30,overjoyed,incongruent,✅,0.2877820357708253
17,31,reprimand,congruent,✅,0.5365793519817544
17,31,encouragement,congruent,✅,0.6698849965706103
17,31,reprimand,incongruent,✅,0.03821718695237645
17,31,encouragement,incongruent,✅,0.122133478531858
17,32,angrily,congruent,✅,0.548114151363926
17,32,cordially,congruent,✅,0.8316361645985164
17,32,angrily,incongruent,✅,0.09474622819137175
17,32,cordially,incongruent,✅,0.10027526115535444
17,33,accusatory,congruent,✅,0.9422628893477273
17,33,flirtatious,congruent,✅,0.9682346128536955
17,33,accusatory,incongruent,✅,0.46519807146807857
17,33,flirtatious,incongruent,❌,0.7397186724726643
17,34,disapprovingly,congruent,✅,0.9481723077231153
17,34,lovingly,congruent,✅,0.935253499938971
17,34,disapprovingly,incongruent,✅,0.25153305781838925
17,34,lovingly,incongruent,✅,0.2529411597688498
17,35,playful,congruent,✅,0.6678521882155879
17,35,distant,congruent,✅,0.8825120112946037
17,35,playful,incongruent,✅,0.45909305335572975
17,35,distant,incongruent,✅,0.4821944999396106
17,36,headphones,congruent,✅,0.964832285933217
17,36,mangoes,congruent,✅,0.5276365200319852
17,36,headphones,incongruent,✅,0.01980381708418744
17,36,mangoes,incongruent,✅,0.38270630061685695
17,37,playroom,congruent,✅,0.9831001208477507
17,37,park,congruent,✅,0.974019367857804
17,37,playroom,incongruent,✅,0.04080352528470398
17,37,park,incongruent,✅,0.015161059938060543
17,38,bedroom,congruent,✅,0.8567778774404345
17,38,backyard,congruent,✅,0.962146236106762
17,38,bedroom,incongruent,✅,0.18740169745729837
17,38,backyard,incongruent,✅,0.005374042586067868
17,39,solemnly,congruent,✅,0.9850553191965717
17,39,excitedly,congruent,✅,0.9843880893022311
17,39,solemnly,incongruent,❌,0.9800512308130339
17,39,excitedly,incongruent,❌,0.8346429223238103
17,4,menu,congruent,❌,0.17134860401395158
17,4,prescription,congruent,❌,0.1892724510694941
17,4,menu,incongruent,✅,0.02482079690527072
17,4,prescription,incongruent,✅,0.020200414058469094
17,40,car,congruent,✅,0.7522177970632913
17,40,sock,congruent,❌,0.1668245731891529
17,40,car,incongruent,✅,0.2537711954236817
17,40,sock,incongruent,✅,0.36248812267558994
17,41,overdressed,congruent,❌,0.41240286338764287
17,41,naked,congruent,❌,0.08489756368594419
17,41,overdressed,incongruent,✅,0.00866615763664037
17,41,naked,incongruent,✅,0.08664534960644524
17,42,shy,congruent,❌,0.2928333546287925
17,42,lively,congruent,✅,0.833289110024505
17,42,shy,incongruent,✅,0.3901454828389803
17,42,lively,incongruent,✅,0.10956998343072141
17,43,offended,congruent,✅,0.8052227594361921
17,43,flattered,congruent,✅,0.9184978244475654
17,43,offended,incongruent,✅,0.19937213594198686
17,43,flattered,incongruent,❌,0.7049402042484854
17,44,grandkid,congruent,✅,0.9442608164584856
17,44,cellmate,congruent,✅,0.6255985028371729
17,44,grandkid,incongruent,✅,0.11590883319104628
17,44,cellmate,incongruent,✅,0.12998474247591063
17,45,promoted,congruent,✅,0.9407507335847668
17,45,fired,congruent,✅,0.8977387814368362
17,45,promoted,incongruent,❌,0.7563650951500634
17,45,fired,incongruent,❌,0.9263859245838707
17,46,shooting,congruent,✅,0.7779794644572287
17,46,celebration,congruent,✅,0.62002125769156
17,46,shooting,incongruent,✅,0.046076751992702704
17,46,celebration,incongruent,✅,0.25927136884348423
17,47,crayon,congruent,❌,0.40219101141354424
17,47,beer,congruent,✅,0.8849721607446119
17,47,crayon,incongruent,✅,0.0012485024665807752
17,47,beer,incongruent,✅,0.008344144798406457
17,48,waiter,congruent,✅,0.6559762407571065
17,48,taxi,congruent,✅,0.6667188342439627
17,48,waiter,incongruent,❌,0.5067342252000959
17,48,taxi,incongruent,✅,0.1689098766080661
17,49,parents,congruent,✅,0.6344157205576031
17,49,keys,congruent,✅,0.9313746436915649
17,49,parents,incongruent,✅,0.34146535503510905
17,49,keys,incongruent,✅,0.23490401654829796
17,5,distress,congruent,✅,0.9367246301778848
17,5,tranquility,congruent,✅,0.8098666287264985
17,5,distress,incongruent,✅,0.020901106019695997
17,5,tranquility,incongruent,✅,0.31773411489755765
17,50,sofa,congruent,✅,0.9900175330611491
17,50,sky,congruent,✅,0.9746609522519232
17,50,sofa,incongruent,✅,0.4447704780669574
17,50,sky,incongruent,✅,0.4555141064958182
17,51,obesity,congruent,❌,0.3170019086924362
17,51,homework,congruent,✅,0.8263439761658862
17,51,obesity,incongruent,✅,0.10560323371341762
17,51,homework,incongruent,✅,0.06073094563592081
17,52,quiz,congruent,✅,0.8418959243684297
17,52,commute,congruent,✅,0.9679222226924589
17,52,quiz,incongruent,✅,0.025894785064515
17,52,commute,incongruent,❌,0.665823830460608
17,53,migraine,congruent,✅,0.9957268356728003
17,53,excitement,congruent,❌,0.4014213485854162
17,53,migraine,incongruent,✅,0.03046855708771308
17,53,excitement,incongruent,✅,0.29154030299859324
17,54,niece,congruent,✅,0.7635116759108465
17,54,husband,congruent,✅,0.8012438996639426
17,54,niece,incongruent,❌,0.5131500406761461
17,54,husband,incongruent,❌,0.7422377644791047
17,55,film,congruent,✅,0.7559313412829503
17,55,sunrise,congruent,❌,0.4664614717875455
17,55,film,incongruent,✅,0.08869359694239487
17,55,sunrise,incongruent,✅,0.22873180139864352
17,56,lecture,congruent,✅,0.9390359574074647
17,56,banquet,congruent,✅,0.9203119222548277
17,56,lecture,incongruent,✅,0.05834825027978126
17,56,banquet,incongruent,✅,0.09476983408355369
17,57,drink,congruent,✅,0.986921559068247
17,57,textbook,congruent,✅,0.9955944480988534
17,57,drink,incongruent,✅,0.11281926386686572
17,57,textbook,incongruent,✅,0.07683227597357209
17,58,pool,congruent,✅,0.8644351107083108
17,58,snow,congruent,❌,0.23621792687805376
17,58,pool,incongruent,✅,0.18662650027867642
17,58,snow,incongruent,✅,0.2616229746494511
17,59,passport,congruent,✅,0.9690845158814643
17,59,plushy,congruent,✅,0.9758457845083545
17,59,passport,incongruent,❌,0.657754037433875
17,59,plushy,incongruent,❌,0.825453184585327
17,6,patients,congruent,✅,0.9581461351383868
17,6,students,congruent,✅,0.9224015614079132
17,6,patients,incongruent,✅,0.15817053378458704
17,6,students,incongruent,✅,0.21931156396705462
17,60,sister,congruent,✅,0.8452888670308383
17,60,father,congruent,❌,0.38389053052982586
17,60,sister,incongruent,✅,0.08844964673838056
17,60,father,incongruent,✅,0.05798655623574953
17,61,game,congruent,✅,0.9223316367750887
17,61,sunset,congruent,✅,0.9670765682603069
17,61,game,incongruent,✅,0.20238113595914822
17,61,sunset,incongruent,❌,0.5889450027421488
17,62,holidays,congruent,❌,0.1856953505308936
17,62,funeral,congruent,❌,0.15546607895092615
17,62,holidays,incongruent,✅,0.020231050234885257
17,62,funeral,incongruent,✅,0.052918483254755885
17,63,grades,congruent,✅,0.9263059907155388
17,63,affair,congruent,✅,0.7991336967528192
17,63,grades,incongruent,❌,0.5957422336091708
17,63,affair,incongruent,❌,0.6307701873672629
17,64,arrest,congruent,❌,0.2628936430233917
17,64,stroke,congruent,❌,0.031935114035564725
17,64,arrest,incongruent,✅,0.05448409898156977
17,64,stroke,incongruent,✅,0.09255474502921475
17,65,pacifier,congruent,✅,0.7859810900951371
17,65,coffee,congruent,✅,0.9551997253874465
17,65,pacifier,incongruent,✅,0.011881564292285868
17,65,coffee,incongruent,✅,0.042553704007506084
17,66,sweets,congruent,✅,0.8992874675322758
17,66,sentencing,congruent,❌,0.46113589801219046
17,66,sweets,incongruent,✅,0.025266704362916233
17,66,sentencing,incongruent,✅,0.18810953991156085
17,67,nap,congruent,✅,0.9920521081277706
17,67,selfie,congruent,✅,0.9291170227467109
17,67,nap,incongruent,✅,0.039412487479072125
17,67,selfie,incongruent,✅,0.02940010959202483
17,68,diaper,congruent,✅,0.8372237241261308
17,68,tire,congruent,✅,0.9624803889866965
17,68,diaper,incongruent,✅,0.008474220811886193
17,68,tire,incongruent,✅,0.004921410879417046
17,69,chemotherapy,congruent,✅,0.8525298023532663
17,69,golf,congruent,✅,0.9864603641174277
17,69,chemotherapy,incongruent,✅,0.05456232450601638
17,69,golf,incongruent,✅,0.09277233703762157
17,7,consensus,congruent,✅,0.9102765644197595
17,7,deadlock,congruent,✅,0.7850333330853793
17,7,consensus,incongruent,✅,0.4846296885805567
17,7,deadlock,incongruent,❌,0.913239983200871
17,70,thunder,congruent,✅,0.9658688854485883
17,70,lullaby,congruent,❌,0.4627192354851966
17,70,thunder,incongruent,✅,0.014000672852074429
17,70,lullaby,incongruent,✅,0.19289010583784844
17,71,pajamas,congruent,✅,0.9883490806093795
17,71,uniform,congruent,✅,0.9681626108213777
17,71,pajamas,incongruent,❌,0.7775692851778522
17,71,uniform,incongruent,✅,0.08061286476441695
17,72,gown,congruent,✅,0.9094158973479991
17,72,sweats,congruent,✅,0.9065487801622372
17,72,gown,incongruent,✅,0.01588614465350649
17,72,sweats,incongruent,✅,0.14585646239799616
17,73,deadline,congruent,✅,0.5478819250317092
17,73,bed,congruent,✅,0.9444778709163499
17,73,deadline,incongruent,✅,0.1615542630972474
17,73,bed,incongruent,✅,0.12402491805352782
17,74,kindergarten,congruent,❌,0.45659147464005334
17,74,jail,congruent,❌,0.16936125524916243
17,74,kindergarten,incongruent,✅,0.03935409805933555
17,74,jail,incongruent,✅,0.1491359900210649
17,75,interrogated,congruent,✅,0.9632478092147281
17,75,tickled,congruent,✅,0.766966229894796
17,75,interrogated,incongruent,✅,0.09578771487987701
17,75,tickled,incongruent,✅,0.2716737277863053
17,76,sandcastle,congruent,✅,0.9902253544962102
17,76,snowman,congruent,✅,0.9979631667035433
17,76,sandcastle,incongruent,✅,0.14991113640259998
17,76,snowman,incongruent,✅,0.49624833798393597
17,77,music,congruent,✅,0.9708715293991279
17,77,pizza,congruent,✅,0.9807201941630236
17,77,music,incongruent,✅,0.05651926141302679
17,77,pizza,incongruent,✅,0.030673564713073545
17,78,playoffs,congruent,✅,0.8278537370830995
17,78,cartoon,congruent,✅,0.9591415831819451
17,78,playoffs,incongruent,✅,0.03765449227318754
17,78,cartoon,incongruent,❌,0.5867542620114901
17,79,alcoholism,congruent,✅,0.7535056145689806
17,79,academics,congruent,✅,0.9698530152678061
17,79,alcoholism,incongruent,✅,0.485511460075515
17,79,academics,incongruent,✅,0.2892922477809349
17,8,engagement,congruent,✅,0.8383148870960346
17,8,cancer,congruent,❌,0.36381218944008115
17,8,engagement,incongruent,✅,0.08762098077102595
17,8,cancer,incongruent,✅,0.4809667597012171
17,9,terminal,congruent,✅,0.8588544795630765
17,9,classroom,congruent,✅,0.9790536028647222
17,9,terminal,incongruent,❌,0.6581390789017245
17,9,classroom,incongruent,❌,0.8850244945931439
18,0,library,congruent,❌,0.30368214708704727
18,0,refrigerator,congruent,✅,0.7590733688337823
18,0,library,incongruent,✅,0.17097321495355147
18,0,refrigerator,incongruent,✅,0.009654478869421805
18,1,disappointment,congruent,✅,0.6894314225705866
18,1,delight,congruent,✅,0.933444371336942
18,1,disappointment,incongruent,✅,0.033149614526076565
18,1,delight,incongruent,✅,0.04505672064948094
18,10,cash,congruent,✅,0.5588862116599884
18,10,groceries,congruent,✅,0.616433128889928
18,10,cash,incongruent,✅,0.3930697722986445
18,10,groceries,incongruent,✅,0.2031576059433727
18,11,lonely,congruent,✅,0.9184031818412237
18,11,confident,congruent,✅,0.8836643544793105
18,11,lonely,incongruent,❌,0.5192158478526012
18,11,confident,incongruent,❌,0.6281128241958848
18,12,joy,congruent,✅,0.9916721092200133
18,12,outrage,congruent,✅,0.7474784922016938
18,12,joy,incongruent,✅,0.14739803543983132
18,12,outrage,incongruent,❌,0.8264685636952477
18,13,traffic,congruent,✅,0.9608980001432692
18,13,snowstorm,congruent,✅,0.9799525338150737
18,13,traffic,incongruent,❌,0.875772629180597
18,13,snowstorm,incongruent,❌,0.8933663431002458
18,14,laughter,congruent,✅,0.9480637359153877
18,14,frustration,congruent,✅,0.9064713717991149
18,14,laughter,incongruent,✅,0.16293908357841339
18,14,frustration,incongruent,✅,0.23866338158491937
18,15,calculator,congruent,❌,0.21191733180383254
18,15,instrument,congruent,❌,0.12787938169758076
18,15,calculator,incongruent,✅,0.0295431602647988
18,15,instrument,incongruent,✅,0.13349086621724526
18,16,orchestra,congruent,✅,0.6825680260265167
18,16,racers,congruent,✅,0.8225973887474534
18,16,orchestra,incongruent,✅,0.18978683549942085
18,16,racers,incongruent,❌,0.7061937995350653
18,17,retirement,congruent,❌,0.4538382382423428
18,17,playdate,congruent,❌,0.42774767984254747
18,17,retirement,incongruent,✅,0.01815322107079042
18,17,playdate,incongruent,✅,0.07893510231234532
18,18,relieved,congruent,✅,0.7473003944542752
18,18,depressed,congruent,✅,0.9244038733747961
18,18,relieved,incongruent,✅,0.1388946552939948
18,18,depressed,incongruent,❌,0.7090461312198819
18,19,friends,congruent,❌,0.460954697402823
18,19,weight,congruent,✅,0.6651570372694355
18,19,friends,incongruent,❌,0.5888305512736749
18,19,weight,incongruent,✅,0.08189170656781077
18,2,overcoat,congruent,❌,0.2015835299347221
18,2,sandals,congruent,❌,0.1329800289625384
18,2,overcoat,incongruent,✅,0.004732132713844252
18,2,sandals,incongruent,✅,0.00979879314049276
18,20,lipstick,congruent,✅,0.7760467164003473
18,20,song,congruent,✅,0.9080913093547475
18,20,lipstick,incongruent,✅,0.38071855891423045
18,20,song,incongruent,✅,0.32695971450324335
18,21,fought,congruent,❌,0.2713444316109845
18,21,sang,congruent,✅,0.5162431830561078
18,21,fought,incongruent,✅,0.24357368573055385
18,21,sang,incongruent,✅,0.053578094542085376
18,22,skeptical,congruent,❌,0.2838389612770408
18,22,reassured,congruent,❌,0.2295814234050873
18,22,skeptical,incongruent,✅,0.13802638288871408
18,22,reassured,incongruent,✅,0.1603502567155079
18,23,graduation,congruent,✅,0.9889188271702162
18,23,operation,congruent,✅,0.9740797414420552
18,23,graduation,incongruent,✅,0.17453558744446537
18,23,operation,incongruent,❌,0.6390793776522558
18,24,bride,congruent,✅,0.8791601075610017
18,24,aftermath,congruent,✅,0.9801458861726836
18,24,bride,incongruent,✅,0.4443299486424306
18,24,aftermath,incongruent,✅,0.2622793581694157
18,25,teacher,congruent,✅,0.5492367058359241
18,25,daughter,congruent,✅,0.9392132093655424
18,25,teacher,incongruent,❌,0.5282974538505546
18,25,daughter,incongruent,✅,0.15200873005630278
18,26,roommate,congruent,✅,0.8759973625732338
18,26,grandma,congruent,✅,0.9552099880724454
18,26,roommate,incongruent,✅,0.26755474940045626
18,26,grandma,incongruent,✅,0.3745312141610408
18,27,brother,congruent,✅,0.7820654651805798
18,27,mother,congruent,✅,0.8374871656721706
18,27,brother,incongruent,❌,0.7186859233424422
18,27,mother,incongruent,✅,0.176780070282052
18,28,preschool,congruent,❌,0.44118167419634174
18,28,prison,congruent,✅,0.5467282377601852
18,28,preschool,incongruent,✅,0.06991738439706831
18,28,prison,incongruent,✅,0.005245694552833729
18,29,hopeful,congruent,✅,0.7276624774644559
18,29,hopeless,congruent,✅,0.9192396644580295
18,29,hopeful,incongruent,❌,0.7197139917537659
18,29,hopeless,incongruent,✅,0.38964378589073784
18,3,marathon,congruent,✅,0.6095217511099763
18,3,exam,congruent,✅,0.5656377129629676
18,3,marathon,incongruent,✅,0.02179803974266133
18,3,exam,incongruent,✅,0.14172422889049965
18,30,appalled,congruent,❌,0.371145224371125
18,30,overjoyed,congruent,❌,0.11727723368061255
18,30,appalled,incongruent,✅,0.036640287880345776
18,30,overjoyed,incongruent,✅,0.29658037669145376
18,31,reprimand,congruent,✅,0.6960315330231114
18,31,encouragement,congruent,✅,0.7917529680484375
18,31,reprimand,incongruent,✅,0.09005355998342059
18,31,encouragement,incongruent,✅,0.22026646117635498
18,32,angrily,congruent,✅,0.7151505004860261
18,32,cordially,congruent,✅,0.8746376554967323
18,32,angrily,incongruent,✅,0.1298754570439004
18,32,cordially,incongruent,✅,0.24127343544916036
18,33,accusatory,congruent,✅,0.9333273332625762
18,33,flirtatious,congruent,✅,0.9526737962688662
18,33,accusatory,incongruent,✅,0.3805968325647594
18,33,flirtatious,incongruent,❌,0.5616372371267527
18,34,disapprovingly,congruent,✅,0.9094071377212308
18,34,lovingly,congruent,✅,0.8385986028657263
18,34,disapprovingly,incongruent,✅,0.15144670837343918
18,34,lovingly,incongruent,✅,0.2188417750335291
18,35,playful,congruent,✅,0.7045111202070229
18,35,distant,congruent,✅,0.9351289885785254
18,35,playful,incongruent,❌,0.5985302462452298
18,35,distant,incongruent,✅,0.46125946384038813
18,36,headphones,congruent,✅,0.9764294641958274
18,36,mangoes,congruent,✅,0.7301632308726698
18,36,headphones,incongruent,✅,0.04226118065625669
18,36,mangoes,incongruent,✅,0.369105622413223
18,37,playroom,congruent,✅,0.9909856088587428
18,37,park,congruent,✅,0.986665709369012
18,37,playroom,incongruent,✅,0.11552379437062812
18,37,park,incongruent,✅,0.049177978875288755
18,38,bedroom,congruent,✅,0.919740306213402
18,38,backyard,congruent,✅,0.980603547340641
18,38,bedroom,incongruent,✅,0.4503883163256073
18,38,backyard,incongruent,✅,0.011375132711860234
18,39,solemnly,congruent,✅,0.970196836107422
18,39,excitedly,congruent,✅,0.9601077824906751
18,39,solemnly,incongruent,❌,0.9592573801856273
18,39,excitedly,incongruent,❌,0.6959118796006347
18,4,menu,congruent,❌,0.05019298631963843
18,4,prescription,congruent,❌,0.13886125923169362
18,4,menu,incongruent,✅,0.023976044439743143
18,4,prescription,incongruent,✅,0.009666588072120114
18,40,car,congruent,❌,0.4688629920679225
18,40,sock,congruent,❌,0.08629073065323288
18,40,car,incongruent,✅,0.12957343054982176
18,40,sock,incongruent,✅,0.09300824348605384
18,41,overdressed,congruent,✅,0.6487860667401442
18,41,naked,congruent,❌,0.11594334564043275
18,41,overdressed,incongruent,✅,0.016662866503789776
18,41,naked,incongruent,✅,0.10860087491307857
18,42,shy,congruent,❌,0.4245909950667007
18,42,lively,congruent,✅,0.9075278476982657
18,42,shy,incongruent,❌,0.5580405152710837
18,42,lively,incongruent,✅,0.15222755386896872
18,43,offended,congruent,✅,0.7594140454642709
18,43,flattered,congruent,✅,0.8429666249637676
18,43,offended,incongruent,✅,0.071046831057373
18,43,flattered,incongruent,❌,0.605570635455336
18,44,grandkid,congruent,✅,0.8595678877110223
18,44,cellmate,congruent,❌,0.36869627651593584
18,44,grandkid,incongruent,✅,0.06769785327069526
18,44,cellmate,incongruent,✅,0.08160428947769753
18,45,promoted,congruent,✅,0.944950594210258
18,45,fired,congruent,✅,0.9308667641269815
18,45,promoted,incongruent,❌,0.7534200418354591
18,45,fired,incongruent,❌,0.9492084598003289
18,46,shooting,congruent,✅,0.8444164156130136
18,46,celebration,congruent,❌,0.20354784806428555
18,46,shooting,incongruent,✅,0.009705640525447472
18,46,celebration,incongruent,✅,0.26498007439743365
18,47,crayon,congruent,❌,0.49102147107001937
18,47,beer,congruent,✅,0.863809200690518
18,47,crayon,incongruent,✅,0.0020386665478386457
18,47,beer,incongruent,✅,0.03643191479730706
18,48,waiter,congruent,✅,0.8657757566373889
18,48,taxi,congruent,❌,0.37564868160306275
18,48,waiter,incongruent,✅,0.2824700815731725
18,48,taxi,incongruent,✅,0.2511621157868139
18,49,parents,congruent,✅,0.7456818602605532
18,49,keys,congruent,✅,0.9595379044799102
18,49,parents,incongruent,❌,0.6309098204349334
18,49,keys,incongruent,✅,0.29937861784401726
18,5,distress,congruent,✅,0.94526864732017
18,5,tranquility,congruent,✅,0.8674044008979731
18,5,distress,incongruent,✅,0.033195812966373014
18,5,tranquility,incongruent,✅,0.33915396566870143
18,50,sofa,congruent,✅,0.9902324955023823
18,50,sky,congruent,✅,0.9874595329827787
18,50,sofa,incongruent,❌,0.6234557168795571
18,50,sky,incongruent,✅,0.42563324828502513
18,51,obesity,congruent,❌,0.1911719269145976
18,51,homework,congruent,✅,0.6663569598275556
18,51,obesity,incongruent,✅,0.03645608637876588
18,51,homework,incongruent,✅,0.06076273498684073
18,52,quiz,congruent,✅,0.8696104885987929
18,52,commute,congruent,✅,0.9740929068237558
18,52,quiz,incongruent,✅,0.03502275036922291
18,52,commute,incongruent,❌,0.6709313239270125
18,53,migraine,congruent,✅,0.9952532423998683
18,53,excitement,congruent,❌,0.20995078484829516
18,53,migraine,incongruent,✅,0.007553289278646033
18,53,excitement,incongruent,✅,0.24544285617694456
18,54,niece,congruent,✅,0.8939277486200778
18,54,husband,congruent,✅,0.7140830498219927
18,54,niece,incongruent,✅,0.3385235045500085
18,54,husband,incongruent,❌,0.8377349228242487
18,55,film,congruent,✅,0.8206406965650782
18,55,sunrise,congruent,✅,0.5736552229745165
18,55,film,incongruent,✅,0.13846709120557618
18,55,sunrise,incongruent,✅,0.28947332424426925
18,56,lecture,congruent,✅,0.8919868533141891
18,56,banquet,congruent,✅,0.9096865446810031
18,56,lecture,incongruent,✅,0.06190303719294098
18,56,banquet,incongruent,✅,0.06816030632757653
18,57,drink,congruent,✅,0.9823624394909246
18,57,textbook,congruent,✅,0.9971670193505432
18,57,drink,incongruent,✅,0.07616823813665896
18,57,textbook,incongruent,✅,0.08199941802262313
18,58,pool,congruent,✅,0.869562912306891
18,58,snow,congruent,❌,0.1928842287306887
18,58,pool,incongruent,✅,0.16299583540120122
18,58,snow,incongruent,✅,0.28604223137025164
18,59,passport,congruent,✅,0.9512712774520676
18,59,plushy,congruent,✅,0.9703842306861418
18,59,passport,incongruent,❌,0.6594740868952421
18,59,plushy,incongruent,❌,0.7555123922665041
18,6,patients,congruent,✅,0.8817549220150761
18,6,students,congruent,✅,0.9106419983899865
18,6,patients,incongruent,✅,0.1340639434624977
18,6,students,incongruent,✅,0.10464943483652
18,60,sister,congruent,✅,0.8372067799710587
18,60,father,congruent,❌,0.360087259464345
18,60,sister,incongruent,✅,0.11915577355305428
18,60,father,incongruent,✅,0.0400649235382412
18,61,game,congruent,✅,0.9218146037496732
18,61,sunset,congruent,✅,0.9696682560130941
18,61,game,incongruent,✅,0.2770919713095225
18,61,sunset,incongruent,✅,0.4008134067086134
18,62,holidays,congruent,❌,0.45719621410212863
18,62,funeral,congruent,❌,0.21917903936447725
18,62,holidays,incongruent,✅,0.04125844551237613
18,62,funeral,incongruent,✅,0.14049935770114202
18,63,grades,congruent,✅,0.8355114278699122
18,63,affair,congruent,✅,0.8627873234012959
18,63,grades,incongruent,❌,0.6993781591509824
18,63,affair,incongruent,❌,0.6139156202501336
18,64,arrest,congruent,❌,0.4034011225638331
18,64,stroke,congruent,❌,0.042456010924430285
18,64,arrest,incongruent,✅,0.11480016470304451
18,64,stroke,incongruent,✅,0.0830485855628304
18,65,pacifier,congruent,✅,0.7235685125611283
18,65,coffee,congruent,✅,0.9701972885293201
18,65,pacifier,incongruent,✅,0.00529086264691124
18,65,coffee,incongruent,✅,0.026753242697881298
18,66,sweets,congruent,✅,0.8542843928658606
18,66,sentencing,congruent,❌,0.37200559734870253
18,66,sweets,incongruent,✅,0.02873516235379158
18,66,sentencing,incongruent,✅,0.06221952376761918
18,67,nap,congruent,✅,0.9956063972521872
18,67,selfie,congruent,✅,0.7757501709193096
18,67,nap,incongruent,✅,0.011414556270661883
18,67,selfie,incongruent,✅,0.07605224143845397
18,68,diaper,congruent,✅,0.9470584865751192
18,68,tire,congruent,✅,0.9781230845830677
18,68,diaper,incongruent,✅,0.010131558857139048
18,68,tire,incongruent,✅,0.014197687696623483
18,69,chemotherapy,congruent,✅,0.783578493394181
18,69,golf,congruent,✅,0.9817072562100697
18,69,chemotherapy,incongruent,✅,0.016251966394903533
18,69,golf,incongruent,✅,0.07108516027781982
18,7,consensus,congruent,✅,0.7296933823024165
18,7,deadlock,congruent,❌,0.43995641245819145
18,7,consensus,incongruent,✅,0.13793438923984044
18,7,deadlock,incongruent,❌,0.7465010518319349
18,70,thunder,congruent,✅,0.7106966380081382
18,70,lullaby,congruent,❌,0.4968962620928347
18,70,thunder,incongruent,✅,0.010650805567873295
18,70,lullaby,incongruent,✅,0.05407179219217355
18,71,pajamas,congruent,✅,0.9897669518324419
18,71,uniform,congruent,✅,0.9824356577159781
18,71,pajamas,incongruent,❌,0.7863637686007382
18,71,uniform,incongruent,✅,0.0669519271699065
18,72,gown,congruent,✅,0.78475239905494
18,72,sweats,congruent,✅,0.9427266325956759
18,72,gown,incongruent,✅,0.007276080615270102
18,72,sweats,incongruent,✅,0.07159047998513561
18,73,deadline,congruent,❌,0.43195402442014874
18,73,bed,congruent,✅,0.9702207849071197
18,73,deadline,incongruent,✅,0.31092870357181557
18,73,bed,incongruent,✅,0.05982291683434116
18,74,kindergarten,congruent,❌,0.22837935166873818
18,74,jail,congruent,❌,0.15665756790792873
18,74,kindergarten,incongruent,✅,0.041402046143118584
18,74,jail,incongruent,✅,0.10251160701069753
18,75,interrogated,congruent,✅,0.9583796628932987
18,75,tickled,congruent,✅,0.7264090913555146
18,75,interrogated,incongruent,✅,0.04911022815120642
18,75,tickled,incongruent,✅,0.3296254473462627
18,76,sandcastle,congruent,✅,0.9722285055024709
18,76,snowman,congruent,✅,0.9961772970912309
18,76,sandcastle,incongruent,✅,0.12158207357923581
18,76,snowman,incongruent,✅,0.3253215827207165
18,77,music,congruent,✅,0.9692058936167177
18,77,pizza,congruent,✅,0.9844293635740995
18,77,music,incongruent,✅,0.029744951445742865
18,77,pizza,incongruent,✅,0.02627391426670632
18,78,playoffs,congruent,✅,0.8907639161360482
18,78,cartoon,congruent,✅,0.9578757670202243
18,78,playoffs,incongruent,✅,0.03619562270743279
18,78,cartoon,incongruent,❌,0.6722025524602566
18,79,alcoholism,congruent,✅,0.740991078619795
18,79,academics,congruent,✅,0.9701742587113661
18,79,alcoholism,incongruent,✅,0.4865679440009669
18,79,academics,incongruent,✅,0.25628531216261297
18,8,engagement,congruent,✅,0.9557969879174392
18,8,cancer,congruent,✅,0.5048305732728176
18,8,engagement,incongruent,✅,0.12202073831978456
18,8,cancer,incongruent,❌,0.773998329278979
18,9,terminal,congruent,✅,0.740548389172327
18,9,classroom,congruent,✅,0.9464784057197903
18,9,terminal,incongruent,❌,0.5959135313190025
18,9,classroom,incongruent,❌,0.5654579698196359
19,0,library,congruent,❌,0.11909400999591215
19,0,refrigerator,congruent,✅,0.682526504803746
19,0,library,incongruent,✅,0.1666564234916829
19,0,refrigerator,incongruent,✅,0.004991932478728737
19,1,disappointment,congruent,✅,0.9074775318872623
19,1,delight,congruent,✅,0.9895861903057648
19,1,disappointment,incongruent,✅,0.1305118513606881
19,1,delight,incongruent,✅,0.09440333006908398
19,10,cash,congruent,✅,0.5589249774281037
19,10,groceries,congruent,✅,0.5130155618294555
19,10,cash,incongruent,❌,0.5150960436464359
19,10,groceries,incongruent,✅,0.16605392374375144
19,11,lonely,congruent,✅,0.8558208251337074
19,11,confident,congruent,✅,0.729373009282914
19,11,lonely,incongruent,✅,0.2854927294128355
19,11,confident,incongruent,✅,0.4302956142607557
19,12,joy,congruent,✅,0.9638274525629049
19,12,outrage,congruent,❌,0.4837598290530752
19,12,joy,incongruent,✅,0.07961196200803182
19,12,outrage,incongruent,❌,0.6150152978363949
19,13,traffic,congruent,✅,0.9904957041872747
19,13,snowstorm,congruent,✅,0.9966374893281347
19,13,traffic,incongruent,❌,0.9769733469918555
19,13,snowstorm,incongruent,❌,0.9725569593224347
19,14,laughter,congruent,✅,0.9739386236029388
19,14,frustration,congruent,✅,0.9654187806231898
19,14,laughter,incongruent,✅,0.2594559426736339
19,14,frustration,incongruent,✅,0.36845923044909124
19,15,calculator,congruent,❌,0.25211966003734737
19,15,instrument,congruent,❌,0.08063952076118057
19,15,calculator,incongruent,✅,0.03701729410414074
19,15,instrument,incongruent,✅,0.13866451787583617
19,16,orchestra,congruent,✅,0.8689300609052978
19,16,racers,congruent,✅,0.8185853709830514
19,16,orchestra,incongruent,✅,0.234931916649693
19,16,racers,incongruent,❌,0.8542498165043559
19,17,retirement,congruent,❌,0.3278469211492394
19,17,playdate,congruent,❌,0.38648780896559104
19,17,retirement,incongruent,✅,0.029504339043492714
19,17,playdate,incongruent,✅,0.09610354502158393
19,18,relieved,congruent,✅,0.8703281690097329
19,18,depressed,congruent,✅,0.9618560726664465
19,18,relieved,incongruent,✅,0.17609592229763898
19,18,depressed,incongruent,❌,0.8285738280333701
19,19,friends,congruent,❌,0.33352564572146465
19,19,weight,congruent,✅,0.7181737182757245
19,19,friends,incongruent,❌,0.5499155620988986
19,19,weight,incongruent,✅,0.06526576287374926
19,2,overcoat,congruent,❌,0.45776634470847777
19,2,sandals,congruent,❌,0.1016572631107065
19,2,overcoat,incongruent,✅,0.013770128900261662
19,2,sandals,incongruent,✅,0.010154679022073732
19,20,lipstick,congruent,✅,0.5698792432359322
19,20,song,congruent,✅,0.8932239080562027
19,20,lipstick,incongruent,❌,0.5276888231811511
19,20,song,incongruent,✅,0.20201408472513493
19,21,fought,congruent,❌,0.1956556930381827
19,21,sang,congruent,❌,0.27390310518835365
19,21,fought,incongruent,✅,0.12685778041541404
19,21,sang,incongruent,✅,0.09553085164653857
19,22,skeptical,congruent,❌,0.27013943077425473
19,22,reassured,congruent,❌,0.19944207969047245
19,22,skeptical,incongruent,✅,0.1662458670681798
19,22,reassured,incongruent,✅,0.15159236028744766
19,23,graduation,congruent,✅,0.9957459743903442
19,23,operation,congruent,✅,0.9681401871988281
19,23,graduation,incongruent,✅,0.32229552200305195
19,23,operation,incongruent,❌,0.7415491034215808
19,24,bride,congruent,✅,0.7037571521609566
19,24,aftermath,congruent,✅,0.8956705996546015
19,24,bride,incongruent,✅,0.31123301495457906
19,24,aftermath,incongruent,✅,0.2233179540072809
19,25,teacher,congruent,✅,0.5387671580519374
19,25,daughter,congruent,✅,0.9485448853991085
19,25,teacher,incongruent,❌,0.6422664097479953
19,25,daughter,incongruent,✅,0.22774717083284676
19,26,roommate,congruent,✅,0.7850829460536968
19,26,grandma,congruent,✅,0.9454100867839126
19,26,roommate,incongruent,✅,0.26809744560485993
19,26,grandma,incongruent,✅,0.4100921567315462
19,27,brother,congruent,✅,0.7709144744466535
19,27,mother,congruent,✅,0.8909441357056427
19,27,brother,incongruent,❌,0.7049430564369603
19,27,mother,incongruent,✅,0.2511202055759815
19,28,preschool,congruent,✅,0.6051914794744097
19,28,prison,congruent,✅,0.6145303789857587
19,28,preschool,incongruent,✅,0.10511119742855485
19,28,prison,incongruent,✅,0.014102205478991176
19,29,hopeful,congruent,❌,0.3122063382351569
19,29,hopeless,congruent,✅,0.8823972677979246
19,29,hopeful,incongruent,❌,0.5453395060841817
19,29,hopeless,incongruent,✅,0.09147967976578403
19,3,marathon,congruent,✅,0.5721797105216156
19,3,exam,congruent,✅,0.7460661970932634
19,3,marathon,incongruent,✅,0.10016503268838474
19,3,exam,incongruent,✅,0.17566465920591393
19,30,appalled,congruent,❌,0.18196135072261868
19,30,overjoyed,congruent,❌,0.07007755959464301
19,30,appalled,incongruent,✅,0.024763406296551983
19,30,overjoyed,incongruent,✅,0.14612150395937767
19,31,reprimand,congruent,❌,0.3843509756831123
19,31,encouragement,congruent,✅,0.6836357240823205
19,31,reprimand,incongruent,✅,0.04721315949712105
19,31,encouragement,incongruent,✅,0.05138671067375353
19,32,angrily,congruent,❌,0.4530852670443179
19,32,cordially,congruent,✅,0.839454281780543
19,32,angrily,incongruent,✅,0.06213510574614042
19,32,cordially,incongruent,✅,0.09137218542537005
19,33,accusatory,congruent,✅,0.9487144132605346
19,33,flirtatious,congruent,✅,0.9377364938743246
19,33,accusatory,incongruent,✅,0.33322499562561037
19,33,flirtatious,incongruent,✅,0.49510670072247465
19,34,disapprovingly,congruent,✅,0.9918026572043145
19,34,lovingly,congruent,✅,0.9754343317584223
19,34,disapprovingly,incongruent,✅,0.27994211684911574
19,34,lovingly,incongruent,✅,0.30022492398843065
19,35,playful,congruent,✅,0.7811009505442715
19,35,distant,congruent,✅,0.9186547732447281
19,35,playful,incongruent,❌,0.6047015096445792
19,35,distant,incongruent,❌,0.6501642854913113
19,36,headphones,congruent,✅,0.7663270358594697
19,36,mangoes,congruent,✅,0.8936551612931505
19,36,headphones,incongruent,✅,0.07480088273606568
19,36,mangoes,incongruent,✅,0.16848461695317318
19,37,playroom,congruent,✅,0.969003037372606
19,37,park,congruent,✅,0.9758648411931323
19,37,playroom,incongruent,✅,0.06700964588301843
19,37,park,incongruent,✅,0.014813203898411955
19,38,bedroom,congruent,✅,0.8985429976472266
19,38,backyard,congruent,✅,0.9645613902417525
19,38,bedroom,incongruent,✅,0.26240774446041043
19,38,backyard,incongruent,✅,0.01005575387586692
19,39,solemnly,congruent,✅,0.9850188807557385
19,39,excitedly,congruent,✅,0.9863779530522362
19,39,solemnly,incongruent,❌,0.9836912771120195
19,39,excitedly,incongruent,❌,0.7149880330243551
19,4,menu,congruent,❌,0.19891677467579907
19,4,prescription,congruent,❌,0.23792135884752785
19,4,menu,incongruent,✅,0.04820671362980033
19,4,prescription,incongruent,✅,0.057043072258927296
19,40,car,congruent,✅,0.5487704769930367
19,40,sock,congruent,❌,0.12232243186197306
19,40,car,incongruent,✅,0.2769434780728892
19,40,sock,incongruent,✅,0.1542837806471205
19,41,overdressed,congruent,❌,0.324714550924855
19,41,naked,congruent,❌,0.031561599845809786
19,41,overdressed,incongruent,✅,0.00447215390799931
19,41,naked,incongruent,✅,0.026650079697920732
19,42,shy,congruent,❌,0.1633256781583289
19,42,lively,congruent,✅,0.7395208848997813
19,42,shy,incongruent,✅,0.3028927553218931
19,42,lively,incongruent,✅,0.06020502478429924
19,43,offended,congruent,✅,0.6959727456117332
19,43,flattered,congruent,✅,0.8216538669283884
19,43,offended,incongruent,✅,0.046704204997014456
19,43,flattered,incongruent,✅,0.4703441730300496
19,44,grandkid,congruent,✅,0.9503471370225367
19,44,cellmate,congruent,❌,0.39099447604805976
19,44,grandkid,incongruent,✅,0.07589440290726425
19,44,cellmate,incongruent,✅,0.1350359018616416
19,45,promoted,congruent,✅,0.9566768326469061
19,45,fired,congruent,✅,0.8613571462058266
19,45,promoted,incongruent,✅,0.34272790244803275
19,45,fired,incongruent,❌,0.9718988223009336
19,46,shooting,congruent,✅,0.6470531749278012
19,46,celebration,congruent,❌,0.04708884369283094
19,46,shooting,incongruent,✅,0.002724640025806682
19,46,celebration,incongruent,✅,0.12202877239190384
19,47,crayon,congruent,❌,0.43286077092095115
19,47,beer,congruent,✅,0.899793295986806
19,47,crayon,incongruent,✅,0.007318611146126478
19,47,beer,incongruent,✅,0.020126621024413593
19,48,waiter,congruent,✅,0.7240530935886043
19,48,taxi,congruent,❌,0.4763134532406383
19,48,waiter,incongruent,✅,0.3544561202628887
19,48,taxi,incongruent,✅,0.27942473598535256
19,49,parents,congruent,✅,0.5386988159209615
19,49,keys,congruent,✅,0.8871545666870627
19,49,parents,incongruent,✅,0.47244267310997085
19,49,keys,incongruent,✅,0.10372530111520525
19,5,distress,congruent,✅,0.8926505032611867
19,5,tranquility,congruent,✅,0.770729457498129
19,5,distress,incongruent,✅,0.02113558230427878
19,5,tranquility,incongruent,✅,0.1911266382070982
19,50,sofa,congruent,✅,0.9844387127909411
19,50,sky,congruent,✅,0.9949109724047334
19,50,sofa,incongruent,❌,0.5103536543388345
19,50,sky,incongruent,✅,0.23934702513613984
19,51,obesity,congruent,❌,0.2972229163849459
19,51,homework,congruent,❌,0.48658404900838326
19,51,obesity,incongruent,✅,0.052030260694998165
19,51,homework,incongruent,✅,0.12070667434093138
19,52,quiz,congruent,✅,0.8999333282172008
19,52,commute,congruent,✅,0.9755548652747419
19,52,quiz,incongruent,✅,0.033872943072927736
19,52,commute,incongruent,✅,0.41723110210884506
19,53,migraine,congruent,✅,0.9991615560446696
19,53,excitement,congruent,❌,0.3354469911515607
19,53,migraine,incongruent,✅,0.013380076241199211
19,53,excitement,incongruent,❌,0.5887097772517239
19,54,niece,congruent,✅,0.8933848652614232
19,54,husband,congruent,✅,0.7898739162387854
19,54,niece,incongruent,✅,0.43216162390596374
19,54,husband,incongruent,❌,0.819007133304411
19,55,film,congruent,✅,0.7764019172320867
19,55,sunrise,congruent,✅,0.6031100238785742
19,55,film,incongruent,✅,0.16164115365637768
19,55,sunrise,incongruent,✅,0.448452684419212
19,56,lecture,congruent,✅,0.8263150995129429
19,56,banquet,congruent,✅,0.840069235748985
19,56,lecture,incongruent,✅,0.055974553166507145
19,56,banquet,incongruent,✅,0.06245347293923392
19,57,drink,congruent,✅,0.965396744197472
19,57,textbook,congruent,✅,0.9880337882821983
19,57,drink,incongruent,✅,0.043946991840525404
19,57,textbook,incongruent,✅,0.0816902099746194
19,58,pool,congruent,✅,0.7474431111236736
19,58,snow,congruent,❌,0.3168501982049653
19,58,pool,incongruent,✅,0.1988571167717384
19,58,snow,incongruent,✅,0.2569777413845541
19,59,passport,congruent,✅,0.8754539855217546
19,59,plushy,congruent,✅,0.9503114013050946
19,59,passport,incongruent,❌,0.5072635190077589
19,59,plushy,incongruent,❌,0.5558133838892224
19,6,patients,congruent,✅,0.9336303536022051
19,6,students,congruent,✅,0.8755156245915503
19,6,patients,incongruent,✅,0.23956379352240015
19,6,students,incongruent,✅,0.22576997560824372
19,60,sister,congruent,✅,0.8772665354464453
19,60,father,congruent,✅,0.7134282996212779
19,60,sister,incongruent,✅,0.36136835098358605
19,60,father,incongruent,✅,0.14777010626370343
19,61,game,congruent,✅,0.8990387935692702
19,61,sunset,congruent,✅,0.9319658917016203
19,61,game,incongruent,✅,0.24592754497092092
19,61,sunset,incongruent,❌,0.5093244635825294
19,62,holidays,congruent,❌,0.47080990229280134
19,62,funeral,congruent,❌,0.1684047357171973
19,62,holidays,incongruent,✅,0.021443022685694174
19,62,funeral,incongruent,✅,0.12854235640165063
19,63,grades,congruent,✅,0.8118632953330851
19,63,affair,congruent,✅,0.9591830399992206
19,63,grades,incongruent,❌,0.7733924624879771
19,63,affair,incongruent,❌,0.7645874282640478
19,64,arrest,congruent,❌,0.2610416070854362
19,64,stroke,congruent,❌,0.07948016567657912
19,64,arrest,incongruent,✅,0.18065555683281642
19,64,stroke,incongruent,✅,0.05962509567574135
19,65,pacifier,congruent,✅,0.7443543805531023
19,65,coffee,congruent,✅,0.9810176094079691
19,65,pacifier,incongruent,✅,0.08952236956016406
19,65,coffee,incongruent,✅,0.0365588986541903
19,66,sweets,congruent,✅,0.9668169258231358
19,66,sentencing,congruent,❌,0.48700593718358287
19,66,sweets,incongruent,✅,0.08676929074443386
19,66,sentencing,incongruent,✅,0.24712159718567236
19,67,nap,congruent,✅,0.9909661990919889
19,67,selfie,congruent,✅,0.8543911777994254
19,67,nap,incongruent,✅,0.02002457539451063
19,67,selfie,incongruent,✅,0.03136269469494266
19,68,diaper,congruent,✅,0.8759462452016571
19,68,tire,congruent,✅,0.9694438041871172
19,68,diaper,incongruent,✅,0.010143410328742036
19,68,tire,incongruent,✅,0.03942583973220452
19,69,chemotherapy,congruent,❌,0.42348253757148163
19,69,golf,congruent,✅,0.9735571987985829
19,69,chemotherapy,incongruent,✅,0.006939247305882677
19,69,golf,incongruent,✅,0.024527706506443425
19,7,consensus,congruent,✅,0.7011792518490579
19,7,deadlock,congruent,❌,0.38621504671645035
19,7,consensus,incongruent,✅,0.10349372367680389
19,7,deadlock,incongruent,❌,0.68740020062097
19,70,thunder,congruent,✅,0.7892730850440713
19,70,lullaby,congruent,❌,0.1971152126022666
19,70,thunder,incongruent,✅,0.009593555885602283
19,70,lullaby,incongruent,✅,0.05546570553654807
19,71,pajamas,congruent,✅,0.9773432381493508
19,71,uniform,congruent,✅,0.953365632491042
19,71,pajamas,incongruent,❌,0.7645315255105576
19,71,uniform,incongruent,✅,0.07682341273614272
19,72,gown,congruent,✅,0.8925772650038032
19,72,sweats,congruent,✅,0.9271747114793719
19,72,gown,incongruent,✅,0.01407351704196178
19,72,sweats,incongruent,✅,0.09711688912536977
19,73,deadline,congruent,❌,0.4775485499767739
19,73,bed,congruent,✅,0.980504037969537
19,73,deadline,incongruent,✅,0.32630408155971985
19,73,bed,incongruent,✅,0.14183937294719579
19,74,kindergarten,congruent,❌,0.34919813533488264
19,74,jail,congruent,❌,0.14810620369736285
19,74,kindergarten,incongruent,✅,0.04767161441844064
19,74,jail,incongruent,✅,0.12795528540408513
19,75,interrogated,congruent,✅,0.9621771375989298
19,75,tickled,congruent,✅,0.7892053011274913
19,75,interrogated,incongruent,✅,0.27982719813708024
19,75,tickled,incongruent,✅,0.16822189544470173
19,76,sandcastle,congruent,✅,0.972764730270803
19,76,snowman,congruent,✅,0.9984729722363699
19,76,sandcastle,incongruent,✅,0.2016299867103778
19,76,snowman,incongruent,✅,0.4665228661417823
19,77,music,congruent,✅,0.9383873360107836
19,77,pizza,congruent,✅,0.9731565223079806
19,77,music,incongruent,✅,0.09445254838203714
19,77,pizza,incongruent,✅,0.04564921127060478
19,78,playoffs,congruent,✅,0.8374033158813681
19,78,cartoon,congruent,✅,0.9449430464936925
19,78,playoffs,incongruent,✅,0.09085792534161753
19,78,cartoon,incongruent,❌,0.6836453012431137
19,79,alcoholism,congruent,✅,0.6889641166799015
19,79,academics,congruent,✅,0.9797136095529302
19,79,alcoholism,incongruent,❌,0.5207307067142116
19,79,academics,incongruent,✅,0.31630192804503626
19,8,engagement,congruent,✅,0.9811859039991021
19,8,cancer,congruent,✅,0.6308858081449427
19,8,engagement,incongruent,✅,0.23541061593085225
19,8,cancer,incongruent,❌,0.932933790340768
19,9,terminal,congruent,✅,0.9522501337639782
19,9,classroom,congruent,✅,0.9739090434696762
19,9,terminal,incongruent,❌,0.8361054596926002
19,9,classroom,incongruent,❌,0.7980903262954114
20,0,library,congruent,❌,0.05101381636619395
20,0,refrigerator,congruent,✅,0.6670336178350849
20,0,library,incongruent,✅,0.1323564966789123
20,0,refrigerator,incongruent,✅,0.003986007342559933
20,1,disappointment,congruent,✅,0.9709869959841158
20,1,delight,congruent,✅,0.9919606512967368
20,1,disappointment,incongruent,✅,0.2607467450041007
20,1,delight,incongruent,✅,0.40776085795523326
20,10,cash,congruent,❌,0.4976857863062965
20,10,groceries,congruent,❌,0.30836779619378124
20,10,cash,incongruent,✅,0.24042727334575018
20,10,groceries,incongruent,✅,0.11484104463910336
20,11,lonely,congruent,✅,0.8535651682389215
20,11,confident,congruent,✅,0.9115631057444995
20,11,lonely,incongruent,❌,0.674226623988585
20,11,confident,incongruent,✅,0.4416279051368843
20,12,joy,congruent,✅,0.9724325903883139
20,12,outrage,congruent,❌,0.40884205558543973
20,12,joy,incongruent,✅,0.05942836187576341
20,12,outrage,incongruent,❌,0.6538092390512045
20,13,traffic,congruent,✅,0.9213577850014316
20,13,snowstorm,congruent,✅,0.9740972354137941
20,13,traffic,incongruent,❌,0.8642528810751002
20,13,snowstorm,incongruent,❌,0.8115462423922126
20,14,laughter,congruent,✅,0.9425848604527177
20,14,frustration,congruent,✅,0.7917430479464928
20,14,laughter,incongruent,✅,0.07603450310778795
20,14,frustration,incongruent,✅,0.3244674271847127
20,15,calculator,congruent,❌,0.2578248915439092
20,15,instrument,congruent,❌,0.09592748415734566
20,15,calculator,incongruent,✅,0.035150044841082785
20,15,instrument,incongruent,✅,0.16363767718436129
20,16,orchestra,congruent,✅,0.8370772724124803
20,16,racers,congruent,✅,0.8526377992312425
20,16,orchestra,incongruent,✅,0.33918810429450386
20,16,racers,incongruent,❌,0.7379586660244533
20,17,retirement,congruent,❌,0.19261557136862617
20,17,playdate,congruent,❌,0.48404915189927944
20,17,retirement,incongruent,✅,0.019404213324381397
20,17,playdate,incongruent,✅,0.06646557259114397
20,18,relieved,congruent,✅,0.7642079557414866
20,18,depressed,congruent,✅,0.8293271101376294
20,18,relieved,incongruent,✅,0.05638108588469518
20,18,depressed,incongruent,❌,0.7019554653767542
20,19,friends,congruent,❌,0.3436851818180694
20,19,weight,congruent,✅,0.8683566034066329
20,19,friends,incongruent,❌,0.83783302777921
20,19,weight,incongruent,✅,0.06306377110487765
20,2,overcoat,congruent,❌,0.4089411286373256
20,2,sandals,congruent,❌,0.11463602435351644
20,2,overcoat,incongruent,✅,0.017163463751842932
20,2,sandals,incongruent,✅,0.03413523244562472
20,20,lipstick,congruent,❌,0.3768296403292905
20,20,song,congruent,✅,0.7156045745403261
20,20,lipstick,incongruent,✅,0.24345086935020877
20,20,song,incongruent,✅,0.20952851163635686
20,21,fought,congruent,✅,0.5062809719856121
20,21,sang,congruent,✅,0.6631726558077403
20,21,fought,incongruent,✅,0.3974940146058315
20,21,sang,incongruent,✅,0.2221987051695671
20,22,skeptical,congruent,❌,0.37259126479582516
20,22,reassured,congruent,❌,0.134762335222275
20,22,skeptical,incongruent,✅,0.10301701621816783
20,22,reassured,incongruent,✅,0.1665785053565565
20,23,graduation,congruent,✅,0.9966973015315373
20,23,operation,congruent,✅,0.9853307104915138
20,23,graduation,incongruent,✅,0.4245030556675202
20,23,operation,incongruent,❌,0.7922442574145563
20,24,bride,congruent,✅,0.5709740334153983
20,24,aftermath,congruent,✅,0.8092931914472535
20,24,bride,incongruent,✅,0.20700377458800812
20,24,aftermath,incongruent,✅,0.16368493129653933
20,25,teacher,congruent,✅,0.5650451228871379
20,25,daughter,congruent,✅,0.9600575602409831
20,25,teacher,incongruent,❌,0.715454683360615
20,25,daughter,incongruent,✅,0.3016144545816211
20,26,roommate,congruent,✅,0.642031010171355
20,26,grandma,congruent,✅,0.8585163838973479
20,26,roommate,incongruent,✅,0.1445039137163596
20,26,grandma,incongruent,✅,0.24391411529841525
20,27,brother,congruent,✅,0.8040953028651062
20,27,mother,congruent,✅,0.8312373393165478
20,27,brother,incongruent,❌,0.7012191785842166
20,27,mother,incongruent,✅,0.23395457451464183
20,28,preschool,congruent,✅,0.5560729107024687
20,28,prison,congruent,❌,0.38508481110059295
20,28,preschool,incongruent,✅,0.05277114352144202
20,28,prison,incongruent,✅,0.017862643667875558
20,29,hopeful,congruent,❌,0.10880506660795608
20,29,hopeless,congruent,✅,0.7083783022320804
20,29,hopeful,incongruent,✅,0.3599131850695638
20,29,hopeless,incongruent,✅,0.031944867998831075
20,3,marathon,congruent,❌,0.2694452659101266
20,3,exam,congruent,❌,0.4292915697141798
20,3,marathon,incongruent,✅,0.034178820441631404
20,3,exam,incongruent,✅,0.0790019840866339
20,30,appalled,congruent,✅,0.7090990417140156
20,30,overjoyed,congruent,❌,0.17464085013362293
20,30,appalled,incongruent,✅,0.09103685354446373
20,30,overjoyed,incongruent,❌,0.6833291322454239
20,31,reprimand,congruent,❌,0.41835750409895256
20,31,encouragement,congruent,✅,0.8745379566647692
20,31,reprimand,incongruent,✅,0.15412285266217973
20,31,encouragement,incongruent,✅,0.10130115392175351
20,32,angrily,congruent,✅,0.5040288459795433
20,32,cordially,congruent,✅,0.5972398723464919
20,32,angrily,incongruent,✅,0.02574253256328927
20,32,cordially,incongruent,✅,0.1340666908653329
20,33,accusatory,congruent,✅,0.912377809187616
20,33,flirtatious,congruent,✅,0.9114092312554961
20,33,accusatory,incongruent,✅,0.342470315479692
20,33,flirtatious,incongruent,✅,0.37470161681610076
20,34,disapprovingly,congruent,✅,0.9805752174551988
20,34,lovingly,congruent,✅,0.9395893441408159
20,34,disapprovingly,incongruent,✅,0.22169231550608676
20,34,lovingly,incongruent,✅,0.1478356209910937
20,35,playful,congruent,❌,0.4714130287555815
20,35,distant,congruent,✅,0.8319239391635622
20,35,playful,incongruent,❌,0.502746678132401
20,35,distant,incongruent,✅,0.4514606657577945
20,36,headphones,congruent,✅,0.7740638022129801
20,36,mangoes,congruent,✅,0.6478164967804344
20,36,headphones,incongruent,✅,0.050176952866573137
20,36,mangoes,incongruent,✅,0.14244535733573457
20,37,playroom,congruent,✅,0.9819809224463875
20,37,park,congruent,✅,0.9634801553296541
20,37,playroom,incongruent,✅,0.032604521568225055
20,37,park,incongruent,✅,0.0370156182927243
20,38,bedroom,congruent,✅,0.8706400939072387
20,38,backyard,congruent,✅,0.9460897834111031
20,38,bedroom,incongruent,✅,0.2073043090165869
20,38,backyard,incongruent,✅,0.00910494022803922
20,39,solemnly,congruent,✅,0.97711602927784
20,39,excitedly,congruent,✅,0.9874182531023369
20,39,solemnly,incongruent,❌,0.976405677738489
20,39,excitedly,incongruent,❌,0.7355180835224039
20,4,menu,congruent,❌,0.43212100080250754
20,4,prescription,congruent,✅,0.7344403185092772
20,4,menu,incongruent,✅,0.3102142890490677
20,4,prescription,incongruent,✅,0.22296748897302443
20,40,car,congruent,❌,0.4633138433672736
20,40,sock,congruent,❌,0.1777641565122176
20,40,car,incongruent,✅,0.20647148562021458
20,40,sock,incongruent,✅,0.08707383708733561
20,41,overdressed,congruent,❌,0.20998876340963235
20,41,naked,congruent,❌,0.050665091980776414
20,41,overdressed,incongruent,✅,0.013026889270343343
20,41,naked,incongruent,✅,0.016933235279350214
20,42,shy,congruent,❌,0.26965251554792613
20,42,lively,congruent,✅,0.9172801580385517
20,42,shy,incongruent,❌,0.6801744927135089
20,42,lively,incongruent,✅,0.12349237152914848
20,43,offended,congruent,✅,0.6718124061548468
20,43,flattered,congruent,✅,0.7482833271538956
20,43,offended,incongruent,✅,0.047230335101359246
20,43,flattered,incongruent,❌,0.5095947480224667
20,44,grandkid,congruent,✅,0.9635097423787102
20,44,cellmate,congruent,❌,0.2721631078609463
20,44,grandkid,incongruent,✅,0.0715468685751499
20,44,cellmate,incongruent,✅,0.1343029245582171
20,45,promoted,congruent,✅,0.9580193964178876
20,45,fired,congruent,✅,0.8699213296481607
20,45,promoted,incongruent,✅,0.2542831165186702
20,45,fired,incongruent,❌,0.9637506343746661
20,46,shooting,congruent,✅,0.7744137401277762
20,46,celebration,congruent,❌,0.2513790870431908
20,46,shooting,incongruent,✅,0.008085798553407162
20,46,celebration,incongruent,✅,0.2847056017447348
20,47,crayon,congruent,✅,0.5220652996478637
20,47,beer,congruent,✅,0.8903665675384081
20,47,crayon,incongruent,✅,0.011579512469099584
20,47,beer,incongruent,✅,0.030590578692854854
20,48,waiter,congruent,✅,0.8414176214032449
20,48,taxi,congruent,❌,0.489969202199434
20,48,waiter,incongruent,✅,0.36359045112975685
20,48,taxi,incongruent,❌,0.602584348466096
20,49,parents,congruent,✅,0.7267010775186863
20,49,keys,congruent,✅,0.909184105705753
20,49,parents,incongruent,❌,0.7166689287111061
20,49,keys,incongruent,✅,0.22506241698588528
20,5,distress,congruent,✅,0.9278705556826008
20,5,tranquility,congruent,✅,0.8847531054690881
20,5,distress,incongruent,✅,0.07055605354944786
20,5,tranquility,incongruent,✅,0.40030776453583866
20,50,sofa,congruent,✅,0.9744198202085557
20,50,sky,congruent,✅,0.9950102729043128
20,50,sofa,incongruent,❌,0.6478929572514194
20,50,sky,incongruent,✅,0.3268265627277087
20,51,obesity,congruent,❌,0.1884088466869773
20,51,homework,congruent,❌,0.3024426989843884
20,51,obesity,incongruent,✅,0.036268355132106106
20,51,homework,incongruent,✅,0.08494961875143946
20,52,quiz,congruent,✅,0.9084531012262121
20,52,commute,congruent,✅,0.986942438889117
20,52,quiz,incongruent,✅,0.07338941963205547
20,52,commute,incongruent,❌,0.748459630658277
20,53,migraine,congruent,✅,0.9979828304954317
20,53,excitement,congruent,❌,0.4878710963978417
20,53,migraine,incongruent,✅,0.027009694405064486
20,53,excitement,incongruent,❌,0.5406486082919865
20,54,niece,congruent,✅,0.8138745034376296
20,54,husband,congruent,✅,0.6716454500420765
20,54,niece,incongruent,✅,0.19037540435294054
20,54,husband,incongruent,❌,0.7664843096396594
20,55,film,congruent,✅,0.6181888026608982
20,55,sunrise,congruent,❌,0.43011390710159497
20,55,film,incongruent,✅,0.25649615534457093
20,55,sunrise,incongruent,✅,0.1999559027196413
20,56,lecture,congruent,✅,0.8488651108914446
20,56,banquet,congruent,✅,0.9107610861797892
20,56,lecture,incongruent,✅,0.1396564804533014
20,56,banquet,incongruent,✅,0.19014547701690526
20,57,drink,congruent,✅,0.9600754656249174
20,57,textbook,congruent,✅,0.9888769954379273
20,57,drink,incongruent,✅,0.04693275174576172
20,57,textbook,incongruent,✅,0.09157132526264272
20,58,pool,congruent,✅,0.8024461522623773
20,58,snow,congruent,❌,0.2608119599597132
20,58,pool,incongruent,✅,0.2344369557475762
20,58,snow,incongruent,✅,0.2658275371512975
20,59,passport,congruent,✅,0.9180015872377457
20,59,plushy,congruent,✅,0.9701704770796159
20,59,passport,incongruent,❌,0.7234638341370997
20,59,plushy,incongruent,❌,0.6535525932546101
20,6,patients,congruent,✅,0.803837235612769
20,6,students,congruent,✅,0.8598873989149726
20,6,patients,incongruent,✅,0.10332093447259628
20,6,students,incongruent,✅,0.29445014096146394
20,60,sister,congruent,✅,0.9141647286093627
20,60,father,congruent,✅,0.7575115211883099
20,60,sister,incongruent,✅,0.3200700278745613
20,60,father,incongruent,✅,0.28075288195797093
20,61,game,congruent,✅,0.7345838522101427
20,61,sunset,congruent,✅,0.9236401156152558
20,61,game,incongruent,✅,0.21301135563213222
20,61,sunset,incongruent,✅,0.330380883499436
20,62,holidays,congruent,✅,0.662665698588425
20,62,funeral,congruent,❌,0.3628026115942207
20,62,holidays,incongruent,✅,0.05387245444262228
20,62,funeral,incongruent,✅,0.2822612028925665
20,63,grades,congruent,✅,0.7797641461116938
20,63,affair,congruent,✅,0.8928408370890155
20,63,grades,incongruent,❌,0.6360028122898971
20,63,affair,incongruent,❌,0.7448802139139596
20,64,arrest,congruent,❌,0.12425065508475432
20,64,stroke,congruent,❌,0.05059240169548384
20,64,arrest,incongruent,✅,0.09633355760777788
20,64,stroke,incongruent,✅,0.03456628893943736
20,65,pacifier,congruent,✅,0.8161952942829525
20,65,coffee,congruent,✅,0.9849688610544002
20,65,pacifier,incongruent,✅,0.09456198422609714
20,65,coffee,incongruent,✅,0.04283542968161793
20,66,sweets,congruent,✅,0.9469537738924003
20,66,sentencing,congruent,✅,0.5766224348872021
20,66,sweets,incongruent,✅,0.1138191262259041
20,66,sentencing,incongruent,✅,0.2699646424518574
20,67,nap,congruent,✅,0.9912666137246915
20,67,selfie,congruent,✅,0.9480646987998057
20,67,nap,incongruent,✅,0.09979091937791872
20,67,selfie,incongruent,✅,0.013525340895602457
20,68,diaper,congruent,✅,0.8560197975241358
20,68,tire,congruent,✅,0.9144281978313011
20,68,diaper,incongruent,✅,0.0018495857023223027
20,68,tire,incongruent,✅,0.04696864463074874
20,69,chemotherapy,congruent,✅,0.5999302320799316
20,69,golf,congruent,✅,0.9811100799807577
20,69,chemotherapy,incongruent,✅,0.005523883954918055
20,69,golf,incongruent,✅,0.02986195549706307
20,7,consensus,congruent,✅,0.5900069070654729
20,7,deadlock,congruent,❌,0.42116098417700626
20,7,consensus,incongruent,✅,0.1447633162642758
20,7,deadlock,incongruent,✅,0.4752939023879669
20,70,thunder,congruent,✅,0.8056964528178642
20,70,lullaby,congruent,❌,0.18770849393010713
20,70,thunder,incongruent,✅,0.013632807666062709
20,70,lullaby,incongruent,✅,0.043991348334228735
20,71,pajamas,congruent,✅,0.9560227745238279
20,71,uniform,congruent,✅,0.8956371149089278
20,71,pajamas,incongruent,❌,0.7375641499806037
20,71,uniform,incongruent,✅,0.07985527325824385
20,72,gown,congruent,✅,0.7443479258134172
20,72,sweats,congruent,✅,0.8006140080096587
20,72,gown,incongruent,✅,0.011155197529054375
20,72,sweats,incongruent,✅,0.07593010996550965
20,73,deadline,congruent,❌,0.43227716627677104
20,73,bed,congruent,✅,0.9894910012530433
20,73,deadline,incongruent,❌,0.7109177060237583
20,73,bed,incongruent,✅,0.12705732986568355
20,74,kindergarten,congruent,✅,0.5208663593747604
20,74,jail,congruent,❌,0.08452834064110054
20,74,kindergarten,incongruent,✅,0.03916095773774386
20,74,jail,incongruent,✅,0.14144671487198865
20,75,interrogated,congruent,✅,0.9661812593314043
20,75,tickled,congruent,✅,0.7223148512795476
20,75,interrogated,incongruent,✅,0.39969836720574864
20,75,tickled,incongruent,✅,0.27011285659492607
20,76,sandcastle,congruent,✅,0.9669283645899327
20,76,snowman,congruent,✅,0.990539858105638
20,76,sandcastle,incongruent,✅,0.22667197000656936
20,76,snowman,incongruent,✅,0.22733806406764698
20,77,music,congruent,✅,0.9071634571912717
20,77,pizza,congruent,✅,0.9190918346525342
20,77,music,incongruent,✅,0.022088418465437937
20,77,pizza,incongruent,✅,0.024353508779091676
20,78,playoffs,congruent,✅,0.8791847213555294
20,78,cartoon,congruent,✅,0.923435243521876
20,78,playoffs,incongruent,✅,0.07262596349716534
20,78,cartoon,incongruent,❌,0.7482426393254605
20,79,alcoholism,congruent,✅,0.7290883827930894
20,79,academics,congruent,✅,0.9873015766470046
20,79,alcoholism,incongruent,❌,0.6516014335267641
20,79,academics,incongruent,✅,0.38610112353749776
20,8,engagement,congruent,✅,0.9456792156786794
20,8,cancer,congruent,✅,0.6375370542862229
20,8,engagement,incongruent,✅,0.08989827251063592
20,8,cancer,incongruent,❌,0.8325731935284407
20,9,terminal,congruent,✅,0.5993563581150999
20,9,classroom,congruent,✅,0.8901625371608843
20,9,terminal,incongruent,✅,0.4831831122783219
20,9,classroom,incongruent,✅,0.4636050560309795
21,0,library,congruent,❌,0.16129380221190906
21,0,refrigerator,congruent,✅,0.7152363019968764
21,0,library,incongruent,✅,0.12815004693110954
21,0,refrigerator,incongruent,✅,0.01800023361214623
21,1,disappointment,congruent,✅,0.9387194316603764
21,1,delight,congruent,✅,0.9670563597424056
21,1,disappointment,incongruent,✅,0.09757878591143529
21,1,delight,incongruent,✅,0.3086373285896026
21,10,cash,congruent,✅,0.7250208508620677
21,10,groceries,congruent,✅,0.500201707594459
21,10,cash,incongruent,✅,0.3860744131863971
21,10,groceries,incongruent,✅,0.24776770770976897
21,11,lonely,congruent,✅,0.8803307300197575
21,11,confident,congruent,✅,0.8037421866010572
21,11,lonely,incongruent,✅,0.3783243318581698
21,11,confident,incongruent,❌,0.5560941549957089
21,12,joy,congruent,✅,0.980965051683407
21,12,outrage,congruent,❌,0.4151083945898476
21,12,joy,incongruent,✅,0.0677127058915394
21,12,outrage,incongruent,❌,0.7080392922336582
21,13,traffic,congruent,✅,0.8950810996499006
21,13,snowstorm,congruent,✅,0.9495724042214784
21,13,traffic,incongruent,❌,0.6958796145406898
21,13,snowstorm,incongruent,❌,0.755737327159285
21,14,laughter,congruent,✅,0.9545433282642692
21,14,frustration,congruent,✅,0.8220312460402439
21,14,laughter,incongruent,✅,0.09365523136581715
21,14,frustration,incongruent,✅,0.4767888166311997
21,15,calculator,congruent,❌,0.2122266900809292
21,15,instrument,congruent,❌,0.1766926659008373
21,15,calculator,incongruent,✅,0.028720194030514724
21,15,instrument,incongruent,✅,0.1882089578269751
21,16,orchestra,congruent,✅,0.7018175322002348
21,16,racers,congruent,✅,0.7686819741249918
21,16,orchestra,incongruent,✅,0.25355617642239237
21,16,racers,incongruent,❌,0.5603540720362972
21,17,retirement,congruent,❌,0.2550500714120145
21,17,playdate,congruent,✅,0.5631399110658654
21,17,retirement,incongruent,✅,0.014081098936517227
21,17,playdate,incongruent,✅,0.11859728585300608
21,18,relieved,congruent,✅,0.9005510665701325
21,18,depressed,congruent,✅,0.837578606937693
21,18,relieved,incongruent,✅,0.13070957624855314
21,18,depressed,incongruent,❌,0.792726580637285
21,19,friends,congruent,❌,0.17911824865241147
21,19,weight,congruent,✅,0.7936698275403932
21,19,friends,incongruent,❌,0.682169591140388
21,19,weight,incongruent,✅,0.039461982579919334
21,2,overcoat,congruent,✅,0.503975252580875
21,2,sandals,congruent,❌,0.18801334205576212
21,2,overcoat,incongruent,✅,0.037407900259456395
21,2,sandals,incongruent,✅,0.10222091014292681
21,20,lipstick,congruent,✅,0.6816553406565283
21,20,song,congruent,✅,0.7964788725414885
21,20,lipstick,incongruent,✅,0.26926018085188075
21,20,song,incongruent,✅,0.34434589866273196
21,21,fought,congruent,✅,0.548214539298019
21,21,sang,congruent,❌,0.42965879692222364
21,21,fought,incongruent,✅,0.1432957073346207
21,21,sang,incongruent,✅,0.12495118432206652
21,22,skeptical,congruent,❌,0.46309904437847216
21,22,reassured,congruent,❌,0.19865140916984667
21,22,skeptical,incongruent,✅,0.13312379505588642
21,22,reassured,incongruent,✅,0.2568893516377019
21,23,graduation,congruent,✅,0.9966631493500235
21,23,operation,congruent,✅,0.9738752326724018
21,23,graduation,incongruent,✅,0.1659996406444962
21,23,operation,incongruent,❌,0.872106615691374
21,24,bride,congruent,✅,0.5638343185067911
21,24,aftermath,congruent,✅,0.6970062257769032
21,24,bride,incongruent,✅,0.16251829992009809
21,24,aftermath,incongruent,✅,0.09325870191141705
21,25,teacher,congruent,✅,0.5718557609702825
21,25,daughter,congruent,✅,0.9531242239648975
21,25,teacher,incongruent,❌,0.5393676268242232
21,25,daughter,incongruent,✅,0.3033936424771568
21,26,roommate,congruent,✅,0.7346501776002983
21,26,grandma,congruent,✅,0.8473383594476727
21,26,roommate,incongruent,✅,0.1860098082900884
21,26,grandma,incongruent,✅,0.22405807984425244
21,27,brother,congruent,✅,0.8468083943221827
21,27,mother,congruent,✅,0.8329172571300616
21,27,brother,incongruent,❌,0.7806355310354341
21,27,mother,incongruent,✅,0.205614679664088
21,28,preschool,congruent,✅,0.6768080076487095
21,28,prison,congruent,❌,0.4519079406449052
21,28,preschool,incongruent,✅,0.0629570771020379
21,28,prison,incongruent,✅,0.047109352060045635
21,29,hopeful,congruent,❌,0.14548735816514194
21,29,hopeless,congruent,✅,0.6596026061905993
21,29,hopeful,incongruent,✅,0.4192050427201376
21,29,hopeless,incongruent,✅,0.08329247116832811
21,3,marathon,congruent,✅,0.6870864159046662
21,3,exam,congruent,✅,0.7840961068042124
21,3,marathon,incongruent,✅,0.10522242778372448
21,3,exam,incongruent,✅,0.1960042074795897
21,30,appalled,congruent,❌,0.4633439127653314
21,30,overjoyed,congruent,❌,0.16274734848808134
21,30,appalled,incongruent,✅,0.11493480414091771
21,30,overjoyed,incongruent,✅,0.381795697709596
21,31,reprimand,congruent,❌,0.41071078066215744
21,31,encouragement,congruent,✅,0.716239911227896
21,31,reprimand,incongruent,✅,0.07350523086333645
21,31,encouragement,incongruent,✅,0.14551492701299504
21,32,angrily,congruent,✅,0.5788711959921448
21,32,cordially,congruent,✅,0.5248851570187778
21,32,angrily,incongruent,✅,0.02022093685212928
21,32,cordially,incongruent,✅,0.15790296784365404
21,33,accusatory,congruent,✅,0.9371478589942162
21,33,flirtatious,congruent,✅,0.9565680762208832
21,33,accusatory,incongruent,✅,0.4230002308492132
21,33,flirtatious,incongruent,✅,0.3056580887253772
21,34,disapprovingly,congruent,✅,0.9735955451206506
21,34,lovingly,congruent,✅,0.9325309614824794
21,34,disapprovingly,incongruent,✅,0.22060306004938593
21,34,lovingly,incongruent,✅,0.19459901085779063
21,35,playful,congruent,✅,0.5137242886599783
21,35,distant,congruent,✅,0.7520412589566814
21,35,playful,incongruent,✅,0.40867667014106673
21,35,distant,incongruent,✅,0.4078582462839736
21,36,headphones,congruent,✅,0.7469401236793272
21,36,mangoes,congruent,❌,0.4905322049849678
21,36,headphones,incongruent,✅,0.04329422238615771
21,36,mangoes,incongruent,✅,0.10404199953516727
21,37,playroom,congruent,✅,0.9755555409895893
21,37,park,congruent,✅,0.980627250879668
21,37,playroom,incongruent,✅,0.03907506693126401
21,37,park,incongruent,✅,0.043351687448737665
21,38,bedroom,congruent,✅,0.9483251557418624
21,38,backyard,congruent,✅,0.942883049561545
21,38,bedroom,incongruent,✅,0.30813191474688384
21,38,backyard,incongruent,✅,0.021527543939312003
21,39,solemnly,congruent,✅,0.794691648506935
21,39,excitedly,congruent,✅,0.8621149835234367
21,39,solemnly,incongruent,❌,0.7830281767543555
21,39,excitedly,incongruent,✅,0.23276440982163452
21,4,menu,congruent,❌,0.4878609007463132
21,4,prescription,congruent,✅,0.846990946939537
21,4,menu,incongruent,✅,0.16863345606766067
21,4,prescription,incongruent,✅,0.17269300366500265
21,40,car,congruent,✅,0.5918617398482333
21,40,sock,congruent,❌,0.3264005716630497
21,40,car,incongruent,✅,0.2786586119171778
21,40,sock,incongruent,✅,0.30935058903019697
21,41,overdressed,congruent,❌,0.4146835719140319
21,41,naked,congruent,❌,0.055198931204242914
21,41,overdressed,incongruent,✅,0.01107788623053375
21,41,naked,incongruent,✅,0.03227528617889986
21,42,shy,congruent,❌,0.37413576461890213
21,42,lively,congruent,✅,0.9286461949075356
21,42,shy,incongruent,❌,0.7640979010620157
21,42,lively,incongruent,✅,0.14440931902701837
21,43,offended,congruent,✅,0.9116159391553993
21,43,flattered,congruent,✅,0.8892973710020031
21,43,offended,incongruent,✅,0.15172226639814596
21,43,flattered,incongruent,❌,0.775981961441063
21,44,grandkid,congruent,✅,0.9641186044976716
21,44,cellmate,congruent,❌,0.40041384950230485
21,44,grandkid,incongruent,✅,0.0696064359281607
21,44,cellmate,incongruent,✅,0.14219890088213347
21,45,promoted,congruent,✅,0.9570023253912199
21,45,fired,congruent,✅,0.7750053047856019
21,45,promoted,incongruent,✅,0.13499308901032533
21,45,fired,incongruent,❌,0.9669833090876787
21,46,shooting,congruent,✅,0.853244548932603
21,46,celebration,congruent,❌,0.22237820817649698
21,46,shooting,incongruent,✅,0.00724991417747191
21,46,celebration,incongruent,✅,0.3908358127334595
21,47,crayon,congruent,❌,0.35338415039944615
21,47,beer,congruent,✅,0.8465006614591455
21,47,crayon,incongruent,✅,0.0077829952119940335
21,47,beer,incongruent,✅,0.007687596237950905
21,48,waiter,congruent,✅,0.8452849892573887
21,48,taxi,congruent,✅,0.6269294523628356
21,48,waiter,incongruent,❌,0.560744840652507
21,48,taxi,incongruent,❌,0.5056608589320627
21,49,parents,congruent,✅,0.6960359833091644
21,49,keys,congruent,✅,0.8987082413637946
21,49,parents,incongruent,❌,0.8003724975187004
21,49,keys,incongruent,✅,0.13758684378900443
21,5,distress,congruent,✅,0.9649872175991128
21,5,tranquility,congruent,✅,0.913400264675087
21,5,distress,incongruent,✅,0.1112642365770779
21,5,tranquility,incongruent,❌,0.5418626399716232
21,50,sofa,congruent,✅,0.9771641655734568
21,50,sky,congruent,✅,0.9888952660077739
21,50,sofa,incongruent,❌,0.5508242681664853
21,50,sky,incongruent,✅,0.3533185588036612
21,51,obesity,congruent,❌,0.2265007552563131
21,51,homework,congruent,❌,0.29689895146906276
21,51,obesity,incongruent,✅,0.024816194974275473
21,51,homework,incongruent,✅,0.09015117924801792
21,52,quiz,congruent,✅,0.859021511238196
21,52,commute,congruent,✅,0.9763114121620903
21,52,quiz,incongruent,✅,0.027262769225515134
21,52,commute,incongruent,✅,0.357618041703498
21,53,migraine,congruent,✅,0.9972558242009018
21,53,excitement,congruent,❌,0.42566181266112973
21,53,migraine,incongruent,✅,0.024371150568857428
21,53,excitement,incongruent,✅,0.4944979497040093
21,54,niece,congruent,✅,0.837347255990878
21,54,husband,congruent,✅,0.6692932301255436
21,54,niece,incongruent,✅,0.21954238788999295
21,54,husband,incongruent,❌,0.7879075871450957
21,55,film,congruent,✅,0.7426544795211055
21,55,sunrise,congruent,✅,0.6461847684865197
21,55,film,incongruent,✅,0.35645074099065216
21,55,sunrise,incongruent,✅,0.42015927668813774
21,56,lecture,congruent,✅,0.8749142879133197
21,56,banquet,congruent,✅,0.9117785235359803
21,56,lecture,incongruent,✅,0.12361158592824045
21,56,banquet,incongruent,✅,0.20839893656573016
21,57,drink,congruent,✅,0.9754511573075587
21,57,textbook,congruent,✅,0.9884350459311498
21,57,drink,incongruent,✅,0.042898953010797145
21,57,textbook,incongruent,✅,0.08342886626902839
21,58,pool,congruent,✅,0.7660240272091862
21,58,snow,congruent,❌,0.2520760942221925
21,58,pool,incongruent,✅,0.18143916566783272
21,58,snow,incongruent,✅,0.21627948086813872
21,59,passport,congruent,✅,0.8919478113016217
21,59,plushy,congruent,✅,0.9596503618717759
21,59,passport,incongruent,❌,0.5311468363236602
21,59,plushy,incongruent,❌,0.5809466146626233
21,6,patients,congruent,✅,0.8798452214114361
21,6,students,congruent,✅,0.8741221248130351
21,6,patients,incongruent,✅,0.1164272030878614
21,6,students,incongruent,✅,0.325727204358101
21,60,sister,congruent,✅,0.9521982756641548
21,60,father,congruent,✅,0.850793364574203
21,60,sister,incongruent,✅,0.4818495369974053
21,60,father,incongruent,✅,0.27040788652752307
21,61,game,congruent,✅,0.8069156603674075
21,61,sunset,congruent,✅,0.9321579967535362
21,61,game,incongruent,✅,0.1849852349852933
21,61,sunset,incongruent,✅,0.4746866824688314
21,62,holidays,congruent,✅,0.6267453493547068
21,62,funeral,congruent,✅,0.5081985805642294
21,62,holidays,incongruent,✅,0.09876042937993942
21,62,funeral,incongruent,✅,0.3398141294707544
21,63,grades,congruent,✅,0.6778559827143661
21,63,affair,congruent,✅,0.810950929198224
21,63,grades,incongruent,✅,0.351390259919798
21,63,affair,incongruent,❌,0.5606411093455737
21,64,arrest,congruent,❌,0.2908841418431253
21,64,stroke,congruent,❌,0.07015644308852197
21,64,arrest,incongruent,✅,0.10134975489532728
21,64,stroke,incongruent,✅,0.11107330611559289
21,65,pacifier,congruent,✅,0.8834230476312794
21,65,coffee,congruent,✅,0.9787274946102478
21,65,pacifier,incongruent,✅,0.07430775355971517
21,65,coffee,incongruent,✅,0.025861965169788188
21,66,sweets,congruent,✅,0.96077153202542
21,66,sentencing,congruent,✅,0.6580301337849771
21,66,sweets,incongruent,✅,0.11176380833033529
21,66,sentencing,incongruent,✅,0.4887002743530557
21,67,nap,congruent,✅,0.9930162288826854
21,67,selfie,congruent,✅,0.8781583938914689
21,67,nap,incongruent,✅,0.07088097822945019
21,67,selfie,incongruent,✅,0.021458262970064826
21,68,diaper,congruent,✅,0.6718669420693558
21,68,tire,congruent,✅,0.9104753879871302
21,68,diaper,incongruent,✅,0.003469069940903858
21,68,tire,incongruent,✅,0.024375044531517058
21,69,chemotherapy,congruent,✅,0.8776460883440422
21,69,golf,congruent,✅,0.9962444238498185
21,69,chemotherapy,incongruent,✅,0.012473431974602885
21,69,golf,incongruent,✅,0.11356691122482745
21,7,consensus,congruent,✅,0.5916641998297337
21,7,deadlock,congruent,❌,0.2753777124632008
21,7,consensus,incongruent,✅,0.11698248168703897
21,7,deadlock,incongruent,✅,0.42599719570972083
21,70,thunder,congruent,✅,0.7913614798339177
21,70,lullaby,congruent,❌,0.3656481405158818
21,70,thunder,incongruent,✅,0.01047662983603526
21,70,lullaby,incongruent,✅,0.05570849169195262
21,71,pajamas,congruent,✅,0.9357859389131343
21,71,uniform,congruent,✅,0.8704794371839965
21,71,pajamas,incongruent,❌,0.544275350784699
21,71,uniform,incongruent,✅,0.06330791405057073
21,72,gown,congruent,✅,0.8318412251972221
21,72,sweats,congruent,✅,0.7652107213176191
21,72,gown,incongruent,✅,0.0083832814308432
21,72,sweats,incongruent,✅,0.07703159740297139
21,73,deadline,congruent,❌,0.14851018659783466
21,73,bed,congruent,✅,0.9889780976764084
21,73,deadline,incongruent,❌,0.6904866312327851
21,73,bed,incongruent,✅,0.04090952116143041
21,74,kindergarten,congruent,✅,0.5377632253390898
21,74,jail,congruent,❌,0.07043415039993439
21,74,kindergarten,incongruent,✅,0.0443875729506441
21,74,jail,incongruent,✅,0.11118954919341666
21,75,interrogated,congruent,✅,0.9687042866986418
21,75,tickled,congruent,✅,0.8825939957536585
21,75,interrogated,incongruent,❌,0.5961445354714935
21,75,tickled,incongruent,✅,0.25047116140892267
21,76,sandcastle,congruent,✅,0.9636965425900244
21,76,snowman,congruent,✅,0.9870967302108469
21,76,sandcastle,incongruent,✅,0.278842629288258
21,76,snowman,incongruent,✅,0.279267710970383
21,77,music,congruent,✅,0.9697909024326182
21,77,pizza,congruent,✅,0.9764668172088784
21,77,music,incongruent,✅,0.06942177836279656
21,77,pizza,incongruent,✅,0.04536626643842755
21,78,playoffs,congruent,✅,0.8286772633859056
21,78,cartoon,congruent,✅,0.9653630132338928
21,78,playoffs,incongruent,✅,0.10484168074469082
21,78,cartoon,incongruent,❌,0.6718216791333348
21,79,alcoholism,congruent,✅,0.7240430758075479
21,79,academics,congruent,✅,0.986139467645125
21,79,alcoholism,incongruent,❌,0.6728833901750274
21,79,academics,incongruent,✅,0.2617416587576091
21,8,engagement,congruent,✅,0.8934997909271167
21,8,cancer,congruent,✅,0.7043621986640413
21,8,engagement,incongruent,✅,0.1085772835732732
21,8,cancer,incongruent,❌,0.7766896655310019
21,9,terminal,congruent,✅,0.7604716969848592
21,9,classroom,congruent,✅,0.932909525150448
21,9,terminal,incongruent,❌,0.6186310449876535
21,9,classroom,incongruent,✅,0.34049970341477864
22,0,library,congruent,❌,0.0764915823966767
22,0,refrigerator,congruent,✅,0.6236172919933093
22,0,library,incongruent,✅,0.11679159903208343
22,0,refrigerator,incongruent,✅,0.010114047471355424
22,1,disappointment,congruent,✅,0.8964780387268976
22,1,delight,congruent,✅,0.9488996600546706
22,1,disappointment,incongruent,✅,0.10407096562116605
22,1,delight,incongruent,✅,0.16901453823131568
22,10,cash,congruent,✅,0.5703648406103473
22,10,groceries,congruent,❌,0.42701630166479465
22,10,cash,incongruent,✅,0.34611083025044287
22,10,groceries,incongruent,✅,0.23329952098705892
22,11,lonely,congruent,✅,0.8692349275151204
22,11,confident,congruent,✅,0.7798426583780659
22,11,lonely,incongruent,✅,0.36592042864034574
22,11,confident,incongruent,❌,0.5884410516685589
22,12,joy,congruent,✅,0.9641542159772698
22,12,outrage,congruent,❌,0.466554321006767
22,12,joy,incongruent,✅,0.08959426752316006
22,12,outrage,incongruent,❌,0.6519366769875081
22,13,traffic,congruent,✅,0.8736566605790969
22,13,snowstorm,congruent,✅,0.9076557658853384
22,13,traffic,incongruent,❌,0.6080322565497633
22,13,snowstorm,incongruent,❌,0.7197298830661982
22,14,laughter,congruent,✅,0.9820237427072165
22,14,frustration,congruent,✅,0.885561622754791
22,14,laughter,incongruent,✅,0.14936257851776544
22,14,frustration,incongruent,❌,0.7188900056835278
22,15,calculator,congruent,❌,0.18333674662269797
22,15,instrument,congruent,❌,0.0629098708866759
22,15,calculator,incongruent,✅,0.010661299637188091
22,15,instrument,incongruent,✅,0.1380486713777381
22,16,orchestra,congruent,✅,0.6987101605321667
22,16,racers,congruent,✅,0.7367109299417761
22,16,orchestra,incongruent,✅,0.2202994984817601
22,16,racers,incongruent,❌,0.6574060254320853
22,17,retirement,congruent,❌,0.18732339502214138
22,17,playdate,congruent,✅,0.6284164843635172
22,17,retirement,incongruent,✅,0.03100715128805021
22,17,playdate,incongruent,✅,0.07065177562777622
22,18,relieved,congruent,✅,0.9835931490335925
22,18,depressed,congruent,✅,0.875179465062287
22,18,relieved,incongruent,✅,0.20119253353504352
22,18,depressed,incongruent,❌,0.9566188877015233
22,19,friends,congruent,❌,0.13966850510514553
22,19,weight,congruent,✅,0.8336538933347659
22,19,friends,incongruent,❌,0.7464367593312867
22,19,weight,incongruent,✅,0.030034170031207154
22,2,overcoat,congruent,✅,0.5403468138305447
22,2,sandals,congruent,❌,0.14265667549930916
22,2,overcoat,incongruent,✅,0.024203426608945363
22,2,sandals,incongruent,✅,0.11023644713403444
22,20,lipstick,congruent,✅,0.8757883925844971
22,20,song,congruent,✅,0.8771887906472096
22,20,lipstick,incongruent,❌,0.5320720182138026
22,20,song,incongruent,❌,0.6264544187186983
22,21,fought,congruent,❌,0.22796375880932207
22,21,sang,congruent,❌,0.3156392057449971
22,21,fought,incongruent,✅,0.1197265116679716
22,21,sang,incongruent,✅,0.07450894661588209
22,22,skeptical,congruent,❌,0.4049424533757358
22,22,reassured,congruent,❌,0.3566353837178189
22,22,skeptical,incongruent,✅,0.19735139660162482
22,22,reassured,incongruent,✅,0.2186475191565069
22,23,graduation,congruent,✅,0.9987770004659402
22,23,operation,congruent,✅,0.9794478472998912
22,23,graduation,incongruent,✅,0.3233294853898708
22,23,operation,incongruent,❌,0.9539957113000805
22,24,bride,congruent,✅,0.658726234697038
22,24,aftermath,congruent,✅,0.7993259984131263
22,24,bride,incongruent,✅,0.4043477762308826
22,24,aftermath,incongruent,✅,0.11041559831532351
22,25,teacher,congruent,✅,0.5155674880479713
22,25,daughter,congruent,✅,0.9402931242193676
22,25,teacher,incongruent,✅,0.477712792223268
22,25,daughter,incongruent,✅,0.267252719658871
22,26,roommate,congruent,✅,0.6796050765746027
22,26,grandma,congruent,✅,0.8414973027902005
22,26,roommate,incongruent,✅,0.1336243789376112
22,26,grandma,incongruent,✅,0.269684510239617
22,27,brother,congruent,✅,0.8101462644383169
22,27,mother,congruent,✅,0.833697462522516
22,27,brother,incongruent,❌,0.798830439761505
22,27,mother,incongruent,✅,0.15370385896235925
22,28,preschool,congruent,✅,0.8136626826797746
22,28,prison,congruent,❌,0.4264624288879233
22,28,preschool,incongruent,✅,0.10455830216961931
22,28,prison,incongruent,✅,0.09571162279637756
22,29,hopeful,congruent,❌,0.103066839620534
22,29,hopeless,congruent,✅,0.7290891411426471
22,29,hopeful,incongruent,✅,0.42572042590687936
22,29,hopeless,incongruent,✅,0.06279646219977147
22,3,marathon,congruent,✅,0.8628053845605844
22,3,exam,congruent,✅,0.8294220565766411
22,3,marathon,incongruent,✅,0.16607697462637155
22,3,exam,incongruent,✅,0.3535806140275603
22,30,appalled,congruent,✅,0.7617919501842916
22,30,overjoyed,congruent,❌,0.22900021910989757
22,30,appalled,incongruent,✅,0.1878528150755913
22,30,overjoyed,incongruent,❌,0.6471867821708158
22,31,reprimand,congruent,❌,0.305482046380378
22,31,encouragement,congruent,✅,0.610742001537971
22,31,reprimand,incongruent,✅,0.04252651593298649
22,31,encouragement,incongruent,✅,0.08994645038178165
22,32,angrily,congruent,✅,0.7065459242256785
22,32,cordially,congruent,✅,0.7571854360178847
22,32,angrily,incongruent,✅,0.07339810997667827
22,32,cordially,incongruent,✅,0.28327608459563547
22,33,accusatory,congruent,✅,0.9626571844687518
22,33,flirtatious,congruent,✅,0.9534554748971374
22,33,accusatory,incongruent,❌,0.5106524675429976
22,33,flirtatious,incongruent,✅,0.3464623603054062
22,34,disapprovingly,congruent,✅,0.9587635892372023
22,34,lovingly,congruent,✅,0.8447283292015835
22,34,disapprovingly,incongruent,✅,0.15711480246776655
22,34,lovingly,incongruent,✅,0.1580970837507486
22,35,playful,congruent,❌,0.29892376361533984
22,35,distant,congruent,✅,0.6123022772211478
22,35,playful,incongruent,✅,0.23123944838416238
22,35,distant,incongruent,✅,0.333970025977328
22,36,headphones,congruent,✅,0.7455489469561261
22,36,mangoes,congruent,❌,0.39768194098547266
22,36,headphones,incongruent,✅,0.07027592513286643
22,36,mangoes,incongruent,✅,0.08512995105258492
22,37,playroom,congruent,✅,0.9851477505931677
22,37,park,congruent,✅,0.9847827178726385
22,37,playroom,incongruent,✅,0.05415238517428367
22,37,park,incongruent,✅,0.07947537628735468
22,38,bedroom,congruent,✅,0.9572541639425443
22,38,backyard,congruent,✅,0.9390913468868007
22,38,bedroom,incongruent,✅,0.29530621326339174
22,38,backyard,incongruent,✅,0.040701653865620226
22,39,solemnly,congruent,✅,0.8354840677101242
22,39,excitedly,congruent,✅,0.8397377865777144
22,39,solemnly,incongruent,❌,0.8008984253063292
22,39,excitedly,incongruent,✅,0.2776824242942971
22,4,menu,congruent,❌,0.27911511463078265
22,4,prescription,congruent,✅,0.736281792598581
22,4,menu,incongruent,✅,0.11828235095208743
22,4,prescription,incongruent,✅,0.08534326317282721
22,40,car,congruent,✅,0.7152376380859983
22,40,sock,congruent,❌,0.49004536598001935
22,40,car,incongruent,✅,0.4185700593045172
22,40,sock,incongruent,❌,0.5903657747732381
22,41,overdressed,congruent,❌,0.4573528396979508
22,41,naked,congruent,❌,0.03718543399277963
22,41,overdressed,incongruent,✅,0.008562319812139271
22,41,naked,incongruent,✅,0.030729115442565527
22,42,shy,congruent,❌,0.25504006237966487
22,42,lively,congruent,✅,0.7714849976695706
22,42,shy,incongruent,❌,0.5004594781890396
22,42,lively,incongruent,✅,0.1021851993734256
22,43,offended,congruent,✅,0.8998139183586541
22,43,flattered,congruent,✅,0.9197261869220027
22,43,offended,incongruent,✅,0.3102534743937878
22,43,flattered,incongruent,❌,0.771073973578197
22,44,grandkid,congruent,✅,0.9776389128272794
22,44,cellmate,congruent,❌,0.4647345986788973
22,44,grandkid,incongruent,✅,0.11602691614547794
22,44,cellmate,incongruent,✅,0.12222890397068857
22,45,promoted,congruent,✅,0.9199639614766495
22,45,fired,congruent,✅,0.8161386483197682
22,45,promoted,incongruent,✅,0.14612271150608336
22,45,fired,incongruent,❌,0.9498115122553357
22,46,shooting,congruent,✅,0.850079578886309
22,46,celebration,congruent,❌,0.31838489323966046
22,46,shooting,incongruent,✅,0.013722211757537775
22,46,celebration,incongruent,✅,0.47277484370047473
22,47,crayon,congruent,❌,0.2278524748583435
22,47,beer,congruent,✅,0.8532208493307515
22,47,crayon,incongruent,✅,0.00845236990172065
22,47,beer,incongruent,✅,0.004647177880881535
22,48,waiter,congruent,✅,0.8173829898087646
22,48,taxi,congruent,✅,0.5616533575173136
22,48,waiter,incongruent,❌,0.5898291546021439
22,48,taxi,incongruent,✅,0.4411884975580258
22,49,parents,congruent,✅,0.5791139281885758
22,49,keys,congruent,✅,0.908306271664002
22,49,parents,incongruent,❌,0.8105047668301417
22,49,keys,incongruent,✅,0.09423743087146978
22,5,distress,congruent,✅,0.9354863753531154
22,5,tranquility,congruent,✅,0.8692779580164932
22,5,distress,incongruent,✅,0.1050183304225245
22,5,tranquility,incongruent,✅,0.4379660438983297
22,50,sofa,congruent,✅,0.9545472995606817
22,50,sky,congruent,✅,0.9803784212514745
22,50,sofa,incongruent,❌,0.5067650600273433
22,50,sky,incongruent,✅,0.3500733874388242
22,51,obesity,congruent,❌,0.18251367782446865
22,51,homework,congruent,❌,0.31790712583871833
22,51,obesity,incongruent,✅,0.03354567286117313
22,51,homework,incongruent,✅,0.06636712771418272
22,52,quiz,congruent,✅,0.8423923753992204
22,52,commute,congruent,✅,0.9522086407422352
22,52,quiz,incongruent,✅,0.025057852638540695
22,52,commute,incongruent,✅,0.3699260596356796
22,53,migraine,congruent,✅,0.995289109988362
22,53,excitement,congruent,❌,0.3763922833565278
22,53,migraine,incongruent,✅,0.029225280503927118
22,53,excitement,incongruent,✅,0.3724111995162469
22,54,niece,congruent,✅,0.8610149482322108
22,54,husband,congruent,✅,0.788368332967396
22,54,niece,incongruent,✅,0.2839648411388812
22,54,husband,incongruent,❌,0.8228062787627106
22,55,film,congruent,✅,0.7294457761997397
22,55,sunrise,congruent,❌,0.40638636047829846
22,55,film,incongruent,✅,0.23720904404357185
22,55,sunrise,incongruent,✅,0.3237884624178998
22,56,lecture,congruent,✅,0.7681055258340674
22,56,banquet,congruent,✅,0.7191319151218939
22,56,lecture,incongruent,✅,0.03611849734538483
22,56,banquet,incongruent,✅,0.12988504278124025
22,57,drink,congruent,✅,0.9608049772183522
22,57,textbook,congruent,✅,0.9814370187666714
22,57,drink,incongruent,✅,0.049067365597282205
22,57,textbook,incongruent,✅,0.13966745833991812
22,58,pool,congruent,✅,0.6851962725817007
22,58,snow,congruent,❌,0.20126763815557844
22,58,pool,incongruent,✅,0.16127804845634428
22,58,snow,incongruent,✅,0.2078507866071498
22,59,passport,congruent,✅,0.9088316769942649
22,59,plushy,congruent,✅,0.9169788296694033
22,59,passport,incongruent,✅,0.4389043292325651
22,59,plushy,incongruent,❌,0.6785335942020578
22,6,patients,congruent,✅,0.947076144893898
22,6,students,congruent,✅,0.9359044565275558
22,6,patients,incongruent,✅,0.28307385488071674
22,6,students,incongruent,❌,0.6169034534424913
22,60,sister,congruent,✅,0.9748985381402151
22,60,father,congruent,✅,0.9462648119294492
22,60,sister,incongruent,❌,0.6874337528590505
22,60,father,incongruent,✅,0.4797305627897517
22,61,game,congruent,✅,0.7668302768253535
22,61,sunset,congruent,✅,0.8580947428393556
22,61,game,incongruent,✅,0.10357355246446828
22,61,sunset,incongruent,✅,0.39924588386975024
22,62,holidays,congruent,❌,0.45156344571293006
22,62,funeral,congruent,✅,0.5375243968992801
22,62,holidays,incongruent,✅,0.08913400126947661
22,62,funeral,incongruent,✅,0.2454209643048688
22,63,grades,congruent,✅,0.8130988153652519
22,63,affair,congruent,✅,0.8878710278255477
22,63,grades,incongruent,❌,0.5547139663012421
22,63,affair,incongruent,❌,0.6002908408063949
22,64,arrest,congruent,❌,0.15570910473846647
22,64,stroke,congruent,❌,0.0462068875279051
22,64,arrest,incongruent,✅,0.0549108160030437
22,64,stroke,incongruent,✅,0.046567247833742366
22,65,pacifier,congruent,✅,0.7797725540910694
22,65,coffee,congruent,✅,0.9733624811439274
22,65,pacifier,incongruent,✅,0.07958348463017773
22,65,coffee,incongruent,✅,0.029780650489713546
22,66,sweets,congruent,✅,0.9012932392108977
22,66,sentencing,congruent,✅,0.5898291075921259
22,66,sweets,incongruent,✅,0.09160307194729711
22,66,sentencing,incongruent,✅,0.3670930446866607
22,67,nap,congruent,✅,0.9885533110762773
22,67,selfie,congruent,✅,0.8609906027404196
22,67,nap,incongruent,✅,0.07623363806202765
22,67,selfie,incongruent,✅,0.013624725388687446
22,68,diaper,congruent,✅,0.8880231462101954
22,68,tire,congruent,✅,0.925553094124656
22,68,diaper,incongruent,✅,0.008300802725620268
22,68,tire,incongruent,✅,0.05658653319152342
22,69,chemotherapy,congruent,✅,0.7463968780806307
22,69,golf,congruent,✅,0.9934763642661192
22,69,chemotherapy,incongruent,✅,0.010948734642118646
22,69,golf,incongruent,✅,0.04345348680706332
22,7,consensus,congruent,✅,0.5371928455794434
22,7,deadlock,congruent,❌,0.3229600623248377
22,7,consensus,incongruent,✅,0.14498110193934274
22,7,deadlock,incongruent,✅,0.4121623736638738
22,70,thunder,congruent,✅,0.7079638513130323
22,70,lullaby,congruent,❌,0.2157179137120169
22,70,thunder,incongruent,✅,0.010743817108887777
22,70,lullaby,incongruent,✅,0.06147162301490015
22,71,pajamas,congruent,✅,0.9409025776195066
22,71,uniform,congruent,✅,0.9004610729396492
22,71,pajamas,incongruent,❌,0.6745051145672958
22,71,uniform,incongruent,✅,0.0686420267995289
22,72,gown,congruent,✅,0.8022257380506164
22,72,sweats,congruent,✅,0.8024151970876942
22,72,gown,incongruent,✅,0.015964386285605335
22,72,sweats,incongruent,✅,0.08855738792429599
22,73,deadline,congruent,❌,0.24247582650948551
22,73,bed,congruent,✅,0.9144770597777327
22,73,deadline,incongruent,✅,0.3816181298605675
22,73,bed,incongruent,✅,0.07209584075030577
22,74,kindergarten,congruent,✅,0.6696228871826823
22,74,jail,congruent,❌,0.1995339399277967
22,74,kindergarten,incongruent,✅,0.11034955843585778
22,74,jail,incongruent,✅,0.16310223095578186
22,75,interrogated,congruent,✅,0.932617418510634
22,75,tickled,congruent,✅,0.8259059186242353
22,75,interrogated,incongruent,✅,0.48245958805609407
22,75,tickled,incongruent,✅,0.16740218328352865
22,76,sandcastle,congruent,✅,0.9799902503764095
22,76,snowman,congruent,✅,0.990854397197507
22,76,sandcastle,incongruent,✅,0.44128906197437906
22,76,snowman,incongruent,✅,0.35175287575585557
22,77,music,congruent,✅,0.9217818275160622
22,77,pizza,congruent,✅,0.9330295924343798
22,77,music,incongruent,✅,0.06559394471186474
22,77,pizza,incongruent,✅,0.027225140588997967
22,78,playoffs,congruent,✅,0.8442908863762917
22,78,cartoon,congruent,✅,0.9811613644111588
22,78,playoffs,incongruent,✅,0.0897608607925037
22,78,cartoon,incongruent,❌,0.7323872137820777
22,79,alcoholism,congruent,✅,0.8265482685151244
22,79,academics,congruent,✅,0.9828712918020264
22,79,alcoholism,incongruent,❌,0.6876433324623843
22,79,academics,incongruent,✅,0.48600915255090565
22,8,engagement,congruent,✅,0.9009011186784176
22,8,cancer,congruent,✅,0.6416105997240165
22,8,engagement,incongruent,✅,0.09483115965026928
22,8,cancer,incongruent,❌,0.7671791023331427
22,9,terminal,congruent,✅,0.8323224084110498
22,9,classroom,congruent,✅,0.9663466932864543
22,9,terminal,incongruent,❌,0.6657147132698032
22,9,classroom,incongruent,❌,0.6232556130599148
23,0,library,congruent,❌,0.20011901032022558
23,0,refrigerator,congruent,✅,0.6771159308872678
23,0,library,incongruent,✅,0.16811160580124931
23,0,refrigerator,incongruent,✅,0.03110616921919635
23,1,disappointment,congruent,✅,0.9498141114131762
23,1,delight,congruent,✅,0.967877783516507
23,1,disappointment,incongruent,✅,0.216057865876168
23,1,delight,incongruent,✅,0.43496188829458327
23,10,cash,congruent,✅,0.7191663698410109
23,10,groceries,congruent,✅,0.6835987003556235
23,10,cash,incongruent,❌,0.5710689926604258
23,10,groceries,incongruent,✅,0.40533639002945093
23,11,lonely,congruent,✅,0.8401699503872222
23,11,confident,congruent,✅,0.826635000058883
23,11,lonely,incongruent,✅,0.36408265989192057
23,11,confident,incongruent,❌,0.5648853410907154
23,12,joy,congruent,✅,0.9223261247293472
23,12,outrage,congruent,❌,0.19817502522360914
23,12,joy,incongruent,✅,0.029464735618967963
23,12,outrage,incongruent,✅,0.480247865535901
23,13,traffic,congruent,✅,0.8423111467233956
23,13,snowstorm,congruent,✅,0.9458278830777167
23,13,traffic,incongruent,❌,0.7967908896779614
23,13,snowstorm,incongruent,❌,0.5552170240269997
23,14,laughter,congruent,✅,0.9751475572459427
23,14,frustration,congruent,✅,0.8893833111934721
23,14,laughter,incongruent,✅,0.16533078291416883
23,14,frustration,incongruent,❌,0.7817630682078829
23,15,calculator,congruent,❌,0.07368860823250208
23,15,instrument,congruent,❌,0.021160935639639448
23,15,calculator,incongruent,✅,0.0026980738000218327
23,15,instrument,incongruent,✅,0.040426305627958285
23,16,orchestra,congruent,✅,0.5735610029007885
23,16,racers,congruent,✅,0.7223677769780166
23,16,orchestra,incongruent,✅,0.188847178292194
23,16,racers,incongruent,❌,0.5806076038477971
23,17,retirement,congruent,❌,0.2545668700553612
23,17,playdate,congruent,✅,0.5939095715974635
23,17,retirement,incongruent,✅,0.02518489767234631
23,17,playdate,incongruent,✅,0.09310083667577725
23,18,relieved,congruent,✅,0.9430354241476727
23,18,depressed,congruent,✅,0.8889443999199558
23,18,relieved,incongruent,✅,0.2134581501873527
23,18,depressed,incongruent,❌,0.9271728421782446
23,19,friends,congruent,❌,0.11332214525704767
23,19,weight,congruent,✅,0.7372565355282578
23,19,friends,incongruent,❌,0.6745944691864725
23,19,weight,incongruent,✅,0.020883427569473548
23,2,overcoat,congruent,❌,0.48459787731337617
23,2,sandals,congruent,❌,0.18326251513345507
23,2,overcoat,incongruent,✅,0.031977554651765515
23,2,sandals,incongruent,✅,0.10672565742012255
23,20,lipstick,congruent,✅,0.9068750807176722
23,20,song,congruent,✅,0.8420649381138117
23,20,lipstick,incongruent,✅,0.4535175340493104
23,20,song,incongruent,❌,0.723558124666955
23,21,fought,congruent,❌,0.1110214603735116
23,21,sang,congruent,❌,0.08049697018981479
23,21,fought,incongruent,✅,0.0324746334355421
23,21,sang,incongruent,✅,0.023611986347339835
23,22,skeptical,congruent,❌,0.2657052672104461
23,22,reassured,congruent,✅,0.5161055513190993
23,22,skeptical,incongruent,✅,0.3172584640201078
23,22,reassured,incongruent,✅,0.1187723234694185
23,23,graduation,congruent,✅,0.9976196206498662
23,23,operation,congruent,✅,0.9387766497909783
23,23,graduation,incongruent,✅,0.25286367541501664
23,23,operation,incongruent,❌,0.8503259096063546
23,24,bride,congruent,✅,0.6427843345322423
23,24,aftermath,congruent,❌,0.4871450542281788
23,24,bride,incongruent,✅,0.17501939699649668
23,24,aftermath,incongruent,✅,0.07904892589690227
23,25,teacher,congruent,✅,0.6967250291098558
23,25,daughter,congruent,✅,0.9686988930495806
23,25,teacher,incongruent,❌,0.7202285622268391
23,25,daughter,incongruent,✅,0.44486824767535577
23,26,roommate,congruent,❌,0.4635288382980189
23,26,grandma,congruent,✅,0.7618320308735644
23,26,roommate,incongruent,✅,0.11806199150389407
23,26,grandma,incongruent,✅,0.22131476467710842
23,27,brother,congruent,✅,0.9042286606766761
23,27,mother,congruent,✅,0.9038014647159521
23,27,brother,incongruent,❌,0.88217545571998
23,27,mother,incongruent,✅,0.35064878821118584
23,28,preschool,congruent,✅,0.7503459811889391
23,28,prison,congruent,✅,0.5102628610851071
23,28,preschool,incongruent,✅,0.17613167593872422
23,28,prison,incongruent,✅,0.05488660277161374
23,29,hopeful,congruent,❌,0.10034149661266661
23,29,hopeless,congruent,✅,0.7979645618160484
23,29,hopeful,incongruent,❌,0.6710326328366814
23,29,hopeless,incongruent,✅,0.04560017547593067
23,3,marathon,congruent,✅,0.9773255352668951
23,3,exam,congruent,✅,0.9628303532430601
23,3,marathon,incongruent,❌,0.5753994153522719
23,3,exam,incongruent,❌,0.8148970960108427
23,30,appalled,congruent,✅,0.7288789993129215
23,30,overjoyed,congruent,❌,0.18251549099296874
23,30,appalled,incongruent,✅,0.1717614052885751
23,30,overjoyed,incongruent,❌,0.6047619313609931
23,31,reprimand,congruent,❌,0.2899604682506527
23,31,encouragement,congruent,✅,0.5439706210160539
23,31,reprimand,incongruent,✅,0.133630069236655
23,31,encouragement,incongruent,✅,0.04571156177092001
23,32,angrily,congruent,❌,0.3429352271589236
23,32,cordially,congruent,❌,0.44793972033151275
23,32,angrily,incongruent,✅,0.02799603915782714
23,32,cordially,incongruent,✅,0.11319398263425201
23,33,accusatory,congruent,✅,0.9745538108443811
23,33,flirtatious,congruent,✅,0.9461056700259249
23,33,accusatory,incongruent,❌,0.5232628286639976
23,33,flirtatious,incongruent,✅,0.4468890582108054
23,34,disapprovingly,congruent,✅,0.9550249893674817
23,34,lovingly,congruent,✅,0.8965080103983104
23,34,disapprovingly,incongruent,✅,0.3703408619268219
23,34,lovingly,incongruent,✅,0.20645015050757082
23,35,playful,congruent,❌,0.48298494462746816
23,35,distant,congruent,✅,0.9360784559690251
23,35,playful,incongruent,❌,0.6440198319939523
23,35,distant,incongruent,❌,0.5173423992274726
23,36,headphones,congruent,✅,0.8889980092049031
23,36,mangoes,congruent,✅,0.6086982440940027
23,36,headphones,incongruent,✅,0.16606388027559046
23,36,mangoes,incongruent,✅,0.15179304193666748
23,37,playroom,congruent,✅,0.9786661839172186
23,37,park,congruent,✅,0.9762821094663309
23,37,playroom,incongruent,✅,0.07332945045420654
23,37,park,incongruent,✅,0.06830271728151498
23,38,bedroom,congruent,✅,0.9499767891020852
23,38,backyard,congruent,✅,0.8478632066819602
23,38,bedroom,incongruent,✅,0.10645267133363079
23,38,backyard,incongruent,✅,0.03635359163529192
23,39,solemnly,congruent,✅,0.912176933836221
23,39,excitedly,congruent,✅,0.9630082984602067
23,39,solemnly,incongruent,❌,0.9097672757939708
23,39,excitedly,incongruent,❌,0.6055047784066026
23,4,menu,congruent,❌,0.38637910085045973
23,4,prescription,congruent,✅,0.6930444267095563
23,4,menu,incongruent,✅,0.10095837446307929
23,4,prescription,incongruent,✅,0.08812722030822413
23,40,car,congruent,✅,0.6879083651362601
23,40,sock,congruent,✅,0.6473724951056162
23,40,car,incongruent,❌,0.7185317816796922
23,40,sock,incongruent,❌,0.5695731898354716
23,41,overdressed,congruent,❌,0.47519311603430514
23,41,naked,congruent,❌,0.07663563932358533
23,41,overdressed,incongruent,✅,0.012419301094916114
23,41,naked,incongruent,✅,0.026801744328442668
23,42,shy,congruent,❌,0.27570428673231956
23,42,lively,congruent,✅,0.8808400258358701
23,42,shy,incongruent,❌,0.7193605616944987
23,42,lively,incongruent,✅,0.09136982739429894
23,43,offended,congruent,✅,0.903427758602797
23,43,flattered,congruent,✅,0.9582890803518566
23,43,offended,incongruent,❌,0.5397538546020562
23,43,flattered,incongruent,❌,0.8797077163163578
23,44,grandkid,congruent,✅,0.9410180167187697
23,44,cellmate,congruent,❌,0.36909735797932114
23,44,grandkid,incongruent,✅,0.09688851077975598
23,44,cellmate,incongruent,✅,0.09464843299448283
23,45,promoted,congruent,✅,0.9394741583593137
23,45,fired,congruent,✅,0.8738142282592858
23,45,promoted,incongruent,✅,0.2223766715715881
23,45,fired,incongruent,❌,0.9343100518428682
23,46,shooting,congruent,✅,0.9183271655613945
23,46,celebration,congruent,✅,0.6489015563289863
23,46,shooting,incongruent,✅,0.03001539448048287
23,46,celebration,incongruent,❌,0.695515530531218
23,47,crayon,congruent,❌,0.2417729283589182
23,47,beer,congruent,✅,0.8962555905364549
23,47,crayon,incongruent,✅,0.010258706613308952
23,47,beer,incongruent,✅,0.005100240878114045
23,48,waiter,congruent,✅,0.8406462962040117
23,48,taxi,congruent,✅,0.5470587169441369
23,48,waiter,incongruent,❌,0.5577162004031266
23,48,taxi,incongruent,✅,0.4205783722304328
23,49,parents,congruent,✅,0.7123239553324558
23,49,keys,congruent,✅,0.8915763953724387
23,49,parents,incongruent,❌,0.7804860881252136
23,49,keys,incongruent,✅,0.39378900854812326
23,5,distress,congruent,✅,0.9384304978217274
23,5,tranquility,congruent,✅,0.9265073790269659
23,5,distress,incongruent,✅,0.1953325942232505
23,5,tranquility,incongruent,✅,0.4460861720544597
23,50,sofa,congruent,✅,0.9784322045251146
23,50,sky,congruent,✅,0.9890204411464549
23,50,sofa,incongruent,❌,0.6142359171745947
23,50,sky,incongruent,✅,0.47823712028927734
23,51,obesity,congruent,❌,0.24370354716004067
23,51,homework,congruent,❌,0.3394226344224537
23,51,obesity,incongruent,✅,0.03301178459494504
23,51,homework,incongruent,✅,0.14051650406832997
23,52,quiz,congruent,✅,0.91496351710104
23,52,commute,congruent,✅,0.9399057069279114
23,52,quiz,incongruent,✅,0.0337464459235065
23,52,commute,incongruent,✅,0.22842841063640504
23,53,migraine,congruent,✅,0.9938615349185166
23,53,excitement,congruent,❌,0.280860275257483
23,53,migraine,incongruent,✅,0.01908743138920141
23,53,excitement,incongruent,✅,0.3710370717072902
23,54,niece,congruent,✅,0.8576080388515949
23,54,husband,congruent,✅,0.8514617478924412
23,54,niece,incongruent,✅,0.38089155828429966
23,54,husband,incongruent,❌,0.8598397648981234
23,55,film,congruent,✅,0.5982976782288738
23,55,sunrise,congruent,❌,0.2814684328477906
23,55,film,incongruent,✅,0.12893353472448477
23,55,sunrise,incongruent,✅,0.25335806021011037
23,56,lecture,congruent,✅,0.6269739949060693
23,56,banquet,congruent,✅,0.5010343874183865
23,56,lecture,incongruent,✅,0.013814729184684228
23,56,banquet,incongruent,✅,0.092649346499668
23,57,drink,congruent,✅,0.9747065720261913
23,57,textbook,congruent,✅,0.9732371177331293
23,57,drink,incongruent,✅,0.05131956973833459
23,57,textbook,incongruent,✅,0.13254429484820737
23,58,pool,congruent,✅,0.6282408088639767
23,58,snow,congruent,❌,0.1496404581725927
23,58,pool,incongruent,✅,0.10059769828366519
23,58,snow,incongruent,✅,0.22627865426160212
23,59,passport,congruent,✅,0.9018687587401184
23,59,plushy,congruent,✅,0.873798717212075
23,59,passport,incongruent,✅,0.2937164358869962
23,59,plushy,incongruent,✅,0.46658861767620985
23,6,patients,congruent,✅,0.8914075774826596
23,6,students,congruent,✅,0.8743662624983651
23,6,patients,incongruent,✅,0.168546097262637
23,6,students,incongruent,✅,0.35935047058027786
23,60,sister,congruent,✅,0.8357979439264028
23,60,father,congruent,✅,0.6244027722620006
23,60,sister,incongruent,✅,0.28162516782035385
23,60,father,incongruent,✅,0.20892963053897626
23,61,game,congruent,✅,0.6788845175247434
23,61,sunset,congruent,✅,0.8854178389974362
23,61,game,incongruent,✅,0.08479851517586742
23,61,sunset,incongruent,✅,0.2484161869513499
23,62,holidays,congruent,❌,0.38043366821757046
23,62,funeral,congruent,✅,0.6059973069699257
23,62,holidays,incongruent,✅,0.1539066463138558
23,62,funeral,incongruent,✅,0.21017391298289057
23,63,grades,congruent,✅,0.6942480240804857
23,63,affair,congruent,✅,0.8475005952166708
23,63,grades,incongruent,✅,0.363672279306227
23,63,affair,incongruent,✅,0.442314978102191
23,64,arrest,congruent,❌,0.0630270505911031
23,64,stroke,congruent,❌,0.02204391870351351
23,64,arrest,incongruent,✅,0.033992294897172454
23,64,stroke,incongruent,✅,0.008198903173500909
23,65,pacifier,congruent,✅,0.5967153833095187
23,65,coffee,congruent,✅,0.9618366249272062
23,65,pacifier,incongruent,✅,0.09085247093015023
23,65,coffee,incongruent,✅,0.021664988970512878
23,66,sweets,congruent,✅,0.9234790280204116
23,66,sentencing,congruent,✅,0.5051219674328143
23,66,sweets,incongruent,✅,0.11151774914531969
23,66,sentencing,incongruent,✅,0.35979566965714466
23,67,nap,congruent,✅,0.9889904816673621
23,67,selfie,congruent,✅,0.8633333994178894
23,67,nap,incongruent,✅,0.11281525660992649
23,67,selfie,incongruent,✅,0.022173831014751778
23,68,diaper,congruent,✅,0.8976117581546509
23,68,tire,congruent,✅,0.8777825415510062
23,68,diaper,incongruent,✅,0.008170889853110236
23,68,tire,incongruent,✅,0.08825358957832155
23,69,chemotherapy,congruent,✅,0.7515173624756368
23,69,golf,congruent,✅,0.9873082912317038
23,69,chemotherapy,incongruent,✅,0.06516153765333901
23,69,golf,incongruent,✅,0.07079224255177373
23,7,consensus,congruent,✅,0.5712423605585945
23,7,deadlock,congruent,❌,0.2200252141505354
23,7,consensus,incongruent,✅,0.09421290067717653
23,7,deadlock,incongruent,❌,0.5769841363566767
23,70,thunder,congruent,✅,0.7072896553667164
23,70,lullaby,congruent,❌,0.20299263521583918
23,70,thunder,incongruent,✅,0.023007653112910614
23,70,lullaby,incongruent,✅,0.03969499986443545
23,71,pajamas,congruent,✅,0.9303269566234086
23,71,uniform,congruent,✅,0.8817320538031456
23,71,pajamas,incongruent,❌,0.7152757680468012
23,71,uniform,incongruent,✅,0.09328093328998055
23,72,gown,congruent,✅,0.7353894206441457
23,72,sweats,congruent,✅,0.5597169221245807
23,72,gown,incongruent,✅,0.01172900723775106
23,72,sweats,incongruent,✅,0.08726606002925408
23,73,deadline,congruent,❌,0.10944281993231615
23,73,bed,congruent,✅,0.7653212251772763
23,73,deadline,incongruent,✅,0.29781292912486806
23,73,bed,incongruent,✅,0.019913390576720154
23,74,kindergarten,congruent,✅,0.6528064653671771
23,74,jail,congruent,❌,0.16849210875823034
23,74,kindergarten,incongruent,✅,0.09015092612563419
23,74,jail,incongruent,✅,0.23943037345317428
23,75,interrogated,congruent,✅,0.9546692441285171
23,75,tickled,congruent,✅,0.9067781051546149
23,75,interrogated,incongruent,❌,0.6112956640205347
23,75,tickled,incongruent,✅,0.27394526206919684
23,76,sandcastle,congruent,✅,0.9911759256637844
23,76,snowman,congruent,✅,0.9942787502927813
23,76,sandcastle,incongruent,❌,0.6643239988891639
23,76,snowman,incongruent,❌,0.5393899928455906
23,77,music,congruent,✅,0.9452422398606627
23,77,pizza,congruent,✅,0.9768648692247642
23,77,music,incongruent,✅,0.2141241555096997
23,77,pizza,incongruent,✅,0.05350528982760554
23,78,playoffs,congruent,✅,0.9170240587949771
23,78,cartoon,congruent,✅,0.9727586395225359
23,78,playoffs,incongruent,✅,0.06275877019318721
23,78,cartoon,incongruent,❌,0.7338042446887262
23,79,alcoholism,congruent,✅,0.6241275480044696
23,79,academics,congruent,✅,0.9876054851879889
23,79,alcoholism,incongruent,❌,0.6062508574733642
23,79,academics,incongruent,✅,0.29555041061041437
23,8,engagement,congruent,✅,0.9498431342696884
23,8,cancer,congruent,✅,0.855297926904449
23,8,engagement,incongruent,✅,0.46172590055265217
23,8,cancer,incongruent,❌,0.850041957437711
23,9,terminal,congruent,✅,0.9379076224344589
23,9,classroom,congruent,✅,0.9858748580856797
23,9,terminal,incongruent,❌,0.8683304286014601
23,9,classroom,incongruent,❌,0.8611632246680903
24,0,library,congruent,❌,0.08336335931826333
24,0,refrigerator,congruent,✅,0.6443858484487867
24,0,library,incongruent,✅,0.19304250132407194
24,0,refrigerator,incongruent,✅,0.015811354329640964
24,1,disappointment,congruent,✅,0.9299852837418363
24,1,delight,congruent,✅,0.9492411573094206
24,1,disappointment,incongruent,✅,0.09210416076119733
24,1,delight,incongruent,❌,0.5353615959672132
24,10,cash,congruent,✅,0.6653857774691374
24,10,groceries,congruent,✅,0.553627003647439
24,10,cash,incongruent,✅,0.4004935255085888
24,10,groceries,incongruent,✅,0.4787168978989199
24,11,lonely,congruent,✅,0.8115186116358191
24,11,confident,congruent,✅,0.8643152259971337
24,11,lonely,incongruent,✅,0.40507310425655996
24,11,confident,incongruent,❌,0.5496800948745796
24,12,joy,congruent,✅,0.9123813257733562
24,12,outrage,congruent,❌,0.2638987279893489
24,12,joy,incongruent,✅,0.043764402539938616
24,12,outrage,incongruent,✅,0.48178108788825585
24,13,traffic,congruent,✅,0.9139444745676656
24,13,snowstorm,congruent,✅,0.8791643739861621
24,13,traffic,incongruent,❌,0.6906789864186217
24,13,snowstorm,incongruent,❌,0.7309441466318906
24,14,laughter,congruent,✅,0.9272677446858838
24,14,frustration,congruent,✅,0.6579906002893381
24,14,laughter,incongruent,✅,0.12140668807642516
24,14,frustration,incongruent,❌,0.5200676839119269
24,15,calculator,congruent,❌,0.06966309076269449
24,15,instrument,congruent,❌,0.0433270898964949
24,15,calculator,incongruent,✅,0.0020660699198442457
24,15,instrument,incongruent,✅,0.0536736844381569
24,16,orchestra,congruent,✅,0.6713998337839148
24,16,racers,congruent,✅,0.5850661110611415
24,16,orchestra,incongruent,✅,0.200834680829983
24,16,racers,incongruent,❌,0.5440907275614035
24,17,retirement,congruent,❌,0.17481795205391693
24,17,playdate,congruent,✅,0.664156593905561
24,17,retirement,incongruent,✅,0.05945089734600232
24,17,playdate,incongruent,✅,0.058438891789869905
24,18,relieved,congruent,✅,0.8692977822585931
24,18,depressed,congruent,✅,0.8170833253469275
24,18,relieved,incongruent,✅,0.1644311121689074
24,18,depressed,incongruent,❌,0.6419379151706756
24,19,friends,congruent,❌,0.04342391753454714
24,19,weight,congruent,✅,0.7127719626861053
24,19,friends,incongruent,❌,0.5822321862328151
24,19,weight,incongruent,✅,0.014543242506047799
24,2,overcoat,congruent,✅,0.615076434935128
24,2,sandals,congruent,❌,0.421710660089533
24,2,overcoat,incongruent,✅,0.05805020098253496
24,2,sandals,incongruent,✅,0.2205320469369694
24,20,lipstick,congruent,✅,0.9530760856532967
24,20,song,congruent,✅,0.7713343187452752
24,20,lipstick,incongruent,✅,0.3917719471616124
24,20,song,incongruent,❌,0.7149369742297038
24,21,fought,congruent,❌,0.17429644865144478
24,21,sang,congruent,❌,0.1012432810860256
24,21,fought,incongruent,✅,0.023500253942367932
24,21,sang,incongruent,✅,0.02595545461497273
24,22,skeptical,congruent,❌,0.10322125255421095
24,22,reassured,congruent,❌,0.24117079107685324
24,22,skeptical,incongruent,✅,0.13405770051298654
24,22,reassured,incongruent,✅,0.043231169019613186
24,23,graduation,congruent,✅,0.996407911942333
24,23,operation,congruent,✅,0.9693709355228216
24,23,graduation,incongruent,✅,0.41062688276429476
24,23,operation,incongruent,❌,0.9135005673556972
24,24,bride,congruent,✅,0.6928818025071111
24,24,aftermath,congruent,❌,0.4302866714539733
24,24,bride,incongruent,✅,0.19180326126664785
24,24,aftermath,incongruent,✅,0.051221283834364646
24,25,teacher,congruent,✅,0.7978461561416991
24,25,daughter,congruent,✅,0.9848593965365033
24,25,teacher,incongruent,❌,0.8088272226792946
24,25,daughter,incongruent,❌,0.7426933664493216
24,26,roommate,congruent,❌,0.3094408838421291
24,26,grandma,congruent,✅,0.5269514919498991
24,26,roommate,incongruent,✅,0.07780350477488258
24,26,grandma,incongruent,✅,0.08414449223183731
24,27,brother,congruent,✅,0.7468079321591163
24,27,mother,congruent,✅,0.8204590576636737
24,27,brother,incongruent,❌,0.7189666415403645
24,27,mother,incongruent,✅,0.34826517249642613
24,28,preschool,congruent,✅,0.6234726464150496
24,28,prison,congruent,❌,0.16557014673342602
24,28,preschool,incongruent,✅,0.04768771708022424
24,28,prison,incongruent,✅,0.05245233532434256
24,29,hopeful,congruent,❌,0.1021701491300869
24,29,hopeless,congruent,✅,0.7472949249777955
24,29,hopeful,incongruent,❌,0.6511360677083723
24,29,hopeless,incongruent,✅,0.06033017781235177
24,3,marathon,congruent,✅,0.9556017898518853
24,3,exam,congruent,✅,0.9210166694016149
24,3,marathon,incongruent,✅,0.47301700686512627
24,3,exam,incongruent,❌,0.7837734707424452
24,30,appalled,congruent,❌,0.31846158808121444
24,30,overjoyed,congruent,❌,0.12050672143602073
24,30,appalled,incongruent,✅,0.1041925742597443
24,30,overjoyed,incongruent,✅,0.22615780855312892
24,31,reprimand,congruent,❌,0.24369209290098295
24,31,encouragement,congruent,✅,0.5837575549232555
24,31,reprimand,incongruent,✅,0.1206170489927616
24,31,encouragement,incongruent,✅,0.09582561003454834
24,32,angrily,congruent,❌,0.37734353552314776
24,32,cordially,congruent,✅,0.5347600209767184
24,32,angrily,incongruent,✅,0.048403762142562104
24,32,cordially,incongruent,✅,0.14351354834191887
24,33,accusatory,congruent,✅,0.9260465050822592
24,33,flirtatious,congruent,✅,0.9302138477112717
24,33,accusatory,incongruent,❌,0.5798128478305277
24,33,flirtatious,incongruent,❌,0.5750986689424659
24,34,disapprovingly,congruent,✅,0.9757339135032083
24,34,lovingly,congruent,✅,0.9295615721687515
24,34,disapprovingly,incongruent,❌,0.5416174146181246
24,34,lovingly,incongruent,✅,0.26433435414665585
24,35,playful,congruent,❌,0.3822977947601486
24,35,distant,congruent,✅,0.9312622193627108
24,35,playful,incongruent,❌,0.747859882027808
24,35,distant,incongruent,✅,0.4385006722231387
24,36,headphones,congruent,✅,0.8878057408956881
24,36,mangoes,congruent,✅,0.7897484969655147
24,36,headphones,incongruent,✅,0.2422177737486439
24,36,mangoes,incongruent,✅,0.4226284330783932
24,37,playroom,congruent,✅,0.9914565389850709
24,37,park,congruent,✅,0.9820475857236918
24,37,playroom,incongruent,✅,0.1768605541088012
24,37,park,incongruent,✅,0.13075850514804838
24,38,bedroom,congruent,✅,0.9257845298428222
24,38,backyard,congruent,✅,0.8726546481587492
24,38,bedroom,incongruent,✅,0.09090630156290547
24,38,backyard,incongruent,✅,0.038284312577892325
24,39,solemnly,congruent,✅,0.8069513656495488
24,39,excitedly,congruent,✅,0.9628713131333414
24,39,solemnly,incongruent,❌,0.8226841079304059
24,39,excitedly,incongruent,❌,0.6062861640901199
24,4,menu,congruent,✅,0.8698494223101727
24,4,prescription,congruent,✅,0.9480888942011536
24,4,menu,incongruent,❌,0.5425108314567665
24,4,prescription,incongruent,❌,0.5586815915496199
24,40,car,congruent,✅,0.7558787892284995
24,40,sock,congruent,✅,0.8255179056240539
24,40,car,incongruent,❌,0.807517925082312
24,40,sock,incongruent,❌,0.7007826725483097
24,41,overdressed,congruent,❌,0.4892592382256153
24,41,naked,congruent,❌,0.25823081827961053
24,41,overdressed,incongruent,✅,0.08689975742666309
24,41,naked,incongruent,✅,0.03706362461246752
24,42,shy,congruent,❌,0.23286904479140408
24,42,lively,congruent,✅,0.9217256117705046
24,42,shy,incongruent,❌,0.8052055211467046
24,42,lively,incongruent,✅,0.12356122119394208
24,43,offended,congruent,✅,0.8543087680038521
24,43,flattered,congruent,✅,0.9329964390986656
24,43,offended,incongruent,✅,0.47445490872272006
24,43,flattered,incongruent,❌,0.800897882361728
24,44,grandkid,congruent,✅,0.9760532563054904
24,44,cellmate,congruent,❌,0.48324386967887034
24,44,grandkid,incongruent,✅,0.1759848742714082
24,44,cellmate,incongruent,✅,0.10964042149572743
24,45,promoted,congruent,✅,0.974722289077111
24,45,fired,congruent,✅,0.8572233625327882
24,45,promoted,incongruent,✅,0.4819279126505326
24,45,fired,incongruent,❌,0.9706539318432288
24,46,shooting,congruent,✅,0.8431458557185749
24,46,celebration,congruent,❌,0.21815699332966573
24,46,shooting,incongruent,✅,0.010468355738396261
24,46,celebration,incongruent,❌,0.5429737982046899
24,47,crayon,congruent,❌,0.3437237967189131
24,47,beer,congruent,✅,0.8347318035992725
24,47,crayon,incongruent,✅,0.01157695318455868
24,47,beer,incongruent,✅,0.007748906925621797
24,48,waiter,congruent,✅,0.862295266237602
24,48,taxi,congruent,❌,0.3108949958330683
24,48,waiter,incongruent,✅,0.39805559199740936
24,48,taxi,incongruent,✅,0.3950138000361796
24,49,parents,congruent,❌,0.4562677682521353
24,49,keys,congruent,✅,0.7988605875420265
24,49,parents,incongruent,❌,0.6527919369079325
24,49,keys,incongruent,✅,0.23389071102326078
24,5,distress,congruent,✅,0.9327800392456936
24,5,tranquility,congruent,✅,0.9818516171649055
24,5,distress,incongruent,❌,0.50165509291669
24,5,tranquility,incongruent,✅,0.4902638539775847
24,50,sofa,congruent,✅,0.9777363689199341
24,50,sky,congruent,✅,0.9846132290021292
24,50,sofa,incongruent,❌,0.7112616304446029
24,50,sky,incongruent,✅,0.40081056902367956
24,51,obesity,congruent,❌,0.21444686436371388
24,51,homework,congruent,❌,0.2530527055859232
24,51,obesity,incongruent,✅,0.04436847803714154
24,51,homework,incongruent,✅,0.12495583917846168
24,52,quiz,congruent,✅,0.7842018340291437
24,52,commute,congruent,✅,0.9373030334064676
24,52,quiz,incongruent,✅,0.04802286387596241
24,52,commute,incongruent,✅,0.1264034577436634
24,53,migraine,congruent,✅,0.9810242541206754
24,53,excitement,congruent,✅,0.6961860798251177
24,53,migraine,incongruent,✅,0.05984682062855086
24,53,excitement,incongruent,✅,0.3453554928147887
24,54,niece,congruent,✅,0.9417083862624069
24,54,husband,congruent,✅,0.9102103307027432
24,54,niece,incongruent,✅,0.388108722140881
24,54,husband,incongruent,❌,0.9240957636522155
24,55,film,congruent,❌,0.4797209602988449
24,55,sunrise,congruent,❌,0.3340782890873962
24,55,film,incongruent,✅,0.10398470400485268
24,55,sunrise,incongruent,✅,0.13890621905951572
24,56,lecture,congruent,✅,0.8463032784820018
24,56,banquet,congruent,✅,0.5264244614938461
24,56,lecture,incongruent,✅,0.01982792125557722
24,56,banquet,incongruent,✅,0.1529699661268671
24,57,drink,congruent,✅,0.9361994094607086
24,57,textbook,congruent,✅,0.9827208105984417
24,57,drink,incongruent,✅,0.03277239128226979
24,57,textbook,incongruent,✅,0.09029389535247999
24,58,pool,congruent,✅,0.714821597448871
24,58,snow,congruent,❌,0.3552638635049549
24,58,pool,incongruent,✅,0.3069509264484515
24,58,snow,incongruent,✅,0.4001498251558023
24,59,passport,congruent,✅,0.8846969949998509
24,59,plushy,congruent,✅,0.5299181245120396
24,59,passport,incongruent,✅,0.10570118249650041
24,59,plushy,incongruent,✅,0.3693898206652103
24,6,patients,congruent,✅,0.8912397730299793
24,6,students,congruent,✅,0.8846756655552347
24,6,patients,incongruent,✅,0.2404627716065053
24,6,students,incongruent,✅,0.39044075507461495
24,60,sister,congruent,✅,0.8025862909708001
24,60,father,congruent,❌,0.3633014940114668
24,60,sister,incongruent,✅,0.38024011918100875
24,60,father,incongruent,✅,0.18919225470746162
24,61,game,congruent,✅,0.7204034570646458
24,61,sunset,congruent,✅,0.947342008084242
24,61,game,incongruent,✅,0.15658111391238305
24,61,sunset,incongruent,✅,0.3822824563916796
24,62,holidays,congruent,❌,0.2824644318712241
24,62,funeral,congruent,❌,0.24078415978585932
24,62,holidays,incongruent,✅,0.06799034043630485
24,62,funeral,incongruent,✅,0.0857704776246674
24,63,grades,congruent,❌,0.3925237661201202
24,63,affair,congruent,✅,0.8655174807658675
24,63,grades,incongruent,✅,0.412177754426225
24,63,affair,incongruent,✅,0.11525393880540628
24,64,arrest,congruent,❌,0.09322692833215487
24,64,stroke,congruent,❌,0.07145111877452613
24,64,arrest,incongruent,✅,0.08574877880001565
24,64,stroke,incongruent,✅,0.021201373667949032
24,65,pacifier,congruent,✅,0.7747695278908845
24,65,coffee,congruent,✅,0.9736649716676126
24,65,pacifier,incongruent,✅,0.36612227964605804
24,65,coffee,incongruent,✅,0.07478513158849999
24,66,sweets,congruent,✅,0.8717229907398906
24,66,sentencing,congruent,❌,0.4829210573599177
24,66,sweets,incongruent,✅,0.07780132582045224
24,66,sentencing,incongruent,✅,0.2745009658532615
24,67,nap,congruent,✅,0.9897140653046601
24,67,selfie,congruent,✅,0.9460004996543614
24,67,nap,incongruent,✅,0.2580241268250636
24,67,selfie,incongruent,✅,0.023908425547267888
24,68,diaper,congruent,✅,0.9151348271371103
24,68,tire,congruent,✅,0.8950536992595071
24,68,diaper,incongruent,✅,0.006137154323012092
24,68,tire,incongruent,✅,0.19563872586776715
24,69,chemotherapy,congruent,✅,0.799820900456969
24,69,golf,congruent,✅,0.9897611230442543
24,69,chemotherapy,incongruent,✅,0.053877689910823985
24,69,golf,incongruent,✅,0.14804375996726218
24,7,consensus,congruent,✅,0.8348984680464654
24,7,deadlock,congruent,❌,0.43188952019417454
24,7,consensus,incongruent,✅,0.2496832417988957
24,7,deadlock,incongruent,❌,0.8046427321091362
24,70,thunder,congruent,✅,0.7096042661591866
24,70,lullaby,congruent,❌,0.3293215082684617
24,70,thunder,incongruent,✅,0.06246650826451729
24,70,lullaby,incongruent,✅,0.031208502577256894
24,71,pajamas,congruent,✅,0.9059247548617919
24,71,uniform,congruent,✅,0.8455161603510469
24,71,pajamas,incongruent,❌,0.5792993809047746
24,71,uniform,incongruent,✅,0.07730348799104113
24,72,gown,congruent,✅,0.7652617878232553
24,72,sweats,congruent,❌,0.4385857582244944
24,72,gown,incongruent,✅,0.006146295577484446
24,72,sweats,incongruent,✅,0.10495137717739253
24,73,deadline,congruent,❌,0.02357869165397018
24,73,bed,congruent,❌,0.36736643060877155
24,73,deadline,incongruent,✅,0.0734628375703096
24,73,bed,incongruent,✅,0.009843945859040922
24,74,kindergarten,congruent,✅,0.5656937720452547
24,74,jail,congruent,❌,0.25670474385865694
24,74,kindergarten,incongruent,✅,0.11848914200973963
24,74,jail,incongruent,✅,0.23723716935704184
24,75,interrogated,congruent,✅,0.9577884862154659
24,75,tickled,congruent,✅,0.8845666256786813
24,75,interrogated,incongruent,✅,0.30292948352878224
24,75,tickled,incongruent,✅,0.47317358086441635
24,76,sandcastle,congruent,✅,0.9852703739147313
24,76,snowman,congruent,✅,0.9889437750252887
24,76,sandcastle,incongruent,❌,0.6822343585509303
24,76,snowman,incongruent,❌,0.6313646138611564
24,77,music,congruent,✅,0.7972185705027647
24,77,pizza,congruent,✅,0.9567572390899665
24,77,music,incongruent,✅,0.08869047520415979
24,77,pizza,incongruent,✅,0.035467124577829905
24,78,playoffs,congruent,✅,0.9303382593092447
24,78,cartoon,congruent,✅,0.9711296561486447
24,78,playoffs,incongruent,✅,0.044303980357780534
24,78,cartoon,incongruent,❌,0.7483687388765252
24,79,alcoholism,congruent,✅,0.5079688960781661
24,79,academics,congruent,✅,0.9804213682637616
24,79,alcoholism,incongruent,❌,0.6424520393560789
24,79,academics,incongruent,✅,0.32202924919824555
24,8,engagement,congruent,✅,0.9522594113910235
24,8,cancer,congruent,✅,0.6890496872228715
24,8,engagement,incongruent,✅,0.22619694337132554
24,8,cancer,incongruent,❌,0.8660690490656568
24,9,terminal,congruent,✅,0.8756003864780392
24,9,classroom,congruent,✅,0.9491836009570741
24,9,terminal,incongruent,❌,0.7999489683846749
24,9,classroom,incongruent,❌,0.6009778448876546
25,0,library,congruent,❌,0.06907140411723511
25,0,refrigerator,congruent,❌,0.40997192689434314
25,0,library,incongruent,✅,0.14603790985751025
25,0,refrigerator,incongruent,✅,0.019689080169837968
25,1,disappointment,congruent,✅,0.9257553109868996
25,1,delight,congruent,✅,0.9034955548788648
25,1,disappointment,incongruent,✅,0.23808042925056427
25,1,delight,incongruent,❌,0.5714020628728553
25,10,cash,congruent,✅,0.540994369692555
25,10,groceries,congruent,✅,0.5128059761538688
25,10,cash,incongruent,✅,0.31998266083225574
25,10,groceries,incongruent,✅,0.4481895774800817
25,11,lonely,congruent,✅,0.8045289200106134
25,11,confident,congruent,✅,0.9206610847006311
25,11,lonely,incongruent,❌,0.6454231051748065
25,11,confident,incongruent,❌,0.6055907385950942
25,12,joy,congruent,✅,0.955043575354726
25,12,outrage,congruent,✅,0.5988605027736931
25,12,joy,incongruent,✅,0.3575266979423283
25,12,outrage,incongruent,❌,0.7068653153959218
25,13,traffic,congruent,✅,0.8503406473100107
25,13,snowstorm,congruent,✅,0.8698200195921059
25,13,traffic,incongruent,❌,0.6940671805233615
25,13,snowstorm,incongruent,❌,0.7431011907451723
25,14,laughter,congruent,✅,0.8598423095747866
25,14,frustration,congruent,✅,0.6404825452761841
25,14,laughter,incongruent,✅,0.131943684029187
25,14,frustration,incongruent,✅,0.404044420851788
25,15,calculator,congruent,❌,0.07086525830594187
25,15,instrument,congruent,❌,0.04354597700296631
25,15,calculator,incongruent,✅,0.0033188457562172355
25,15,instrument,incongruent,✅,0.0859907249269014
25,16,orchestra,congruent,✅,0.6389268448881594
25,16,racers,congruent,❌,0.43351923835932477
25,16,orchestra,incongruent,✅,0.1435348736041542
25,16,racers,incongruent,❌,0.5487317008800409
25,17,retirement,congruent,❌,0.21804891468666393
25,17,playdate,congruent,✅,0.5921686199775232
25,17,retirement,incongruent,✅,0.05350372443545478
25,17,playdate,incongruent,✅,0.09818650904752299
25,18,relieved,congruent,✅,0.7996641167733171
25,18,depressed,congruent,✅,0.6706914086183934
25,18,relieved,incongruent,✅,0.10666200572732544
25,18,depressed,incongruent,❌,0.5509427711855646
25,19,friends,congruent,❌,0.08216060756760217
25,19,weight,congruent,✅,0.5465865925515282
25,19,friends,incongruent,✅,0.4968261975433671
25,19,weight,incongruent,✅,0.03447439177189856
25,2,overcoat,congruent,✅,0.6379445050803905
25,2,sandals,congruent,❌,0.3841217637781113
25,2,overcoat,incongruent,✅,0.037332905069882
25,2,sandals,incongruent,✅,0.3255078345286675
25,20,lipstick,congruent,✅,0.8714047726285922
25,20,song,congruent,✅,0.8281832883020507
25,20,lipstick,incongruent,✅,0.4599105515247208
25,20,song,incongruent,❌,0.6077047146114608
25,21,fought,congruent,❌,0.13894147884894215
25,21,sang,congruent,❌,0.09718079261217952
25,21,fought,incongruent,✅,0.01850521225906625
25,21,sang,incongruent,✅,0.036707570147669594
25,22,skeptical,congruent,❌,0.07978862818974068
25,22,reassured,congruent,❌,0.26044295495736003
25,22,skeptical,incongruent,✅,0.21706594737284432
25,22,reassured,incongruent,✅,0.03424895368114259
25,23,graduation,congruent,✅,0.9893906161437962
25,23,operation,congruent,✅,0.926834519359659
25,23,graduation,incongruent,❌,0.524356518810989
25,23,operation,incongruent,❌,0.8122223440935241
25,24,bride,congruent,✅,0.7853410848711364
25,24,aftermath,congruent,❌,0.43821709873281595
25,24,bride,incongruent,✅,0.19815282230811704
25,24,aftermath,incongruent,✅,0.09501804920220011
25,25,teacher,congruent,✅,0.8026009721746532
25,25,daughter,congruent,✅,0.9783248051238054
25,25,teacher,incongruent,❌,0.7924350912711126
25,25,daughter,incongruent,❌,0.8280632382425878
25,26,roommate,congruent,❌,0.18311981368015928
25,26,grandma,congruent,✅,0.5476864773161125
25,26,roommate,incongruent,✅,0.07655001169581117
25,26,grandma,incongruent,✅,0.09450211160768066
25,27,brother,congruent,✅,0.5643363362612258
25,27,mother,congruent,✅,0.7149974946521839
25,27,brother,incongruent,❌,0.6329430075163172
25,27,mother,incongruent,✅,0.2670164572460188
25,28,preschool,congruent,✅,0.5027455434188635
25,28,prison,congruent,❌,0.42041037737502485
25,28,preschool,incongruent,✅,0.15498629152080806
25,28,prison,incongruent,✅,0.059586830317621096
25,29,hopeful,congruent,❌,0.05705387996444194
25,29,hopeless,congruent,✅,0.6805392624877893
25,29,hopeful,incongruent,❌,0.5261960134496444
25,29,hopeless,incongruent,✅,0.050828859015515995
25,3,marathon,congruent,✅,0.8794457794685306
25,3,exam,congruent,✅,0.820644783955841
25,3,marathon,incongruent,✅,0.31184109340375943
25,3,exam,incongruent,❌,0.6238560327544663
25,30,appalled,congruent,❌,0.2137684136429951
25,30,overjoyed,congruent,❌,0.1272401014095895
25,30,appalled,incongruent,✅,0.10981656164669165
25,30,overjoyed,incongruent,✅,0.17317480918137731
25,31,reprimand,congruent,❌,0.18589689637832768
25,31,encouragement,congruent,❌,0.4379096276995114
25,31,reprimand,incongruent,✅,0.09777388768697394
25,31,encouragement,incongruent,✅,0.10748208543696197
25,32,angrily,congruent,❌,0.4937064037534539
25,32,cordially,congruent,✅,0.5203002926273698
25,32,angrily,incongruent,✅,0.09021439692461374
25,32,cordially,incongruent,✅,0.2365686099212679
25,33,accusatory,congruent,✅,0.9269592074333154
25,33,flirtatious,congruent,✅,0.8860711707738493
25,33,accusatory,incongruent,❌,0.5484970044966191
25,33,flirtatious,incongruent,❌,0.5915891502444004
25,34,disapprovingly,congruent,✅,0.9722614160786257
25,34,lovingly,congruent,✅,0.9758439041002495
25,34,disapprovingly,incongruent,❌,0.781779123862045
25,34,lovingly,incongruent,✅,0.40752343884564757
25,35,playful,congruent,❌,0.23012137640009403
25,35,distant,congruent,✅,0.8050321893620511
25,35,playful,incongruent,❌,0.7015812832916828
25,35,distant,incongruent,✅,0.3152266148062744
25,36,headphones,congruent,✅,0.7591710702921174
25,36,mangoes,congruent,✅,0.6252270531828721
25,36,headphones,incongruent,✅,0.18896166453346716
25,36,mangoes,incongruent,✅,0.4398509307928928
25,37,playroom,congruent,✅,0.984390339520821
25,37,park,congruent,✅,0.9796238275512995
25,37,playroom,incongruent,✅,0.28529747432076275
25,37,park,incongruent,✅,0.31421052943795313
25,38,bedroom,congruent,✅,0.8946588436943294
25,38,backyard,congruent,✅,0.8444603988175705
25,38,bedroom,incongruent,✅,0.237770592502925
25,38,backyard,incongruent,✅,0.04577221414628968
25,39,solemnly,congruent,✅,0.7879144448944232
25,39,excitedly,congruent,✅,0.9182401869740795
25,39,solemnly,incongruent,❌,0.7560470664772668
25,39,excitedly,incongruent,❌,0.5674585871811406
25,4,menu,congruent,✅,0.8999338996396936
25,4,prescription,congruent,✅,0.8062356863528554
25,4,menu,incongruent,✅,0.44191051452250457
25,4,prescription,incongruent,❌,0.65307397350024
25,40,car,congruent,✅,0.6163861966068852
25,40,sock,congruent,✅,0.7118367767547488
25,40,car,incongruent,❌,0.5886374230708828
25,40,sock,incongruent,❌,0.5554830294946187
25,41,overdressed,congruent,❌,0.49383715463347994
25,41,naked,congruent,❌,0.2668930142054871
25,41,overdressed,incongruent,✅,0.05188156658077204
25,41,naked,incongruent,✅,0.11151207843807205
25,42,shy,congruent,❌,0.37211836113313856
25,42,lively,congruent,✅,0.8886105317218941
25,42,shy,incongruent,❌,0.7162580432316961
25,42,lively,incongruent,✅,0.2462979217302674
25,43,offended,congruent,✅,0.8666455655066747
25,43,flattered,congruent,✅,0.881872063226824
25,43,offended,incongruent,❌,0.5017772897869948
25,43,flattered,incongruent,❌,0.8398275251518749
25,44,grandkid,congruent,✅,0.9118013863291304
25,44,cellmate,congruent,✅,0.5066218504847115
25,44,grandkid,incongruent,✅,0.20264595715799696
25,44,cellmate,incongruent,✅,0.0944612071334891
25,45,promoted,congruent,✅,0.9700981911422022
25,45,fired,congruent,✅,0.7954513666264994
25,45,promoted,incongruent,❌,0.5258859486014993
25,45,fired,incongruent,❌,0.9370069049271993
25,46,shooting,congruent,✅,0.8635493785517704
25,46,celebration,congruent,❌,0.397366991774006
25,46,shooting,incongruent,✅,0.025681777711512116
25,46,celebration,incongruent,❌,0.6492180556004478
25,47,crayon,congruent,❌,0.29343025959781677
25,47,beer,congruent,✅,0.717238605984996
25,47,crayon,incongruent,✅,0.015761390307429873
25,47,beer,incongruent,✅,0.011614854801741284
25,48,waiter,congruent,✅,0.7105142657865274
25,48,taxi,congruent,❌,0.21050603743954446
25,48,waiter,incongruent,✅,0.25830597980595993
25,48,taxi,incongruent,✅,0.3119428957090997
25,49,parents,congruent,✅,0.5101834133859507
25,49,keys,congruent,✅,0.7855917100030948
25,49,parents,incongruent,❌,0.529955707713128
25,49,keys,incongruent,❌,0.5481709459693004
25,5,distress,congruent,✅,0.9169569231500507
25,5,tranquility,congruent,✅,0.9808593914546033
25,5,distress,incongruent,❌,0.589611966954571
25,5,tranquility,incongruent,❌,0.6226226220523111
25,50,sofa,congruent,✅,0.9815607125404968
25,50,sky,congruent,✅,0.950908296520747
25,50,sofa,incongruent,❌,0.6686278518845881
25,50,sky,incongruent,✅,0.47095861391073834
25,51,obesity,congruent,❌,0.251530018017836
25,51,homework,congruent,❌,0.42965057944129037
25,51,obesity,incongruent,✅,0.09023264057513014
25,51,homework,incongruent,✅,0.19035722621843607
25,52,quiz,congruent,✅,0.8511729365979609
25,52,commute,congruent,✅,0.9324275830546721
25,52,quiz,incongruent,✅,0.0678976683088549
25,52,commute,incongruent,✅,0.4215092057206083
25,53,migraine,congruent,✅,0.98381159147847
25,53,excitement,congruent,✅,0.7491012736954656
25,53,migraine,incongruent,✅,0.11650241136894895
25,53,excitement,incongruent,❌,0.5406825957681146
25,54,niece,congruent,✅,0.9722943803325745
25,54,husband,congruent,✅,0.949543012044435
25,54,niece,incongruent,❌,0.7912716927450657
25,54,husband,incongruent,❌,0.9375578519215763
25,55,film,congruent,❌,0.33775876026528534
25,55,sunrise,congruent,✅,0.5513937100606042
25,55,film,incongruent,✅,0.22773250132987335
25,55,sunrise,incongruent,✅,0.18677330491176142
25,56,lecture,congruent,✅,0.5646828319197622
25,56,banquet,congruent,❌,0.2944056700378453
25,56,lecture,incongruent,✅,0.014593794635470772
25,56,banquet,incongruent,✅,0.051223366527345875
25,57,drink,congruent,✅,0.9651163928505267
25,57,textbook,congruent,✅,0.9961514092643591
25,57,drink,incongruent,✅,0.09398634035592077
25,57,textbook,incongruent,✅,0.11222147247005249
25,58,pool,congruent,✅,0.653683534396603
25,58,snow,congruent,❌,0.35076959056594575
25,58,pool,incongruent,✅,0.3135831084198215
25,58,snow,incongruent,✅,0.427124901857792
25,59,passport,congruent,✅,0.7911648310220157
25,59,plushy,congruent,❌,0.4318210496466702
25,59,passport,incongruent,✅,0.24463104780206005
25,59,plushy,incongruent,✅,0.17500097277341198
25,6,patients,congruent,✅,0.9028292966144634
25,6,students,congruent,✅,0.7578172013018429
25,6,patients,incongruent,✅,0.21799906133132607
25,6,students,incongruent,✅,0.37280088999408467
25,60,sister,congruent,✅,0.8585174413832954
25,60,father,congruent,✅,0.6875314721695943
25,60,sister,incongruent,❌,0.6650691863899584
25,60,father,incongruent,✅,0.45936901220499093
25,61,game,congruent,❌,0.43951284669761587
25,61,sunset,congruent,✅,0.9375116523955181
25,61,game,incongruent,✅,0.2270469100421287
25,61,sunset,incongruent,✅,0.19194751163849824
25,62,holidays,congruent,❌,0.3938991519479028
25,62,funeral,congruent,❌,0.2344465840813167
25,62,holidays,incongruent,✅,0.07534401778481588
25,62,funeral,incongruent,✅,0.20590966532553595
25,63,grades,congruent,❌,0.2202388000841476
25,63,affair,congruent,✅,0.6602507586754692
25,63,grades,incongruent,✅,0.2979744962735616
25,63,affair,incongruent,✅,0.08783298485633059
25,64,arrest,congruent,❌,0.1330484793556848
25,64,stroke,congruent,❌,0.10131612855051637
25,64,arrest,incongruent,✅,0.10855943150001526
25,64,stroke,incongruent,✅,0.04546399761907085
25,65,pacifier,congruent,✅,0.7501028915830507
25,65,coffee,congruent,✅,0.9311605318396908
25,65,pacifier,incongruent,✅,0.30494419513993537
25,65,coffee,incongruent,✅,0.045502613491305965
25,66,sweets,congruent,✅,0.522714821162712
25,66,sentencing,congruent,✅,0.5660482412172935
25,66,sweets,incongruent,✅,0.08776769294144555
25,66,sentencing,incongruent,✅,0.2638000050889399
25,67,nap,congruent,✅,0.9912738321359443
25,67,selfie,congruent,✅,0.9197819404426161
25,67,nap,incongruent,✅,0.3662175516998735
25,67,selfie,incongruent,✅,0.02989414068248207
25,68,diaper,congruent,✅,0.9085493768478857
25,68,tire,congruent,✅,0.8006063982544659
25,68,diaper,incongruent,✅,0.022182948631285036
25,68,tire,incongruent,✅,0.16065044500082534
25,69,chemotherapy,congruent,✅,0.7524855138239253
25,69,golf,congruent,✅,0.9812864285245206
25,69,chemotherapy,incongruent,✅,0.14031244555223824
25,69,golf,incongruent,✅,0.11494791007065142
25,7,consensus,congruent,✅,0.7915959609059825
25,7,deadlock,congruent,❌,0.2850011823149177
25,7,consensus,incongruent,✅,0.20015418370792026
25,7,deadlock,incongruent,❌,0.7451347920162085
25,70,thunder,congruent,✅,0.8688667887699184
25,70,lullaby,congruent,❌,0.4996193160837057
25,70,thunder,incongruent,✅,0.2529510319608093
25,70,lullaby,incongruent,✅,0.20753692497158016
25,71,pajamas,congruent,✅,0.8964391992668131
25,71,uniform,congruent,✅,0.7280702110624856
25,71,pajamas,incongruent,❌,0.5987243811079935
25,71,uniform,incongruent,✅,0.11523311913750735
25,72,gown,congruent,✅,0.6507467422579979
25,72,sweats,congruent,❌,0.4050089758959118
25,72,gown,incongruent,✅,0.011086676622593574
25,72,sweats,incongruent,✅,0.14629519517978826
25,73,deadline,congruent,❌,0.07212318204052222
25,73,bed,congruent,✅,0.7256667998068371
25,73,deadline,incongruent,✅,0.2791007522301651
25,73,bed,incongruent,✅,0.029000251804432157
25,74,kindergarten,congruent,✅,0.6843739055309886
25,74,jail,congruent,❌,0.37360807894229475
25,74,kindergarten,incongruent,✅,0.23310197478628117
25,74,jail,incongruent,✅,0.3778603427353227
25,75,interrogated,congruent,✅,0.981028613039283
25,75,tickled,congruent,✅,0.8566492252014594
25,75,interrogated,incongruent,✅,0.2551205146597277
25,75,tickled,incongruent,✅,0.45736019021976976
25,76,sandcastle,congruent,✅,0.9728381983557266
25,76,snowman,congruent,✅,0.9503321200897322
25,76,sandcastle,incongruent,✅,0.4832515697635339
25,76,snowman,incongruent,❌,0.5240062949698528
25,77,music,congruent,✅,0.9664024123495708
25,77,pizza,congruent,✅,0.9648853817904405
25,77,music,incongruent,✅,0.2810597419523456
25,77,pizza,incongruent,✅,0.32542650390506117
25,78,playoffs,congruent,✅,0.7662217900429348
25,78,cartoon,congruent,✅,0.9318646204214178
25,78,playoffs,incongruent,✅,0.06858696890860198
25,78,cartoon,incongruent,❌,0.5825329526465639
25,79,alcoholism,congruent,❌,0.3918605384637291
25,79,academics,congruent,✅,0.9726794061218348
25,79,alcoholism,incongruent,❌,0.6512205508710219
25,79,academics,incongruent,✅,0.2949345590128895
25,8,engagement,congruent,✅,0.8960715152001958
25,8,cancer,congruent,❌,0.44397967072640865
25,8,engagement,incongruent,✅,0.16120977309411735
25,8,cancer,incongruent,❌,0.762773186454837
25,9,terminal,congruent,✅,0.9251638180071186
25,9,classroom,congruent,✅,0.9747774269312687
25,9,terminal,incongruent,❌,0.8738352320300111
25,9,classroom,incongruent,❌,0.830473936328158
26,0,library,congruent,❌,0.08187099262160119
26,0,refrigerator,congruent,❌,0.35689151194663277
26,0,library,incongruent,✅,0.1503011427568884
26,0,refrigerator,incongruent,✅,0.026667944143654868
26,1,disappointment,congruent,✅,0.8756381633882486
26,1,delight,congruent,✅,0.8439346861447908
26,1,disappointment,incongruent,✅,0.1859143431101375
26,1,delight,incongruent,✅,0.4776810553192748
26,10,cash,congruent,✅,0.507303455105396
26,10,groceries,congruent,❌,0.43569277526338474
26,10,cash,incongruent,✅,0.2816903158234658
26,10,groceries,incongruent,✅,0.45829176876590116
26,11,lonely,congruent,✅,0.8114602811403662
26,11,confident,congruent,✅,0.9468304193872771
26,11,lonely,incongruent,❌,0.782690292531943
26,11,confident,incongruent,❌,0.6039696696703731
26,12,joy,congruent,✅,0.9611046559788896
26,12,outrage,congruent,✅,0.5209713251631639
26,12,joy,incongruent,✅,0.31263784656511434
26,12,outrage,incongruent,❌,0.7424291244798401
26,13,traffic,congruent,✅,0.7686297872085655
26,13,snowstorm,congruent,✅,0.7925985459827394
26,13,traffic,incongruent,❌,0.6163099556312089
26,13,snowstorm,incongruent,❌,0.6153470442745861
26,14,laughter,congruent,✅,0.890559040376794
26,14,frustration,congruent,✅,0.6429217718262943
26,14,laughter,incongruent,✅,0.145727343351263
26,14,frustration,incongruent,✅,0.4736288291776233
26,15,calculator,congruent,❌,0.08875215511286527
26,15,instrument,congruent,❌,0.04555665156590298
26,15,calculator,incongruent,✅,0.005020347446386785
26,15,instrument,incongruent,✅,0.09288100657138322
26,16,orchestra,congruent,❌,0.4200546309049235
26,16,racers,congruent,❌,0.4553519241917136
26,16,orchestra,incongruent,✅,0.1717572152574413
26,16,racers,incongruent,✅,0.38407095918389345
26,17,retirement,congruent,❌,0.21033998758302597
26,17,playdate,congruent,✅,0.5437565136978485
26,17,retirement,incongruent,✅,0.051266816335810976
26,17,playdate,incongruent,✅,0.11379617059121139
26,18,relieved,congruent,✅,0.7165395505933884
26,18,depressed,congruent,✅,0.5881743913424408
26,18,relieved,incongruent,✅,0.10861317513283392
26,18,depressed,incongruent,✅,0.4768653746694724
26,19,friends,congruent,❌,0.09120929515551246
26,19,weight,congruent,✅,0.6459726925216553
26,19,friends,incongruent,❌,0.6767380026994215
26,19,weight,incongruent,✅,0.04316555200998124
26,2,overcoat,congruent,✅,0.5767355514337577
26,2,sandals,congruent,❌,0.3477566265847657
26,2,overcoat,incongruent,✅,0.041181847492313337
26,2,sandals,incongruent,✅,0.25981113356240315
26,20,lipstick,congruent,✅,0.8938788626919919
26,20,song,congruent,✅,0.8295139586542355
26,20,lipstick,incongruent,✅,0.4380942888628936
26,20,song,incongruent,❌,0.7246972189547685
26,21,fought,congruent,❌,0.15421063849542815
26,21,sang,congruent,❌,0.18568555027154215
26,21,fought,incongruent,✅,0.029904848172297844
26,21,sang,incongruent,✅,0.05734502798007117
26,22,skeptical,congruent,❌,0.10663418964200455
26,22,reassured,congruent,❌,0.3550196979520336
26,22,skeptical,incongruent,✅,0.31058227534559424
26,22,reassured,incongruent,✅,0.04990562407291723
26,23,graduation,congruent,✅,0.9898525599975395
26,23,operation,congruent,✅,0.9369983949865504
26,23,graduation,incongruent,❌,0.594425285101228
26,23,operation,incongruent,❌,0.7922458400525307
26,24,bride,congruent,✅,0.8695607858390173
26,24,aftermath,congruent,✅,0.602852463203163
26,24,bride,incongruent,✅,0.34593185993928727
26,24,aftermath,incongruent,✅,0.20104563511159315
26,25,teacher,congruent,✅,0.7293114935842483
26,25,daughter,congruent,✅,0.9737883529814622
26,25,teacher,incongruent,❌,0.6657570712298121
26,25,daughter,incongruent,❌,0.8443257655574413
26,26,roommate,congruent,❌,0.22885632007555232
26,26,grandma,congruent,✅,0.6323775498370127
26,26,roommate,incongruent,✅,0.16501719408990972
26,26,grandma,incongruent,✅,0.13892102402404385
26,27,brother,congruent,✅,0.6792161510373552
26,27,mother,congruent,✅,0.786396283163825
26,27,brother,incongruent,❌,0.678174057125429
26,27,mother,incongruent,✅,0.38730368663067216
26,28,preschool,congruent,✅,0.5952483584224522
26,28,prison,congruent,❌,0.42124826536023385
26,28,preschool,incongruent,✅,0.15761868354195444
26,28,prison,incongruent,✅,0.10720763557890683
26,29,hopeful,congruent,❌,0.05050826568968226
26,29,hopeless,congruent,✅,0.5693077710921309
26,29,hopeful,incongruent,✅,0.4083707927199183
26,29,hopeless,incongruent,✅,0.03458517395736371
26,3,marathon,congruent,✅,0.8046257571304809
26,3,exam,congruent,✅,0.8159898184194518
26,3,marathon,incongruent,✅,0.2438477198033036
26,3,exam,incongruent,✅,0.43829307833591047
26,30,appalled,congruent,❌,0.4556100861094467
26,30,overjoyed,congruent,❌,0.24979631065812047
26,30,appalled,incongruent,✅,0.2269818956398722
26,30,overjoyed,incongruent,✅,0.3618993360234093
26,31,reprimand,congruent,❌,0.273885154344198
26,31,encouragement,congruent,❌,0.4243003353397148
26,31,reprimand,incongruent,✅,0.10299015530423024
26,31,encouragement,incongruent,✅,0.12841348784439993
26,32,angrily,congruent,❌,0.4088408633384365
26,32,cordially,congruent,✅,0.5640434444647148
26,32,angrily,incongruent,✅,0.10658915527680499
26,32,cordially,incongruent,✅,0.19462410298422628
26,33,accusatory,congruent,✅,0.9200646102152011
26,33,flirtatious,congruent,✅,0.8767304730109029
26,33,accusatory,incongruent,❌,0.5117672464501077
26,33,flirtatious,incongruent,❌,0.5274206939592689
26,34,disapprovingly,congruent,✅,0.9681270362003019
26,34,lovingly,congruent,✅,0.9726669642029013
26,34,disapprovingly,incongruent,❌,0.6601705684155875
26,34,lovingly,incongruent,✅,0.3746247088082766
26,35,playful,congruent,❌,0.3587464366176319
26,35,distant,congruent,✅,0.9214555906647154
26,35,playful,incongruent,❌,0.8206445385493707
26,35,distant,incongruent,✅,0.4334567891836822
26,36,headphones,congruent,✅,0.7852005304153571
26,36,mangoes,congruent,❌,0.40418915113837145
26,36,headphones,incongruent,✅,0.1509899546601808
26,36,mangoes,incongruent,✅,0.3991416234157752
26,37,playroom,congruent,✅,0.9782635844596672
26,37,park,congruent,✅,0.9831947976827484
26,37,playroom,incongruent,✅,0.4106600193113014
26,37,park,incongruent,✅,0.3190586401799055
26,38,bedroom,congruent,✅,0.8135453862461419
26,38,backyard,congruent,✅,0.631019279696661
26,38,bedroom,incongruent,✅,0.11788071125861348
26,38,backyard,incongruent,✅,0.023557275967149727
26,39,solemnly,congruent,✅,0.8195765627620305
26,39,excitedly,congruent,✅,0.8656772219724344
26,39,solemnly,incongruent,❌,0.7241242676296995
26,39,excitedly,incongruent,❌,0.5391751512547225
26,4,menu,congruent,✅,0.8922909322355637
26,4,prescription,congruent,✅,0.7447685464121234
26,4,menu,incongruent,✅,0.2881028248781668
26,4,prescription,incongruent,❌,0.6435252640949792
26,40,car,congruent,✅,0.7305954841574125
26,40,sock,congruent,✅,0.7231307467714507
26,40,car,incongruent,❌,0.7170588744707375
26,40,sock,incongruent,❌,0.5826744861330103
26,41,overdressed,congruent,✅,0.5274877556638412
26,41,naked,congruent,❌,0.10869695566061525
26,41,overdressed,incongruent,✅,0.037142528197129994
26,41,naked,incongruent,✅,0.1119567231646323
26,42,shy,congruent,❌,0.23911831772456296
26,42,lively,congruent,✅,0.7862876480095315
26,42,shy,incongruent,❌,0.6193709068051492
26,42,lively,incongruent,✅,0.1454904086834669
26,43,offended,congruent,✅,0.8596975597318686
26,43,flattered,congruent,✅,0.873672772185243
26,43,offended,incongruent,✅,0.4875606884673077
26,43,flattered,incongruent,❌,0.8578981934978631
26,44,grandkid,congruent,✅,0.8488982324282228
26,44,cellmate,congruent,✅,0.6333204690276785
26,44,grandkid,incongruent,✅,0.12113698832872005
26,44,cellmate,incongruent,✅,0.0874086410487541
26,45,promoted,congruent,✅,0.9511002841299391
26,45,fired,congruent,✅,0.7590203589136397
26,45,promoted,incongruent,✅,0.4753565996582183
26,45,fired,incongruent,❌,0.9275565138736842
26,46,shooting,congruent,✅,0.7996175455815757
26,46,celebration,congruent,❌,0.39557044148191833
26,46,shooting,incongruent,✅,0.016161055657289324
26,46,celebration,incongruent,❌,0.7097693200037855
26,47,crayon,congruent,❌,0.20557628390286956
26,47,beer,congruent,❌,0.4925697799210468
26,47,crayon,incongruent,✅,0.017339895564852874
26,47,beer,incongruent,✅,0.011834919447107085
26,48,waiter,congruent,✅,0.6550445019371067
26,48,taxi,congruent,❌,0.21726472933065652
26,48,waiter,incongruent,✅,0.18671407764588063
26,48,taxi,incongruent,✅,0.29685940538170014
26,49,parents,congruent,✅,0.554033211194973
26,49,keys,congruent,✅,0.8102238690533367
26,49,parents,incongruent,❌,0.5233321841718558
26,49,keys,incongruent,❌,0.6921328419831924
26,5,distress,congruent,✅,0.8854972520091331
26,5,tranquility,congruent,✅,0.9788051108009572
26,5,distress,incongruent,❌,0.5783447734862283
26,5,tranquility,incongruent,❌,0.5791273434425831
26,50,sofa,congruent,✅,0.969340175086674
26,50,sky,congruent,✅,0.9843530822405027
26,50,sofa,incongruent,❌,0.7844238830193463
26,50,sky,incongruent,❌,0.5229723123974243
26,51,obesity,congruent,❌,0.2574798555875336
26,51,homework,congruent,✅,0.5657422700166003
26,51,obesity,incongruent,✅,0.17391535021671609
26,51,homework,incongruent,✅,0.1742396680558193
26,52,quiz,congruent,✅,0.8613961960336429
26,52,commute,congruent,✅,0.9129554357071821
26,52,quiz,incongruent,✅,0.042444979898733484
26,52,commute,incongruent,✅,0.316174237803965
26,53,migraine,congruent,✅,0.9896516246611164
26,53,excitement,congruent,✅,0.8260574030416149
26,53,migraine,incongruent,✅,0.13796727809827852
26,53,excitement,incongruent,❌,0.6592693523873104
26,54,niece,congruent,✅,0.9510245985188385
26,54,husband,congruent,✅,0.9388394454637549
26,54,niece,incongruent,❌,0.7526676128400251
26,54,husband,incongruent,❌,0.8932435818172926
26,55,film,congruent,❌,0.3051612241037891
26,55,sunrise,congruent,✅,0.5674584520223399
26,55,film,incongruent,✅,0.2990768260090793
26,55,sunrise,incongruent,✅,0.13683193281388284
26,56,lecture,congruent,✅,0.6037391967704795
26,56,banquet,congruent,❌,0.32704720133857207
26,56,lecture,incongruent,✅,0.016144059229316228
26,56,banquet,incongruent,✅,0.0658542068940951
26,57,drink,congruent,✅,0.9181779025747173
26,57,textbook,congruent,✅,0.994984100274127
26,57,drink,incongruent,✅,0.13013175638645702
26,57,textbook,incongruent,✅,0.08998632781399392
26,58,pool,congruent,✅,0.6393696559488882
26,58,snow,congruent,❌,0.40907968570819186
26,58,pool,incongruent,✅,0.3181688333606599
26,58,snow,incongruent,✅,0.4351978339320345
26,59,passport,congruent,✅,0.7243975263953288
26,59,plushy,congruent,❌,0.4444002690782417
26,59,passport,incongruent,✅,0.2845432675344324
26,59,plushy,incongruent,✅,0.20742915692561542
26,6,patients,congruent,✅,0.8171212986242641
26,6,students,congruent,❌,0.31001061136008096
26,6,patients,incongruent,✅,0.18162111839415115
26,6,students,incongruent,✅,0.18500470304697544
26,60,sister,congruent,✅,0.841063111501334
26,60,father,congruent,✅,0.7044974711377242
26,60,sister,incongruent,❌,0.7143331999284454
26,60,father,incongruent,✅,0.39234192051023664
26,61,game,congruent,✅,0.6640872530017764
26,61,sunset,congruent,✅,0.9143748436566901
26,61,game,incongruent,✅,0.3076995416086882
26,61,sunset,incongruent,✅,0.34261372938325496
26,62,holidays,congruent,❌,0.4971992072314146
26,62,funeral,congruent,❌,0.1185269206336841
26,62,holidays,incongruent,✅,0.03279414429065216
26,62,funeral,incongruent,✅,0.21416296455578565
26,63,grades,congruent,❌,0.34421702899030454
26,63,affair,congruent,✅,0.7374645779336937
26,63,grades,incongruent,✅,0.39529016967295216
26,63,affair,incongruent,✅,0.14685856086828697
26,64,arrest,congruent,❌,0.11649160107976299
26,64,stroke,congruent,❌,0.13453614402116634
26,64,arrest,incongruent,✅,0.13149260463357698
26,64,stroke,incongruent,✅,0.05690445763042923
26,65,pacifier,congruent,✅,0.7689120032251404
26,65,coffee,congruent,✅,0.9008613700757611
26,65,pacifier,incongruent,✅,0.30706362488496086
26,65,coffee,incongruent,✅,0.0545999588296845
26,66,sweets,congruent,✅,0.7109987113192714
26,66,sentencing,congruent,✅,0.670746830157485
26,66,sweets,incongruent,✅,0.16980410797768528
26,66,sentencing,incongruent,✅,0.3157685299426371
26,67,nap,congruent,✅,0.9930780489238793
26,67,selfie,congruent,✅,0.9463836434881131
26,67,nap,incongruent,✅,0.43271974507792427
26,67,selfie,incongruent,✅,0.06714908007520132
26,68,diaper,congruent,✅,0.9243059538625245
26,68,tire,congruent,✅,0.8576681141140443
26,68,diaper,incongruent,✅,0.05712466400970895
26,68,tire,incongruent,✅,0.20415601356021204
26,69,chemotherapy,congruent,✅,0.6153773972257698
26,69,golf,congruent,✅,0.9744389162640028
26,69,chemotherapy,incongruent,✅,0.19482562954781849
26,69,golf,incongruent,✅,0.06455466224070622
26,7,consensus,congruent,✅,0.7711785746208613
26,7,deadlock,congruent,❌,0.21593256967423674
26,7,consensus,incongruent,✅,0.1446827959728468
26,7,deadlock,incongruent,❌,0.6810704522150499
26,70,thunder,congruent,✅,0.7689663432314682
26,70,lullaby,congruent,✅,0.830709888430436
26,70,thunder,incongruent,✅,0.4838980715766098
26,70,lullaby,incongruent,✅,0.1588772209476366
26,71,pajamas,congruent,✅,0.9013223376667895
26,71,uniform,congruent,✅,0.7677315646283688
26,71,pajamas,incongruent,❌,0.656264368068806
26,71,uniform,incongruent,✅,0.14755815356244908
26,72,gown,congruent,✅,0.5584190961727633
26,72,sweats,congruent,❌,0.3020567284929029
26,72,gown,incongruent,✅,0.014702627289930438
26,72,sweats,incongruent,✅,0.08892817232999861
26,73,deadline,congruent,❌,0.22395167506348948
26,73,bed,congruent,✅,0.7791212409339818
26,73,deadline,incongruent,✅,0.3179217670552329
26,73,bed,incongruent,✅,0.08372955997598473
26,74,kindergarten,congruent,✅,0.746207332235566
26,74,jail,congruent,❌,0.4274675317922146
26,74,kindergarten,incongruent,✅,0.29758013311070686
26,74,jail,incongruent,✅,0.4277551408370816
26,75,interrogated,congruent,✅,0.9680904046539817
26,75,tickled,congruent,✅,0.7737320295956582
26,75,interrogated,incongruent,✅,0.19629063191039353
26,75,tickled,incongruent,✅,0.3330702590507002
26,76,sandcastle,congruent,✅,0.9507144430060495
26,76,snowman,congruent,✅,0.9377939002184441
26,76,sandcastle,incongruent,✅,0.3708940652625928
26,76,snowman,incongruent,✅,0.3994836072381883
26,77,music,congruent,✅,0.962726279258589
26,77,pizza,congruent,✅,0.9219420173600559
26,77,music,incongruent,✅,0.2759240439525767
26,77,pizza,incongruent,✅,0.2378659950025404
26,78,playoffs,congruent,✅,0.5817679670312083
26,78,cartoon,congruent,✅,0.9647369446963646
26,78,playoffs,incongruent,✅,0.09008338645152761
26,78,cartoon,incongruent,✅,0.3792067734007819
26,79,alcoholism,congruent,❌,0.38331624163356676
26,79,academics,congruent,✅,0.9643500321872301
26,79,alcoholism,incongruent,❌,0.5494465437813293
26,79,academics,incongruent,✅,0.24249034901514693
26,8,engagement,congruent,✅,0.8337250621187254
26,8,cancer,congruent,✅,0.6355115923561243
26,8,engagement,incongruent,✅,0.34330842516150895
26,8,cancer,incongruent,❌,0.6638587729312007
26,9,terminal,congruent,✅,0.980421985513326
26,9,classroom,congruent,✅,0.9557509477275937
26,9,terminal,incongruent,❌,0.9091387519945735
26,9,classroom,incongruent,❌,0.8824735173517926
27,0,library,congruent,❌,0.12096605840072062
27,0,refrigerator,congruent,❌,0.2549536640327246
27,0,library,incongruent,✅,0.13249106681312456
27,0,refrigerator,incongruent,✅,0.05567130933959789
27,1,disappointment,congruent,✅,0.843701211952385
27,1,delight,congruent,✅,0.8854636039843833
27,1,disappointment,incongruent,✅,0.2480738095054913
27,1,delight,incongruent,✅,0.4604112308545261
27,10,cash,congruent,❌,0.4304532379798614
27,10,groceries,congruent,❌,0.27459119954916755
27,10,cash,incongruent,✅,0.17120524628818012
27,10,groceries,incongruent,✅,0.363356978906891
27,11,lonely,congruent,✅,0.7652060611315401
27,11,confident,congruent,✅,0.9498330757464456
27,11,lonely,incongruent,❌,0.8275562625603101
27,11,confident,incongruent,❌,0.5632584998533847
27,12,joy,congruent,✅,0.9468880373799619
27,12,outrage,congruent,❌,0.4634931405100703
27,12,joy,incongruent,✅,0.275808591151552
27,12,outrage,incongruent,❌,0.7351012240630208
27,13,traffic,congruent,✅,0.7243517729842367
27,13,snowstorm,congruent,✅,0.7406798446626396
27,13,traffic,incongruent,❌,0.5655448912995937
27,13,snowstorm,incongruent,❌,0.5677470489829437
27,14,laughter,congruent,✅,0.879068384858256
27,14,frustration,congruent,✅,0.6319961053339315
27,14,laughter,incongruent,✅,0.15572770545505443
27,14,frustration,incongruent,✅,0.3980516283719796
27,15,calculator,congruent,❌,0.12238056940464692
27,15,instrument,congruent,❌,0.03571566615025122
27,15,calculator,incongruent,✅,0.004542508522992284
27,15,instrument,incongruent,✅,0.1568389007126092
27,16,orchestra,congruent,❌,0.32780070435331726
27,16,racers,congruent,❌,0.3489765867093133
27,16,orchestra,incongruent,✅,0.1062692012390106
27,16,racers,incongruent,✅,0.41974638568027234
27,17,retirement,congruent,❌,0.27494288447891535
27,17,playdate,congruent,✅,0.582612675101818
27,17,retirement,incongruent,✅,0.06867030772480472
27,17,playdate,incongruent,✅,0.1531004890110724
27,18,relieved,congruent,✅,0.765818862576883
27,18,depressed,congruent,✅,0.5974658905639333
27,18,relieved,incongruent,✅,0.13257581287966327
27,18,depressed,incongruent,✅,0.4897542819008203
27,19,friends,congruent,❌,0.11830803407417943
27,19,weight,congruent,✅,0.8522454000631762
27,19,friends,incongruent,❌,0.8026445702540838
27,19,weight,incongruent,✅,0.060687454745577483
27,2,overcoat,congruent,✅,0.6509058037604789
27,2,sandals,congruent,❌,0.3772679653964401
27,2,overcoat,incongruent,✅,0.07271619120929014
27,2,sandals,incongruent,✅,0.3096572099161845
27,20,lipstick,congruent,✅,0.848933837462803
27,20,song,congruent,✅,0.8171495238636887
27,20,lipstick,incongruent,✅,0.3741084024490513
27,20,song,incongruent,❌,0.7008382828723142
27,21,fought,congruent,❌,0.16122799459681178
27,21,sang,congruent,❌,0.29231008860350866
27,21,fought,incongruent,✅,0.08443211611155245
27,21,sang,incongruent,✅,0.07319387212017124
27,22,skeptical,congruent,❌,0.11255248588606634
27,22,reassured,congruent,❌,0.24924341109607845
27,22,skeptical,incongruent,✅,0.2012041954004392
27,22,reassured,incongruent,✅,0.05044970519912435
27,23,graduation,congruent,✅,0.9880697968924512
27,23,operation,congruent,✅,0.9397536821405928
27,23,graduation,incongruent,❌,0.5838523697112358
27,23,operation,incongruent,❌,0.8157292062461993
27,24,bride,congruent,✅,0.7749611290110405
27,24,aftermath,congruent,✅,0.7123578578190867
27,24,bride,incongruent,✅,0.32464517468301585
27,24,aftermath,incongruent,✅,0.24434806071920864
27,25,teacher,congruent,✅,0.5624734418265994
27,25,daughter,congruent,✅,0.937974276812281
27,25,teacher,incongruent,❌,0.5362105260241561
27,25,daughter,incongruent,❌,0.708315732366674
27,26,roommate,congruent,❌,0.481213858144528
27,26,grandma,congruent,✅,0.631641561536938
27,26,roommate,incongruent,✅,0.26040205779556325
27,26,grandma,incongruent,✅,0.170339950046554
27,27,brother,congruent,✅,0.7117184169469036
27,27,mother,congruent,✅,0.7575619325043361
27,27,brother,incongruent,❌,0.7218263838905099
27,27,mother,incongruent,✅,0.4083531492791791
27,28,preschool,congruent,✅,0.5571553084349637
27,28,prison,congruent,❌,0.14864070250615027
27,28,preschool,incongruent,✅,0.07459574462671015
27,28,prison,incongruent,✅,0.1056817463948953
27,29,hopeful,congruent,❌,0.07797097142328685
27,29,hopeless,congruent,✅,0.5968861220889184
27,29,hopeful,incongruent,✅,0.440099415965756
27,29,hopeless,incongruent,✅,0.050998145069879375
27,3,marathon,congruent,✅,0.7408311580232902
27,3,exam,congruent,✅,0.7757290010598171
27,3,marathon,incongruent,✅,0.20690853240545495
27,3,exam,incongruent,✅,0.37990456553422103
27,30,appalled,congruent,✅,0.5340204142709432
27,30,overjoyed,congruent,❌,0.18632890472569624
27,30,appalled,incongruent,✅,0.17376723335469643
27,30,overjoyed,incongruent,✅,0.42517314268387096
27,31,reprimand,congruent,❌,0.22828737520386136
27,31,encouragement,congruent,❌,0.43820904508673003
27,31,reprimand,incongruent,✅,0.08645411428220527
27,31,encouragement,incongruent,✅,0.1277061677375853
27,32,angrily,congruent,✅,0.6075900561048564
27,32,cordially,congruent,✅,0.657004789046768
27,32,angrily,incongruent,✅,0.2750478407824806
27,32,cordially,incongruent,✅,0.3409714732550677
27,33,accusatory,congruent,✅,0.9326175514764888
27,33,flirtatious,congruent,✅,0.8574672339779403
27,33,accusatory,incongruent,✅,0.44015789549209977
27,33,flirtatious,incongruent,✅,0.48124761061772986
27,34,disapprovingly,congruent,✅,0.934604577150716
27,34,lovingly,congruent,✅,0.9254172634112856
27,34,disapprovingly,incongruent,✅,0.3985728764898759
27,34,lovingly,incongruent,✅,0.27248640066425417
27,35,playful,congruent,❌,0.3323733244455029
27,35,distant,congruent,✅,0.9163158881369067
27,35,playful,incongruent,❌,0.8003670259589243
27,35,distant,incongruent,❌,0.504266966566679
27,36,headphones,congruent,✅,0.7925721502133807
27,36,mangoes,congruent,✅,0.5026212311086052
27,36,headphones,incongruent,✅,0.20274315457763978
27,36,mangoes,incongruent,✅,0.39058645305602063
27,37,playroom,congruent,✅,0.9613749231370085
27,37,park,congruent,✅,0.98156140534863
27,37,playroom,incongruent,✅,0.35649071365152357
27,37,park,incongruent,✅,0.2978054321196942
27,38,bedroom,congruent,✅,0.6947812919230448
27,38,backyard,congruent,❌,0.47126796962870426
27,38,bedroom,incongruent,✅,0.06745737961474016
27,38,backyard,incongruent,✅,0.029309602981004046
27,39,solemnly,congruent,✅,0.8128127825291103
27,39,excitedly,congruent,✅,0.9291268309249622
27,39,solemnly,incongruent,❌,0.7999897700649249
27,39,excitedly,incongruent,❌,0.6727880439697036
27,4,menu,congruent,✅,0.8548886325713735
27,4,prescription,congruent,✅,0.8589755323936247
27,4,menu,incongruent,❌,0.628461214822303
27,4,prescription,incongruent,❌,0.5668731660260995
27,40,car,congruent,✅,0.6830308341787394
27,40,sock,congruent,✅,0.6493134430240319
27,40,car,incongruent,❌,0.5539741906281167
27,40,sock,incongruent,❌,0.6095311972030888
27,41,overdressed,congruent,✅,0.589195398112808
27,41,naked,congruent,❌,0.06803946575142271
27,41,overdressed,incongruent,✅,0.022577002477844044
27,41,naked,incongruent,✅,0.13516610421981795
27,42,shy,congruent,❌,0.2275753883059481
27,42,lively,congruent,✅,0.684330985695101
27,42,shy,incongruent,✅,0.49554195017067165
27,42,lively,incongruent,✅,0.1525337850688145
27,43,offended,congruent,✅,0.8494037420956929
27,43,flattered,congruent,✅,0.8980325143149687
27,43,offended,incongruent,❌,0.5269196052656232
27,43,flattered,incongruent,❌,0.8678092879270541
27,44,grandkid,congruent,✅,0.8100108369562512
27,44,cellmate,congruent,✅,0.5399450167213097
27,44,grandkid,incongruent,✅,0.1338759595953775
27,44,cellmate,incongruent,✅,0.08266361859891803
27,45,promoted,congruent,✅,0.9460204449658812
27,45,fired,congruent,✅,0.7976423104083042
27,45,promoted,incongruent,✅,0.4718064009380612
27,45,fired,incongruent,❌,0.9159648082566897
27,46,shooting,congruent,✅,0.8756757693105287
27,46,celebration,congruent,❌,0.33399512828433303
27,46,shooting,incongruent,✅,0.015052744005671057
27,46,celebration,incongruent,❌,0.8343855880589137
27,47,crayon,congruent,❌,0.19649918503108052
27,47,beer,congruent,❌,0.37302133431001794
27,47,crayon,incongruent,✅,0.02014966425871785
27,47,beer,incongruent,✅,0.01224224929054854
27,48,waiter,congruent,✅,0.7189613994818169
27,48,taxi,congruent,❌,0.3695597911523059
27,48,waiter,incongruent,✅,0.2983826752045175
27,48,taxi,incongruent,✅,0.426020070751973
27,49,parents,congruent,✅,0.6611333483525915
27,49,keys,congruent,✅,0.5976084363592681
27,49,parents,incongruent,❌,0.524229072678933
27,49,keys,incongruent,❌,0.5183194447693404
27,5,distress,congruent,✅,0.9103634002689487
27,5,tranquility,congruent,✅,0.9761250296476579
27,5,distress,incongruent,❌,0.6332837269401488
27,5,tranquility,incongruent,❌,0.6000375705796774
27,50,sofa,congruent,✅,0.9594743400946598
27,50,sky,congruent,✅,0.9889590487911778
27,50,sofa,incongruent,❌,0.8209245446657443
27,50,sky,incongruent,❌,0.6337889642955636
27,51,obesity,congruent,❌,0.2380762957240493
27,51,homework,congruent,✅,0.7481294632118817
27,51,obesity,incongruent,✅,0.35833263484505845
27,51,homework,incongruent,✅,0.14143165099182187
27,52,quiz,congruent,✅,0.8198157833290886
27,52,commute,congruent,✅,0.915471281861113
27,52,quiz,incongruent,✅,0.11421821963330239
27,52,commute,incongruent,✅,0.3239788928136189
27,53,migraine,congruent,✅,0.9844308419504021
27,53,excitement,congruent,✅,0.771735431675842
27,53,migraine,incongruent,✅,0.18417680370102985
27,53,excitement,incongruent,❌,0.6004367589411218
27,54,niece,congruent,✅,0.9454968649297153
27,54,husband,congruent,✅,0.9616544136683425
27,54,niece,incongruent,❌,0.8725307476956861
27,54,husband,incongruent,❌,0.9251886216667874
27,55,film,congruent,❌,0.4508631274558984
27,55,sunrise,congruent,✅,0.6323542433259957
27,55,film,incongruent,✅,0.33027550158291247
27,55,sunrise,incongruent,✅,0.3898391523137968
27,56,lecture,congruent,✅,0.7439342235344152
27,56,banquet,congruent,❌,0.44251392100251496
27,56,lecture,incongruent,✅,0.02940383411957743
27,56,banquet,incongruent,✅,0.11231588646538428
27,57,drink,congruent,✅,0.9303919228626275
27,57,textbook,congruent,✅,0.9983594397790815
27,57,drink,incongruent,✅,0.2124843536384809
27,57,textbook,incongruent,✅,0.14739969335048955
27,58,pool,congruent,✅,0.7072867236779158
27,58,snow,congruent,❌,0.41042282364079735
27,58,pool,incongruent,✅,0.3413851273998358
27,58,snow,incongruent,❌,0.5240048805990242
27,59,passport,congruent,✅,0.7957930369993554
27,59,plushy,congruent,❌,0.369155186233027
27,59,passport,incongruent,✅,0.2663547293921008
27,59,plushy,incongruent,✅,0.31112514295992927
27,6,patients,congruent,✅,0.951661491402167
27,6,students,congruent,❌,0.1962955027666628
27,6,patients,incongruent,✅,0.14984619524601858
27,6,students,incongruent,✅,0.2942556505936091
27,60,sister,congruent,✅,0.8438165403485802
27,60,father,congruent,✅,0.7342764061565559
27,60,sister,incongruent,❌,0.7191388779847389
27,60,father,incongruent,✅,0.3551392724817792
27,61,game,congruent,✅,0.6112245759352216
27,61,sunset,congruent,✅,0.8825529084204281
27,61,game,incongruent,✅,0.2845123013233249
27,61,sunset,incongruent,✅,0.49030460834626655
27,62,holidays,congruent,❌,0.4217523776778397
27,62,funeral,congruent,❌,0.11919435658037013
27,62,holidays,incongruent,✅,0.035492842125791735
27,62,funeral,incongruent,✅,0.2240400311193107
27,63,grades,congruent,❌,0.16091600726007674
27,63,affair,congruent,✅,0.5471764048739401
27,63,grades,incongruent,✅,0.21391712512615
27,63,affair,incongruent,✅,0.04553971795446133
27,64,arrest,congruent,❌,0.10764663359927397
27,64,stroke,congruent,❌,0.11195045002649767
27,64,arrest,incongruent,✅,0.1074625375228947
27,64,stroke,incongruent,✅,0.05722887239539971
27,65,pacifier,congruent,✅,0.7605025775214288
27,65,coffee,congruent,✅,0.8810412570651868
27,65,pacifier,incongruent,✅,0.3666224077710145
27,65,coffee,incongruent,✅,0.06092120848237855
27,66,sweets,congruent,✅,0.6583930986970068
27,66,sentencing,congruent,✅,0.6294227430098489
27,66,sweets,incongruent,✅,0.2106654505505974
27,66,sentencing,incongruent,✅,0.30432353008940544
27,67,nap,congruent,✅,0.9918748523416062
27,67,selfie,congruent,✅,0.9268615824612799
27,67,nap,incongruent,❌,0.5171839571426928
27,67,selfie,incongruent,✅,0.09991820055305463
27,68,diaper,congruent,✅,0.9058626188571004
27,68,tire,congruent,✅,0.9280799654750035
27,68,diaper,incongruent,✅,0.11575124107019687
27,68,tire,incongruent,✅,0.24787562568100924
27,69,chemotherapy,congruent,❌,0.4131697088709596
27,69,golf,congruent,✅,0.9046655207117387
27,69,chemotherapy,incongruent,✅,0.057318611704737524
27,69,golf,incongruent,✅,0.051061570224528306
27,7,consensus,congruent,✅,0.8320593335145503
27,7,deadlock,congruent,❌,0.28595453233253204
27,7,consensus,incongruent,✅,0.2016424229605857
27,7,deadlock,incongruent,❌,0.7757688797525352
27,70,thunder,congruent,❌,0.29940687966048946
27,70,lullaby,congruent,✅,0.8134990745165662
27,70,thunder,incongruent,✅,0.4686841104531494
27,70,lullaby,incongruent,✅,0.03869919146418784
27,71,pajamas,congruent,✅,0.9203418254351359
27,71,uniform,congruent,✅,0.8559298363017195
27,71,pajamas,incongruent,❌,0.6868525328852146
27,71,uniform,incongruent,✅,0.2625958665877807
27,72,gown,congruent,❌,0.42627364362073417
27,72,sweats,congruent,❌,0.36261260373637777
27,72,gown,incongruent,✅,0.020807312784554596
27,72,sweats,incongruent,✅,0.10702573302168528
27,73,deadline,congruent,❌,0.17669444712367557
27,73,bed,congruent,✅,0.7869385885936848
27,73,deadline,incongruent,✅,0.3946607756020742
27,73,bed,incongruent,✅,0.10934375779220062
27,74,kindergarten,congruent,✅,0.6885828939465027
27,74,jail,congruent,❌,0.36430084122147643
27,74,kindergarten,incongruent,✅,0.2558917167281727
27,74,jail,incongruent,✅,0.4016823540252517
27,75,interrogated,congruent,✅,0.956012927786161
27,75,tickled,congruent,✅,0.6715620628288633
27,75,interrogated,incongruent,✅,0.056943083017804215
27,75,tickled,incongruent,✅,0.3850206067256096
27,76,sandcastle,congruent,✅,0.897339821047442
27,76,snowman,congruent,✅,0.9317873209135552
27,76,sandcastle,incongruent,✅,0.21226295293939051
27,76,snowman,incongruent,✅,0.296914072914253
27,77,music,congruent,✅,0.9443120365012598
27,77,pizza,congruent,✅,0.9238717517599815
27,77,music,incongruent,✅,0.28129430564283925
27,77,pizza,incongruent,✅,0.2805568212082403
27,78,playoffs,congruent,✅,0.6034639486255149
27,78,cartoon,congruent,✅,0.9554080656765024
27,78,playoffs,incongruent,✅,0.12451690708270136
27,78,cartoon,incongruent,❌,0.588017091953699
27,79,alcoholism,congruent,❌,0.3326746189415112
27,79,academics,congruent,✅,0.9460042210638269
27,79,alcoholism,incongruent,❌,0.5420147892486947
27,79,academics,incongruent,✅,0.21911900182182606
27,8,engagement,congruent,✅,0.7846228678577295
27,8,cancer,congruent,✅,0.7443066432208431
27,8,engagement,incongruent,❌,0.6191942410229734
27,8,cancer,incongruent,❌,0.5949248460010382
27,9,terminal,congruent,✅,0.9510001151174697
27,9,classroom,congruent,✅,0.9335795245211205
27,9,terminal,incongruent,❌,0.8652160190295519
27,9,classroom,incongruent,❌,0.8023126024347763
28,0,library,congruent,❌,0.1692076058974434
28,0,refrigerator,congruent,❌,0.30986845647576894
28,0,library,incongruent,✅,0.1648910910005346
28,0,refrigerator,incongruent,✅,0.08976718219206696
28,1,disappointment,congruent,✅,0.7731556916352812
28,1,delight,congruent,✅,0.8712214577356666
28,1,disappointment,incongruent,✅,0.2286071412188548
28,1,delight,incongruent,✅,0.39678783571387394
28,10,cash,congruent,✅,0.5319247465712034
28,10,groceries,congruent,❌,0.36431516930726143
28,10,cash,incongruent,✅,0.30218064482995244
28,10,groceries,incongruent,✅,0.4113551920069274
28,11,lonely,congruent,✅,0.7889179166291004
28,11,confident,congruent,✅,0.9113265827185306
28,11,lonely,incongruent,❌,0.7223220096440298
28,11,confident,incongruent,❌,0.5536526626104313
28,12,joy,congruent,✅,0.9496227989923578
28,12,outrage,congruent,❌,0.49510932018196113
28,12,joy,incongruent,✅,0.27894934072338035
28,12,outrage,incongruent,❌,0.7901187690276695
28,13,traffic,congruent,✅,0.7595239337462008
28,13,snowstorm,congruent,✅,0.6387225584995826
28,13,traffic,incongruent,✅,0.3804293710273728
28,13,snowstorm,incongruent,❌,0.5995888593743727
28,14,laughter,congruent,✅,0.9193346533704064
28,14,frustration,congruent,✅,0.6703615891254133
28,14,laughter,incongruent,✅,0.16494281112880557
28,14,frustration,incongruent,❌,0.5029662518026986
28,15,calculator,congruent,❌,0.1395026200037294
28,15,instrument,congruent,❌,0.03272724023144267
28,15,calculator,incongruent,✅,0.006151829757123778
28,15,instrument,incongruent,✅,0.21069260615599553
28,16,orchestra,congruent,❌,0.36957232191406486
28,16,racers,congruent,❌,0.4554795599968271
28,16,orchestra,incongruent,✅,0.16337533806023954
28,16,racers,incongruent,✅,0.3756837495716821
28,17,retirement,congruent,❌,0.3402859582798087
28,17,playdate,congruent,✅,0.5954085317366076
28,17,retirement,incongruent,✅,0.11858436972686869
28,17,playdate,incongruent,✅,0.2027933027422565
28,18,relieved,congruent,✅,0.8223673014672545
28,18,depressed,congruent,✅,0.5670598283730733
28,18,relieved,incongruent,✅,0.13697844356231803
28,18,depressed,incongruent,❌,0.5381317274373566
28,19,friends,congruent,❌,0.058119433434355286
28,19,weight,congruent,✅,0.738443551613471
28,19,friends,incongruent,❌,0.7789767506882561
28,19,weight,incongruent,✅,0.027579563581411122
28,2,overcoat,congruent,✅,0.8105986474583656
28,2,sandals,congruent,❌,0.3691074965464218
28,2,overcoat,incongruent,✅,0.1254712973956948
28,2,sandals,incongruent,❌,0.5405365632078923
28,20,lipstick,congruent,✅,0.8531393644973193
28,20,song,congruent,✅,0.7305024346700405
28,20,lipstick,incongruent,✅,0.41999408476379546
28,20,song,incongruent,❌,0.6648711329586592
28,21,fought,congruent,❌,0.0968718088991133
28,21,sang,congruent,❌,0.197560577937844
28,21,fought,incongruent,✅,0.09139576094824746
28,21,sang,incongruent,✅,0.05328938923864233
28,22,skeptical,congruent,❌,0.1090359910780427
28,22,reassured,congruent,❌,0.23792777141824922
28,22,skeptical,incongruent,✅,0.16518339996988535
28,22,reassured,incongruent,✅,0.060064828312304024
28,23,graduation,congruent,✅,0.9829494558209093
28,23,operation,congruent,✅,0.9345402803268726
28,23,graduation,incongruent,❌,0.5921449271176276
28,23,operation,incongruent,❌,0.8136617702568343
28,24,bride,congruent,✅,0.6603691174797055
28,24,aftermath,congruent,✅,0.5357047696740378
28,24,bride,incongruent,✅,0.22996376613998668
28,24,aftermath,incongruent,✅,0.27233015285169293
28,25,teacher,congruent,✅,0.6645818867285463
28,25,daughter,congruent,✅,0.9742861203389078
28,25,teacher,incongruent,❌,0.661799817375715
28,25,daughter,incongruent,❌,0.8566902528358384
28,26,roommate,congruent,❌,0.37835935948558025
28,26,grandma,congruent,✅,0.6679986108713305
28,26,roommate,incongruent,✅,0.2209773469329944
28,26,grandma,incongruent,✅,0.233126055234926
28,27,brother,congruent,✅,0.6604172800608844
28,27,mother,congruent,✅,0.6821998001713921
28,27,brother,incongruent,❌,0.688603694110323
28,27,mother,incongruent,✅,0.34079316296411344
28,28,preschool,congruent,✅,0.5548831842696944
28,28,prison,congruent,❌,0.1648347577070372
28,28,preschool,incongruent,✅,0.07885909518428091
28,28,prison,incongruent,✅,0.08841836251155735
28,29,hopeful,congruent,❌,0.09791736092363126
28,29,hopeless,congruent,✅,0.6682995210509278
28,29,hopeful,incongruent,✅,0.4692956460563338
28,29,hopeless,incongruent,✅,0.07315187374722476
28,3,marathon,congruent,✅,0.7135345335996063
28,3,exam,congruent,✅,0.7175786570633276
28,3,marathon,incongruent,✅,0.2426430802841792
28,3,exam,incongruent,✅,0.3297471735504684
28,30,appalled,congruent,✅,0.579055377107543
28,30,overjoyed,congruent,❌,0.12713807622830908
28,30,appalled,incongruent,✅,0.11460481780400451
28,30,overjoyed,incongruent,✅,0.45149853728434164
28,31,reprimand,congruent,❌,0.2667668312974026
28,31,encouragement,congruent,❌,0.4858693126668469
28,31,reprimand,incongruent,✅,0.10990272391828665
28,31,encouragement,incongruent,✅,0.15986910359670287
28,32,angrily,congruent,✅,0.5332457875017562
28,32,cordially,congruent,✅,0.6613314864226841
28,32,angrily,incongruent,✅,0.3138141864888462
28,32,cordially,incongruent,✅,0.2659496593171847
28,33,accusatory,congruent,✅,0.9535198075519705
28,33,flirtatious,congruent,✅,0.911639374266193
28,33,accusatory,incongruent,❌,0.53921151813941
28,33,flirtatious,incongruent,❌,0.6565801355609006
28,34,disapprovingly,congruent,✅,0.9356431174479162
28,34,lovingly,congruent,✅,0.9150407942989957
28,34,disapprovingly,incongruent,✅,0.38140935785646213
28,34,lovingly,incongruent,✅,0.28849406356843316
28,35,playful,congruent,❌,0.3713207839688955
28,35,distant,congruent,✅,0.917315037129427
28,35,playful,incongruent,❌,0.7164834791383008
28,35,distant,incongruent,❌,0.6421934384678988
28,36,headphones,congruent,✅,0.7360227963423637
28,36,mangoes,congruent,❌,0.46072974244625636
28,36,headphones,incongruent,✅,0.19698234035778778
28,36,mangoes,incongruent,✅,0.31763899961861636
28,37,playroom,congruent,✅,0.9407689132578628
28,37,park,congruent,✅,0.9649672864535996
28,37,playroom,incongruent,✅,0.27171185775318624
28,37,park,incongruent,✅,0.2796766413489906
28,38,bedroom,congruent,✅,0.7956512647931621
28,38,backyard,congruent,✅,0.7204369637063991
28,38,bedroom,incongruent,✅,0.13773690374022138
28,38,backyard,incongruent,✅,0.05860748357752637
28,39,solemnly,congruent,✅,0.8049011448018563
28,39,excitedly,congruent,✅,0.9271021413509187
28,39,solemnly,incongruent,❌,0.7899154122621667
28,39,excitedly,incongruent,❌,0.6279395963351686
28,4,menu,congruent,✅,0.6994393044512865
28,4,prescription,congruent,✅,0.7436551287764768
28,4,menu,incongruent,❌,0.6363201887011137
28,4,prescription,incongruent,✅,0.28502477360467604
28,40,car,congruent,✅,0.5932050680184723
28,40,sock,congruent,✅,0.6537006837172601
28,40,car,incongruent,✅,0.45416425303714536
28,40,sock,incongruent,❌,0.5657551185329707
28,41,overdressed,congruent,✅,0.5882255881011882
28,41,naked,congruent,❌,0.07678483314332654
28,41,overdressed,incongruent,✅,0.025911191772008423
28,41,naked,incongruent,✅,0.11709162480854843
28,42,shy,congruent,❌,0.2738124387221824
28,42,lively,congruent,✅,0.7477273427723172
28,42,shy,incongruent,❌,0.5822849175958925
28,42,lively,incongruent,✅,0.1629845091337521
28,43,offended,congruent,✅,0.8884855234814112
28,43,flattered,congruent,✅,0.9048340337976273
28,43,offended,incongruent,❌,0.5330606550367245
28,43,flattered,incongruent,❌,0.8951157531483616
28,44,grandkid,congruent,✅,0.7226839990683721
28,44,cellmate,congruent,✅,0.5694395796278511
28,44,grandkid,incongruent,✅,0.14054245104786164
28,44,cellmate,incongruent,✅,0.06669687157425605
28,45,promoted,congruent,✅,0.9627552554667095
28,45,fired,congruent,✅,0.815520716322357
28,45,promoted,incongruent,❌,0.5731643027327162
28,45,fired,incongruent,❌,0.9364885702559393
28,46,shooting,congruent,✅,0.9120765072695779
28,46,celebration,congruent,❌,0.33568762829038296
28,46,shooting,incongruent,✅,0.02591190379479146
28,46,celebration,incongruent,❌,0.8690255186894109
28,47,crayon,congruent,❌,0.2672947552750701
28,47,beer,congruent,❌,0.467642990313848
28,47,crayon,incongruent,✅,0.02653975003962314
28,47,beer,incongruent,✅,0.019699868637390767
28,48,waiter,congruent,✅,0.6583425255033849
28,48,taxi,congruent,✅,0.5024613906564157
28,48,waiter,incongruent,✅,0.40126990505190435
28,48,taxi,incongruent,✅,0.48982903929995586
28,49,parents,congruent,✅,0.5490021482061105
28,49,keys,congruent,❌,0.4500620203168259
28,49,parents,incongruent,✅,0.3107239070342385
28,49,keys,incongruent,✅,0.4995310726446251
28,5,distress,congruent,✅,0.9406927882507964
28,5,tranquility,congruent,✅,0.9840112616294757
28,5,distress,incongruent,❌,0.7246753142707907
28,5,tranquility,incongruent,❌,0.684318817925331
28,50,sofa,congruent,✅,0.956702680853919
28,50,sky,congruent,✅,0.9964478001051214
28,50,sofa,incongruent,❌,0.9062904126680946
28,50,sky,incongruent,❌,0.7738032208037547
28,51,obesity,congruent,❌,0.20823983790500925
28,51,homework,congruent,✅,0.6024442567558904
28,51,obesity,incongruent,✅,0.28985752144441757
28,51,homework,incongruent,✅,0.12988665434214752
28,52,quiz,congruent,✅,0.8698179363844389
28,52,commute,congruent,✅,0.9172409344751286
28,52,quiz,incongruent,✅,0.13695365726219605
28,52,commute,incongruent,✅,0.40736015059192854
28,53,migraine,congruent,✅,0.9822340209218092
28,53,excitement,congruent,✅,0.7584472076889957
28,53,migraine,incongruent,✅,0.14753785157451246
28,53,excitement,incongruent,❌,0.540197140077299
28,54,niece,congruent,✅,0.9693448758407057
28,54,husband,congruent,✅,0.9425186283301975
28,54,niece,incongruent,❌,0.8602292211160915
28,54,husband,incongruent,❌,0.9091257290901588
28,55,film,congruent,❌,0.4173128063724055
28,55,sunrise,congruent,❌,0.3422155087561444
28,55,film,incongruent,✅,0.180820911359038
28,55,sunrise,incongruent,✅,0.25333014269463816
28,56,lecture,congruent,✅,0.733494806658926
28,56,banquet,congruent,❌,0.23422374427879997
28,56,lecture,incongruent,✅,0.024521692797227025
28,56,banquet,incongruent,✅,0.13584622543062003
28,57,drink,congruent,✅,0.9242530711433737
28,57,textbook,congruent,✅,0.998959148268225
28,57,drink,incongruent,✅,0.4013099247078726
28,57,textbook,incongruent,✅,0.1864042228962323
28,58,pool,congruent,✅,0.6677186071555233
28,58,snow,congruent,❌,0.4187127948447612
28,58,pool,incongruent,✅,0.2648559726143817
28,58,snow,incongruent,❌,0.5526649708268553
28,59,passport,congruent,✅,0.6719101300472226
28,59,plushy,congruent,❌,0.2867736369432088
28,59,passport,incongruent,✅,0.1439322798273852
28,59,plushy,incongruent,✅,0.2415105697770564
28,6,patients,congruent,✅,0.9566246100088364
28,6,students,congruent,❌,0.2549296366785703
28,6,patients,incongruent,✅,0.1873246732963492
28,6,students,incongruent,✅,0.3840309749238801
28,60,sister,congruent,✅,0.7659978152717577
28,60,father,congruent,✅,0.6720616291110563
28,60,sister,incongruent,❌,0.6009583742201255
28,60,father,incongruent,✅,0.36224492402174013
28,61,game,congruent,✅,0.6861341473174726
28,61,sunset,congruent,✅,0.8812713373818816
28,61,game,incongruent,✅,0.20369780774831733
28,61,sunset,incongruent,✅,0.4255704340999677
28,62,holidays,congruent,❌,0.2875431552052137
28,62,funeral,congruent,❌,0.09946683401596107
28,62,holidays,incongruent,✅,0.03908888581586684
28,62,funeral,incongruent,✅,0.17672196925570188
28,63,grades,congruent,❌,0.11467840978549947
28,63,affair,congruent,✅,0.5713418971191818
28,63,grades,incongruent,✅,0.36932175690835134
28,63,affair,incongruent,✅,0.034203123499783175
28,64,arrest,congruent,❌,0.09001527819149623
28,64,stroke,congruent,❌,0.1242950804412661
28,64,arrest,incongruent,✅,0.07990970312325082
28,64,stroke,incongruent,✅,0.08208842702455021
28,65,pacifier,congruent,✅,0.7073771250721317
28,65,coffee,congruent,✅,0.8501470123324496
28,65,pacifier,incongruent,✅,0.3621284012815726
28,65,coffee,incongruent,✅,0.04982854604419445
28,66,sweets,congruent,✅,0.5720908634632028
28,66,sentencing,congruent,✅,0.6537291436228545
28,66,sweets,incongruent,✅,0.21377678765394303
28,66,sentencing,incongruent,✅,0.32042498854028995
28,67,nap,congruent,✅,0.9919513081730512
28,67,selfie,congruent,✅,0.9281605136176438
28,67,nap,incongruent,❌,0.6557215562051899
28,67,selfie,incongruent,✅,0.10936969343219989
28,68,diaper,congruent,✅,0.8975850913148276
28,68,tire,congruent,✅,0.9375884339677385
28,68,diaper,incongruent,✅,0.1173891720514755
28,68,tire,incongruent,✅,0.26836798699943765
28,69,chemotherapy,congruent,❌,0.15448956157209448
28,69,golf,congruent,✅,0.817537732830652
28,69,chemotherapy,incongruent,✅,0.03741305690275168
28,69,golf,incongruent,✅,0.01910657490168229
28,7,consensus,congruent,✅,0.7258359797264037
28,7,deadlock,congruent,❌,0.14688932071713284
28,7,consensus,incongruent,✅,0.09993381242728522
28,7,deadlock,incongruent,❌,0.6370299051834959
28,70,thunder,congruent,❌,0.2938799297937957
28,70,lullaby,congruent,✅,0.9344244725922759
28,70,thunder,incongruent,❌,0.6290532070761607
28,70,lullaby,incongruent,✅,0.030825252221928747
28,71,pajamas,congruent,✅,0.9064829966887397
28,71,uniform,congruent,✅,0.8344495420799893
28,71,pajamas,incongruent,❌,0.6704526169531156
28,71,uniform,incongruent,✅,0.22781881188819908
28,72,gown,congruent,❌,0.42940432759419994
28,72,sweats,congruent,❌,0.4033038258276722
28,72,gown,incongruent,✅,0.018349314886327475
28,72,sweats,incongruent,✅,0.11971974399053299
28,73,deadline,congruent,❌,0.18448758907131982
28,73,bed,congruent,✅,0.8543895772922251
28,73,deadline,incongruent,✅,0.40052384965768323
28,73,bed,incongruent,✅,0.10953016559863897
28,74,kindergarten,congruent,✅,0.5301880406482756
28,74,jail,congruent,❌,0.2859775328568823
28,74,kindergarten,incongruent,✅,0.16760429180065956
28,74,jail,incongruent,✅,0.383471980125147
28,75,interrogated,congruent,✅,0.9399535369098632
28,75,tickled,congruent,✅,0.5376796826821495
28,75,interrogated,incongruent,✅,0.061044346463344994
28,75,tickled,incongruent,✅,0.4117261198962931
28,76,sandcastle,congruent,✅,0.9224815226561219
28,76,snowman,congruent,✅,0.9265005568361878
28,76,sandcastle,incongruent,✅,0.2880744494693349
28,76,snowman,incongruent,✅,0.33823362688246833
28,77,music,congruent,✅,0.807435963095982
28,77,pizza,congruent,✅,0.9008562246374759
28,77,music,incongruent,✅,0.20697636133792208
28,77,pizza,incongruent,✅,0.2085612959307254
28,78,playoffs,congruent,✅,0.586121416911336
28,78,cartoon,congruent,✅,0.9659183673007327
28,78,playoffs,incongruent,✅,0.19177189438105904
28,78,cartoon,incongruent,❌,0.5001064104600034
28,79,alcoholism,congruent,❌,0.28151828469615303
28,79,academics,congruent,✅,0.9379212704262514
28,79,alcoholism,incongruent,❌,0.5332622815172383
28,79,academics,incongruent,✅,0.29721901445522175
28,8,engagement,congruent,✅,0.7956241262095815
28,8,cancer,congruent,✅,0.8586663962489801
28,8,engagement,incongruent,❌,0.7597634433994809
28,8,cancer,incongruent,❌,0.5742360934071316
28,9,terminal,congruent,✅,0.9317317756634362
28,9,classroom,congruent,✅,0.9051041665600844
28,9,terminal,incongruent,❌,0.7191635036400363
28,9,classroom,incongruent,❌,0.7834951988175107
29,0,library,congruent,❌,0.19381599337647032
29,0,refrigerator,congruent,❌,0.3522169768771527
29,0,library,incongruent,✅,0.18442604112045993
29,0,refrigerator,incongruent,✅,0.1069550443913314
29,1,disappointment,congruent,✅,0.7730020953971426
29,1,delight,congruent,✅,0.8634687859184064
29,1,disappointment,incongruent,✅,0.20759258076021006
29,1,delight,incongruent,✅,0.43687896468737697
29,10,cash,congruent,❌,0.45458434519114704
29,10,groceries,congruent,❌,0.3351130140998568
29,10,cash,incongruent,✅,0.30450131163737426
29,10,groceries,incongruent,✅,0.3737723097038184
29,11,lonely,congruent,✅,0.7715097616081098
29,11,confident,congruent,✅,0.9184419289849978
29,11,lonely,incongruent,❌,0.7342335738527331
29,11,confident,incongruent,❌,0.5182196190889102
29,12,joy,congruent,✅,0.9252345875925891
29,12,outrage,congruent,❌,0.45967353259779525
29,12,joy,incongruent,✅,0.24551314622350204
29,12,outrage,incongruent,❌,0.7441435771027772
29,13,traffic,congruent,✅,0.7105285992571654
29,13,snowstorm,congruent,✅,0.5850510581963378
29,13,traffic,incongruent,✅,0.30903109467218837
29,13,snowstorm,incongruent,❌,0.5381260658395595
29,14,laughter,congruent,✅,0.9247793588381973
29,14,frustration,congruent,✅,0.7308365815773058
29,14,laughter,incongruent,✅,0.18169665807672408
29,14,frustration,incongruent,❌,0.6063059627470252
29,15,calculator,congruent,❌,0.1158964473208086
29,15,instrument,congruent,❌,0.018193973128757892
29,15,calculator,incongruent,✅,0.003970529708535867
29,15,instrument,incongruent,✅,0.15634916547637745
29,16,orchestra,congruent,✅,0.5228008532576893
29,16,racers,congruent,✅,0.5737531177525848
29,16,orchestra,incongruent,✅,0.2498004473284632
29,16,racers,incongruent,❌,0.5403370365684956
29,17,retirement,congruent,❌,0.3122163793969668
29,17,playdate,congruent,✅,0.6944577968188924
29,17,retirement,incongruent,✅,0.14582534674777417
29,17,playdate,incongruent,✅,0.2064549925640664
29,18,relieved,congruent,✅,0.8442836988529653
29,18,depressed,congruent,✅,0.7159653154805491
29,18,relieved,incongruent,✅,0.21181407074087394
29,18,depressed,incongruent,❌,0.610305162998034
29,19,friends,congruent,❌,0.07720959291899947
29,19,weight,congruent,✅,0.7768671597775638
29,19,friends,incongruent,❌,0.7998699779339389
29,19,weight,incongruent,✅,0.044744427548167924
29,2,overcoat,congruent,✅,0.7135275132538191
29,2,sandals,congruent,❌,0.43225609512106977
29,2,overcoat,incongruent,✅,0.09460613037205104
29,2,sandals,incongruent,✅,0.4843780648792962
29,20,lipstick,congruent,✅,0.8132761247781165
29,20,song,congruent,✅,0.739625567726304
29,20,lipstick,incongruent,✅,0.3631372879337656
29,20,song,incongruent,❌,0.6232708343833236
29,21,fought,congruent,❌,0.1397015814080608
29,21,sang,congruent,❌,0.2159297098235798
29,21,fought,incongruent,✅,0.08582762108667912
29,21,sang,incongruent,✅,0.06588050902656667
29,22,skeptical,congruent,❌,0.12621161248444704
29,22,reassured,congruent,❌,0.34081233185017196
29,22,skeptical,incongruent,✅,0.22045130449574843
29,22,reassured,incongruent,✅,0.0725447849284287
29,23,graduation,congruent,✅,0.9861416750582207
29,23,operation,congruent,✅,0.9347311841059041
29,23,graduation,incongruent,❌,0.5804637735058887
29,23,operation,incongruent,❌,0.8413221318075436
29,24,bride,congruent,✅,0.6886867175201328
29,24,aftermath,congruent,✅,0.5367214711800138
29,24,bride,incongruent,✅,0.20441538020318176
29,24,aftermath,incongruent,✅,0.2837204973859921
29,25,teacher,congruent,✅,0.6999817185512555
29,25,daughter,congruent,✅,0.9806957146547612
29,25,teacher,incongruent,❌,0.7092720683723797
29,25,daughter,incongruent,❌,0.8722497832300679
29,26,roommate,congruent,❌,0.45177532537218307
29,26,grandma,congruent,✅,0.644658664781021
29,26,roommate,incongruent,✅,0.23141625800588075
29,26,grandma,incongruent,✅,0.21152766122883776
29,27,brother,congruent,✅,0.5544522280611431
29,27,mother,congruent,✅,0.6577293859911896
29,27,brother,incongruent,❌,0.6122839585672802
29,27,mother,incongruent,✅,0.2821594755213207
29,28,preschool,congruent,✅,0.5767036068546654
29,28,prison,congruent,❌,0.1573092480398737
29,28,preschool,incongruent,✅,0.06955134208878425
29,28,prison,incongruent,✅,0.10085832716791424
29,29,hopeful,congruent,❌,0.07151017661735465
29,29,hopeless,congruent,✅,0.6289730032052891
29,29,hopeful,incongruent,✅,0.44607434810532076
29,29,hopeless,incongruent,✅,0.07227112905945678
29,3,marathon,congruent,✅,0.7053905560616164
29,3,exam,congruent,✅,0.7183834249089313
29,3,marathon,incongruent,✅,0.26591614730805957
29,3,exam,incongruent,✅,0.3208777354286087
29,30,appalled,congruent,❌,0.4808662677278039
29,30,overjoyed,congruent,❌,0.1525358898433758
29,30,appalled,incongruent,✅,0.14695548094417876
29,30,overjoyed,incongruent,✅,0.39383444673064905
29,31,reprimand,congruent,❌,0.27521559514715
29,31,encouragement,congruent,✅,0.5243138261576741
29,31,reprimand,incongruent,✅,0.14035506608108747
29,31,encouragement,incongruent,✅,0.14589694211067736
29,32,angrily,congruent,✅,0.5220703081941855
29,32,cordially,congruent,✅,0.6312106765644441
29,32,angrily,incongruent,✅,0.3483068267674854
29,32,cordially,incongruent,✅,0.25152474471502717
29,33,accusatory,congruent,✅,0.9638452645743153
29,33,flirtatious,congruent,✅,0.8840721570252704
29,33,accusatory,incongruent,✅,0.48407979296003756
29,33,flirtatious,incongruent,❌,0.5463174707422843
29,34,disapprovingly,congruent,✅,0.9198573228574478
29,34,lovingly,congruent,✅,0.8584609024793625
29,34,disapprovingly,incongruent,✅,0.3374698386283799
29,34,lovingly,incongruent,✅,0.22432955827586049
29,35,playful,congruent,❌,0.346519827894158
29,35,distant,congruent,✅,0.9463576813488943
29,35,playful,incongruent,❌,0.7538144763497556
29,35,distant,incongruent,❌,0.6770705252640412
29,36,headphones,congruent,✅,0.7914667873204664
29,36,mangoes,congruent,✅,0.5830747138253269
29,36,headphones,incongruent,✅,0.2435284837493978
29,36,mangoes,incongruent,✅,0.36964357726323693
29,37,playroom,congruent,✅,0.9471484728659814
29,37,park,congruent,✅,0.951471077752486
29,37,playroom,incongruent,✅,0.27735235167719857
29,37,park,incongruent,✅,0.2556697395084237
29,38,bedroom,congruent,✅,0.8637648695419577
29,38,backyard,congruent,✅,0.6842909014163245
29,38,bedroom,incongruent,✅,0.14844787746550833
29,38,backyard,incongruent,✅,0.0701916138846545
29,39,solemnly,congruent,✅,0.8040765209516088
29,39,excitedly,congruent,✅,0.9098540396413358
29,39,solemnly,incongruent,❌,0.7815126232255376
29,39,excitedly,incongruent,❌,0.5748447485035719
29,4,menu,congruent,✅,0.6048531739049429
29,4,prescription,congruent,✅,0.8618167676208559
29,4,menu,incongruent,❌,0.6691897384491927
29,4,prescription,incongruent,✅,0.23936201413246974
29,40,car,congruent,✅,0.6307789502440849
29,40,sock,congruent,✅,0.7196160958975721
29,40,car,incongruent,✅,0.41773210888576806
29,40,sock,incongruent,❌,0.6467809910839991
29,41,overdressed,congruent,✅,0.5768308312617725
29,41,naked,congruent,❌,0.07380691263573383
29,41,overdressed,incongruent,✅,0.019889386133443383
29,41,naked,incongruent,✅,0.10100478665412635
29,42,shy,congruent,❌,0.22576148460610163
29,42,lively,congruent,✅,0.7413874467645718
29,42,shy,incongruent,❌,0.5928476352784623
29,42,lively,incongruent,✅,0.13646307801759697
29,43,offended,congruent,✅,0.8777222743752021
29,43,flattered,congruent,✅,0.8901900297836038
29,43,offended,incongruent,❌,0.5170614275145012
29,43,flattered,incongruent,❌,0.853550070811375
29,44,grandkid,congruent,✅,0.7662234276592741
29,44,cellmate,congruent,❌,0.39381261413615015
29,44,grandkid,incongruent,✅,0.12250082239695205
29,44,cellmate,incongruent,✅,0.061736330176309834
29,45,promoted,congruent,✅,0.9724216007032523
29,45,fired,congruent,✅,0.7987913092618965
29,45,promoted,incongruent,❌,0.5298022983040616
29,45,fired,incongruent,❌,0.9468960492234342
29,46,shooting,congruent,✅,0.9084153330642667
29,46,celebration,congruent,❌,0.334647393637579
29,46,shooting,incongruent,✅,0.040783067410126723
29,46,celebration,incongruent,❌,0.8564849145088427
29,47,crayon,congruent,❌,0.2987826999816857
29,47,beer,congruent,✅,0.6832282209310508
29,47,crayon,incongruent,✅,0.03840425642155864
29,47,beer,incongruent,✅,0.01750823419068501
29,48,waiter,congruent,✅,0.546690027285533
29,48,taxi,congruent,❌,0.47941601523772387
29,48,waiter,incongruent,✅,0.3983068585973687
29,48,taxi,incongruent,✅,0.3668738176985432
29,49,parents,congruent,✅,0.6285927657102279
29,49,keys,congruent,✅,0.6044671987143557
29,49,parents,incongruent,✅,0.3784023041522577
29,49,keys,incongruent,❌,0.6026057928375143
29,5,distress,congruent,✅,0.9559229507907604
29,5,tranquility,congruent,✅,0.9859126920567645
29,5,distress,incongruent,❌,0.7827651393053302
29,5,tranquility,incongruent,❌,0.7000609142507311
29,50,sofa,congruent,✅,0.9609171477079421
29,50,sky,congruent,✅,0.9963311943673037
29,50,sofa,incongruent,❌,0.8939908768579811
29,50,sky,incongruent,❌,0.7808580143766851
29,51,obesity,congruent,❌,0.27745476555837334
29,51,homework,congruent,❌,0.46241391883387595
29,51,obesity,incongruent,✅,0.1991447283920402
29,51,homework,incongruent,✅,0.1322249589117105
29,52,quiz,congruent,✅,0.8786442098997044
29,52,commute,congruent,✅,0.9007093511115374
29,52,quiz,incongruent,✅,0.1861530088574992
29,52,commute,incongruent,✅,0.39356751595530914
29,53,migraine,congruent,✅,0.9888652909018452
29,53,excitement,congruent,✅,0.7206313246047795
29,53,migraine,incongruent,✅,0.14740233470988456
29,53,excitement,incongruent,✅,0.48837358125123
29,54,niece,congruent,✅,0.9536513202798824
29,54,husband,congruent,✅,0.9306866578514367
29,54,niece,incongruent,❌,0.8281303538789762
29,54,husband,incongruent,❌,0.8872029446197364
29,55,film,congruent,❌,0.4648072552765892
29,55,sunrise,congruent,❌,0.40343548668109497
29,55,film,incongruent,✅,0.22006251432608456
29,55,sunrise,incongruent,✅,0.22542958102759225
29,56,lecture,congruent,✅,0.6311052314885702
29,56,banquet,congruent,❌,0.21516333530531676
29,56,lecture,incongruent,✅,0.02621314928209112
29,56,banquet,incongruent,✅,0.09670298340156205
29,57,drink,congruent,✅,0.903456511178932
29,57,textbook,congruent,✅,0.9980525278050042
29,57,drink,incongruent,✅,0.3452051745844746
29,57,textbook,incongruent,✅,0.15421492097192055
29,58,pool,congruent,✅,0.5760400993089598
29,58,snow,congruent,❌,0.44292698163581573
29,58,pool,incongruent,✅,0.25883923730035063
29,58,snow,incongruent,✅,0.45794158427818615
29,59,passport,congruent,✅,0.7201259978616147
29,59,plushy,congruent,❌,0.22314632463528766
29,59,passport,incongruent,✅,0.11755052713360004
29,59,plushy,incongruent,✅,0.2539065300858487
29,6,patients,congruent,✅,0.9638927363618314
29,6,students,congruent,❌,0.27713064538772253
29,6,patients,incongruent,✅,0.2250956369535942
29,6,students,incongruent,✅,0.4440689821934082
29,60,sister,congruent,✅,0.8158846893234981
29,60,father,congruent,✅,0.614575983474312
29,60,sister,incongruent,❌,0.6317137820178711
29,60,father,incongruent,✅,0.3696481825240746
29,61,game,congruent,✅,0.6451190102326209
29,61,sunset,congruent,✅,0.8672154743885476
29,61,game,incongruent,✅,0.2449592998354834
29,61,sunset,incongruent,✅,0.2991942946529717
29,62,holidays,congruent,❌,0.3175913052355307
29,62,funeral,congruent,❌,0.10073891735801119
29,62,holidays,incongruent,✅,0.05307652678296104
29,62,funeral,incongruent,✅,0.14255371103298667
29,63,grades,congruent,❌,0.11224117022891217
29,63,affair,congruent,✅,0.5239389962881428
29,63,grades,incongruent,✅,0.2782399508884249
29,63,affair,incongruent,✅,0.039973745778102004
29,64,arrest,congruent,❌,0.12104805870972284
29,64,stroke,congruent,❌,0.15325089313330673
29,64,arrest,incongruent,✅,0.09639826194747202
29,64,stroke,incongruent,✅,0.125071168141965
29,65,pacifier,congruent,✅,0.6191515037610975
29,65,coffee,congruent,✅,0.7396929726194278
29,65,pacifier,incongruent,✅,0.2730637091640869
29,65,coffee,incongruent,✅,0.041653803951524085
29,66,sweets,congruent,✅,0.6117031277204817
29,66,sentencing,congruent,✅,0.5961310717150697
29,66,sweets,incongruent,✅,0.1981654932713893
29,66,sentencing,incongruent,✅,0.3065492664929257
29,67,nap,congruent,✅,0.9951328694997527
29,67,selfie,congruent,✅,0.9541492896229601
29,67,nap,incongruent,❌,0.7321826620033363
29,67,selfie,incongruent,✅,0.16685599079654057
29,68,diaper,congruent,✅,0.9138145584403169
29,68,tire,congruent,✅,0.9540350366164208
29,68,diaper,incongruent,✅,0.1207662822316789
29,68,tire,incongruent,✅,0.35924211508511256
29,69,chemotherapy,congruent,❌,0.277691482271157
29,69,golf,congruent,✅,0.8840129148399553
29,69,chemotherapy,incongruent,✅,0.08667780405681186
29,69,golf,incongruent,✅,0.026868226449718674
29,7,consensus,congruent,✅,0.6931929581040642
29,7,deadlock,congruent,❌,0.2033044318880823
29,7,consensus,incongruent,✅,0.13517629072177073
29,7,deadlock,incongruent,❌,0.6182335442850256
29,70,thunder,congruent,❌,0.2785505852949684
29,70,lullaby,congruent,✅,0.9289610184251758
29,70,thunder,incongruent,❌,0.5210931165799283
29,70,lullaby,incongruent,✅,0.03326711857925175
29,71,pajamas,congruent,✅,0.9144579909766033
29,71,uniform,congruent,✅,0.8305744212781049
29,71,pajamas,incongruent,❌,0.705029039577429
29,71,uniform,incongruent,✅,0.21963449829094595
29,72,gown,congruent,❌,0.4213161609006201
29,72,sweats,congruent,❌,0.41272473827999967
29,72,gown,incongruent,✅,0.020594388891177835
29,72,sweats,incongruent,✅,0.12935885734287647
29,73,deadline,congruent,❌,0.16491793639064226
29,73,bed,congruent,✅,0.8608491514763853
29,73,deadline,incongruent,✅,0.4296557385136266
29,73,bed,incongruent,✅,0.08894046631900042
29,74,kindergarten,congruent,✅,0.5449463429563796
29,74,jail,congruent,❌,0.2742887834319025
29,74,kindergarten,incongruent,✅,0.15578878636472673
29,74,jail,incongruent,✅,0.391525564713858
29,75,interrogated,congruent,✅,0.9374230153088166
29,75,tickled,congruent,✅,0.550134683481271
29,75,interrogated,incongruent,✅,0.0748679080368438
29,75,tickled,incongruent,✅,0.3940687456806758
29,76,sandcastle,congruent,✅,0.9307128107370944
29,76,snowman,congruent,✅,0.9223815547638679
29,76,sandcastle,incongruent,✅,0.24458961891428158
29,76,snowman,incongruent,✅,0.3389138098086251
29,77,music,congruent,✅,0.8696482644804021
29,77,pizza,congruent,✅,0.9065078437303427
29,77,music,incongruent,✅,0.1574469591440453
29,77,pizza,incongruent,✅,0.26579758334725706
29,78,playoffs,congruent,✅,0.5852252104847753
29,78,cartoon,congruent,✅,0.9563884781634382
29,78,playoffs,incongruent,✅,0.17409104873609446
29,78,cartoon,incongruent,✅,0.4679814956151229
29,79,alcoholism,congruent,❌,0.28300787298319346
29,79,academics,congruent,✅,0.943901102775447
29,79,alcoholism,incongruent,❌,0.561066608461066
29,79,academics,incongruent,✅,0.2879520214054548
29,8,engagement,congruent,✅,0.8048757786679344
29,8,cancer,congruent,✅,0.8845526564323961
29,8,engagement,incongruent,❌,0.8177197309001812
29,8,cancer,incongruent,❌,0.6072738669564328
29,9,terminal,congruent,✅,0.942780013510794
29,9,classroom,congruent,✅,0.8986027962613271
29,9,terminal,incongruent,❌,0.6874689755968174
29,9,classroom,incongruent,❌,0.7762167813142243
30,0,library,congruent,❌,0.16981018073959617
30,0,refrigerator,congruent,❌,0.2458120707324572
30,0,library,incongruent,✅,0.15806316134781945
30,0,refrigerator,incongruent,✅,0.0631049996760435
30,1,disappointment,congruent,✅,0.8127120833571388
30,1,delight,congruent,✅,0.8500029959933605
30,1,disappointment,incongruent,✅,0.21913096006190905
30,1,delight,incongruent,✅,0.474492738771687
30,10,cash,congruent,❌,0.3428654632783585
30,10,groceries,congruent,❌,0.259219257442693
30,10,cash,incongruent,✅,0.2543858173865458
30,10,groceries,incongruent,✅,0.27635374576954425
30,11,lonely,congruent,✅,0.6633322412812387
30,11,confident,congruent,✅,0.9317172395145537
30,11,lonely,incongruent,❌,0.7754445913100237
30,11,confident,incongruent,✅,0.3749631771572455
30,12,joy,congruent,✅,0.9441253483974116
30,12,outrage,congruent,✅,0.5737564340218626
30,12,joy,incongruent,✅,0.3108069864771528
30,12,outrage,incongruent,❌,0.7959263283078525
30,13,traffic,congruent,✅,0.7493220871762426
30,13,snowstorm,congruent,✅,0.5739601729152819
30,13,traffic,incongruent,✅,0.3342072149950459
30,13,snowstorm,incongruent,❌,0.5809839315358944
30,14,laughter,congruent,✅,0.9378691089178425
30,14,frustration,congruent,✅,0.6567628880582247
30,14,laughter,incongruent,✅,0.1459249792008107
30,14,frustration,incongruent,❌,0.5058173137590231
30,15,calculator,congruent,❌,0.14402636973462518
30,15,instrument,congruent,❌,0.033778082845631205
30,15,calculator,incongruent,✅,0.008775332377093617
30,15,instrument,incongruent,✅,0.18985124000261844
30,16,orchestra,congruent,✅,0.5049006888720703
30,16,racers,congruent,✅,0.5501148735791281
30,16,orchestra,incongruent,✅,0.27752950984739855
30,16,racers,incongruent,✅,0.49841022981961886
30,17,retirement,congruent,❌,0.2110762835080479
30,17,playdate,congruent,❌,0.3900660182274428
30,17,retirement,incongruent,✅,0.05917440412997572
30,17,playdate,incongruent,✅,0.10064195013125456
30,18,relieved,congruent,✅,0.8137513332240285
30,18,depressed,congruent,✅,0.742511242701112
30,18,relieved,incongruent,✅,0.2396893208261934
30,18,depressed,incongruent,❌,0.5747245792131369
30,19,friends,congruent,❌,0.10995633405153042
30,19,weight,congruent,✅,0.7184621336327652
30,19,friends,incongruent,❌,0.8016206212446577
30,19,weight,incongruent,✅,0.060616149223239005
30,2,overcoat,congruent,✅,0.6838706645330458
30,2,sandals,congruent,❌,0.36535130732333404
30,2,overcoat,incongruent,✅,0.0682562065366871
30,2,sandals,incongruent,✅,0.38032539406049054
30,20,lipstick,congruent,✅,0.7757212055845057
30,20,song,congruent,✅,0.7520633415078457
30,20,lipstick,incongruent,✅,0.3555780568584305
30,20,song,incongruent,❌,0.6097178215449351
30,21,fought,congruent,❌,0.1429820489134276
30,21,sang,congruent,❌,0.1395364964594077
30,21,fought,incongruent,✅,0.05814874826474592
30,21,sang,incongruent,✅,0.03527856112571209
30,22,skeptical,congruent,❌,0.13929501657134555
30,22,reassured,congruent,❌,0.3567723559849712
30,22,skeptical,incongruent,✅,0.24995438439289805
30,22,reassured,incongruent,✅,0.06240298068941765
30,23,graduation,congruent,✅,0.9938154617242717
30,23,operation,congruent,✅,0.9456967561558807
30,23,graduation,incongruent,❌,0.6199544545782155
30,23,operation,incongruent,❌,0.9268915952352055
30,24,bride,congruent,✅,0.7731080978996107
30,24,aftermath,congruent,✅,0.6043755485325444
30,24,bride,incongruent,✅,0.2495277810306621
30,24,aftermath,incongruent,✅,0.38987363248923196
30,25,teacher,congruent,✅,0.676682051796265
30,25,daughter,congruent,✅,0.983972198264358
30,25,teacher,incongruent,❌,0.7260116266845544
30,25,daughter,incongruent,❌,0.8734668211279092
30,26,roommate,congruent,✅,0.6469351455750388
30,26,grandma,congruent,✅,0.7831233190373178
30,26,roommate,incongruent,✅,0.3719699995484722
30,26,grandma,incongruent,✅,0.352996766287624
30,27,brother,congruent,✅,0.5183775446322679
30,27,mother,congruent,✅,0.6099037198580094
30,27,brother,incongruent,❌,0.5831104810672008
30,27,mother,incongruent,✅,0.23206698096102038
30,28,preschool,congruent,✅,0.6380611724227928
30,28,prison,congruent,❌,0.24479576122515948
30,28,preschool,incongruent,✅,0.09939048385956363
30,28,prison,incongruent,✅,0.13997136316659078
30,29,hopeful,congruent,❌,0.10766620700918157
30,29,hopeless,congruent,✅,0.6617990848023547
30,29,hopeful,incongruent,✅,0.46710430151559096
30,29,hopeless,incongruent,✅,0.11299305567906938
30,3,marathon,congruent,✅,0.7180709861268153
30,3,exam,congruent,✅,0.6771483265729997
30,3,marathon,incongruent,✅,0.2665667223228879
30,3,exam,incongruent,✅,0.3228828695658444
30,30,appalled,congruent,❌,0.43721624459648095
30,30,overjoyed,congruent,❌,0.1428672752235974
30,30,appalled,incongruent,✅,0.14733853038004724
30,30,overjoyed,incongruent,✅,0.3351950469396281
30,31,reprimand,congruent,❌,0.2562236896747582
30,31,encouragement,congruent,❌,0.4552945249753793
30,31,reprimand,incongruent,✅,0.09896698132979562
30,31,encouragement,incongruent,✅,0.1581308593669517
30,32,angrily,congruent,❌,0.47354778172357775
30,32,cordially,congruent,✅,0.5934973112655261
30,32,angrily,incongruent,✅,0.3265368168006595
30,32,cordially,incongruent,✅,0.19172233984159687
30,33,accusatory,congruent,✅,0.9529618297621237
30,33,flirtatious,congruent,✅,0.8914991184032119
30,33,accusatory,incongruent,❌,0.5204669390342991
30,33,flirtatious,incongruent,❌,0.6284309069145526
30,34,disapprovingly,congruent,✅,0.9278373533333375
30,34,lovingly,congruent,✅,0.8606268272172293
30,34,disapprovingly,incongruent,✅,0.3549710783138979
30,34,lovingly,incongruent,✅,0.33198951944328786
30,35,playful,congruent,❌,0.3357605096020804
30,35,distant,congruent,✅,0.9275006526556194
30,35,playful,incongruent,❌,0.6909856306087087
30,35,distant,incongruent,❌,0.6369453609629706
30,36,headphones,congruent,✅,0.8166191617304888
30,36,mangoes,congruent,✅,0.5849511329375645
30,36,headphones,incongruent,✅,0.2488420166259449
30,36,mangoes,incongruent,✅,0.41991462940567054
30,37,playroom,congruent,✅,0.9659026888322578
30,37,park,congruent,✅,0.965751603704314
30,37,playroom,incongruent,✅,0.40192233407793604
30,37,park,incongruent,✅,0.3526749388138248
30,38,bedroom,congruent,✅,0.8000921097274251
30,38,backyard,congruent,✅,0.6313491954081822
30,38,bedroom,incongruent,✅,0.12338060473476357
30,38,backyard,incongruent,✅,0.057275335894230985
30,39,solemnly,congruent,✅,0.8124011224398799
30,39,excitedly,congruent,✅,0.9360456107180627
30,39,solemnly,incongruent,❌,0.7982764162254009
30,39,excitedly,incongruent,❌,0.6056375092313037
30,4,menu,congruent,✅,0.632550124526721
30,4,prescription,congruent,✅,0.9210140761752409
30,4,menu,incongruent,❌,0.8039925346688087
30,4,prescription,incongruent,✅,0.2605602886563873
30,40,car,congruent,✅,0.6630782918999916
30,40,sock,congruent,✅,0.6594685082396412
30,40,car,incongruent,✅,0.26523474076601145
30,40,sock,incongruent,❌,0.7715229758016395
30,41,overdressed,congruent,✅,0.5072987615993574
30,41,naked,congruent,❌,0.07178709416901113
30,41,overdressed,incongruent,✅,0.018762685677933568
30,41,naked,incongruent,✅,0.10198510939217711
30,42,shy,congruent,❌,0.2010916523078837
30,42,lively,congruent,✅,0.7806207214952252
30,42,shy,incongruent,❌,0.647232701924218
30,42,lively,incongruent,✅,0.12293447055595066
30,43,offended,congruent,✅,0.8546211503657702
30,43,flattered,congruent,✅,0.8275659457152182
30,43,offended,incongruent,✅,0.4466615600672983
30,43,flattered,incongruent,❌,0.8079056628515601
30,44,grandkid,congruent,✅,0.7820532240298408
30,44,cellmate,congruent,✅,0.5052111521600479
30,44,grandkid,incongruent,✅,0.14289053602611268
30,44,cellmate,incongruent,✅,0.06667149258894559
30,45,promoted,congruent,✅,0.9680073372803233
30,45,fired,congruent,✅,0.787082734592688
30,45,promoted,incongruent,❌,0.5573345076991904
30,45,fired,incongruent,❌,0.9159750611628911
30,46,shooting,congruent,✅,0.8502872405850778
30,46,celebration,congruent,❌,0.36090494028432074
30,46,shooting,incongruent,✅,0.08171850184898033
30,46,celebration,incongruent,❌,0.7216435734621742
30,47,crayon,congruent,❌,0.3083008918657167
30,47,beer,congruent,✅,0.5116203550866751
30,47,crayon,incongruent,✅,0.04108663311162419
30,47,beer,incongruent,✅,0.020972868176702512
30,48,waiter,congruent,✅,0.5885588362384856
30,48,taxi,congruent,❌,0.3666756643489381
30,48,waiter,incongruent,✅,0.3488967659940333
30,48,taxi,incongruent,✅,0.4134641145670347
30,49,parents,congruent,✅,0.5872088501942911
30,49,keys,congruent,✅,0.5695368214377997
30,49,parents,incongruent,✅,0.3510648032550104
30,49,keys,incongruent,❌,0.6311887189081767
30,5,distress,congruent,✅,0.9568144578932046
30,5,tranquility,congruent,✅,0.9887606091277351
30,5,distress,incongruent,❌,0.8023025741404699
30,5,tranquility,incongruent,❌,0.7285312781480687
30,50,sofa,congruent,✅,0.9595747937561839
30,50,sky,congruent,✅,0.9951387514032403
30,50,sofa,incongruent,❌,0.8795434270297217
30,50,sky,incongruent,❌,0.6969013094835008
30,51,obesity,congruent,❌,0.23202699891859183
30,51,homework,congruent,❌,0.34254566667353337
30,51,obesity,incongruent,✅,0.15030588215808502
30,51,homework,incongruent,✅,0.09776576679416352
30,52,quiz,congruent,✅,0.8948845410042258
30,52,commute,congruent,✅,0.8908321616710477
30,52,quiz,incongruent,✅,0.21383691791549161
30,52,commute,incongruent,✅,0.4187253671048878
30,53,migraine,congruent,✅,0.9905769243802123
30,53,excitement,congruent,✅,0.7365584695375349
30,53,migraine,incongruent,✅,0.18884013592365056
30,53,excitement,incongruent,❌,0.509846445790331
30,54,niece,congruent,✅,0.8697264607345239
30,54,husband,congruent,✅,0.862533863698825
30,54,niece,incongruent,❌,0.6721295708904745
30,54,husband,incongruent,❌,0.7660869010578983
30,55,film,congruent,❌,0.44701085154365217
30,55,sunrise,congruent,❌,0.4698091795266052
30,55,film,incongruent,✅,0.2183829479029708
30,55,sunrise,incongruent,✅,0.22117038370959713
30,56,lecture,congruent,✅,0.5846210051269349
30,56,banquet,congruent,❌,0.24882097249929852
30,56,lecture,incongruent,✅,0.02792512401933246
30,56,banquet,incongruent,✅,0.08265272269525376
30,57,drink,congruent,✅,0.9364788887036656
30,57,textbook,congruent,✅,0.9964160679936807
30,57,drink,incongruent,✅,0.4195506615294365
30,57,textbook,incongruent,✅,0.2266527593458554
30,58,pool,congruent,✅,0.623343621884179
30,58,snow,congruent,❌,0.4709348144276741
30,58,pool,incongruent,✅,0.3398077530440991
30,58,snow,incongruent,✅,0.4977913501980674
30,59,passport,congruent,✅,0.7961467533701317
30,59,plushy,congruent,❌,0.272955573016436
30,59,passport,incongruent,✅,0.1735982983975025
30,59,plushy,incongruent,✅,0.38069683788805314
30,6,patients,congruent,✅,0.9286487917888145
30,6,students,congruent,❌,0.3416527106714311
30,6,patients,incongruent,✅,0.21788732802837393
30,6,students,incongruent,✅,0.34655730345097235
30,60,sister,congruent,✅,0.8412468237539541
30,60,father,congruent,✅,0.6035386170414525
30,60,sister,incongruent,❌,0.6042172926568237
30,60,father,incongruent,✅,0.39443131688204186
30,61,game,congruent,✅,0.5806727304449021
30,61,sunset,congruent,✅,0.8487566651636671
30,61,game,incongruent,✅,0.22470777786211335
30,61,sunset,incongruent,✅,0.32185264931219915
30,62,holidays,congruent,❌,0.30954966195845984
30,62,funeral,congruent,❌,0.16119682558361237
30,62,holidays,incongruent,✅,0.060717101454268056
30,62,funeral,incongruent,✅,0.2544052060456221
30,63,grades,congruent,❌,0.25761763856831504
30,63,affair,congruent,✅,0.6485938985486582
30,63,grades,incongruent,✅,0.37933187360366244
30,63,affair,incongruent,✅,0.10005374372993277
30,64,arrest,congruent,❌,0.11233750736703293
30,64,stroke,congruent,❌,0.15965387101261821
30,64,arrest,incongruent,✅,0.09106965705125718
30,64,stroke,incongruent,✅,0.13528298675155273
30,65,pacifier,congruent,✅,0.5463227559528966
30,65,coffee,congruent,✅,0.8270855977619471
30,65,pacifier,incongruent,✅,0.24791126851074657
30,65,coffee,incongruent,✅,0.06096942271439059
30,66,sweets,congruent,✅,0.5425154892255181
30,66,sentencing,congruent,✅,0.6183461952209585
30,66,sweets,incongruent,✅,0.19985187673141996
30,66,sentencing,incongruent,✅,0.3447348002545174
30,67,nap,congruent,✅,0.9933798165067489
30,67,selfie,congruent,✅,0.9447945893831646
30,67,nap,incongruent,❌,0.7007855822574077
30,67,selfie,incongruent,✅,0.14964620052022784
30,68,diaper,congruent,✅,0.873574736054345
30,68,tire,congruent,✅,0.9378735137938892
30,68,diaper,incongruent,✅,0.1254475678825476
30,68,tire,incongruent,✅,0.3634620989794553
30,69,chemotherapy,congruent,❌,0.20365534204714714
30,69,golf,congruent,✅,0.8175093579051734
30,69,chemotherapy,incongruent,✅,0.043556831183276856
30,69,golf,incongruent,✅,0.019739899402298953
30,7,consensus,congruent,✅,0.610457181668017
30,7,deadlock,congruent,❌,0.15445306219631041
30,7,consensus,incongruent,✅,0.10537736743304411
30,7,deadlock,incongruent,❌,0.5155930675787364
30,70,thunder,congruent,❌,0.2647598481209136
30,70,lullaby,congruent,✅,0.8950458826273684
30,70,thunder,incongruent,✅,0.4921827570589708
30,70,lullaby,incongruent,✅,0.04528727523442509
30,71,pajamas,congruent,✅,0.9282354623437871
30,71,uniform,congruent,✅,0.8420511846048285
30,71,pajamas,incongruent,❌,0.7431792830696082
30,71,uniform,incongruent,✅,0.2608131692752798
30,72,gown,congruent,❌,0.36498266613252073
30,72,sweats,congruent,❌,0.4114993287204714
30,72,gown,incongruent,✅,0.03233917005510932
30,72,sweats,incongruent,✅,0.11839192752066278
30,73,deadline,congruent,❌,0.1860428458440749
30,73,bed,congruent,✅,0.8838727884744584
30,73,deadline,incongruent,❌,0.5449467431024977
30,73,bed,incongruent,✅,0.09282648619713382
30,74,kindergarten,congruent,✅,0.527987321411251
30,74,jail,congruent,❌,0.18285299738681474
30,74,kindergarten,incongruent,✅,0.12083706981733053
30,74,jail,incongruent,✅,0.27344834450917205
30,75,interrogated,congruent,✅,0.9092977058672272
30,75,tickled,congruent,❌,0.4937138569230541
30,75,interrogated,incongruent,✅,0.09263510046802922
30,75,tickled,incongruent,✅,0.28964710959016876
30,76,sandcastle,congruent,✅,0.8664754658796345
30,76,snowman,congruent,✅,0.8860279778470379
30,76,sandcastle,incongruent,✅,0.14970495180371318
30,76,snowman,incongruent,✅,0.19254315621802923
30,77,music,congruent,✅,0.9362921187306709
30,77,pizza,congruent,✅,0.9417690000087567
30,77,music,incongruent,✅,0.32569189871472026
30,77,pizza,incongruent,✅,0.34856293113510045
30,78,playoffs,congruent,✅,0.564774952963211
30,78,cartoon,congruent,✅,0.9344510027814089
30,78,playoffs,incongruent,✅,0.12408258659667074
30,78,cartoon,incongruent,✅,0.42248500964628943
30,79,alcoholism,congruent,❌,0.30121459985811433
30,79,academics,congruent,✅,0.9393132759017482
30,79,alcoholism,incongruent,❌,0.5672725517917543
30,79,academics,incongruent,✅,0.30055028845207227
30,8,engagement,congruent,✅,0.8043961913953023
30,8,cancer,congruent,✅,0.7808223092637671
30,8,engagement,incongruent,❌,0.674594686752541
30,8,cancer,incongruent,❌,0.5646547376589208
30,9,terminal,congruent,✅,0.8783520921430756
30,9,classroom,congruent,✅,0.9266978007388532
30,9,terminal,incongruent,❌,0.6190026015061637
30,9,classroom,incongruent,❌,0.8083552700295098
31,0,library,congruent,❌,0.16713015579647317
31,0,refrigerator,congruent,❌,0.23663312914883677
31,0,library,incongruent,✅,0.12351885357461713
31,0,refrigerator,incongruent,✅,0.06912261508371405
31,1,disappointment,congruent,✅,0.843659790807629
31,1,delight,congruent,✅,0.8919158719134165
31,1,disappointment,incongruent,✅,0.3136787396273352
31,1,delight,incongruent,❌,0.5635751652804218
31,10,cash,congruent,❌,0.3717906541216156
31,10,groceries,congruent,❌,0.3088986599076959
31,10,cash,incongruent,✅,0.33120784471959097
31,10,groceries,incongruent,✅,0.3161843988603137
31,11,lonely,congruent,✅,0.606212803409223
31,11,confident,congruent,✅,0.9113080390409155
31,11,lonely,incongruent,❌,0.7222588545397859
31,11,confident,incongruent,✅,0.33262765098281105
31,12,joy,congruent,✅,0.9533733743243742
31,12,outrage,congruent,✅,0.658127412698929
31,12,joy,incongruent,✅,0.40483050887355637
31,12,outrage,incongruent,❌,0.8195629740772125
31,13,traffic,congruent,✅,0.7813518282379671
31,13,snowstorm,congruent,✅,0.5621345362643504
31,13,traffic,incongruent,✅,0.3131100803186106
31,13,snowstorm,incongruent,❌,0.6278636341018303
31,14,laughter,congruent,✅,0.9214951428437049
31,14,frustration,congruent,✅,0.593669570141415
31,14,laughter,incongruent,✅,0.14798749011363935
31,14,frustration,incongruent,✅,0.4746705853157049
31,15,calculator,congruent,❌,0.11361181529817023
31,15,instrument,congruent,❌,0.02628978746047913
31,15,calculator,incongruent,✅,0.005916992883248691
31,15,instrument,incongruent,✅,0.12237216922007839
31,16,orchestra,congruent,✅,0.5200209921086784
31,16,racers,congruent,✅,0.7186550755632274
31,16,orchestra,incongruent,✅,0.34579492174964194
31,16,racers,incongruent,❌,0.6140506945828713
31,17,retirement,congruent,❌,0.18367185847123466
31,17,playdate,congruent,❌,0.406820181077466
31,17,retirement,incongruent,✅,0.05473674110443492
31,17,playdate,incongruent,✅,0.07338438735581734
31,18,relieved,congruent,✅,0.8154718678871691
31,18,depressed,congruent,✅,0.667667999897247
31,18,relieved,incongruent,✅,0.21442404361396397
31,18,depressed,incongruent,❌,0.5132945511244852
31,19,friends,congruent,❌,0.14295468260764066
31,19,weight,congruent,✅,0.7942234999175799
31,19,friends,incongruent,❌,0.8478587034517355
31,19,weight,incongruent,✅,0.08749623863309866
31,2,overcoat,congruent,✅,0.7030861272527729
31,2,sandals,congruent,❌,0.3427482619973234
31,2,overcoat,incongruent,✅,0.07557066912485515
31,2,sandals,incongruent,✅,0.30396963996102405
31,20,lipstick,congruent,✅,0.783369049159119
31,20,song,congruent,✅,0.7910192244080343
31,20,lipstick,incongruent,✅,0.43517713374737904
31,20,song,incongruent,❌,0.6903395306803152
31,21,fought,congruent,❌,0.14482209577465083
31,21,sang,congruent,❌,0.11983315188586226
31,21,fought,incongruent,✅,0.04752842895976312
31,21,sang,incongruent,✅,0.04255257048060827
31,22,skeptical,congruent,❌,0.17853908133081822
31,22,reassured,congruent,❌,0.3889762981994947
31,22,skeptical,incongruent,✅,0.3162146419791229
31,22,reassured,incongruent,✅,0.0725278181650299
31,23,graduation,congruent,✅,0.9940692017313933
31,23,operation,congruent,✅,0.9514676982769883
31,23,graduation,incongruent,❌,0.6504446623685026
31,23,operation,incongruent,❌,0.9294918612482741
31,24,bride,congruent,✅,0.8429636733383316
31,24,aftermath,congruent,✅,0.6440781280509764
31,24,bride,incongruent,✅,0.2367936270497575
31,24,aftermath,incongruent,❌,0.5096425543035394
31,25,teacher,congruent,✅,0.7464734739262024
31,25,daughter,congruent,✅,0.9871021130850688
31,25,teacher,incongruent,❌,0.783520251768206
31,25,daughter,incongruent,❌,0.9067949031043906
31,26,roommate,congruent,✅,0.5517884993532108
31,26,grandma,congruent,✅,0.6926049120149811
31,26,roommate,incongruent,✅,0.28633286851959466
31,26,grandma,incongruent,✅,0.27152236232678406
31,27,brother,congruent,❌,0.45300709330715483
31,27,mother,congruent,✅,0.5378085600485366
31,27,brother,incongruent,❌,0.529215370738598
31,27,mother,incongruent,✅,0.1831930379023975
31,28,preschool,congruent,✅,0.5864045719638619
31,28,prison,congruent,❌,0.2544318341830792
31,28,preschool,incongruent,✅,0.0751171571547628
31,28,prison,incongruent,✅,0.15517336735778497
31,29,hopeful,congruent,❌,0.10669387030403096
31,29,hopeless,congruent,✅,0.6731146755128459
31,29,hopeful,incongruent,✅,0.4173601719597795
31,29,hopeless,incongruent,✅,0.10468254396600739
31,3,marathon,congruent,✅,0.6048305967719414
31,3,exam,congruent,✅,0.6631958692878933
31,3,marathon,incongruent,✅,0.2367710413264479
31,3,exam,incongruent,✅,0.22465638052367776
31,30,appalled,congruent,❌,0.35617648823830234
31,30,overjoyed,congruent,❌,0.09307676396083549
31,30,appalled,incongruent,✅,0.09130224601210866
31,30,overjoyed,incongruent,✅,0.2725804958670658
31,31,reprimand,congruent,❌,0.20996645536516212
31,31,encouragement,congruent,❌,0.4893824147189866
31,31,reprimand,incongruent,✅,0.11088173038361718
31,31,encouragement,incongruent,✅,0.1531491907634311
31,32,angrily,congruent,❌,0.46922679971454556
31,32,cordially,congruent,✅,0.5971551865998024
31,32,angrily,incongruent,✅,0.3905432551174487
31,32,cordially,incongruent,✅,0.201709952272292
31,33,accusatory,congruent,✅,0.9524702681407591
31,33,flirtatious,congruent,✅,0.9113000816098836
31,33,accusatory,incongruent,❌,0.5772265147498178
31,33,flirtatious,incongruent,❌,0.7346565894068579
31,34,disapprovingly,congruent,✅,0.9369043586184599
31,34,lovingly,congruent,✅,0.8753740988536286
31,34,disapprovingly,incongruent,✅,0.3108541541442094
31,34,lovingly,incongruent,✅,0.271583056809882
31,35,playful,congruent,❌,0.33992319251424225
31,35,distant,congruent,✅,0.94848042321963
31,35,playful,incongruent,❌,0.7477285399038044
31,35,distant,incongruent,❌,0.693085268653646
31,36,headphones,congruent,✅,0.7798356425564801
31,36,mangoes,congruent,❌,0.4723702384072999
31,36,headphones,incongruent,✅,0.22475273488009415
31,36,mangoes,incongruent,✅,0.3419354831925258
31,37,playroom,congruent,✅,0.9643314484099967
31,37,park,congruent,✅,0.9636936386380531
31,37,playroom,incongruent,✅,0.39930876556961087
31,37,park,incongruent,✅,0.4005863704825576
31,38,bedroom,congruent,✅,0.8160040501153759
31,38,backyard,congruent,✅,0.7027264169385055
31,38,bedroom,incongruent,✅,0.14288528705576642
31,38,backyard,incongruent,✅,0.0752619139591382
31,39,solemnly,congruent,✅,0.7740389281910017
31,39,excitedly,congruent,✅,0.9090593737989889
31,39,solemnly,incongruent,❌,0.7118385981257568
31,39,excitedly,incongruent,❌,0.5673063583074232
31,4,menu,congruent,✅,0.5634559538989217
31,4,prescription,congruent,✅,0.9265597627401615
31,4,menu,incongruent,❌,0.8064317707549192
31,4,prescription,incongruent,✅,0.21670839573193706
31,40,car,congruent,✅,0.588197728125555
31,40,sock,congruent,✅,0.5708587043374104
31,40,car,incongruent,✅,0.3074334005259088
31,40,sock,incongruent,❌,0.6597218147774477
31,41,overdressed,congruent,❌,0.44418811175602746
31,41,naked,congruent,❌,0.048377896053741515
31,41,overdressed,incongruent,✅,0.01392170031506492
31,41,naked,incongruent,✅,0.0834979156753757
31,42,shy,congruent,❌,0.24799486747906097
31,42,lively,congruent,✅,0.8012175458486359
31,42,shy,incongruent,❌,0.7015096670789386
31,42,lively,incongruent,✅,0.14228929451380884
31,43,offended,congruent,✅,0.8499357350840273
31,43,flattered,congruent,✅,0.8369407733536742
31,43,offended,incongruent,✅,0.42673149343874867
31,43,flattered,incongruent,❌,0.8068294535158594
31,44,grandkid,congruent,✅,0.7994330107211224
31,44,cellmate,congruent,✅,0.5531392397990512
31,44,grandkid,incongruent,✅,0.161258428955109
31,44,cellmate,incongruent,✅,0.06980718799297933
31,45,promoted,congruent,✅,0.9748484366424557
31,45,fired,congruent,✅,0.8663215590928478
31,45,promoted,incongruent,❌,0.6206822414943702
31,45,fired,incongruent,❌,0.942191103758164
31,46,shooting,congruent,✅,0.8073170187342054
31,46,celebration,congruent,❌,0.3770813225313769
31,46,shooting,incongruent,✅,0.08220660691975457
31,46,celebration,incongruent,❌,0.6452153681966132
31,47,crayon,congruent,❌,0.2527027561969633
31,47,beer,congruent,✅,0.6918156982512538
31,47,crayon,incongruent,✅,0.03481088574722754
31,47,beer,incongruent,✅,0.021582338070032868
31,48,waiter,congruent,✅,0.5754265598556464
31,48,taxi,congruent,❌,0.2716264232546025
31,48,waiter,incongruent,✅,0.2805224746101908
31,48,taxi,incongruent,✅,0.32543821048836813
31,49,parents,congruent,✅,0.6227787709493152
31,49,keys,congruent,✅,0.5200054984298891
31,49,parents,incongruent,✅,0.36791749188581857
31,49,keys,incongruent,❌,0.6464912300449348
31,5,distress,congruent,✅,0.9534203972995767
31,5,tranquility,congruent,✅,0.9852311897060712
31,5,distress,incongruent,❌,0.7861773798183543
31,5,tranquility,incongruent,❌,0.6825356578307602
31,50,sofa,congruent,✅,0.9595906503089443
31,50,sky,congruent,✅,0.989779204730057
31,50,sofa,incongruent,❌,0.8495487960655227
31,50,sky,incongruent,❌,0.6404445933080434
31,51,obesity,congruent,❌,0.19779654347584907
31,51,homework,congruent,❌,0.34875853988386585
31,51,obesity,incongruent,✅,0.17160947510771735
31,51,homework,incongruent,✅,0.11335589408675707
31,52,quiz,congruent,✅,0.9000661519947308
31,52,commute,congruent,✅,0.9084828166688302
31,52,quiz,incongruent,✅,0.2994227562232083
31,52,commute,incongruent,✅,0.4856592652742299
31,53,migraine,congruent,✅,0.9910183615535212
31,53,excitement,congruent,✅,0.7107994982766127
31,53,migraine,incongruent,✅,0.18935096229770995
31,53,excitement,incongruent,❌,0.5079333126159017
31,54,niece,congruent,✅,0.857530886161233
31,54,husband,congruent,✅,0.8630446975962204
31,54,niece,incongruent,❌,0.6684149288855191
31,54,husband,incongruent,❌,0.7591423025964769
31,55,film,congruent,❌,0.35906338414526207
31,55,sunrise,congruent,❌,0.43323842862041995
31,55,film,incongruent,✅,0.21268788302889466
31,55,sunrise,incongruent,✅,0.20685873859276063
31,56,lecture,congruent,❌,0.4887864292227912
31,56,banquet,congruent,❌,0.37608446535470963
31,56,lecture,incongruent,✅,0.039805498443161676
31,56,banquet,incongruent,✅,0.10409730855712118
31,57,drink,congruent,✅,0.9003182618179193
31,57,textbook,congruent,✅,0.9957825950398799
31,57,drink,incongruent,✅,0.4331773409099001
31,57,textbook,incongruent,✅,0.19227447985175167
31,58,pool,congruent,✅,0.603351742013172
31,58,snow,congruent,❌,0.46589452508578594
31,58,pool,incongruent,✅,0.3589599463481451
31,58,snow,incongruent,✅,0.4696827032176405
31,59,passport,congruent,✅,0.8508460121527109
31,59,plushy,congruent,❌,0.3092123792646658
31,59,passport,incongruent,✅,0.2376210479112301
31,59,plushy,incongruent,✅,0.43432995663977136
31,6,patients,congruent,✅,0.8839078844556707
31,6,students,congruent,❌,0.24814783374794544
31,6,patients,incongruent,✅,0.18267570765849184
31,6,students,incongruent,✅,0.26405470488342536
31,60,sister,congruent,✅,0.8301501523439976
31,60,father,congruent,✅,0.6675284521348668
31,60,sister,incongruent,❌,0.6052516504673623
31,60,father,incongruent,✅,0.39459553743417797
31,61,game,congruent,✅,0.5459721538647516
31,61,sunset,congruent,✅,0.8355637742865661
31,61,game,incongruent,✅,0.21258528003040109
31,61,sunset,incongruent,✅,0.2983744342677228
31,62,holidays,congruent,❌,0.30698949439753004
31,62,funeral,congruent,❌,0.15387380311911197
31,62,holidays,incongruent,✅,0.08027218657818663
31,62,funeral,incongruent,✅,0.2355882517340489
31,63,grades,congruent,❌,0.27842682494314636
31,63,affair,congruent,✅,0.5255828359667839
31,63,grades,incongruent,✅,0.3312891947511322
31,63,affair,incongruent,✅,0.10375599049431201
31,64,arrest,congruent,❌,0.10753532841854445
31,64,stroke,congruent,❌,0.14996214006662342
31,64,arrest,incongruent,✅,0.09960407552159574
31,64,stroke,incongruent,✅,0.11282892691066822
31,65,pacifier,congruent,❌,0.4620252022740386
31,65,coffee,congruent,✅,0.8341960041814644
31,65,pacifier,incongruent,✅,0.18979224994134594
31,65,coffee,incongruent,✅,0.05670687691039196
31,66,sweets,congruent,❌,0.48287674380043755
31,66,sentencing,congruent,✅,0.5593380391487489
31,66,sweets,incongruent,✅,0.21261997386961365
31,66,sentencing,incongruent,✅,0.24430162483539927
31,67,nap,congruent,✅,0.9925251735723447
31,67,selfie,congruent,✅,0.9301687615781605
31,67,nap,incongruent,❌,0.6208579650070406
31,67,selfie,incongruent,✅,0.14120045176976564
31,68,diaper,congruent,✅,0.8547703350070025
31,68,tire,congruent,✅,0.9353964045989474
31,68,diaper,incongruent,✅,0.09892387046973744
31,68,tire,incongruent,✅,0.3746169238270322
31,69,chemotherapy,congruent,❌,0.28438353028633756
31,69,golf,congruent,✅,0.8455314898948506
31,69,chemotherapy,incongruent,✅,0.06501722346213067
31,69,golf,incongruent,✅,0.025914456847912926
31,7,consensus,congruent,✅,0.7216283709243645
31,7,deadlock,congruent,❌,0.18946584588552892
31,7,consensus,incongruent,✅,0.14359553991111132
31,7,deadlock,incongruent,❌,0.6426782162232435
31,70,thunder,congruent,❌,0.2545557525576679
31,70,lullaby,congruent,✅,0.8598868162284895
31,70,thunder,incongruent,✅,0.39352114987761866
31,70,lullaby,incongruent,✅,0.055808989042203945
31,71,pajamas,congruent,✅,0.9540576122923698
31,71,uniform,congruent,✅,0.8721929177676734
31,71,pajamas,incongruent,❌,0.8520422787099904
31,71,uniform,incongruent,✅,0.2759260988000434
31,72,gown,congruent,❌,0.37276198879727535
31,72,sweats,congruent,❌,0.32521981135537104
31,72,gown,incongruent,✅,0.02973710168672704
31,72,sweats,incongruent,✅,0.1085788522933693
31,73,deadline,congruent,❌,0.2365995738810829
31,73,bed,congruent,✅,0.8766393665266697
31,73,deadline,incongruent,❌,0.5676098462703307
31,73,bed,incongruent,✅,0.15487440033189362
31,74,kindergarten,congruent,✅,0.5307464757469652
31,74,jail,congruent,❌,0.16472574571511814
31,74,kindergarten,incongruent,✅,0.12465178712073649
31,74,jail,incongruent,✅,0.26695432345552994
31,75,interrogated,congruent,✅,0.9372962166513622
31,75,tickled,congruent,✅,0.6228040142842831
31,75,interrogated,incongruent,✅,0.16457161510426963
31,75,tickled,incongruent,✅,0.4124604359347541
31,76,sandcastle,congruent,✅,0.8991357700126202
31,76,snowman,congruent,✅,0.9336620242712014
31,76,sandcastle,incongruent,✅,0.19053481695603672
31,76,snowman,incongruent,✅,0.3011899383776599
31,77,music,congruent,✅,0.9134146463990539
31,77,pizza,congruent,✅,0.9151396250889319
31,77,music,incongruent,✅,0.2852404655152381
31,77,pizza,incongruent,✅,0.3016229922169986
31,78,playoffs,congruent,✅,0.503075098907636
31,78,cartoon,congruent,✅,0.9201650678370912
31,78,playoffs,incongruent,✅,0.09584023633092523
31,78,cartoon,incongruent,✅,0.3242363540492303
31,79,alcoholism,congruent,❌,0.31009885773334595
31,79,academics,congruent,✅,0.9384430602580239
31,79,alcoholism,incongruent,❌,0.5354606404576417
31,79,academics,incongruent,✅,0.3425369275386653
31,8,engagement,congruent,✅,0.8067936643504918
31,8,cancer,congruent,✅,0.7571811972562883
31,8,engagement,incongruent,❌,0.6725373495997943
31,8,cancer,incongruent,❌,0.5654035213135341
31,9,terminal,congruent,✅,0.8822139381994578
31,9,classroom,congruent,✅,0.8918491995648009
31,9,terminal,incongruent,❌,0.6373215691842911
31,9,classroom,incongruent,❌,0.7645470491151585
32,0,library,congruent,❌,0.19061074033785722
32,0,refrigerator,congruent,❌,0.30863083293746485
32,0,library,incongruent,✅,0.17515424262008836
32,0,refrigerator,incongruent,✅,0.0664494403425875
32,1,disappointment,congruent,✅,0.8915632533308723
32,1,delight,congruent,✅,0.9109269724374586
32,1,disappointment,incongruent,✅,0.3239407785724781
32,1,delight,incongruent,❌,0.6235094633719296
32,10,cash,congruent,❌,0.3512172225255673
32,10,groceries,congruent,❌,0.41114954767040224
32,10,cash,incongruent,✅,0.43205252194122706
32,10,groceries,incongruent,✅,0.3154801470279229
32,11,lonely,congruent,✅,0.5657267740754953
32,11,confident,congruent,✅,0.87335580382002
32,11,lonely,incongruent,❌,0.6292039764682702
32,11,confident,incongruent,✅,0.2914271599917861
32,12,joy,congruent,✅,0.9495421322402631
32,12,outrage,congruent,✅,0.6190383811706069
32,12,joy,incongruent,✅,0.3824772765923184
32,12,outrage,incongruent,❌,0.7834204379095866
32,13,traffic,congruent,✅,0.812929770337859
32,13,snowstorm,congruent,✅,0.6296703847034306
32,13,traffic,incongruent,✅,0.35979319451416036
32,13,snowstorm,incongruent,❌,0.6663380623380626
32,14,laughter,congruent,✅,0.9107864129199419
32,14,frustration,congruent,✅,0.5487309780496251
32,14,laughter,incongruent,✅,0.1057167864548952
32,14,frustration,incongruent,✅,0.4039198142921025
32,15,calculator,congruent,❌,0.09332360240085827
32,15,instrument,congruent,❌,0.02436588048457967
32,15,calculator,incongruent,✅,0.0058682805926845265
32,15,instrument,incongruent,✅,0.1294023863907449
32,16,orchestra,congruent,❌,0.4621771384903392
32,16,racers,congruent,✅,0.6325229811053924
32,16,orchestra,incongruent,✅,0.3280309897617075
32,16,racers,incongruent,✅,0.429918098167339
32,17,retirement,congruent,❌,0.1793783782103697
32,17,playdate,congruent,❌,0.38108187263176935
32,17,retirement,incongruent,✅,0.03575791175558283
32,17,playdate,incongruent,✅,0.08485813351844239
32,18,relieved,congruent,✅,0.833065598894289
32,18,depressed,congruent,✅,0.7023649001073957
32,18,relieved,incongruent,✅,0.2557361258211001
32,18,depressed,incongruent,❌,0.5411519715510072
32,19,friends,congruent,❌,0.12449605500884094
32,19,weight,congruent,✅,0.6888444617607367
32,19,friends,incongruent,❌,0.7689535068154131
32,19,weight,incongruent,✅,0.08364124687431301
32,2,overcoat,congruent,✅,0.7148451639673722
32,2,sandals,congruent,❌,0.299015222944289
32,2,overcoat,incongruent,✅,0.0698992597339082
32,2,sandals,incongruent,✅,0.25549211887720785
32,20,lipstick,congruent,✅,0.8348496456749667
32,20,song,congruent,✅,0.7704967198744116
32,20,lipstick,incongruent,✅,0.40928818247025184
32,20,song,incongruent,❌,0.712602328039132
32,21,fought,congruent,❌,0.1289159319005251
32,21,sang,congruent,❌,0.13276467779577972
32,21,fought,incongruent,✅,0.04491090550823153
32,21,sang,incongruent,✅,0.02450226032871714
32,22,skeptical,congruent,❌,0.13058496627106825
32,22,reassured,congruent,❌,0.3641999386195228
32,22,skeptical,incongruent,✅,0.2594165904565559
32,22,reassured,incongruent,✅,0.05811707820159931
32,23,graduation,congruent,✅,0.992935071608704
32,23,operation,congruent,✅,0.9599986664223967
32,23,graduation,incongruent,❌,0.6224153552439146
32,23,operation,incongruent,❌,0.9338762935549582
32,24,bride,congruent,✅,0.8301572910154659
32,24,aftermath,congruent,✅,0.6296824143461681
32,24,bride,incongruent,✅,0.2495434953114509
32,24,aftermath,incongruent,✅,0.4681843173883332
32,25,teacher,congruent,✅,0.7346426888842169
32,25,daughter,congruent,✅,0.9845730062713122
32,25,teacher,incongruent,❌,0.7620934423327198
32,25,daughter,incongruent,❌,0.8992417418645249
32,26,roommate,congruent,✅,0.6974408308668099
32,26,grandma,congruent,✅,0.5140938167137693
32,26,roommate,incongruent,✅,0.237621380502927
32,26,grandma,incongruent,✅,0.2665513233573868
32,27,brother,congruent,❌,0.45355668389341686
32,27,mother,congruent,❌,0.48869054225021547
32,27,brother,incongruent,✅,0.48604495158856037
32,27,mother,incongruent,✅,0.19420708999148342
32,28,preschool,congruent,✅,0.5378588104968165
32,28,prison,congruent,❌,0.19349561286480807
32,28,preschool,incongruent,✅,0.07091962838686691
32,28,prison,incongruent,✅,0.16610039990711464
32,29,hopeful,congruent,❌,0.08973682223878898
32,29,hopeless,congruent,✅,0.6078488690185111
32,29,hopeful,incongruent,✅,0.3401019970204428
32,29,hopeless,incongruent,✅,0.08077650674624799
32,3,marathon,congruent,✅,0.6729069508087162
32,3,exam,congruent,✅,0.7195096426688096
32,3,marathon,incongruent,✅,0.3226411429583814
32,3,exam,incongruent,✅,0.21481298551130937
32,30,appalled,congruent,❌,0.34863228008030245
32,30,overjoyed,congruent,❌,0.09345391553382654
32,30,appalled,incongruent,✅,0.09187227489478991
32,30,overjoyed,incongruent,✅,0.2756387784943134
32,31,reprimand,congruent,❌,0.19882039779793978
32,31,encouragement,congruent,❌,0.44361054369259606
32,31,reprimand,incongruent,✅,0.09688901912587689
32,31,encouragement,incongruent,✅,0.14161099973662436
32,32,angrily,congruent,❌,0.49921963470265346
32,32,cordially,congruent,✅,0.7130604822333514
32,32,angrily,incongruent,✅,0.41219280794014596
32,32,cordially,incongruent,✅,0.23516530403784272
32,33,accusatory,congruent,✅,0.9341448698612161
32,33,flirtatious,congruent,✅,0.895864032742944
32,33,accusatory,incongruent,✅,0.433904553842537
32,33,flirtatious,incongruent,❌,0.6983249344479225
32,34,disapprovingly,congruent,✅,0.9485657654233537
32,34,lovingly,congruent,✅,0.9028866001432905
32,34,disapprovingly,incongruent,✅,0.3950438867253952
32,34,lovingly,incongruent,✅,0.2841781523449258
32,35,playful,congruent,❌,0.30354140734991375
32,35,distant,congruent,✅,0.9124835413584635
32,35,playful,incongruent,❌,0.6941847380100179
32,35,distant,incongruent,❌,0.5813283575706713
32,36,headphones,congruent,✅,0.7770113706891226
32,36,mangoes,congruent,❌,0.4756252646609957
32,36,headphones,incongruent,✅,0.19681166473896422
32,36,mangoes,incongruent,✅,0.32513038388808213
32,37,playroom,congruent,✅,0.9426592248354789
32,37,park,congruent,✅,0.9457115525052114
32,37,playroom,incongruent,✅,0.3346706365615081
32,37,park,incongruent,✅,0.3063766363724879
32,38,bedroom,congruent,✅,0.864876393782099
32,38,backyard,congruent,✅,0.7225873537642394
32,38,bedroom,incongruent,✅,0.19817579022549783
32,38,backyard,incongruent,✅,0.07725018155224785
32,39,solemnly,congruent,✅,0.8155427782443835
32,39,excitedly,congruent,✅,0.9290066245918781
32,39,solemnly,incongruent,❌,0.7896918494968912
32,39,excitedly,incongruent,❌,0.5979231985612772
32,4,menu,congruent,✅,0.5998230330302785
32,4,prescription,congruent,✅,0.9356239397902514
32,4,menu,incongruent,❌,0.7328939724877287
32,4,prescription,incongruent,✅,0.26578986354657747
32,40,car,congruent,✅,0.5564687368594352
32,40,sock,congruent,❌,0.47539882594328225
32,40,car,incongruent,✅,0.27994787487079525
32,40,sock,incongruent,❌,0.6770746586665588
32,41,overdressed,congruent,❌,0.38269117427465343
32,41,naked,congruent,❌,0.06176338704068934
32,41,overdressed,incongruent,✅,0.02862119893010022
32,41,naked,incongruent,✅,0.06803366314852916
32,42,shy,congruent,❌,0.4831576673760273
32,42,lively,congruent,✅,0.8995833182794084
32,42,shy,incongruent,❌,0.8162323616289847
32,42,lively,incongruent,✅,0.2889162938127409
32,43,offended,congruent,✅,0.8099114152607981
32,43,flattered,congruent,✅,0.8495935353766761
32,43,offended,incongruent,✅,0.4259188206230748
32,43,flattered,incongruent,❌,0.794115265665445
32,44,grandkid,congruent,✅,0.7975353864125546
32,44,cellmate,congruent,❌,0.3808742617187733
32,44,grandkid,incongruent,✅,0.16025193386936828
32,44,cellmate,incongruent,✅,0.0631401761973292
32,45,promoted,congruent,✅,0.9454753269767785
32,45,fired,congruent,✅,0.8074073614757582
32,45,promoted,incongruent,❌,0.5637247794770954
32,45,fired,incongruent,❌,0.8721290922659307
32,46,shooting,congruent,✅,0.774065542347189
32,46,celebration,congruent,❌,0.4931972675921435
32,46,shooting,incongruent,✅,0.10184521628730334
32,46,celebration,incongruent,❌,0.5941931608868009
32,47,crayon,congruent,❌,0.1547058456345554
32,47,beer,congruent,✅,0.7841907329791502
32,47,crayon,incongruent,✅,0.03188940880826911
32,47,beer,incongruent,✅,0.020782079532654776
32,48,waiter,congruent,✅,0.5210177789790865
32,48,taxi,congruent,❌,0.3789822332009457
32,48,waiter,incongruent,✅,0.4012009384040344
32,48,taxi,incongruent,✅,0.32110830958871234
32,49,parents,congruent,✅,0.6113475759014578
32,49,keys,congruent,✅,0.6171681022604079
32,49,parents,incongruent,✅,0.4492849587699181
32,49,keys,incongruent,❌,0.6565876568040149
32,5,distress,congruent,✅,0.9583044265658687
32,5,tranquility,congruent,✅,0.9815159740599162
32,5,distress,incongruent,❌,0.7739700478222642
32,5,tranquility,incongruent,❌,0.6182861698481434
32,50,sofa,congruent,✅,0.9509508677304113
32,50,sky,congruent,✅,0.9840421745675322
32,50,sofa,incongruent,❌,0.8030506717582739
32,50,sky,incongruent,❌,0.6381880012225614
32,51,obesity,congruent,❌,0.18142403664563928
32,51,homework,congruent,❌,0.4926106644014115
32,51,obesity,incongruent,✅,0.1978278434315183
32,51,homework,incongruent,✅,0.09446510346372192
32,52,quiz,congruent,✅,0.9104957906295773
32,52,commute,congruent,✅,0.9037347514375219
32,52,quiz,incongruent,✅,0.4018057982018308
32,52,commute,incongruent,❌,0.5009535697473101
32,53,migraine,congruent,✅,0.9941248995766091
32,53,excitement,congruent,✅,0.7371242593931027
32,53,migraine,incongruent,✅,0.2120509480789073
32,53,excitement,incongruent,❌,0.5538730561072619
32,54,niece,congruent,✅,0.8544320899531876
32,54,husband,congruent,✅,0.8115053336820771
32,54,niece,incongruent,❌,0.6104240065005003
32,54,husband,incongruent,❌,0.7487270166020318
32,55,film,congruent,❌,0.31090709060819816
32,55,sunrise,congruent,✅,0.5892808392961877
32,55,film,incongruent,✅,0.3112481209330253
32,55,sunrise,incongruent,✅,0.19164333977482895
32,56,lecture,congruent,✅,0.5859877105158602
32,56,banquet,congruent,❌,0.30839890607726483
32,56,lecture,incongruent,✅,0.03277100815799388
32,56,banquet,incongruent,✅,0.12839339366743693
32,57,drink,congruent,✅,0.8893723229184883
32,57,textbook,congruent,✅,0.9968410157902704
32,57,drink,incongruent,✅,0.41013686481580386
32,57,textbook,incongruent,✅,0.25910913738515057
32,58,pool,congruent,✅,0.6814175445714972
32,58,snow,congruent,✅,0.5920778964668015
32,58,pool,incongruent,✅,0.44112951934008576
32,58,snow,incongruent,❌,0.5484749571622035
32,59,passport,congruent,✅,0.8215321812360904
32,59,plushy,congruent,❌,0.3061946440730422
32,59,passport,incongruent,✅,0.15902491566259375
32,59,plushy,incongruent,✅,0.4021866169011605
32,6,patients,congruent,✅,0.9153846054205158
32,6,students,congruent,❌,0.3160965319430141
32,6,patients,incongruent,✅,0.191742899787355
32,6,students,incongruent,✅,0.3229054328021923
32,60,sister,congruent,✅,0.8118501052511594
32,60,father,congruent,✅,0.7087430635184191
32,60,sister,incongruent,❌,0.6894257461026287
32,60,father,incongruent,✅,0.43155383116253404
32,61,game,congruent,✅,0.7336315652478255
32,61,sunset,congruent,✅,0.9104538252709734
32,61,game,incongruent,✅,0.3614297290750254
32,61,sunset,incongruent,✅,0.4396489535199704
32,62,holidays,congruent,❌,0.3486364026021299
32,62,funeral,congruent,❌,0.14355727986465397
32,62,holidays,incongruent,✅,0.06910319320370126
32,62,funeral,incongruent,✅,0.2532778321114953
32,63,grades,congruent,❌,0.3265019012727511
32,63,affair,congruent,❌,0.4356710674100769
32,63,grades,incongruent,✅,0.2506647341058802
32,63,affair,incongruent,✅,0.17032362143634244
32,64,arrest,congruent,❌,0.14518011297508085
32,64,stroke,congruent,❌,0.25454524464328115
32,64,arrest,incongruent,✅,0.16569802019474067
32,64,stroke,incongruent,✅,0.17496062159926457
32,65,pacifier,congruent,❌,0.48756493616359275
32,65,coffee,congruent,✅,0.9099607539816063
32,65,pacifier,incongruent,✅,0.1987826115612752
32,65,coffee,incongruent,✅,0.1002703303905169
32,66,sweets,congruent,✅,0.6186482634757514
32,66,sentencing,congruent,✅,0.6958421304100442
32,66,sweets,incongruent,✅,0.2308233335198115
32,66,sentencing,incongruent,✅,0.3903281766682711
32,67,nap,congruent,✅,0.9903897510547304
32,67,selfie,congruent,✅,0.9272149802184058
32,67,nap,incongruent,❌,0.5281502021539173
32,67,selfie,incongruent,✅,0.12679245695385624
32,68,diaper,congruent,✅,0.8210764877818592
32,68,tire,congruent,✅,0.931153051672822
32,68,diaper,incongruent,✅,0.11292927397050102
32,68,tire,incongruent,✅,0.269623130639956
32,69,chemotherapy,congruent,❌,0.23875766066036977
32,69,golf,congruent,✅,0.7884949050372142
32,69,chemotherapy,incongruent,✅,0.037397550490662956
32,69,golf,incongruent,✅,0.023097261185777013
32,7,consensus,congruent,✅,0.7734371661069023
32,7,deadlock,congruent,❌,0.3055365392759457
32,7,consensus,incongruent,✅,0.23376893041277214
32,7,deadlock,incongruent,❌,0.6866729051054016
32,70,thunder,congruent,❌,0.27862766258387683
32,70,lullaby,congruent,✅,0.8395532980675809
32,70,thunder,incongruent,✅,0.3373578992863828
32,70,lullaby,incongruent,✅,0.04913643725416843
32,71,pajamas,congruent,✅,0.9562430858530095
32,71,uniform,congruent,✅,0.898173062271423
32,71,pajamas,incongruent,❌,0.8590161549183786
32,71,uniform,incongruent,✅,0.30266644498399436
32,72,gown,congruent,❌,0.38479513612149896
32,72,sweats,congruent,❌,0.257469871739102
32,72,gown,incongruent,✅,0.02157260193023098
32,72,sweats,incongruent,✅,0.08573765525134902
32,73,deadline,congruent,❌,0.1698472725237257
32,73,bed,congruent,✅,0.8624651401457866
32,73,deadline,incongruent,❌,0.5357981830724149
32,73,bed,incongruent,✅,0.10884736384273754
32,74,kindergarten,congruent,❌,0.40224596436128846
32,74,jail,congruent,❌,0.14835456227123414
32,74,kindergarten,incongruent,✅,0.08548483981781124
32,74,jail,incongruent,✅,0.20406210373344977
32,75,interrogated,congruent,✅,0.9558937526302507
32,75,tickled,congruent,✅,0.6835275530892039
32,75,interrogated,incongruent,✅,0.3073340192418179
32,75,tickled,incongruent,✅,0.42956809508576077
32,76,sandcastle,congruent,✅,0.9133056692506236
32,76,snowman,congruent,✅,0.9019401632375874
32,76,sandcastle,incongruent,✅,0.18339914282227793
32,76,snowman,incongruent,✅,0.21922413496276408
32,77,music,congruent,✅,0.9115411430390835
32,77,pizza,congruent,✅,0.8744476848640881
32,77,music,incongruent,✅,0.2369668078502891
32,77,pizza,incongruent,✅,0.2951840062099849
32,78,playoffs,congruent,✅,0.5835317188433112
32,78,cartoon,congruent,✅,0.8386059079281486
32,78,playoffs,incongruent,✅,0.07481572697495342
32,78,cartoon,incongruent,✅,0.322781907297746
32,79,alcoholism,congruent,❌,0.3887071211490393
32,79,academics,congruent,✅,0.941304769753857
32,79,alcoholism,incongruent,❌,0.5657705108458505
32,79,academics,incongruent,✅,0.37705980952704793
32,8,engagement,congruent,✅,0.7318106086557639
32,8,cancer,congruent,✅,0.5979403583472995
32,8,engagement,incongruent,✅,0.48872960674659416
32,8,cancer,incongruent,✅,0.3983284479444047
32,9,terminal,congruent,✅,0.9067265303300083
32,9,classroom,congruent,✅,0.8961585924784993
32,9,terminal,incongruent,❌,0.6542686530564998
32,9,classroom,incongruent,❌,0.7730661748179759
33,0,library,congruent,❌,0.17543920021398185
33,0,refrigerator,congruent,❌,0.28102814141052396
33,0,library,incongruent,✅,0.14147355391225788
33,0,refrigerator,incongruent,✅,0.08153683157393142
33,1,disappointment,congruent,✅,0.8956260738833529
33,1,delight,congruent,✅,0.9223831847878472
33,1,disappointment,incongruent,✅,0.33090582584293093
33,1,delight,incongruent,❌,0.578669808062513
33,10,cash,congruent,❌,0.33231449689848874
33,10,groceries,congruent,❌,0.3819688781719455
33,10,cash,incongruent,✅,0.48017088995769297
33,10,groceries,incongruent,✅,0.24903243937363534
33,11,lonely,congruent,✅,0.5126201599817053
33,11,confident,congruent,✅,0.8936394476477367
33,11,lonely,incongruent,❌,0.7078985861593776
33,11,confident,incongruent,✅,0.23083974531697277
33,12,joy,congruent,✅,0.9458909161338961
33,12,outrage,congruent,✅,0.6191701024088422
33,12,joy,incongruent,✅,0.3287898733678521
33,12,outrage,incongruent,❌,0.7699615695196514
33,13,traffic,congruent,✅,0.8693858186406789
33,13,snowstorm,congruent,✅,0.6909227320338561
33,13,traffic,incongruent,✅,0.36084056787188784
33,13,snowstorm,incongruent,❌,0.7661053819558111
33,14,laughter,congruent,✅,0.9144315166530763
33,14,frustration,congruent,✅,0.657289759380083
33,14,laughter,incongruent,✅,0.1004686034476474
33,14,frustration,incongruent,✅,0.4195276702975995
33,15,calculator,congruent,❌,0.10508651059080912
33,15,instrument,congruent,❌,0.0424535053029598
33,15,calculator,incongruent,✅,0.00925949422164469
33,15,instrument,incongruent,✅,0.12245283885862714
33,16,orchestra,congruent,✅,0.5020185339873305
33,16,racers,congruent,✅,0.6093260340957988
33,16,orchestra,incongruent,✅,0.285224420222391
33,16,racers,incongruent,✅,0.49096470490910094
33,17,retirement,congruent,❌,0.14316464127043124
33,17,playdate,congruent,❌,0.36217414538050224
33,17,retirement,incongruent,✅,0.03425815549347061
33,17,playdate,incongruent,✅,0.07204795091595888
33,18,relieved,congruent,✅,0.8712739557585422
33,18,depressed,congruent,✅,0.6408667550246779
33,18,relieved,incongruent,✅,0.24267554824208745
33,18,depressed,incongruent,✅,0.4877048587207474
33,19,friends,congruent,❌,0.07493560214449063
33,19,weight,congruent,✅,0.6316670574203321
33,19,friends,incongruent,❌,0.7639816236892529
33,19,weight,incongruent,✅,0.04547175418184595
33,2,overcoat,congruent,✅,0.7730650163987115
33,2,sandals,congruent,❌,0.28454058192769566
33,2,overcoat,incongruent,✅,0.07464265197336492
33,2,sandals,incongruent,✅,0.25066302204025764
33,20,lipstick,congruent,✅,0.863671588586725
33,20,song,congruent,✅,0.8034769036236623
33,20,lipstick,incongruent,✅,0.41440108756601085
33,20,song,incongruent,❌,0.7745865479648973
33,21,fought,congruent,❌,0.1077250346547311
33,21,sang,congruent,❌,0.23902717036918045
33,21,fought,incongruent,✅,0.08479529450870912
33,21,sang,incongruent,✅,0.03760333729229025
33,22,skeptical,congruent,❌,0.11775584472366914
33,22,reassured,congruent,❌,0.3153967746752734
33,22,skeptical,incongruent,✅,0.2671236216069582
33,22,reassured,incongruent,✅,0.03951464788967179
33,23,graduation,congruent,✅,0.9928507526731634
33,23,operation,congruent,✅,0.9661661056873772
33,23,graduation,incongruent,❌,0.5757277037790126
33,23,operation,incongruent,❌,0.9197482789560167
33,24,bride,congruent,✅,0.7918307906185457
33,24,aftermath,congruent,✅,0.5651597449042505
33,24,bride,incongruent,✅,0.23927089794444553
33,24,aftermath,incongruent,✅,0.3897891285742034
33,25,teacher,congruent,✅,0.7282710584326142
33,25,daughter,congruent,✅,0.9913035404310431
33,25,teacher,incongruent,❌,0.7526067488564467
33,25,daughter,incongruent,❌,0.8862734653235749
33,26,roommate,congruent,✅,0.7704176413767795
33,26,grandma,congruent,✅,0.5241197158046812
33,26,roommate,incongruent,✅,0.2881344873729276
33,26,grandma,incongruent,✅,0.2541311016407971
33,27,brother,congruent,❌,0.3990305422758752
33,27,mother,congruent,✅,0.502071672098858
33,27,brother,incongruent,✅,0.4624417196499256
33,27,mother,incongruent,✅,0.1508557595078657
33,28,preschool,congruent,✅,0.5383423568100583
33,28,prison,congruent,❌,0.322771574075037
33,28,preschool,incongruent,✅,0.11532346339513141
33,28,prison,incongruent,✅,0.14335773066118163
33,29,hopeful,congruent,❌,0.06554834774796812
33,29,hopeless,congruent,✅,0.5144656154390234
33,29,hopeful,incongruent,✅,0.27502452888002676
33,29,hopeless,incongruent,✅,0.05649852933191072
33,3,marathon,congruent,✅,0.694603941200573
33,3,exam,congruent,✅,0.5739286163725354
33,3,marathon,incongruent,✅,0.20757262775299226
33,3,exam,incongruent,✅,0.2168525195801774
33,30,appalled,congruent,✅,0.5980911318330763
33,30,overjoyed,congruent,❌,0.15011368791210883
33,30,appalled,incongruent,✅,0.14890888942213373
33,30,overjoyed,incongruent,❌,0.507339534435963
33,31,reprimand,congruent,❌,0.1778343724088357
33,31,encouragement,congruent,❌,0.38276437830423
33,31,reprimand,incongruent,✅,0.07576489504248599
33,31,encouragement,incongruent,✅,0.13494509084462364
33,32,angrily,congruent,❌,0.46474520581310064
33,32,cordially,congruent,✅,0.7761459652486301
33,32,angrily,incongruent,✅,0.4642505782297613
33,32,cordially,incongruent,✅,0.19635978062298798
33,33,accusatory,congruent,✅,0.9541751700510105
33,33,flirtatious,congruent,✅,0.8862122947048423
33,33,accusatory,incongruent,✅,0.4537959222929103
33,33,flirtatious,incongruent,❌,0.7021083497500353
33,34,disapprovingly,congruent,✅,0.8940710621163891
33,34,lovingly,congruent,✅,0.8170457872475716
33,34,disapprovingly,incongruent,✅,0.3470470900503368
33,34,lovingly,incongruent,✅,0.15394007087013253
33,35,playful,congruent,❌,0.32041745665992705
33,35,distant,congruent,✅,0.9543630622535625
33,35,playful,incongruent,❌,0.795152804113427
33,35,distant,incongruent,❌,0.6704907164439972
33,36,headphones,congruent,✅,0.7376129254729769
33,36,mangoes,congruent,❌,0.36119415431640556
33,36,headphones,incongruent,✅,0.16856231972288388
33,36,mangoes,incongruent,✅,0.275074902872089
33,37,playroom,congruent,✅,0.9406223978253289
33,37,park,congruent,✅,0.9534619885173794
33,37,playroom,incongruent,✅,0.275091886425345
33,37,park,incongruent,✅,0.2951679403527867
33,38,bedroom,congruent,✅,0.8166787385936044
33,38,backyard,congruent,✅,0.7247459978667131
33,38,bedroom,incongruent,✅,0.21132104908701474
33,38,backyard,incongruent,✅,0.08265503852412982
33,39,solemnly,congruent,✅,0.6899896278453773
33,39,excitedly,congruent,✅,0.9132100797149522
33,39,solemnly,incongruent,❌,0.6674739982258248
33,39,excitedly,incongruent,❌,0.5024497692414325
33,4,menu,congruent,✅,0.719231567810117
33,4,prescription,congruent,✅,0.9120243913701238
33,4,menu,incongruent,❌,0.6931933594308531
33,4,prescription,incongruent,✅,0.3647653670494219
33,40,car,congruent,✅,0.6454403305374858
33,40,sock,congruent,✅,0.5339247831157616
33,40,car,incongruent,✅,0.2508723437838026
33,40,sock,incongruent,❌,0.7222297439625686
33,41,overdressed,congruent,❌,0.36167058130193047
33,41,naked,congruent,❌,0.043359690056607114
33,41,overdressed,incongruent,✅,0.027990835268299232
33,41,naked,incongruent,✅,0.058907640994861135
33,42,shy,congruent,✅,0.5456388288255444
33,42,lively,congruent,✅,0.8665614253886091
33,42,shy,incongruent,❌,0.7607117631525623
33,42,lively,incongruent,✅,0.34911829969796104
33,43,offended,congruent,✅,0.8205831728238662
33,43,flattered,congruent,✅,0.8732231431889503
33,43,offended,incongruent,✅,0.4117386889480412
33,43,flattered,incongruent,❌,0.8102566874486867
33,44,grandkid,congruent,✅,0.866712877988705
33,44,cellmate,congruent,❌,0.48410876774894546
33,44,grandkid,incongruent,✅,0.23662494987492994
33,44,cellmate,incongruent,✅,0.06153247140681021
33,45,promoted,congruent,✅,0.9594824006222439
33,45,fired,congruent,✅,0.8712471942612885
33,45,promoted,incongruent,❌,0.6783640007843751
33,45,fired,incongruent,❌,0.9008230414018221
33,46,shooting,congruent,✅,0.8088766415386612
33,46,celebration,congruent,❌,0.46046464125006076
33,46,shooting,incongruent,✅,0.11691331696775827
33,46,celebration,incongruent,❌,0.6207189341357724
33,47,crayon,congruent,❌,0.13292120235054888
33,47,beer,congruent,✅,0.7270012248572097
33,47,crayon,incongruent,✅,0.028001529751312818
33,47,beer,incongruent,✅,0.01967485428413118
33,48,waiter,congruent,✅,0.534898254117505
33,48,taxi,congruent,❌,0.2705733240736175
33,48,waiter,incongruent,✅,0.37536189977578044
33,48,taxi,incongruent,✅,0.23889346037028897
33,49,parents,congruent,✅,0.7043232115394518
33,49,keys,congruent,✅,0.6851162779356939
33,49,parents,incongruent,❌,0.526762156988646
33,49,keys,incongruent,❌,0.7654633027771687
33,5,distress,congruent,✅,0.9761608593707495
33,5,tranquility,congruent,✅,0.9829618437429666
33,5,distress,incongruent,❌,0.7834049591308159
33,5,tranquility,incongruent,❌,0.6903944926758928
33,50,sofa,congruent,✅,0.9047967189696581
33,50,sky,congruent,✅,0.9801030568778816
33,50,sofa,incongruent,❌,0.7635857357609651
33,50,sky,incongruent,❌,0.5485092465451585
33,51,obesity,congruent,❌,0.12125417100662148
33,51,homework,congruent,❌,0.4688429523040958
33,51,obesity,incongruent,✅,0.1853803325587299
33,51,homework,incongruent,✅,0.06123018179865153
33,52,quiz,congruent,✅,0.9011686062957196
33,52,commute,congruent,✅,0.9172537095746618
33,52,quiz,incongruent,✅,0.3285805730904018
33,52,commute,incongruent,✅,0.42683429511888893
33,53,migraine,congruent,✅,0.9968524961098542
33,53,excitement,congruent,✅,0.6912372041944541
33,53,migraine,incongruent,✅,0.20367695854608717
33,53,excitement,incongruent,❌,0.5271026506267682
33,54,niece,congruent,✅,0.781500559914962
33,54,husband,congruent,✅,0.7860644822947241
33,54,niece,incongruent,❌,0.5790908790370044
33,54,husband,incongruent,❌,0.7002933612092904
33,55,film,congruent,❌,0.3959902673190579
33,55,sunrise,congruent,✅,0.6844707428825894
33,55,film,incongruent,✅,0.3698747878971832
33,55,sunrise,incongruent,✅,0.2521889587838807
33,56,lecture,congruent,✅,0.7507203130694236
33,56,banquet,congruent,❌,0.2506767756387439
33,56,lecture,incongruent,✅,0.02406386641852195
33,56,banquet,incongruent,✅,0.17971740960096272
33,57,drink,congruent,✅,0.8970454768293821
33,57,textbook,congruent,✅,0.9845137306575111
33,57,drink,incongruent,✅,0.35776870489428986
33,57,textbook,incongruent,✅,0.32634915498867795
33,58,pool,congruent,✅,0.611799515228941
33,58,snow,congruent,✅,0.5305397134605807
33,58,pool,incongruent,✅,0.3745647064682551
33,58,snow,incongruent,✅,0.47471873819396615
33,59,passport,congruent,✅,0.6721606061411585
33,59,plushy,congruent,❌,0.2692721275496201
33,59,passport,incongruent,✅,0.12086275757332049
33,59,plushy,incongruent,✅,0.2584176811526625
33,6,patients,congruent,✅,0.8622764514700243
33,6,students,congruent,❌,0.27595717329306485
33,6,patients,incongruent,✅,0.096633524775023
33,6,students,incongruent,✅,0.36699284401038085
33,60,sister,congruent,✅,0.7919510069737151
33,60,father,congruent,✅,0.775064526069255
33,60,sister,incongruent,❌,0.5453056660143959
33,60,father,incongruent,❌,0.5072867669624296
33,61,game,congruent,✅,0.7617818319586441
33,61,sunset,congruent,✅,0.9376445621438614
33,61,game,incongruent,✅,0.37868255299519976
33,61,sunset,incongruent,❌,0.5023282439657843
33,62,holidays,congruent,❌,0.3286234209891143
33,62,funeral,congruent,❌,0.15314740587896622
33,62,holidays,incongruent,✅,0.08577911384922458
33,62,funeral,incongruent,✅,0.28591020072404505
33,63,grades,congruent,❌,0.4209361541025768
33,63,affair,congruent,❌,0.4386248723079814
33,63,grades,incongruent,✅,0.2521772194135659
33,63,affair,incongruent,✅,0.25277966107742883
33,64,arrest,congruent,❌,0.1097856620068762
33,64,stroke,congruent,❌,0.2177725743593044
33,64,arrest,incongruent,✅,0.12534776713208962
33,64,stroke,incongruent,✅,0.12937327334363635
33,65,pacifier,congruent,✅,0.581900723109659
33,65,coffee,congruent,✅,0.9163534805822948
33,65,pacifier,incongruent,✅,0.20713867895402494
33,65,coffee,incongruent,✅,0.16283654840302839
33,66,sweets,congruent,✅,0.7050750541297447
33,66,sentencing,congruent,✅,0.7067295864855435
33,66,sweets,incongruent,✅,0.287880646923335
33,66,sentencing,incongruent,✅,0.31343236731494245
33,67,nap,congruent,✅,0.9902889047813352
33,67,selfie,congruent,✅,0.9291688664205249
33,67,nap,incongruent,✅,0.42267980489141915
33,67,selfie,incongruent,✅,0.11150079637013743
33,68,diaper,congruent,✅,0.8401642608969687
33,68,tire,congruent,✅,0.940311681867312
33,68,diaper,incongruent,✅,0.13065604370622888
33,68,tire,incongruent,✅,0.24987328065338807
33,69,chemotherapy,congruent,❌,0.23829891123365746
33,69,golf,congruent,✅,0.7843592225683277
33,69,chemotherapy,incongruent,✅,0.04033174455256125
33,69,golf,incongruent,✅,0.0270519516530781
33,7,consensus,congruent,✅,0.9178405196140675
33,7,deadlock,congruent,✅,0.5664943725525483
33,7,consensus,incongruent,✅,0.4669122035349437
33,7,deadlock,incongruent,❌,0.8673183950979518
33,70,thunder,congruent,❌,0.3515212260634495
33,70,lullaby,congruent,✅,0.7707982610683592
33,70,thunder,incongruent,✅,0.20379597376978967
33,70,lullaby,incongruent,✅,0.06388346442204516
33,71,pajamas,congruent,✅,0.9400709407051653
33,71,uniform,congruent,✅,0.91070246496602
33,71,pajamas,incongruent,❌,0.7392798685765545
33,71,uniform,incongruent,✅,0.27892963598889436
33,72,gown,congruent,❌,0.44537684843286696
33,72,sweats,congruent,❌,0.3080917380690328
33,72,gown,incongruent,✅,0.023131802835424486
33,72,sweats,incongruent,✅,0.10776664079619674
33,73,deadline,congruent,❌,0.14969503664232747
33,73,bed,congruent,✅,0.9334384528241795
33,73,deadline,incongruent,❌,0.5706540026844094
33,73,bed,incongruent,✅,0.16529836592249297
33,74,kindergarten,congruent,❌,0.3646449396544942
33,74,jail,congruent,❌,0.17771739618262264
33,74,kindergarten,incongruent,✅,0.09370777218930315
33,74,jail,incongruent,✅,0.2204389317236814
33,75,interrogated,congruent,✅,0.9579995082830141
33,75,tickled,congruent,✅,0.6982132249222351
33,75,interrogated,incongruent,✅,0.32739136954088394
33,75,tickled,incongruent,✅,0.47787465937517487
33,76,sandcastle,congruent,✅,0.9372572199240015
33,76,snowman,congruent,✅,0.867610264408111
33,76,sandcastle,incongruent,✅,0.29722373146804165
33,76,snowman,incongruent,✅,0.18300834802603505
33,77,music,congruent,✅,0.8874885405043619
33,77,pizza,congruent,✅,0.8828404156758748
33,77,music,incongruent,✅,0.29997000217251274
33,77,pizza,incongruent,✅,0.22622256893640547
33,78,playoffs,congruent,❌,0.4448413874973637
33,78,cartoon,congruent,✅,0.841289921225061
33,78,playoffs,incongruent,✅,0.070647982756723
33,78,cartoon,incongruent,✅,0.16235697417125733
33,79,alcoholism,congruent,❌,0.37535932984188547
33,79,academics,congruent,✅,0.9456606731895103
33,79,alcoholism,incongruent,❌,0.515581441940733
33,79,academics,incongruent,✅,0.3711350998865659
33,8,engagement,congruent,✅,0.7268558372154952
33,8,cancer,congruent,✅,0.8086633524932451
33,8,engagement,incongruent,❌,0.6439305851179886
33,8,cancer,incongruent,✅,0.4660290518323184
33,9,terminal,congruent,✅,0.9682313039513342
33,9,classroom,congruent,✅,0.9351037232773831
33,9,terminal,incongruent,❌,0.7371673111616138
33,9,classroom,incongruent,❌,0.8366823493563045
34,0,library,congruent,❌,0.20129572383274982
34,0,refrigerator,congruent,❌,0.228483454506253
34,0,library,incongruent,✅,0.15299562414589793
34,0,refrigerator,incongruent,✅,0.09691445505205626
34,1,disappointment,congruent,✅,0.8593571926830329
34,1,delight,congruent,✅,0.9081375855389879
34,1,disappointment,incongruent,✅,0.31205688337969556
34,1,delight,incongruent,✅,0.48388198649015735
34,10,cash,congruent,❌,0.2680466203817822
34,10,groceries,congruent,❌,0.2903570747132932
34,10,cash,incongruent,✅,0.34249367766927014
34,10,groceries,incongruent,✅,0.2417355388618686
34,11,lonely,congruent,✅,0.6469557421835161
34,11,confident,congruent,✅,0.9195257739423408
34,11,lonely,incongruent,❌,0.760243203804517
34,11,confident,incongruent,✅,0.33137911963856176
34,12,joy,congruent,✅,0.9668166345292727
34,12,outrage,congruent,✅,0.7398112966925428
34,12,joy,incongruent,✅,0.42391196936930836
34,12,outrage,incongruent,❌,0.835866044575716
34,13,traffic,congruent,✅,0.7592088044153917
34,13,snowstorm,congruent,✅,0.5518215760593465
34,13,traffic,incongruent,✅,0.2637206728247026
34,13,snowstorm,incongruent,❌,0.6259752200360394
34,14,laughter,congruent,✅,0.9334460777307059
34,14,frustration,congruent,✅,0.6271874003753084
34,14,laughter,incongruent,✅,0.095552604312724
34,14,frustration,incongruent,❌,0.5646295111602603
34,15,calculator,congruent,❌,0.19018033210423646
34,15,instrument,congruent,❌,0.10900137745342114
34,15,calculator,incongruent,✅,0.05360903472909971
34,15,instrument,incongruent,✅,0.2012371133476707
34,16,orchestra,congruent,❌,0.3275662205652554
34,16,racers,congruent,✅,0.5123997050548397
34,16,orchestra,incongruent,✅,0.22368616505676908
34,16,racers,incongruent,✅,0.29978382105176676
34,17,retirement,congruent,❌,0.20945478262202186
34,17,playdate,congruent,❌,0.3724502217557612
34,17,retirement,incongruent,✅,0.022177473942110153
34,17,playdate,incongruent,✅,0.07897116549086153
34,18,relieved,congruent,✅,0.8440952132895757
34,18,depressed,congruent,✅,0.6896376930674989
34,18,relieved,incongruent,✅,0.2467532325045499
34,18,depressed,incongruent,❌,0.5275747833998062
34,19,friends,congruent,❌,0.07267564453245318
34,19,weight,congruent,✅,0.6746058206964062
34,19,friends,incongruent,❌,0.7406834532193499
34,19,weight,incongruent,✅,0.046092010710808914
34,2,overcoat,congruent,✅,0.7055542855636909
34,2,sandals,congruent,❌,0.19703289713514058
34,2,overcoat,incongruent,✅,0.06753811772525511
34,2,sandals,incongruent,✅,0.2203946559251458
34,20,lipstick,congruent,✅,0.8534635738151033
34,20,song,congruent,✅,0.7297578410661715
34,20,lipstick,incongruent,✅,0.33972054750621106
34,20,song,incongruent,❌,0.7379752827829542
34,21,fought,congruent,❌,0.05950244687873956
34,21,sang,congruent,❌,0.13483967124334853
34,21,fought,incongruent,✅,0.15021807091808775
34,21,sang,incongruent,✅,0.012345358918446596
34,22,skeptical,congruent,❌,0.18819334567184115
34,22,reassured,congruent,❌,0.32511653408169466
34,22,skeptical,incongruent,✅,0.21789910489120431
34,22,reassured,incongruent,✅,0.09175981330472509
34,23,graduation,congruent,✅,0.9829252200165378
34,23,operation,congruent,✅,0.9615421343170374
34,23,graduation,incongruent,❌,0.5090563109496745
34,23,operation,incongruent,❌,0.8291657657598422
34,24,bride,congruent,✅,0.8304269256302913
34,24,aftermath,congruent,✅,0.5627333025076393
34,24,bride,incongruent,✅,0.22698888923406402
34,24,aftermath,incongruent,✅,0.46977954144615036
34,25,teacher,congruent,✅,0.6370630583559437
34,25,daughter,congruent,✅,0.9814061259779331
34,25,teacher,incongruent,❌,0.6117158311592973
34,25,daughter,incongruent,❌,0.8791474061655326
34,26,roommate,congruent,✅,0.536238295279687
34,26,grandma,congruent,❌,0.46387276185455195
34,26,roommate,incongruent,✅,0.2731232347365614
34,26,grandma,incongruent,✅,0.10460147470869227
34,27,brother,congruent,✅,0.6116856517029444
34,27,mother,congruent,✅,0.5948364185025475
34,27,brother,incongruent,❌,0.5841467650064273
34,27,mother,incongruent,✅,0.27104179153465274
34,28,preschool,congruent,✅,0.7105149145068109
34,28,prison,congruent,❌,0.28660467195406336
34,28,preschool,incongruent,✅,0.10493259891625054
34,28,prison,incongruent,✅,0.25926945532586315
34,29,hopeful,congruent,❌,0.05609267683754204
34,29,hopeless,congruent,✅,0.5566664330858299
34,29,hopeful,incongruent,✅,0.3191626969967795
34,29,hopeless,incongruent,✅,0.049277353636824776
34,3,marathon,congruent,✅,0.8258276728350618
34,3,exam,congruent,✅,0.6043958217569267
34,3,marathon,incongruent,✅,0.3047035993158764
34,3,exam,incongruent,✅,0.27397327044355374
34,30,appalled,congruent,❌,0.43800416961018285
34,30,overjoyed,congruent,❌,0.14995096764272536
34,30,appalled,incongruent,✅,0.1251912045415068
34,30,overjoyed,incongruent,✅,0.3538894806995687
34,31,reprimand,congruent,❌,0.13404069669435686
34,31,encouragement,congruent,❌,0.4367845469298507
34,31,reprimand,incongruent,✅,0.06538192787702143
34,31,encouragement,incongruent,✅,0.08925456094404877
34,32,angrily,congruent,❌,0.48352883011337405
34,32,cordially,congruent,✅,0.8543115287982038
34,32,angrily,incongruent,❌,0.590814426833867
34,32,cordially,incongruent,✅,0.26432054773365465
34,33,accusatory,congruent,✅,0.9422369920955156
34,33,flirtatious,congruent,✅,0.8696590027707896
34,33,accusatory,incongruent,❌,0.5445713539783117
34,33,flirtatious,incongruent,❌,0.7412054868660708
34,34,disapprovingly,congruent,✅,0.7965518069298516
34,34,lovingly,congruent,✅,0.7260936933345954
34,34,disapprovingly,incongruent,✅,0.31783094000397993
34,34,lovingly,incongruent,✅,0.14188293510704847
34,35,playful,congruent,✅,0.5485501749096854
34,35,distant,congruent,✅,0.9071850490269914
34,35,playful,incongruent,❌,0.8643956636997882
34,35,distant,incongruent,❌,0.6088160965870253
34,36,headphones,congruent,✅,0.830630400006803
34,36,mangoes,congruent,❌,0.4928025039876133
34,36,headphones,incongruent,✅,0.2565388800716466
34,36,mangoes,incongruent,✅,0.3493473676453534
34,37,playroom,congruent,✅,0.9533560929914273
34,37,park,congruent,✅,0.9579613122011158
34,37,playroom,incongruent,✅,0.19090661937593909
34,37,park,incongruent,✅,0.29491437901856077
34,38,bedroom,congruent,✅,0.8325697224201554
34,38,backyard,congruent,✅,0.7259376054033196
34,38,bedroom,incongruent,✅,0.21133169648054698
34,38,backyard,incongruent,✅,0.06373482700305351
34,39,solemnly,congruent,✅,0.6864448136153831
34,39,excitedly,congruent,✅,0.9090618477280725
34,39,solemnly,incongruent,❌,0.7146460460393251
34,39,excitedly,incongruent,✅,0.40464586516995815
34,4,menu,congruent,✅,0.6342999290910944
34,4,prescription,congruent,✅,0.9054880602742909
34,4,menu,incongruent,❌,0.7788406609674525
34,4,prescription,incongruent,✅,0.2529305737872545
34,40,car,congruent,✅,0.7124155016533573
34,40,sock,congruent,❌,0.4778661438400546
34,40,car,incongruent,✅,0.32601138576986255
34,40,sock,incongruent,❌,0.7092217877539692
34,41,overdressed,congruent,❌,0.31484921874826227
34,41,naked,congruent,❌,0.05843098761240722
34,41,overdressed,incongruent,✅,0.06283431435759508
34,41,naked,incongruent,✅,0.050003889150340125
34,42,shy,congruent,❌,0.3523378343763312
34,42,lively,congruent,✅,0.7645722740579243
34,42,shy,incongruent,❌,0.7015022851461239
34,42,lively,incongruent,✅,0.21544382939042125
34,43,offended,congruent,✅,0.8466142431788853
34,43,flattered,congruent,✅,0.8720587476842389
34,43,offended,incongruent,❌,0.5620862234143742
34,43,flattered,incongruent,❌,0.8473722863456005
34,44,grandkid,congruent,✅,0.8288783126157844
34,44,cellmate,congruent,❌,0.41655291434159325
34,44,grandkid,incongruent,✅,0.24527224177521154
34,44,cellmate,incongruent,✅,0.04108695578072017
34,45,promoted,congruent,✅,0.9720873527044099
34,45,fired,congruent,✅,0.752459833931189
34,45,promoted,incongruent,❌,0.644105400558084
34,45,fired,incongruent,❌,0.8677150146800715
34,46,shooting,congruent,✅,0.8759694185267256
34,46,celebration,congruent,❌,0.4166901943256635
34,46,shooting,incongruent,✅,0.129303409604837
34,46,celebration,incongruent,❌,0.6920301764633977
34,47,crayon,congruent,❌,0.10714687624976475
34,47,beer,congruent,✅,0.6983352933942042
34,47,crayon,incongruent,✅,0.0587794955686817
34,47,beer,incongruent,✅,0.022097894544383018
34,48,waiter,congruent,✅,0.5021217826172224
34,48,taxi,congruent,❌,0.27997612237270497
34,48,waiter,incongruent,✅,0.43414823747091014
34,48,taxi,incongruent,✅,0.1788649019078259
34,49,parents,congruent,✅,0.6856081784466337
34,49,keys,congruent,✅,0.7136468023689787
34,49,parents,incongruent,❌,0.5316430711943491
34,49,keys,incongruent,❌,0.7466759640218996
34,5,distress,congruent,✅,0.9562274525934307
34,5,tranquility,congruent,✅,0.9685290313853211
34,5,distress,incongruent,❌,0.7292370896934001
34,5,tranquility,incongruent,❌,0.6134691440463376
34,50,sofa,congruent,✅,0.9222307303352406
34,50,sky,congruent,✅,0.9795119998487842
34,50,sofa,incongruent,❌,0.7970530508815812
34,50,sky,incongruent,❌,0.6434364110771543
34,51,obesity,congruent,❌,0.14792715142243054
34,51,homework,congruent,✅,0.6143009550653498
34,51,obesity,incongruent,✅,0.21629641729358745
34,51,homework,incongruent,✅,0.0616595267561152
34,52,quiz,congruent,✅,0.8266716319068375
34,52,commute,congruent,✅,0.8347176177136318
34,52,quiz,incongruent,✅,0.3275191482783125
34,52,commute,incongruent,✅,0.3537167901561799
34,53,migraine,congruent,✅,0.9991910329291531
34,53,excitement,congruent,✅,0.6987550177022734
34,53,migraine,incongruent,✅,0.17307932402458764
34,53,excitement,incongruent,❌,0.6880221427041834
34,54,niece,congruent,✅,0.7834954934352317
34,54,husband,congruent,✅,0.8245160882787131
34,54,niece,incongruent,❌,0.6906707785810422
34,54,husband,incongruent,❌,0.6823205031741347
34,55,film,congruent,❌,0.3963713573430879
34,55,sunrise,congruent,✅,0.6599293905815903
34,55,film,incongruent,✅,0.34799347928804114
34,55,sunrise,incongruent,✅,0.3810121485861485
34,56,lecture,congruent,✅,0.8586367339544086
34,56,banquet,congruent,✅,0.5131404362318335
34,56,lecture,incongruent,✅,0.05230287643652858
34,56,banquet,incongruent,✅,0.4097848980616352
34,57,drink,congruent,✅,0.8613085373402505
34,57,textbook,congruent,✅,0.9846183457203898
34,57,drink,incongruent,✅,0.3732605123873035
34,57,textbook,incongruent,✅,0.2711515195827735
34,58,pool,congruent,✅,0.5826862682748251
34,58,snow,congruent,❌,0.46829992831865935
34,58,pool,incongruent,✅,0.32318911346784823
34,58,snow,incongruent,✅,0.43270581780482537
34,59,passport,congruent,✅,0.6394139063404314
34,59,plushy,congruent,❌,0.14036618199998857
34,59,passport,incongruent,✅,0.05301318314087688
34,59,plushy,incongruent,✅,0.24547823194306326
34,6,patients,congruent,✅,0.8789980679700747
34,6,students,congruent,❌,0.4692992098885581
34,6,patients,incongruent,✅,0.1534734829213096
34,6,students,incongruent,❌,0.5223852253986966
34,60,sister,congruent,✅,0.7267368031555481
34,60,father,congruent,✅,0.6296468579243659
34,60,sister,incongruent,❌,0.5018361183929534
34,60,father,incongruent,✅,0.41973356109543797
34,61,game,congruent,✅,0.7694500030179457
34,61,sunset,congruent,✅,0.944819537584661
34,61,game,incongruent,❌,0.5063820023252129
34,61,sunset,incongruent,✅,0.4029271686987509
34,62,holidays,congruent,❌,0.2552020675042514
34,62,funeral,congruent,❌,0.2789466451962706
34,62,holidays,incongruent,✅,0.07979621573430243
34,62,funeral,incongruent,✅,0.3594362915791587
34,63,grades,congruent,❌,0.29972885807487015
34,63,affair,congruent,❌,0.43881853963532075
34,63,grades,incongruent,✅,0.18292613079594816
34,63,affair,incongruent,✅,0.15299977445195287
34,64,arrest,congruent,❌,0.25227598816082936
34,64,stroke,congruent,❌,0.3940875349669449
34,64,arrest,incongruent,✅,0.3023379707007381
34,64,stroke,incongruent,✅,0.24983528729656113
34,65,pacifier,congruent,❌,0.4813894482952157
34,65,coffee,congruent,✅,0.8353280990229119
34,65,pacifier,incongruent,✅,0.23487088306307433
34,65,coffee,incongruent,✅,0.15842498949390352
34,66,sweets,congruent,✅,0.6563273792728918
34,66,sentencing,congruent,✅,0.7113770948739423
34,66,sweets,incongruent,✅,0.26504585972116634
34,66,sentencing,incongruent,✅,0.27541290777401733
34,67,nap,congruent,✅,0.9899167615786466
34,67,selfie,congruent,✅,0.9202917592647752
34,67,nap,incongruent,❌,0.6022722922823567
34,67,selfie,incongruent,✅,0.11309082816610115
34,68,diaper,congruent,✅,0.811774429971605
34,68,tire,congruent,✅,0.9376891600530828
34,68,diaper,incongruent,✅,0.19529347131084204
34,68,tire,incongruent,✅,0.252372909173717
34,69,chemotherapy,congruent,❌,0.24377125062289481
34,69,golf,congruent,✅,0.7888709491985525
34,69,chemotherapy,incongruent,✅,0.04257121891720206
34,69,golf,incongruent,✅,0.03420548368037657
34,7,consensus,congruent,✅,0.8215770456364656
34,7,deadlock,congruent,❌,0.4343024217992958
34,7,consensus,incongruent,✅,0.3484129893253902
34,7,deadlock,incongruent,❌,0.7149327812606535
34,70,thunder,congruent,❌,0.4205537672203682
34,70,lullaby,congruent,✅,0.706898167749933
34,70,thunder,incongruent,✅,0.14595608677375232
34,70,lullaby,incongruent,✅,0.11093250527046371
34,71,pajamas,congruent,✅,0.8910841129870761
34,71,uniform,congruent,✅,0.8811117416988732
34,71,pajamas,incongruent,❌,0.7075035509313685
34,71,uniform,incongruent,✅,0.3196583173763615
34,72,gown,congruent,❌,0.47778706998032444
34,72,sweats,congruent,❌,0.31086412992193896
34,72,gown,incongruent,✅,0.04226105809106511
34,72,sweats,incongruent,✅,0.06971133042031033
34,73,deadline,congruent,❌,0.43701387285896376
34,73,bed,congruent,✅,0.82257243061621
34,73,deadline,incongruent,✅,0.43016314645206116
34,73,bed,incongruent,✅,0.3617501103138242
34,74,kindergarten,congruent,❌,0.3417840778538151
34,74,jail,congruent,❌,0.25495242652621003
34,74,kindergarten,incongruent,✅,0.09788451070126344
34,74,jail,incongruent,✅,0.22157911308711076
34,75,interrogated,congruent,✅,0.9261287835973352
34,75,tickled,congruent,✅,0.7185363620627948
34,75,interrogated,incongruent,❌,0.5370152259495017
34,75,tickled,incongruent,✅,0.41634476667211784
34,76,sandcastle,congruent,✅,0.9515880876329444
34,76,snowman,congruent,✅,0.8666508458685266
34,76,sandcastle,incongruent,❌,0.5430044413380727
34,76,snowman,incongruent,✅,0.2825900314731079
34,77,music,congruent,✅,0.9562789834071884
34,77,pizza,congruent,✅,0.8441407477543431
34,77,music,incongruent,✅,0.49505590954402756
34,77,pizza,incongruent,✅,0.34671995076781625
34,78,playoffs,congruent,❌,0.35628753640429994
34,78,cartoon,congruent,✅,0.6845130002363387
34,78,playoffs,incongruent,✅,0.056886312620775946
34,78,cartoon,incongruent,✅,0.08808147058238895
34,79,alcoholism,congruent,❌,0.3136486055139536
34,79,academics,congruent,✅,0.9364202217202329
34,79,alcoholism,incongruent,❌,0.5200362077623945
34,79,academics,incongruent,✅,0.23531691101124957
34,8,engagement,congruent,✅,0.6180608087638751
34,8,cancer,congruent,✅,0.8773934982683399
34,8,engagement,incongruent,❌,0.8710171888942428
34,8,cancer,incongruent,✅,0.3942151678300326
34,9,terminal,congruent,✅,0.9806031509365919
34,9,classroom,congruent,✅,0.9616469607545701
34,9,terminal,incongruent,❌,0.7917166751088439
34,9,classroom,incongruent,❌,0.9042382250501676
