layer_index,item_index,image_word,condition,pass,probability_congruent
0,0,library,congruent,❌,0.31272356266151063
0,0,refrigerator,congruent,✅,0.6971859149811682
0,0,library,incongruent,❌,0.576569852331566
0,0,refrigerator,incongruent,✅,0.14909835365975502
0,1,disappointment,congruent,❌,0.18792480825665156
0,1,delight,congruent,❌,0.05825709551019562
0,1,disappointment,incongruent,✅,0.023651704457545
0,1,delight,incongruent,✅,0.18101026870267878
0,10,cash,congruent,❌,0.043117372543289505
0,10,groceries,congruent,✅,0.5995814866750463
0,10,cash,incongruent,✅,0.13784794170995435
0,10,groceries,incongruent,✅,0.09543300877949634
0,11,lonely,congruent,✅,0.5653089491862064
0,11,confident,congruent,✅,0.7369452937695421
0,11,lonely,incongruent,❌,0.5998802402934825
0,11,confident,incongruent,✅,0.2803652318772725
0,12,joy,congruent,✅,0.8179388064967068
0,12,outrage,congruent,❌,0.15749790233441466
0,12,joy,incongruent,✅,0.0665228992272143
0,12,outrage,incongruent,✅,0.23592646235081063
0,13,traffic,congruent,✅,0.990216220480199
0,13,snowstorm,congruent,✅,0.9818034210814021
0,13,traffic,incongruent,❌,0.9814079730819852
0,13,snowstorm,incongruent,❌,0.980631512604404
0,14,laughter,congruent,✅,0.6274005333693636
0,14,frustration,congruent,✅,0.7760635975756167
0,14,laughter,incongruent,❌,0.7017489900688245
0,14,frustration,incongruent,❌,0.5755962857173027
0,15,calculator,congruent,❌,0.20543225729036724
0,15,instrument,congruent,❌,0.3485144657926225
0,15,calculator,incongruent,✅,0.1817638293554799
0,15,instrument,incongruent,✅,0.09419830399460216
0,16,orchestra,congruent,✅,0.8403097362550865
0,16,racers,congruent,✅,0.6304705811131853
0,16,orchestra,incongruent,✅,0.41083181326124174
0,16,racers,incongruent,❌,0.778355197631632
0,17,retirement,congruent,❌,0.3989817526798561
0,17,playdate,congruent,❌,0.04191536556610297
0,17,retirement,incongruent,✅,0.061549813889416494
0,17,playdate,incongruent,✅,0.10743083645548776
0,18,relieved,congruent,❌,0.22744979606987417
0,18,depressed,congruent,❌,0.13345104046274114
0,18,relieved,incongruent,✅,0.23676511773712983
0,18,depressed,incongruent,❌,0.506846734432069
0,19,friends,congruent,✅,0.6979981816093004
0,19,weight,congruent,✅,0.6375774884686454
0,19,friends,incongruent,✅,0.36062222530337745
0,19,weight,incongruent,❌,0.649907991100713
0,2,overcoat,congruent,✅,0.7761368074103379
0,2,sandals,congruent,✅,0.6355960675812834
0,2,overcoat,incongruent,✅,0.3332882406188733
0,2,sandals,incongruent,❌,0.8609286924999493
0,20,lipstick,congruent,✅,0.9762409762728491
0,20,song,congruent,✅,0.7473439779887264
0,20,lipstick,incongruent,✅,0.0918501501340357
0,20,song,incongruent,❌,0.7840069643323531
0,21,fought,congruent,❌,0.004031075515013661
0,21,sang,congruent,✅,0.6220861533837599
0,21,fought,incongruent,✅,0.3588300977473955
0,21,sang,incongruent,✅,0.005811438132377301
0,22,skeptical,congruent,❌,0.10573833207364922
0,22,reassured,congruent,❌,0.4901289376846724
0,22,skeptical,incongruent,✅,0.40636959867336153
0,22,reassured,incongruent,✅,0.15738177282061266
0,23,graduation,congruent,❌,0.41350918948030185
0,23,operation,congruent,❌,0.31792194808820123
0,23,graduation,incongruent,✅,0.1035297396079624
0,23,operation,incongruent,✅,0.24226467136161123
0,24,bride,congruent,✅,0.6308162923406363
0,24,aftermath,congruent,✅,0.9158643406658141
0,24,bride,incongruent,✅,0.23003309425072171
0,24,aftermath,incongruent,✅,0.038561826886890326
0,25,teacher,congruent,✅,0.6422408585757885
0,25,daughter,congruent,✅,0.8849635697125989
0,25,teacher,incongruent,❌,0.7441516459425568
0,25,daughter,incongruent,❌,0.8121856998262958
0,26,roommate,congruent,❌,0.1402147572164766
0,26,grandma,congruent,❌,0.27145675921301027
0,26,roommate,incongruent,✅,0.2162146399666255
0,26,grandma,incongruent,✅,0.07006978888637454
0,27,brother,congruent,❌,0.3774736311513946
0,27,mother,congruent,✅,0.5715100079670635
0,27,brother,incongruent,✅,0.3223211103926599
0,27,mother,incongruent,✅,0.3772179399677278
0,28,preschool,congruent,✅,0.7140989492575268
0,28,prison,congruent,✅,0.5845158366044827
0,28,preschool,incongruent,✅,0.2234851873772289
0,28,prison,incongruent,✅,0.23079032165841828
0,29,hopeful,congruent,❌,0.4765977041703136
0,29,hopeless,congruent,✅,0.6510352947733417
0,29,hopeful,incongruent,✅,0.3923667788175852
0,29,hopeless,incongruent,✅,0.45838929316956695
0,3,marathon,congruent,✅,0.7278915259093908
0,3,exam,congruent,✅,0.6987601296994049
0,3,marathon,incongruent,✅,0.2225558546893038
0,3,exam,incongruent,✅,0.15788467030448736
0,30,appalled,congruent,❌,0.015141778782523268
0,30,overjoyed,congruent,❌,0.3015451495104879
0,30,appalled,incongruent,✅,0.3189748587274338
0,30,overjoyed,incongruent,✅,0.01644345513248471
0,31,reprimand,congruent,❌,0.4439356514886815
0,31,encouragement,congruent,✅,0.833134170749687
0,31,reprimand,incongruent,❌,0.7821783583284042
0,31,encouragement,incongruent,✅,0.3903763406673286
0,32,angrily,congruent,❌,0.37539895711743
0,32,cordially,congruent,❌,0.20595497298633778
0,32,angrily,incongruent,✅,0.21484669354582056
0,32,cordially,incongruent,✅,0.24344200928581486
0,33,accusatory,congruent,✅,0.5206670590785998
0,33,flirtatious,congruent,❌,0.17700925772877033
0,33,accusatory,incongruent,✅,0.19647940230864888
0,33,flirtatious,incongruent,✅,0.4251468989668867
0,34,disapprovingly,congruent,❌,0.3545853249101345
0,34,lovingly,congruent,✅,0.6797417068781023
0,34,disapprovingly,incongruent,❌,0.5865813659679391
0,34,lovingly,incongruent,✅,0.3615379819358674
0,35,playful,congruent,✅,0.957974887574984
0,35,distant,congruent,❌,0.43556576503461636
0,35,playful,incongruent,✅,0.35313589127414324
0,35,distant,incongruent,❌,0.9305697873365761
0,36,headphones,congruent,❌,0.3376721534982313
0,36,mangoes,congruent,✅,0.7624413957835657
0,36,headphones,incongruent,✅,0.4289140687197237
0,36,mangoes,incongruent,✅,0.09689109306345904
0,37,playroom,congruent,✅,0.919053410015832
0,37,park,congruent,✅,0.8777792522282191
0,37,playroom,incongruent,❌,0.6772197803956033
0,37,park,incongruent,❌,0.9378780145727944
0,38,bedroom,congruent,✅,0.9103298617145887
0,38,backyard,congruent,✅,0.7835220538419473
0,38,bedroom,incongruent,✅,0.4141745628985903
0,38,backyard,incongruent,❌,0.6612107359870493
0,39,solemnly,congruent,❌,0.3004261072816
0,39,excitedly,congruent,✅,0.5891529022075642
0,39,solemnly,incongruent,✅,0.44717684629885457
0,39,excitedly,incongruent,✅,0.38352719136915275
0,4,menu,congruent,✅,0.7847813906014887
0,4,prescription,congruent,✅,0.5063034048515762
0,4,menu,incongruent,✅,0.20254476929736423
0,4,prescription,incongruent,✅,0.4484097341818259
0,40,car,congruent,✅,0.85189541654171
0,40,sock,congruent,❌,0.29556318451302077
0,40,car,incongruent,✅,0.21518669661428985
0,40,sock,incongruent,✅,0.4508436509779341
0,41,overdressed,congruent,✅,0.8484401757594472
0,41,naked,congruent,✅,0.8283719904849335
0,41,overdressed,incongruent,❌,0.8387253380313976
0,41,naked,incongruent,❌,0.9419499568929778
0,42,shy,congruent,❌,0.40700066889304365
0,42,lively,congruent,✅,0.7419457222449559
0,42,shy,incongruent,❌,0.550070718982237
0,42,lively,incongruent,✅,0.4642405976787571
0,43,offended,congruent,✅,0.7887091006793083
0,43,flattered,congruent,❌,0.36210166804499244
0,43,offended,incongruent,✅,0.43375193317992944
0,43,flattered,incongruent,❌,0.6188056560959374
0,44,grandkid,congruent,❌,0.2314809203297932
0,44,cellmate,congruent,✅,0.8886936378699244
0,44,grandkid,incongruent,❌,0.8490261376398117
0,44,cellmate,incongruent,✅,0.21358659979170005
0,45,promoted,congruent,❌,0.31517558697926
0,45,fired,congruent,❌,0.16797601390216851
0,45,promoted,incongruent,✅,0.1403290604891136
0,45,fired,incongruent,✅,0.34258076748571326
0,46,shooting,congruent,✅,0.9380435958514901
0,46,celebration,congruent,✅,0.6286625944932125
0,46,shooting,incongruent,✅,0.1388659497902479
0,46,celebration,incongruent,❌,0.7337107972420512
0,47,crayon,congruent,✅,0.6965155380006359
0,47,beer,congruent,❌,0.26888268833429413
0,47,crayon,incongruent,✅,0.003132663806463063
0,47,beer,incongruent,❌,0.5881524557159936
0,48,waiter,congruent,✅,0.8636340586348157
0,48,taxi,congruent,✅,0.6402468208326675
0,48,waiter,incongruent,✅,0.2109442493897994
0,48,taxi,incongruent,❌,0.8436437869407827
0,49,parents,congruent,❌,0.27519280187923806
0,49,keys,congruent,❌,0.3797545002984255
0,49,parents,incongruent,✅,0.41230513339170416
0,49,keys,incongruent,✅,0.44303770315981594
0,5,distress,congruent,✅,0.783075615393558
0,5,tranquility,congruent,✅,0.8448666225304209
0,5,distress,incongruent,❌,0.7946393585581558
0,5,tranquility,incongruent,❌,0.7067693571552501
0,50,sofa,congruent,✅,0.5516791756502093
0,50,sky,congruent,✅,0.8872156419245528
0,50,sofa,incongruent,❌,0.5980232442829724
0,50,sky,incongruent,✅,0.15909687833277364
0,51,obesity,congruent,❌,0.2820065571082021
0,51,homework,congruent,✅,0.6706696093834682
0,51,obesity,incongruent,✅,0.12439520690169723
0,51,homework,incongruent,✅,0.36525205329652277
0,52,quiz,congruent,✅,0.5009005174224056
0,52,commute,congruent,✅,0.7743704003555846
0,52,quiz,incongruent,❌,0.7492044242227394
0,52,commute,incongruent,✅,0.0661598130432641
0,53,migraine,congruent,✅,0.7014291322781432
0,53,excitement,congruent,✅,0.8754864995196947
0,53,migraine,incongruent,❌,0.8504718233174862
0,53,excitement,incongruent,✅,0.18734491667542644
0,54,niece,congruent,✅,0.5244826581019917
0,54,husband,congruent,❌,0.37632112535438206
0,54,niece,incongruent,❌,0.8540501051070363
0,54,husband,incongruent,✅,0.21746072390029714
0,55,film,congruent,❌,0.2692471131155967
0,55,sunrise,congruent,✅,0.9188667603142134
0,55,film,incongruent,❌,0.6019454117105669
0,55,sunrise,incongruent,✅,0.1809986056042646
0,56,lecture,congruent,✅,0.8436252378638988
0,56,banquet,congruent,✅,0.5255251945415039
0,56,lecture,incongruent,✅,0.09220508471648386
0,56,banquet,incongruent,✅,0.07524134548591706
0,57,drink,congruent,✅,0.954356771820003
0,57,textbook,congruent,❌,0.21337159456854551
0,57,drink,incongruent,✅,0.014995370856075982
0,57,textbook,incongruent,❌,0.6556437459772101
0,58,pool,congruent,✅,0.7841124868598877
0,58,snow,congruent,✅,0.8381501687853818
0,58,pool,incongruent,❌,0.8468661316260566
0,58,snow,incongruent,❌,0.699646254772293
0,59,passport,congruent,✅,0.7503315478670554
0,59,plushy,congruent,✅,0.8641884002509523
0,59,passport,incongruent,❌,0.7143604800721414
0,59,plushy,incongruent,❌,0.5926089629803201
0,6,patients,congruent,✅,0.8282983734440784
0,6,students,congruent,❌,0.31864394809320234
0,6,patients,incongruent,✅,0.08387291543275242
0,6,students,incongruent,✅,0.24082863032883844
0,60,sister,congruent,✅,0.8775567630173746
0,60,father,congruent,✅,0.6482885622574698
0,60,sister,incongruent,❌,0.8383496436053984
0,60,father,incongruent,❌,0.7955605106977388
0,61,game,congruent,❌,0.2879789845507673
0,61,sunset,congruent,✅,0.9717641074522461
0,61,game,incongruent,❌,0.534553687484919
0,61,sunset,incongruent,✅,0.028282824659920602
0,62,holidays,congruent,✅,0.9594480780650246
0,62,funeral,congruent,✅,0.9895747961273829
0,62,holidays,incongruent,❌,0.8999576761696029
0,62,funeral,incongruent,❌,0.5381655670088844
0,63,grades,congruent,❌,0.23805355127233865
0,63,affair,congruent,❌,0.19539354532074601
0,63,grades,incongruent,✅,0.17437987670987093
0,63,affair,incongruent,✅,0.09450098289180964
0,64,arrest,congruent,✅,0.9071980222370849
0,64,stroke,congruent,❌,0.2021489255077295
0,64,arrest,incongruent,✅,0.1837668283921845
0,64,stroke,incongruent,❌,0.6931078392092839
0,65,pacifier,congruent,❌,0.3997272566876249
0,65,coffee,congruent,❌,0.34089134072822325
0,65,pacifier,incongruent,✅,0.23259849864454477
0,65,coffee,incongruent,✅,0.3371391525659715
0,66,sweets,congruent,✅,0.9806179906169726
0,66,sentencing,congruent,❌,0.13061572762736726
0,66,sweets,incongruent,✅,0.012879696142887326
0,66,sentencing,incongruent,✅,0.3341004674136475
0,67,nap,congruent,✅,0.9859193029903501
0,67,selfie,congruent,✅,0.7297685600419334
0,67,nap,incongruent,✅,0.12121894073206967
0,67,selfie,incongruent,❌,0.9531308768753359
0,68,diaper,congruent,✅,0.9382190700566531
0,68,tire,congruent,✅,0.5917595016477145
0,68,diaper,incongruent,✅,0.013782134501932232
0,68,tire,incongruent,❌,0.5047860914254432
0,69,chemotherapy,congruent,❌,0.20538979267024354
0,69,golf,congruent,✅,0.8292495664326381
0,69,chemotherapy,incongruent,✅,0.06250536427843884
0,69,golf,incongruent,✅,0.01103478142804178
0,7,consensus,congruent,❌,0.14892452348595697
0,7,deadlock,congruent,❌,0.027227312646701057
0,7,consensus,incongruent,✅,0.0051167598507137245
0,7,deadlock,incongruent,✅,0.2370726909124187
0,70,thunder,congruent,❌,0.39548486251994613
0,70,lullaby,congruent,✅,0.6938012654681145
0,70,thunder,incongruent,✅,0.46123347133132914
0,70,lullaby,incongruent,✅,0.09948430743011852
0,71,pajamas,congruent,✅,0.8427526790318424
0,71,uniform,congruent,✅,0.8798069688710588
0,71,pajamas,incongruent,❌,0.5103823161341631
0,71,uniform,incongruent,❌,0.8233495341460886
0,72,gown,congruent,✅,0.9930505523971181
0,72,sweats,congruent,❌,0.4744837481640224
0,72,gown,incongruent,✅,0.4940618345196041
0,72,sweats,incongruent,❌,0.9368860535122717
0,73,deadline,congruent,✅,0.9326447770149017
0,73,bed,congruent,✅,0.5094885164745221
0,73,deadline,incongruent,✅,0.17312969715749674
0,73,bed,incongruent,❌,0.872964035988804
0,74,kindergarten,congruent,✅,0.8994092838262842
0,74,jail,congruent,✅,0.9019947021693105
0,74,kindergarten,incongruent,❌,0.5447850111366074
0,74,jail,incongruent,❌,0.8106768681491908
0,75,interrogated,congruent,✅,0.7289238939940478
0,75,tickled,congruent,✅,0.8404299529328508
0,75,interrogated,incongruent,❌,0.8670328429963746
0,75,tickled,incongruent,❌,0.5131809347432856
0,76,sandcastle,congruent,❌,0.23280413507290762
0,76,snowman,congruent,❌,0.11868715444505017
0,76,sandcastle,incongruent,✅,0.10124648884072296
0,76,snowman,incongruent,✅,0.23377971553511187
0,77,music,congruent,✅,0.8622787928746024
0,77,pizza,congruent,✅,0.9765577331072662
0,77,music,incongruent,❌,0.7364387788385307
0,77,pizza,incongruent,✅,0.30306632656751414
0,78,playoffs,congruent,✅,0.5094662404924423
0,78,cartoon,congruent,✅,0.7800850951331147
0,78,playoffs,incongruent,❌,0.704940470982135
0,78,cartoon,incongruent,✅,0.06275918692842393
0,79,alcoholism,congruent,❌,0.27105437709188773
0,79,academics,congruent,✅,0.968478266501398
0,79,alcoholism,incongruent,❌,0.7938681979162233
0,79,academics,incongruent,✅,0.21155798275868498
0,8,engagement,congruent,✅,0.8618980500546255
0,8,cancer,congruent,❌,0.41360153983289355
0,8,engagement,incongruent,✅,0.10137797135245032
0,8,cancer,incongruent,❌,0.8144303748205505
0,9,terminal,congruent,❌,0.2019237658237742
0,9,classroom,congruent,❌,0.3313618686765513
0,9,terminal,incongruent,✅,0.21418129897867796
0,9,classroom,incongruent,✅,0.2039726124193253
1,0,library,congruent,❌,0.2187707563241617
1,0,refrigerator,congruent,✅,0.7677842388337288
1,0,library,incongruent,❌,0.6414656651653576
1,0,refrigerator,incongruent,✅,0.0945831764126992
1,1,disappointment,congruent,❌,0.18006147340018305
1,1,delight,congruent,❌,0.08333215431938881
1,1,disappointment,incongruent,✅,0.03703661921413064
1,1,delight,incongruent,✅,0.17437746465647425
1,10,cash,congruent,❌,0.03705415069447094
1,10,groceries,congruent,✅,0.5900086818242023
1,10,cash,incongruent,✅,0.11334623276397847
1,10,groceries,incongruent,✅,0.06770344073422722
1,11,lonely,congruent,✅,0.5749093824352375
1,11,confident,congruent,✅,0.8519781058508339
1,11,lonely,incongruent,❌,0.7408132541090449
1,11,confident,incongruent,✅,0.2813890820771024
1,12,joy,congruent,✅,0.8355477989748794
1,12,outrage,congruent,❌,0.13694719262655208
1,12,joy,incongruent,✅,0.05395069648133494
1,12,outrage,incongruent,✅,0.2525793993553055
1,13,traffic,congruent,✅,0.9945241647920798
1,13,snowstorm,congruent,✅,0.9926583231458544
1,13,traffic,incongruent,❌,0.9921716247564454
1,13,snowstorm,incongruent,❌,0.9888797373210743
1,14,laughter,congruent,✅,0.6483378556223061
1,14,frustration,congruent,✅,0.6754385496641068
1,14,laughter,incongruent,❌,0.6092812871171734
1,14,frustration,incongruent,❌,0.5972105432287554
1,15,calculator,congruent,❌,0.17371074358784389
1,15,instrument,congruent,❌,0.3799066874424699
1,15,calculator,incongruent,✅,0.1693980438943525
1,15,instrument,incongruent,✅,0.0723743385809518
1,16,orchestra,congruent,✅,0.8197229203841737
1,16,racers,congruent,✅,0.5908680030713184
1,16,orchestra,incongruent,✅,0.3667417424814614
1,16,racers,incongruent,❌,0.7430592781299711
1,17,retirement,congruent,✅,0.6303073529613814
1,17,playdate,congruent,❌,0.047830428108703464
1,17,retirement,incongruent,✅,0.05947664268780548
1,17,playdate,incongruent,✅,0.19215214640674994
1,18,relieved,congruent,❌,0.1965819174725222
1,18,depressed,congruent,❌,0.07380567742040493
1,18,relieved,incongruent,✅,0.14312195532914912
1,18,depressed,incongruent,✅,0.39514323835349996
1,19,friends,congruent,✅,0.6051855904373304
1,19,weight,congruent,✅,0.7070086087703409
1,19,friends,incongruent,✅,0.30272788397111766
1,19,weight,incongruent,❌,0.580319495818881
1,2,overcoat,congruent,✅,0.7818947855909658
1,2,sandals,congruent,✅,0.6552383246968828
1,2,overcoat,incongruent,✅,0.34291075112581554
1,2,sandals,incongruent,❌,0.8753028711466264
1,20,lipstick,congruent,✅,0.9824137022031377
1,20,song,congruent,✅,0.8067955124415621
1,20,lipstick,incongruent,✅,0.09525518649577243
1,20,song,incongruent,❌,0.8575688322188229
1,21,fought,congruent,❌,0.003797585669383309
1,21,sang,congruent,✅,0.643458213481065
1,21,fought,incongruent,✅,0.3533259369731335
1,21,sang,incongruent,✅,0.00458450683237101
1,22,skeptical,congruent,❌,0.13255502219980914
1,22,reassured,congruent,❌,0.4167995128652276
1,22,skeptical,incongruent,✅,0.36987889098946697
1,22,reassured,incongruent,✅,0.16493352334637804
1,23,graduation,congruent,❌,0.4193524522188731
1,23,operation,congruent,❌,0.35277411441124
1,23,graduation,incongruent,✅,0.10452315457397923
1,23,operation,incongruent,✅,0.24124263708942031
1,24,bride,congruent,✅,0.6563225871783704
1,24,aftermath,congruent,✅,0.8913889435760879
1,24,bride,incongruent,✅,0.21356346511303875
1,24,aftermath,incongruent,✅,0.022851254986965497
1,25,teacher,congruent,✅,0.625753542901452
1,25,daughter,congruent,✅,0.9229464864699247
1,25,teacher,incongruent,❌,0.831920016862116
1,25,daughter,incongruent,❌,0.7856924747948097
1,26,roommate,congruent,❌,0.1209054469793181
1,26,grandma,congruent,❌,0.16314026823416647
1,26,roommate,incongruent,✅,0.14151142224584856
1,26,grandma,incongruent,✅,0.06821819205767747
1,27,brother,congruent,✅,0.5657573249565057
1,27,mother,congruent,✅,0.5312090685101858
1,27,brother,incongruent,✅,0.2941928385644379
1,27,mother,incongruent,❌,0.5579729280309851
1,28,preschool,congruent,✅,0.7139574295130316
1,28,prison,congruent,✅,0.5673125316334567
1,28,preschool,incongruent,✅,0.18257256647424278
1,28,prison,incongruent,✅,0.20550426561937088
1,29,hopeful,congruent,❌,0.34374237897150917
1,29,hopeless,congruent,✅,0.6607260097826165
1,29,hopeful,incongruent,✅,0.3697010084379219
1,29,hopeless,incongruent,✅,0.3297975869320158
1,3,marathon,congruent,✅,0.6322742899745407
1,3,exam,congruent,✅,0.6498332483860647
1,3,marathon,incongruent,✅,0.16272102477582887
1,3,exam,incongruent,✅,0.09891696343467263
1,30,appalled,congruent,❌,0.02987178504370295
1,30,overjoyed,congruent,❌,0.24018531355817668
1,30,appalled,incongruent,✅,0.239646343685639
1,30,overjoyed,incongruent,✅,0.029343595365163344
1,31,reprimand,congruent,❌,0.24405936506506928
1,31,encouragement,congruent,✅,0.8515641173430655
1,31,reprimand,incongruent,❌,0.7978205172947892
1,31,encouragement,incongruent,✅,0.19249624404209084
1,32,angrily,congruent,❌,0.40261829956660283
1,32,cordially,congruent,❌,0.11754213191166227
1,32,angrily,incongruent,✅,0.12052792262929168
1,32,cordially,incongruent,✅,0.2779857868404273
1,33,accusatory,congruent,❌,0.4107168643836444
1,33,flirtatious,congruent,❌,0.23047111427721603
1,33,accusatory,incongruent,✅,0.23091823427630348
1,33,flirtatious,incongruent,✅,0.3320077547844037
1,34,disapprovingly,congruent,❌,0.30646759632510945
1,34,lovingly,congruent,✅,0.7015767256096084
1,34,disapprovingly,incongruent,❌,0.6257593802949286
1,34,lovingly,incongruent,✅,0.295782798934099
1,35,playful,congruent,✅,0.9691092429183304
1,35,distant,congruent,❌,0.32658508786556273
1,35,playful,incongruent,✅,0.27465010709496546
1,35,distant,incongruent,❌,0.949763510001047
1,36,headphones,congruent,❌,0.3505757901846236
1,36,mangoes,congruent,✅,0.6954650363595379
1,36,headphones,incongruent,✅,0.3101738309455525
1,36,mangoes,incongruent,✅,0.05324699065107249
1,37,playroom,congruent,✅,0.8963589236438715
1,37,park,congruent,✅,0.8648933485133103
1,37,playroom,incongruent,❌,0.6353327976836741
1,37,park,incongruent,❌,0.9183708078072419
1,38,bedroom,congruent,✅,0.9391821932090094
1,38,backyard,congruent,✅,0.8580223643356085
1,38,bedroom,incongruent,❌,0.5384783722273756
1,38,backyard,incongruent,❌,0.6843527437365235
1,39,solemnly,congruent,✅,0.6461900998309034
1,39,excitedly,congruent,✅,0.5957199012014576
1,39,solemnly,incongruent,✅,0.48270847713519616
1,39,excitedly,incongruent,❌,0.7058406448491061
1,4,menu,congruent,✅,0.8087894831216796
1,4,prescription,congruent,❌,0.4825047158773096
1,4,menu,incongruent,✅,0.1949142270693954
1,4,prescription,incongruent,✅,0.4081518134454574
1,40,car,congruent,✅,0.8519561577727689
1,40,sock,congruent,❌,0.33050728776233385
1,40,car,incongruent,✅,0.21282927479832128
1,40,sock,incongruent,✅,0.42351976566622296
1,41,overdressed,congruent,✅,0.892649304350272
1,41,naked,congruent,✅,0.7972576584000315
1,41,overdressed,incongruent,❌,0.771197191272831
1,41,naked,incongruent,❌,0.9500734980278468
1,42,shy,congruent,❌,0.3818858422862236
1,42,lively,congruent,✅,0.7379755739779307
1,42,shy,incongruent,❌,0.5300905689914359
1,42,lively,incongruent,✅,0.41465316245538913
1,43,offended,congruent,✅,0.7389988690096846
1,43,flattered,congruent,❌,0.41153452248489353
1,43,offended,incongruent,❌,0.5077792227422455
1,43,flattered,incongruent,❌,0.5492570253368811
1,44,grandkid,congruent,❌,0.34785756570150017
1,44,cellmate,congruent,✅,0.9035420245361482
1,44,grandkid,incongruent,❌,0.8845044677985692
1,44,cellmate,incongruent,✅,0.3213920895486151
1,45,promoted,congruent,❌,0.2341844146313869
1,45,fired,congruent,❌,0.11370354410171124
1,45,promoted,incongruent,✅,0.09044402337279807
1,45,fired,incongruent,✅,0.23192876226529657
1,46,shooting,congruent,✅,0.9329108172019119
1,46,celebration,congruent,✅,0.5212466057271268
1,46,shooting,incongruent,✅,0.08923459808149735
1,46,celebration,incongruent,❌,0.6907424021886555
1,47,crayon,congruent,✅,0.8256933215660289
1,47,beer,congruent,❌,0.4399470553296235
1,47,crayon,incongruent,✅,0.004264089194991222
1,47,beer,incongruent,❌,0.7422031081526375
1,48,waiter,congruent,✅,0.8944146846535228
1,48,taxi,congruent,✅,0.7751229991145777
1,48,waiter,incongruent,✅,0.30504774072827134
1,48,taxi,incongruent,❌,0.884104575394
1,49,parents,congruent,❌,0.40512226649925903
1,49,keys,congruent,❌,0.3742667351414958
1,49,parents,incongruent,✅,0.40039969932740893
1,49,keys,incongruent,❌,0.5701364524422718
1,5,distress,congruent,✅,0.8147463167163697
1,5,tranquility,congruent,✅,0.7571731749284428
1,5,distress,incongruent,❌,0.6957630245395641
1,5,tranquility,incongruent,❌,0.7307194348846842
1,50,sofa,congruent,✅,0.7343992242909113
1,50,sky,congruent,✅,0.9802769572461406
1,50,sofa,incongruent,❌,0.8756292070395166
1,50,sky,incongruent,✅,0.22870810465342517
1,51,obesity,congruent,❌,0.30295917074414974
1,51,homework,congruent,✅,0.6807280559790193
1,51,obesity,incongruent,✅,0.12128941619840855
1,51,homework,incongruent,✅,0.38841158682024624
1,52,quiz,congruent,❌,0.40074616952796566
1,52,commute,congruent,✅,0.8181161424795785
1,52,quiz,incongruent,❌,0.7628184943031635
1,52,commute,incongruent,✅,0.06085036180680381
1,53,migraine,congruent,✅,0.7782092252461412
1,53,excitement,congruent,✅,0.8669414101891387
1,53,migraine,incongruent,❌,0.845263320916026
1,53,excitement,incongruent,✅,0.19055402453882364
1,54,niece,congruent,✅,0.6810570120585849
1,54,husband,congruent,❌,0.3752574799669029
1,54,niece,incongruent,❌,0.8432730317358978
1,54,husband,incongruent,✅,0.32929667160829784
1,55,film,congruent,❌,0.3579747082052655
1,55,sunrise,congruent,✅,0.8778294858373338
1,55,film,incongruent,✅,0.459837370079814
1,55,sunrise,incongruent,✅,0.23277348853818972
1,56,lecture,congruent,✅,0.7927925570077146
1,56,banquet,congruent,❌,0.2964749755063235
1,56,lecture,incongruent,✅,0.03204928124869508
1,56,banquet,incongruent,✅,0.07418301554141955
1,57,drink,congruent,✅,0.9569380631128297
1,57,textbook,congruent,❌,0.19378910137225444
1,57,drink,incongruent,✅,0.014074996916962911
1,57,textbook,incongruent,❌,0.6861232396767216
1,58,pool,congruent,✅,0.7866926866268428
1,58,snow,congruent,✅,0.7398254182034021
1,58,pool,incongruent,❌,0.7578247485970161
1,58,snow,incongruent,❌,0.695697641955476
1,59,passport,congruent,✅,0.6459580429160373
1,59,plushy,congruent,✅,0.7172995963140503
1,59,passport,incongruent,❌,0.5006123684370604
1,59,plushy,incongruent,✅,0.4461026487401345
1,6,patients,congruent,✅,0.8706669088754774
1,6,students,congruent,❌,0.2967389866364109
1,6,patients,incongruent,✅,0.07354774672318873
1,6,students,incongruent,✅,0.315905912562593
1,60,sister,congruent,✅,0.78211830344933
1,60,father,congruent,✅,0.5167236149807205
1,60,sister,incongruent,❌,0.7504824139820948
1,60,father,incongruent,❌,0.6609284708175418
1,61,game,congruent,✅,0.8463923330778951
1,61,sunset,congruent,✅,0.9696467943956287
1,61,game,incongruent,❌,0.5589324736134328
1,61,sunset,incongruent,✅,0.023414808546962748
1,62,holidays,congruent,✅,0.9629045071968475
1,62,funeral,congruent,✅,0.9940740277077302
1,62,holidays,incongruent,❌,0.9403369681145364
1,62,funeral,incongruent,❌,0.5218803447722264
1,63,grades,congruent,❌,0.3506837205961406
1,63,affair,congruent,❌,0.12463305621082205
1,63,grades,incongruent,✅,0.12118265145507844
1,63,affair,incongruent,✅,0.14340615986047264
1,64,arrest,congruent,✅,0.9219119718054684
1,64,stroke,congruent,❌,0.14809031433673986
1,64,arrest,incongruent,✅,0.128908838181051
1,64,stroke,incongruent,❌,0.7222570736398092
1,65,pacifier,congruent,❌,0.3987359085680674
1,65,coffee,congruent,❌,0.3299429022293221
1,65,pacifier,incongruent,✅,0.21204414210641545
1,65,coffee,incongruent,✅,0.31716666530540505
1,66,sweets,congruent,✅,0.9882656082321416
1,66,sentencing,congruent,❌,0.13921890559410938
1,66,sweets,incongruent,✅,0.013439060194784814
1,66,sentencing,incongruent,✅,0.3656983832487015
1,67,nap,congruent,✅,0.9920960380254916
1,67,selfie,congruent,✅,0.7229785153714642
1,67,nap,incongruent,✅,0.12082951123352864
1,67,selfie,incongruent,❌,0.9704190110000045
1,68,diaper,congruent,✅,0.9720984329094021
1,68,tire,congruent,✅,0.6866658752547483
1,68,diaper,incongruent,✅,0.014372030492013473
1,68,tire,incongruent,❌,0.6563280057591732
1,69,chemotherapy,congruent,❌,0.18286442627357366
1,69,golf,congruent,✅,0.8487938838298398
1,69,chemotherapy,incongruent,✅,0.04394225930711005
1,69,golf,incongruent,✅,0.005399325889329483
1,7,consensus,congruent,❌,0.18924234419097508
1,7,deadlock,congruent,❌,0.023301371041904922
1,7,consensus,incongruent,✅,0.00453507755259776
1,7,deadlock,incongruent,✅,0.324186867877438
1,70,thunder,congruent,❌,0.2434659764184416
1,70,lullaby,congruent,✅,0.6628938159906702
1,70,thunder,incongruent,✅,0.4085668079644966
1,70,lullaby,incongruent,✅,0.05348016685696961
1,71,pajamas,congruent,✅,0.8928814821437268
1,71,uniform,congruent,✅,0.8985725816536858
1,71,pajamas,incongruent,❌,0.5803034713513198
1,71,uniform,incongruent,❌,0.8504482610488553
1,72,gown,congruent,✅,0.986477431037408
1,72,sweats,congruent,❌,0.39400320988879134
1,72,gown,incongruent,✅,0.3988929851752418
1,72,sweats,incongruent,❌,0.8834978054698448
1,73,deadline,congruent,✅,0.9216303895609531
1,73,bed,congruent,✅,0.6608244075665809
1,73,deadline,incongruent,✅,0.20198778363413591
1,73,bed,incongruent,❌,0.8624498523062146
1,74,kindergarten,congruent,✅,0.8185976706658559
1,74,jail,congruent,✅,0.8978819442970263
1,74,kindergarten,incongruent,❌,0.5473257171781039
1,74,jail,incongruent,❌,0.6617965208438635
1,75,interrogated,congruent,✅,0.6419620296734414
1,75,tickled,congruent,✅,0.7821642523241783
1,75,interrogated,incongruent,❌,0.8032838926639321
1,75,tickled,incongruent,✅,0.3909642292476241
1,76,sandcastle,congruent,❌,0.2574648133856662
1,76,snowman,congruent,❌,0.09190398054121807
1,76,sandcastle,incongruent,✅,0.08203609484556691
1,76,snowman,incongruent,✅,0.25907503857197933
1,77,music,congruent,✅,0.924924309371333
1,77,pizza,congruent,✅,0.980673680790848
1,77,music,incongruent,❌,0.6663166911250166
1,77,pizza,incongruent,✅,0.36477232191969144
1,78,playoffs,congruent,✅,0.7476392222089747
1,78,cartoon,congruent,✅,0.8535925942904405
1,78,playoffs,incongruent,❌,0.796141772096665
1,78,cartoon,incongruent,✅,0.1045062635185973
1,79,alcoholism,congruent,❌,0.42061969338589833
1,79,academics,congruent,✅,0.9450865091354977
1,79,alcoholism,incongruent,❌,0.6587574649594938
1,79,academics,incongruent,✅,0.4140001302601741
1,8,engagement,congruent,✅,0.8576343217272416
1,8,cancer,congruent,✅,0.5876057851442933
1,8,engagement,incongruent,✅,0.17054461088755699
1,8,cancer,incongruent,❌,0.798178179273855
1,9,terminal,congruent,❌,0.1339326316630837
1,9,classroom,congruent,❌,0.332246806826935
1,9,terminal,incongruent,✅,0.1856941835345601
1,9,classroom,incongruent,✅,0.16147588238523988
2,0,library,congruent,❌,0.26657259241792286
2,0,refrigerator,congruent,✅,0.770287484556028
2,0,library,incongruent,❌,0.6352302935815874
2,0,refrigerator,incongruent,✅,0.12857437348057563
2,1,disappointment,congruent,❌,0.18578578642930896
2,1,delight,congruent,❌,0.07658099277415997
2,1,disappointment,incongruent,✅,0.032874580367459834
2,1,delight,incongruent,✅,0.18446095386216158
2,10,cash,congruent,❌,0.04649820000469783
2,10,groceries,congruent,❌,0.40888937738592634
2,10,cash,incongruent,✅,0.06823269206626059
2,10,groceries,incongruent,✅,0.07647353875868546
2,11,lonely,congruent,✅,0.724365856728519
2,11,confident,congruent,✅,0.886617935515531
2,11,lonely,incongruent,❌,0.8036804355499317
2,11,confident,incongruent,✅,0.4121276900464435
2,12,joy,congruent,✅,0.85774973322718
2,12,outrage,congruent,❌,0.18423548074042093
2,12,joy,incongruent,✅,0.06461068261961275
2,12,outrage,incongruent,✅,0.37595890549705935
2,13,traffic,congruent,✅,0.9884525652376597
2,13,snowstorm,congruent,✅,0.976880367739679
2,13,traffic,incongruent,❌,0.9744562533767888
2,13,snowstorm,incongruent,❌,0.976914025620267
2,14,laughter,congruent,✅,0.7512067839590458
2,14,frustration,congruent,✅,0.7027958414607115
2,14,laughter,incongruent,❌,0.6633105085403697
2,14,frustration,incongruent,❌,0.7047315036599476
2,15,calculator,congruent,❌,0.2771436482130457
2,15,instrument,congruent,✅,0.6862966974986755
2,15,calculator,incongruent,✅,0.3321397693075825
2,15,instrument,incongruent,✅,0.09374908989665229
2,16,orchestra,congruent,✅,0.926003028215909
2,16,racers,congruent,✅,0.613272983928755
2,16,orchestra,incongruent,✅,0.4287618469500294
2,16,racers,incongruent,❌,0.845532245074352
2,17,retirement,congruent,✅,0.6733669959423317
2,17,playdate,congruent,❌,0.1486302850404991
2,17,retirement,incongruent,✅,0.13985672094724497
2,17,playdate,incongruent,✅,0.2522176209172262
2,18,relieved,congruent,❌,0.12921322224444545
2,18,depressed,congruent,❌,0.06341572732080909
2,18,relieved,incongruent,✅,0.1263878748069034
2,18,depressed,incongruent,✅,0.2801411765015682
2,19,friends,congruent,❌,0.4946963873822029
2,19,weight,congruent,✅,0.6520391316414222
2,19,friends,incongruent,✅,0.2629035763111167
2,19,weight,incongruent,✅,0.4763654679699112
2,2,overcoat,congruent,❌,0.4718072966654302
2,2,sandals,congruent,✅,0.7918951598014287
2,2,overcoat,incongruent,✅,0.4931585466256495
2,2,sandals,incongruent,❌,0.679661620182966
2,20,lipstick,congruent,✅,0.978201814478141
2,20,song,congruent,✅,0.7845693592372286
2,20,lipstick,incongruent,✅,0.08522986300095013
2,20,song,incongruent,❌,0.8599756740938977
2,21,fought,congruent,❌,0.005481876231100642
2,21,sang,congruent,✅,0.529777953449726
2,21,fought,incongruent,✅,0.2336717070168488
2,21,sang,incongruent,✅,0.006347673298064797
2,22,skeptical,congruent,❌,0.09916236557042116
2,22,reassured,congruent,❌,0.2923218017340434
2,22,skeptical,incongruent,✅,0.2698903660949891
2,22,reassured,incongruent,✅,0.1220788837654753
2,23,graduation,congruent,❌,0.3998088081665932
2,23,operation,congruent,❌,0.34804232606381025
2,23,graduation,incongruent,✅,0.10006827361244688
2,23,operation,incongruent,✅,0.2526990622269688
2,24,bride,congruent,❌,0.2210560885918293
2,24,aftermath,congruent,✅,0.7386195907927255
2,24,bride,incongruent,✅,0.10121901603006321
2,24,aftermath,incongruent,✅,0.0037757016665108402
2,25,teacher,congruent,✅,0.539107626242902
2,25,daughter,congruent,✅,0.8810794160765915
2,25,teacher,incongruent,❌,0.7811136264161322
2,25,daughter,incongruent,❌,0.7101810032981509
2,26,roommate,congruent,❌,0.2666075779073563
2,26,grandma,congruent,❌,0.22659318461642927
2,26,roommate,incongruent,✅,0.19635370677673722
2,26,grandma,incongruent,✅,0.17426162317240343
2,27,brother,congruent,✅,0.5004530517493724
2,27,mother,congruent,❌,0.469196076432163
2,27,brother,incongruent,✅,0.27068261193698845
2,27,mother,incongruent,❌,0.5134277970448793
2,28,preschool,congruent,✅,0.6837509762884042
2,28,prison,congruent,✅,0.514219819062338
2,28,preschool,incongruent,✅,0.16588521655839547
2,28,prison,incongruent,✅,0.17186546331718952
2,29,hopeful,congruent,❌,0.4687901603614213
2,29,hopeless,congruent,✅,0.6555441485695321
2,29,hopeful,incongruent,✅,0.360441675818163
2,29,hopeless,incongruent,✅,0.4504643532878733
2,3,marathon,congruent,✅,0.6725803201303373
2,3,exam,congruent,✅,0.6924158772443353
2,3,marathon,incongruent,✅,0.18994100754228624
2,3,exam,incongruent,✅,0.12105533720086091
2,30,appalled,congruent,❌,0.07080272697522723
2,30,overjoyed,congruent,❌,0.25069036442945647
2,30,appalled,incongruent,✅,0.2567977711884434
2,30,overjoyed,incongruent,✅,0.06894654960559127
2,31,reprimand,congruent,❌,0.3525887431447626
2,31,encouragement,congruent,✅,0.918182310490001
2,31,reprimand,incongruent,❌,0.8884581968765191
2,31,encouragement,incongruent,✅,0.2962854136086479
2,32,angrily,congruent,✅,0.5080658514687615
2,32,cordially,congruent,❌,0.11546617984978229
2,32,angrily,incongruent,✅,0.10620719506979079
2,32,cordially,incongruent,✅,0.38734087157497216
2,33,accusatory,congruent,❌,0.32076546032885667
2,33,flirtatious,congruent,✅,0.5557483716220337
2,33,accusatory,incongruent,❌,0.569417990926796
2,33,flirtatious,incongruent,✅,0.224105697480547
2,34,disapprovingly,congruent,❌,0.34777010037975453
2,34,lovingly,congruent,✅,0.7528219985373484
2,34,disapprovingly,incongruent,❌,0.6525019673986618
2,34,lovingly,incongruent,✅,0.3712772604420095
2,35,playful,congruent,✅,0.9112025308866998
2,35,distant,congruent,❌,0.3238801902872588
2,35,playful,incongruent,✅,0.28082844684196334
2,35,distant,incongruent,❌,0.8571671037671147
2,36,headphones,congruent,❌,0.4353353320497959
2,36,mangoes,congruent,✅,0.7510725345245206
2,36,headphones,incongruent,✅,0.22915959816881173
2,36,mangoes,incongruent,✅,0.0887737161115329
2,37,playroom,congruent,✅,0.8642789093345896
2,37,park,congruent,✅,0.7375964891953741
2,37,playroom,incongruent,✅,0.47971593418035635
2,37,park,incongruent,❌,0.878559623441807
2,38,bedroom,congruent,✅,0.9271860157235683
2,38,backyard,congruent,✅,0.8884843973135754
2,38,bedroom,incongruent,❌,0.6953442017244461
2,38,backyard,incongruent,❌,0.692481484758041
2,39,solemnly,congruent,✅,0.696348803573419
2,39,excitedly,congruent,✅,0.723556143576416
2,39,solemnly,incongruent,❌,0.6775549697640223
2,39,excitedly,incongruent,❌,0.6909580799985108
2,4,menu,congruent,✅,0.6438006527870446
2,4,prescription,congruent,❌,0.35347820813771863
2,4,menu,incongruent,✅,0.12058483811260655
2,4,prescription,incongruent,✅,0.2498350283011048
2,40,car,congruent,✅,0.8256803197557036
2,40,sock,congruent,❌,0.222117544598004
2,40,car,incongruent,✅,0.1715413105610874
2,40,sock,incongruent,✅,0.36961420245047794
2,41,overdressed,congruent,✅,0.7550020381793967
2,41,naked,congruent,✅,0.781421510854025
2,41,overdressed,incongruent,❌,0.7140569565195627
2,41,naked,incongruent,❌,0.8965691416009515
2,42,shy,congruent,❌,0.4438663771323573
2,42,lively,congruent,✅,0.6928490825651351
2,42,shy,incongruent,❌,0.5240180257854621
2,42,lively,incongruent,✅,0.4543295631043679
2,43,offended,congruent,✅,0.8053821357404372
2,43,flattered,congruent,❌,0.40675014703259477
2,43,offended,incongruent,✅,0.4710649059091438
2,43,flattered,incongruent,❌,0.6732264679448554
2,44,grandkid,congruent,❌,0.38625290341814505
2,44,cellmate,congruent,✅,0.8810181493170274
2,44,grandkid,incongruent,❌,0.8442020786519039
2,44,cellmate,incongruent,✅,0.3772666850109789
2,45,promoted,congruent,❌,0.47152987561681325
2,45,fired,congruent,❌,0.1263668577773259
2,45,promoted,incongruent,✅,0.10921515644328608
2,45,fired,incongruent,✅,0.44319066561551423
2,46,shooting,congruent,✅,0.8892138204456447
2,46,celebration,congruent,✅,0.6089088461914155
2,46,shooting,incongruent,✅,0.12095681409815844
2,46,celebration,incongruent,❌,0.6729398172337562
2,47,crayon,congruent,✅,0.747462218037821
2,47,beer,congruent,✅,0.5030818439314543
2,47,crayon,incongruent,✅,0.008732427550037329
2,47,beer,incongruent,❌,0.5993288166797082
2,48,waiter,congruent,✅,0.8345206640472091
2,48,taxi,congruent,✅,0.8425506183764917
2,48,waiter,incongruent,✅,0.4007795575013935
2,48,taxi,incongruent,❌,0.8266473360161881
2,49,parents,congruent,❌,0.4892449112607035
2,49,keys,congruent,❌,0.27820502834907995
2,49,parents,incongruent,✅,0.31512992364732195
2,49,keys,incongruent,❌,0.59401212671826
2,5,distress,congruent,✅,0.8404338335982244
2,5,tranquility,congruent,✅,0.7761204133925177
2,5,distress,incongruent,❌,0.7021089537035735
2,5,tranquility,incongruent,❌,0.7604910429175014
2,50,sofa,congruent,✅,0.8512236711839329
2,50,sky,congruent,✅,0.9594596521245059
2,50,sofa,incongruent,❌,0.824045674127552
2,50,sky,incongruent,✅,0.3714968192015543
2,51,obesity,congruent,❌,0.3282104561548968
2,51,homework,congruent,✅,0.6840031632283152
2,51,obesity,incongruent,✅,0.15380527271001823
2,51,homework,incongruent,✅,0.3887700280688322
2,52,quiz,congruent,✅,0.5066333209854205
2,52,commute,congruent,✅,0.8770548450119776
2,52,quiz,incongruent,❌,0.8124936131711988
2,52,commute,incongruent,✅,0.1100279273691755
2,53,migraine,congruent,✅,0.7355542615646119
2,53,excitement,congruent,✅,0.7087577868563901
2,53,migraine,incongruent,❌,0.6312096714957538
2,53,excitement,incongruent,✅,0.1717628836471692
2,54,niece,congruent,✅,0.6569654981624932
2,54,husband,congruent,✅,0.5250403859128923
2,54,niece,incongruent,❌,0.8573959729424714
2,54,husband,incongruent,✅,0.38593711874011244
2,55,film,congruent,✅,0.6869629013459149
2,55,sunrise,congruent,✅,0.8000724509589415
2,55,film,incongruent,✅,0.33763008924785826
2,55,sunrise,incongruent,❌,0.5609840532493865
2,56,lecture,congruent,✅,0.819483676466127
2,56,banquet,congruent,❌,0.13020651832114957
2,56,lecture,incongruent,✅,0.013215038428373826
2,56,banquet,incongruent,✅,0.10021395559048553
2,57,drink,congruent,✅,0.8591881893939323
2,57,textbook,congruent,❌,0.13582545825521833
2,57,drink,incongruent,✅,0.01111414130843935
2,57,textbook,incongruent,✅,0.4244056426837941
2,58,pool,congruent,✅,0.6168982685734987
2,58,snow,congruent,✅,0.6429622092753567
2,58,pool,incongruent,❌,0.6480141778311483
2,58,snow,incongruent,❌,0.5429011976026966
2,59,passport,congruent,✅,0.8661301338239066
2,59,plushy,congruent,✅,0.6712180119490717
2,59,passport,incongruent,❌,0.5501574835599083
2,59,plushy,incongruent,❌,0.7183956804335161
2,6,patients,congruent,✅,0.7860355688878568
2,6,students,congruent,❌,0.313723094701996
2,6,patients,incongruent,✅,0.08729660995411426
2,6,students,incongruent,✅,0.2088916231429783
2,60,sister,congruent,✅,0.7768456142705988
2,60,father,congruent,✅,0.5735533851359941
2,60,sister,incongruent,❌,0.7457497196972246
2,60,father,incongruent,❌,0.6810433761876411
2,61,game,congruent,✅,0.8664307913212776
2,61,sunset,congruent,✅,0.9413126068221295
2,61,game,incongruent,✅,0.4808436381186879
2,61,sunset,incongruent,✅,0.03374849067261712
2,62,holidays,congruent,✅,0.9362997510432508
2,62,funeral,congruent,✅,0.9936648293526141
2,62,holidays,incongruent,❌,0.9514220495395644
2,62,funeral,incongruent,✅,0.48719382375162607
2,63,grades,congruent,❌,0.498325199121337
2,63,affair,congruent,❌,0.11676036786595946
2,63,grades,incongruent,✅,0.11185717967928735
2,63,affair,incongruent,✅,0.24335794677614495
2,64,arrest,congruent,✅,0.9321288988210765
2,64,stroke,congruent,❌,0.1471772414773151
2,64,arrest,incongruent,✅,0.12995922386963887
2,64,stroke,incongruent,❌,0.771566144521487
2,65,pacifier,congruent,❌,0.38708414202676167
2,65,coffee,congruent,❌,0.3800499017700292
2,65,pacifier,incongruent,✅,0.25314271525254045
2,65,coffee,incongruent,✅,0.3065527660612918
2,66,sweets,congruent,✅,0.9743093601303181
2,66,sentencing,congruent,✅,0.5655672278538068
2,66,sweets,incongruent,✅,0.07178013544707922
2,66,sentencing,incongruent,✅,0.39078603879054313
2,67,nap,congruent,✅,0.9803563278786067
2,67,selfie,congruent,✅,0.7171274511638271
2,67,nap,incongruent,✅,0.183043336195114
2,67,selfie,incongruent,❌,0.94164921914371
2,68,diaper,congruent,✅,0.9311916053195721
2,68,tire,congruent,✅,0.7288164227228496
2,68,diaper,incongruent,✅,0.013875678409766484
2,68,tire,incongruent,❌,0.6020978579913078
2,69,chemotherapy,congruent,❌,0.33685659155452546
2,69,golf,congruent,✅,0.792614972432837
2,69,chemotherapy,incongruent,✅,0.04941074556352028
2,69,golf,incongruent,✅,0.01702620475617826
2,7,consensus,congruent,❌,0.30268019442987354
2,7,deadlock,congruent,❌,0.06724232736460194
2,7,consensus,incongruent,✅,0.017873650322156247
2,7,deadlock,incongruent,✅,0.41189671344051676
2,70,thunder,congruent,❌,0.11183832571441688
2,70,lullaby,congruent,✅,0.7819496034312787
2,70,thunder,incongruent,❌,0.544822573129591
2,70,lullaby,incongruent,✅,0.02496589624967818
2,71,pajamas,congruent,✅,0.8180706136572399
2,71,uniform,congruent,✅,0.7460940304146363
2,71,pajamas,incongruent,✅,0.38235414681913216
2,71,uniform,incongruent,❌,0.6778793916700218
2,72,gown,congruent,✅,0.9831087595550152
2,72,sweats,congruent,❌,0.27397947278287565
2,72,gown,incongruent,✅,0.27681504598979784
2,72,sweats,incongruent,❌,0.8921731667637758
2,73,deadline,congruent,✅,0.8130954543920195
2,73,bed,congruent,✅,0.6354160198173967
2,73,deadline,incongruent,✅,0.26432174660715313
2,73,bed,incongruent,❌,0.6903531603881559
2,74,kindergarten,congruent,✅,0.8044527386268799
2,74,jail,congruent,✅,0.8356360654463854
2,74,kindergarten,incongruent,✅,0.44303942321950635
2,74,jail,incongruent,❌,0.669298674646575
2,75,interrogated,congruent,✅,0.7015253497017884
2,75,tickled,congruent,✅,0.6483472981274645
2,75,interrogated,incongruent,❌,0.6697734056362608
2,75,tickled,incongruent,✅,0.43654995947112807
2,76,sandcastle,congruent,❌,0.06368624424645014
2,76,snowman,congruent,❌,0.2428665032821011
2,76,sandcastle,incongruent,✅,0.20032134642078436
2,76,snowman,incongruent,✅,0.06447325231366399
2,77,music,congruent,✅,0.9289594188747763
2,77,pizza,congruent,✅,0.9147378687680873
2,77,music,incongruent,✅,0.3342883767492886
2,77,pizza,incongruent,✅,0.41149866886330466
2,78,playoffs,congruent,✅,0.923627339613803
2,78,cartoon,congruent,✅,0.7170380491766285
2,78,playoffs,incongruent,❌,0.6479724159388731
2,78,cartoon,incongruent,✅,0.2644342634531097
2,79,alcoholism,congruent,✅,0.643236853438566
2,79,academics,congruent,✅,0.9077433416871614
2,79,alcoholism,incongruent,❌,0.6011003037171779
2,79,academics,incongruent,❌,0.6555450558726212
2,8,engagement,congruent,✅,0.946234323442551
2,8,cancer,congruent,✅,0.53332324108922
2,8,engagement,incongruent,✅,0.14746825848400932
2,8,cancer,incongruent,❌,0.9272768652213553
2,9,terminal,congruent,❌,0.07577618763286524
2,9,classroom,congruent,❌,0.3473561152661129
2,9,terminal,incongruent,✅,0.21752447754102222
2,9,classroom,incongruent,✅,0.11246114945974961
3,0,library,congruent,❌,0.44070853153941864
3,0,refrigerator,congruent,✅,0.6265985285693565
3,0,library,incongruent,✅,0.40858581237056985
3,0,refrigerator,incongruent,✅,0.0976381434236322
3,1,disappointment,congruent,❌,0.4328908650966393
3,1,delight,congruent,❌,0.0963370125864771
3,1,disappointment,incongruent,✅,0.053841336735571156
3,1,delight,incongruent,✅,0.39022630030377625
3,10,cash,congruent,❌,0.09390604126196152
3,10,groceries,congruent,❌,0.43840926176428685
3,10,cash,incongruent,✅,0.04605294133789664
3,10,groceries,incongruent,✅,0.16058269857707405
3,11,lonely,congruent,✅,0.825546274048963
3,11,confident,congruent,✅,0.8758729084701231
3,11,lonely,incongruent,❌,0.7476912259227263
3,11,confident,incongruent,❌,0.6734270772407731
3,12,joy,congruent,✅,0.9571831532924934
3,12,outrage,congruent,❌,0.26940121817625473
3,12,joy,incongruent,✅,0.15407805931062948
3,12,outrage,incongruent,❌,0.563115184003486
3,13,traffic,congruent,✅,0.9858610508540593
3,13,snowstorm,congruent,✅,0.9906291689235646
3,13,traffic,incongruent,❌,0.9809969855374416
3,13,snowstorm,incongruent,❌,0.9483821343010239
3,14,laughter,congruent,✅,0.8797977428166678
3,14,frustration,congruent,✅,0.6303128150380396
3,14,laughter,incongruent,❌,0.619185975308787
3,14,frustration,incongruent,❌,0.7422774371230433
3,15,calculator,congruent,❌,0.24089045212283208
3,15,instrument,congruent,❌,0.4942501747145479
3,15,calculator,incongruent,✅,0.23369287942811284
3,15,instrument,incongruent,✅,0.10785032678695247
3,16,orchestra,congruent,✅,0.9199002370837247
3,16,racers,congruent,✅,0.7768738683197056
3,16,orchestra,incongruent,❌,0.6281122046880449
3,16,racers,incongruent,❌,0.8390889957651086
3,17,retirement,congruent,✅,0.5655048684406411
3,17,playdate,congruent,❌,0.07224943587971928
3,17,retirement,incongruent,✅,0.08154596132896953
3,17,playdate,incongruent,✅,0.24073334707886893
3,18,relieved,congruent,❌,0.0690434787847207
3,18,depressed,congruent,❌,0.0208351294219325
3,18,relieved,incongruent,✅,0.051717091044966315
3,18,depressed,incongruent,✅,0.13786242755686562
3,19,friends,congruent,❌,0.46016273490480614
3,19,weight,congruent,✅,0.6940460903306128
3,19,friends,incongruent,✅,0.1772664060123073
3,19,weight,incongruent,✅,0.4238370061592456
3,2,overcoat,congruent,❌,0.21990842856349185
3,2,sandals,congruent,✅,0.8123375900195212
3,2,overcoat,incongruent,✅,0.31394178710338394
3,2,sandals,incongruent,✅,0.4821601435912238
3,20,lipstick,congruent,✅,0.940067388518457
3,20,song,congruent,✅,0.8224993634461835
3,20,lipstick,incongruent,✅,0.07204996811260606
3,20,song,incongruent,❌,0.7998333756903697
3,21,fought,congruent,❌,0.009042458396948
3,21,sang,congruent,✅,0.5823815734610541
3,21,fought,incongruent,✅,0.21009547294970485
3,21,sang,incongruent,✅,0.016208218755277573
3,22,skeptical,congruent,❌,0.1209885836211294
3,22,reassured,congruent,❌,0.20148423835998652
3,22,skeptical,incongruent,✅,0.18446536915546308
3,22,reassured,incongruent,✅,0.18758697613354205
3,23,graduation,congruent,✅,0.8877159292437778
3,23,operation,congruent,❌,0.3205046268529443
3,23,graduation,incongruent,✅,0.0971886333334808
3,23,operation,incongruent,✅,0.26728457918546483
3,24,bride,congruent,❌,0.40492149883025774
3,24,aftermath,congruent,✅,0.7944789891916736
3,24,bride,incongruent,✅,0.33920600170802706
3,24,aftermath,incongruent,✅,0.013052713140294494
3,25,teacher,congruent,✅,0.6896564387622238
3,25,daughter,congruent,✅,0.7653453778562205
3,25,teacher,incongruent,✅,0.39063065442250056
3,25,daughter,incongruent,❌,0.7753977255642297
3,26,roommate,congruent,❌,0.20857167140714242
3,26,grandma,congruent,❌,0.49524371600135075
3,26,roommate,incongruent,✅,0.12579245310775214
3,26,grandma,incongruent,✅,0.24898252481185285
3,27,brother,congruent,✅,0.6931627141626352
3,27,mother,congruent,✅,0.6074613807710415
3,27,brother,incongruent,✅,0.2908997108440976
3,27,mother,incongruent,❌,0.5330742844290067
3,28,preschool,congruent,❌,0.4600048119506244
3,28,prison,congruent,❌,0.2688799036630208
3,28,preschool,incongruent,✅,0.06182342111267073
3,28,prison,incongruent,✅,0.10164902117987837
3,29,hopeful,congruent,✅,0.5221584905520559
3,29,hopeless,congruent,✅,0.6499261239148629
3,29,hopeful,incongruent,✅,0.39188714935724206
3,29,hopeless,incongruent,❌,0.5227036133391244
3,3,marathon,congruent,❌,0.49282274380261093
3,3,exam,congruent,✅,0.7616731658958773
3,3,marathon,incongruent,✅,0.2492332142828143
3,3,exam,incongruent,✅,0.061942758167726104
3,30,appalled,congruent,❌,0.12023214542552893
3,30,overjoyed,congruent,❌,0.12082279604721964
3,30,appalled,incongruent,✅,0.1224225301588391
3,30,overjoyed,incongruent,✅,0.11673557816393296
3,31,reprimand,congruent,❌,0.3602043403331512
3,31,encouragement,congruent,✅,0.8625546892034162
3,31,reprimand,incongruent,❌,0.8396510935934732
3,31,encouragement,incongruent,✅,0.31363548844543576
3,32,angrily,congruent,✅,0.8949436001521712
3,32,cordially,congruent,❌,0.20305634976096346
3,32,angrily,incongruent,✅,0.22033802414166695
3,32,cordially,incongruent,❌,0.660516890791119
3,33,accusatory,congruent,❌,0.21711773956729677
3,33,flirtatious,congruent,✅,0.7722212180788565
3,33,accusatory,incongruent,❌,0.800485256140488
3,33,flirtatious,incongruent,✅,0.1000670372981842
3,34,disapprovingly,congruent,❌,0.358096890185842
3,34,lovingly,congruent,✅,0.6046220684951851
3,34,disapprovingly,incongruent,❌,0.5382389109169159
3,34,lovingly,incongruent,✅,0.3410223502959697
3,35,playful,congruent,✅,0.8086179400259041
3,35,distant,congruent,❌,0.2646535791998447
3,35,playful,incongruent,✅,0.26111160415645
3,35,distant,incongruent,❌,0.7556382385455921
3,36,headphones,congruent,❌,0.2625022088194422
3,36,mangoes,congruent,✅,0.8548829605190673
3,36,headphones,incongruent,✅,0.15456084843455142
3,36,mangoes,incongruent,✅,0.09765013315727171
3,37,playroom,congruent,✅,0.8518591190464248
3,37,park,congruent,✅,0.784713758835827
3,37,playroom,incongruent,❌,0.5117678177836985
3,37,park,incongruent,❌,0.8259869017829901
3,38,bedroom,congruent,✅,0.9148803845181095
3,38,backyard,congruent,✅,0.796179020201823
3,38,bedroom,incongruent,✅,0.4609373426716073
3,38,backyard,incongruent,❌,0.6029172884711187
3,39,solemnly,congruent,✅,0.6913931085543331
3,39,excitedly,congruent,✅,0.5109223063201455
3,39,solemnly,incongruent,❌,0.5568968797155899
3,39,excitedly,incongruent,❌,0.5799739261316603
3,4,menu,congruent,✅,0.7817259850493993
3,4,prescription,congruent,❌,0.39479461387864456
3,4,menu,incongruent,✅,0.10777765327098279
3,4,prescription,incongruent,✅,0.47566324038595476
3,40,car,congruent,✅,0.5774083740630269
3,40,sock,congruent,❌,0.20653320443425316
3,40,car,incongruent,✅,0.16731798945592938
3,40,sock,incongruent,✅,0.1918410254786903
3,41,overdressed,congruent,✅,0.909551938518433
3,41,naked,congruent,✅,0.7379549960737014
3,41,overdressed,incongruent,❌,0.7757175375036411
3,41,naked,incongruent,❌,0.9627317344258495
3,42,shy,congruent,✅,0.8022499676005677
3,42,lively,congruent,✅,0.6843731285573365
3,42,shy,incongruent,✅,0.4719882720421482
3,42,lively,incongruent,❌,0.6786539698780839
3,43,offended,congruent,✅,0.821071649595057
3,43,flattered,congruent,❌,0.34515522850519803
3,43,offended,incongruent,✅,0.327770859500807
3,43,flattered,incongruent,❌,0.7076945696892767
3,44,grandkid,congruent,✅,0.5460438476182318
3,44,cellmate,congruent,✅,0.6802701761998607
3,44,grandkid,incongruent,❌,0.6194724385143298
3,44,cellmate,incongruent,❌,0.522296860149638
3,45,promoted,congruent,❌,0.47556772123041546
3,45,fired,congruent,❌,0.09760642940125522
3,45,promoted,incongruent,✅,0.11038851636904325
3,45,fired,incongruent,✅,0.3859522803675156
3,46,shooting,congruent,✅,0.7866365107820337
3,46,celebration,congruent,✅,0.5644229253579677
3,46,shooting,incongruent,✅,0.13950448700742826
3,46,celebration,incongruent,❌,0.5186886771308119
3,47,crayon,congruent,✅,0.7601007468189133
3,47,beer,congruent,✅,0.5886868923649241
3,47,crayon,incongruent,✅,0.015786881107653424
3,47,beer,incongruent,❌,0.6145035014394403
3,48,waiter,congruent,✅,0.8474629666001174
3,48,taxi,congruent,✅,0.7249039440384725
3,48,waiter,incongruent,✅,0.26077630326556694
3,48,taxi,incongruent,❌,0.8302977179516792
3,49,parents,congruent,❌,0.32270750982624596
3,49,keys,congruent,❌,0.32481113427768027
3,49,parents,incongruent,✅,0.32755556635148736
3,49,keys,incongruent,✅,0.41124595026387445
3,5,distress,congruent,✅,0.6145528568312464
3,5,tranquility,congruent,✅,0.5224507581820821
3,5,distress,incongruent,✅,0.4550861316261231
3,5,tranquility,incongruent,✅,0.45670425754363964
3,50,sofa,congruent,✅,0.95416840893092
3,50,sky,congruent,✅,0.9339359813990578
3,50,sofa,incongruent,❌,0.78373484101299
3,50,sky,incongruent,❌,0.5758826875442554
3,51,obesity,congruent,❌,0.37028940806166544
3,51,homework,congruent,❌,0.48771100859196787
3,51,obesity,incongruent,✅,0.05753481822085012
3,51,homework,incongruent,✅,0.38826737984520515
3,52,quiz,congruent,❌,0.4642370070527396
3,52,commute,congruent,✅,0.8482330723051218
3,52,quiz,incongruent,❌,0.6634023135078365
3,52,commute,incongruent,✅,0.06543349993969867
3,53,migraine,congruent,✅,0.8524177576782969
3,53,excitement,congruent,✅,0.7458756692404876
3,53,migraine,incongruent,❌,0.6135516215952703
3,53,excitement,incongruent,✅,0.4260103954285754
3,54,niece,congruent,✅,0.723925907507598
3,54,husband,congruent,✅,0.6648562283141839
3,54,niece,incongruent,❌,0.9233677217008696
3,54,husband,incongruent,✅,0.3254922612074863
3,55,film,congruent,✅,0.5989784349364886
3,55,sunrise,congruent,✅,0.7923127309248326
3,55,film,incongruent,✅,0.16306586670198508
3,55,sunrise,incongruent,✅,0.43788653949791934
3,56,lecture,congruent,✅,0.8374418603946284
3,56,banquet,congruent,❌,0.09736769055183833
3,56,lecture,incongruent,✅,0.010557807945361168
3,56,banquet,incongruent,✅,0.12082105349891546
3,57,drink,congruent,✅,0.9277151819774975
3,57,textbook,congruent,✅,0.6578933800958524
3,57,drink,incongruent,✅,0.02613805984121926
3,57,textbook,incongruent,❌,0.6829620662097661
3,58,pool,congruent,✅,0.5050312795392726
3,58,snow,congruent,✅,0.582835842648332
3,58,pool,incongruent,❌,0.586945730947468
3,58,snow,incongruent,✅,0.35450254472232073
3,59,passport,congruent,✅,0.7328551101680852
3,59,plushy,congruent,✅,0.5699522506933221
3,59,passport,incongruent,✅,0.34838380189071866
3,59,plushy,incongruent,✅,0.2876020110280973
3,6,patients,congruent,✅,0.8252598892326253
3,6,students,congruent,❌,0.48201390999897387
3,6,patients,incongruent,✅,0.12477648271605017
3,6,students,incongruent,✅,0.3305459146633704
3,60,sister,congruent,✅,0.653870447456718
3,60,father,congruent,✅,0.6806473757361666
3,60,sister,incongruent,❌,0.595747715477326
3,60,father,incongruent,❌,0.5547815416256465
3,61,game,congruent,✅,0.7985641028868465
3,61,sunset,congruent,✅,0.9469950940461336
3,61,game,incongruent,✅,0.43825609933350507
3,61,sunset,incongruent,✅,0.04283606915185929
3,62,holidays,congruent,✅,0.8162560360327804
3,62,funeral,congruent,✅,0.9659204824789612
3,62,holidays,incongruent,❌,0.7289966451402593
3,62,funeral,incongruent,✅,0.266561561633275
3,63,grades,congruent,❌,0.2920713140551157
3,63,affair,congruent,❌,0.45816499790663007
3,63,grades,incongruent,✅,0.4051288949913368
3,63,affair,incongruent,✅,0.14247293665874872
3,64,arrest,congruent,✅,0.9267566177620468
3,64,stroke,congruent,❌,0.08865474119073946
3,64,arrest,incongruent,✅,0.09801434232234922
3,64,stroke,incongruent,❌,0.828184847001512
3,65,pacifier,congruent,❌,0.37028292450724737
3,65,coffee,congruent,✅,0.5406563254999825
3,65,pacifier,incongruent,✅,0.2547886395496168
3,65,coffee,incongruent,✅,0.30769712694613577
3,66,sweets,congruent,✅,0.9775760587728399
3,66,sentencing,congruent,✅,0.7986321229956159
3,66,sweets,incongruent,✅,0.08109787379364236
3,66,sentencing,incongruent,✅,0.4990809095704187
3,67,nap,congruent,✅,0.925101927991626
3,67,selfie,congruent,✅,0.7836151059028491
3,67,nap,incongruent,✅,0.19403834758522306
3,67,selfie,incongruent,❌,0.7600302863421002
3,68,diaper,congruent,✅,0.8824540957324636
3,68,tire,congruent,✅,0.8856328639338367
3,68,diaper,incongruent,✅,0.025559615866173176
3,68,tire,incongruent,✅,0.3288628791855071
3,69,chemotherapy,congruent,❌,0.3632269417621597
3,69,golf,congruent,✅,0.9495267335562984
3,69,chemotherapy,incongruent,✅,0.07194372673531621
3,69,golf,incongruent,✅,0.0314395657544131
3,7,consensus,congruent,❌,0.44758821121744125
3,7,deadlock,congruent,❌,0.1603403037559154
3,7,consensus,incongruent,✅,0.0510241255194151
3,7,deadlock,incongruent,❌,0.6130858192949795
3,70,thunder,congruent,❌,0.3827652305712201
3,70,lullaby,congruent,✅,0.7207140865149048
3,70,thunder,incongruent,✅,0.3131378742716027
3,70,lullaby,incongruent,✅,0.033721802480479714
3,71,pajamas,congruent,✅,0.6834878794479688
3,71,uniform,congruent,✅,0.586429188253946
3,71,pajamas,incongruent,✅,0.16409243174335236
3,71,uniform,incongruent,❌,0.6336231072792838
3,72,gown,congruent,✅,0.9561843527696826
3,72,sweats,congruent,❌,0.24951316768998924
3,72,gown,incongruent,✅,0.19209742759968687
3,72,sweats,incongruent,❌,0.8843033533377087
3,73,deadline,congruent,✅,0.666604143473617
3,73,bed,congruent,✅,0.8287560934648872
3,73,deadline,incongruent,✅,0.3426639700716547
3,73,bed,incongruent,❌,0.5745154959618989
3,74,kindergarten,congruent,✅,0.792037218047578
3,74,jail,congruent,✅,0.8342169502820014
3,74,kindergarten,incongruent,❌,0.6539448145390062
3,74,jail,incongruent,❌,0.5784402732216237
3,75,interrogated,congruent,✅,0.7268779831152168
3,75,tickled,congruent,✅,0.5170482997613276
3,75,interrogated,incongruent,❌,0.6490437853013825
3,75,tickled,incongruent,✅,0.4546228486950394
3,76,sandcastle,congruent,❌,0.058541063478824096
3,76,snowman,congruent,❌,0.10593372607513718
3,76,sandcastle,incongruent,✅,0.0874681543251955
3,76,snowman,incongruent,✅,0.07873727586643543
3,77,music,congruent,✅,0.9253358768124448
3,77,pizza,congruent,✅,0.990304565029124
3,77,music,incongruent,❌,0.5581835453369401
3,77,pizza,incongruent,✅,0.3498151511479555
3,78,playoffs,congruent,✅,0.8847652359525857
3,78,cartoon,congruent,✅,0.5875492320517564
3,78,playoffs,incongruent,✅,0.4877003231422969
3,78,cartoon,incongruent,✅,0.2021059026870797
3,79,alcoholism,congruent,✅,0.7239059754852903
3,79,academics,congruent,✅,0.9177873487300238
3,79,alcoholism,incongruent,✅,0.32040615926392657
3,79,academics,incongruent,❌,0.6548475776607862
3,8,engagement,congruent,✅,0.9267827951980468
3,8,cancer,congruent,❌,0.415686853465773
3,8,engagement,incongruent,✅,0.11504526896104281
3,8,cancer,incongruent,❌,0.8634141379092762
3,9,terminal,congruent,❌,0.09598461455686566
3,9,classroom,congruent,✅,0.5853241317632979
3,9,terminal,incongruent,✅,0.24448227042107462
3,9,classroom,incongruent,✅,0.1058722562573056
4,0,library,congruent,❌,0.4529042021140883
4,0,refrigerator,congruent,✅,0.5655761573018442
4,0,library,incongruent,✅,0.3590985511288227
4,0,refrigerator,incongruent,✅,0.12827859155818755
4,1,disappointment,congruent,❌,0.4137744516220025
4,1,delight,congruent,❌,0.15433533451328055
4,1,disappointment,incongruent,✅,0.097440115941581
4,1,delight,incongruent,✅,0.3852928540158416
4,10,cash,congruent,❌,0.19716471489145332
4,10,groceries,congruent,❌,0.4582792546671791
4,10,cash,incongruent,✅,0.09781352713147387
4,10,groceries,incongruent,✅,0.2666032127227608
4,11,lonely,congruent,✅,0.7113800321889393
4,11,confident,congruent,✅,0.7368326473152743
4,11,lonely,incongruent,❌,0.5835103331279053
4,11,confident,incongruent,❌,0.5711252082840039
4,12,joy,congruent,✅,0.9385802400197044
4,12,outrage,congruent,❌,0.28717531310995476
4,12,joy,incongruent,✅,0.17584457828365277
4,12,outrage,incongruent,❌,0.6099255512966291
4,13,traffic,congruent,✅,0.9610490710000388
4,13,snowstorm,congruent,✅,0.983081519781126
4,13,traffic,incongruent,❌,0.9625121239498647
4,13,snowstorm,incongruent,❌,0.8996897645932405
4,14,laughter,congruent,✅,0.7997969658090711
4,14,frustration,congruent,✅,0.7468046046764852
4,14,laughter,incongruent,❌,0.7177658813721077
4,14,frustration,incongruent,❌,0.6705302791095341
4,15,calculator,congruent,❌,0.46615364728903186
4,15,instrument,congruent,❌,0.45787306746783935
4,15,calculator,incongruent,✅,0.305942449222031
4,15,instrument,incongruent,✅,0.29069279992183755
4,16,orchestra,congruent,✅,0.8459723365957974
4,16,racers,congruent,✅,0.5763064510150755
4,16,orchestra,incongruent,✅,0.39576648298914796
4,16,racers,incongruent,❌,0.7939938864310224
4,17,retirement,congruent,✅,0.6286987040173015
4,17,playdate,congruent,❌,0.09783295953543722
4,17,retirement,incongruent,✅,0.08860477079129295
4,17,playdate,incongruent,✅,0.31970027951047075
4,18,relieved,congruent,❌,0.12935486143399025
4,18,depressed,congruent,❌,0.021989803244788775
4,18,relieved,incongruent,✅,0.040961397298151535
4,18,depressed,incongruent,✅,0.2121001876134706
4,19,friends,congruent,✅,0.5010584443362656
4,19,weight,congruent,✅,0.7358318061670766
4,19,friends,incongruent,✅,0.28774864917823595
4,19,weight,incongruent,✅,0.44739889869422833
4,2,overcoat,congruent,❌,0.3768786551459727
4,2,sandals,congruent,✅,0.6265377784757384
4,2,overcoat,incongruent,✅,0.2110836634038233
4,2,sandals,incongruent,❌,0.5651200907334842
4,20,lipstick,congruent,✅,0.9929198089229312
4,20,song,congruent,✅,0.7268534169950491
4,20,lipstick,incongruent,✅,0.10307998151178992
4,20,song,incongruent,❌,0.9570230699150452
4,21,fought,congruent,❌,0.015936881154999517
4,21,sang,congruent,✅,0.5095061707552201
4,21,fought,incongruent,✅,0.2030577664438101
4,21,sang,incongruent,✅,0.02396162862651383
4,22,skeptical,congruent,❌,0.08809962514596181
4,22,reassured,congruent,❌,0.2514321001663987
4,22,skeptical,incongruent,✅,0.23421014785812505
4,22,reassured,incongruent,✅,0.13158175896210927
4,23,graduation,congruent,✅,0.797011858834844
4,23,operation,congruent,❌,0.4234270737654669
4,23,graduation,incongruent,✅,0.18952488713999185
4,23,operation,incongruent,✅,0.16056281073526726
4,24,bride,congruent,❌,0.4434977532019825
4,24,aftermath,congruent,✅,0.7370559995262049
4,24,bride,incongruent,✅,0.4114713334726101
4,24,aftermath,incongruent,✅,0.02583926312277712
4,25,teacher,congruent,✅,0.725991293661746
4,25,daughter,congruent,✅,0.8568092052550721
4,25,teacher,incongruent,❌,0.5968243127088951
4,25,daughter,incongruent,❌,0.7660363481779231
4,26,roommate,congruent,❌,0.31021994344056436
4,26,grandma,congruent,✅,0.5091707901691959
4,26,roommate,incongruent,✅,0.19310225904459913
4,26,grandma,incongruent,✅,0.33180732306882216
4,27,brother,congruent,❌,0.45957145959876006
4,27,mother,congruent,❌,0.4106752187120629
4,27,brother,incongruent,✅,0.19434767410652434
4,27,mother,incongruent,✅,0.3124557171553206
4,28,preschool,congruent,❌,0.3889877097543283
4,28,prison,congruent,❌,0.37606314712937006
4,28,preschool,incongruent,✅,0.11958839200767299
4,28,prison,incongruent,✅,0.11496686666801596
4,29,hopeful,congruent,✅,0.8218399803886661
4,29,hopeless,congruent,✅,0.6190685467679787
4,29,hopeful,incongruent,✅,0.3945355533130453
4,29,hopeless,incongruent,❌,0.8299783077122649
4,3,marathon,congruent,❌,0.4370100190670746
4,3,exam,congruent,✅,0.871576947324803
4,3,marathon,incongruent,✅,0.3698050088439699
4,3,exam,incongruent,✅,0.06047385200494113
4,30,appalled,congruent,❌,0.09993583287906414
4,30,overjoyed,congruent,❌,0.13285023333687526
4,30,appalled,incongruent,✅,0.13895885695855653
4,30,overjoyed,incongruent,✅,0.09765388100804369
4,31,reprimand,congruent,✅,0.5745938664851673
4,31,encouragement,congruent,✅,0.8160766886768085
4,31,reprimand,incongruent,❌,0.8113696481967815
4,31,encouragement,incongruent,❌,0.5114705586173611
4,32,angrily,congruent,✅,0.7912250587037789
4,32,cordially,congruent,❌,0.3022075789726383
4,32,angrily,incongruent,✅,0.31149516620141665
4,32,cordially,incongruent,❌,0.5738334604542219
4,33,accusatory,congruent,❌,0.27965926422513915
4,33,flirtatious,congruent,✅,0.6064304944905373
4,33,accusatory,incongruent,❌,0.6060843123973636
4,33,flirtatious,incongruent,✅,0.15183920171249699
4,34,disapprovingly,congruent,❌,0.2956571913484739
4,34,lovingly,congruent,✅,0.5654527052707939
4,34,disapprovingly,incongruent,✅,0.48300275377251445
4,34,lovingly,incongruent,✅,0.27707359628901584
4,35,playful,congruent,✅,0.7613185841656905
4,35,distant,congruent,❌,0.2829983196167407
4,35,playful,incongruent,✅,0.2827918631440892
4,35,distant,incongruent,❌,0.7111451007514757
4,36,headphones,congruent,❌,0.3052769589071383
4,36,mangoes,congruent,✅,0.81220193428845
4,36,headphones,incongruent,✅,0.1525508619154682
4,36,mangoes,incongruent,✅,0.12113389993124318
4,37,playroom,congruent,✅,0.8153262251681319
4,37,park,congruent,✅,0.805715945475603
4,37,playroom,incongruent,❌,0.5990317055349893
4,37,park,incongruent,❌,0.7996878274480511
4,38,bedroom,congruent,✅,0.8221675093447902
4,38,backyard,congruent,✅,0.7995691797235188
4,38,bedroom,incongruent,❌,0.5718456746746806
4,38,backyard,incongruent,✅,0.44518698264787643
4,39,solemnly,congruent,✅,0.6228077529518817
4,39,excitedly,congruent,❌,0.448295068804903
4,39,solemnly,incongruent,✅,0.4672476407869418
4,39,excitedly,incongruent,❌,0.5398956479177748
4,4,menu,congruent,✅,0.7885762857414614
4,4,prescription,congruent,❌,0.4875327758048614
4,4,menu,incongruent,✅,0.1773186696359425
4,4,prescription,incongruent,❌,0.5247187801558629
4,40,car,congruent,✅,0.6930624195830654
4,40,sock,congruent,❌,0.2588262279025933
4,40,car,incongruent,✅,0.21454958157688434
4,40,sock,incongruent,✅,0.3269895900291932
4,41,overdressed,congruent,✅,0.783855855032103
4,41,naked,congruent,✅,0.8547000511180105
4,41,overdressed,incongruent,❌,0.8553947550827753
4,41,naked,incongruent,❌,0.8984490784136523
4,42,shy,congruent,✅,0.659505210628508
4,42,lively,congruent,✅,0.5462757883244023
4,42,shy,incongruent,✅,0.37017102082809106
4,42,lively,incongruent,❌,0.5425681068189528
4,43,offended,congruent,✅,0.7585503527342129
4,43,flattered,congruent,❌,0.4131659499849045
4,43,offended,incongruent,✅,0.4127794435942294
4,43,flattered,incongruent,❌,0.6337047091345398
4,44,grandkid,congruent,❌,0.4768418389155931
4,44,cellmate,congruent,✅,0.5736411190556984
4,44,grandkid,incongruent,✅,0.49133656013867333
4,44,cellmate,incongruent,✅,0.4608159849333181
4,45,promoted,congruent,❌,0.4626814725247648
4,45,fired,congruent,❌,0.15732703927725472
4,45,promoted,incongruent,✅,0.17616966741308326
4,45,fired,incongruent,✅,0.39983795715469456
4,46,shooting,congruent,✅,0.7702652556901355
4,46,celebration,congruent,✅,0.677620256687089
4,46,shooting,incongruent,✅,0.2902811449968003
4,46,celebration,incongruent,❌,0.5683328772410315
4,47,crayon,congruent,✅,0.6804988109830188
4,47,beer,congruent,✅,0.7377881951162132
4,47,crayon,incongruent,✅,0.060034551588352435
4,47,beer,incongruent,❌,0.5262243080618428
4,48,waiter,congruent,✅,0.8039158561719806
4,48,taxi,congruent,✅,0.629646974846721
4,48,waiter,incongruent,✅,0.25837712676467234
4,48,taxi,incongruent,❌,0.7919380628044721
4,49,parents,congruent,❌,0.3931159046765454
4,49,keys,congruent,❌,0.426080957000689
4,49,parents,incongruent,✅,0.4102180694411842
4,49,keys,incongruent,✅,0.44368702439644475
4,5,distress,congruent,✅,0.523947161343465
4,5,tranquility,congruent,✅,0.5424339060379604
4,5,distress,incongruent,❌,0.5116789012504794
4,5,tranquility,incongruent,✅,0.3802912231556382
4,50,sofa,congruent,✅,0.9455673575360551
4,50,sky,congruent,✅,0.92091246858221
4,50,sofa,incongruent,❌,0.7967479159954826
4,50,sky,incongruent,❌,0.6505943793686323
4,51,obesity,congruent,❌,0.42655231467974497
4,51,homework,congruent,❌,0.44277513024752074
4,51,obesity,incongruent,✅,0.0450212370468925
4,51,homework,incongruent,✅,0.4024644791664252
4,52,quiz,congruent,❌,0.4691425359761465
4,52,commute,congruent,✅,0.8188681376013651
4,52,quiz,incongruent,❌,0.620955855629063
4,52,commute,incongruent,✅,0.08835470373290738
4,53,migraine,congruent,✅,0.9214830825259082
4,53,excitement,congruent,✅,0.595480198099049
4,53,migraine,incongruent,✅,0.4826117980712703
4,53,excitement,incongruent,❌,0.6065935100216149
4,54,niece,congruent,✅,0.719415195014284
4,54,husband,congruent,✅,0.6959644931580753
4,54,niece,incongruent,❌,0.9060910893881651
4,54,husband,incongruent,✅,0.38969776669687395
4,55,film,congruent,✅,0.8012637602250499
4,55,sunrise,congruent,✅,0.8765991377976798
4,55,film,incongruent,✅,0.28970296476141244
4,55,sunrise,incongruent,❌,0.661495080679014
4,56,lecture,congruent,✅,0.7987967008065253
4,56,banquet,congruent,❌,0.1668499310643589
4,56,lecture,incongruent,✅,0.026167431972999092
4,56,banquet,incongruent,✅,0.12448126557286084
4,57,drink,congruent,✅,0.915121794678636
4,57,textbook,congruent,❌,0.4366998804342122
4,57,drink,incongruent,✅,0.018331184589081905
4,57,textbook,incongruent,❌,0.6897997064759843
4,58,pool,congruent,❌,0.4313310666211499
4,58,snow,congruent,❌,0.453405849366874
4,58,pool,incongruent,✅,0.4352659086005844
4,58,snow,incongruent,✅,0.34670393304962693
4,59,passport,congruent,✅,0.6364520452666829
4,59,plushy,congruent,❌,0.3794895770946627
4,59,passport,incongruent,✅,0.24307607404176343
4,59,plushy,incongruent,✅,0.26180628961803676
4,6,patients,congruent,✅,0.7896243967949467
4,6,students,congruent,✅,0.5221138670200675
4,6,patients,incongruent,✅,0.1631740427507071
4,6,students,incongruent,✅,0.35588796271963136
4,60,sister,congruent,✅,0.6623393118449789
4,60,father,congruent,✅,0.6216238054387581
4,60,sister,incongruent,❌,0.557993620728104
4,60,father,incongruent,❌,0.5537667276265663
4,61,game,congruent,✅,0.8207686297858925
4,61,sunset,congruent,✅,0.9517992654248575
4,61,game,incongruent,❌,0.5570011487424835
4,61,sunset,incongruent,✅,0.09498899976265394
4,62,holidays,congruent,✅,0.7693597163393695
4,62,funeral,congruent,✅,0.9676044504589197
4,62,holidays,incongruent,❌,0.8115270922622805
4,62,funeral,incongruent,✅,0.3194789531926922
4,63,grades,congruent,❌,0.47877199012797506
4,63,affair,congruent,✅,0.510566464612635
4,63,grades,incongruent,✅,0.49187187505810276
4,63,affair,incongruent,✅,0.2336315489534952
4,64,arrest,congruent,✅,0.9338244956395947
4,64,stroke,congruent,❌,0.19994056709221217
4,64,arrest,incongruent,✅,0.2091372444683877
4,64,stroke,incongruent,❌,0.8610088027578608
4,65,pacifier,congruent,❌,0.460470625631664
4,65,coffee,congruent,❌,0.47206271425070706
4,65,pacifier,incongruent,✅,0.2325940406520316
4,65,coffee,incongruent,✅,0.37790092853772544
4,66,sweets,congruent,✅,0.9304068085017129
4,66,sentencing,congruent,✅,0.6654264503724163
4,66,sweets,incongruent,✅,0.06254975008525963
4,66,sentencing,incongruent,✅,0.3054290736238346
4,67,nap,congruent,✅,0.7120018905421982
4,67,selfie,congruent,✅,0.6714765382876544
4,67,nap,incongruent,✅,0.17031316490253698
4,67,selfie,incongruent,✅,0.45952099431615673
4,68,diaper,congruent,✅,0.76361591388351
4,68,tire,congruent,✅,0.8469820904865133
4,68,diaper,incongruent,✅,0.05116749692494584
4,68,tire,incongruent,✅,0.2793098263203924
4,69,chemotherapy,congruent,❌,0.23099009398781065
4,69,golf,congruent,✅,0.9175345771780791
4,69,chemotherapy,incongruent,✅,0.08906415332005226
4,69,golf,incongruent,✅,0.028900230961244378
4,7,consensus,congruent,✅,0.5146576026634679
4,7,deadlock,congruent,❌,0.23140561229272918
4,7,consensus,incongruent,✅,0.09647506546330743
4,7,deadlock,incongruent,❌,0.647073572406879
4,70,thunder,congruent,❌,0.2854133572347546
4,70,lullaby,congruent,❌,0.3689647830557102
4,70,thunder,incongruent,✅,0.15381443682102255
4,70,lullaby,incongruent,✅,0.035352794790715736
4,71,pajamas,congruent,✅,0.5880087529684164
4,71,uniform,congruent,✅,0.6282822169100605
4,71,pajamas,incongruent,✅,0.25633347457935796
4,71,uniform,incongruent,✅,0.49548278426995046
4,72,gown,congruent,✅,0.927880227821109
4,72,sweats,congruent,❌,0.43618394983646114
4,72,gown,incongruent,✅,0.35869455077748885
4,72,sweats,incongruent,❌,0.8636012455343851
4,73,deadline,congruent,❌,0.4039055966006125
4,73,bed,congruent,✅,0.9289586521802283
4,73,deadline,incongruent,❌,0.5937906239566714
4,73,bed,incongruent,✅,0.3681668216582845
4,74,kindergarten,congruent,✅,0.7503164334241876
4,74,jail,congruent,✅,0.6548673881869138
4,74,kindergarten,incongruent,✅,0.4375367894013517
4,74,jail,incongruent,❌,0.5794210573001723
4,75,interrogated,congruent,✅,0.642966451939185
4,75,tickled,congruent,❌,0.3661992414859874
4,75,interrogated,incongruent,✅,0.4961353534409315
4,75,tickled,incongruent,✅,0.3517031312326671
4,76,sandcastle,congruent,❌,0.25647013581133504
4,76,snowman,congruent,❌,0.3010675081719934
4,76,sandcastle,incongruent,✅,0.2241592145074392
4,76,snowman,incongruent,✅,0.29995273746861245
4,77,music,congruent,✅,0.8716204809630305
4,77,pizza,congruent,✅,0.9492046896938272
4,77,music,incongruent,✅,0.3329915757344206
4,77,pizza,incongruent,✅,0.2799809754013082
4,78,playoffs,congruent,✅,0.8196308266599323
4,78,cartoon,congruent,✅,0.5164628341879178
4,78,playoffs,incongruent,✅,0.4509406970138951
4,78,cartoon,incongruent,✅,0.18860616998335364
4,79,alcoholism,congruent,✅,0.6277236853073658
4,79,academics,congruent,✅,0.9758859391629614
4,79,alcoholism,incongruent,❌,0.5322737627838166
4,79,academics,incongruent,❌,0.582662041617269
4,8,engagement,congruent,✅,0.825087457380127
4,8,cancer,congruent,❌,0.3496547454857979
4,8,engagement,incongruent,✅,0.10352131130647513
4,8,cancer,incongruent,❌,0.7691563439875905
4,9,terminal,congruent,❌,0.12924310696479904
4,9,classroom,congruent,✅,0.6417065750844119
4,9,terminal,incongruent,✅,0.35489816511185346
4,9,classroom,incongruent,✅,0.1181808453166131
5,0,library,congruent,❌,0.48763988063667085
5,0,refrigerator,congruent,✅,0.7720410862462221
5,0,library,incongruent,❌,0.5488393071770111
5,0,refrigerator,incongruent,✅,0.12274759620827758
5,1,disappointment,congruent,✅,0.5937062272892277
5,1,delight,congruent,❌,0.08616597351597126
5,1,disappointment,incongruent,✅,0.055595142425232946
5,1,delight,incongruent,❌,0.547618187596843
5,10,cash,congruent,❌,0.14171663294354303
5,10,groceries,congruent,❌,0.40400018435541724
5,10,cash,incongruent,✅,0.07576450590511412
5,10,groceries,incongruent,✅,0.22269633511528703
5,11,lonely,congruent,❌,0.44218952317647586
5,11,confident,congruent,✅,0.6627273379716512
5,11,lonely,incongruent,❌,0.5064734062609634
5,11,confident,incongruent,✅,0.29731113657240005
5,12,joy,congruent,✅,0.9058064212303812
5,12,outrage,congruent,❌,0.3731317558292875
5,12,joy,incongruent,✅,0.25331828406719464
5,12,outrage,incongruent,❌,0.5835403673005735
5,13,traffic,congruent,✅,0.9154379849137958
5,13,snowstorm,congruent,✅,0.9839422431548602
5,13,traffic,incongruent,❌,0.9527405275685703
5,13,snowstorm,incongruent,❌,0.818213152229845
5,14,laughter,congruent,✅,0.7273985703294056
5,14,frustration,congruent,✅,0.6901892184261947
5,14,laughter,incongruent,❌,0.6252116032555374
5,14,frustration,incongruent,❌,0.5011353133051937
5,15,calculator,congruent,❌,0.46845040561582374
5,15,instrument,congruent,❌,0.42795823220928275
5,15,calculator,incongruent,✅,0.2579908578531925
5,15,instrument,incongruent,✅,0.3057983548424019
5,16,orchestra,congruent,✅,0.9185905431185141
5,16,racers,congruent,✅,0.5826149502664667
5,16,orchestra,incongruent,✅,0.37726127238088164
5,16,racers,incongruent,❌,0.8671015833198559
5,17,retirement,congruent,❌,0.4236720646522516
5,17,playdate,congruent,❌,0.11915089561500432
5,17,retirement,incongruent,✅,0.12153995001212045
5,17,playdate,incongruent,✅,0.18896943874552222
5,18,relieved,congruent,❌,0.13834325091345315
5,18,depressed,congruent,❌,0.04140522837824493
5,18,relieved,incongruent,✅,0.06251566157118654
5,18,depressed,incongruent,✅,0.22082044981553778
5,19,friends,congruent,✅,0.5678068395738788
5,19,weight,congruent,✅,0.699925852671111
5,19,friends,incongruent,✅,0.3187227569264912
5,19,weight,incongruent,✅,0.48032607183488873
5,2,overcoat,congruent,❌,0.434626884169173
5,2,sandals,congruent,✅,0.7265306917954775
5,2,overcoat,incongruent,✅,0.3347425371492907
5,2,sandals,incongruent,❌,0.617262682872672
5,20,lipstick,congruent,✅,0.9762015023532985
5,20,song,congruent,✅,0.5925905707162951
5,20,lipstick,incongruent,✅,0.09682850765065591
5,20,song,incongruent,❌,0.9040697785584378
5,21,fought,congruent,❌,0.012229366509995933
5,21,sang,congruent,✅,0.6319317950481056
5,21,fought,incongruent,✅,0.34584669913305216
5,21,sang,incongruent,✅,0.018839448055040786
5,22,skeptical,congruent,❌,0.09860789476071304
5,22,reassured,congruent,❌,0.2937855554107705
5,22,skeptical,incongruent,✅,0.28352978766656706
5,22,reassured,incongruent,✅,0.1586335984104923
5,23,graduation,congruent,✅,0.7972295165619885
5,23,operation,congruent,❌,0.39161429443533224
5,23,graduation,incongruent,✅,0.17334712736410815
5,23,operation,incongruent,✅,0.15932607134749088
5,24,bride,congruent,✅,0.5018326901469097
5,24,aftermath,congruent,✅,0.6276993074813564
5,24,bride,incongruent,✅,0.29087052339947883
5,24,aftermath,incongruent,✅,0.05531665484242693
5,25,teacher,congruent,✅,0.7371543960439584
5,25,daughter,congruent,✅,0.8373665957671146
5,25,teacher,incongruent,❌,0.5532633069409462
5,25,daughter,incongruent,❌,0.7997785002188652
5,26,roommate,congruent,❌,0.2647592069069259
5,26,grandma,congruent,✅,0.5655297217494006
5,26,roommate,incongruent,✅,0.20320957449302596
5,26,grandma,incongruent,✅,0.34166213157402653
5,27,brother,congruent,❌,0.29947850786942704
5,27,mother,congruent,❌,0.3712913960637404
5,27,brother,incongruent,✅,0.15941352975448964
5,27,mother,incongruent,✅,0.1695532485507311
5,28,preschool,congruent,❌,0.4618760947220243
5,28,prison,congruent,❌,0.40734577181308457
5,28,preschool,incongruent,✅,0.128607140990815
5,28,prison,incongruent,✅,0.13993223482529524
5,29,hopeful,congruent,✅,0.8524260057503898
5,29,hopeless,congruent,❌,0.4877521690909309
5,29,hopeful,incongruent,✅,0.27219521421024384
5,29,hopeless,incongruent,❌,0.8413534188423688
5,3,marathon,congruent,✅,0.5137163807080263
5,3,exam,congruent,✅,0.847714653811411
5,3,marathon,incongruent,✅,0.3590705454968164
5,3,exam,incongruent,✅,0.10300504312694604
5,30,appalled,congruent,❌,0.14817315682218316
5,30,overjoyed,congruent,❌,0.2977891570561937
5,30,appalled,incongruent,✅,0.3068737381249919
5,30,overjoyed,incongruent,✅,0.136459066178839
5,31,reprimand,congruent,✅,0.585427786525536
5,31,encouragement,congruent,✅,0.8609180400370277
5,31,reprimand,incongruent,❌,0.8588968070305921
5,31,encouragement,incongruent,❌,0.5064567300865152
5,32,angrily,congruent,✅,0.7296833122928972
5,32,cordially,congruent,❌,0.29272428562345637
5,32,angrily,incongruent,✅,0.3129589368066116
5,32,cordially,incongruent,✅,0.47072561629540743
5,33,accusatory,congruent,❌,0.13765427717913287
5,33,flirtatious,congruent,❌,0.30720909522214424
5,33,accusatory,incongruent,✅,0.3106998720960854
5,33,flirtatious,incongruent,✅,0.06151182370819399
5,34,disapprovingly,congruent,❌,0.45456259463521176
5,34,lovingly,congruent,✅,0.757493951563325
5,34,disapprovingly,incongruent,❌,0.6782683339040869
5,34,lovingly,incongruent,✅,0.4300249146049773
5,35,playful,congruent,✅,0.773945742619511
5,35,distant,congruent,❌,0.43614820071058114
5,35,playful,incongruent,✅,0.40966572614385843
5,35,distant,incongruent,❌,0.726237371821511
5,36,headphones,congruent,❌,0.4529471575350047
5,36,mangoes,congruent,✅,0.8046637853046262
5,36,headphones,incongruent,✅,0.17995354755587997
5,36,mangoes,incongruent,✅,0.24916701572823563
5,37,playroom,congruent,✅,0.8390883162314849
5,37,park,congruent,✅,0.8103401778743488
5,37,playroom,incongruent,❌,0.6163678696519315
5,37,park,incongruent,❌,0.8093529039264568
5,38,bedroom,congruent,✅,0.7512745806475859
5,38,backyard,congruent,✅,0.6346561608965121
5,38,bedroom,incongruent,✅,0.40847096393723303
5,38,backyard,incongruent,✅,0.3075489232984041
5,39,solemnly,congruent,✅,0.7291504631847912
5,39,excitedly,congruent,✅,0.6658531281036897
5,39,solemnly,incongruent,❌,0.6810309493433745
5,39,excitedly,incongruent,❌,0.62422433259046
5,4,menu,congruent,✅,0.8116988934293295
5,4,prescription,congruent,✅,0.5808636525915358
5,4,menu,incongruent,✅,0.23797984230181005
5,4,prescription,incongruent,✅,0.49476375940353107
5,40,car,congruent,✅,0.662730131487233
5,40,sock,congruent,❌,0.21935892197233037
5,40,car,incongruent,✅,0.17216189500755316
5,40,sock,incongruent,✅,0.3385277529783349
5,41,overdressed,congruent,✅,0.5796107690893347
5,41,naked,congruent,✅,0.7553435112355154
5,41,overdressed,incongruent,❌,0.7604856330860418
5,41,naked,incongruent,❌,0.7182546270722162
5,42,shy,congruent,✅,0.6184206430481568
5,42,lively,congruent,✅,0.5891395764992436
5,42,shy,incongruent,✅,0.3757882529990546
5,42,lively,incongruent,✅,0.4787383538627811
5,43,offended,congruent,✅,0.5158688249663985
5,43,flattered,congruent,✅,0.5677349403677987
5,43,offended,incongruent,❌,0.5761836973210569
5,43,flattered,incongruent,✅,0.31690682898831696
5,44,grandkid,congruent,❌,0.43890073725541073
5,44,cellmate,congruent,❌,0.3515639931186028
5,44,grandkid,incongruent,✅,0.2958847044832661
5,44,cellmate,incongruent,✅,0.4111133398141702
5,45,promoted,congruent,✅,0.6027821908817865
5,45,fired,congruent,❌,0.13113634047241918
5,45,promoted,incongruent,✅,0.14455746152324492
5,45,fired,incongruent,❌,0.5008851769824983
5,46,shooting,congruent,✅,0.6763284827674324
5,46,celebration,congruent,✅,0.6375944162577761
5,46,shooting,incongruent,✅,0.2671613382780179
5,46,celebration,incongruent,✅,0.4669337754946599
5,47,crayon,congruent,✅,0.571389428951063
5,47,beer,congruent,✅,0.844770906784975
5,47,crayon,incongruent,✅,0.12159461336229734
5,47,beer,incongruent,✅,0.4338134177644685
5,48,waiter,congruent,✅,0.767455945448155
5,48,taxi,congruent,✅,0.6248426354669787
5,48,waiter,incongruent,✅,0.3440091599397855
5,48,taxi,incongruent,❌,0.706214472582695
5,49,parents,congruent,❌,0.4767872435488173
5,49,keys,congruent,❌,0.418050427294534
5,49,parents,incongruent,✅,0.3880415826452015
5,49,keys,incongruent,❌,0.5295283596005345
5,5,distress,congruent,❌,0.4380186768968336
5,5,tranquility,congruent,❌,0.47156594623551895
5,5,distress,incongruent,✅,0.4643256037707796
5,5,tranquility,incongruent,✅,0.28127313831615197
5,50,sofa,congruent,✅,0.9181246618412904
5,50,sky,congruent,✅,0.8647450473830581
5,50,sofa,incongruent,❌,0.7064291826149554
5,50,sky,incongruent,❌,0.5221274348838674
5,51,obesity,congruent,✅,0.6713310939740589
5,51,homework,congruent,✅,0.5694901470000355
5,51,obesity,incongruent,✅,0.10305780310477719
5,51,homework,incongruent,❌,0.6070308949185221
5,52,quiz,congruent,❌,0.4269568150370388
5,52,commute,congruent,✅,0.6940703398390057
5,52,quiz,incongruent,✅,0.409261327306173
5,52,commute,incongruent,✅,0.09654007266690832
5,53,migraine,congruent,✅,0.9015690011137509
5,53,excitement,congruent,✅,0.5396201282624821
5,53,migraine,incongruent,✅,0.4296664814949268
5,53,excitement,incongruent,❌,0.627520979155665
5,54,niece,congruent,✅,0.747732668701752
5,54,husband,congruent,✅,0.6647437617551921
5,54,niece,incongruent,❌,0.8703330866819855
5,54,husband,incongruent,✅,0.3968913878228517
5,55,film,congruent,✅,0.7486168047891499
5,55,sunrise,congruent,✅,0.8226871904488509
5,55,film,incongruent,✅,0.28493929711352695
5,55,sunrise,incongruent,❌,0.5862593468374092
5,56,lecture,congruent,✅,0.8067765232982866
5,56,banquet,congruent,❌,0.35121442698764765
5,56,lecture,incongruent,✅,0.08799046368143021
5,56,banquet,incongruent,✅,0.16952995843267035
5,57,drink,congruent,✅,0.867574411866385
5,57,textbook,congruent,✅,0.6849374554772039
5,57,drink,incongruent,✅,0.03973983925906263
5,57,textbook,incongruent,❌,0.6193572746638988
5,58,pool,congruent,✅,0.6113708711540121
5,58,snow,congruent,✅,0.5411379056058433
5,58,pool,incongruent,❌,0.5365921362248887
5,58,snow,incongruent,✅,0.42164334447955315
5,59,passport,congruent,✅,0.5491929886060498
5,59,plushy,congruent,❌,0.40695129680293946
5,59,passport,incongruent,✅,0.26399162832144957
5,59,plushy,incongruent,✅,0.16959076043275909
5,6,patients,congruent,✅,0.7038112930062197
5,6,students,congruent,✅,0.5723759873618598
5,6,patients,incongruent,✅,0.2462032085792627
5,6,students,incongruent,✅,0.3003713591452683
5,60,sister,congruent,✅,0.8022596152497663
5,60,father,congruent,✅,0.6978710316815607
5,60,sister,incongruent,❌,0.5985173004054333
5,60,father,incongruent,❌,0.7296765070595771
5,61,game,congruent,✅,0.8679824919028387
5,61,sunset,congruent,✅,0.9606507674855262
5,61,game,incongruent,❌,0.6349501504930596
5,61,sunset,incongruent,✅,0.19082698451860633
5,62,holidays,congruent,✅,0.8764718930684146
5,62,funeral,congruent,✅,0.9478565738259425
5,62,holidays,incongruent,❌,0.7578515064001419
5,62,funeral,incongruent,❌,0.5547518651100919
5,63,grades,congruent,❌,0.39724876925076863
5,63,affair,congruent,✅,0.5564904461705533
5,63,grades,incongruent,❌,0.51046110335828
5,63,affair,incongruent,✅,0.21526969177536795
5,64,arrest,congruent,✅,0.8561771609950859
5,64,stroke,congruent,❌,0.2042024930589289
5,64,arrest,incongruent,✅,0.19992754478871994
5,64,stroke,incongruent,❌,0.7792365623891013
5,65,pacifier,congruent,✅,0.5626903185650558
5,65,coffee,congruent,✅,0.6747254628286329
5,65,pacifier,incongruent,✅,0.4078810451397852
5,65,coffee,incongruent,✅,0.4557098524669897
5,66,sweets,congruent,✅,0.8459384861998208
5,66,sentencing,congruent,✅,0.6815746810748582
5,66,sweets,incongruent,✅,0.080245933251771
5,66,sentencing,incongruent,✅,0.1674417234635017
5,67,nap,congruent,✅,0.6615409799670334
5,67,selfie,congruent,✅,0.5049860235169008
5,67,nap,incongruent,✅,0.10631748893916926
5,67,selfie,incongruent,✅,0.39466802175588284
5,68,diaper,congruent,✅,0.6835434279279331
5,68,tire,congruent,✅,0.9025754388734885
5,68,diaper,incongruent,✅,0.08538101342546352
5,68,tire,incongruent,✅,0.22263306975370614
5,69,chemotherapy,congruent,❌,0.3782743981289968
5,69,golf,congruent,✅,0.9512194085308682
5,69,chemotherapy,incongruent,✅,0.2584660191690569
5,69,golf,incongruent,✅,0.049196617369431775
5,7,consensus,congruent,✅,0.5687118837273503
5,7,deadlock,congruent,❌,0.422001998772864
5,7,consensus,incongruent,✅,0.21202501278328958
5,7,deadlock,incongruent,❌,0.737875802353699
5,70,thunder,congruent,❌,0.3568010966079558
5,70,lullaby,congruent,❌,0.432939321455197
5,70,thunder,incongruent,✅,0.22339140606841643
5,70,lullaby,incongruent,✅,0.054837696003333936
5,71,pajamas,congruent,✅,0.5052511570994825
5,71,uniform,congruent,✅,0.6883249793728073
5,71,pajamas,incongruent,✅,0.3384736730674146
5,71,uniform,incongruent,✅,0.42476529636846666
5,72,gown,congruent,✅,0.8621450614070764
5,72,sweats,congruent,✅,0.5359054568458925
5,72,gown,incongruent,❌,0.5145102364755022
5,72,sweats,incongruent,❌,0.7926528993678614
5,73,deadline,congruent,❌,0.2549221794553335
5,73,bed,congruent,✅,0.9633647915199123
5,73,deadline,incongruent,❌,0.6805474752574654
5,73,bed,incongruent,✅,0.2403019671697156
5,74,kindergarten,congruent,✅,0.7167440550289086
5,74,jail,congruent,✅,0.7459006429076869
5,74,kindergarten,incongruent,❌,0.5710610019062534
5,74,jail,incongruent,❌,0.5686977427039545
5,75,interrogated,congruent,✅,0.5522812932121924
5,75,tickled,congruent,❌,0.27242543407420144
5,75,interrogated,incongruent,✅,0.3427586380750457
5,75,tickled,incongruent,✅,0.24359266988264072
5,76,sandcastle,congruent,❌,0.1656865459202915
5,76,snowman,congruent,❌,0.26360593945254307
5,76,sandcastle,incongruent,✅,0.13566486355817176
5,76,snowman,incongruent,✅,0.19144452902326314
5,77,music,congruent,✅,0.7952584795661218
5,77,pizza,congruent,✅,0.9723509825900436
5,77,music,incongruent,❌,0.517003139800981
5,77,pizza,incongruent,✅,0.2139251201679511
5,78,playoffs,congruent,✅,0.6920740861350202
5,78,cartoon,congruent,✅,0.7129388758936527
5,78,playoffs,incongruent,❌,0.6051556588203505
5,78,cartoon,incongruent,✅,0.15391361616389052
5,79,alcoholism,congruent,✅,0.8689015145032538
5,79,academics,congruent,✅,0.9539064499773929
5,79,alcoholism,incongruent,✅,0.4650574579492573
5,79,academics,incongruent,❌,0.846349936903686
5,8,engagement,congruent,✅,0.728105032797839
5,8,cancer,congruent,❌,0.2510320196199699
5,8,engagement,incongruent,✅,0.06958564597192929
5,8,cancer,incongruent,❌,0.709272881383932
5,9,terminal,congruent,❌,0.14204462994768213
5,9,classroom,congruent,✅,0.6947015365790219
5,9,terminal,incongruent,✅,0.3996364061433084
5,9,classroom,incongruent,✅,0.12108884756379408
6,0,library,congruent,✅,0.6855755608169095
6,0,refrigerator,congruent,✅,0.739363473052111
6,0,library,incongruent,❌,0.6156345940638038
6,0,refrigerator,incongruent,✅,0.08400399885756082
6,1,disappointment,congruent,✅,0.5595030138905376
6,1,delight,congruent,❌,0.09456183490206285
6,1,disappointment,incongruent,✅,0.04519061901942886
6,1,delight,incongruent,❌,0.549556233651779
6,10,cash,congruent,❌,0.21924408042111662
6,10,groceries,congruent,✅,0.7599695847326855
6,10,cash,incongruent,✅,0.12046200123114299
6,10,groceries,incongruent,✅,0.12501233802899847
6,11,lonely,congruent,✅,0.545898935979934
6,11,confident,congruent,✅,0.8404624895609788
6,11,lonely,incongruent,❌,0.7287797179089128
6,11,confident,incongruent,✅,0.26191868842241495
6,12,joy,congruent,✅,0.9193308183887453
6,12,outrage,congruent,✅,0.8912850544313218
6,12,joy,incongruent,❌,0.783982986391142
6,12,outrage,incongruent,❌,0.7117790714864674
6,13,traffic,congruent,✅,0.8529698001132378
6,13,snowstorm,congruent,✅,0.9434356133595008
6,13,traffic,incongruent,❌,0.7065491845698442
6,13,snowstorm,incongruent,❌,0.7560833134737618
6,14,laughter,congruent,✅,0.8267665536570208
6,14,frustration,congruent,❌,0.4628467289523956
6,14,laughter,incongruent,✅,0.37783758266543976
6,14,frustration,incongruent,✅,0.47701781366202645
6,15,calculator,congruent,✅,0.7430109239057832
6,15,instrument,congruent,✅,0.6801530746916692
6,15,calculator,incongruent,✅,0.4694844610746406
6,15,instrument,incongruent,✅,0.2935053029630232
6,16,orchestra,congruent,✅,0.9602692287470895
6,16,racers,congruent,✅,0.8282185480758121
6,16,orchestra,incongruent,✅,0.28953326149967235
6,16,racers,incongruent,❌,0.820620640455225
6,17,retirement,congruent,❌,0.40837892578262824
6,17,playdate,congruent,❌,0.22049769189379023
6,17,retirement,incongruent,✅,0.22339641648205985
6,17,playdate,incongruent,✅,0.0760036924329986
6,18,relieved,congruent,❌,0.26610877023046897
6,18,depressed,congruent,❌,0.06382871433320426
6,18,relieved,incongruent,✅,0.08306363829041684
6,18,depressed,incongruent,✅,0.36029389427690944
6,19,friends,congruent,✅,0.530346886786614
6,19,weight,congruent,✅,0.6862274200218044
6,19,friends,incongruent,✅,0.22999847304710597
6,19,weight,incongruent,✅,0.3878079120258419
6,2,overcoat,congruent,✅,0.601895040777241
6,2,sandals,congruent,✅,0.6882931826169341
6,2,overcoat,incongruent,❌,0.5258529443133132
6,2,sandals,incongruent,❌,0.5359195833884626
6,20,lipstick,congruent,✅,0.9418213082196484
6,20,song,congruent,❌,0.4026070917921812
6,20,lipstick,incongruent,✅,0.0017773832814028767
6,20,song,incongruent,✅,0.35829027233549904
6,21,fought,congruent,❌,0.03155482075875758
6,21,sang,congruent,✅,0.7830186535719034
6,21,fought,incongruent,✅,0.3179082777129742
6,21,sang,incongruent,✅,0.02999748588023865
6,22,skeptical,congruent,❌,0.08632570373592414
6,22,reassured,congruent,❌,0.42241822637433085
6,22,skeptical,incongruent,✅,0.36329005356520155
6,22,reassured,incongruent,✅,0.1657031037187526
6,23,graduation,congruent,✅,0.8567341378080648
6,23,operation,congruent,❌,0.4300549706641216
6,23,graduation,incongruent,✅,0.1531652965313404
6,23,operation,incongruent,✅,0.1350502994783927
6,24,bride,congruent,✅,0.904284088801019
6,24,aftermath,congruent,✅,0.7547214638953375
6,24,bride,incongruent,✅,0.14260144006548017
6,24,aftermath,incongruent,✅,0.017160910874005467
6,25,teacher,congruent,✅,0.6083748746530151
6,25,daughter,congruent,✅,0.9424826589870894
6,25,teacher,incongruent,✅,0.36372581284534344
6,25,daughter,incongruent,❌,0.6840034890698814
6,26,roommate,congruent,✅,0.5698718951742069
6,26,grandma,congruent,✅,0.6160014887111067
6,26,roommate,incongruent,✅,0.29036155108650524
6,26,grandma,incongruent,❌,0.541685477448881
6,27,brother,congruent,❌,0.2797350868003019
6,27,mother,congruent,❌,0.29377230232850365
6,27,brother,incongruent,✅,0.10934689515678107
6,27,mother,incongruent,✅,0.17142376822273747
6,28,preschool,congruent,✅,0.6797018406879075
6,28,prison,congruent,❌,0.3799501774902481
6,28,preschool,incongruent,✅,0.1053024694644998
6,28,prison,incongruent,✅,0.08408952467932422
6,29,hopeful,congruent,✅,0.6098718456752732
6,29,hopeless,congruent,❌,0.4579599375968573
6,29,hopeful,incongruent,✅,0.2733248579635963
6,29,hopeless,incongruent,❌,0.5805800371552666
6,3,marathon,congruent,✅,0.7836392587224302
6,3,exam,congruent,✅,0.923521304200662
6,3,marathon,incongruent,✅,0.3323600838905566
6,3,exam,incongruent,✅,0.0441769383282128
6,30,appalled,congruent,✅,0.5081547000729998
6,30,overjoyed,congruent,❌,0.15005449029517884
6,30,appalled,incongruent,✅,0.14752497911987691
6,30,overjoyed,incongruent,✅,0.4768615321045849
6,31,reprimand,congruent,✅,0.8909782290239825
6,31,encouragement,congruent,✅,0.8402993133095439
6,31,reprimand,incongruent,❌,0.8231397972255889
6,31,encouragement,incongruent,❌,0.8168998084069333
6,32,angrily,congruent,✅,0.702816226882935
6,32,cordially,congruent,❌,0.18258846403769308
6,32,angrily,incongruent,✅,0.18664650252972553
6,32,cordially,incongruent,✅,0.49510160899082273
6,33,accusatory,congruent,❌,0.4733492116090238
6,33,flirtatious,congruent,❌,0.4371046467742289
6,33,accusatory,incongruent,✅,0.40902026069306185
6,33,flirtatious,incongruent,✅,0.1534703900134615
6,34,disapprovingly,congruent,❌,0.24372061093975375
6,34,lovingly,congruent,✅,0.7300289682392745
6,34,disapprovingly,incongruent,❌,0.6421383087139693
6,34,lovingly,incongruent,✅,0.22642359243689045
6,35,playful,congruent,✅,0.7816824407568586
6,35,distant,congruent,❌,0.3579435145868632
6,35,playful,incongruent,✅,0.40657800732650945
6,35,distant,incongruent,❌,0.7051160496781484
6,36,headphones,congruent,❌,0.3006512359872095
6,36,mangoes,congruent,✅,0.9661235627547146
6,36,headphones,incongruent,✅,0.3398204105507131
6,36,mangoes,incongruent,✅,0.002943540205297076
6,37,playroom,congruent,✅,0.9011307795412059
6,37,park,congruent,✅,0.9442455768404502
6,37,playroom,incongruent,❌,0.7879607580279262
6,37,park,incongruent,❌,0.9078562128785045
6,38,bedroom,congruent,✅,0.8617580582103416
6,38,backyard,congruent,✅,0.6003754100422772
6,38,bedroom,incongruent,✅,0.37240650569584616
6,38,backyard,incongruent,✅,0.2517401217985614
6,39,solemnly,congruent,✅,0.5851505564578318
6,39,excitedly,congruent,✅,0.5521392337616409
6,39,solemnly,incongruent,❌,0.5110887772024454
6,39,excitedly,incongruent,✅,0.38659034151405147
6,4,menu,congruent,✅,0.9036973953388272
6,4,prescription,congruent,✅,0.9550044291186104
6,4,menu,incongruent,✅,0.25082783285370114
6,4,prescription,incongruent,❌,0.5081506123403455
6,40,car,congruent,❌,0.48867658489908306
6,40,sock,congruent,❌,0.22105222126633708
6,40,car,incongruent,✅,0.04829255012303098
6,40,sock,incongruent,✅,0.07564160716429466
6,41,overdressed,congruent,✅,0.7349842896128509
6,41,naked,congruent,✅,0.9060854623948464
6,41,overdressed,incongruent,❌,0.8304300736674397
6,41,naked,incongruent,❌,0.8529807589050943
6,42,shy,congruent,❌,0.38428482313737944
6,42,lively,congruent,✅,0.7944008935443136
6,42,shy,incongruent,❌,0.7548755856793286
6,42,lively,incongruent,✅,0.27291187499153435
6,43,offended,congruent,✅,0.5907230454016454
6,43,flattered,congruent,✅,0.5913179842979427
6,43,offended,incongruent,❌,0.5635869160092006
6,43,flattered,incongruent,✅,0.40309829170502814
6,44,grandkid,congruent,✅,0.6355451345218761
6,44,cellmate,congruent,❌,0.33589834091233034
6,44,grandkid,incongruent,✅,0.26970949153826695
6,44,cellmate,incongruent,✅,0.36564716094739225
6,45,promoted,congruent,❌,0.42949418596810274
6,45,fired,congruent,❌,0.14898906780969998
6,45,promoted,incongruent,✅,0.19956895282009937
6,45,fired,incongruent,✅,0.2476965386693781
6,46,shooting,congruent,✅,0.5603856259368556
6,46,celebration,congruent,✅,0.5889414408314382
6,46,shooting,incongruent,✅,0.11105992303341097
6,46,celebration,incongruent,✅,0.32703365945706636
6,47,crayon,congruent,✅,0.8248663436720232
6,47,beer,congruent,✅,0.9636985371236466
6,47,crayon,incongruent,✅,0.06612149916137756
6,47,beer,incongruent,✅,0.4571076796929743
6,48,waiter,congruent,✅,0.6001992517265855
6,48,taxi,congruent,✅,0.7366751530980635
6,48,waiter,incongruent,✅,0.4500675459454845
6,48,taxi,incongruent,✅,0.48065447583763304
6,49,parents,congruent,❌,0.4285975591688978
6,49,keys,congruent,❌,0.40190579910107765
6,49,parents,incongruent,✅,0.40686520569998147
6,49,keys,incongruent,✅,0.4923790984044356
6,5,distress,congruent,✅,0.8155536626235872
6,5,tranquility,congruent,❌,0.28356857632871285
6,5,distress,incongruent,✅,0.28519267566008055
6,5,tranquility,incongruent,❌,0.6228354474970078
6,50,sofa,congruent,✅,0.9407106397449926
6,50,sky,congruent,✅,0.8836531625860491
6,50,sofa,incongruent,✅,0.49148003507192933
6,50,sky,incongruent,✅,0.3579358069633138
6,51,obesity,congruent,✅,0.7041896038938891
6,51,homework,congruent,✅,0.8516016853525651
6,51,obesity,incongruent,✅,0.031077481078647516
6,51,homework,incongruent,❌,0.6231444802151582
6,52,quiz,congruent,✅,0.503841064706208
6,52,commute,congruent,✅,0.9468712982301766
6,52,quiz,incongruent,✅,0.43404740783314616
6,52,commute,incongruent,✅,0.08884864518283979
6,53,migraine,congruent,✅,0.912376181796605
6,53,excitement,congruent,✅,0.6467741947530623
6,53,migraine,incongruent,✅,0.48801286796451526
6,53,excitement,incongruent,❌,0.612421938923358
6,54,niece,congruent,✅,0.7874461853971703
6,54,husband,congruent,✅,0.5239184004729371
6,54,niece,incongruent,❌,0.8525552233811705
6,54,husband,incongruent,✅,0.3178029965949117
6,55,film,congruent,✅,0.5535249002444993
6,55,sunrise,congruent,✅,0.9179993704449353
6,55,film,incongruent,✅,0.36060517202701325
6,55,sunrise,incongruent,✅,0.2949002951194326
6,56,lecture,congruent,✅,0.7104323276424118
6,56,banquet,congruent,✅,0.916419131583412
6,56,lecture,incongruent,✅,0.20828255449396893
6,56,banquet,incongruent,✅,0.058705581700964043
6,57,drink,congruent,✅,0.9200202794939663
6,57,textbook,congruent,✅,0.9628409005821006
6,57,drink,incongruent,✅,0.0334572628708888
6,57,textbook,incongruent,✅,0.21037724929018717
6,58,pool,congruent,✅,0.573634933809838
6,58,snow,congruent,✅,0.7234798938663239
6,58,pool,incongruent,❌,0.7418060994757086
6,58,snow,incongruent,✅,0.12881966511399084
6,59,passport,congruent,✅,0.762732338489726
6,59,plushy,congruent,❌,0.44965302830839193
6,59,passport,incongruent,✅,0.24781098870681428
6,59,plushy,incongruent,✅,0.14020220012550022
6,6,patients,congruent,✅,0.9678487406817501
6,6,students,congruent,✅,0.8849994757627598
6,6,patients,incongruent,✅,0.11257787297620815
6,6,students,incongruent,✅,0.21886175972588406
6,60,sister,congruent,✅,0.7748927767136332
6,60,father,congruent,✅,0.8350420435479453
6,60,sister,incongruent,❌,0.7172788306056843
6,60,father,incongruent,❌,0.7523424501227216
6,61,game,congruent,✅,0.8110372666909041
6,61,sunset,congruent,✅,0.974576225493384
6,61,game,incongruent,❌,0.8064278046733272
6,61,sunset,incongruent,✅,0.02268399416196527
6,62,holidays,congruent,✅,0.8140595709633615
6,62,funeral,congruent,✅,0.9638095067739862
6,62,holidays,incongruent,❌,0.6637503996524594
6,62,funeral,incongruent,✅,0.42713468337864763
6,63,grades,congruent,❌,0.31974771192814766
6,63,affair,congruent,✅,0.5822918572078428
6,63,grades,incongruent,✅,0.3909524945540725
6,63,affair,incongruent,✅,0.13348472834985042
6,64,arrest,congruent,✅,0.8270837622499758
6,64,stroke,congruent,❌,0.10118209944946535
6,64,arrest,incongruent,✅,0.06612762338048638
6,64,stroke,incongruent,❌,0.7176531507878273
6,65,pacifier,congruent,❌,0.25693663283174406
6,65,coffee,congruent,✅,0.6952819821790457
6,65,pacifier,incongruent,✅,0.10411729144307469
6,65,coffee,incongruent,✅,0.20836330040891277
6,66,sweets,congruent,✅,0.8299169441240651
6,66,sentencing,congruent,✅,0.5784817266616007
6,66,sweets,incongruent,✅,0.012016672557438345
6,66,sentencing,incongruent,✅,0.06896031151501268
6,67,nap,congruent,✅,0.8831249235560661
6,67,selfie,congruent,✅,0.8977315966178949
6,67,nap,incongruent,✅,0.2877511981806605
6,67,selfie,incongruent,❌,0.6755011267561076
6,68,diaper,congruent,✅,0.8227964331237485
6,68,tire,congruent,✅,0.9778444597025165
6,68,diaper,incongruent,✅,0.16509469734348717
6,68,tire,incongruent,✅,0.2843932145737732
6,69,chemotherapy,congruent,✅,0.5713600861913116
6,69,golf,congruent,✅,0.9891294465165049
6,69,chemotherapy,incongruent,✅,0.0846482526462521
6,69,golf,incongruent,✅,0.025778536643001594
6,7,consensus,congruent,✅,0.6343754500452552
6,7,deadlock,congruent,❌,0.2900016352446613
6,7,consensus,incongruent,✅,0.1816796267422519
6,7,deadlock,incongruent,❌,0.7343114000832
6,70,thunder,congruent,✅,0.5392085117614107
6,70,lullaby,congruent,✅,0.5166575039459711
6,70,thunder,incongruent,✅,0.260323338688671
6,70,lullaby,incongruent,✅,0.02630017456726262
6,71,pajamas,congruent,❌,0.33979084671413734
6,71,uniform,congruent,✅,0.6891116100949797
6,71,pajamas,incongruent,✅,0.11487907404571296
6,71,uniform,incongruent,✅,0.16330256100011248
6,72,gown,congruent,✅,0.9626664583031154
6,72,sweats,congruent,❌,0.49279093802158963
6,72,gown,incongruent,❌,0.6160557068503926
6,72,sweats,incongruent,❌,0.7579423879674096
6,73,deadline,congruent,❌,0.10342660409293813
6,73,bed,congruent,✅,0.9579819603486871
6,73,deadline,incongruent,✅,0.21403873994909536
6,73,bed,incongruent,✅,0.1796469116257815
6,74,kindergarten,congruent,✅,0.7392984382355378
6,74,jail,congruent,✅,0.7329035764890789
6,74,kindergarten,incongruent,✅,0.32115268560011245
6,74,jail,incongruent,✅,0.4297564146947791
6,75,interrogated,congruent,❌,0.4606973615754599
6,75,tickled,congruent,❌,0.43905459833713334
6,75,interrogated,incongruent,✅,0.4560230578923886
6,75,tickled,incongruent,✅,0.16361765431166975
6,76,sandcastle,congruent,❌,0.12954601955484282
6,76,snowman,congruent,❌,0.16078739527220914
6,76,sandcastle,incongruent,✅,0.07452559301860297
6,76,snowman,incongruent,✅,0.18737716616050118
6,77,music,congruent,✅,0.9801998486295624
6,77,pizza,congruent,✅,0.9933464585303385
6,77,music,incongruent,✅,0.17646138190370073
6,77,pizza,incongruent,✅,0.021104287071178313
6,78,playoffs,congruent,✅,0.851060399427619
6,78,cartoon,congruent,✅,0.8474611272636423
6,78,playoffs,incongruent,❌,0.6959663596614095
6,78,cartoon,incongruent,✅,0.062407513059343014
6,79,alcoholism,congruent,✅,0.730426055362422
6,79,academics,congruent,✅,0.9672718662367938
6,79,alcoholism,incongruent,✅,0.096957771187233
6,79,academics,incongruent,❌,0.5902524954607085
6,8,engagement,congruent,✅,0.7013023718495213
6,8,cancer,congruent,❌,0.339449011432002
6,8,engagement,incongruent,✅,0.0773076552252994
6,8,cancer,incongruent,❌,0.6098333327134494
6,9,terminal,congruent,✅,0.5675586106415048
6,9,classroom,congruent,✅,0.5732123307672412
6,9,terminal,incongruent,✅,0.28191000957073137
6,9,classroom,incongruent,✅,0.3039326766473209
7,0,library,congruent,❌,0.410422863993151
7,0,refrigerator,congruent,❌,0.42186877372244114
7,0,library,incongruent,❌,0.5490931472703954
7,0,refrigerator,incongruent,✅,0.00424970007157304
7,1,disappointment,congruent,❌,0.35904145258683107
7,1,delight,congruent,❌,0.11575369811147318
7,1,disappointment,incongruent,✅,0.039324812586245525
7,1,delight,incongruent,✅,0.4485870350831914
7,10,cash,congruent,❌,0.19150364805889172
7,10,groceries,congruent,✅,0.7082482635401848
7,10,cash,incongruent,✅,0.13305312925070398
7,10,groceries,incongruent,✅,0.010913348484538279
7,11,lonely,congruent,✅,0.5125363582194153
7,11,confident,congruent,✅,0.8585831050501067
7,11,lonely,incongruent,❌,0.5966088955726082
7,11,confident,incongruent,✅,0.13415723291887452
7,12,joy,congruent,✅,0.9140484865738663
7,12,outrage,congruent,✅,0.9019866622811601
7,12,joy,incongruent,❌,0.5971760762346173
7,12,outrage,incongruent,❌,0.6241827848313524
7,13,traffic,congruent,✅,0.995817093193436
7,13,snowstorm,congruent,✅,0.9901518453892316
7,13,traffic,incongruent,✅,0.3597032181223283
7,13,snowstorm,incongruent,❌,0.9858000642139872
7,14,laughter,congruent,✅,0.9664478932029467
7,14,frustration,congruent,✅,0.728808435584416
7,14,laughter,incongruent,❌,0.625316049745603
7,14,frustration,incongruent,❌,0.7421488647426023
7,15,calculator,congruent,✅,0.6686056026767789
7,15,instrument,congruent,✅,0.5214029509152053
7,15,calculator,incongruent,❌,0.653507204860606
7,15,instrument,incongruent,✅,0.07541337604994597
7,16,orchestra,congruent,✅,0.90774819691504
7,16,racers,congruent,✅,0.7590112858091436
7,16,orchestra,incongruent,✅,0.06384411988262033
7,16,racers,incongruent,✅,0.4904183513199585
7,17,retirement,congruent,✅,0.7070451508957115
7,17,playdate,congruent,❌,0.31755433319139625
7,17,retirement,incongruent,✅,0.1727082247645646
7,17,playdate,incongruent,✅,0.12878466553294013
7,18,relieved,congruent,❌,0.2442074536070067
7,18,depressed,congruent,❌,0.2311870396953388
7,18,relieved,incongruent,✅,0.19021437469833352
7,18,depressed,incongruent,✅,0.3187962956477632
7,19,friends,congruent,❌,0.36280418483733967
7,19,weight,congruent,✅,0.8254895248994931
7,19,friends,incongruent,❌,0.5262308495884116
7,19,weight,incongruent,✅,0.19956927149663026
7,2,overcoat,congruent,❌,0.29512304680033996
7,2,sandals,congruent,✅,0.5718124606146153
7,2,overcoat,incongruent,✅,0.45826416522675706
7,2,sandals,incongruent,✅,0.27861112094520457
7,20,lipstick,congruent,✅,0.973625726991538
7,20,song,congruent,✅,0.7773278145276036
7,20,lipstick,incongruent,✅,0.06335586651966092
7,20,song,incongruent,❌,0.5033764470778289
7,21,fought,congruent,❌,0.10932040489521686
7,21,sang,congruent,✅,0.5904576930692788
7,21,fought,incongruent,✅,0.02806192131633478
7,21,sang,incongruent,✅,0.05966113647788653
7,22,skeptical,congruent,❌,0.03340441976705757
7,22,reassured,congruent,❌,0.21241095519299605
7,22,skeptical,incongruent,✅,0.16737421308926037
7,22,reassured,incongruent,✅,0.05562973175491832
7,23,graduation,congruent,✅,0.9267139305782927
7,23,operation,congruent,✅,0.7786164707728174
7,23,graduation,incongruent,✅,0.2095359803892778
7,23,operation,incongruent,✅,0.1692842306654455
7,24,bride,congruent,✅,0.9808717560620123
7,24,aftermath,congruent,✅,0.6525038578224898
7,24,bride,incongruent,✅,0.026626522393052913
7,24,aftermath,incongruent,✅,0.0012344121719873832
7,25,teacher,congruent,❌,0.16548670770404558
7,25,daughter,congruent,✅,0.9809432824217312
7,25,teacher,incongruent,✅,0.10224212220506491
7,25,daughter,incongruent,✅,0.2467981294719182
7,26,roommate,congruent,✅,0.7314059256439015
7,26,grandma,congruent,✅,0.7503477674459942
7,26,roommate,incongruent,✅,0.1353939142547537
7,26,grandma,incongruent,❌,0.5033273210007031
7,27,brother,congruent,❌,0.33757682318489574
7,27,mother,congruent,❌,0.17778336617425627
7,27,brother,incongruent,✅,0.06894671527304772
7,27,mother,incongruent,✅,0.10150072640937277
7,28,preschool,congruent,✅,0.726158827264549
7,28,prison,congruent,✅,0.8482741721811088
7,28,preschool,incongruent,✅,0.06176260875625421
7,28,prison,incongruent,✅,0.011042269936394915
7,29,hopeful,congruent,✅,0.5363729201801435
7,29,hopeless,congruent,✅,0.5496962748353087
7,29,hopeful,incongruent,✅,0.24212111106050824
7,29,hopeless,incongruent,❌,0.5131315592107476
7,3,marathon,congruent,✅,0.8725011082709717
7,3,exam,congruent,❌,0.4235079569111212
7,3,marathon,incongruent,✅,0.0443285272150958
7,3,exam,incongruent,✅,0.005781067298173848
7,30,appalled,congruent,❌,0.3731311845810177
7,30,overjoyed,congruent,❌,0.4179701147360712
7,30,appalled,incongruent,✅,0.3227411282946877
7,30,overjoyed,incongruent,✅,0.2896209864957365
7,31,reprimand,congruent,✅,0.7246581418504593
7,31,encouragement,congruent,✅,0.8404025723271279
7,31,reprimand,incongruent,❌,0.5012344664721873
7,31,encouragement,incongruent,❌,0.5037802848059078
7,32,angrily,congruent,✅,0.7001967860797575
7,32,cordially,congruent,❌,0.40148796265156816
7,32,angrily,incongruent,✅,0.2196797347669044
7,32,cordially,incongruent,✅,0.43293258952782654
7,33,accusatory,congruent,✅,0.8835254691907128
7,33,flirtatious,congruent,✅,0.5586594432574155
7,33,accusatory,incongruent,✅,0.2974779566295943
7,33,flirtatious,incongruent,✅,0.32916339078552215
7,34,disapprovingly,congruent,❌,0.13533646178940698
7,34,lovingly,congruent,✅,0.673366084275699
7,34,disapprovingly,incongruent,❌,0.5175188500594075
7,34,lovingly,incongruent,✅,0.1315831128139035
7,35,playful,congruent,✅,0.5502548636872912
7,35,distant,congruent,❌,0.27328260448980135
7,35,playful,incongruent,✅,0.3230628560769907
7,35,distant,incongruent,✅,0.25176872628136043
7,36,headphones,congruent,❌,0.304061194597944
7,36,mangoes,congruent,✅,0.748496287357658
7,36,headphones,incongruent,✅,0.13336346662240028
7,36,mangoes,incongruent,✅,0.002654954987431199
7,37,playroom,congruent,✅,0.9792691836114008
7,37,park,congruent,✅,0.9823706502643795
7,37,playroom,incongruent,❌,0.8746335625679484
7,37,park,incongruent,❌,0.9663712783759667
7,38,bedroom,congruent,✅,0.9664851077729754
7,38,backyard,congruent,✅,0.8933772274674268
7,38,bedroom,incongruent,✅,0.4787401046639295
7,38,backyard,incongruent,✅,0.18215219288694512
7,39,solemnly,congruent,✅,0.5979006658770812
7,39,excitedly,congruent,✅,0.8792416279488323
7,39,solemnly,incongruent,❌,0.8630365832061117
7,39,excitedly,incongruent,✅,0.37699370022026263
7,4,menu,congruent,✅,0.972814605616241
7,4,prescription,congruent,✅,0.9841460549872096
7,4,menu,incongruent,❌,0.5469924953823629
7,4,prescription,incongruent,❌,0.731773457200577
7,40,car,congruent,✅,0.6349567847998799
7,40,sock,congruent,❌,0.10434897755148521
7,40,car,incongruent,✅,0.021792659672913803
7,40,sock,incongruent,✅,0.016938659639669715
7,41,overdressed,congruent,✅,0.964864584518419
7,41,naked,congruent,✅,0.9190671287705725
7,41,overdressed,incongruent,❌,0.8162589178420835
7,41,naked,incongruent,❌,0.9610417942552606
7,42,shy,congruent,✅,0.7623512412388509
7,42,lively,congruent,✅,0.8980262555894153
7,42,shy,incongruent,❌,0.848901572400567
7,42,lively,incongruent,✅,0.3945249462436694
7,43,offended,congruent,✅,0.5155303527651902
7,43,flattered,congruent,✅,0.6044497154743972
7,43,offended,incongruent,❌,0.5573382154545661
7,43,flattered,incongruent,✅,0.21265453706167406
7,44,grandkid,congruent,✅,0.8620506221546838
7,44,cellmate,congruent,❌,0.25491707624497273
7,44,grandkid,incongruent,✅,0.1254599005160207
7,44,cellmate,incongruent,✅,0.11167435894991116
7,45,promoted,congruent,❌,0.21710071873369255
7,45,fired,congruent,❌,0.05470268589298009
7,45,promoted,incongruent,✅,0.3266056894702072
7,45,fired,incongruent,✅,0.05603791753658868
7,46,shooting,congruent,✅,0.8322742228079525
7,46,celebration,congruent,✅,0.656662254022907
7,46,shooting,incongruent,✅,0.03759506791373857
7,46,celebration,incongruent,✅,0.47143808577228674
7,47,crayon,congruent,✅,0.7650968183773057
7,47,beer,congruent,✅,0.9556095677674867
7,47,crayon,incongruent,✅,0.02448284204245851
7,47,beer,incongruent,✅,0.03713344319308947
7,48,waiter,congruent,✅,0.8884668761029407
7,48,taxi,congruent,✅,0.5252916306545975
7,48,waiter,incongruent,✅,0.0965690453727138
7,48,taxi,incongruent,✅,0.29547624189684873
7,49,parents,congruent,✅,0.7787573820242704
7,49,keys,congruent,❌,0.4994959199129224
7,49,parents,incongruent,✅,0.1716377153790199
7,49,keys,incongruent,✅,0.33429588181118386
7,5,distress,congruent,✅,0.9208775554136011
7,5,tranquility,congruent,❌,0.3804374669343411
7,5,distress,incongruent,✅,0.27810597396092024
7,5,tranquility,incongruent,❌,0.6447152197144521
7,50,sofa,congruent,✅,0.9947703272565206
7,50,sky,congruent,✅,0.8080315892031442
7,50,sofa,incongruent,✅,0.1172606284631642
7,50,sky,incongruent,✅,0.1430415924626693
7,51,obesity,congruent,❌,0.4027423511758305
7,51,homework,congruent,✅,0.9848769608769848
7,51,obesity,incongruent,✅,0.15499131883123382
7,51,homework,incongruent,✅,0.22680837951208044
7,52,quiz,congruent,✅,0.9469806792919179
7,52,commute,congruent,✅,0.9950173738032145
7,52,quiz,incongruent,✅,0.49288806383155215
7,52,commute,incongruent,✅,0.2770988159980745
7,53,migraine,congruent,✅,0.981491029804558
7,53,excitement,congruent,❌,0.4034245416621881
7,53,migraine,incongruent,✅,0.03559130090442027
7,53,excitement,incongruent,❌,0.7724238511880247
7,54,niece,congruent,✅,0.9062135306389306
7,54,husband,congruent,✅,0.6137226799893722
7,54,niece,incongruent,❌,0.8286523266155383
7,54,husband,incongruent,✅,0.10676039344212447
7,55,film,congruent,❌,0.3312847486873729
7,55,sunrise,congruent,✅,0.9366426290547639
7,55,film,incongruent,✅,0.24215492879025308
7,55,sunrise,incongruent,✅,0.17851019417987235
7,56,lecture,congruent,✅,0.9462749589016927
7,56,banquet,congruent,✅,0.9671908713190309
7,56,lecture,incongruent,✅,0.10260518081008775
7,56,banquet,incongruent,✅,0.058991713506359796
7,57,drink,congruent,✅,0.9832138594700592
7,57,textbook,congruent,✅,0.9786522601013803
7,57,drink,incongruent,✅,0.04042822882708956
7,57,textbook,incongruent,✅,0.05270364746434385
7,58,pool,congruent,✅,0.7901646223947275
7,58,snow,congruent,✅,0.6598680561772474
7,58,pool,incongruent,✅,0.17924723004828808
7,58,snow,incongruent,✅,0.10464377196783672
7,59,passport,congruent,❌,0.4605146428638506
7,59,plushy,congruent,✅,0.5739151545066273
7,59,passport,incongruent,✅,0.24504515425383858
7,59,plushy,incongruent,✅,0.0984811291643462
7,6,patients,congruent,✅,0.9967246991566817
7,6,students,congruent,✅,0.9742063283224537
7,6,patients,incongruent,✅,0.04258904893125486
7,6,students,incongruent,✅,0.09794851012939809
7,60,sister,congruent,✅,0.8474941677805885
7,60,father,congruent,✅,0.9661866753225146
7,60,sister,incongruent,❌,0.65553151078305
7,60,father,incongruent,❌,0.8219918342783541
7,61,game,congruent,✅,0.603007405752876
7,61,sunset,congruent,✅,0.9539494638387578
7,61,game,incongruent,❌,0.5951955469612789
7,61,sunset,incongruent,✅,0.024614866963339248
7,62,holidays,congruent,✅,0.9622138550924888
7,62,funeral,congruent,✅,0.9519463392496476
7,62,holidays,incongruent,✅,0.24598920458036166
7,62,funeral,incongruent,❌,0.5654275836063568
7,63,grades,congruent,✅,0.7881826718009051
7,63,affair,congruent,✅,0.9055052453924399
7,63,grades,incongruent,✅,0.3967092110587329
7,63,affair,incongruent,✅,0.2829113223279795
7,64,arrest,congruent,✅,0.7047594356984379
7,64,stroke,congruent,❌,0.17109899683921406
7,64,arrest,incongruent,✅,0.09696102624638483
7,64,stroke,incongruent,✅,0.2985004183340606
7,65,pacifier,congruent,❌,0.22712047530191926
7,65,coffee,congruent,✅,0.9464407443612103
7,65,pacifier,incongruent,✅,0.04467849060018629
7,65,coffee,incongruent,✅,0.14575065747440646
7,66,sweets,congruent,✅,0.9536550439687687
7,66,sentencing,congruent,✅,0.8902604313759434
7,66,sweets,incongruent,✅,0.010581030331002326
7,66,sentencing,incongruent,✅,0.036641498579221346
7,67,nap,congruent,✅,0.9605463269963799
7,67,selfie,congruent,✅,0.954826546650489
7,67,nap,incongruent,✅,0.09055710615523314
7,67,selfie,incongruent,✅,0.4477835698503957
7,68,diaper,congruent,✅,0.9846637082056452
7,68,tire,congruent,✅,0.9977056600353396
7,68,diaper,incongruent,✅,0.2443381158811998
7,68,tire,incongruent,✅,0.41062691597786793
7,69,chemotherapy,congruent,✅,0.803645949798724
7,69,golf,congruent,✅,0.9968837023464799
7,69,chemotherapy,incongruent,✅,0.16060247331209834
7,69,golf,incongruent,✅,0.033130924469270316
7,7,consensus,congruent,✅,0.62615144587297
7,7,deadlock,congruent,❌,0.26820803006886274
7,7,consensus,incongruent,✅,0.21832829275581783
7,7,deadlock,incongruent,❌,0.6599021911055025
7,70,thunder,congruent,✅,0.8335627919392274
7,70,lullaby,congruent,❌,0.40865547125119905
7,70,thunder,incongruent,✅,0.1982023138702824
7,70,lullaby,incongruent,✅,0.01800226834581269
7,71,pajamas,congruent,✅,0.7696391963891606
7,71,uniform,congruent,✅,0.9492832165746007
7,71,pajamas,incongruent,✅,0.10062560805467964
7,71,uniform,incongruent,✅,0.1979314708711831
7,72,gown,congruent,✅,0.944780443706314
7,72,sweats,congruent,❌,0.42555318140031784
7,72,gown,incongruent,❌,0.5115852424790185
7,72,sweats,incongruent,✅,0.26629325321875735
7,73,deadline,congruent,❌,0.06809847381357875
7,73,bed,congruent,✅,0.9820746923901041
7,73,deadline,incongruent,✅,0.04686504812440115
7,73,bed,incongruent,✅,0.09050334907803619
7,74,kindergarten,congruent,✅,0.8111883731301435
7,74,jail,congruent,✅,0.6938039175600348
7,74,kindergarten,incongruent,✅,0.2981184842274318
7,74,jail,incongruent,✅,0.2191992423299634
7,75,interrogated,congruent,✅,0.9499988022650582
7,75,tickled,congruent,❌,0.21916390289717833
7,75,interrogated,incongruent,✅,0.3619354707494958
7,75,tickled,incongruent,✅,0.22043161219325108
7,76,sandcastle,congruent,❌,0.25196622014846903
7,76,snowman,congruent,✅,0.9372181216478102
7,76,sandcastle,incongruent,✅,0.49568955333024284
7,76,snowman,incongruent,✅,0.3782681073383588
7,77,music,congruent,✅,0.9948408327313566
7,77,pizza,congruent,✅,0.9988139831379962
7,77,music,incongruent,✅,0.013853128933217709
7,77,pizza,incongruent,✅,0.005255263590559071
7,78,playoffs,congruent,✅,0.7675881682834371
7,78,cartoon,congruent,✅,0.6326649403611881
7,78,playoffs,incongruent,✅,0.25657667984315663
7,78,cartoon,incongruent,✅,0.02013895395703438
7,79,alcoholism,congruent,✅,0.6307057512531986
7,79,academics,congruent,✅,0.9264129091382394
7,79,alcoholism,incongruent,✅,0.10512042886722199
7,79,academics,incongruent,✅,0.3418630294353265
7,8,engagement,congruent,✅,0.7191897990538977
7,8,cancer,congruent,❌,0.3855523457136803
7,8,engagement,incongruent,✅,0.07329226832879172
7,8,cancer,incongruent,✅,0.4439679894648519
7,9,terminal,congruent,✅,0.9020930199677092
7,9,classroom,congruent,✅,0.7488928974783743
7,9,terminal,incongruent,✅,0.08255422262028039
7,9,classroom,incongruent,✅,0.2733802017027733
8,0,library,congruent,❌,0.3994071571761624
8,0,refrigerator,congruent,❌,0.28152646607873494
8,0,library,incongruent,✅,0.43708634556747605
8,0,refrigerator,incongruent,✅,0.0028791847756482534
8,1,disappointment,congruent,❌,0.36830764754596174
8,1,delight,congruent,❌,0.07835578893818693
8,1,disappointment,incongruent,✅,0.026127474952854272
8,1,delight,incongruent,✅,0.39004360711899216
8,10,cash,congruent,❌,0.47673219957820745
8,10,groceries,congruent,✅,0.8408523604408235
8,10,cash,incongruent,✅,0.19670164644512028
8,10,groceries,incongruent,✅,0.05587851731857373
8,11,lonely,congruent,✅,0.5862369496427118
8,11,confident,congruent,✅,0.8460692891254658
8,11,lonely,incongruent,❌,0.5438758703810931
8,11,confident,incongruent,✅,0.10233150187716064
8,12,joy,congruent,✅,0.9099159518800705
8,12,outrage,congruent,✅,0.8858546750966778
8,12,joy,incongruent,✅,0.4874656638369483
8,12,outrage,incongruent,❌,0.6420647104086894
8,13,traffic,congruent,✅,0.987982868425708
8,13,snowstorm,congruent,✅,0.970976178578806
8,13,traffic,incongruent,✅,0.3612518693580469
8,13,snowstorm,incongruent,❌,0.9682059476992724
8,14,laughter,congruent,✅,0.9719700470113002
8,14,frustration,congruent,✅,0.910754093841308
8,14,laughter,incongruent,❌,0.8159319926359584
8,14,frustration,incongruent,❌,0.8518050757596393
8,15,calculator,congruent,✅,0.9222665421282222
8,15,instrument,congruent,✅,0.7432210965016751
8,15,calculator,incongruent,❌,0.7120614361623784
8,15,instrument,incongruent,✅,0.19056308592863003
8,16,orchestra,congruent,✅,0.824546220290173
8,16,racers,congruent,✅,0.6519788701670597
8,16,orchestra,incongruent,✅,0.018287327724949683
8,16,racers,incongruent,✅,0.450906536443705
8,17,retirement,congruent,✅,0.7647050544944223
8,17,playdate,congruent,❌,0.4496870874008599
8,17,retirement,incongruent,✅,0.13872917175451244
8,17,playdate,incongruent,✅,0.04463556767503936
8,18,relieved,congruent,❌,0.15948048844600535
8,18,depressed,congruent,❌,0.1467053445153924
8,18,relieved,incongruent,✅,0.09435745954947547
8,18,depressed,incongruent,✅,0.3005504664525782
8,19,friends,congruent,❌,0.47712615932768937
8,19,weight,congruent,✅,0.8044318406701609
8,19,friends,incongruent,✅,0.4119040232009817
8,19,weight,incongruent,✅,0.1799630811804241
8,2,overcoat,congruent,❌,0.1694781324093996
8,2,sandals,congruent,✅,0.6966304206960633
8,2,overcoat,incongruent,✅,0.45197176662886335
8,2,sandals,incongruent,✅,0.14270739479738703
8,20,lipstick,congruent,✅,0.9660452412355907
8,20,song,congruent,✅,0.7259319902411465
8,20,lipstick,incongruent,✅,0.027001363582935322
8,20,song,incongruent,✅,0.2918033353989878
8,21,fought,congruent,❌,0.2464383508541951
8,21,sang,congruent,✅,0.8990127793935055
8,21,fought,incongruent,✅,0.07069937296453367
8,21,sang,incongruent,✅,0.15634095522077743
8,22,skeptical,congruent,❌,0.031205485651009342
8,22,reassured,congruent,❌,0.06193568349282103
8,22,skeptical,incongruent,✅,0.04392301146998788
8,22,reassured,incongruent,✅,0.06334401224943324
8,23,graduation,congruent,✅,0.9783231228019335
8,23,operation,congruent,✅,0.842818099851012
8,23,graduation,incongruent,✅,0.07249013160851721
8,23,operation,incongruent,✅,0.11524069072219617
8,24,bride,congruent,✅,0.9871277483836082
8,24,aftermath,congruent,✅,0.7438153374763179
8,24,bride,incongruent,✅,0.0376156657939293
8,24,aftermath,incongruent,✅,0.0012038270761981949
8,25,teacher,congruent,❌,0.38949101506399764
8,25,daughter,congruent,✅,0.9450101907953342
8,25,teacher,incongruent,✅,0.17809313849536917
8,25,daughter,incongruent,✅,0.45492717396054394
8,26,roommate,congruent,✅,0.7305112792355046
8,26,grandma,congruent,✅,0.7666721992449621
8,26,roommate,incongruent,✅,0.13086610762133494
8,26,grandma,incongruent,✅,0.3880877788663717
8,27,brother,congruent,✅,0.543468063707446
8,27,mother,congruent,❌,0.438011867482162
8,27,brother,incongruent,✅,0.24252918051637956
8,27,mother,incongruent,✅,0.24501515386047992
8,28,preschool,congruent,✅,0.8859189060180273
8,28,prison,congruent,✅,0.9232753199178663
8,28,preschool,incongruent,✅,0.1149778474745157
8,28,prison,incongruent,✅,0.023172191122044116
8,29,hopeful,congruent,✅,0.5368456564283791
8,29,hopeless,congruent,✅,0.5273973944362268
8,29,hopeful,incongruent,✅,0.1755738384717838
8,29,hopeless,incongruent,❌,0.5442563266754508
8,3,marathon,congruent,✅,0.9119253985155377
8,3,exam,congruent,✅,0.614415690675845
8,3,marathon,incongruent,✅,0.06179552878344748
8,3,exam,incongruent,✅,0.008913248769796569
8,30,appalled,congruent,✅,0.5778873583899147
8,30,overjoyed,congruent,❌,0.3013516551982578
8,30,appalled,incongruent,✅,0.21793976938321627
8,30,overjoyed,incongruent,❌,0.5054143855373353
8,31,reprimand,congruent,❌,0.49620782127540236
8,31,encouragement,congruent,✅,0.7443659250620465
8,31,reprimand,incongruent,✅,0.4420623372961653
8,31,encouragement,incongruent,✅,0.29189443023638234
8,32,angrily,congruent,✅,0.5757616535283147
8,32,cordially,congruent,✅,0.6284514253429669
8,32,angrily,incongruent,✅,0.4572571922271177
8,32,cordially,incongruent,✅,0.14227938434817117
8,33,accusatory,congruent,✅,0.9013958441004165
8,33,flirtatious,congruent,✅,0.5254142948672667
8,33,accusatory,incongruent,✅,0.31727691339444486
8,33,flirtatious,incongruent,✅,0.41208020453503535
8,34,disapprovingly,congruent,❌,0.17795931450449964
8,34,lovingly,congruent,✅,0.7126007339896998
8,34,disapprovingly,incongruent,❌,0.6502042415022791
8,34,lovingly,incongruent,✅,0.10124921133981038
8,35,playful,congruent,✅,0.642676234047169
8,35,distant,congruent,✅,0.6800536555684982
8,35,playful,incongruent,❌,0.7385515419154559
8,35,distant,incongruent,✅,0.3728915495266262
8,36,headphones,congruent,✅,0.6589638402412736
8,36,mangoes,congruent,✅,0.7960598458461081
8,36,headphones,incongruent,✅,0.03536155275285456
8,36,mangoes,incongruent,✅,0.013055863542778639
8,37,playroom,congruent,✅,0.9651921753563321
8,37,park,congruent,✅,0.9848219468040306
8,37,playroom,incongruent,❌,0.8812700949886547
8,37,park,incongruent,❌,0.9661697168429668
8,38,bedroom,congruent,✅,0.9867391165569123
8,38,backyard,congruent,✅,0.8890631524250879
8,38,bedroom,incongruent,✅,0.47183144157379986
8,38,backyard,incongruent,✅,0.4086441289405924
8,39,solemnly,congruent,✅,0.5276946395409959
8,39,excitedly,congruent,✅,0.8797630768521834
8,39,solemnly,incongruent,❌,0.8435233485778543
8,39,excitedly,incongruent,✅,0.3038679499322001
8,4,menu,congruent,✅,0.9808370750864728
8,4,prescription,congruent,✅,0.9803212303199178
8,4,menu,incongruent,✅,0.4101940067194593
8,4,prescription,incongruent,❌,0.7988447774223502
8,40,car,congruent,✅,0.702758634894893
8,40,sock,congruent,❌,0.08232469237063798
8,40,car,incongruent,✅,0.018640247557939284
8,40,sock,incongruent,✅,0.021042066388353497
8,41,overdressed,congruent,✅,0.9693481089587231
8,41,naked,congruent,✅,0.8882756974893409
8,41,overdressed,incongruent,❌,0.7710039462603007
8,41,naked,incongruent,❌,0.9604106537668556
8,42,shy,congruent,✅,0.6660308189064709
8,42,lively,congruent,✅,0.7732845145360807
8,42,shy,incongruent,❌,0.6070881945544259
8,42,lively,incongruent,✅,0.34290617689960806
8,43,offended,congruent,❌,0.452580662725365
8,43,flattered,congruent,✅,0.5995920560327199
8,43,offended,incongruent,❌,0.5273513516433885
8,43,flattered,incongruent,✅,0.23351227047128512
8,44,grandkid,congruent,✅,0.9138452392868373
8,44,cellmate,congruent,❌,0.37519878075364577
8,44,grandkid,incongruent,✅,0.1308926718547947
8,44,cellmate,incongruent,✅,0.1844839755493741
8,45,promoted,congruent,❌,0.3504106291208274
8,45,fired,congruent,❌,0.05630656834951932
8,45,promoted,incongruent,✅,0.21933374581665777
8,45,fired,incongruent,✅,0.16727339630936622
8,46,shooting,congruent,✅,0.6789140366850481
8,46,celebration,congruent,✅,0.5428568706345294
8,46,shooting,incongruent,✅,0.020853489837335683
8,46,celebration,incongruent,✅,0.17224198243371722
8,47,crayon,congruent,❌,0.48263908902215735
8,47,beer,congruent,✅,0.9644341161154518
8,47,crayon,incongruent,✅,0.01893837426180563
8,47,beer,incongruent,✅,0.014906125251586005
8,48,waiter,congruent,❌,0.4542518267612875
8,48,taxi,congruent,✅,0.5194945899546872
8,48,waiter,incongruent,✅,0.06967539660950685
8,48,taxi,incongruent,✅,0.0750473111423755
8,49,parents,congruent,✅,0.7001102570998051
8,49,keys,congruent,✅,0.6674308360283572
8,49,parents,incongruent,✅,0.43968014482651063
8,49,keys,incongruent,✅,0.16193770500271942
8,5,distress,congruent,✅,0.9477629053320074
8,5,tranquility,congruent,❌,0.21862619635540773
8,5,distress,incongruent,✅,0.13060377354465594
8,5,tranquility,incongruent,❌,0.773007789555018
8,50,sofa,congruent,✅,0.9954420776863808
8,50,sky,congruent,✅,0.8553694546953902
8,50,sofa,incongruent,✅,0.12966289180714627
8,50,sky,incongruent,✅,0.19960301738970887
8,51,obesity,congruent,❌,0.4743264512161571
8,51,homework,congruent,✅,0.9890353095849728
8,51,obesity,incongruent,✅,0.12609786738664336
8,51,homework,incongruent,✅,0.09639892904048564
8,52,quiz,congruent,✅,0.9346376759217757
8,52,commute,congruent,✅,0.9849275870583275
8,52,quiz,incongruent,✅,0.23127845150751408
8,52,commute,incongruent,✅,0.3059419295367476
8,53,migraine,congruent,✅,0.9649298161489446
8,53,excitement,congruent,❌,0.28480192079941347
8,53,migraine,incongruent,✅,0.07303487419286596
8,53,excitement,incongruent,❌,0.6076007202368846
8,54,niece,congruent,✅,0.8806609616445983
8,54,husband,congruent,❌,0.3730523545139371
8,54,niece,incongruent,❌,0.752334523647565
8,54,husband,incongruent,✅,0.10925403083779335
8,55,film,congruent,❌,0.21085104359958548
8,55,sunrise,congruent,✅,0.964389910317544
8,55,film,incongruent,✅,0.07332258991603371
8,55,sunrise,incongruent,✅,0.08673086795869868
8,56,lecture,congruent,✅,0.9344623509903595
8,56,banquet,congruent,✅,0.9618969123938209
8,56,lecture,incongruent,✅,0.06115295822107843
8,56,banquet,incongruent,✅,0.05227775591880833
8,57,drink,congruent,✅,0.9858000502158388
8,57,textbook,congruent,✅,0.9688861232800914
8,57,drink,incongruent,✅,0.02307244557881827
8,57,textbook,incongruent,✅,0.10904974252025817
8,58,pool,congruent,✅,0.9760020880943658
8,58,snow,congruent,✅,0.7613606320657988
8,58,pool,incongruent,✅,0.3858721497152799
8,58,snow,incongruent,✅,0.12544222258913898
8,59,passport,congruent,❌,0.4416457890677244
8,59,plushy,congruent,✅,0.8189225836194706
8,59,passport,incongruent,✅,0.27970992717852367
8,59,plushy,incongruent,✅,0.05556402073752544
8,6,patients,congruent,✅,0.9911393334064175
8,6,students,congruent,✅,0.966533425237405
8,6,patients,incongruent,✅,0.023009862651457397
8,6,students,incongruent,✅,0.008785291094320786
8,60,sister,congruent,✅,0.729219778182186
8,60,father,congruent,✅,0.8921258749570283
8,60,sister,incongruent,✅,0.4475804362317907
8,60,father,incongruent,❌,0.6209356611376313
8,61,game,congruent,✅,0.8720629488300473
8,61,sunset,congruent,✅,0.9594320117537253
8,61,game,incongruent,✅,0.260621941480391
8,61,sunset,incongruent,✅,0.024572841948853907
8,62,holidays,congruent,✅,0.9012090694993459
8,62,funeral,congruent,✅,0.9596015930467379
8,62,holidays,incongruent,✅,0.17408133481791957
8,62,funeral,incongruent,❌,0.5013952070980207
8,63,grades,congruent,✅,0.7826643648465293
8,63,affair,congruent,✅,0.9088581250878757
8,63,grades,incongruent,❌,0.6198346209513846
8,63,affair,incongruent,✅,0.3628832251489557
8,64,arrest,congruent,✅,0.8716797643282352
8,64,stroke,congruent,❌,0.14181195964539375
8,64,arrest,incongruent,✅,0.07237115810326467
8,64,stroke,incongruent,✅,0.36249238075179324
8,65,pacifier,congruent,❌,0.25516365878060643
8,65,coffee,congruent,✅,0.9646671613082285
8,65,pacifier,incongruent,✅,0.07354129624618648
8,65,coffee,incongruent,✅,0.0986654154549794
8,66,sweets,congruent,✅,0.9712765255537655
8,66,sentencing,congruent,✅,0.9475108511692454
8,66,sweets,incongruent,✅,0.026574469611242334
8,66,sentencing,incongruent,✅,0.029514419946709246
8,67,nap,congruent,✅,0.9349713765274158
8,67,selfie,congruent,✅,0.9699789555479087
8,67,nap,incongruent,✅,0.24944041893060456
8,67,selfie,incongruent,✅,0.2989597695917263
8,68,diaper,congruent,✅,0.9816352952189676
8,68,tire,congruent,✅,0.9953591792906764
8,68,diaper,incongruent,✅,0.127529355442577
8,68,tire,incongruent,✅,0.2659015368866566
8,69,chemotherapy,congruent,✅,0.8704293035180927
8,69,golf,congruent,✅,0.99803676975801
8,69,chemotherapy,incongruent,✅,0.19465658329885835
8,69,golf,incongruent,✅,0.07782310592309954
8,7,consensus,congruent,✅,0.7073946363502943
8,7,deadlock,congruent,❌,0.17129450930978848
8,7,consensus,incongruent,✅,0.15344906377936543
8,7,deadlock,incongruent,❌,0.6688399945614554
8,70,thunder,congruent,✅,0.8428282329323608
8,70,lullaby,congruent,✅,0.7648220242543285
8,70,thunder,incongruent,✅,0.31180392590781897
8,70,lullaby,incongruent,✅,0.007216240623293781
8,71,pajamas,congruent,✅,0.8980354566129912
8,71,uniform,congruent,✅,0.965470173468474
8,71,pajamas,incongruent,✅,0.09560337044754856
8,71,uniform,incongruent,✅,0.3724581769276519
8,72,gown,congruent,✅,0.9706552184638633
8,72,sweats,congruent,✅,0.6678481461428184
8,72,gown,incongruent,❌,0.5976165919232475
8,72,sweats,incongruent,✅,0.4997084495889575
8,73,deadline,congruent,❌,0.20583196116412614
8,73,bed,congruent,✅,0.9708704284877223
8,73,deadline,incongruent,✅,0.0558648760242067
8,73,bed,incongruent,✅,0.06167678734870416
8,74,kindergarten,congruent,✅,0.7805686217685317
8,74,jail,congruent,✅,0.6232286966809593
8,74,kindergarten,incongruent,✅,0.30437038076055206
8,74,jail,incongruent,✅,0.19750727351754155
8,75,interrogated,congruent,✅,0.9195661509099233
8,75,tickled,congruent,❌,0.30606616746144927
8,75,interrogated,incongruent,✅,0.47874628994043433
8,75,tickled,incongruent,✅,0.07661071231778582
8,76,sandcastle,congruent,❌,0.3768273575060975
8,76,snowman,congruent,✅,0.9317847870995345
8,76,sandcastle,incongruent,✅,0.4611201213999077
8,76,snowman,incongruent,❌,0.6046563566878672
8,77,music,congruent,✅,0.995391186651049
8,77,pizza,congruent,✅,0.9926475885228551
8,77,music,incongruent,✅,0.006851403879005656
8,77,pizza,incongruent,✅,0.008567270971047852
8,78,playoffs,congruent,✅,0.813998760892417
8,78,cartoon,congruent,✅,0.8430678657673104
8,78,playoffs,incongruent,✅,0.2203124604833331
8,78,cartoon,incongruent,✅,0.006133048419494145
8,79,alcoholism,congruent,❌,0.42772824896905287
8,79,academics,congruent,✅,0.9299848793179589
8,79,alcoholism,incongruent,✅,0.01953551836697931
8,79,academics,incongruent,✅,0.45157122645510345
8,8,engagement,congruent,✅,0.7079747611912377
8,8,cancer,congruent,❌,0.3193852829712619
8,8,engagement,incongruent,✅,0.04343697763186387
8,8,cancer,incongruent,✅,0.3639554135603417
8,9,terminal,congruent,✅,0.9246501418223197
8,9,classroom,congruent,❌,0.4116002783922392
8,9,terminal,incongruent,✅,0.012535356127121443
8,9,classroom,incongruent,✅,0.1690274347391483
9,0,library,congruent,❌,0.288920769072889
9,0,refrigerator,congruent,❌,0.2600905569988724
9,0,library,incongruent,✅,0.2066267604117702
9,0,refrigerator,incongruent,✅,0.009678610687988611
9,1,disappointment,congruent,❌,0.48872598632440206
9,1,delight,congruent,❌,0.04550213172238999
9,1,disappointment,incongruent,✅,0.015070636680559052
9,1,delight,incongruent,❌,0.5291580703893544
9,10,cash,congruent,❌,0.404366471473609
9,10,groceries,congruent,✅,0.8108544885404929
9,10,cash,incongruent,✅,0.2666161814910889
9,10,groceries,incongruent,✅,0.044540582642864236
9,11,lonely,congruent,❌,0.4685118208860498
9,11,confident,congruent,✅,0.8220970922651907
9,11,lonely,incongruent,❌,0.5679600826510354
9,11,confident,incongruent,✅,0.10871063800225303
9,12,joy,congruent,✅,0.9653102742056967
9,12,outrage,congruent,✅,0.9083124919340206
9,12,joy,incongruent,❌,0.6897439294210338
9,12,outrage,incongruent,❌,0.829981678014252
9,13,traffic,congruent,✅,0.9732930072854602
9,13,snowstorm,congruent,✅,0.9927790117743002
9,13,traffic,incongruent,❌,0.8396947127622998
9,13,snowstorm,incongruent,❌,0.9405159261611657
9,14,laughter,congruent,✅,0.9731648582448292
9,14,frustration,congruent,✅,0.8858660900996695
9,14,laughter,incongruent,❌,0.7812987752850884
9,14,frustration,incongruent,❌,0.9161828561627585
9,15,calculator,congruent,✅,0.8421359882318304
9,15,instrument,congruent,✅,0.6237434516296352
9,15,calculator,incongruent,❌,0.542331406418861
9,15,instrument,incongruent,✅,0.09901305559285307
9,16,orchestra,congruent,✅,0.6615262530140692
9,16,racers,congruent,✅,0.6904698840904065
9,16,orchestra,incongruent,✅,0.05723312392725891
9,16,racers,incongruent,✅,0.32649744439563105
9,17,retirement,congruent,✅,0.5503765813046054
9,17,playdate,congruent,❌,0.4976220539238369
9,17,retirement,incongruent,✅,0.10805786153666085
9,17,playdate,incongruent,✅,0.05372753854086733
9,18,relieved,congruent,❌,0.40737757422470466
9,18,depressed,congruent,❌,0.1841652749348069
9,18,relieved,incongruent,✅,0.17851391917444964
9,18,depressed,incongruent,❌,0.5158210287646985
9,19,friends,congruent,❌,0.2815215969880743
9,19,weight,congruent,✅,0.7614020561940555
9,19,friends,incongruent,✅,0.45363782494494886
9,19,weight,incongruent,✅,0.12405741906728074
9,2,overcoat,congruent,❌,0.0720763504589663
9,2,sandals,congruent,✅,0.6116129776838424
9,2,overcoat,incongruent,✅,0.3289695997059648
9,2,sandals,incongruent,✅,0.0631308392256023
9,20,lipstick,congruent,✅,0.9707193785265767
9,20,song,congruent,❌,0.4701192744410124
9,20,lipstick,incongruent,✅,0.022215356779416308
9,20,song,incongruent,✅,0.35593764334762823
9,21,fought,congruent,❌,0.21186200072458655
9,21,sang,congruent,✅,0.8399431543894342
9,21,fought,incongruent,✅,0.1225357294818228
9,21,sang,incongruent,✅,0.1483527449653456
9,22,skeptical,congruent,❌,0.11070317521890055
9,22,reassured,congruent,❌,0.1511462133589055
9,22,skeptical,incongruent,✅,0.10733659296816468
9,22,reassured,incongruent,✅,0.20869656359109448
9,23,graduation,congruent,✅,0.9870433317044551
9,23,operation,congruent,✅,0.8240778416656208
9,23,graduation,incongruent,✅,0.10034758277663905
9,23,operation,incongruent,✅,0.26448144661739575
9,24,bride,congruent,✅,0.9899964175600627
9,24,aftermath,congruent,✅,0.7121030609728474
9,24,bride,incongruent,✅,0.09202736714650937
9,24,aftermath,incongruent,✅,0.006937542846119432
9,25,teacher,congruent,❌,0.36456273774966
9,25,daughter,congruent,✅,0.9149747217229518
9,25,teacher,incongruent,✅,0.2378422482360073
9,25,daughter,incongruent,✅,0.42093100138419004
9,26,roommate,congruent,✅,0.7196487598332475
9,26,grandma,congruent,✅,0.5436572646887281
9,26,roommate,incongruent,✅,0.05360245731519007
9,26,grandma,incongruent,✅,0.4284447663991202
9,27,brother,congruent,❌,0.4095667661165643
9,27,mother,congruent,❌,0.3160427642474401
9,27,brother,incongruent,✅,0.16688637989777416
9,27,mother,incongruent,✅,0.1921880447922758
9,28,preschool,congruent,✅,0.7451508388102188
9,28,prison,congruent,✅,0.8243871878453483
9,28,preschool,incongruent,✅,0.11649074337554917
9,28,prison,incongruent,✅,0.015130990926312498
9,29,hopeful,congruent,❌,0.43786472610214777
9,29,hopeless,congruent,❌,0.2934327936979745
9,29,hopeful,incongruent,✅,0.07504466159178523
9,29,hopeless,incongruent,✅,0.44785208793229025
9,3,marathon,congruent,✅,0.8691227093540084
9,3,exam,congruent,✅,0.6248457423511573
9,3,marathon,incongruent,✅,0.053978738065670606
9,3,exam,incongruent,✅,0.02189785430993379
9,30,appalled,congruent,❌,0.34581049757564997
9,30,overjoyed,congruent,❌,0.2810164601076051
9,30,appalled,incongruent,✅,0.21724560938695855
9,30,overjoyed,incongruent,✅,0.24668237511448707
9,31,reprimand,congruent,✅,0.571404880944202
9,31,encouragement,congruent,✅,0.8834730793475332
9,31,reprimand,incongruent,❌,0.7666558954546385
9,31,encouragement,incongruent,✅,0.31238463686681883
9,32,angrily,congruent,❌,0.49055535002442535
9,32,cordially,congruent,✅,0.5692091141499451
9,32,angrily,incongruent,✅,0.3404436460881321
9,32,cordially,incongruent,✅,0.15756140395240065
9,33,accusatory,congruent,✅,0.8122390375529639
9,33,flirtatious,congruent,✅,0.5095876389994234
9,33,accusatory,incongruent,✅,0.30923797594080404
9,33,flirtatious,incongruent,✅,0.3318726707165837
9,34,disapprovingly,congruent,❌,0.28714301818301896
9,34,lovingly,congruent,✅,0.710737167953568
9,34,disapprovingly,incongruent,❌,0.593963472993214
9,34,lovingly,incongruent,✅,0.19566631223590097
9,35,playful,congruent,✅,0.7788520190402387
9,35,distant,congruent,✅,0.7613127089312038
9,35,playful,incongruent,❌,0.8285517297631741
9,35,distant,incongruent,❌,0.5082669129511066
9,36,headphones,congruent,✅,0.6722140105762235
9,36,mangoes,congruent,✅,0.8743899847369327
9,36,headphones,incongruent,✅,0.05740011364182512
9,36,mangoes,incongruent,✅,0.04543091045526384
9,37,playroom,congruent,✅,0.9446966462161841
9,37,park,congruent,✅,0.9578478835723238
9,37,playroom,incongruent,❌,0.8051261544810696
9,37,park,incongruent,❌,0.9441840045368073
9,38,bedroom,congruent,✅,0.9910322972229837
9,38,backyard,congruent,✅,0.7537566556074347
9,38,bedroom,incongruent,✅,0.3185688174837591
9,38,backyard,incongruent,❌,0.6112365433774937
9,39,solemnly,congruent,✅,0.5232567973975223
9,39,excitedly,congruent,✅,0.753685430421117
9,39,solemnly,incongruent,❌,0.7140292213651753
9,39,excitedly,incongruent,✅,0.3247914816837818
9,4,menu,congruent,✅,0.978976864448053
9,4,prescription,congruent,✅,0.9034283060780093
9,4,menu,incongruent,✅,0.21988641933250522
9,4,prescription,incongruent,❌,0.8201857266826744
9,40,car,congruent,✅,0.7367013444391431
9,40,sock,congruent,❌,0.06090361233152662
9,40,car,incongruent,✅,0.01386492097962098
9,40,sock,incongruent,✅,0.0555142311689055
9,41,overdressed,congruent,✅,0.9618861047833764
9,41,naked,congruent,✅,0.8397697772849513
9,41,overdressed,incongruent,❌,0.7312128177613364
9,41,naked,incongruent,❌,0.9545391407180838
9,42,shy,congruent,✅,0.9091842776944198
9,42,lively,congruent,✅,0.8939248888270961
9,42,shy,incongruent,❌,0.8041070673958965
9,42,lively,incongruent,❌,0.8183864015431196
9,43,offended,congruent,✅,0.5318955155037776
9,43,flattered,congruent,✅,0.5009313558926481
9,43,offended,incongruent,✅,0.4307277131025916
9,43,flattered,incongruent,✅,0.30941978527419517
9,44,grandkid,congruent,✅,0.9221486913962367
9,44,cellmate,congruent,❌,0.35550392815857124
9,44,grandkid,incongruent,✅,0.10526805412819809
9,44,cellmate,incongruent,✅,0.2990496092220462
9,45,promoted,congruent,❌,0.32174295923271257
9,45,fired,congruent,❌,0.08963447164114728
9,45,promoted,incongruent,✅,0.19632469328376279
9,45,fired,incongruent,✅,0.2285154462505225
9,46,shooting,congruent,✅,0.8097667198303777
9,46,celebration,congruent,✅,0.5743460557311296
9,46,shooting,incongruent,✅,0.046491841641584965
9,46,celebration,incongruent,✅,0.4729266885510314
9,47,crayon,congruent,❌,0.23565642690415192
9,47,beer,congruent,✅,0.9481674483567517
9,47,crayon,incongruent,✅,0.018076948765600735
9,47,beer,incongruent,✅,0.00709225118405067
9,48,waiter,congruent,✅,0.6226126872853517
9,48,taxi,congruent,❌,0.4516994463491185
9,48,waiter,incongruent,✅,0.07765024955740597
9,48,taxi,incongruent,✅,0.14595998104027424
9,49,parents,congruent,✅,0.7464169598748324
9,49,keys,congruent,❌,0.4763545921136345
9,49,parents,incongruent,✅,0.23316060833578856
9,49,keys,incongruent,✅,0.256783911119026
9,5,distress,congruent,✅,0.9364671306372587
9,5,tranquility,congruent,❌,0.14780807809356988
9,5,distress,incongruent,✅,0.11717298594041956
9,5,tranquility,incongruent,❌,0.6461068973338446
9,50,sofa,congruent,✅,0.9919872215618163
9,50,sky,congruent,✅,0.8622095321876392
9,50,sofa,incongruent,✅,0.21714070963736828
9,50,sky,incongruent,✅,0.31593003597986136
9,51,obesity,congruent,✅,0.5171347694172039
9,51,homework,congruent,✅,0.9833667774270892
9,51,obesity,incongruent,✅,0.2229674645853556
9,51,homework,incongruent,✅,0.12788327642413558
9,52,quiz,congruent,✅,0.912199878280535
9,52,commute,congruent,✅,0.974498858735401
9,52,quiz,incongruent,✅,0.23751041039523718
9,52,commute,incongruent,✅,0.22672503757945245
9,53,migraine,congruent,✅,0.9281027119535789
9,53,excitement,congruent,❌,0.34734861920579907
9,53,migraine,incongruent,✅,0.10198040244676819
9,53,excitement,incongruent,❌,0.5413690348689679
9,54,niece,congruent,✅,0.7139135220547543
9,54,husband,congruent,❌,0.37603350120309925
9,54,niece,incongruent,❌,0.6605066860390483
9,54,husband,incongruent,✅,0.09888066815630722
9,55,film,congruent,❌,0.33400221996750046
9,55,sunrise,congruent,✅,0.8332430137763909
9,55,film,incongruent,✅,0.043906562976887546
9,55,sunrise,incongruent,✅,0.16565547151231613
9,56,lecture,congruent,✅,0.8940505272830108
9,56,banquet,congruent,✅,0.9773982271358528
9,56,lecture,incongruent,✅,0.11679938504434641
9,56,banquet,incongruent,✅,0.04259099567914727
9,57,drink,congruent,✅,0.9803096729375768
9,57,textbook,congruent,✅,0.964175698838067
9,57,drink,incongruent,✅,0.039466542460285796
9,57,textbook,incongruent,✅,0.1471768937154406
9,58,pool,congruent,✅,0.9127891074082455
9,58,snow,congruent,✅,0.6854346541719858
9,58,pool,incongruent,✅,0.3683898144698278
9,58,snow,incongruent,✅,0.10284747191539965
9,59,passport,congruent,✅,0.5369542845258785
9,59,plushy,congruent,✅,0.9587189099476721
9,59,passport,incongruent,✅,0.44264464906546624
9,59,plushy,incongruent,✅,0.08498310918262961
9,6,patients,congruent,✅,0.9788410921700013
9,6,students,congruent,✅,0.9561017076330787
9,6,patients,incongruent,✅,0.07761851306749132
9,6,students,incongruent,✅,0.014135507802477526
9,60,sister,congruent,✅,0.8225025885058261
9,60,father,congruent,✅,0.9284910644145739
9,60,sister,incongruent,❌,0.6652151243652478
9,60,father,incongruent,❌,0.7679286920627164
9,61,game,congruent,✅,0.818419176089913
9,61,sunset,congruent,✅,0.7210865210713163
9,61,game,incongruent,✅,0.07789910294700143
9,61,sunset,incongruent,✅,0.025209545560148917
9,62,holidays,congruent,✅,0.7567006925928862
9,62,funeral,congruent,✅,0.9193403075298356
9,62,holidays,incongruent,✅,0.16556596876302962
9,62,funeral,incongruent,✅,0.3951225772705224
9,63,grades,congruent,✅,0.7264626254380557
9,63,affair,congruent,✅,0.8618496232541817
9,63,grades,incongruent,❌,0.624224961717559
9,63,affair,incongruent,✅,0.3107236778322284
9,64,arrest,congruent,✅,0.8500267887574778
9,64,stroke,congruent,❌,0.1101930765348736
9,64,arrest,incongruent,✅,0.06468644058485708
9,64,stroke,incongruent,✅,0.3914338502729522
9,65,pacifier,congruent,✅,0.5458491368276621
9,65,coffee,congruent,✅,0.9035646533862148
9,65,pacifier,incongruent,✅,0.057184082955022274
9,65,coffee,incongruent,✅,0.1454668533427168
9,66,sweets,congruent,✅,0.9510216220235835
9,66,sentencing,congruent,✅,0.9301791288438875
9,66,sweets,incongruent,✅,0.012507968480665432
9,66,sentencing,incongruent,✅,0.020677742976328704
9,67,nap,congruent,✅,0.9605955252773146
9,67,selfie,congruent,✅,0.8769523838053207
9,67,nap,incongruent,✅,0.09875945163361
9,67,selfie,incongruent,✅,0.25218676253779637
9,68,diaper,congruent,✅,0.9909418945617643
9,68,tire,congruent,✅,0.9757788742855453
9,68,diaper,incongruent,✅,0.05832875692364875
9,68,tire,incongruent,✅,0.3670176133970567
9,69,chemotherapy,congruent,✅,0.88203333283406
9,69,golf,congruent,✅,0.9949100003027916
9,69,chemotherapy,incongruent,✅,0.2555275809614207
9,69,golf,incongruent,✅,0.1360021254559382
9,7,consensus,congruent,✅,0.8542542565301638
9,7,deadlock,congruent,❌,0.2930206225914015
9,7,consensus,incongruent,✅,0.2454178041765129
9,7,deadlock,incongruent,❌,0.8275780892112122
9,70,thunder,congruent,✅,0.9357746927366564
9,70,lullaby,congruent,✅,0.9593863631859755
9,70,thunder,incongruent,❌,0.531963598183486
9,70,lullaby,incongruent,✅,0.04255296691039305
9,71,pajamas,congruent,✅,0.8389454450791479
9,71,uniform,congruent,✅,0.8789231910621921
9,71,pajamas,incongruent,✅,0.06231870461022616
9,71,uniform,incongruent,✅,0.17687093603100493
9,72,gown,congruent,✅,0.9850991145174475
9,72,sweats,congruent,✅,0.881577764765828
9,72,gown,incongruent,❌,0.8522395246874903
9,72,sweats,incongruent,❌,0.614187558474611
9,73,deadline,congruent,❌,0.368461640228561
9,73,bed,congruent,✅,0.9671101895603299
9,73,deadline,incongruent,✅,0.05417028022838312
9,73,bed,incongruent,✅,0.12189764371105229
9,74,kindergarten,congruent,✅,0.7789506849019067
9,74,jail,congruent,✅,0.7048309807284324
9,74,kindergarten,incongruent,✅,0.2897092200572593
9,74,jail,incongruent,✅,0.3088127189564412
9,75,interrogated,congruent,✅,0.9253499375386416
9,75,tickled,congruent,❌,0.19273645352374463
9,75,interrogated,incongruent,✅,0.2043675477599896
9,75,tickled,incongruent,✅,0.1973723643028835
9,76,sandcastle,congruent,❌,0.21103063572884925
9,76,snowman,congruent,✅,0.8819104537104516
9,76,sandcastle,incongruent,✅,0.336469060897726
9,76,snowman,incongruent,✅,0.42043296427809634
9,77,music,congruent,✅,0.9945773604278975
9,77,pizza,congruent,✅,0.9874589593682677
9,77,music,incongruent,✅,0.012559925705180486
9,77,pizza,incongruent,✅,0.0350105757713008
9,78,playoffs,congruent,✅,0.8803944957924628
9,78,cartoon,congruent,✅,0.901886257940188
9,78,playoffs,incongruent,✅,0.3358169575123235
9,78,cartoon,incongruent,✅,0.012736675179545496
9,79,alcoholism,congruent,❌,0.40004188225071186
9,79,academics,congruent,✅,0.8090060289751787
9,79,alcoholism,incongruent,✅,0.029600749762779894
9,79,academics,incongruent,✅,0.35058019914341765
9,8,engagement,congruent,✅,0.8083885485026269
9,8,cancer,congruent,❌,0.3038153309319685
9,8,engagement,incongruent,✅,0.053819005378984056
9,8,cancer,incongruent,✅,0.49481595965691566
9,9,terminal,congruent,✅,0.9471238164515214
9,9,classroom,congruent,❌,0.49742314669234033
9,9,terminal,incongruent,✅,0.025601509503496846
9,9,classroom,incongruent,✅,0.21607487515405838
10,0,library,congruent,✅,0.9328695188151989
10,0,refrigerator,congruent,❌,0.20355959410263408
10,0,library,incongruent,✅,0.012313203176488336
10,0,refrigerator,incongruent,✅,0.023100902523491753
10,1,disappointment,congruent,❌,0.4222258651124406
10,1,delight,congruent,❌,0.23553396101775947
10,1,disappointment,incongruent,✅,0.017936612991163576
10,1,delight,incongruent,❌,0.6946761576411198
10,10,cash,congruent,✅,0.9476246631951732
10,10,groceries,congruent,✅,0.947506223375262
10,10,cash,incongruent,✅,0.29501538717702885
10,10,groceries,incongruent,✅,0.1165772790262931
10,11,lonely,congruent,❌,0.34625620172523724
10,11,confident,congruent,✅,0.9548875817351062
10,11,lonely,incongruent,✅,0.4132668522323628
10,11,confident,incongruent,✅,0.029632491228976623
10,12,joy,congruent,✅,0.9795343694063329
10,12,outrage,congruent,✅,0.7942388778152064
10,12,joy,incongruent,✅,0.18875905784972563
10,12,outrage,incongruent,❌,0.7923136237777124
10,13,traffic,congruent,✅,0.985427178538026
10,13,snowstorm,congruent,✅,0.9884655256565318
10,13,traffic,incongruent,❌,0.6744312469062925
10,13,snowstorm,incongruent,❌,0.9501534539690818
10,14,laughter,congruent,✅,0.9817324657959213
10,14,frustration,congruent,✅,0.9230214889222706
10,14,laughter,incongruent,❌,0.5458336258337695
10,14,frustration,incongruent,❌,0.8096941410968834
10,15,calculator,congruent,✅,0.9489772289841376
10,15,instrument,congruent,✅,0.9471830164782994
10,15,calculator,incongruent,✅,0.2741466620013213
10,15,instrument,incongruent,✅,0.4398083161998524
10,16,orchestra,congruent,✅,0.9518366562357293
10,16,racers,congruent,✅,0.9353542583676522
10,16,orchestra,incongruent,✅,0.013558463368620762
10,16,racers,incongruent,✅,0.09936697650878375
10,17,retirement,congruent,✅,0.953516892237683
10,17,playdate,congruent,✅,0.8025785900419967
10,17,retirement,incongruent,✅,0.029931100276698586
10,17,playdate,incongruent,✅,0.015720594898441444
10,18,relieved,congruent,❌,0.40319537116705234
10,18,depressed,congruent,❌,0.14981139610697516
10,18,relieved,incongruent,✅,0.07431537039767071
10,18,depressed,incongruent,❌,0.5437967484528121
10,19,friends,congruent,❌,0.3797913474062505
10,19,weight,congruent,✅,0.7334820448112673
10,19,friends,incongruent,✅,0.4143086955855582
10,19,weight,incongruent,✅,0.2789006003095229
10,2,overcoat,congruent,❌,0.44926586814052444
10,2,sandals,congruent,❌,0.44822378923910294
10,2,overcoat,incongruent,❌,0.5655760384353735
10,2,sandals,incongruent,✅,0.020398454198365456
10,20,lipstick,congruent,✅,0.958402067608392
10,20,song,congruent,✅,0.8356644225516058
10,20,lipstick,incongruent,✅,0.007080425902326416
10,20,song,incongruent,✅,0.12233866783234038
10,21,fought,congruent,❌,0.12119312365500703
10,21,sang,congruent,✅,0.9139508645009216
10,21,fought,incongruent,✅,0.18037817562466296
10,21,sang,incongruent,✅,0.06964407950363831
10,22,skeptical,congruent,❌,0.10859416550979183
10,22,reassured,congruent,❌,0.2112874458964541
10,22,skeptical,incongruent,✅,0.1250601419841659
10,22,reassured,incongruent,✅,0.0805818499345752
10,23,graduation,congruent,✅,0.9989911121405778
10,23,operation,congruent,✅,0.9574559094681256
10,23,graduation,incongruent,✅,0.06349931785229497
10,23,operation,incongruent,✅,0.17594017462723088
10,24,bride,congruent,✅,0.9959717261311588
10,24,aftermath,congruent,✅,0.9518681706891575
10,24,bride,incongruent,✅,0.09658616710006003
10,24,aftermath,incongruent,✅,0.0008513113497697946
10,25,teacher,congruent,✅,0.8952054708704066
10,25,daughter,congruent,✅,0.9616833870054202
10,25,teacher,incongruent,✅,0.43339412343618045
10,25,daughter,incongruent,❌,0.7649358340512968
10,26,roommate,congruent,❌,0.4015394970394428
10,26,grandma,congruent,✅,0.9596901363674692
10,26,roommate,incongruent,✅,0.06600301357256053
10,26,grandma,incongruent,✅,0.06789712677087996
10,27,brother,congruent,❌,0.46488915944891335
10,27,mother,congruent,❌,0.4290418967037992
10,27,brother,incongruent,✅,0.25344038763045335
10,27,mother,incongruent,✅,0.2129204905493783
10,28,preschool,congruent,✅,0.8754319398365064
10,28,prison,congruent,✅,0.8357923830098667
10,28,preschool,incongruent,✅,0.00917111187120241
10,28,prison,incongruent,✅,0.002288281572906564
10,29,hopeful,congruent,❌,0.37504956070111717
10,29,hopeless,congruent,✅,0.8401549390620394
10,29,hopeful,incongruent,✅,0.14958291732472545
10,29,hopeless,incongruent,✅,0.36388914016093904
10,3,marathon,congruent,✅,0.9084851106534227
10,3,exam,congruent,❌,0.4599872366467376
10,3,marathon,incongruent,✅,0.014260819799929964
10,3,exam,incongruent,✅,0.017417176789492582
10,30,appalled,congruent,❌,0.34341165716313454
10,30,overjoyed,congruent,❌,0.4872319567328606
10,30,appalled,incongruent,✅,0.2728197266597494
10,30,overjoyed,incongruent,✅,0.22199346395303832
10,31,reprimand,congruent,✅,0.88283180437397
10,31,encouragement,congruent,✅,0.5096008729509719
10,31,reprimand,incongruent,✅,0.38905774213373173
10,31,encouragement,incongruent,✅,0.24722849678199263
10,32,angrily,congruent,✅,0.8040692722948768
10,32,cordially,congruent,✅,0.9032245311700788
10,32,angrily,incongruent,✅,0.47597270395882474
10,32,cordially,incongruent,✅,0.23903431298051264
10,33,accusatory,congruent,✅,0.9037968970143437
10,33,flirtatious,congruent,✅,0.8321615479577833
10,33,accusatory,incongruent,❌,0.679425132853422
10,33,flirtatious,incongruent,✅,0.36922044704061624
10,34,disapprovingly,congruent,❌,0.2983823072484721
10,34,lovingly,congruent,✅,0.6629144177051807
10,34,disapprovingly,incongruent,✅,0.38447774820931724
10,34,lovingly,incongruent,✅,0.18482311652539127
10,35,playful,congruent,✅,0.5534960809387358
10,35,distant,congruent,✅,0.6345324383013156
10,35,playful,incongruent,❌,0.7861957286660014
10,35,distant,incongruent,✅,0.08060332757761364
10,36,headphones,congruent,✅,0.5730658662868702
10,36,mangoes,congruent,✅,0.9768676781004326
10,36,headphones,incongruent,✅,0.036989253739837503
10,36,mangoes,incongruent,✅,0.007192132942718155
10,37,playroom,congruent,✅,0.9405414821655466
10,37,park,congruent,✅,0.987194899087438
10,37,playroom,incongruent,❌,0.7714823902918339
10,37,park,incongruent,❌,0.963589439461836
10,38,bedroom,congruent,✅,0.9939273221567151
10,38,backyard,congruent,✅,0.967232608092926
10,38,bedroom,incongruent,✅,0.38799351042786584
10,38,backyard,incongruent,✅,0.04370729589028051
10,39,solemnly,congruent,✅,0.5159200563165807
10,39,excitedly,congruent,✅,0.9111594112354242
10,39,solemnly,incongruent,❌,0.5830182807368615
10,39,excitedly,incongruent,✅,0.43424676876286217
10,4,menu,congruent,✅,0.9372071148358355
10,4,prescription,congruent,✅,0.9868469751474742
10,4,menu,incongruent,✅,0.2599409415673484
10,4,prescription,incongruent,✅,0.23265688518017727
10,40,car,congruent,✅,0.9320342760724258
10,40,sock,congruent,❌,0.06559763399325015
10,40,car,incongruent,✅,0.010054077652644974
10,40,sock,incongruent,✅,0.005179331004184167
10,41,overdressed,congruent,✅,0.9658410356193922
10,41,naked,congruent,✅,0.8078025876566063
10,41,overdressed,incongruent,✅,0.4136935678947745
10,41,naked,incongruent,❌,0.902641763090015
10,42,shy,congruent,✅,0.9472908596031158
10,42,lively,congruent,✅,0.9646620038387418
10,42,shy,incongruent,❌,0.890503492651366
10,42,lively,incongruent,❌,0.9548104544702896
10,43,offended,congruent,✅,0.7154417126093988
10,43,flattered,congruent,✅,0.7745364706974908
10,43,offended,incongruent,❌,0.6661971999481007
10,43,flattered,incongruent,✅,0.46454867229232133
10,44,grandkid,congruent,✅,0.9427269303651801
10,44,cellmate,congruent,✅,0.9939390991182708
10,44,grandkid,incongruent,✅,0.2010835698951685
10,44,cellmate,incongruent,✅,0.2170283343079465
10,45,promoted,congruent,✅,0.7311116821920897
10,45,fired,congruent,✅,0.516222510803586
10,45,promoted,incongruent,❌,0.5346724199052642
10,45,fired,incongruent,❌,0.5185559164329433
10,46,shooting,congruent,❌,0.2945088987015148
10,46,celebration,congruent,❌,0.24985902182386582
10,46,shooting,incongruent,✅,0.010157110692089072
10,46,celebration,incongruent,✅,0.14725494987616472
10,47,crayon,congruent,❌,0.3221659390564341
10,47,beer,congruent,✅,0.9978911467510859
10,47,crayon,incongruent,✅,0.001508821646192731
10,47,beer,incongruent,✅,8.391423955568636e-05
10,48,waiter,congruent,✅,0.5188556706933067
10,48,taxi,congruent,✅,0.64165527616231
10,48,waiter,incongruent,✅,0.04340076674963313
10,48,taxi,incongruent,✅,0.012548723017093455
10,49,parents,congruent,✅,0.8406101190554938
10,49,keys,congruent,✅,0.8555011133113745
10,49,parents,incongruent,✅,0.08280619241864082
10,49,keys,incongruent,✅,0.4164244954000025
10,5,distress,congruent,✅,0.9960246792946819
10,5,tranquility,congruent,✅,0.595534010020524
10,5,distress,incongruent,✅,0.21910908021210257
10,5,tranquility,incongruent,❌,0.8466251601063459
10,50,sofa,congruent,✅,0.9969960102886356
10,50,sky,congruent,✅,0.9520606219912958
10,50,sofa,incongruent,✅,0.3739941572514043
10,50,sky,incongruent,✅,0.035748346460190664
10,51,obesity,congruent,❌,0.09449042338418857
10,51,homework,congruent,✅,0.9894555762989043
10,51,obesity,incongruent,✅,0.0074329666347206095
10,51,homework,incongruent,✅,0.018781925896640343
10,52,quiz,congruent,✅,0.9838767354118662
10,52,commute,congruent,✅,0.9976723671571671
10,52,quiz,incongruent,❌,0.6469284880699302
10,52,commute,incongruent,✅,0.03187007347340487
10,53,migraine,congruent,✅,0.9968560061527404
10,53,excitement,congruent,❌,0.2275658919456041
10,53,migraine,incongruent,✅,0.005783439702707686
10,53,excitement,incongruent,✅,0.419471042328125
10,54,niece,congruent,✅,0.5304238813330723
10,54,husband,congruent,✅,0.5157436687302523
10,54,niece,incongruent,❌,0.7659691064594791
10,54,husband,incongruent,✅,0.18883389140747794
10,55,film,congruent,❌,0.36513763813517586
10,55,sunrise,congruent,✅,0.9881114484880579
10,55,film,incongruent,✅,0.012051082263186805
10,55,sunrise,incongruent,✅,0.14708997706123664
10,56,lecture,congruent,✅,0.9923623731967233
10,56,banquet,congruent,✅,0.9783179940487887
10,56,lecture,incongruent,✅,0.015101701734480161
10,56,banquet,incongruent,✅,0.01826094202454284
10,57,drink,congruent,✅,0.9993194430665929
10,57,textbook,congruent,✅,0.9949805967008414
10,57,drink,incongruent,✅,0.01742709992410355
10,57,textbook,incongruent,✅,0.14357868184637115
10,58,pool,congruent,✅,0.9886523079828076
10,58,snow,congruent,❌,0.14520668678311963
10,58,pool,incongruent,✅,0.03816789322336236
10,58,snow,incongruent,✅,0.017041660143616855
10,59,passport,congruent,✅,0.9415759584392838
10,59,plushy,congruent,✅,0.9964166532946991
10,59,passport,incongruent,✅,0.1073575043407663
10,59,plushy,incongruent,✅,0.049603085128685755
10,6,patients,congruent,✅,0.9927153185855939
10,6,students,congruent,✅,0.9879853250241513
10,6,patients,incongruent,✅,0.0031543550181461623
10,6,students,incongruent,✅,0.0014724529948212546
10,60,sister,congruent,✅,0.5731103976808455
10,60,father,congruent,✅,0.8275554112367771
10,60,sister,incongruent,✅,0.27343918544002316
10,60,father,incongruent,✅,0.4638629277742083
10,61,game,congruent,✅,0.9447504890396791
10,61,sunset,congruent,✅,0.8283848996093885
10,61,game,incongruent,✅,0.047084536714895216
10,61,sunset,incongruent,✅,0.019679264600621388
10,62,holidays,congruent,✅,0.8587503865697113
10,62,funeral,congruent,✅,0.9833077474197323
10,62,holidays,incongruent,✅,0.03688649366525983
10,62,funeral,incongruent,✅,0.46806641887664946
10,63,grades,congruent,✅,0.8470241218791248
10,63,affair,congruent,✅,0.7602778153376646
10,63,grades,incongruent,✅,0.10635880075441918
10,63,affair,incongruent,✅,0.09732261439376154
10,64,arrest,congruent,✅,0.9214909083844628
10,64,stroke,congruent,❌,0.029522477796841622
10,64,arrest,incongruent,✅,0.02947480986311107
10,64,stroke,incongruent,✅,0.08644837113103057
10,65,pacifier,congruent,✅,0.8502906836111143
10,65,coffee,congruent,✅,0.9906518946806978
10,65,pacifier,incongruent,✅,0.0036424429308943643
10,65,coffee,incongruent,✅,0.014669579828883053
10,66,sweets,congruent,✅,0.9832768924660328
10,66,sentencing,congruent,✅,0.9805457479322023
10,66,sweets,incongruent,✅,0.000519499933205269
10,66,sentencing,incongruent,✅,0.0014707625276986435
10,67,nap,congruent,✅,0.9829501855297147
10,67,selfie,congruent,✅,0.9703751400349264
10,67,nap,incongruent,✅,0.021108013960832048
10,67,selfie,incongruent,✅,0.023245340064893285
10,68,diaper,congruent,✅,0.9887762380812547
10,68,tire,congruent,✅,0.996837205595552
10,68,diaper,incongruent,✅,0.012280202190674864
10,68,tire,incongruent,✅,0.04773836406494724
10,69,chemotherapy,congruent,✅,0.9410788051609229
10,69,golf,congruent,✅,0.9978353247388193
10,69,chemotherapy,incongruent,✅,0.006085250488079383
10,69,golf,incongruent,✅,0.10092937704045418
10,7,consensus,congruent,✅,0.8514791703649824
10,7,deadlock,congruent,❌,0.22174487262866113
10,7,consensus,incongruent,✅,0.265221671437648
10,7,deadlock,incongruent,❌,0.7285449318731831
10,70,thunder,congruent,✅,0.9774702196252104
10,70,lullaby,congruent,✅,0.9971414756280157
10,70,thunder,incongruent,✅,0.23716789068322944
10,70,lullaby,incongruent,✅,0.016228295293984594
10,71,pajamas,congruent,✅,0.9507118497516972
10,71,uniform,congruent,✅,0.9711268936786579
10,71,pajamas,incongruent,✅,0.11730386234786983
10,71,uniform,incongruent,✅,0.4701587347900356
10,72,gown,congruent,✅,0.9953820812337791
10,72,sweats,congruent,✅,0.8720464429143312
10,72,gown,incongruent,✅,0.45837949418772245
10,72,sweats,incongruent,✅,0.3233849944382111
10,73,deadline,congruent,❌,0.4501931450866612
10,73,bed,congruent,✅,0.9965140309405661
10,73,deadline,incongruent,✅,0.021801446937261118
10,73,bed,incongruent,✅,0.05848512186730174
10,74,kindergarten,congruent,✅,0.8116212463261976
10,74,jail,congruent,✅,0.5855883342857544
10,74,kindergarten,incongruent,✅,0.022796695396813588
10,74,jail,incongruent,✅,0.22816389574090984
10,75,interrogated,congruent,✅,0.7310591988886626
10,75,tickled,congruent,✅,0.7547877406412272
10,75,interrogated,incongruent,✅,0.02081068337536745
10,75,tickled,incongruent,✅,0.07564439267350213
10,76,sandcastle,congruent,✅,0.8923063814426692
10,76,snowman,congruent,✅,0.9990689444255221
10,76,sandcastle,incongruent,✅,0.34333155647103597
10,76,snowman,incongruent,✅,0.49968037738739896
10,77,music,congruent,✅,0.9953829365487215
10,77,pizza,congruent,✅,0.9932327950170142
10,77,music,incongruent,✅,0.009583564108553533
10,77,pizza,incongruent,✅,0.01023214231921936
10,78,playoffs,congruent,✅,0.8094275429431003
10,78,cartoon,congruent,✅,0.9873158163096537
10,78,playoffs,incongruent,✅,0.07816069649055686
10,78,cartoon,incongruent,✅,0.005923442983639946
10,79,alcoholism,congruent,✅,0.9225665713645647
10,79,academics,congruent,✅,0.9417109683713372
10,79,alcoholism,incongruent,✅,0.050546237912857284
10,79,academics,incongruent,✅,0.23870166913903498
10,8,engagement,congruent,❌,0.37861526851128996
10,8,cancer,congruent,❌,0.39623377898572276
10,8,engagement,incongruent,✅,0.05814244113514746
10,8,cancer,incongruent,✅,0.08007234497072452
10,9,terminal,congruent,✅,0.9929014296409544
10,9,classroom,congruent,✅,0.6813295709851042
10,9,terminal,incongruent,✅,0.003093034830726338
10,9,classroom,incongruent,✅,0.03986275763794149
11,0,library,congruent,✅,0.8795853562649117
11,0,refrigerator,congruent,❌,0.15843840977361598
11,0,library,incongruent,✅,0.008398293433693946
11,0,refrigerator,incongruent,✅,0.016011296453999617
11,1,disappointment,congruent,✅,0.5597578288881481
11,1,delight,congruent,❌,0.18545799354879147
11,1,disappointment,incongruent,✅,0.01641052752615654
11,1,delight,incongruent,❌,0.7478279778680404
11,10,cash,congruent,✅,0.9585623940538641
11,10,groceries,congruent,✅,0.9839867017199179
11,10,cash,incongruent,❌,0.577378005613797
11,10,groceries,incongruent,✅,0.219095965273705
11,11,lonely,congruent,❌,0.4804933180490272
11,11,confident,congruent,✅,0.9738227462302148
11,11,lonely,incongruent,❌,0.6281314885845566
11,11,confident,incongruent,✅,0.05713281817384237
11,12,joy,congruent,✅,0.9556189601277653
11,12,outrage,congruent,✅,0.8408872824024288
11,12,joy,incongruent,✅,0.26623938326914526
11,12,outrage,incongruent,❌,0.6632881276702943
11,13,traffic,congruent,✅,0.9830144666978875
11,13,snowstorm,congruent,✅,0.9809103439479808
11,13,traffic,incongruent,❌,0.5335973315659163
11,13,snowstorm,incongruent,❌,0.9508983556572158
11,14,laughter,congruent,✅,0.9526916216772486
11,14,frustration,congruent,✅,0.8542355183387602
11,14,laughter,incongruent,✅,0.45905565149350336
11,14,frustration,incongruent,❌,0.695330773879366
11,15,calculator,congruent,✅,0.9223981216190918
11,15,instrument,congruent,✅,0.924142659277854
11,15,calculator,incongruent,✅,0.3567968593307367
11,15,instrument,incongruent,✅,0.291786581144289
11,16,orchestra,congruent,✅,0.9409913353342034
11,16,racers,congruent,✅,0.9115471112318053
11,16,orchestra,incongruent,✅,0.01701285258921169
11,16,racers,incongruent,✅,0.04822759793964885
11,17,retirement,congruent,✅,0.948172523847037
11,17,playdate,congruent,✅,0.8445523814565198
11,17,retirement,incongruent,✅,0.05314445553586606
11,17,playdate,incongruent,✅,0.016275292700793514
11,18,relieved,congruent,✅,0.5625868894478182
11,18,depressed,congruent,❌,0.19836876804940626
11,18,relieved,incongruent,✅,0.10867183137932218
11,18,depressed,incongruent,❌,0.6491748456698206
11,19,friends,congruent,❌,0.38851666423513603
11,19,weight,congruent,✅,0.6866641129397715
11,19,friends,incongruent,✅,0.3143937690069677
11,19,weight,incongruent,✅,0.22299096511373034
11,2,overcoat,congruent,❌,0.3608300763664335
11,2,sandals,congruent,❌,0.4710487941521321
11,2,overcoat,incongruent,✅,0.4579321812054474
11,2,sandals,incongruent,✅,0.017367465404610344
11,20,lipstick,congruent,✅,0.9722981677128696
11,20,song,congruent,✅,0.8938445779872402
11,20,lipstick,incongruent,✅,0.013653746690791725
11,20,song,incongruent,✅,0.18509060225070936
11,21,fought,congruent,❌,0.08392087436185058
11,21,sang,congruent,✅,0.9042208312277138
11,21,fought,incongruent,✅,0.1599774261283346
11,21,sang,incongruent,✅,0.05175735239821964
11,22,skeptical,congruent,❌,0.16917644499364393
11,22,reassured,congruent,❌,0.2275345805292682
11,22,skeptical,incongruent,✅,0.13374469898181382
11,22,reassured,incongruent,✅,0.14758319719859972
11,23,graduation,congruent,✅,0.9961079206228136
11,23,operation,congruent,✅,0.9397819855891052
11,23,graduation,incongruent,✅,0.04362332652675017
11,23,operation,incongruent,✅,0.20600993318820693
11,24,bride,congruent,✅,0.9967898429810186
11,24,aftermath,congruent,✅,0.9153632397487755
11,24,bride,incongruent,✅,0.1385043646564282
11,24,aftermath,incongruent,✅,0.004896307037857371
11,25,teacher,congruent,✅,0.8502199093858689
11,25,daughter,congruent,✅,0.9526423557526952
11,25,teacher,incongruent,✅,0.3533262859880212
11,25,daughter,incongruent,❌,0.6483804216953517
11,26,roommate,congruent,❌,0.27937238014647553
11,26,grandma,congruent,✅,0.9575786023681551
11,26,roommate,incongruent,✅,0.0870581879864707
11,26,grandma,incongruent,✅,0.04786634941519823
11,27,brother,congruent,✅,0.5229147725493273
11,27,mother,congruent,❌,0.48973551564994644
11,27,brother,incongruent,✅,0.35036327490961333
11,27,mother,incongruent,✅,0.3133941714332953
11,28,preschool,congruent,✅,0.7915310891677702
11,28,prison,congruent,✅,0.8818811649421583
11,28,preschool,incongruent,✅,0.009242649226929304
11,28,prison,incongruent,✅,0.000657004395005926
11,29,hopeful,congruent,❌,0.22191328731246632
11,29,hopeless,congruent,✅,0.7201597302914329
11,29,hopeful,incongruent,✅,0.10295435427903059
11,29,hopeless,incongruent,✅,0.2105048197174944
11,3,marathon,congruent,✅,0.9263450014709159
11,3,exam,congruent,✅,0.5677994028517556
11,3,marathon,incongruent,✅,0.023140198925565722
11,3,exam,incongruent,✅,0.016200614867843924
11,30,appalled,congruent,❌,0.32179073010969617
11,30,overjoyed,congruent,✅,0.6010654236095428
11,30,appalled,incongruent,✅,0.40330007637860427
11,30,overjoyed,incongruent,✅,0.1968237368585306
11,31,reprimand,congruent,✅,0.7579710058966376
11,31,encouragement,congruent,❌,0.4386837937079005
11,31,reprimand,incongruent,✅,0.31094851281770064
11,31,encouragement,incongruent,✅,0.14551305106133297
11,32,angrily,congruent,✅,0.8861789142040664
11,32,cordially,congruent,✅,0.9341496769862482
11,32,angrily,incongruent,❌,0.6399905250157462
11,32,cordially,incongruent,✅,0.3885126302080989
11,33,accusatory,congruent,✅,0.9092525672438371
11,33,flirtatious,congruent,✅,0.8606680662035568
11,33,accusatory,incongruent,❌,0.7390041787980558
11,33,flirtatious,incongruent,✅,0.42364075896683817
11,34,disapprovingly,congruent,❌,0.28384612437037426
11,34,lovingly,congruent,✅,0.7302192770152297
11,34,disapprovingly,incongruent,✅,0.49588461084582575
11,34,lovingly,incongruent,✅,0.18808096451545914
11,35,playful,congruent,❌,0.4030148643558635
11,35,distant,congruent,✅,0.6705171660643393
11,35,playful,incongruent,❌,0.806708499245089
11,35,distant,incongruent,✅,0.06411027159890478
11,36,headphones,congruent,✅,0.6433914134717198
11,36,mangoes,congruent,✅,0.9905944249125157
11,36,headphones,incongruent,✅,0.11059684883431943
11,36,mangoes,incongruent,✅,0.00521019463171389
11,37,playroom,congruent,✅,0.9352642222530806
11,37,park,congruent,✅,0.9816141940276415
11,37,playroom,incongruent,❌,0.6958257888803172
11,37,park,incongruent,❌,0.9514244005867942
11,38,bedroom,congruent,✅,0.9953294564109474
11,38,backyard,congruent,✅,0.9758475411910962
11,38,bedroom,incongruent,✅,0.3528276330926425
11,38,backyard,incongruent,✅,0.025832925493903727
11,39,solemnly,congruent,❌,0.44250465353558294
11,39,excitedly,congruent,✅,0.7712287612578861
11,39,solemnly,incongruent,✅,0.36751058328079733
11,39,excitedly,incongruent,✅,0.3230065068676484
11,4,menu,congruent,✅,0.9520106030301445
11,4,prescription,congruent,✅,0.9785982374612613
11,4,menu,incongruent,✅,0.18604723512484928
11,4,prescription,incongruent,✅,0.16761307477155363
11,40,car,congruent,✅,0.9298139733847332
11,40,sock,congruent,❌,0.20084285300017574
11,40,car,incongruent,✅,0.051089821724621357
11,40,sock,incongruent,✅,0.003301817072767852
11,41,overdressed,congruent,✅,0.7757504580423512
11,41,naked,congruent,✅,0.8268779597990376
11,41,overdressed,incongruent,❌,0.5107586655446175
11,41,naked,incongruent,❌,0.5698411727730159
11,42,shy,congruent,✅,0.888090120330115
11,42,lively,congruent,✅,0.9598324296983892
11,42,shy,incongruent,❌,0.882136059255911
11,42,lively,incongruent,❌,0.9066289764082013
11,43,offended,congruent,✅,0.8008014230275373
11,43,flattered,congruent,✅,0.873741904427698
11,43,offended,incongruent,❌,0.8056091833484423
11,43,flattered,incongruent,❌,0.579253407874019
11,44,grandkid,congruent,✅,0.8731167031585821
11,44,cellmate,congruent,✅,0.9875127372767403
11,44,grandkid,incongruent,✅,0.2557793743668404
11,44,cellmate,incongruent,✅,0.1145053371098143
11,45,promoted,congruent,✅,0.7302048847607135
11,45,fired,congruent,✅,0.5103722292548691
11,45,promoted,incongruent,✅,0.49137258671511286
11,45,fired,incongruent,❌,0.5222451191003032
11,46,shooting,congruent,❌,0.422203727709642
11,46,celebration,congruent,❌,0.2620882287623462
11,46,shooting,incongruent,✅,0.017869836531609003
11,46,celebration,incongruent,✅,0.24551283582191694
11,47,crayon,congruent,✅,0.5524435371211918
11,47,beer,congruent,✅,0.9984957914318121
11,47,crayon,incongruent,✅,0.002909980954288096
11,47,beer,incongruent,✅,0.0004135633940834056
11,48,waiter,congruent,✅,0.6228601043186459
11,48,taxi,congruent,✅,0.8250492884555887
11,48,waiter,incongruent,✅,0.07419654059352343
11,48,taxi,incongruent,✅,0.015300025157038336
11,49,parents,congruent,✅,0.7910121794202575
11,49,keys,congruent,✅,0.923433312249314
11,49,parents,incongruent,✅,0.10908670050442885
11,49,keys,incongruent,✅,0.37482232362858653
11,5,distress,congruent,✅,0.9838492870502535
11,5,tranquility,congruent,✅,0.5729304512060411
11,5,distress,incongruent,✅,0.22224996415009374
11,5,tranquility,incongruent,❌,0.7186045443710977
11,50,sofa,congruent,✅,0.994179410311289
11,50,sky,congruent,✅,0.9445706341240337
11,50,sofa,incongruent,✅,0.321953660038537
11,50,sky,incongruent,✅,0.05129972946018509
11,51,obesity,congruent,❌,0.19707691774485817
11,51,homework,congruent,✅,0.9859341540587988
11,51,obesity,incongruent,✅,0.011318654594410765
11,51,homework,incongruent,✅,0.06091563405203989
11,52,quiz,congruent,✅,0.9794530035371795
11,52,commute,congruent,✅,0.9977367466234632
11,52,quiz,incongruent,❌,0.6058373153648771
11,52,commute,incongruent,✅,0.017985032598839892
11,53,migraine,congruent,✅,0.99222008011562
11,53,excitement,congruent,❌,0.39522807499574825
11,53,migraine,incongruent,✅,0.01637575406311101
11,53,excitement,incongruent,✅,0.44062546414241927
11,54,niece,congruent,✅,0.6110102579263096
11,54,husband,congruent,✅,0.5449933183737316
11,54,niece,incongruent,❌,0.7323671002683078
11,54,husband,incongruent,✅,0.3049726740992169
11,55,film,congruent,❌,0.43989165009564707
11,55,sunrise,congruent,✅,0.9869697202144014
11,55,film,incongruent,✅,0.020688525478893396
11,55,sunrise,incongruent,✅,0.18926894999357452
11,56,lecture,congruent,✅,0.9868731184380098
11,56,banquet,congruent,✅,0.9748548783198854
11,56,lecture,incongruent,✅,0.008088377736978947
11,56,banquet,incongruent,✅,0.008752957593254812
11,57,drink,congruent,✅,0.9992665460275673
11,57,textbook,congruent,✅,0.99376351201737
11,57,drink,incongruent,✅,0.013997971317244165
11,57,textbook,incongruent,✅,0.22411414024963872
11,58,pool,congruent,✅,0.9886735380144465
11,58,snow,congruent,❌,0.1321716612786353
11,58,pool,incongruent,✅,0.029852975739711123
11,58,snow,incongruent,✅,0.012972646180449502
11,59,passport,congruent,✅,0.9208898918686406
11,59,plushy,congruent,✅,0.9948838413139361
11,59,passport,incongruent,✅,0.09064526276087603
11,59,plushy,incongruent,✅,0.0671917783061254
11,6,patients,congruent,✅,0.992506640126982
11,6,students,congruent,✅,0.9843113861821202
11,6,patients,incongruent,✅,0.0037878832161046413
11,6,students,incongruent,✅,0.002535716749737018
11,60,sister,congruent,✅,0.5324049705022315
11,60,father,congruent,✅,0.8239111587844016
11,60,sister,incongruent,✅,0.2603264487287018
11,60,father,incongruent,❌,0.5037750869052259
11,61,game,congruent,✅,0.9707972735121267
11,61,sunset,congruent,✅,0.7389753102271867
11,61,game,incongruent,✅,0.045055278711874924
11,61,sunset,incongruent,✅,0.07497403125449283
11,62,holidays,congruent,✅,0.7840609609365794
11,62,funeral,congruent,✅,0.9705838601023274
11,62,holidays,incongruent,✅,0.03287221281341871
11,62,funeral,incongruent,✅,0.3689526872365859
11,63,grades,congruent,✅,0.8602441539527432
11,63,affair,congruent,✅,0.630566856913666
11,63,grades,incongruent,✅,0.0837132945644659
11,63,affair,incongruent,✅,0.19502764461910557
11,64,arrest,congruent,✅,0.9414901717396951
11,64,stroke,congruent,❌,0.05349449225936478
11,64,arrest,incongruent,✅,0.04817757251085483
11,64,stroke,incongruent,✅,0.18131899548189137
11,65,pacifier,congruent,✅,0.8669251470842388
11,65,coffee,congruent,✅,0.9748186944949524
11,65,pacifier,incongruent,✅,0.008807452584572547
11,65,coffee,incongruent,✅,0.010709036544241378
11,66,sweets,congruent,✅,0.9857081280112399
11,66,sentencing,congruent,✅,0.9789579820669397
11,66,sweets,incongruent,✅,0.0015436692985786565
11,66,sentencing,incongruent,✅,0.0019766008242746965
11,67,nap,congruent,✅,0.9889313316950306
11,67,selfie,congruent,✅,0.9603058401098189
11,67,nap,incongruent,✅,0.023460908534737892
11,67,selfie,incongruent,✅,0.023292550269624453
11,68,diaper,congruent,✅,0.9930617144326684
11,68,tire,congruent,✅,0.9871510806198596
11,68,diaper,incongruent,✅,0.0038956749110668795
11,68,tire,incongruent,✅,0.02780176328382211
11,69,chemotherapy,congruent,✅,0.9486095387991228
11,69,golf,congruent,✅,0.997757413484081
11,69,chemotherapy,incongruent,✅,0.013402912910723345
11,69,golf,incongruent,✅,0.13527078403221815
11,7,consensus,congruent,✅,0.8047267118230557
11,7,deadlock,congruent,❌,0.42881521851552623
11,7,consensus,incongruent,✅,0.4548724207605742
11,7,deadlock,incongruent,❌,0.6905226708289323
11,70,thunder,congruent,✅,0.9759767615854082
11,70,lullaby,congruent,✅,0.9936714461074334
11,70,thunder,incongruent,✅,0.0936302907265733
11,70,lullaby,incongruent,✅,0.013103377073646281
11,71,pajamas,congruent,✅,0.9333429419769959
11,71,uniform,congruent,✅,0.945375450955295
11,71,pajamas,incongruent,✅,0.055807991269811646
11,71,uniform,incongruent,✅,0.3744712801010502
11,72,gown,congruent,✅,0.9980079311733301
11,72,sweats,congruent,✅,0.6651805179135348
11,72,gown,incongruent,✅,0.2144415196847742
11,72,sweats,incongruent,❌,0.5547517429950065
11,73,deadline,congruent,❌,0.463241727605013
11,73,bed,congruent,✅,0.9920239466025852
11,73,deadline,incongruent,✅,0.02767941030279669
11,73,bed,incongruent,✅,0.08549865837567656
11,74,kindergarten,congruent,✅,0.8420545822134561
11,74,jail,congruent,❌,0.22510657058115388
11,74,kindergarten,incongruent,✅,0.006931013585721905
11,74,jail,incongruent,✅,0.156378759678547
11,75,interrogated,congruent,✅,0.7010699019476336
11,75,tickled,congruent,✅,0.7369066965362634
11,75,interrogated,incongruent,✅,0.015660974231387813
11,75,tickled,incongruent,✅,0.05913122478926164
11,76,sandcastle,congruent,✅,0.9123991237956007
11,76,snowman,congruent,✅,0.9983065243186656
11,76,sandcastle,incongruent,❌,0.640315504831105
11,76,snowman,incongruent,✅,0.49658052998363555
11,77,music,congruent,✅,0.9963971402799371
11,77,pizza,congruent,✅,0.9965534993604307
11,77,music,incongruent,✅,0.013630049924579958
11,77,pizza,incongruent,✅,0.00746558832080417
11,78,playoffs,congruent,✅,0.6423951678213619
11,78,cartoon,congruent,✅,0.9916697845901932
11,78,playoffs,incongruent,✅,0.11596431309193225
11,78,cartoon,incongruent,✅,0.004351988453537376
11,79,alcoholism,congruent,✅,0.913615232938997
11,79,academics,congruent,✅,0.9218287124401197
11,79,alcoholism,incongruent,✅,0.022182631287246842
11,79,academics,incongruent,✅,0.21693378503097124
11,8,engagement,congruent,❌,0.3945303100507374
11,8,cancer,congruent,❌,0.44978489925758425
11,8,engagement,incongruent,✅,0.09237005679681007
11,8,cancer,incongruent,✅,0.10476288731909214
11,9,terminal,congruent,✅,0.9904916964266429
11,9,classroom,congruent,✅,0.8389632101654011
11,9,terminal,incongruent,✅,0.005794978791779869
11,9,classroom,incongruent,✅,0.04726584680741033
12,0,library,congruent,✅,0.8092409719608727
12,0,refrigerator,congruent,❌,0.36279733830004635
12,0,library,incongruent,✅,0.016507591039423175
12,0,refrigerator,incongruent,✅,0.007335167687372004
12,1,disappointment,congruent,✅,0.7087185662410665
12,1,delight,congruent,❌,0.29603103355877836
12,1,disappointment,incongruent,✅,0.034547347879348156
12,1,delight,incongruent,❌,0.8456862015526223
12,10,cash,congruent,✅,0.9299038019778185
12,10,groceries,congruent,✅,0.9762299259904486
12,10,cash,incongruent,✅,0.47063124198281786
12,10,groceries,incongruent,✅,0.1778495704599882
12,11,lonely,congruent,✅,0.5090782325594475
12,11,confident,congruent,✅,0.969775846087862
12,11,lonely,incongruent,❌,0.5390058725884677
12,11,confident,incongruent,✅,0.07275498915755566
12,12,joy,congruent,✅,0.9593254987120298
12,12,outrage,congruent,✅,0.6429369277058375
12,12,joy,incongruent,✅,0.11398912608185131
12,12,outrage,incongruent,❌,0.6673068945916947
12,13,traffic,congruent,✅,0.9805522841042923
12,13,snowstorm,congruent,✅,0.9865419088016516
12,13,traffic,incongruent,❌,0.6503260537177716
12,13,snowstorm,incongruent,❌,0.9525696158199746
12,14,laughter,congruent,✅,0.9041830922007654
12,14,frustration,congruent,✅,0.7721600670150035
12,14,laughter,incongruent,✅,0.3387305327109802
12,14,frustration,incongruent,❌,0.5041108909373034
12,15,calculator,congruent,✅,0.9506830428740741
12,15,instrument,congruent,✅,0.915625444454004
12,15,calculator,incongruent,✅,0.2901840997605279
12,15,instrument,incongruent,✅,0.2666592685817385
12,16,orchestra,congruent,✅,0.9677073347355141
12,16,racers,congruent,✅,0.9640184224695488
12,16,orchestra,incongruent,✅,0.017659980940796023
12,16,racers,incongruent,✅,0.054797183122069354
12,17,retirement,congruent,✅,0.9527250740050774
12,17,playdate,congruent,✅,0.8303409485278668
12,17,retirement,incongruent,✅,0.0708902326226072
12,17,playdate,incongruent,✅,0.023523246329708432
12,18,relieved,congruent,✅,0.647341062996945
12,18,depressed,congruent,❌,0.20541810838855512
12,18,relieved,incongruent,✅,0.12614142660876304
12,18,depressed,incongruent,❌,0.7222721947080909
12,19,friends,congruent,❌,0.34514363912464546
12,19,weight,congruent,✅,0.7615946277780561
12,19,friends,incongruent,✅,0.3686451711729743
12,19,weight,incongruent,✅,0.23400117119085978
12,2,overcoat,congruent,❌,0.3683322503171623
12,2,sandals,congruent,✅,0.5166654497517387
12,2,overcoat,incongruent,✅,0.4057641375819493
12,2,sandals,incongruent,✅,0.02164591840800227
12,20,lipstick,congruent,✅,0.9598656294634819
12,20,song,congruent,✅,0.8354162224093985
12,20,lipstick,incongruent,✅,0.006855712367666028
12,20,song,incongruent,✅,0.12253329931476743
12,21,fought,congruent,❌,0.10328105569780371
12,21,sang,congruent,✅,0.8842755373345503
12,21,fought,incongruent,✅,0.16773098533926256
12,21,sang,incongruent,✅,0.06496284216579755
12,22,skeptical,congruent,❌,0.06670595325385585
12,22,reassured,congruent,❌,0.2604792621107602
12,22,skeptical,incongruent,✅,0.16981566878305274
12,22,reassured,incongruent,✅,0.060976298314577515
12,23,graduation,congruent,✅,0.9918329544769465
12,23,operation,congruent,✅,0.9670120130163289
12,23,graduation,incongruent,✅,0.052573503058669875
12,23,operation,incongruent,✅,0.17045039847187116
12,24,bride,congruent,✅,0.997864592917262
12,24,aftermath,congruent,✅,0.9226934861711692
12,24,bride,incongruent,✅,0.28722626338710255
12,24,aftermath,incongruent,✅,0.015202710844052898
12,25,teacher,congruent,✅,0.9005996311983415
12,25,daughter,congruent,✅,0.9685541334286024
12,25,teacher,incongruent,✅,0.43040751708923136
12,25,daughter,incongruent,❌,0.7913777815127888
12,26,roommate,congruent,❌,0.240209714293605
12,26,grandma,congruent,✅,0.9515844870133982
12,26,roommate,incongruent,✅,0.08050990558487191
12,26,grandma,incongruent,✅,0.03780928045568417
12,27,brother,congruent,✅,0.6130137297474978
12,27,mother,congruent,❌,0.4638631496065936
12,27,brother,incongruent,✅,0.35858253699025533
12,27,mother,incongruent,✅,0.3377993903073032
12,28,preschool,congruent,✅,0.6789130613648916
12,28,prison,congruent,✅,0.9068271283806961
12,28,preschool,incongruent,✅,0.009013929373568435
12,28,prison,incongruent,✅,0.00016435864871569385
12,29,hopeful,congruent,❌,0.3857059798821026
12,29,hopeless,congruent,✅,0.8088702278756447
12,29,hopeful,incongruent,✅,0.21287238962683128
12,29,hopeless,incongruent,✅,0.34425098472513965
12,3,marathon,congruent,✅,0.967276587033172
12,3,exam,congruent,✅,0.6857079981227912
12,3,marathon,incongruent,✅,0.02047003141774566
12,3,exam,incongruent,✅,0.0190725574304816
12,30,appalled,congruent,❌,0.20544570846560797
12,30,overjoyed,congruent,✅,0.6179860461930092
12,30,appalled,incongruent,✅,0.40695438032327413
12,30,overjoyed,incongruent,✅,0.12480577330453527
12,31,reprimand,congruent,✅,0.7212325917808255
12,31,encouragement,congruent,✅,0.55075172904279
12,31,reprimand,incongruent,✅,0.37618654392193224
12,31,encouragement,incongruent,✅,0.11690241292848094
12,32,angrily,congruent,✅,0.8583793676619078
12,32,cordially,congruent,✅,0.9058753345340389
12,32,angrily,incongruent,❌,0.5614035928756553
12,32,cordially,incongruent,✅,0.3713216577077306
12,33,accusatory,congruent,✅,0.9030051732024351
12,33,flirtatious,congruent,✅,0.8984852458499885
12,33,accusatory,incongruent,❌,0.8135767460611032
12,33,flirtatious,incongruent,✅,0.42757236029156415
12,34,disapprovingly,congruent,❌,0.3165495471666562
12,34,lovingly,congruent,✅,0.7162802029901626
12,34,disapprovingly,incongruent,✅,0.47277934191040855
12,34,lovingly,incongruent,✅,0.19493225899565342
12,35,playful,congruent,❌,0.4798908431554679
12,35,distant,congruent,✅,0.6171013564478418
12,35,playful,incongruent,❌,0.7576410151924895
12,35,distant,incongruent,✅,0.0921279181837523
12,36,headphones,congruent,✅,0.7980588137833372
12,36,mangoes,congruent,✅,0.9820522237618114
12,36,headphones,incongruent,✅,0.0647382782454225
12,36,mangoes,incongruent,✅,0.006216794761859271
12,37,playroom,congruent,✅,0.9681544336241671
12,37,park,congruent,✅,0.9751127958005968
12,37,playroom,incongruent,❌,0.55206975416442
12,37,park,incongruent,❌,0.974566858564793
12,38,bedroom,congruent,✅,0.9948562067205737
12,38,backyard,congruent,✅,0.9765986321628998
12,38,bedroom,incongruent,✅,0.3619427094817426
12,38,backyard,incongruent,✅,0.03308220729993148
12,39,solemnly,congruent,❌,0.45056398517428536
12,39,excitedly,congruent,✅,0.7558417946644431
12,39,solemnly,incongruent,✅,0.38999415588069664
12,39,excitedly,incongruent,✅,0.26218002523431094
12,4,menu,congruent,✅,0.9326891403534392
12,4,prescription,congruent,✅,0.9781744026475085
12,4,menu,incongruent,✅,0.20102423315292942
12,4,prescription,incongruent,✅,0.13308375536373007
12,40,car,congruent,✅,0.9304714784872841
12,40,sock,congruent,❌,0.20541558200289295
12,40,car,incongruent,✅,0.07043282865324228
12,40,sock,incongruent,✅,0.0027944922088187656
12,41,overdressed,congruent,✅,0.7926842050414062
12,41,naked,congruent,✅,0.7340982821281659
12,41,overdressed,incongruent,✅,0.34166927262382124
12,41,naked,incongruent,❌,0.5562345046469401
12,42,shy,congruent,✅,0.9437983634712064
12,42,lively,congruent,✅,0.9727632260706984
12,42,shy,incongruent,❌,0.9194001875774304
12,42,lively,incongruent,❌,0.9501945299107372
12,43,offended,congruent,✅,0.7768690788135708
12,43,flattered,congruent,✅,0.8644392892167179
12,43,offended,incongruent,❌,0.7912003066810652
12,43,flattered,incongruent,❌,0.5202467246033244
12,44,grandkid,congruent,✅,0.8980525232744121
12,44,cellmate,congruent,✅,0.9881001894754022
12,44,grandkid,incongruent,✅,0.2983256891585362
12,44,cellmate,incongruent,✅,0.20562002159877305
12,45,promoted,congruent,✅,0.7806508140363475
12,45,fired,congruent,❌,0.4293253721491276
12,45,promoted,incongruent,✅,0.40373414684428516
12,45,fired,incongruent,❌,0.6035661556236975
12,46,shooting,congruent,✅,0.5077081961414519
12,46,celebration,congruent,❌,0.18565459937260975
12,46,shooting,incongruent,✅,0.01003904477007258
12,46,celebration,incongruent,✅,0.2765269971511023
12,47,crayon,congruent,✅,0.5282445367810606
12,47,beer,congruent,✅,0.9983371622462586
12,47,crayon,incongruent,✅,0.0022887624015620147
12,47,beer,incongruent,✅,0.0003544399048006394
12,48,waiter,congruent,✅,0.7322889249432247
12,48,taxi,congruent,✅,0.7826570406885682
12,48,waiter,incongruent,✅,0.06512100992488641
12,48,taxi,incongruent,✅,0.02388915598999316
12,49,parents,congruent,✅,0.7960055136251314
12,49,keys,congruent,✅,0.9057263665207597
12,49,parents,incongruent,✅,0.09496275209889625
12,49,keys,incongruent,✅,0.393473993808848
12,5,distress,congruent,✅,0.9789473313053082
12,5,tranquility,congruent,❌,0.43550285603902666
12,5,distress,incongruent,✅,0.14125630448822718
12,5,tranquility,incongruent,❌,0.7137959388899051
12,50,sofa,congruent,✅,0.9954222639378695
12,50,sky,congruent,✅,0.93137903355301
12,50,sofa,incongruent,✅,0.2939931035909581
12,50,sky,incongruent,✅,0.13705691093115555
12,51,obesity,congruent,❌,0.33471392182038395
12,51,homework,congruent,✅,0.9770664331237582
12,51,obesity,incongruent,✅,0.003990707553862476
12,51,homework,incongruent,✅,0.13944350110460357
12,52,quiz,congruent,✅,0.9861559746349412
12,52,commute,congruent,✅,0.9950214734895568
12,52,quiz,incongruent,❌,0.546059500097553
12,52,commute,incongruent,✅,0.016963458215820286
12,53,migraine,congruent,✅,0.995365977156261
12,53,excitement,congruent,❌,0.2561996005132583
12,53,migraine,incongruent,✅,0.0076513669897263934
12,53,excitement,incongruent,❌,0.6345794044085225
12,54,niece,congruent,✅,0.6018983842447412
12,54,husband,congruent,✅,0.5657095687496518
12,54,niece,incongruent,❌,0.7241101405127602
12,54,husband,incongruent,✅,0.31807633171006816
12,55,film,congruent,❌,0.41276778011316306
12,55,sunrise,congruent,✅,0.9850880824960466
12,55,film,incongruent,✅,0.013259795353253886
12,55,sunrise,incongruent,✅,0.12764361538673086
12,56,lecture,congruent,✅,0.9885967255161636
12,56,banquet,congruent,✅,0.9711809872166149
12,56,lecture,incongruent,✅,0.007847242848522744
12,56,banquet,incongruent,✅,0.008718713301886213
12,57,drink,congruent,✅,0.9990809064020879
12,57,textbook,congruent,✅,0.9966059164009595
12,57,drink,incongruent,✅,0.01990775409505139
12,57,textbook,incongruent,✅,0.2669502600997048
12,58,pool,congruent,✅,0.9889062721448182
12,58,snow,congruent,❌,0.21512968755258366
12,58,pool,incongruent,✅,0.0326770924332922
12,58,snow,incongruent,✅,0.017526190436088437
12,59,passport,congruent,✅,0.9266133837587974
12,59,plushy,congruent,✅,0.993717840507595
12,59,passport,incongruent,✅,0.06606931290040849
12,59,plushy,incongruent,✅,0.13592291445324092
12,6,patients,congruent,✅,0.9783919929163332
12,6,students,congruent,✅,0.970794150572623
12,6,patients,incongruent,✅,0.0019196114337298557
12,6,students,incongruent,✅,0.0012497345947150554
12,60,sister,congruent,✅,0.5132157117642515
12,60,father,congruent,✅,0.8336829074479088
12,60,sister,incongruent,✅,0.1988058612121275
12,60,father,incongruent,✅,0.4501957880101516
12,61,game,congruent,✅,0.9809870406107705
12,61,sunset,congruent,✅,0.8470117804971351
12,61,game,incongruent,✅,0.05974668812436639
12,61,sunset,incongruent,✅,0.1343003518103238
12,62,holidays,congruent,✅,0.8650717346032243
12,62,funeral,congruent,✅,0.9878143359604822
12,62,holidays,incongruent,✅,0.06702596903343877
12,62,funeral,incongruent,✅,0.4979827163475449
12,63,grades,congruent,✅,0.8652618707317281
12,63,affair,congruent,✅,0.6870512318183313
12,63,grades,incongruent,✅,0.12062894828983482
12,63,affair,incongruent,✅,0.219112707648023
12,64,arrest,congruent,✅,0.9266493226197002
12,64,stroke,congruent,❌,0.05069001828776405
12,64,arrest,incongruent,✅,0.03952773246944281
12,64,stroke,incongruent,✅,0.17425302727642936
12,65,pacifier,congruent,✅,0.8365264776246587
12,65,coffee,congruent,✅,0.9535418109016219
12,65,pacifier,incongruent,✅,0.004650851003828286
12,65,coffee,incongruent,✅,0.01466432255867422
12,66,sweets,congruent,✅,0.9875839169328259
12,66,sentencing,congruent,✅,0.9728653863432625
12,66,sweets,incongruent,✅,0.001867079220063842
12,66,sentencing,incongruent,✅,0.0033629386296224863
12,67,nap,congruent,✅,0.984971866318789
12,67,selfie,congruent,✅,0.9647335619007459
12,67,nap,incongruent,✅,0.05464939977000732
12,67,selfie,incongruent,✅,0.023534244609510493
12,68,diaper,congruent,✅,0.9914990527990608
12,68,tire,congruent,✅,0.9757865212736494
12,68,diaper,incongruent,✅,0.0038527118411557414
12,68,tire,incongruent,✅,0.023039535897049192
12,69,chemotherapy,congruent,✅,0.9167303003980972
12,69,golf,congruent,✅,0.9959763569085467
12,69,chemotherapy,incongruent,✅,0.009324278006173744
12,69,golf,incongruent,✅,0.11636120037180636
12,7,consensus,congruent,✅,0.7193989218006217
12,7,deadlock,congruent,❌,0.35198901806687505
12,7,consensus,incongruent,✅,0.38135630775065404
12,7,deadlock,incongruent,❌,0.5755027255607421
12,70,thunder,congruent,✅,0.9933629050985641
12,70,lullaby,congruent,✅,0.992430895185186
12,70,thunder,incongruent,✅,0.11359780372149714
12,70,lullaby,incongruent,✅,0.019594965843395814
12,71,pajamas,congruent,✅,0.9119581773987626
12,71,uniform,congruent,✅,0.945076476255972
12,71,pajamas,incongruent,✅,0.08189278061276821
12,71,uniform,incongruent,✅,0.3442048131146389
12,72,gown,congruent,✅,0.996336578077262
12,72,sweats,congruent,✅,0.731591553475474
12,72,gown,incongruent,✅,0.21759813409017628
12,72,sweats,incongruent,✅,0.37079116341977403
12,73,deadline,congruent,❌,0.36018829275926195
12,73,bed,congruent,✅,0.9935407642858065
12,73,deadline,incongruent,✅,0.035614939855374214
12,73,bed,incongruent,✅,0.06285511923814695
12,74,kindergarten,congruent,✅,0.7507127807297904
12,74,jail,congruent,❌,0.25799292323358813
12,74,kindergarten,incongruent,✅,0.00917008763058277
12,74,jail,incongruent,✅,0.10887126917633637
12,75,interrogated,congruent,✅,0.8495890151175163
12,75,tickled,congruent,✅,0.7702517427565568
12,75,interrogated,incongruent,✅,0.019421241084319047
12,75,tickled,incongruent,✅,0.13297728020583732
12,76,sandcastle,congruent,✅,0.9626003271843488
12,76,snowman,congruent,✅,0.9958040779002107
12,76,sandcastle,incongruent,✅,0.45895525072833326
12,76,snowman,incongruent,❌,0.6815752570211536
12,77,music,congruent,✅,0.9968471213570802
12,77,pizza,congruent,✅,0.9953129965821815
12,77,music,incongruent,✅,0.016137111063290084
12,77,pizza,incongruent,✅,0.00478977464924516
12,78,playoffs,congruent,✅,0.8022162826560252
12,78,cartoon,congruent,✅,0.9958687870000164
12,78,playoffs,incongruent,✅,0.14064602616858282
12,78,cartoon,incongruent,✅,0.009401447932336769
12,79,alcoholism,congruent,✅,0.9418007264572029
12,79,academics,congruent,✅,0.9398917050692487
12,79,alcoholism,incongruent,✅,0.012872732271162708
12,79,academics,incongruent,✅,0.3934873736659711
12,8,engagement,congruent,❌,0.35560296057068236
12,8,cancer,congruent,❌,0.4567109829656129
12,8,engagement,incongruent,✅,0.09005146079354603
12,8,cancer,incongruent,✅,0.09145800257648033
12,9,terminal,congruent,✅,0.9866110303532827
12,9,classroom,congruent,✅,0.8080185189108833
12,9,terminal,incongruent,✅,0.005554636022201712
12,9,classroom,incongruent,✅,0.025009483130861373
13,0,library,congruent,✅,0.7843835968258998
13,0,refrigerator,congruent,❌,0.2638506858624973
13,0,library,incongruent,✅,0.014542469221754322
13,0,refrigerator,incongruent,✅,0.008367556828107303
13,1,disappointment,congruent,✅,0.5236040140344823
13,1,delight,congruent,❌,0.28060733419137923
13,1,disappointment,incongruent,✅,0.035086260802083186
13,1,delight,incongruent,❌,0.66860175764505
13,10,cash,congruent,✅,0.9390967094923922
13,10,groceries,congruent,✅,0.9779050481861411
13,10,cash,incongruent,✅,0.49991875186934503
13,10,groceries,incongruent,✅,0.2635954565332485
13,11,lonely,congruent,✅,0.7464840581648818
13,11,confident,congruent,✅,0.8751758653562418
13,11,lonely,incongruent,✅,0.29293807504829505
13,11,confident,incongruent,✅,0.185034548329531
13,12,joy,congruent,✅,0.9780961005140026
13,12,outrage,congruent,✅,0.5387158461072271
13,12,joy,incongruent,✅,0.08854529114886091
13,12,outrage,incongruent,❌,0.757745808187351
13,13,traffic,congruent,✅,0.8901624987507585
13,13,snowstorm,congruent,✅,0.9874578697229869
13,13,traffic,incongruent,❌,0.75928989545109
13,13,snowstorm,incongruent,❌,0.7464977680315266
13,14,laughter,congruent,✅,0.9570492883593228
13,14,frustration,congruent,✅,0.8097814429617418
13,14,laughter,incongruent,✅,0.44206079293491063
13,14,frustration,incongruent,❌,0.6928205998824895
13,15,calculator,congruent,✅,0.9539555892408246
13,15,instrument,congruent,✅,0.8912157919474281
13,15,calculator,incongruent,✅,0.37316679277449005
13,15,instrument,incongruent,✅,0.3194513190964856
13,16,orchestra,congruent,✅,0.9693549131723428
13,16,racers,congruent,✅,0.9187803248617951
13,16,orchestra,incongruent,✅,0.024149828205056803
13,16,racers,incongruent,✅,0.04663649159590924
13,17,retirement,congruent,✅,0.869405329345199
13,17,playdate,congruent,✅,0.767851806246593
13,17,retirement,incongruent,✅,0.07158723130352727
13,17,playdate,incongruent,✅,0.014388090490904795
13,18,relieved,congruent,✅,0.6503691686784915
13,18,depressed,congruent,❌,0.1862601413915623
13,18,relieved,incongruent,✅,0.13936212074408924
13,18,depressed,incongruent,❌,0.71426200006018
13,19,friends,congruent,❌,0.33242484628578634
13,19,weight,congruent,✅,0.61688447361063
13,19,friends,incongruent,✅,0.29589603809400195
13,19,weight,incongruent,✅,0.1786320059066919
13,2,overcoat,congruent,✅,0.5387968878830897
13,2,sandals,congruent,✅,0.7553443626905414
13,2,overcoat,incongruent,❌,0.5683342403259214
13,2,sandals,incongruent,✅,0.06080116384297231
13,20,lipstick,congruent,✅,0.9369748712023886
13,20,song,congruent,✅,0.8596879292454256
13,20,lipstick,incongruent,✅,0.011288630671637562
13,20,song,incongruent,✅,0.13147995202483276
13,21,fought,congruent,❌,0.05036928828563204
13,21,sang,congruent,✅,0.8007367609118893
13,21,fought,incongruent,✅,0.10792377611124034
13,21,sang,incongruent,✅,0.03043325833809882
13,22,skeptical,congruent,❌,0.13681797564820875
13,22,reassured,congruent,❌,0.42576804978284183
13,22,skeptical,incongruent,✅,0.2783175064462117
13,22,reassured,incongruent,✅,0.14712526710499657
13,23,graduation,congruent,✅,0.9910094056736182
13,23,operation,congruent,✅,0.9490671743178906
13,23,graduation,incongruent,✅,0.048678438943275934
13,23,operation,incongruent,✅,0.20039519872617595
13,24,bride,congruent,✅,0.9971844901411271
13,24,aftermath,congruent,✅,0.9439427025622449
13,24,bride,incongruent,✅,0.33939220865717257
13,24,aftermath,incongruent,✅,0.029021536322517867
13,25,teacher,congruent,✅,0.8514598572176162
13,25,daughter,congruent,✅,0.9546985453601897
13,25,teacher,incongruent,✅,0.3271352271711604
13,25,daughter,incongruent,❌,0.6880283089629206
13,26,roommate,congruent,❌,0.440306710580238
13,26,grandma,congruent,✅,0.9337840117449092
13,26,roommate,incongruent,✅,0.06825501135870768
13,26,grandma,incongruent,✅,0.08149233740115314
13,27,brother,congruent,✅,0.5908268542421763
13,27,mother,congruent,✅,0.5480437098827599
13,27,brother,incongruent,❌,0.5408953685426618
13,27,mother,incongruent,✅,0.32981390088764323
13,28,preschool,congruent,✅,0.7792645443100695
13,28,prison,congruent,✅,0.8725937966208699
13,28,preschool,incongruent,✅,0.01687384399607967
13,28,prison,incongruent,✅,0.00048006027549479335
13,29,hopeful,congruent,❌,0.3812869556390833
13,29,hopeless,congruent,✅,0.7698397598574672
13,29,hopeful,incongruent,✅,0.21485415579593445
13,29,hopeless,incongruent,✅,0.32500636532000154
13,3,marathon,congruent,✅,0.9331845271606911
13,3,exam,congruent,✅,0.6730852464034283
13,3,marathon,incongruent,✅,0.02051465035313087
13,3,exam,incongruent,✅,0.015096866500642467
13,30,appalled,congruent,❌,0.2575252751320489
13,30,overjoyed,congruent,✅,0.5689890230660289
13,30,appalled,incongruent,✅,0.3708971020782046
13,30,overjoyed,incongruent,✅,0.1692757151405925
13,31,reprimand,congruent,✅,0.6866654515344005
13,31,encouragement,congruent,✅,0.6222645248775837
13,31,reprimand,incongruent,✅,0.4428391031230311
13,31,encouragement,incongruent,✅,0.1496621214262127
13,32,angrily,congruent,✅,0.9164776364692296
13,32,cordially,congruent,✅,0.8542323258826698
13,32,angrily,incongruent,❌,0.5053358671015351
13,32,cordially,incongruent,✅,0.4721646397023936
13,33,accusatory,congruent,✅,0.9539954148107472
13,33,flirtatious,congruent,✅,0.8982345561829834
13,33,accusatory,incongruent,❌,0.8141751342940072
13,33,flirtatious,incongruent,❌,0.6563811109029314
13,34,disapprovingly,congruent,❌,0.3752184671189827
13,34,lovingly,congruent,❌,0.4338432897637656
13,34,disapprovingly,incongruent,✅,0.2076320681316457
13,34,lovingly,incongruent,✅,0.26086145817836504
13,35,playful,congruent,✅,0.641189507229436
13,35,distant,congruent,✅,0.5360997311423705
13,35,playful,incongruent,❌,0.6329045616719593
13,35,distant,incongruent,✅,0.18462734874020426
13,36,headphones,congruent,✅,0.7224946725385745
13,36,mangoes,congruent,✅,0.9791681632837638
13,36,headphones,incongruent,✅,0.09732979379757631
13,36,mangoes,incongruent,✅,0.007103055914760028
13,37,playroom,congruent,✅,0.9526665402609797
13,37,park,congruent,✅,0.9824125937552828
13,37,playroom,incongruent,❌,0.6637913522446758
13,37,park,incongruent,❌,0.9506304535806744
13,38,bedroom,congruent,✅,0.9893961469167896
13,38,backyard,congruent,✅,0.9708263099563522
13,38,bedroom,incongruent,✅,0.39477005655166203
13,38,backyard,incongruent,✅,0.026768181398868874
13,39,solemnly,congruent,❌,0.33432742099739415
13,39,excitedly,congruent,✅,0.7552302315632246
13,39,solemnly,incongruent,✅,0.42741771753898333
13,39,excitedly,incongruent,✅,0.17646784271449076
13,4,menu,congruent,✅,0.9600778313462341
13,4,prescription,congruent,✅,0.9753698615784396
13,4,menu,incongruent,✅,0.15824082321213487
13,4,prescription,incongruent,✅,0.22412957038211098
13,40,car,congruent,✅,0.8475218666402347
13,40,sock,congruent,❌,0.2823007288418679
13,40,car,incongruent,✅,0.1078151538462763
13,40,sock,incongruent,✅,0.001961213855391678
13,41,overdressed,congruent,✅,0.8816617584930273
13,41,naked,congruent,✅,0.7870607990724413
13,41,overdressed,incongruent,✅,0.4306886817006062
13,41,naked,incongruent,❌,0.6500496101159404
13,42,shy,congruent,✅,0.941336910496602
13,42,lively,congruent,✅,0.9391828494883923
13,42,shy,incongruent,❌,0.8566013236362723
13,42,lively,incongruent,❌,0.9313023937684156
13,43,offended,congruent,✅,0.8417720707203272
13,43,flattered,congruent,✅,0.7858657808358901
13,43,offended,incongruent,❌,0.7139610881945977
13,43,flattered,incongruent,❌,0.5900265923840624
13,44,grandkid,congruent,✅,0.841767721471449
13,44,cellmate,congruent,✅,0.9656496899730393
13,44,grandkid,incongruent,✅,0.13260597331647622
13,44,cellmate,incongruent,✅,0.16477910165499302
13,45,promoted,congruent,✅,0.7618771168972989
13,45,fired,congruent,❌,0.4469991329077643
13,45,promoted,incongruent,✅,0.4543276068678695
13,45,fired,incongruent,❌,0.5807701580943798
13,46,shooting,congruent,❌,0.4759813517070472
13,46,celebration,congruent,❌,0.22011727646636103
13,46,shooting,incongruent,✅,0.01609108630194413
13,46,celebration,incongruent,✅,0.2648320303549985
13,47,crayon,congruent,❌,0.46614478922974056
13,47,beer,congruent,✅,0.9945063865997221
13,47,crayon,incongruent,✅,0.0012422836136556788
13,47,beer,incongruent,✅,0.0006238429343495325
13,48,waiter,congruent,✅,0.78432352999135
13,48,taxi,congruent,✅,0.6891462881899205
13,48,waiter,incongruent,✅,0.05767379181344316
13,48,taxi,incongruent,✅,0.03612222706257411
13,49,parents,congruent,✅,0.7434775506887065
13,49,keys,congruent,✅,0.8972878299616598
13,49,parents,incongruent,✅,0.1238638285739913
13,49,keys,incongruent,✅,0.3171075480598054
13,5,distress,congruent,✅,0.9240879252893198
13,5,tranquility,congruent,❌,0.30241407128755876
13,5,distress,incongruent,✅,0.08593895819311459
13,5,tranquility,incongruent,✅,0.44525417397600625
13,50,sofa,congruent,✅,0.9931577253347232
13,50,sky,congruent,✅,0.9197489846486758
13,50,sofa,incongruent,✅,0.2949665116559477
13,50,sky,incongruent,✅,0.15139146173619591
13,51,obesity,congruent,❌,0.41594573530580825
13,51,homework,congruent,✅,0.9419885530009618
13,51,obesity,incongruent,✅,0.005879771284848579
13,51,homework,incongruent,✅,0.1263867850863937
13,52,quiz,congruent,✅,0.9744911132562024
13,52,commute,congruent,✅,0.990574631359847
13,52,quiz,incongruent,❌,0.53445829569087
13,52,commute,incongruent,✅,0.023151104711356053
13,53,migraine,congruent,✅,0.9807107943171234
13,53,excitement,congruent,❌,0.2348264444924014
13,53,migraine,incongruent,✅,0.007847638402261974
13,53,excitement,incongruent,✅,0.3740060395123328
13,54,niece,congruent,✅,0.6525997488034002
13,54,husband,congruent,✅,0.7241392124175642
13,54,niece,incongruent,❌,0.840808551192008
13,54,husband,incongruent,✅,0.33270086144355393
13,55,film,congruent,❌,0.3501539253960087
13,55,sunrise,congruent,✅,0.987475141529729
13,55,film,incongruent,✅,0.035319152094518434
13,55,sunrise,incongruent,✅,0.0706400990251413
13,56,lecture,congruent,✅,0.9883783775348413
13,56,banquet,congruent,✅,0.9525185232536789
13,56,lecture,incongruent,✅,0.02122369532972357
13,56,banquet,incongruent,✅,0.013042190176562411
13,57,drink,congruent,✅,0.9980738585563098
13,57,textbook,congruent,✅,0.994210482439649
13,57,drink,incongruent,✅,0.009340717222992786
13,57,textbook,incongruent,✅,0.37276288858893397
13,58,pool,congruent,✅,0.9861662289365063
13,58,snow,congruent,❌,0.20751371769392826
13,58,pool,incongruent,✅,0.031179177423965358
13,58,snow,incongruent,✅,0.024787135653808794
13,59,passport,congruent,✅,0.9446570244774477
13,59,plushy,congruent,✅,0.9911904611853105
13,59,passport,incongruent,✅,0.11322177520224139
13,59,plushy,incongruent,✅,0.24372280871598817
13,6,patients,congruent,✅,0.9753877348971618
13,6,students,congruent,✅,0.9703208184442083
13,6,patients,incongruent,✅,0.003415384210384652
13,6,students,incongruent,✅,0.004354069395914102
13,60,sister,congruent,❌,0.4596263791866073
13,60,father,congruent,✅,0.8840573178350952
13,60,sister,incongruent,✅,0.29059323602244697
13,60,father,incongruent,✅,0.44080012473993135
13,61,game,congruent,✅,0.9802360713028443
13,61,sunset,congruent,✅,0.7600427053090154
13,61,game,incongruent,✅,0.049115596638740204
13,61,sunset,incongruent,✅,0.09158678263526705
13,62,holidays,congruent,✅,0.5806617275792202
13,62,funeral,congruent,✅,0.9623531157101296
13,62,holidays,incongruent,✅,0.03385194321905101
13,62,funeral,incongruent,✅,0.2127049809408088
13,63,grades,congruent,✅,0.7754242800168567
13,63,affair,congruent,✅,0.6875896892920387
13,63,grades,incongruent,✅,0.13358421532620807
13,63,affair,incongruent,✅,0.13504777201253154
13,64,arrest,congruent,✅,0.912206347878645
13,64,stroke,congruent,❌,0.04123896427393295
13,64,arrest,incongruent,✅,0.030800439355697887
13,64,stroke,incongruent,✅,0.20712167878023707
13,65,pacifier,congruent,✅,0.886558219991735
13,65,coffee,congruent,✅,0.9554107965244075
13,65,pacifier,incongruent,✅,0.006740911799907601
13,65,coffee,incongruent,✅,0.024763476686479352
13,66,sweets,congruent,✅,0.9777449674780611
13,66,sentencing,congruent,✅,0.9812973587499451
13,66,sweets,incongruent,✅,0.004180972311924937
13,66,sentencing,incongruent,✅,0.0033012290509955734
13,67,nap,congruent,✅,0.975669017464669
13,67,selfie,congruent,✅,0.969853705893317
13,67,nap,incongruent,✅,0.07303177660669219
13,67,selfie,incongruent,✅,0.02364829199452067
13,68,diaper,congruent,✅,0.9888661751418776
13,68,tire,congruent,✅,0.9813219270133511
13,68,diaper,incongruent,✅,0.01002937700820303
13,68,tire,incongruent,✅,0.04561206653496605
13,69,chemotherapy,congruent,✅,0.8923751720124923
13,69,golf,congruent,✅,0.9955818629771974
13,69,chemotherapy,incongruent,✅,0.015616576397091166
13,69,golf,incongruent,✅,0.13354418521654982
13,7,consensus,congruent,✅,0.8260582150460258
13,7,deadlock,congruent,❌,0.2747829631325465
13,7,consensus,incongruent,✅,0.2716682674220572
13,7,deadlock,incongruent,❌,0.7786768690066366
13,70,thunder,congruent,✅,0.9819476882568295
13,70,lullaby,congruent,✅,0.9878033955139516
13,70,thunder,incongruent,✅,0.14221840245464681
13,70,lullaby,incongruent,✅,0.016347577069558975
13,71,pajamas,congruent,✅,0.9018447350661939
13,71,uniform,congruent,✅,0.9501969843734286
13,71,pajamas,incongruent,✅,0.10579725567202833
13,71,uniform,incongruent,✅,0.22423225735791277
13,72,gown,congruent,✅,0.9952029865286547
13,72,sweats,congruent,✅,0.8318825868015397
13,72,gown,incongruent,✅,0.43134185955653503
13,72,sweats,incongruent,✅,0.21141699128464228
13,73,deadline,congruent,❌,0.2611329924528897
13,73,bed,congruent,✅,0.9908609621082584
13,73,deadline,incongruent,✅,0.05493678090998059
13,73,bed,incongruent,✅,0.03297121899705532
13,74,kindergarten,congruent,✅,0.8057834135433145
13,74,jail,congruent,✅,0.5353283738021176
13,74,kindergarten,incongruent,✅,0.02383168466010456
13,74,jail,incongruent,✅,0.1878340864871562
13,75,interrogated,congruent,✅,0.6682383291620212
13,75,tickled,congruent,✅,0.9400677724605121
13,75,interrogated,incongruent,✅,0.14039503903536224
13,75,tickled,incongruent,✅,0.04094243854628294
13,76,sandcastle,congruent,✅,0.9318759092760472
13,76,snowman,congruent,✅,0.9945200826860885
13,76,sandcastle,incongruent,❌,0.5417385778398076
13,76,snowman,incongruent,❌,0.6042864799908236
13,77,music,congruent,✅,0.9968865128707916
13,77,pizza,congruent,✅,0.9943280449233364
13,77,music,incongruent,✅,0.03173866268553458
13,77,pizza,incongruent,✅,0.010763219991326229
13,78,playoffs,congruent,✅,0.6989034221394318
13,78,cartoon,congruent,✅,0.9950150577821059
13,78,playoffs,incongruent,✅,0.26897183320108053
13,78,cartoon,incongruent,✅,0.015588703739310941
13,79,alcoholism,congruent,✅,0.9478098763183215
13,79,academics,congruent,✅,0.9648644878454034
13,79,alcoholism,incongruent,✅,0.07389408545396559
13,79,academics,incongruent,✅,0.4443415259748613
13,8,engagement,congruent,❌,0.45967750387069045
13,8,cancer,congruent,❌,0.4291674021934556
13,8,engagement,incongruent,✅,0.08578585236482462
13,8,cancer,incongruent,✅,0.1725476181871784
13,9,terminal,congruent,✅,0.9846957608920676
13,9,classroom,congruent,✅,0.74196710007205
13,9,terminal,incongruent,✅,0.005950413335523446
13,9,classroom,incongruent,✅,0.03084006614224942
14,0,library,congruent,✅,0.6851402812371159
14,0,refrigerator,congruent,❌,0.14818800151094424
14,0,library,incongruent,✅,0.007588624659721756
14,0,refrigerator,incongruent,✅,0.006713420452222163
14,1,disappointment,congruent,✅,0.7049087058555217
14,1,delight,congruent,❌,0.11309306729401736
14,1,disappointment,incongruent,✅,0.010928352626166466
14,1,delight,incongruent,❌,0.7811298062991116
14,10,cash,congruent,✅,0.8747369876076391
14,10,groceries,congruent,✅,0.9733027329120507
14,10,cash,incongruent,✅,0.4386976522604408
14,10,groceries,incongruent,✅,0.1665047963675671
14,11,lonely,congruent,❌,0.4065627958260744
14,11,confident,congruent,✅,0.8404261683333306
14,11,lonely,incongruent,✅,0.27435319492399807
14,11,confident,incongruent,✅,0.05047943848376436
14,12,joy,congruent,✅,0.986588453687555
14,12,outrage,congruent,✅,0.7367665692923089
14,12,joy,incongruent,✅,0.2954777245676802
14,12,outrage,incongruent,❌,0.8168222096944063
14,13,traffic,congruent,✅,0.9760537689667873
14,13,snowstorm,congruent,✅,0.9916469595080574
14,13,traffic,incongruent,❌,0.8248402997423437
14,13,snowstorm,incongruent,❌,0.9225295434506804
14,14,laughter,congruent,✅,0.9813342026826793
14,14,frustration,congruent,✅,0.8990755119816731
14,14,laughter,incongruent,❌,0.6604282515126183
14,14,frustration,incongruent,❌,0.8433160069095974
14,15,calculator,congruent,✅,0.9857879901851199
14,15,instrument,congruent,✅,0.892383520562248
14,15,calculator,incongruent,✅,0.4944075256783148
14,15,instrument,incongruent,✅,0.43082970330551673
14,16,orchestra,congruent,✅,0.9567509912225988
14,16,racers,congruent,✅,0.9637266302163225
14,16,orchestra,incongruent,✅,0.07999639514719742
14,16,racers,incongruent,✅,0.058200836274803505
14,17,retirement,congruent,✅,0.962825457974112
14,17,playdate,congruent,✅,0.7586201955492213
14,17,retirement,incongruent,✅,0.04634916969248556
14,17,playdate,incongruent,✅,0.027582024767891823
14,18,relieved,congruent,✅,0.6748559757216831
14,18,depressed,congruent,❌,0.14531853676523335
14,18,relieved,incongruent,✅,0.08218725594092632
14,18,depressed,incongruent,❌,0.7063848477928548
14,19,friends,congruent,✅,0.6061529659544742
14,19,weight,congruent,✅,0.5719616608262671
14,19,friends,incongruent,✅,0.3066201888009626
14,19,weight,incongruent,✅,0.42964683398654235
14,2,overcoat,congruent,❌,0.4703995349308711
14,2,sandals,congruent,✅,0.8706386565092997
14,2,overcoat,incongruent,❌,0.6451763369869851
14,2,sandals,incongruent,✅,0.061191140299723494
14,20,lipstick,congruent,✅,0.9230777193468094
14,20,song,congruent,✅,0.8772033203398718
14,20,lipstick,incongruent,✅,0.019497586794726292
14,20,song,incongruent,✅,0.08760551600980906
14,21,fought,congruent,❌,0.028199651067357136
14,21,sang,congruent,✅,0.6574985165748712
14,21,fought,incongruent,✅,0.06391017017644425
14,21,sang,incongruent,✅,0.013125971977279893
14,22,skeptical,congruent,❌,0.21434831847392852
14,22,reassured,congruent,❌,0.47305545934139775
14,22,skeptical,incongruent,✅,0.31898640496181024
14,22,reassured,incongruent,✅,0.20622693640341597
14,23,graduation,congruent,✅,0.9890986902342757
14,23,operation,congruent,✅,0.9581273354477327
14,23,graduation,incongruent,✅,0.04474571148223208
14,23,operation,incongruent,✅,0.20736478084177168
14,24,bride,congruent,✅,0.9946721810590499
14,24,aftermath,congruent,✅,0.9652024493390885
14,24,bride,incongruent,✅,0.43779831588408613
14,24,aftermath,incongruent,✅,0.01620114862251342
14,25,teacher,congruent,✅,0.8085734565772784
14,25,daughter,congruent,✅,0.8341660834991903
14,25,teacher,incongruent,✅,0.11860217166476321
14,25,daughter,incongruent,❌,0.5695954306295038
14,26,roommate,congruent,❌,0.36836621533694053
14,26,grandma,congruent,✅,0.9048999204988402
14,26,roommate,incongruent,✅,0.023211875167714616
14,26,grandma,incongruent,✅,0.06763379491265269
14,27,brother,congruent,✅,0.5131186796986573
14,27,mother,congruent,✅,0.5722293110785811
14,27,brother,incongruent,✅,0.450124057971141
14,27,mother,incongruent,✅,0.3317564950315859
14,28,preschool,congruent,✅,0.8392511120097337
14,28,prison,congruent,✅,0.7931221007042227
14,28,preschool,incongruent,✅,0.012619312419326538
14,28,prison,incongruent,✅,0.0017118312879507032
14,29,hopeful,congruent,❌,0.41162089508812694
14,29,hopeless,congruent,✅,0.8761211669901494
14,29,hopeful,incongruent,✅,0.40457639788970245
14,29,hopeless,incongruent,✅,0.25608146402897897
14,3,marathon,congruent,✅,0.9624639419428538
14,3,exam,congruent,✅,0.6606182229650932
14,3,marathon,incongruent,✅,0.03936697480689007
14,3,exam,incongruent,✅,0.04956016657380503
14,30,appalled,congruent,❌,0.2776079395832797
14,30,overjoyed,congruent,✅,0.5361187761486969
14,30,appalled,incongruent,✅,0.3003294095465409
14,30,overjoyed,incongruent,✅,0.18439491632657484
14,31,reprimand,congruent,✅,0.8068088816212795
14,31,encouragement,congruent,✅,0.774181741470495
14,31,reprimand,incongruent,❌,0.6088317353875413
14,31,encouragement,incongruent,✅,0.3010377795625207
14,32,angrily,congruent,✅,0.9200424481635946
14,32,cordially,congruent,✅,0.8451602534538856
14,32,angrily,incongruent,✅,0.4350675874534785
14,32,cordially,incongruent,✅,0.4831878708671687
14,33,accusatory,congruent,✅,0.9269285047999022
14,33,flirtatious,congruent,✅,0.9114142322352571
14,33,accusatory,incongruent,❌,0.8132839003299384
14,33,flirtatious,incongruent,❌,0.5786914491458562
14,34,disapprovingly,congruent,❌,0.23504078090382227
14,34,lovingly,congruent,❌,0.363636491284345
14,34,disapprovingly,incongruent,✅,0.12245603212301975
14,34,lovingly,incongruent,✅,0.12266391375925022
14,35,playful,congruent,✅,0.7286931230457925
14,35,distant,congruent,✅,0.5134532427607665
14,35,playful,incongruent,❌,0.5517467612753928
14,35,distant,incongruent,✅,0.31026486183821755
14,36,headphones,congruent,✅,0.6692631640170895
14,36,mangoes,congruent,✅,0.9835688273606682
14,36,headphones,incongruent,✅,0.14656624228454945
14,36,mangoes,incongruent,✅,0.015184293726019638
14,37,playroom,congruent,✅,0.9297339720320509
14,37,park,congruent,✅,0.9757787425711292
14,37,playroom,incongruent,❌,0.6220643861498373
14,37,park,incongruent,❌,0.9338135505212636
14,38,bedroom,congruent,✅,0.9876559495601716
14,38,backyard,congruent,✅,0.97980051438692
14,38,bedroom,incongruent,✅,0.4827021530966668
14,38,backyard,incongruent,✅,0.04991036878367705
14,39,solemnly,congruent,❌,0.4714527800268326
14,39,excitedly,congruent,✅,0.8108737596841618
14,39,solemnly,incongruent,✅,0.4830598247546086
14,39,excitedly,incongruent,✅,0.28610492338959354
14,4,menu,congruent,✅,0.9650029236010825
14,4,prescription,congruent,✅,0.9779497929889766
14,4,menu,incongruent,✅,0.2697008894969314
14,4,prescription,incongruent,✅,0.32907986810465145
14,40,car,congruent,✅,0.9258395040504952
14,40,sock,congruent,❌,0.2467631010356064
14,40,car,incongruent,✅,0.10428864666475679
14,40,sock,incongruent,✅,0.006745746397235776
14,41,overdressed,congruent,✅,0.8254614931561679
14,41,naked,congruent,✅,0.8855576213794589
14,41,overdressed,incongruent,❌,0.544215223922088
14,41,naked,incongruent,❌,0.6752405888542458
14,42,shy,congruent,✅,0.9344545375526191
14,42,lively,congruent,✅,0.9057655772896587
14,42,shy,incongruent,❌,0.8070029209341665
14,42,lively,incongruent,❌,0.924996093665044
14,43,offended,congruent,✅,0.6190621468783881
14,43,flattered,congruent,✅,0.9103737274764041
14,43,offended,incongruent,❌,0.8605105084396373
14,43,flattered,incongruent,✅,0.2641275179404677
14,44,grandkid,congruent,✅,0.6485825989346726
14,44,cellmate,congruent,✅,0.9808834403799335
14,44,grandkid,incongruent,✅,0.3547006735020517
14,44,cellmate,incongruent,✅,0.07520160026851065
14,45,promoted,congruent,✅,0.7377612487974028
14,45,fired,congruent,✅,0.5740250785504946
14,45,promoted,incongruent,❌,0.5389308145351157
14,45,fired,incongruent,❌,0.5535671422308801
14,46,shooting,congruent,❌,0.3303552394245885
14,46,celebration,congruent,❌,0.10715478977290788
14,46,shooting,incongruent,✅,0.010236302262671282
14,46,celebration,incongruent,✅,0.12901970645637623
14,47,crayon,congruent,✅,0.5351874906379877
14,47,beer,congruent,✅,0.9970348882579747
14,47,crayon,incongruent,✅,0.00299956070122727
14,47,beer,incongruent,✅,0.0019963182462394463
14,48,waiter,congruent,✅,0.7282143544747072
14,48,taxi,congruent,✅,0.6705962156110694
14,48,waiter,incongruent,✅,0.0685825742993209
14,48,taxi,incongruent,✅,0.02720064165358806
14,49,parents,congruent,✅,0.6588526290026704
14,49,keys,congruent,✅,0.9587947998630686
14,49,parents,incongruent,✅,0.20821285421780594
14,49,keys,incongruent,✅,0.272523968511038
14,5,distress,congruent,✅,0.9419460696120001
14,5,tranquility,congruent,❌,0.22917709995685245
14,5,distress,incongruent,✅,0.05666989844652802
14,5,tranquility,incongruent,✅,0.49622937723813887
14,50,sofa,congruent,✅,0.9955049072515949
14,50,sky,congruent,✅,0.9326894271197322
14,50,sofa,incongruent,✅,0.39392305391042604
14,50,sky,incongruent,✅,0.30522476054587544
14,51,obesity,congruent,❌,0.34169115371524067
14,51,homework,congruent,✅,0.9309530714070471
14,51,obesity,incongruent,✅,0.006941102125180191
14,51,homework,incongruent,✅,0.11010779944844953
14,52,quiz,congruent,✅,0.92216627292889
14,52,commute,congruent,✅,0.9864473910698546
14,52,quiz,incongruent,✅,0.4098241360043763
14,52,commute,incongruent,✅,0.018676990023536205
14,53,migraine,congruent,✅,0.980668040621614
14,53,excitement,congruent,❌,0.1918021533975062
14,53,migraine,incongruent,✅,0.007219256861664124
14,53,excitement,incongruent,✅,0.3390056206577542
14,54,niece,congruent,✅,0.6579030964632283
14,54,husband,congruent,✅,0.6375883808795021
14,54,niece,incongruent,❌,0.7848118685892963
14,54,husband,incongruent,✅,0.3828023046506641
14,55,film,congruent,❌,0.3796209396103679
14,55,sunrise,congruent,✅,0.992764014638867
14,55,film,incongruent,✅,0.10674137438723862
14,55,sunrise,incongruent,✅,0.0997600469571282
14,56,lecture,congruent,✅,0.9776615687417034
14,56,banquet,congruent,✅,0.9456473223809653
14,56,lecture,incongruent,✅,0.0575066222874612
14,56,banquet,incongruent,✅,0.009245436266524647
14,57,drink,congruent,✅,0.9985195652448354
14,57,textbook,congruent,✅,0.9915224718244666
14,57,drink,incongruent,✅,0.004320353157455355
14,57,textbook,incongruent,✅,0.3761664780987422
14,58,pool,congruent,✅,0.9832300233838784
14,58,snow,congruent,❌,0.1462772689387669
14,58,pool,incongruent,✅,0.023164090556473792
14,58,snow,incongruent,✅,0.029895515415171953
14,59,passport,congruent,✅,0.931743629600465
14,59,plushy,congruent,✅,0.9831041829139738
14,59,passport,incongruent,✅,0.0778347471499376
14,59,plushy,incongruent,✅,0.21321724453904556
14,6,patients,congruent,✅,0.969273754989023
14,6,students,congruent,✅,0.9535377690840245
14,6,patients,incongruent,✅,0.005300937437011099
14,6,students,incongruent,✅,0.0035156885476116846
14,60,sister,congruent,✅,0.584090694280477
14,60,father,congruent,✅,0.8970744438931069
14,60,sister,incongruent,✅,0.34305796256068655
14,60,father,incongruent,✅,0.4872091386085885
14,61,game,congruent,✅,0.9883189688244676
14,61,sunset,congruent,✅,0.7913937825371445
14,61,game,incongruent,✅,0.05163390089156271
14,61,sunset,incongruent,✅,0.15064153908430175
14,62,holidays,congruent,✅,0.6828334313190737
14,62,funeral,congruent,✅,0.9837476236308857
14,62,holidays,incongruent,✅,0.16850207647767185
14,62,funeral,incongruent,✅,0.29851337699732633
14,63,grades,congruent,✅,0.7720295972309253
14,63,affair,congruent,❌,0.4874530569779777
14,63,grades,incongruent,✅,0.07151302120057075
14,63,affair,incongruent,✅,0.1613168299542563
14,64,arrest,congruent,✅,0.9662762682939022
14,64,stroke,congruent,❌,0.06118499783568818
14,64,arrest,incongruent,✅,0.08037452120528871
14,64,stroke,incongruent,✅,0.4359496078364036
14,65,pacifier,congruent,✅,0.8281163822666071
14,65,coffee,congruent,✅,0.9142429576447749
14,65,pacifier,incongruent,✅,0.0038735999162753548
14,65,coffee,incongruent,✅,0.01084073052726263
14,66,sweets,congruent,✅,0.9754432831108013
14,66,sentencing,congruent,✅,0.9750469493364404
14,66,sweets,incongruent,✅,0.003943806073921875
14,66,sentencing,incongruent,✅,0.00727012489659604
14,67,nap,congruent,✅,0.9303694479002351
14,67,selfie,congruent,✅,0.974667467964436
14,67,nap,incongruent,✅,0.10043259894368504
14,67,selfie,incongruent,✅,0.007210737101841768
14,68,diaper,congruent,✅,0.8983251917791261
14,68,tire,congruent,✅,0.9357585332113573
14,68,diaper,incongruent,✅,0.0022774901212352407
14,68,tire,incongruent,✅,0.009208057652309995
14,69,chemotherapy,congruent,✅,0.875881265256408
14,69,golf,congruent,✅,0.9825613968002248
14,69,chemotherapy,incongruent,✅,0.005514284561423074
14,69,golf,incongruent,✅,0.178455840187569
14,7,consensus,congruent,✅,0.8630043505113846
14,7,deadlock,congruent,❌,0.29378389679160954
14,7,consensus,incongruent,✅,0.2708327504012284
14,7,deadlock,incongruent,❌,0.8269379192175194
14,70,thunder,congruent,✅,0.9563390221272328
14,70,lullaby,congruent,✅,0.9888183581248428
14,70,thunder,incongruent,✅,0.17641239308812848
14,70,lullaby,incongruent,✅,0.011870073863549026
14,71,pajamas,congruent,✅,0.8986442028564631
14,71,uniform,congruent,✅,0.9647456967941748
14,71,pajamas,incongruent,✅,0.21666794367831485
14,71,uniform,incongruent,✅,0.19781713429789521
14,72,gown,congruent,✅,0.9964700898750048
14,72,sweats,congruent,✅,0.6685892842425472
14,72,gown,incongruent,✅,0.27384373613594915
14,72,sweats,incongruent,✅,0.2255863745810294
14,73,deadline,congruent,❌,0.346135201985135
14,73,bed,congruent,✅,0.9917133022681425
14,73,deadline,incongruent,✅,0.0812707083638779
14,73,bed,incongruent,✅,0.05139826351234531
14,74,kindergarten,congruent,✅,0.7688549441533054
14,74,jail,congruent,✅,0.5019575661039747
14,74,kindergarten,incongruent,✅,0.024996867271605903
14,74,jail,incongruent,✅,0.21594411775932268
14,75,interrogated,congruent,✅,0.7749531461763677
14,75,tickled,congruent,✅,0.9630568484389826
14,75,interrogated,incongruent,✅,0.30612904557117543
14,75,tickled,incongruent,✅,0.06931318333829739
14,76,sandcastle,congruent,✅,0.9528428249841652
14,76,snowman,congruent,✅,0.9951787416295542
14,76,sandcastle,incongruent,❌,0.6568584130009054
14,76,snowman,incongruent,❌,0.668409720613197
14,77,music,congruent,✅,0.9968500320728959
14,77,pizza,congruent,✅,0.9958719097585715
14,77,music,incongruent,✅,0.009346994098730162
14,77,pizza,incongruent,✅,0.01727878355756035
14,78,playoffs,congruent,✅,0.6623584392149178
14,78,cartoon,congruent,✅,0.9961921073537637
14,78,playoffs,incongruent,✅,0.42328122636666204
14,78,cartoon,incongruent,✅,0.011701059527468716
14,79,alcoholism,congruent,✅,0.9357384128155429
14,79,academics,congruent,✅,0.8989571060994751
14,79,alcoholism,incongruent,✅,0.04423675635451679
14,79,academics,incongruent,✅,0.3679504195683406
14,8,engagement,congruent,✅,0.5500277940023967
14,8,cancer,congruent,❌,0.46774563053960616
14,8,engagement,incongruent,✅,0.1433862808805792
14,8,cancer,incongruent,✅,0.2000217289762519
14,9,terminal,congruent,✅,0.984587022664696
14,9,classroom,congruent,✅,0.7075719914736432
14,9,terminal,incongruent,✅,0.004266178052562995
14,9,classroom,incongruent,✅,0.07834032786599865
15,0,library,congruent,✅,0.8613991638635528
15,0,refrigerator,congruent,❌,0.493601568099334
15,0,library,incongruent,✅,0.011869059419935853
15,0,refrigerator,incongruent,✅,0.009677224754652092
15,1,disappointment,congruent,✅,0.6649185493617366
15,1,delight,congruent,✅,0.9115145183396296
15,1,disappointment,incongruent,✅,0.050858528832726305
15,1,delight,incongruent,✅,0.41754790579951107
15,10,cash,congruent,✅,0.9489401820523606
15,10,groceries,congruent,✅,0.9684786015467269
15,10,cash,incongruent,✅,0.2961032166244104
15,10,groceries,incongruent,✅,0.04992850217878985
15,11,lonely,congruent,✅,0.5943839935573112
15,11,confident,congruent,✅,0.7492660734927298
15,11,lonely,incongruent,✅,0.13337532154373472
15,11,confident,incongruent,✅,0.10825335797449495
15,12,joy,congruent,✅,0.9948942591746257
15,12,outrage,congruent,✅,0.5839529407002512
15,12,joy,incongruent,✅,0.13995258094692709
15,12,outrage,incongruent,❌,0.9234068472693281
15,13,traffic,congruent,✅,0.9919244976983993
15,13,snowstorm,congruent,✅,0.9911547786232338
15,13,traffic,incongruent,❌,0.8802637487048192
15,13,snowstorm,incongruent,❌,0.7149831644563348
15,14,laughter,congruent,✅,0.9703330577271048
15,14,frustration,congruent,✅,0.9850534140250996
15,14,laughter,incongruent,❌,0.6579136018437747
15,14,frustration,incongruent,❌,0.6362306315921907
15,15,calculator,congruent,✅,0.9406662060879458
15,15,instrument,congruent,✅,0.9255687648721465
15,15,calculator,incongruent,❌,0.5458077488118599
15,15,instrument,incongruent,✅,0.18413326145080613
15,16,orchestra,congruent,✅,0.9636452077566122
15,16,racers,congruent,✅,0.9743029260922531
15,16,orchestra,incongruent,✅,0.05452989147989131
15,16,racers,incongruent,✅,0.020523033811194916
15,17,retirement,congruent,✅,0.9278858292236409
15,17,playdate,congruent,✅,0.7350574075362287
15,17,retirement,incongruent,✅,0.054444809078821516
15,17,playdate,incongruent,✅,0.03685495151907487
15,18,relieved,congruent,❌,0.2776591342985467
15,18,depressed,congruent,❌,0.1331841121203461
15,18,relieved,incongruent,✅,0.015415597626940357
15,18,depressed,incongruent,✅,0.33818103976409786
15,19,friends,congruent,✅,0.5229978594374272
15,19,weight,congruent,✅,0.5649302345914158
15,19,friends,incongruent,✅,0.18687346327789117
15,19,weight,incongruent,✅,0.2550214332307521
15,2,overcoat,congruent,✅,0.8553468011735257
15,2,sandals,congruent,✅,0.8767716038970875
15,2,overcoat,incongruent,✅,0.004463800611288358
15,2,sandals,incongruent,✅,0.0062631623081470505
15,20,lipstick,congruent,✅,0.9341901724562033
15,20,song,congruent,✅,0.9603602997847274
15,20,lipstick,incongruent,✅,0.05335554497426226
15,20,song,incongruent,✅,0.04779274310153956
15,21,fought,congruent,❌,0.08384788775152621
15,21,sang,congruent,✅,0.7701627531387155
15,21,fought,incongruent,✅,0.06660656026990651
15,21,sang,incongruent,✅,0.016721508335982474
15,22,skeptical,congruent,❌,0.07472496057927551
15,22,reassured,congruent,❌,0.30260031113121666
15,22,skeptical,incongruent,✅,0.18735337812753838
15,22,reassured,incongruent,✅,0.033421205811500564
15,23,graduation,congruent,✅,0.9813411087221819
15,23,operation,congruent,✅,0.9433021688391078
15,23,graduation,incongruent,✅,0.010999034039082548
15,23,operation,incongruent,✅,0.049784507765009624
15,24,bride,congruent,✅,0.9872572203253637
15,24,aftermath,congruent,✅,0.9705347279565777
15,24,bride,incongruent,✅,0.06944590448413528
15,24,aftermath,incongruent,✅,0.0021987347942236347
15,25,teacher,congruent,✅,0.8807057211565736
15,25,daughter,congruent,✅,0.9216363904660045
15,25,teacher,incongruent,✅,0.1444438808313148
15,25,daughter,incongruent,❌,0.6796755940028318
15,26,roommate,congruent,✅,0.6064626667119126
15,26,grandma,congruent,✅,0.9309857538497661
15,26,roommate,incongruent,✅,0.03855053070666612
15,26,grandma,incongruent,✅,0.026920123875061697
15,27,brother,congruent,✅,0.68259957467505
15,27,mother,congruent,✅,0.882419711078009
15,27,brother,incongruent,❌,0.5885524082458358
15,27,mother,incongruent,✅,0.2702273151188278
15,28,preschool,congruent,✅,0.668290573149775
15,28,prison,congruent,✅,0.730809622759579
15,28,preschool,incongruent,✅,0.0015616554879371504
15,28,prison,incongruent,✅,0.0004838591773346428
15,29,hopeful,congruent,✅,0.6510173478673182
15,29,hopeless,congruent,✅,0.9709278009335147
15,29,hopeful,incongruent,❌,0.5328003279718962
15,29,hopeless,incongruent,✅,0.25331161493721016
15,3,marathon,congruent,✅,0.9631593243434339
15,3,exam,congruent,✅,0.6676663671342121
15,3,marathon,incongruent,✅,0.0070030837277125935
15,3,exam,incongruent,✅,0.07917424487241528
15,30,appalled,congruent,❌,0.23253006165753143
15,30,overjoyed,congruent,❌,0.33801938961544753
15,30,appalled,incongruent,✅,0.07927960320648327
15,30,overjoyed,incongruent,✅,0.08129570578809918
15,31,reprimand,congruent,✅,0.8083984622778764
15,31,encouragement,congruent,✅,0.6946518758105351
15,31,reprimand,incongruent,✅,0.14869276223047834
15,31,encouragement,incongruent,✅,0.20817681707870828
15,32,angrily,congruent,✅,0.9228872092939837
15,32,cordially,congruent,✅,0.5699291958186473
15,32,angrily,incongruent,✅,0.10720411453715371
15,32,cordially,incongruent,✅,0.056248843158764224
15,33,accusatory,congruent,✅,0.918942621476327
15,33,flirtatious,congruent,✅,0.9140636805163851
15,33,accusatory,incongruent,❌,0.7159595775219805
15,33,flirtatious,incongruent,✅,0.3117606280183869
15,34,disapprovingly,congruent,✅,0.8443604565860025
15,34,lovingly,congruent,✅,0.7065444658342849
15,34,disapprovingly,incongruent,✅,0.23679193295050652
15,34,lovingly,incongruent,✅,0.4144030273926393
15,35,playful,congruent,❌,0.4487167849544837
15,35,distant,congruent,❌,0.3493854562313863
15,35,playful,incongruent,✅,0.24047159134604681
15,35,distant,incongruent,✅,0.08280037894400707
15,36,headphones,congruent,✅,0.5996766473228985
15,36,mangoes,congruent,✅,0.9833119217200912
15,36,headphones,incongruent,✅,0.201608780679198
15,36,mangoes,incongruent,✅,0.003151578889614514
15,37,playroom,congruent,✅,0.9556086495815871
15,37,park,congruent,✅,0.9858027508578111
15,37,playroom,incongruent,❌,0.62220783342054
15,37,park,incongruent,❌,0.760797331418424
15,38,bedroom,congruent,✅,0.9637182176606715
15,38,backyard,congruent,✅,0.9721774093592074
15,38,bedroom,incongruent,✅,0.11332764062472904
15,38,backyard,incongruent,✅,0.046633103160938265
15,39,solemnly,congruent,✅,0.5516656931272609
15,39,excitedly,congruent,✅,0.8050208112422034
15,39,solemnly,incongruent,✅,0.4535297463587856
15,39,excitedly,incongruent,✅,0.1875033762936581
15,4,menu,congruent,✅,0.9860786205678397
15,4,prescription,congruent,✅,0.9887950219321451
15,4,menu,incongruent,✅,0.043312821878274836
15,4,prescription,incongruent,✅,0.32707882541489247
15,40,car,congruent,✅,0.9273054124859664
15,40,sock,congruent,❌,0.4190344842988735
15,40,car,incongruent,✅,0.1489228940534887
15,40,sock,incongruent,✅,0.012933014912663951
15,41,overdressed,congruent,✅,0.9095223292648338
15,41,naked,congruent,✅,0.5559039889236859
15,41,overdressed,incongruent,✅,0.08768945115211425
15,41,naked,incongruent,❌,0.5665404276794804
15,42,shy,congruent,✅,0.9761647312082832
15,42,lively,congruent,✅,0.9846355928009336
15,42,shy,incongruent,❌,0.9502456966843619
15,42,lively,incongruent,❌,0.9166330797581889
15,43,offended,congruent,✅,0.8380858113758507
15,43,flattered,congruent,✅,0.9815060352249019
15,43,offended,incongruent,❌,0.9085297280944072
15,43,flattered,incongruent,✅,0.4117090536393721
15,44,grandkid,congruent,✅,0.9482206123429505
15,44,cellmate,congruent,✅,0.9971120230643191
15,44,grandkid,incongruent,✅,0.45427882873432407
15,44,cellmate,incongruent,✅,0.0426460737760073
15,45,promoted,congruent,✅,0.9422827770230671
15,45,fired,congruent,✅,0.5297114252337852
15,45,promoted,incongruent,✅,0.31118043775997034
15,45,fired,incongruent,❌,0.8938659367726486
15,46,shooting,congruent,❌,0.4770566849377375
15,46,celebration,congruent,❌,0.4337637592369029
15,46,shooting,incongruent,✅,0.018957324554154442
15,46,celebration,incongruent,✅,0.16979531763858
15,47,crayon,congruent,✅,0.5636977664301899
15,47,beer,congruent,✅,0.9987166519878714
15,47,crayon,incongruent,✅,0.0021773894590695992
15,47,beer,incongruent,✅,0.002237422911069568
15,48,waiter,congruent,❌,0.3263928437106436
15,48,taxi,congruent,✅,0.6087512600707494
15,48,waiter,incongruent,✅,0.04027990303957969
15,48,taxi,incongruent,✅,0.012707358710006831
15,49,parents,congruent,❌,0.45483123049208674
15,49,keys,congruent,✅,0.9536425297054427
15,49,parents,incongruent,✅,0.2119769421021779
15,49,keys,incongruent,✅,0.21243647167851648
15,5,distress,congruent,✅,0.9742563139017677
15,5,tranquility,congruent,✅,0.6495451232742275
15,5,distress,incongruent,✅,0.03632509422961087
15,5,tranquility,incongruent,✅,0.2725415067367613
15,50,sofa,congruent,✅,0.9852704164005656
15,50,sky,congruent,✅,0.8661056256724086
15,50,sofa,incongruent,✅,0.10614022590829993
15,50,sky,incongruent,✅,0.06506410479910366
15,51,obesity,congruent,❌,0.40560749526127976
15,51,homework,congruent,✅,0.9613427767527466
15,51,obesity,incongruent,✅,0.010649728888744756
15,51,homework,incongruent,✅,0.046031435062282924
15,52,quiz,congruent,✅,0.9706292820907214
15,52,commute,congruent,✅,0.9836794986421233
15,52,quiz,incongruent,✅,0.18860890774866068
15,52,commute,incongruent,✅,0.012872579456008074
15,53,migraine,congruent,✅,0.9614976986862579
15,53,excitement,congruent,❌,0.32016114782429705
15,53,migraine,incongruent,✅,0.007925091472769706
15,53,excitement,incongruent,✅,0.25403054186466406
15,54,niece,congruent,✅,0.9043163730901262
15,54,husband,congruent,✅,0.7343760007665384
15,54,niece,incongruent,❌,0.8662142268408607
15,54,husband,incongruent,✅,0.34224843661966226
15,55,film,congruent,❌,0.4409369837138998
15,55,sunrise,congruent,✅,0.9804100930951131
15,55,film,incongruent,✅,0.039480115726368524
15,55,sunrise,incongruent,✅,0.07902579780501996
15,56,lecture,congruent,✅,0.9912318995491554
15,56,banquet,congruent,✅,0.9610679926741222
15,56,lecture,incongruent,✅,0.02209534290634395
15,56,banquet,incongruent,✅,0.006227888718781898
15,57,drink,congruent,✅,0.9956748772022297
15,57,textbook,congruent,✅,0.9929169449657748
15,57,drink,incongruent,✅,0.004050480766711068
15,57,textbook,incongruent,✅,0.13274093605917495
15,58,pool,congruent,✅,0.9543149279806693
15,58,snow,congruent,❌,0.1514808708120485
15,58,pool,incongruent,✅,0.006511452186728033
15,58,snow,incongruent,✅,0.0029882738201453415
15,59,passport,congruent,✅,0.9847989245235323
15,59,plushy,congruent,✅,0.9932811328723443
15,59,passport,incongruent,✅,0.04272004234830757
15,59,plushy,incongruent,✅,0.19714559052054892
15,6,patients,congruent,✅,0.9887007525914312
15,6,students,congruent,✅,0.9952850706657752
15,6,patients,incongruent,✅,0.003959937586533871
15,6,students,incongruent,✅,0.002313636126081546
15,60,sister,congruent,✅,0.6455029455909983
15,60,father,congruent,✅,0.9015064543364392
15,60,sister,incongruent,✅,0.06412497361374664
15,60,father,incongruent,❌,0.5883430666172832
15,61,game,congruent,✅,0.9854366391359203
15,61,sunset,congruent,✅,0.907732013501259
15,61,game,incongruent,✅,0.09413538815685055
15,61,sunset,incongruent,✅,0.11113854059862409
15,62,holidays,congruent,✅,0.9672393684716725
15,62,funeral,congruent,✅,0.946648538778422
15,62,holidays,incongruent,✅,0.05692302530994435
15,62,funeral,incongruent,❌,0.6433826280677587
15,63,grades,congruent,✅,0.8543654607766966
15,63,affair,congruent,✅,0.8865046331102716
15,63,grades,incongruent,✅,0.17621147398561962
15,63,affair,incongruent,✅,0.15271964126552753
15,64,arrest,congruent,✅,0.9448082369050803
15,64,stroke,congruent,❌,0.12087181932120522
15,64,arrest,incongruent,✅,0.09212205507853063
15,64,stroke,incongruent,✅,0.0918772124610337
15,65,pacifier,congruent,✅,0.7103081775457485
15,65,coffee,congruent,✅,0.9939010479280938
15,65,pacifier,incongruent,✅,0.009285152659396688
15,65,coffee,incongruent,✅,0.015131652929150603
15,66,sweets,congruent,✅,0.9481126238742765
15,66,sentencing,congruent,✅,0.9755442046046561
15,66,sweets,incongruent,✅,0.006051964123282033
15,66,sentencing,incongruent,✅,0.010617955264382386
15,67,nap,congruent,✅,0.9819094698841537
15,67,selfie,congruent,✅,0.9945899816381255
15,67,nap,incongruent,✅,0.06037144591110787
15,67,selfie,incongruent,✅,0.011939213925113629
15,68,diaper,congruent,✅,0.9893023383953463
15,68,tire,congruent,✅,0.9426256297022484
15,68,diaper,incongruent,✅,0.004131922361842774
15,68,tire,incongruent,✅,0.05303261117852795
15,69,chemotherapy,congruent,✅,0.9356015446873179
15,69,golf,congruent,✅,0.95624751630014
15,69,chemotherapy,incongruent,✅,0.008313374832052915
15,69,golf,incongruent,✅,0.4124425240560936
15,7,consensus,congruent,✅,0.8360221453067394
15,7,deadlock,congruent,✅,0.8469699401897671
15,7,consensus,incongruent,❌,0.6285991725524195
15,7,deadlock,incongruent,❌,0.754065124493085
15,70,thunder,congruent,✅,0.9685575928818139
15,70,lullaby,congruent,✅,0.9271178471580891
15,70,thunder,incongruent,✅,0.07487029269597553
15,70,lullaby,incongruent,✅,0.02608670895864635
15,71,pajamas,congruent,✅,0.937202256593993
15,71,uniform,congruent,✅,0.9758089285265048
15,71,pajamas,incongruent,✅,0.26644876105601073
15,71,uniform,incongruent,✅,0.046219915008701117
15,72,gown,congruent,✅,0.9964205817285444
15,72,sweats,congruent,✅,0.9001529905351722
15,72,gown,incongruent,✅,0.06039961814553453
15,72,sweats,incongruent,✅,0.12749975274899722
15,73,deadline,congruent,❌,0.45017547809955044
15,73,bed,congruent,✅,0.9960018292595227
15,73,deadline,incongruent,✅,0.004574799374375893
15,73,bed,incongruent,✅,0.05478079307206431
15,74,kindergarten,congruent,✅,0.8250619765858801
15,74,jail,congruent,✅,0.8706863072658344
15,74,kindergarten,incongruent,✅,0.05888655322741739
15,74,jail,incongruent,✅,0.42697271835362777
15,75,interrogated,congruent,✅,0.8360101857629576
15,75,tickled,congruent,✅,0.8930116600641318
15,75,interrogated,incongruent,✅,0.10653571069285853
15,75,tickled,incongruent,✅,0.01016472997579331
15,76,sandcastle,congruent,✅,0.9843673718214293
15,76,snowman,congruent,✅,0.9991453548736791
15,76,sandcastle,incongruent,❌,0.7295256816857986
15,76,snowman,incongruent,❌,0.8626611066287979
15,77,music,congruent,✅,0.9980861673305466
15,77,pizza,congruent,✅,0.9995677362842958
15,77,music,incongruent,✅,0.03464103680527432
15,77,pizza,incongruent,✅,0.0054690103382056725
15,78,playoffs,congruent,✅,0.8606687270418963
15,78,cartoon,congruent,✅,0.9909366638083943
15,78,playoffs,incongruent,✅,0.30691682508542756
15,78,cartoon,incongruent,✅,0.04362000182045851
15,79,alcoholism,congruent,✅,0.945312359644427
15,79,academics,congruent,✅,0.9714932588812114
15,79,alcoholism,incongruent,✅,0.08690531535079556
15,79,academics,incongruent,✅,0.12674351823032104
15,8,engagement,congruent,❌,0.41074951332629617
15,8,cancer,congruent,❌,0.4696288831067885
15,8,engagement,incongruent,✅,0.06112086351119633
15,8,cancer,incongruent,✅,0.11566595891699175
15,9,terminal,congruent,✅,0.9687322064426057
15,9,classroom,congruent,❌,0.4914205591033701
15,9,terminal,incongruent,✅,0.002432092269955541
15,9,classroom,incongruent,✅,0.05778882592613053
16,0,library,congruent,✅,0.8612986434228656
16,0,refrigerator,congruent,❌,0.4490739053864403
16,0,library,incongruent,✅,0.011308076078115936
16,0,refrigerator,incongruent,✅,0.004652940196094509
16,1,disappointment,congruent,✅,0.7410066260145269
16,1,delight,congruent,✅,0.9939315122756102
16,1,disappointment,incongruent,✅,0.041103232077844325
16,1,delight,incongruent,✅,0.1575551329328383
16,10,cash,congruent,✅,0.9915446718337031
16,10,groceries,congruent,✅,0.9503623095590908
16,10,cash,incongruent,✅,0.4210622434220094
16,10,groceries,incongruent,✅,0.164900827004031
16,11,lonely,congruent,✅,0.5820123387033529
16,11,confident,congruent,✅,0.6511370507168583
16,11,lonely,incongruent,✅,0.059308693034962286
16,11,confident,incongruent,✅,0.0762414228355993
16,12,joy,congruent,✅,0.9993316148206218
16,12,outrage,congruent,✅,0.7942323328579615
16,12,joy,incongruent,✅,0.04432671975407057
16,12,outrage,incongruent,❌,0.6291752878590676
16,13,traffic,congruent,✅,0.9977626119358285
16,13,snowstorm,congruent,✅,0.9924342057568043
16,13,traffic,incongruent,❌,0.7729394328841496
16,13,snowstorm,incongruent,❌,0.585311978868448
16,14,laughter,congruent,✅,0.9663022893391788
16,14,frustration,congruent,✅,0.9941190963266248
16,14,laughter,incongruent,✅,0.1584978433517417
16,14,frustration,incongruent,✅,0.14663743773639595
16,15,calculator,congruent,✅,0.9515392903509743
16,15,instrument,congruent,✅,0.9224713912749943
16,15,calculator,incongruent,❌,0.5972490542843099
16,15,instrument,incongruent,✅,0.23361449957708696
16,16,orchestra,congruent,✅,0.9555892159338581
16,16,racers,congruent,✅,0.984536593767147
16,16,orchestra,incongruent,✅,0.04752240541404266
16,16,racers,incongruent,✅,0.016837912861563498
16,17,retirement,congruent,✅,0.9434352116599354
16,17,playdate,congruent,✅,0.8915727113025534
16,17,retirement,incongruent,✅,0.08240099468390946
16,17,playdate,incongruent,✅,0.007836660920965246
16,18,relieved,congruent,✅,0.6556485284849857
16,18,depressed,congruent,✅,0.7917189375861302
16,18,relieved,incongruent,✅,0.020682749346234083
16,18,depressed,incongruent,❌,0.6082352311392009
16,19,friends,congruent,❌,0.4897803115909293
16,19,weight,congruent,✅,0.5722455436272342
16,19,friends,incongruent,✅,0.12764222687649407
16,19,weight,incongruent,✅,0.27774266531649056
16,2,overcoat,congruent,✅,0.8288061701983517
16,2,sandals,congruent,✅,0.9882799589431825
16,2,overcoat,incongruent,✅,3.5131906373562554e-05
16,2,sandals,incongruent,✅,0.0005327057642068752
16,20,lipstick,congruent,✅,0.9641969445917782
16,20,song,congruent,✅,0.8963098020163287
16,20,lipstick,incongruent,✅,0.026978770384235077
16,20,song,incongruent,✅,0.18289922979394643
16,21,fought,congruent,❌,0.14570810864253747
16,21,sang,congruent,✅,0.8879557633507339
16,21,fought,incongruent,✅,0.04038120861925153
16,21,sang,incongruent,✅,0.014516510952912207
16,22,skeptical,congruent,❌,0.26384403380784766
16,22,reassured,congruent,✅,0.7093680386593927
16,22,skeptical,incongruent,✅,0.44874482127044724
16,22,reassured,incongruent,✅,0.07781624797264393
16,23,graduation,congruent,✅,0.9978349338884765
16,23,operation,congruent,✅,0.9727496823554947
16,23,graduation,incongruent,✅,0.011188354257520204
16,23,operation,incongruent,✅,0.1011449039389615
16,24,bride,congruent,✅,0.9967535876308167
16,24,aftermath,congruent,✅,0.9802962428033537
16,24,bride,incongruent,✅,0.04000030777775461
16,24,aftermath,incongruent,✅,0.006211729243729318
16,25,teacher,congruent,✅,0.9561863022462694
16,25,daughter,congruent,✅,0.9615718479792131
16,25,teacher,incongruent,✅,0.08695149831064979
16,25,daughter,incongruent,❌,0.8895183569956959
16,26,roommate,congruent,✅,0.7289517115352426
16,26,grandma,congruent,✅,0.9195447051280844
16,26,roommate,incongruent,✅,0.04521690224448682
16,26,grandma,incongruent,✅,0.021752442665871483
16,27,brother,congruent,✅,0.7042681495622312
16,27,mother,congruent,✅,0.767649158287154
16,27,brother,incongruent,✅,0.263038013606063
16,27,mother,incongruent,✅,0.3125421789657678
16,28,preschool,congruent,✅,0.6193975424399732
16,28,prison,congruent,✅,0.6118126340763087
16,28,preschool,incongruent,✅,0.000577808156423927
16,28,prison,incongruent,✅,0.00043942825111156216
16,29,hopeful,congruent,✅,0.5462374131333028
16,29,hopeless,congruent,✅,0.9662723995261753
16,29,hopeful,incongruent,✅,0.4735053288033655
16,29,hopeless,incongruent,✅,0.02587890124565317
16,3,marathon,congruent,✅,0.9510548115663005
16,3,exam,congruent,✅,0.5104762497522716
16,3,marathon,incongruent,✅,0.0011785804040287404
16,3,exam,incongruent,✅,0.08308526207170984
16,30,appalled,congruent,✅,0.6826613524714258
16,30,overjoyed,congruent,✅,0.8996618772372245
16,30,appalled,incongruent,✅,0.12768682074996804
16,30,overjoyed,incongruent,✅,0.21707771158484485
16,31,reprimand,congruent,✅,0.612498463949213
16,31,encouragement,congruent,✅,0.8717555928892801
16,31,reprimand,incongruent,✅,0.06939143665302672
16,31,encouragement,incongruent,✅,0.048485962916219934
16,32,angrily,congruent,✅,0.979329016299496
16,32,cordially,congruent,✅,0.7715500739846567
16,32,angrily,incongruent,✅,0.04681567007325542
16,32,cordially,incongruent,✅,0.006183539555306389
16,33,accusatory,congruent,✅,0.9883874404077745
16,33,flirtatious,congruent,✅,0.9555455632259473
16,33,accusatory,incongruent,❌,0.7456123093714324
16,33,flirtatious,incongruent,❌,0.6397037091999237
16,34,disapprovingly,congruent,✅,0.7599136904346766
16,34,lovingly,congruent,✅,0.6055125105865654
16,34,disapprovingly,incongruent,✅,0.09815212671235111
16,34,lovingly,incongruent,✅,0.10969523609106886
16,35,playful,congruent,✅,0.5383148569009402
16,35,distant,congruent,❌,0.22733931526592194
16,35,playful,incongruent,✅,0.07344418280636644
16,35,distant,incongruent,✅,0.10023639045939012
16,36,headphones,congruent,❌,0.48611327104231855
16,36,mangoes,congruent,✅,0.949805277382148
16,36,headphones,incongruent,✅,0.18705158868974067
16,36,mangoes,incongruent,✅,0.0006566589965030257
16,37,playroom,congruent,✅,0.9585967271621991
16,37,park,congruent,✅,0.9851006654472766
16,37,playroom,incongruent,✅,0.3442279824017543
16,37,park,incongruent,❌,0.598315219591977
16,38,bedroom,congruent,✅,0.9945649436297883
16,38,backyard,congruent,✅,0.9973283905431047
16,38,bedroom,incongruent,✅,0.05824472868732931
16,38,backyard,incongruent,✅,0.024304244090077195
16,39,solemnly,congruent,✅,0.5662671372243476
16,39,excitedly,congruent,✅,0.7064260814218876
16,39,solemnly,incongruent,✅,0.16052866237170782
16,39,excitedly,incongruent,✅,0.12945235081599002
16,4,menu,congruent,✅,0.9917981921039591
16,4,prescription,congruent,✅,0.9891399438415351
16,4,menu,incongruent,✅,0.04236124393237467
16,4,prescription,incongruent,✅,0.2568838423758169
16,40,car,congruent,✅,0.861301857728921
16,40,sock,congruent,✅,0.582913883500871
16,40,car,incongruent,✅,0.1770948203696549
16,40,sock,incongruent,✅,0.017432099975221233
16,41,overdressed,congruent,✅,0.879625514194697
16,41,naked,congruent,✅,0.803330830805999
16,41,overdressed,incongruent,✅,0.06513411623723449
16,41,naked,incongruent,✅,0.3718700492020149
16,42,shy,congruent,✅,0.9807449068729763
16,42,lively,congruent,✅,0.9850309526187288
16,42,shy,incongruent,❌,0.6922685639876723
16,42,lively,incongruent,❌,0.8850199613809515
16,43,offended,congruent,✅,0.8654854792087846
16,43,flattered,congruent,✅,0.9334844959941321
16,43,offended,incongruent,✅,0.2745687199934909
16,43,flattered,incongruent,✅,0.42800922241752265
16,44,grandkid,congruent,✅,0.8382266435717505
16,44,cellmate,congruent,✅,0.9954138564208698
16,44,grandkid,incongruent,❌,0.6601824157844715
16,44,cellmate,incongruent,✅,0.05290615255614511
16,45,promoted,congruent,✅,0.9268973877377138
16,45,fired,congruent,✅,0.8276857633965774
16,45,promoted,incongruent,❌,0.592322714192289
16,45,fired,incongruent,❌,0.8598625842523161
16,46,shooting,congruent,✅,0.6088017241891285
16,46,celebration,congruent,✅,0.545745402514088
16,46,shooting,incongruent,✅,0.008523643795209954
16,46,celebration,incongruent,✅,0.1663163118777294
16,47,crayon,congruent,✅,0.8386510843008216
16,47,beer,congruent,✅,0.9976355662171558
16,47,crayon,incongruent,✅,0.0014844886196029832
16,47,beer,incongruent,✅,0.003545854476968174
16,48,waiter,congruent,❌,0.3937650524812815
16,48,taxi,congruent,✅,0.5932490786810942
16,48,waiter,incongruent,✅,0.019521530804667588
16,48,taxi,incongruent,✅,0.016034402075590325
16,49,parents,congruent,✅,0.538960776546734
16,49,keys,congruent,✅,0.9601403276670426
16,49,parents,incongruent,✅,0.16938525453310324
16,49,keys,incongruent,✅,0.3313338276042717
16,5,distress,congruent,✅,0.9786834668868403
16,5,tranquility,congruent,✅,0.7375859138761932
16,5,distress,incongruent,✅,0.002363425228830052
16,5,tranquility,incongruent,✅,0.2932731898357643
16,50,sofa,congruent,✅,0.9979159437413156
16,50,sky,congruent,✅,0.9943824151358686
16,50,sofa,incongruent,✅,0.47025459046423795
16,50,sky,incongruent,✅,0.050654619150608045
16,51,obesity,congruent,❌,0.3928081249130776
16,51,homework,congruent,✅,0.8675012478547252
16,51,obesity,incongruent,✅,0.0022248555582379094
16,51,homework,incongruent,✅,0.024019696464589495
16,52,quiz,congruent,✅,0.9757155486535706
16,52,commute,congruent,✅,0.9861695276485855
16,52,quiz,incongruent,✅,0.1277541182411864
16,52,commute,incongruent,✅,0.006583686923547475
16,53,migraine,congruent,✅,0.9758294342286518
16,53,excitement,congruent,✅,0.7205892108083773
16,53,migraine,incongruent,✅,0.0008645172999425837
16,53,excitement,incongruent,✅,0.41181278937067095
16,54,niece,congruent,✅,0.8974710908075948
16,54,husband,congruent,✅,0.8543770438961669
16,54,niece,incongruent,❌,0.8618797986379226
16,54,husband,incongruent,❌,0.5822772836036817
16,55,film,congruent,✅,0.7672717070036019
16,55,sunrise,congruent,✅,0.9847834164505905
16,55,film,incongruent,✅,0.10337416552087583
16,55,sunrise,incongruent,✅,0.11029348808931091
16,56,lecture,congruent,✅,0.9863484799527901
16,56,banquet,congruent,✅,0.9828295037666137
16,56,lecture,incongruent,✅,0.008553744295293606
16,56,banquet,incongruent,✅,0.001580008323743917
16,57,drink,congruent,✅,0.9940758337701457
16,57,textbook,congruent,✅,0.9929385457623893
16,57,drink,incongruent,✅,0.004897877027583535
16,57,textbook,incongruent,✅,0.04196516948719591
16,58,pool,congruent,✅,0.9866908907315708
16,58,snow,congruent,❌,0.11180546679587763
16,58,pool,incongruent,✅,0.0007045647817364904
16,58,snow,incongruent,✅,0.0047570674423881645
16,59,passport,congruent,✅,0.9486838749310731
16,59,plushy,congruent,✅,0.9941082921464387
16,59,passport,incongruent,✅,0.039892248079983476
16,59,plushy,incongruent,✅,0.11809345106997926
16,6,patients,congruent,✅,0.9834699516142211
16,6,students,congruent,✅,0.9945322929668439
16,6,patients,incongruent,✅,0.0013737924768683803
16,6,students,incongruent,✅,0.00013639369914324734
16,60,sister,congruent,❌,0.37188824630512274
16,60,father,congruent,✅,0.8858337417875107
16,60,sister,incongruent,✅,0.015776002942305755
16,60,father,incongruent,❌,0.5385199188279238
16,61,game,congruent,✅,0.9780097571700075
16,61,sunset,congruent,✅,0.9598061401876352
16,61,game,incongruent,✅,0.07674925224591508
16,61,sunset,incongruent,✅,0.08303018807692386
16,62,holidays,congruent,✅,0.9920908544037008
16,62,funeral,congruent,✅,0.9660173225324199
16,62,holidays,incongruent,✅,0.03399546088392051
16,62,funeral,incongruent,❌,0.769240284806031
16,63,grades,congruent,✅,0.8826596277171358
16,63,affair,congruent,✅,0.9415482959763338
16,63,grades,incongruent,✅,0.42974496791881156
16,63,affair,incongruent,✅,0.17668165091522242
16,64,arrest,congruent,✅,0.937561107123588
16,64,stroke,congruent,❌,0.07090105920752926
16,64,arrest,incongruent,✅,0.051676947126942076
16,64,stroke,incongruent,✅,0.020644065214074452
16,65,pacifier,congruent,✅,0.8496474100776169
16,65,coffee,congruent,✅,0.9987187660903427
16,65,pacifier,incongruent,✅,0.024116047017078892
16,65,coffee,incongruent,✅,0.006952986873156529
16,66,sweets,congruent,✅,0.9705117072050068
16,66,sentencing,congruent,✅,0.9660883369090912
16,66,sweets,incongruent,✅,0.005306564584012573
16,66,sentencing,incongruent,✅,0.02156837758252331
16,67,nap,congruent,✅,0.9953610531513767
16,67,selfie,congruent,✅,0.996503892502425
16,67,nap,incongruent,✅,0.1294245449728499
16,67,selfie,incongruent,✅,0.007771981023529169
16,68,diaper,congruent,✅,0.9888546974199953
16,68,tire,congruent,✅,0.9917045627573361
16,68,diaper,incongruent,✅,0.010071089536906738
16,68,tire,incongruent,✅,0.005665417666926599
16,69,chemotherapy,congruent,✅,0.9620656207779402
16,69,golf,congruent,✅,0.9859302158663361
16,69,chemotherapy,incongruent,✅,0.012131038336705632
16,69,golf,incongruent,❌,0.5098238720796635
16,7,consensus,congruent,✅,0.7628076045290669
16,7,deadlock,congruent,✅,0.8488550993170662
16,7,consensus,incongruent,❌,0.6228229741151032
16,7,deadlock,incongruent,❌,0.5337534154632131
16,70,thunder,congruent,✅,0.9973878816248399
16,70,lullaby,congruent,✅,0.9632035933678034
16,70,thunder,incongruent,✅,0.08620626271895916
16,70,lullaby,incongruent,✅,0.07541879953665453
16,71,pajamas,congruent,✅,0.9827818919987947
16,71,uniform,congruent,✅,0.9866267248351921
16,71,pajamas,incongruent,❌,0.5272976994283332
16,71,uniform,incongruent,✅,0.024341260602333586
16,72,gown,congruent,✅,0.998379932504477
16,72,sweats,congruent,✅,0.9381881500187
16,72,gown,incongruent,✅,0.0028045891345651742
16,72,sweats,incongruent,✅,0.01319983142682628
16,73,deadline,congruent,✅,0.8009974976818487
16,73,bed,congruent,✅,0.9913795534155068
16,73,deadline,incongruent,✅,0.007860206916223807
16,73,bed,incongruent,✅,0.18688422867315987
16,74,kindergarten,congruent,✅,0.9055816176638294
16,74,jail,congruent,✅,0.9576678025506922
16,74,kindergarten,incongruent,✅,0.14804808413560108
16,74,jail,incongruent,❌,0.5853362567894639
16,75,interrogated,congruent,✅,0.8723570914206642
16,75,tickled,congruent,✅,0.6973637030471509
16,75,interrogated,incongruent,✅,0.04449707914497213
16,75,tickled,incongruent,✅,0.013081223629790943
16,76,sandcastle,congruent,✅,0.9316509579134649
16,76,snowman,congruent,✅,0.9948635891984909
16,76,sandcastle,incongruent,✅,0.35663563036213297
16,76,snowman,incongruent,✅,0.2969090561956739
16,77,music,congruent,✅,0.9990056563777744
16,77,pizza,congruent,✅,0.9998516574255206
16,77,music,incongruent,✅,0.030801469396839466
16,77,pizza,incongruent,✅,0.002929393323764769
16,78,playoffs,congruent,✅,0.8842601206466522
16,78,cartoon,congruent,✅,0.9935202851740286
16,78,playoffs,incongruent,✅,0.09773957524203598
16,78,cartoon,incongruent,✅,0.11480678615461656
16,79,alcoholism,congruent,✅,0.9610226909256164
16,79,academics,congruent,✅,0.9878226403880441
16,79,alcoholism,incongruent,✅,0.14467854191048776
16,79,academics,incongruent,✅,0.12057388077650842
16,8,engagement,congruent,✅,0.7281313491100952
16,8,cancer,congruent,❌,0.23835845259736022
16,8,engagement,incongruent,✅,0.033732825454486706
16,8,cancer,incongruent,✅,0.2129298062135484
16,9,terminal,congruent,✅,0.9898997057604402
16,9,classroom,congruent,✅,0.5587933061840145
16,9,terminal,incongruent,✅,0.0006854363963621362
16,9,classroom,incongruent,✅,0.0617541777172868
17,0,library,congruent,✅,0.8457040794073005
17,0,refrigerator,congruent,❌,0.42115559756992915
17,0,library,incongruent,✅,0.016974229626716377
17,0,refrigerator,incongruent,✅,0.007783021237659081
17,1,disappointment,congruent,✅,0.6323709550688553
17,1,delight,congruent,✅,0.9754375726740416
17,1,disappointment,incongruent,✅,0.010434505491905941
17,1,delight,incongruent,✅,0.16610825876204113
17,10,cash,congruent,✅,0.9505777930820754
17,10,groceries,congruent,✅,0.9320119660685093
17,10,cash,incongruent,❌,0.5457756559589645
17,10,groceries,incongruent,✅,0.079268647303549
17,11,lonely,congruent,✅,0.7511123786294476
17,11,confident,congruent,✅,0.8405724299811251
17,11,lonely,incongruent,✅,0.1486394483858028
17,11,confident,incongruent,✅,0.1574752271077487
17,12,joy,congruent,✅,0.9988430059287013
17,12,outrage,congruent,✅,0.6533984744722805
17,12,joy,incongruent,✅,0.02056190369210635
17,12,outrage,incongruent,❌,0.7708242057369393
17,13,traffic,congruent,✅,0.9921248181372669
17,13,snowstorm,congruent,✅,0.9930648621604087
17,13,traffic,incongruent,❌,0.6652301345407208
17,13,snowstorm,incongruent,✅,0.46814729723524334
17,14,laughter,congruent,✅,0.9446294467086627
17,14,frustration,congruent,✅,0.993831385426466
17,14,laughter,incongruent,✅,0.39698980572179116
17,14,frustration,incongruent,✅,0.09380681670333169
17,15,calculator,congruent,✅,0.9637728493786404
17,15,instrument,congruent,✅,0.8475148306715838
17,15,calculator,incongruent,✅,0.2831656261252294
17,15,instrument,incongruent,✅,0.48731675621706394
17,16,orchestra,congruent,✅,0.9316192524418224
17,16,racers,congruent,✅,0.9798414210663356
17,16,orchestra,incongruent,✅,0.05424442759627503
17,16,racers,incongruent,✅,0.03763876526357306
17,17,retirement,congruent,✅,0.9533170498099163
17,17,playdate,congruent,✅,0.9228795753632212
17,17,retirement,incongruent,✅,0.14578067391636151
17,17,playdate,incongruent,✅,0.016367040145960618
17,18,relieved,congruent,✅,0.8129342388339423
17,18,depressed,congruent,✅,0.9043260152702467
17,18,relieved,incongruent,✅,0.14978554934251176
17,18,depressed,incongruent,❌,0.7798751277945499
17,19,friends,congruent,❌,0.2931011225258149
17,19,weight,congruent,❌,0.39860055030615726
17,19,friends,incongruent,✅,0.07076308045733203
17,19,weight,incongruent,✅,0.14396419634751004
17,2,overcoat,congruent,✅,0.7773901651885314
17,2,sandals,congruent,✅,0.9812886950513104
17,2,overcoat,incongruent,✅,0.00022150590460200278
17,2,sandals,incongruent,✅,0.0004150370866997296
17,20,lipstick,congruent,✅,0.9760475395680157
17,20,song,congruent,✅,0.9054622615773116
17,20,lipstick,incongruent,✅,0.025512239001172696
17,20,song,incongruent,✅,0.16382192891992411
17,21,fought,congruent,❌,0.1669011089482222
17,21,sang,congruent,✅,0.7906988458773815
17,21,fought,incongruent,✅,0.04024132939456236
17,21,sang,incongruent,✅,0.01609280308962777
17,22,skeptical,congruent,❌,0.29789444934438414
17,22,reassured,congruent,✅,0.5101349082937026
17,22,skeptical,incongruent,✅,0.4303836416372478
17,22,reassured,incongruent,✅,0.08097751480729562
17,23,graduation,congruent,✅,0.9987389514551406
17,23,operation,congruent,✅,0.9575376934551084
17,23,graduation,incongruent,✅,0.06539785544698694
17,23,operation,incongruent,✅,0.10499138218396213
17,24,bride,congruent,✅,0.988678898453354
17,24,aftermath,congruent,✅,0.995828660482305
17,24,bride,incongruent,✅,0.04842891972841422
17,24,aftermath,incongruent,✅,0.00981084052631082
17,25,teacher,congruent,✅,0.9483074770241551
17,25,daughter,congruent,✅,0.981885417744551
17,25,teacher,incongruent,✅,0.12247678015235405
17,25,daughter,incongruent,❌,0.6670724409935374
17,26,roommate,congruent,✅,0.5991456559305818
17,26,grandma,congruent,✅,0.9315815124232283
17,26,roommate,incongruent,✅,0.047022297219266235
17,26,grandma,incongruent,✅,0.01604570039075599
17,27,brother,congruent,✅,0.7933343901465967
17,27,mother,congruent,✅,0.7002342394129192
17,27,brother,incongruent,✅,0.25535694669293807
17,27,mother,incongruent,✅,0.49583423154854
17,28,preschool,congruent,❌,0.3716538648992643
17,28,prison,congruent,✅,0.7106639989571453
17,28,preschool,incongruent,✅,0.00034293403409928376
17,28,prison,incongruent,✅,0.0006005075455229217
17,29,hopeful,congruent,❌,0.4635437381163552
17,29,hopeless,congruent,✅,0.981356764806693
17,29,hopeful,incongruent,✅,0.4059146534918283
17,29,hopeless,incongruent,✅,0.0275861484205561
17,3,marathon,congruent,✅,0.9505017787759729
17,3,exam,congruent,✅,0.5491100604446799
17,3,marathon,incongruent,✅,0.0038329200793931306
17,3,exam,incongruent,✅,0.08476292457149158
17,30,appalled,congruent,✅,0.8157736337265771
17,30,overjoyed,congruent,✅,0.7363787502585295
17,30,appalled,incongruent,✅,0.09972062020564477
17,30,overjoyed,incongruent,✅,0.3791249939159034
17,31,reprimand,congruent,✅,0.8746480061105696
17,31,encouragement,congruent,✅,0.9376257348808459
17,31,reprimand,incongruent,✅,0.16342595186478956
17,31,encouragement,incongruent,✅,0.07259992691348732
17,32,angrily,congruent,✅,0.9236550696685356
17,32,cordially,congruent,✅,0.897714315832268
17,32,angrily,incongruent,✅,0.050778529043306535
17,32,cordially,incongruent,✅,0.0035876781432654004
17,33,accusatory,congruent,✅,0.9815302922748472
17,33,flirtatious,congruent,✅,0.8770532383390461
17,33,accusatory,incongruent,✅,0.48436381316501803
17,33,flirtatious,incongruent,✅,0.3550051365800398
17,34,disapprovingly,congruent,✅,0.5789781112978124
17,34,lovingly,congruent,❌,0.4875945421925713
17,34,disapprovingly,incongruent,✅,0.05866393328460636
17,34,lovingly,incongruent,✅,0.07416128817102959
17,35,playful,congruent,✅,0.537022967598647
17,35,distant,congruent,❌,0.06254402035670764
17,35,playful,incongruent,✅,0.07954769429905086
17,35,distant,incongruent,✅,0.030760772259224727
17,36,headphones,congruent,✅,0.6262469787780193
17,36,mangoes,congruent,✅,0.8730479438807816
17,36,headphones,incongruent,✅,0.11758779543240991
17,36,mangoes,incongruent,✅,0.005094505537667509
17,37,playroom,congruent,✅,0.9866100179402054
17,37,park,congruent,✅,0.9843088105715442
17,37,playroom,incongruent,✅,0.41311043327433866
17,37,park,incongruent,❌,0.7011196644234376
17,38,bedroom,congruent,✅,0.9867321761396015
17,38,backyard,congruent,✅,0.995283263680759
17,38,bedroom,incongruent,✅,0.05702949165841859
17,38,backyard,incongruent,✅,0.033417973853845456
17,39,solemnly,congruent,✅,0.652386866157571
17,39,excitedly,congruent,✅,0.633379619828202
17,39,solemnly,incongruent,✅,0.12297575842892097
17,39,excitedly,incongruent,✅,0.08366796732728415
17,4,menu,congruent,✅,0.9842520566340802
17,4,prescription,congruent,✅,0.9847969714070253
17,4,menu,incongruent,✅,0.05565440509672229
17,4,prescription,incongruent,✅,0.16488828021502155
17,40,car,congruent,✅,0.8599825751456708
17,40,sock,congruent,❌,0.4518084511684797
17,40,car,incongruent,✅,0.05470665864270452
17,40,sock,incongruent,✅,0.05886846511453383
17,41,overdressed,congruent,✅,0.9064630767086463
17,41,naked,congruent,✅,0.8425880515797571
17,41,overdressed,incongruent,✅,0.13490930603426216
17,41,naked,incongruent,❌,0.744345446299109
17,42,shy,congruent,✅,0.955060678778477
17,42,lively,congruent,✅,0.99123798420139
17,42,shy,incongruent,❌,0.8617411555669695
17,42,lively,incongruent,❌,0.8121088873331626
17,43,offended,congruent,✅,0.9017918772627161
17,43,flattered,congruent,✅,0.8851262920837131
17,43,offended,incongruent,✅,0.222065152375885
17,43,flattered,incongruent,✅,0.3852619738386551
17,44,grandkid,congruent,✅,0.9227185723724765
17,44,cellmate,congruent,✅,0.997888080926426
17,44,grandkid,incongruent,❌,0.6759147870642267
17,44,cellmate,incongruent,✅,0.04301361230143993
17,45,promoted,congruent,✅,0.9393336227124205
17,45,fired,congruent,✅,0.8366711090256901
17,45,promoted,incongruent,❌,0.5295381627240943
17,45,fired,incongruent,❌,0.7691233152553512
17,46,shooting,congruent,❌,0.4741494177258489
17,46,celebration,congruent,❌,0.23382376658284243
17,46,shooting,incongruent,✅,0.004109973859678246
17,46,celebration,incongruent,✅,0.08602794011967795
17,47,crayon,congruent,✅,0.8383078101506053
17,47,beer,congruent,✅,0.9978405345861509
17,47,crayon,incongruent,✅,0.0017303084087910835
17,47,beer,incongruent,✅,0.003220350064360891
17,48,waiter,congruent,❌,0.17470362994610814
17,48,taxi,congruent,✅,0.5700263912121234
17,48,waiter,incongruent,✅,0.019378554093964925
17,48,taxi,incongruent,✅,0.006583594454536888
17,49,parents,congruent,✅,0.6832015509264594
17,49,keys,congruent,✅,0.9780013886623343
17,49,parents,incongruent,✅,0.21342955175523304
17,49,keys,incongruent,✅,0.2526011094832071
17,5,distress,congruent,✅,0.976555775560441
17,5,tranquility,congruent,❌,0.45022586392904695
17,5,distress,incongruent,✅,0.001215235868557793
17,5,tranquility,incongruent,✅,0.2770073340665445
17,50,sofa,congruent,✅,0.9946121523613615
17,50,sky,congruent,✅,0.9895167186372038
17,50,sofa,incongruent,✅,0.47646140607752124
17,50,sky,incongruent,✅,0.13433032703667339
17,51,obesity,congruent,❌,0.2906540448559179
17,51,homework,congruent,✅,0.8496672227372705
17,51,obesity,incongruent,✅,0.0029096950784066504
17,51,homework,incongruent,✅,0.0401912994770197
17,52,quiz,congruent,✅,0.9830142656430129
17,52,commute,congruent,✅,0.9832160543722982
17,52,quiz,incongruent,✅,0.052750817212552176
17,52,commute,incongruent,✅,0.025554486434389782
17,53,migraine,congruent,✅,0.9915136603660649
17,53,excitement,congruent,✅,0.8862298922920905
17,53,migraine,incongruent,✅,0.0008231641393424228
17,53,excitement,incongruent,✅,0.4641798269322688
17,54,niece,congruent,✅,0.8843476534212128
17,54,husband,congruent,✅,0.7154430597937337
17,54,niece,incongruent,❌,0.6857547341066256
17,54,husband,incongruent,✅,0.2688942404684887
17,55,film,congruent,✅,0.8992355558519948
17,55,sunrise,congruent,✅,0.9543544864344895
17,55,film,incongruent,✅,0.04438065084171869
17,55,sunrise,incongruent,✅,0.04643522542918919
17,56,lecture,congruent,✅,0.980597075631337
17,56,banquet,congruent,✅,0.9852909578772571
17,56,lecture,incongruent,✅,0.008667099100892956
17,56,banquet,incongruent,✅,0.0017838119863326485
17,57,drink,congruent,✅,0.9924595586730768
17,57,textbook,congruent,✅,0.9852872535880977
17,57,drink,incongruent,✅,0.0045150497682199375
17,57,textbook,incongruent,✅,0.05105585714257054
17,58,pool,congruent,✅,0.977695988636939
17,58,snow,congruent,❌,0.2464657227711463
17,58,pool,incongruent,✅,0.0069623988059814255
17,58,snow,incongruent,✅,0.01194365983584925
17,59,passport,congruent,✅,0.9716484094905602
17,59,plushy,congruent,✅,0.9969927999612959
17,59,passport,incongruent,✅,0.08293245399983215
17,59,plushy,incongruent,✅,0.05226284641747182
17,6,patients,congruent,✅,0.9695365749469447
17,6,students,congruent,✅,0.9954252543250313
17,6,patients,incongruent,✅,0.006132806757423588
17,6,students,incongruent,✅,0.001123369901965261
17,60,sister,congruent,❌,0.49058276044205373
17,60,father,congruent,✅,0.9631715445156347
17,60,sister,incongruent,✅,0.05900947269736428
17,60,father,incongruent,✅,0.25763661980842273
17,61,game,congruent,✅,0.9756841773556699
17,61,sunset,congruent,✅,0.9106365151908308
17,61,game,incongruent,✅,0.04736776214073939
17,61,sunset,incongruent,✅,0.049325480730361665
17,62,holidays,congruent,✅,0.9576974700743273
17,62,funeral,congruent,✅,0.9597938211525712
17,62,holidays,incongruent,✅,0.027821324302124188
17,62,funeral,incongruent,✅,0.4389802235494789
17,63,grades,congruent,✅,0.904872367103005
17,63,affair,congruent,✅,0.7760192427901184
17,63,grades,incongruent,✅,0.13310960911154723
17,63,affair,incongruent,✅,0.26829797124501487
17,64,arrest,congruent,✅,0.8353185847627739
17,64,stroke,congruent,❌,0.08339672148665876
17,64,arrest,incongruent,✅,0.06487749333838536
17,64,stroke,incongruent,✅,0.06616210623673757
17,65,pacifier,congruent,✅,0.7084014054507519
17,65,coffee,congruent,✅,0.9947630306723078
17,65,pacifier,incongruent,✅,0.018327595900851347
17,65,coffee,incongruent,✅,0.0008078221714502474
17,66,sweets,congruent,✅,0.95820792221315
17,66,sentencing,congruent,✅,0.9650965421014921
17,66,sweets,incongruent,✅,0.00582668425585469
17,66,sentencing,incongruent,✅,0.026043129259520934
17,67,nap,congruent,✅,0.9885970246694554
17,67,selfie,congruent,✅,0.9946300386389999
17,67,nap,incongruent,✅,0.05981320708046679
17,67,selfie,incongruent,✅,0.009146804442447512
17,68,diaper,congruent,✅,0.9764278453504569
17,68,tire,congruent,✅,0.9854080347561522
17,68,diaper,incongruent,✅,0.009897950742842221
17,68,tire,incongruent,✅,0.00398195179849173
17,69,chemotherapy,congruent,✅,0.9411767021808174
17,69,golf,congruent,✅,0.9762936834880316
17,69,chemotherapy,incongruent,✅,0.007116467330592356
17,69,golf,incongruent,✅,0.4076404584216088
17,7,consensus,congruent,✅,0.7595933573064946
17,7,deadlock,congruent,✅,0.8684067466627731
17,7,consensus,incongruent,❌,0.5327388775185461
17,7,deadlock,incongruent,✅,0.4912379951209976
17,70,thunder,congruent,✅,0.9849383950738085
17,70,lullaby,congruent,✅,0.9380743670832076
17,70,thunder,incongruent,✅,0.048950488006546965
17,70,lullaby,incongruent,✅,0.023877885600059615
17,71,pajamas,congruent,✅,0.9891532452550952
17,71,uniform,congruent,✅,0.9939728228126918
17,71,pajamas,incongruent,❌,0.7415546686019975
17,71,uniform,incongruent,✅,0.029210582924646143
17,72,gown,congruent,✅,0.9943299015906131
17,72,sweats,congruent,✅,0.9632794913768198
17,72,gown,incongruent,✅,0.01319129776080407
17,72,sweats,incongruent,✅,0.020056923509136668
17,73,deadline,congruent,✅,0.8760020236108094
17,73,bed,congruent,✅,0.9912540711658311
17,73,deadline,incongruent,✅,0.0196641783953811
17,73,bed,incongruent,✅,0.28343999680531884
17,74,kindergarten,congruent,✅,0.9432935937012333
17,74,jail,congruent,✅,0.8242554188253838
17,74,kindergarten,incongruent,✅,0.04751483986810942
17,74,jail,incongruent,❌,0.7589814973140556
17,75,interrogated,congruent,✅,0.9011723212109906
17,75,tickled,congruent,✅,0.8166038439122117
17,75,interrogated,incongruent,✅,0.07287576863262214
17,75,tickled,incongruent,✅,0.017851107126694098
17,76,sandcastle,congruent,✅,0.9866048571853289
17,76,snowman,congruent,✅,0.996104437229555
17,76,sandcastle,incongruent,✅,0.362988001963549
17,76,snowman,incongruent,❌,0.8464834768835852
17,77,music,congruent,✅,0.9980877094442222
17,77,pizza,congruent,✅,0.9995727191084626
17,77,music,incongruent,✅,0.030919314412237536
17,77,pizza,incongruent,✅,0.012201084318853766
17,78,playoffs,congruent,✅,0.9207518609048561
17,78,cartoon,congruent,✅,0.9985321355343033
17,78,playoffs,incongruent,✅,0.20404331046890528
17,78,cartoon,incongruent,✅,0.18962130494831117
17,79,alcoholism,congruent,✅,0.9824668281772423
17,79,academics,congruent,✅,0.9773523847852926
17,79,alcoholism,incongruent,✅,0.11042038289565007
17,79,academics,incongruent,✅,0.3946350752166693
17,8,engagement,congruent,✅,0.7857954379048171
17,8,cancer,congruent,❌,0.41725341101379887
17,8,engagement,incongruent,✅,0.03075749651925756
17,8,cancer,incongruent,✅,0.11463491094213474
17,9,terminal,congruent,✅,0.99275566789148
17,9,classroom,congruent,✅,0.688367717912808
17,9,terminal,incongruent,✅,0.00219541636933222
17,9,classroom,incongruent,✅,0.10091943554110613
18,0,library,congruent,✅,0.941992796115738
18,0,refrigerator,congruent,✅,0.5642224113081424
18,0,library,incongruent,✅,0.03106841368660645
18,0,refrigerator,incongruent,✅,0.011324375378782458
18,1,disappointment,congruent,❌,0.4931243325229726
18,1,delight,congruent,✅,0.9195563015995445
18,1,disappointment,incongruent,✅,0.002922134156243523
18,1,delight,incongruent,✅,0.042125834159494925
18,10,cash,congruent,✅,0.9769624175557321
18,10,groceries,congruent,✅,0.9572917307698786
18,10,cash,incongruent,❌,0.6295934398784676
18,10,groceries,incongruent,✅,0.11690194763021303
18,11,lonely,congruent,✅,0.8073911347111802
18,11,confident,congruent,✅,0.7880159288671343
18,11,lonely,incongruent,✅,0.08727214878674326
18,11,confident,incongruent,✅,0.12966226393756097
18,12,joy,congruent,✅,0.9976341235975033
18,12,outrage,congruent,❌,0.49481920744140595
18,12,joy,incongruent,✅,0.008256380322918066
18,12,outrage,incongruent,❌,0.6757487476856628
18,13,traffic,congruent,✅,0.994058723642607
18,13,snowstorm,congruent,✅,0.9911973234507412
18,13,traffic,incongruent,❌,0.567890972441266
18,13,snowstorm,incongruent,❌,0.5407586985846591
18,14,laughter,congruent,✅,0.9846395345790407
18,14,frustration,congruent,✅,0.9934273135009846
18,14,laughter,incongruent,✅,0.32338357342905866
18,14,frustration,incongruent,✅,0.08998148376227592
18,15,calculator,congruent,✅,0.9517875695612541
18,15,instrument,congruent,✅,0.7861577908470596
18,15,calculator,incongruent,✅,0.3946485261648854
18,15,instrument,incongruent,❌,0.515987489526202
18,16,orchestra,congruent,✅,0.9077879985610445
18,16,racers,congruent,✅,0.991276037853613
18,16,orchestra,incongruent,✅,0.1623044243908796
18,16,racers,incongruent,✅,0.03827640708936169
18,17,retirement,congruent,✅,0.9598352639493164
18,17,playdate,congruent,✅,0.8342697556122557
18,17,retirement,incongruent,✅,0.042235057179707845
18,17,playdate,incongruent,✅,0.01682863245802117
18,18,relieved,congruent,✅,0.8743549729936068
18,18,depressed,congruent,✅,0.8388827725274128
18,18,relieved,incongruent,✅,0.07630412020510748
18,18,depressed,incongruent,❌,0.8050907637878596
18,19,friends,congruent,❌,0.2826934840234583
18,19,weight,congruent,✅,0.7131239191482616
18,19,friends,incongruent,✅,0.2031602913209575
18,19,weight,incongruent,✅,0.059950903590923865
18,2,overcoat,congruent,✅,0.7482499498005962
18,2,sandals,congruent,✅,0.8907697438102924
18,2,overcoat,incongruent,✅,0.00026151485458363337
18,2,sandals,incongruent,✅,0.0007659630910860633
18,20,lipstick,congruent,✅,0.9122457488358835
18,20,song,congruent,✅,0.9019426404758257
18,20,lipstick,incongruent,✅,0.015441485517755073
18,20,song,incongruent,✅,0.055181244173248975
18,21,fought,congruent,❌,0.26535360701439836
18,21,sang,congruent,✅,0.8066683726904199
18,21,fought,incongruent,✅,0.03244321825066826
18,21,sang,incongruent,✅,0.00687174406392362
18,22,skeptical,congruent,❌,0.25234823417226904
18,22,reassured,congruent,❌,0.3909705925338447
18,22,skeptical,incongruent,✅,0.3240270167823695
18,22,reassured,incongruent,✅,0.03687760961471787
18,23,graduation,congruent,✅,0.998465074745006
18,23,operation,congruent,✅,0.9283993323118733
18,23,graduation,incongruent,✅,0.06711108278519168
18,23,operation,incongruent,✅,0.08448220369217466
18,24,bride,congruent,✅,0.9868210647383417
18,24,aftermath,congruent,✅,0.9977002143723871
18,24,bride,incongruent,✅,0.053233959328536834
18,24,aftermath,incongruent,✅,0.006480790913942008
18,25,teacher,congruent,✅,0.8617477126730386
18,25,daughter,congruent,✅,0.9759744885187495
18,25,teacher,incongruent,✅,0.051537204158498294
18,25,daughter,incongruent,✅,0.24967674955052077
18,26,roommate,congruent,✅,0.6399891932124709
18,26,grandma,congruent,✅,0.9898815596883421
18,26,roommate,incongruent,✅,0.03770655844644552
18,26,grandma,incongruent,✅,0.024065034250563538
18,27,brother,congruent,✅,0.5728589518571946
18,27,mother,congruent,✅,0.9018183294622952
18,27,brother,incongruent,✅,0.40460363467086385
18,27,mother,incongruent,✅,0.1902242036220461
18,28,preschool,congruent,❌,0.43393910820951836
18,28,prison,congruent,✅,0.8420646543320386
18,28,preschool,incongruent,✅,0.00048778255512571
18,28,prison,incongruent,✅,0.0006871212763237561
18,29,hopeful,congruent,✅,0.6114849303743389
18,29,hopeless,congruent,✅,0.9788773611793115
18,29,hopeful,incongruent,✅,0.25525432966509587
18,29,hopeless,incongruent,✅,0.057968794864872025
18,3,marathon,congruent,✅,0.8804252389510371
18,3,exam,congruent,✅,0.5365675283678678
18,3,marathon,incongruent,✅,0.009708512477463219
18,3,exam,incongruent,✅,0.04722018504007575
18,30,appalled,congruent,✅,0.9296254388696137
18,30,overjoyed,congruent,✅,0.9311551024105446
18,30,appalled,incongruent,✅,0.22660555833511115
18,30,overjoyed,incongruent,❌,0.5850933897099657
18,31,reprimand,congruent,✅,0.7714698659266179
18,31,encouragement,congruent,✅,0.9242030613098663
18,31,reprimand,incongruent,✅,0.0303828749954897
18,31,encouragement,incongruent,✅,0.02880447775263923
18,32,angrily,congruent,✅,0.9619359651985842
18,32,cordially,congruent,✅,0.9343998324101924
18,32,angrily,incongruent,✅,0.04196951396244087
18,32,cordially,incongruent,✅,0.004383628265027727
18,33,accusatory,congruent,✅,0.9778185691171467
18,33,flirtatious,congruent,✅,0.9268315353629603
18,33,accusatory,incongruent,❌,0.6035915327762603
18,33,flirtatious,incongruent,✅,0.41204965232147844
18,34,disapprovingly,congruent,✅,0.8304611972537786
18,34,lovingly,congruent,✅,0.7521242858990282
18,34,disapprovingly,incongruent,✅,0.11985286341718929
18,34,lovingly,incongruent,✅,0.16420453441124722
18,35,playful,congruent,❌,0.4050951021241117
18,35,distant,congruent,❌,0.09413133878272995
18,35,playful,incongruent,✅,0.08933870312010246
18,35,distant,incongruent,✅,0.026369928165064116
18,36,headphones,congruent,✅,0.736464436820098
18,36,mangoes,congruent,✅,0.8348192601760439
18,36,headphones,incongruent,✅,0.1335332012827274
18,36,mangoes,incongruent,✅,0.0038292224316394084
18,37,playroom,congruent,✅,0.9960805060697626
18,37,park,congruent,✅,0.99481397520504
18,37,playroom,incongruent,✅,0.29692240639432654
18,37,park,incongruent,✅,0.4198033946759581
18,38,bedroom,congruent,✅,0.9904575387148645
18,38,backyard,congruent,✅,0.9957645461892818
18,38,bedroom,incongruent,✅,0.03195356482256012
18,38,backyard,incongruent,✅,0.011838608677298015
18,39,solemnly,congruent,✅,0.5290855573262783
18,39,excitedly,congruent,❌,0.4267240938581457
18,39,solemnly,incongruent,✅,0.04619586880712424
18,39,excitedly,incongruent,✅,0.059995109241155385
18,4,menu,congruent,✅,0.9523517424218297
18,4,prescription,congruent,✅,0.987135101943221
18,4,menu,incongruent,✅,0.11242053399843889
18,4,prescription,incongruent,✅,0.12237994513331853
18,40,car,congruent,✅,0.8449958043178962
18,40,sock,congruent,❌,0.44134141981002795
18,40,car,incongruent,✅,0.05379175448032929
18,40,sock,incongruent,✅,0.014000918497425137
18,41,overdressed,congruent,✅,0.9097715638307423
18,41,naked,congruent,✅,0.8888019941384887
18,41,overdressed,incongruent,✅,0.11748075334621115
18,41,naked,incongruent,❌,0.5977878796650599
18,42,shy,congruent,✅,0.9693940328346237
18,42,lively,congruent,✅,0.9950145276557677
18,42,shy,incongruent,❌,0.8153391369957682
18,42,lively,incongruent,❌,0.7779468377440555
18,43,offended,congruent,✅,0.9098822436767056
18,43,flattered,congruent,✅,0.7893580635526581
18,43,offended,incongruent,✅,0.11490518259378031
18,43,flattered,incongruent,✅,0.33677018551438387
18,44,grandkid,congruent,✅,0.9650572258147944
18,44,cellmate,congruent,✅,0.9967182348237169
18,44,grandkid,incongruent,✅,0.4065893235310988
18,44,cellmate,incongruent,✅,0.03694699672348242
18,45,promoted,congruent,✅,0.9382624900744498
18,45,fired,congruent,✅,0.9057936147942679
18,45,promoted,incongruent,✅,0.4643275111143068
18,45,fired,incongruent,❌,0.7061227019941212
18,46,shooting,congruent,❌,0.37904058216151604
18,46,celebration,congruent,❌,0.18970675623680033
18,46,shooting,incongruent,✅,0.005534736301223939
18,46,celebration,incongruent,✅,0.0626507643612754
18,47,crayon,congruent,✅,0.7481688287389922
18,47,beer,congruent,✅,0.9970668788713841
18,47,crayon,incongruent,✅,0.0009193797830698289
18,47,beer,incongruent,✅,0.00220533238868825
18,48,waiter,congruent,❌,0.15635814668243672
18,48,taxi,congruent,✅,0.5541745446969221
18,48,waiter,incongruent,✅,0.03080477880519245
18,48,taxi,incongruent,✅,0.007857787105672843
18,49,parents,congruent,✅,0.8487802373195514
18,49,keys,congruent,✅,0.9724875308314026
18,49,parents,incongruent,✅,0.24782199491548268
18,49,keys,incongruent,✅,0.22709999425878755
18,5,distress,congruent,✅,0.9939715416028184
18,5,tranquility,congruent,✅,0.5603063211866942
18,5,distress,incongruent,✅,0.0020404178920530756
18,5,tranquility,incongruent,✅,0.4179037966693073
18,50,sofa,congruent,✅,0.9958219021628127
18,50,sky,congruent,✅,0.9727036423601749
18,50,sofa,incongruent,✅,0.24852387022513472
18,50,sky,incongruent,✅,0.14778278197176337
18,51,obesity,congruent,❌,0.3828753972803952
18,51,homework,congruent,✅,0.8709901568365753
18,51,obesity,incongruent,✅,0.004115053125357052
18,51,homework,incongruent,✅,0.042935238321602315
18,52,quiz,congruent,✅,0.9619088463333711
18,52,commute,congruent,✅,0.9847458115974452
18,52,quiz,incongruent,✅,0.017847789107052286
18,52,commute,incongruent,✅,0.008474361631181418
18,53,migraine,congruent,✅,0.9966217003632296
18,53,excitement,congruent,✅,0.9579561888969143
18,53,migraine,incongruent,✅,0.0011645922592551886
18,53,excitement,incongruent,❌,0.5544777295904121
18,54,niece,congruent,✅,0.8747562037606776
18,54,husband,congruent,✅,0.8887421867341461
18,54,niece,incongruent,❌,0.7175102274884375
18,54,husband,incongruent,✅,0.15122892454092926
18,55,film,congruent,✅,0.8852740243096591
18,55,sunrise,congruent,✅,0.9542968690823415
18,55,film,incongruent,✅,0.02455730404388034
18,55,sunrise,incongruent,✅,0.08345994185175704
18,56,lecture,congruent,✅,0.9835049054584019
18,56,banquet,congruent,✅,0.9873723785322778
18,56,lecture,incongruent,✅,0.006244210263430523
18,56,banquet,incongruent,✅,0.0032521174952519676
18,57,drink,congruent,✅,0.9871413989253046
18,57,textbook,congruent,✅,0.9924507770467813
18,57,drink,incongruent,✅,0.009195848278469698
18,57,textbook,incongruent,✅,0.03470478928167801
18,58,pool,congruent,✅,0.9862604844982786
18,58,snow,congruent,❌,0.21355117504330695
18,58,pool,incongruent,✅,0.004647087972252593
18,58,snow,incongruent,✅,0.009281369706705553
18,59,passport,congruent,✅,0.9033693221769966
18,59,plushy,congruent,✅,0.993104384905573
18,59,passport,incongruent,✅,0.016376798368400912
18,59,plushy,incongruent,✅,0.018845606833466998
18,6,patients,congruent,✅,0.9750624643985836
18,6,students,congruent,✅,0.9973907848437736
18,6,patients,incongruent,✅,0.01197099424406836
18,6,students,incongruent,✅,0.0017150782838383997
18,60,sister,congruent,✅,0.78092535978889
18,60,father,congruent,✅,0.9712251048250616
18,60,sister,incongruent,✅,0.05216055442498998
18,60,father,incongruent,❌,0.6350008286087511
18,61,game,congruent,✅,0.9697506111301852
18,61,sunset,congruent,✅,0.9728305583261418
18,61,game,incongruent,✅,0.04937973786675686
18,61,sunset,incongruent,✅,0.038847470041298855
18,62,holidays,congruent,✅,0.9301689913564356
18,62,funeral,congruent,✅,0.9663286323715383
18,62,holidays,incongruent,✅,0.040724731488464484
18,62,funeral,incongruent,✅,0.2904386991231298
18,63,grades,congruent,✅,0.8828159966371308
18,63,affair,congruent,✅,0.8157917790618621
18,63,grades,incongruent,✅,0.18431262538516463
18,63,affair,incongruent,✅,0.4289499828167744
18,64,arrest,congruent,✅,0.788319521055586
18,64,stroke,congruent,❌,0.08401893319511788
18,64,arrest,incongruent,✅,0.05657144815631171
18,64,stroke,incongruent,✅,0.06403971765845803
18,65,pacifier,congruent,✅,0.9373369010801964
18,65,coffee,congruent,✅,0.9962536618971379
18,65,pacifier,incongruent,✅,0.051296977230859096
18,65,coffee,incongruent,✅,0.003436374811164971
18,66,sweets,congruent,✅,0.9800939659729326
18,66,sentencing,congruent,✅,0.9607251841218284
18,66,sweets,incongruent,✅,0.003836383245946216
18,66,sentencing,incongruent,✅,0.04470049139031665
18,67,nap,congruent,✅,0.9950771928256108
18,67,selfie,congruent,✅,0.9974717208950895
18,67,nap,incongruent,✅,0.06814232071174585
18,67,selfie,incongruent,✅,0.007112963988075932
18,68,diaper,congruent,✅,0.9805187066780657
18,68,tire,congruent,✅,0.9879463094007892
18,68,diaper,incongruent,✅,0.004246881906687841
18,68,tire,incongruent,✅,0.0030995202290053005
18,69,chemotherapy,congruent,✅,0.9618869869332041
18,69,golf,congruent,✅,0.9950469582990423
18,69,chemotherapy,incongruent,✅,0.04954475219665265
18,69,golf,incongruent,✅,0.3425843802818503
18,7,consensus,congruent,✅,0.8626258866488018
18,7,deadlock,congruent,✅,0.8931694334254786
18,7,consensus,incongruent,❌,0.5055295376703338
18,7,deadlock,incongruent,❌,0.6952880014142394
18,70,thunder,congruent,✅,0.9911647762686955
18,70,lullaby,congruent,✅,0.9359530125813915
18,70,thunder,incongruent,✅,0.06784876694321174
18,70,lullaby,incongruent,✅,0.016425585839700458
18,71,pajamas,congruent,✅,0.9932662525644763
18,71,uniform,congruent,✅,0.9960311539909774
18,71,pajamas,incongruent,❌,0.6058328709463688
18,71,uniform,incongruent,✅,0.020176896720501047
18,72,gown,congruent,✅,0.9953632949823875
18,72,sweats,congruent,✅,0.9892842415416611
18,72,gown,incongruent,✅,0.015633596048377288
18,72,sweats,incongruent,✅,0.03349508999541265
18,73,deadline,congruent,✅,0.8628821580688494
18,73,bed,congruent,✅,0.9889733082546909
18,73,deadline,incongruent,✅,0.0076546075886508745
18,73,bed,incongruent,✅,0.2753982707174617
18,74,kindergarten,congruent,✅,0.9654972743808883
18,74,jail,congruent,✅,0.8166239808706405
18,74,kindergarten,incongruent,✅,0.03801742688402063
18,74,jail,incongruent,❌,0.9177424378470036
18,75,interrogated,congruent,✅,0.9566639836974792
18,75,tickled,congruent,✅,0.9304034300078747
18,75,interrogated,incongruent,✅,0.11786679539318086
18,75,tickled,incongruent,✅,0.015606676164050648
18,76,sandcastle,congruent,✅,0.994146326303986
18,76,snowman,congruent,✅,0.997261599852078
18,76,sandcastle,incongruent,❌,0.5088502644830708
18,76,snowman,incongruent,❌,0.9023946757129094
18,77,music,congruent,✅,0.9992225168212567
18,77,pizza,congruent,✅,0.999177839698162
18,77,music,incongruent,✅,0.040290003607526624
18,77,pizza,incongruent,✅,0.010776583329774492
18,78,playoffs,congruent,✅,0.9397742513219652
18,78,cartoon,congruent,✅,0.9978077366377214
18,78,playoffs,incongruent,✅,0.06947459035337172
18,78,cartoon,incongruent,✅,0.05430252150513335
18,79,alcoholism,congruent,✅,0.9800788446657601
18,79,academics,congruent,✅,0.9663701789764261
18,79,alcoholism,incongruent,✅,0.07588838260216021
18,79,academics,incongruent,✅,0.20352581125877287
18,8,engagement,congruent,✅,0.7775792220412113
18,8,cancer,congruent,❌,0.4888196324932262
18,8,engagement,incongruent,✅,0.06124259704012788
18,8,cancer,incongruent,✅,0.1132517570488201
18,9,terminal,congruent,✅,0.9952611079460224
18,9,classroom,congruent,✅,0.8016514373205987
18,9,terminal,incongruent,✅,0.006254906188237637
18,9,classroom,incongruent,✅,0.08799605462354493
19,0,library,congruent,✅,0.9527348247486188
19,0,refrigerator,congruent,✅,0.875181212207053
19,0,library,incongruent,✅,0.025154072235890425
19,0,refrigerator,incongruent,✅,0.012794925049280863
19,1,disappointment,congruent,❌,0.2818710187069343
19,1,delight,congruent,✅,0.9044408834944251
19,1,disappointment,incongruent,✅,0.0015829686710193375
19,1,delight,incongruent,✅,0.0048159153865116435
19,10,cash,congruent,✅,0.9923951449529457
19,10,groceries,congruent,✅,0.9352168005056357
19,10,cash,incongruent,✅,0.42438488932052715
19,10,groceries,incongruent,✅,0.06741674277590652
19,11,lonely,congruent,✅,0.8878894801360131
19,11,confident,congruent,✅,0.8860242137473044
19,11,lonely,incongruent,✅,0.026045932920293717
19,11,confident,incongruent,✅,0.08821323644004674
19,12,joy,congruent,✅,0.9982526241202171
19,12,outrage,congruent,❌,0.2452825335127251
19,12,joy,incongruent,✅,0.0012046409916275978
19,12,outrage,incongruent,❌,0.6055151415287731
19,13,traffic,congruent,✅,0.9984045650467553
19,13,snowstorm,congruent,✅,0.9969236212779677
19,13,traffic,incongruent,❌,0.7093335924687081
19,13,snowstorm,incongruent,❌,0.717718319960023
19,14,laughter,congruent,✅,0.9918766773580535
19,14,frustration,congruent,✅,0.9987420182467949
19,14,laughter,incongruent,❌,0.5879440451364102
19,14,frustration,incongruent,✅,0.13543283962339606
19,15,calculator,congruent,✅,0.965235784745567
19,15,instrument,congruent,✅,0.7621894188903147
19,15,calculator,incongruent,❌,0.6127335639534612
19,15,instrument,incongruent,❌,0.6270977548729996
19,16,orchestra,congruent,✅,0.944506644023093
19,16,racers,congruent,✅,0.9819554789573096
19,16,orchestra,incongruent,✅,0.018517671933059258
19,16,racers,incongruent,✅,0.0132575995735372
19,17,retirement,congruent,✅,0.9757254403588671
19,17,playdate,congruent,✅,0.9380089605252493
19,17,retirement,incongruent,✅,0.04356676106540632
19,17,playdate,incongruent,✅,0.009574059981124965
19,18,relieved,congruent,✅,0.7072284069943134
19,18,depressed,congruent,✅,0.6612269061090084
19,18,relieved,incongruent,✅,0.023770766308418255
19,18,depressed,incongruent,❌,0.6167710639475301
19,19,friends,congruent,❌,0.24922117320619044
19,19,weight,congruent,✅,0.8916367389484539
19,19,friends,incongruent,✅,0.109819532470809
19,19,weight,incongruent,✅,0.05046615973163007
19,2,overcoat,congruent,✅,0.7608328944891518
19,2,sandals,congruent,✅,0.8277204147878594
19,2,overcoat,incongruent,✅,0.0016167947672122384
19,2,sandals,incongruent,✅,0.0013085678537014817
19,20,lipstick,congruent,✅,0.9765619782188882
19,20,song,congruent,✅,0.9799196762000101
19,20,lipstick,incongruent,✅,0.01510406689728169
19,20,song,incongruent,✅,0.06245834668693014
19,21,fought,congruent,❌,0.3715885833049193
19,21,sang,congruent,✅,0.969573124114943
19,21,fought,incongruent,✅,0.05437988460139894
19,21,sang,incongruent,✅,0.00214616725979284
19,22,skeptical,congruent,❌,0.4876900753590708
19,22,reassured,congruent,❌,0.3679631614609794
19,22,skeptical,incongruent,✅,0.2652034695814767
19,22,reassured,incongruent,✅,0.12057193122746372
19,23,graduation,congruent,✅,0.9984528763786381
19,23,operation,congruent,✅,0.9843388257619727
19,23,graduation,incongruent,✅,0.20863679384435188
19,23,operation,incongruent,✅,0.061007439640670014
19,24,bride,congruent,✅,0.9718926555005368
19,24,aftermath,congruent,✅,0.9991985737103412
19,24,bride,incongruent,✅,0.053751457109787695
19,24,aftermath,incongruent,✅,0.0007430290419915569
19,25,teacher,congruent,✅,0.9279961698419897
19,25,daughter,congruent,✅,0.9885485841737424
19,25,teacher,incongruent,✅,0.027058499418706715
19,25,daughter,incongruent,✅,0.04230926112515126
19,26,roommate,congruent,✅,0.9218356605243505
19,26,grandma,congruent,✅,0.9962363612494849
19,26,roommate,incongruent,✅,0.018993618756473284
19,26,grandma,incongruent,✅,0.016180585181024335
19,27,brother,congruent,✅,0.6528083661551963
19,27,mother,congruent,✅,0.9805493259649877
19,27,brother,incongruent,✅,0.3884333594476068
19,27,mother,incongruent,✅,0.28549829359458195
19,28,preschool,congruent,✅,0.6663021203247385
19,28,prison,congruent,✅,0.9178327514629016
19,28,preschool,incongruent,✅,0.0001569181753524286
19,28,prison,incongruent,✅,0.004459619698607863
19,29,hopeful,congruent,✅,0.595801272855032
19,29,hopeless,congruent,✅,0.9790651237461648
19,29,hopeful,incongruent,✅,0.13802233545774775
19,29,hopeless,incongruent,✅,0.06708603122039945
19,3,marathon,congruent,✅,0.9549006255178234
19,3,exam,congruent,✅,0.8945306636305563
19,3,marathon,incongruent,✅,0.017286319361947154
19,3,exam,incongruent,✅,0.058727035307774296
19,30,appalled,congruent,✅,0.9351840098377606
19,30,overjoyed,congruent,✅,0.9449737600586832
19,30,appalled,incongruent,✅,0.14254852970774837
19,30,overjoyed,incongruent,❌,0.564318303668883
19,31,reprimand,congruent,✅,0.9178232619294749
19,31,encouragement,congruent,✅,0.9736095304944882
19,31,reprimand,incongruent,✅,0.029824949815955817
19,31,encouragement,incongruent,✅,0.11756567540016132
19,32,angrily,congruent,✅,0.9893116714695389
19,32,cordially,congruent,✅,0.972310563191629
19,32,angrily,incongruent,✅,0.024892418279129993
19,32,cordially,incongruent,✅,0.007705923503077145
19,33,accusatory,congruent,✅,0.9672820946469133
19,33,flirtatious,congruent,✅,0.9488392184784943
19,33,accusatory,incongruent,❌,0.7195277312217682
19,33,flirtatious,incongruent,✅,0.14215549413944514
19,34,disapprovingly,congruent,✅,0.9447796776519167
19,34,lovingly,congruent,✅,0.8438305257668045
19,34,disapprovingly,incongruent,✅,0.22933510274868082
19,34,lovingly,incongruent,✅,0.18285004569973698
19,35,playful,congruent,❌,0.4001972689725184
19,35,distant,congruent,❌,0.048811619427393364
19,35,playful,incongruent,✅,0.05877347813146469
19,35,distant,incongruent,✅,0.011158190139686892
19,36,headphones,congruent,✅,0.7536137837588717
19,36,mangoes,congruent,✅,0.8936400267765924
19,36,headphones,incongruent,✅,0.015010201554497154
19,36,mangoes,incongruent,✅,0.002403946102877796
19,37,playroom,congruent,✅,0.998078261581332
19,37,park,congruent,✅,0.9951787956636725
19,37,playroom,incongruent,✅,0.010336625965164162
19,37,park,incongruent,✅,0.13231288545454317
19,38,bedroom,congruent,✅,0.9972871588851122
19,38,backyard,congruent,✅,0.9941333977973862
19,38,bedroom,incongruent,✅,0.011334181731530155
19,38,backyard,incongruent,✅,0.0031626325407988283
19,39,solemnly,congruent,✅,0.6590324012932215
19,39,excitedly,congruent,❌,0.3941008918777117
19,39,solemnly,incongruent,✅,0.0620522028571546
19,39,excitedly,incongruent,✅,0.0679843156915739
19,4,menu,congruent,✅,0.9235373152615006
19,4,prescription,congruent,✅,0.9887327381460681
19,4,menu,incongruent,✅,0.07585596214940565
19,4,prescription,incongruent,✅,0.06235499200857911
19,40,car,congruent,✅,0.8612281951411955
19,40,sock,congruent,✅,0.6770212096430462
19,40,car,incongruent,✅,0.023165416189225956
19,40,sock,incongruent,✅,0.02157626694600824
19,41,overdressed,congruent,✅,0.9671048571934534
19,41,naked,congruent,✅,0.8467702765161965
19,41,overdressed,incongruent,✅,0.049958421382697335
19,41,naked,incongruent,✅,0.41557914878643337
19,42,shy,congruent,✅,0.9792174523676532
19,42,lively,congruent,✅,0.9985648531261305
19,42,shy,incongruent,❌,0.6791523358746426
19,42,lively,incongruent,❌,0.734604471613381
19,43,offended,congruent,✅,0.8641979156280141
19,43,flattered,congruent,✅,0.8844815074575483
19,43,offended,incongruent,✅,0.14229707273019038
19,43,flattered,incongruent,✅,0.2125876345951933
19,44,grandkid,congruent,✅,0.9877075871775989
19,44,cellmate,congruent,✅,0.9837675938961802
19,44,grandkid,incongruent,✅,0.006141142834320572
19,44,cellmate,incongruent,✅,0.05990530067321352
19,45,promoted,congruent,✅,0.9694231765816681
19,45,fired,congruent,✅,0.9515284492379934
19,45,promoted,incongruent,❌,0.6753348556337126
19,45,fired,incongruent,❌,0.6396356303883116
19,46,shooting,congruent,❌,0.2628929978972853
19,46,celebration,congruent,❌,0.3618763023810072
19,46,shooting,incongruent,✅,0.011597049348830336
19,46,celebration,incongruent,✅,0.04923251206227988
19,47,crayon,congruent,✅,0.7707947069806965
19,47,beer,congruent,✅,0.9964713093178674
19,47,crayon,incongruent,✅,9.876331574152988e-05
19,47,beer,incongruent,✅,0.00038025997477268063
19,48,waiter,congruent,❌,0.4394640259524703
19,48,taxi,congruent,✅,0.839410372216479
19,48,waiter,incongruent,✅,0.05104737799589317
19,48,taxi,incongruent,✅,0.011935732847803188
19,49,parents,congruent,✅,0.8956367928634181
19,49,keys,congruent,✅,0.9791814812828632
19,49,parents,incongruent,✅,0.1030623761415646
19,49,keys,incongruent,✅,0.3119982770552509
19,5,distress,congruent,✅,0.9985074821662366
19,5,tranquility,congruent,✅,0.8151397396540492
19,5,distress,incongruent,✅,0.0005302412400692577
19,5,tranquility,incongruent,❌,0.7358774492532311
19,50,sofa,congruent,✅,0.9939006182510428
19,50,sky,congruent,✅,0.9651027294112184
19,50,sofa,incongruent,✅,0.13385354790154091
19,50,sky,incongruent,✅,0.08106195896194104
19,51,obesity,congruent,✅,0.5911115215863799
19,51,homework,congruent,✅,0.9622746132452049
19,51,obesity,incongruent,✅,0.0028063705522027938
19,51,homework,incongruent,✅,0.0500116133318954
19,52,quiz,congruent,✅,0.9829933421990235
19,52,commute,congruent,✅,0.9979832106739195
19,52,quiz,incongruent,✅,0.024585608615660202
19,52,commute,incongruent,✅,0.006585573956748297
19,53,migraine,congruent,✅,0.9941497935311887
19,53,excitement,congruent,✅,0.9696793575677216
19,53,migraine,incongruent,✅,0.0004746283737603819
19,53,excitement,incongruent,✅,0.16420655615488658
19,54,niece,congruent,✅,0.8866877744524382
19,54,husband,congruent,✅,0.948149883742823
19,54,niece,incongruent,❌,0.5689605115882613
19,54,husband,incongruent,✅,0.1609239009437936
19,55,film,congruent,✅,0.7538621649206149
19,55,sunrise,congruent,✅,0.8716185620930732
19,55,film,incongruent,✅,0.001504927974899237
19,55,sunrise,incongruent,✅,0.007425163150104702
19,56,lecture,congruent,✅,0.9817472315346105
19,56,banquet,congruent,✅,0.9880649753616026
19,56,lecture,incongruent,✅,0.0010114598506987347
19,56,banquet,incongruent,✅,0.001306335958898453
19,57,drink,congruent,✅,0.9973137247231848
19,57,textbook,congruent,✅,0.9940084224374821
19,57,drink,incongruent,✅,0.012977769787370006
19,57,textbook,incongruent,✅,0.04638460605135863
19,58,pool,congruent,✅,0.9940009943604318
19,58,snow,congruent,✅,0.5646003978198831
19,58,pool,incongruent,✅,0.0019093486950692814
19,58,snow,incongruent,✅,0.03360707579103913
19,59,passport,congruent,✅,0.9106278003667567
19,59,plushy,congruent,✅,0.9970825164034944
19,59,passport,incongruent,✅,0.007866434433329676
19,59,plushy,incongruent,✅,0.006258308995600492
19,6,patients,congruent,✅,0.9889732080529302
19,6,students,congruent,✅,0.9994322299319905
19,6,patients,incongruent,✅,0.011418205045935121
19,6,students,incongruent,✅,0.00247788815910309
19,60,sister,congruent,✅,0.8556030838198915
19,60,father,congruent,✅,0.9768255874603472
19,60,sister,incongruent,✅,0.027248732676980563
19,60,father,incongruent,✅,0.48809979418561816
19,61,game,congruent,✅,0.9869578485552651
19,61,sunset,congruent,✅,0.9900315359036078
19,61,game,incongruent,✅,0.03769767941772333
19,61,sunset,incongruent,✅,0.031196134467815776
19,62,holidays,congruent,✅,0.8283234408685135
19,62,funeral,congruent,✅,0.991175841133506
19,62,holidays,incongruent,✅,0.08732056917062847
19,62,funeral,incongruent,✅,0.20111476782474308
19,63,grades,congruent,✅,0.9849109186133979
19,63,affair,congruent,✅,0.8249189187804248
19,63,grades,incongruent,✅,0.03659351285429876
19,63,affair,incongruent,✅,0.2763110133979446
19,64,arrest,congruent,❌,0.2892386800671521
19,64,stroke,congruent,❌,0.15318573120256385
19,64,arrest,incongruent,✅,0.05440080926712147
19,64,stroke,incongruent,✅,0.017552591242017638
19,65,pacifier,congruent,✅,0.9020126622712827
19,65,coffee,congruent,✅,0.9980932720594438
19,65,pacifier,incongruent,✅,0.05256151738236147
19,65,coffee,incongruent,✅,0.002094972504713689
19,66,sweets,congruent,✅,0.9892441327470076
19,66,sentencing,congruent,✅,0.9657297247722271
19,66,sweets,incongruent,✅,0.0036450764528590594
19,66,sentencing,incongruent,✅,0.018316815532074992
19,67,nap,congruent,✅,0.9978691051349757
19,67,selfie,congruent,✅,0.9986338891405894
19,67,nap,incongruent,✅,0.06113859053235231
19,67,selfie,incongruent,✅,0.0009691061414333734
19,68,diaper,congruent,✅,0.9940087177861479
19,68,tire,congruent,✅,0.9925879285279358
19,68,diaper,incongruent,✅,0.00026817596545250136
19,68,tire,incongruent,✅,0.0007491802684311984
19,69,chemotherapy,congruent,✅,0.9722522539082766
19,69,golf,congruent,✅,0.9961975686968606
19,69,chemotherapy,incongruent,✅,0.02525895967602642
19,69,golf,incongruent,✅,0.1584355119989415
19,7,consensus,congruent,✅,0.9286415942291187
19,7,deadlock,congruent,✅,0.9513872761930271
19,7,consensus,incongruent,❌,0.5521566966483545
19,7,deadlock,incongruent,❌,0.6903980215364603
19,70,thunder,congruent,✅,0.9949005754094341
19,70,lullaby,congruent,✅,0.8344110094412549
19,70,thunder,incongruent,✅,0.023194433698502014
19,70,lullaby,incongruent,✅,0.019662482020258866
19,71,pajamas,congruent,✅,0.9940408029809716
19,71,uniform,congruent,✅,0.9958837322757702
19,71,pajamas,incongruent,✅,0.1382605105003837
19,71,uniform,incongruent,✅,0.018528327241443134
19,72,gown,congruent,✅,0.9943432989185265
19,72,sweats,congruent,✅,0.9974041450000299
19,72,gown,incongruent,✅,0.008290186606935108
19,72,sweats,incongruent,✅,0.055351874895661055
19,73,deadline,congruent,✅,0.9098899099907758
19,73,bed,congruent,✅,0.9919806806978612
19,73,deadline,incongruent,✅,0.0050618028230065264
19,73,bed,incongruent,✅,0.11213735189885642
19,74,kindergarten,congruent,✅,0.9427918852393595
19,74,jail,congruent,✅,0.9050487310263852
19,74,kindergarten,incongruent,✅,0.09281428988948826
19,74,jail,incongruent,❌,0.9229415074383873
19,75,interrogated,congruent,✅,0.9552296028195106
19,75,tickled,congruent,✅,0.9341005004793569
19,75,interrogated,incongruent,✅,0.14311556054730887
19,75,tickled,incongruent,✅,0.007141503813614992
19,76,sandcastle,congruent,✅,0.9944670891291589
19,76,snowman,congruent,✅,0.9969454012351949
19,76,sandcastle,incongruent,❌,0.581016762016257
19,76,snowman,incongruent,❌,0.833177888571071
19,77,music,congruent,✅,0.999526286054017
19,77,pizza,congruent,✅,0.998938882318211
19,77,music,incongruent,✅,0.005213543197178128
19,77,pizza,incongruent,✅,0.005283861159801292
19,78,playoffs,congruent,✅,0.9791511737846704
19,78,cartoon,congruent,✅,0.9995335508838147
19,78,playoffs,incongruent,✅,0.008419958067585618
19,78,cartoon,incongruent,✅,0.06861749891640022
19,79,alcoholism,congruent,✅,0.9883718036171725
19,79,academics,congruent,✅,0.9762573939004926
19,79,alcoholism,incongruent,✅,0.04624375086745079
19,79,academics,incongruent,✅,0.1602243916392957
19,8,engagement,congruent,✅,0.7591910691413857
19,8,cancer,congruent,✅,0.6244397786543864
19,8,engagement,incongruent,✅,0.031407830594936056
19,8,cancer,incongruent,✅,0.08252359085729627
19,9,terminal,congruent,✅,0.9947905065898403
19,9,classroom,congruent,✅,0.8968927556579819
19,9,terminal,incongruent,✅,0.004363737158456909
19,9,classroom,incongruent,✅,0.18170286413571293
20,0,library,congruent,✅,0.8941735050341096
20,0,refrigerator,congruent,✅,0.6717958005836682
20,0,library,incongruent,✅,0.01219698172184678
20,0,refrigerator,incongruent,✅,0.012737903101493565
20,1,disappointment,congruent,✅,0.5242058863021845
20,1,delight,congruent,✅,0.916125902854722
20,1,disappointment,incongruent,✅,0.0037419051988734128
20,1,delight,incongruent,✅,0.020321524925645696
20,10,cash,congruent,✅,0.9935765150930481
20,10,groceries,congruent,✅,0.930533419367286
20,10,cash,incongruent,✅,0.23427984129106558
20,10,groceries,incongruent,✅,0.03236910141659336
20,11,lonely,congruent,✅,0.897517841807361
20,11,confident,congruent,✅,0.8276416645880303
20,11,lonely,incongruent,✅,0.020514061428920923
20,11,confident,incongruent,✅,0.07962809979791984
20,12,joy,congruent,✅,0.9968946389404971
20,12,outrage,congruent,❌,0.4622741652662692
20,12,joy,incongruent,✅,0.0008784798420623274
20,12,outrage,incongruent,❌,0.7386600020433713
20,13,traffic,congruent,✅,0.9971943582796446
20,13,snowstorm,congruent,✅,0.9936388028101665
20,13,traffic,incongruent,✅,0.19138040003865278
20,13,snowstorm,incongruent,✅,0.3880581846843232
20,14,laughter,congruent,✅,0.9908152076710413
20,14,frustration,congruent,✅,0.9984582034482479
20,14,laughter,incongruent,✅,0.4258748777143751
20,14,frustration,incongruent,✅,0.23441456035941632
20,15,calculator,congruent,✅,0.949069071341989
20,15,instrument,congruent,✅,0.7760826999566128
20,15,calculator,incongruent,✅,0.38466397678352526
20,15,instrument,incongruent,❌,0.622445101260156
20,16,orchestra,congruent,✅,0.9234636223947192
20,16,racers,congruent,✅,0.9749100938712868
20,16,orchestra,incongruent,✅,0.007979359493479565
20,16,racers,incongruent,✅,0.0018574590901997755
20,17,retirement,congruent,✅,0.9685444640890107
20,17,playdate,congruent,✅,0.9457051932744303
20,17,retirement,incongruent,✅,0.053611102349086615
20,17,playdate,incongruent,✅,0.00835271623137248
20,18,relieved,congruent,✅,0.5711475648593436
20,18,depressed,congruent,✅,0.6931875847291536
20,18,relieved,incongruent,✅,0.03668760344227675
20,18,depressed,incongruent,✅,0.4404115070636277
20,19,friends,congruent,❌,0.22450745621831175
20,19,weight,congruent,✅,0.9348936520230533
20,19,friends,incongruent,✅,0.10190859850033969
20,19,weight,incongruent,✅,0.023709713638624053
20,2,overcoat,congruent,✅,0.8503647174069986
20,2,sandals,congruent,✅,0.5926841195584571
20,2,overcoat,incongruent,✅,0.0006075553308186821
20,2,sandals,incongruent,✅,0.001313987262650783
20,20,lipstick,congruent,✅,0.9719118436349051
20,20,song,congruent,✅,0.9444237463731892
20,20,lipstick,incongruent,✅,0.006709245559479748
20,20,song,incongruent,✅,0.22111152338353712
20,21,fought,congruent,❌,0.2775713636401724
20,21,sang,congruent,✅,0.9382062242985596
20,21,fought,incongruent,✅,0.09899997779248666
20,21,sang,incongruent,✅,0.00244659669484405
20,22,skeptical,congruent,❌,0.4604991024382128
20,22,reassured,congruent,❌,0.25887411051556636
20,22,skeptical,incongruent,✅,0.16804977370936183
20,22,reassured,incongruent,✅,0.14168404792126627
20,23,graduation,congruent,✅,0.9943680650387549
20,23,operation,congruent,✅,0.9717746230821998
20,23,graduation,incongruent,✅,0.0681990596596343
20,23,operation,incongruent,✅,0.03643086655909004
20,24,bride,congruent,✅,0.9884514823822644
20,24,aftermath,congruent,✅,0.9981522913066293
20,24,bride,incongruent,✅,0.045102066094712435
20,24,aftermath,incongruent,✅,0.0028490992510604636
20,25,teacher,congruent,✅,0.9313622711923176
20,25,daughter,congruent,✅,0.9623680686778215
20,25,teacher,incongruent,✅,0.013971208101879917
20,25,daughter,incongruent,✅,0.01844603530259254
20,26,roommate,congruent,✅,0.9186358642152815
20,26,grandma,congruent,✅,0.9948007471099691
20,26,roommate,incongruent,✅,0.022508332933997205
20,26,grandma,incongruent,✅,0.028144670357760183
20,27,brother,congruent,✅,0.7534345148822642
20,27,mother,congruent,✅,0.9663062421228564
20,27,brother,incongruent,✅,0.3997808223388992
20,27,mother,incongruent,✅,0.21978071225733245
20,28,preschool,congruent,❌,0.488504286882132
20,28,prison,congruent,✅,0.9555873865208138
20,28,preschool,incongruent,✅,0.000279000932812741
20,28,prison,incongruent,✅,0.002721150249935304
20,29,hopeful,congruent,✅,0.7430451907270665
20,29,hopeless,congruent,✅,0.9906369400813495
20,29,hopeful,incongruent,✅,0.27838274906029437
20,29,hopeless,incongruent,✅,0.3347118569335817
20,3,marathon,congruent,✅,0.9858053358883571
20,3,exam,congruent,✅,0.9080223426063708
20,3,marathon,incongruent,✅,0.007531447611555529
20,3,exam,incongruent,✅,0.07018588952823661
20,30,appalled,congruent,✅,0.8939216641647647
20,30,overjoyed,congruent,✅,0.7743910756297808
20,30,appalled,incongruent,✅,0.03761058491138774
20,30,overjoyed,incongruent,✅,0.45758920920185964
20,31,reprimand,congruent,✅,0.9208355465476813
20,31,encouragement,congruent,✅,0.9808758671976746
20,31,reprimand,incongruent,✅,0.035875772652699575
20,31,encouragement,incongruent,✅,0.09869338230893684
20,32,angrily,congruent,✅,0.9818051693859374
20,32,cordially,congruent,✅,0.9735658621215638
20,32,angrily,incongruent,✅,0.06381220112718
20,32,cordially,incongruent,✅,0.006546200270477707
20,33,accusatory,congruent,✅,0.9731979913377843
20,33,flirtatious,congruent,✅,0.8385387227763701
20,33,accusatory,incongruent,✅,0.2655560174019011
20,33,flirtatious,incongruent,✅,0.10637178126095695
20,34,disapprovingly,congruent,✅,0.9042880120872068
20,34,lovingly,congruent,✅,0.7675646765951554
20,34,disapprovingly,incongruent,✅,0.1482110489482728
20,34,lovingly,incongruent,✅,0.13026609915928308
20,35,playful,congruent,❌,0.4637851376561323
20,35,distant,congruent,❌,0.0479264386519567
20,35,playful,incongruent,✅,0.09750602195680981
20,35,distant,incongruent,✅,0.0063774288778961135
20,36,headphones,congruent,✅,0.7819037124825781
20,36,mangoes,congruent,✅,0.8239443500826054
20,36,headphones,incongruent,✅,0.007488365326837532
20,36,mangoes,incongruent,✅,0.0023049137962952767
20,37,playroom,congruent,✅,0.9981385220868304
20,37,park,congruent,✅,0.9962929046742972
20,37,playroom,incongruent,✅,0.005933315836727009
20,37,park,incongruent,✅,0.15928730360951557
20,38,bedroom,congruent,✅,0.9974086750117178
20,38,backyard,congruent,✅,0.9902796152239957
20,38,bedroom,incongruent,✅,0.02086661385644409
20,38,backyard,incongruent,✅,0.006800867472470327
20,39,solemnly,congruent,✅,0.8094792252209732
20,39,excitedly,congruent,✅,0.5928784597633325
20,39,solemnly,incongruent,✅,0.1389051928393802
20,39,excitedly,incongruent,✅,0.20654930487305706
20,4,menu,congruent,✅,0.7651594259989566
20,4,prescription,congruent,✅,0.9884050274360897
20,4,menu,incongruent,✅,0.05290502916798836
20,4,prescription,incongruent,✅,0.0015062320747405557
20,40,car,congruent,✅,0.8421703546291335
20,40,sock,congruent,✅,0.8892619444455273
20,40,car,incongruent,✅,0.11159816591363102
20,40,sock,incongruent,✅,0.01800045676407178
20,41,overdressed,congruent,✅,0.9661989819491087
20,41,naked,congruent,✅,0.9510823706697508
20,41,overdressed,incongruent,✅,0.07631540167217597
20,41,naked,incongruent,✅,0.38183558948834495
20,42,shy,congruent,✅,0.9709587760445926
20,42,lively,congruent,✅,0.9968439908923328
20,42,shy,incongruent,❌,0.7790750272288725
20,42,lively,incongruent,❌,0.6541856412734921
20,43,offended,congruent,✅,0.9044505588263901
20,43,flattered,congruent,✅,0.95061239669288
20,43,offended,incongruent,✅,0.19783499858560716
20,43,flattered,incongruent,✅,0.30880010182802825
20,44,grandkid,congruent,✅,0.9876503425406967
20,44,cellmate,congruent,✅,0.9823731225264868
20,44,grandkid,incongruent,✅,0.00578044099967193
20,44,cellmate,incongruent,✅,0.028082897434109275
20,45,promoted,congruent,✅,0.9892762114538323
20,45,fired,congruent,✅,0.9703800328574317
20,45,promoted,incongruent,❌,0.8686461018136288
20,45,fired,incongruent,❌,0.8328012497043037
20,46,shooting,congruent,❌,0.3349020638890475
20,46,celebration,congruent,❌,0.4850135691301366
20,46,shooting,incongruent,✅,0.01078777186071835
20,46,celebration,incongruent,✅,0.1132217834397402
20,47,crayon,congruent,✅,0.62464280766865
20,47,beer,congruent,✅,0.9964509849741122
20,47,crayon,incongruent,✅,0.00027690972575518684
20,47,beer,incongruent,✅,0.0012572991758454477
20,48,waiter,congruent,✅,0.7670684370655126
20,48,taxi,congruent,✅,0.8555729096837142
20,48,waiter,incongruent,✅,0.05223780227897458
20,48,taxi,incongruent,✅,0.015679527174003876
20,49,parents,congruent,✅,0.9343913790925762
20,49,keys,congruent,✅,0.9934573017470769
20,49,parents,incongruent,✅,0.09251460088553493
20,49,keys,incongruent,✅,0.2459157525920744
20,5,distress,congruent,✅,0.9977721226824302
20,5,tranquility,congruent,✅,0.8438132563951066
20,5,distress,incongruent,✅,0.00042518420560980723
20,5,tranquility,incongruent,❌,0.8157822265622142
20,50,sofa,congruent,✅,0.9941843328458181
20,50,sky,congruent,✅,0.9618754025867297
20,50,sofa,incongruent,✅,0.16754326780659576
20,50,sky,incongruent,✅,0.12206513057248329
20,51,obesity,congruent,✅,0.7146819163836543
20,51,homework,congruent,✅,0.9748359227345977
20,51,obesity,incongruent,✅,0.002804433354574315
20,51,homework,incongruent,✅,0.07844435406426997
20,52,quiz,congruent,✅,0.9895032573390586
20,52,commute,congruent,✅,0.9989798451645773
20,52,quiz,incongruent,✅,0.15374709501568407
20,52,commute,incongruent,✅,0.004103766770429645
20,53,migraine,congruent,✅,0.9967836590965784
20,53,excitement,congruent,✅,0.9734604501851186
20,53,migraine,incongruent,✅,0.0005492846611047867
20,53,excitement,incongruent,✅,0.09044144100174842
20,54,niece,congruent,✅,0.8889659276020238
20,54,husband,congruent,✅,0.9705616039550112
20,54,niece,incongruent,✅,0.3474960377001059
20,54,husband,incongruent,✅,0.22437030182718043
20,55,film,congruent,✅,0.956507567005145
20,55,sunrise,congruent,✅,0.844639908843827
20,55,film,incongruent,✅,0.0008711933312869687
20,55,sunrise,incongruent,✅,0.020819458095312837
20,56,lecture,congruent,✅,0.9944006755625344
20,56,banquet,congruent,✅,0.9839278885560797
20,56,lecture,incongruent,✅,0.0015986841087539537
20,56,banquet,incongruent,✅,0.0018343405008606768
20,57,drink,congruent,✅,0.9980946853961146
20,57,textbook,congruent,✅,0.985671708771438
20,57,drink,incongruent,✅,0.010314219314906952
20,57,textbook,incongruent,✅,0.09061822685679653
20,58,pool,congruent,✅,0.9981121550242723
20,58,snow,congruent,✅,0.5671214292440746
20,58,pool,incongruent,✅,0.0007767472118069207
20,58,snow,incongruent,✅,0.03609501176007068
20,59,passport,congruent,✅,0.9672485753455559
20,59,plushy,congruent,✅,0.9952615175436821
20,59,passport,incongruent,✅,0.015244447864156949
20,59,plushy,incongruent,✅,0.016270285813661443
20,6,patients,congruent,✅,0.9918397445307149
20,6,students,congruent,✅,0.9981779366845959
20,6,patients,incongruent,✅,0.03234923630349605
20,6,students,incongruent,✅,0.006093681351060361
20,60,sister,congruent,✅,0.9069102035705334
20,60,father,congruent,✅,0.9784077160527092
20,60,sister,incongruent,✅,0.049512375808637356
20,60,father,incongruent,✅,0.3797676074456518
20,61,game,congruent,✅,0.9968334563989372
20,61,sunset,congruent,✅,0.9877919881020856
20,61,game,incongruent,✅,0.01720962675371945
20,61,sunset,incongruent,✅,0.12127794837135344
20,62,holidays,congruent,✅,0.9578224999552222
20,62,funeral,congruent,✅,0.9885906179332522
20,62,holidays,incongruent,✅,0.03815655862848919
20,62,funeral,incongruent,✅,0.3858605714648487
20,63,grades,congruent,✅,0.9913471441186132
20,63,affair,congruent,✅,0.786893414886549
20,63,grades,incongruent,✅,0.020350936958427573
20,63,affair,incongruent,✅,0.15728130093867407
20,64,arrest,congruent,✅,0.5266758458002986
20,64,stroke,congruent,❌,0.1132157013819283
20,64,arrest,incongruent,✅,0.02722493819208544
20,64,stroke,incongruent,✅,0.031033690839799705
20,65,pacifier,congruent,✅,0.8288651826355403
20,65,coffee,congruent,✅,0.9988127854103532
20,65,pacifier,incongruent,✅,0.06366028931344443
20,65,coffee,incongruent,✅,0.00048126423479834523
20,66,sweets,congruent,✅,0.9788064968649477
20,66,sentencing,congruent,✅,0.9584487375369621
20,66,sweets,incongruent,✅,0.0020970651660435135
20,66,sentencing,incongruent,✅,0.015480300182121005
20,67,nap,congruent,✅,0.9980777871767101
20,67,selfie,congruent,✅,0.9957823785843087
20,67,nap,incongruent,✅,0.01477187077613144
20,67,selfie,incongruent,✅,0.0004601617202809957
20,68,diaper,congruent,✅,0.9936341861174973
20,68,tire,congruent,✅,0.9915163145302544
20,68,diaper,incongruent,✅,0.00047574916948249165
20,68,tire,incongruent,✅,0.0011077961027159832
20,69,chemotherapy,congruent,✅,0.9851055864763162
20,69,golf,congruent,✅,0.9959682490643545
20,69,chemotherapy,incongruent,✅,0.02016763088974616
20,69,golf,incongruent,✅,0.16778199874025496
20,7,consensus,congruent,✅,0.9161104666865673
20,7,deadlock,congruent,✅,0.8840265239689277
20,7,consensus,incongruent,✅,0.43470665702764627
20,7,deadlock,incongruent,❌,0.7653454718953191
20,70,thunder,congruent,✅,0.9965487857617817
20,70,lullaby,congruent,✅,0.9095559503262689
20,70,thunder,incongruent,✅,0.04032569239888076
20,70,lullaby,incongruent,✅,0.06010710934479215
20,71,pajamas,congruent,✅,0.9717041002242709
20,71,uniform,congruent,✅,0.9871433778208093
20,71,pajamas,incongruent,✅,0.10582228826801066
20,71,uniform,incongruent,✅,0.006899139082357825
20,72,gown,congruent,✅,0.9965729273846123
20,72,sweats,congruent,✅,0.9873517848140798
20,72,gown,incongruent,✅,0.015136937657768702
20,72,sweats,incongruent,✅,0.10172115723529938
20,73,deadline,congruent,✅,0.8325781319900968
20,73,bed,congruent,✅,0.994890844019393
20,73,deadline,incongruent,✅,0.02039909085476175
20,73,bed,incongruent,✅,0.044751501776781846
20,74,kindergarten,congruent,✅,0.9218322829553891
20,74,jail,congruent,✅,0.9457061257917987
20,74,kindergarten,incongruent,✅,0.04328449283970186
20,74,jail,incongruent,❌,0.8890039763460906
20,75,interrogated,congruent,✅,0.9679650462086572
20,75,tickled,congruent,✅,0.9415952005003295
20,75,interrogated,incongruent,✅,0.10019395098707556
20,75,tickled,incongruent,✅,0.001414173091387587
20,76,sandcastle,congruent,✅,0.9985785252340896
20,76,snowman,congruent,✅,0.9981018455708494
20,76,sandcastle,incongruent,❌,0.6193316152959262
20,76,snowman,incongruent,❌,0.5182132066961611
20,77,music,congruent,✅,0.9979047659925219
20,77,pizza,congruent,✅,0.9990113113296535
20,77,music,incongruent,✅,0.0007053838490753556
20,77,pizza,incongruent,✅,0.0017317622218065655
20,78,playoffs,congruent,✅,0.984031354167721
20,78,cartoon,congruent,✅,0.9991869308347008
20,78,playoffs,incongruent,✅,0.0038918813709139435
20,78,cartoon,incongruent,✅,0.04987736330350371
20,79,alcoholism,congruent,✅,0.9928868986980854
20,79,academics,congruent,✅,0.9798276690737976
20,79,alcoholism,incongruent,✅,0.06508170089285246
20,79,academics,incongruent,✅,0.01892979120816734
20,8,engagement,congruent,✅,0.7833236637065936
20,8,cancer,congruent,✅,0.6808084707703489
20,8,engagement,incongruent,✅,0.0569959431729877
20,8,cancer,incongruent,✅,0.06864557366431995
20,9,terminal,congruent,✅,0.9972037311607393
20,9,classroom,congruent,✅,0.960391924709543
20,9,terminal,incongruent,✅,0.016774385326588724
20,9,classroom,incongruent,✅,0.08466299466025425
21,0,library,congruent,✅,0.9446161345309193
21,0,refrigerator,congruent,✅,0.9109168776957174
21,0,library,incongruent,✅,0.015016752239452246
21,0,refrigerator,incongruent,✅,0.0095849744618552
21,1,disappointment,congruent,✅,0.8214114425089339
21,1,delight,congruent,✅,0.8812574901723774
21,1,disappointment,incongruent,✅,0.0012525771165751334
21,1,delight,incongruent,✅,0.07674860905822697
21,10,cash,congruent,✅,0.9948229619334118
21,10,groceries,congruent,✅,0.9715286190463109
21,10,cash,incongruent,✅,0.4160508610760139
21,10,groceries,incongruent,✅,0.0686343962903483
21,11,lonely,congruent,✅,0.9453378537783018
21,11,confident,congruent,✅,0.8333373634859823
21,11,lonely,incongruent,✅,0.010800551453744351
21,11,confident,incongruent,✅,0.09252437077796445
21,12,joy,congruent,✅,0.997786604843657
21,12,outrage,congruent,✅,0.6323285257684631
21,12,joy,incongruent,✅,0.006523022640218711
21,12,outrage,incongruent,❌,0.5282538548979804
21,13,traffic,congruent,✅,0.9884364371433965
21,13,snowstorm,congruent,✅,0.9904992409947868
21,13,traffic,incongruent,✅,0.14992278692173244
21,13,snowstorm,incongruent,✅,0.0571221229317878
21,14,laughter,congruent,✅,0.9965330446976759
21,14,frustration,congruent,✅,0.9988977539942678
21,14,laughter,incongruent,❌,0.5143528581160063
21,14,frustration,incongruent,✅,0.250561450265549
21,15,calculator,congruent,✅,0.9185182915284964
21,15,instrument,congruent,✅,0.8408858300244979
21,15,calculator,incongruent,✅,0.2581943322881451
21,15,instrument,incongruent,❌,0.7126867355094061
21,16,orchestra,congruent,✅,0.9775317180745678
21,16,racers,congruent,✅,0.9597400209500896
21,16,orchestra,incongruent,✅,0.029623872933296845
21,16,racers,incongruent,✅,0.004248697121758971
21,17,retirement,congruent,✅,0.9439975296395583
21,17,playdate,congruent,✅,0.9505516003319848
21,17,retirement,incongruent,✅,0.019881799197042895
21,17,playdate,incongruent,✅,0.0005703636983139425
21,18,relieved,congruent,❌,0.3912390619279688
21,18,depressed,congruent,✅,0.7806230647897092
21,18,relieved,incongruent,✅,0.022726154746712104
21,18,depressed,incongruent,✅,0.23759104700148725
21,19,friends,congruent,❌,0.28293460267810205
21,19,weight,congruent,✅,0.969634971943378
21,19,friends,incongruent,✅,0.22498229851194973
21,19,weight,incongruent,✅,0.02067958592613079
21,2,overcoat,congruent,✅,0.9048717892229637
21,2,sandals,congruent,✅,0.704177926175462
21,2,overcoat,incongruent,✅,5.681869088497713e-05
21,2,sandals,incongruent,✅,0.00174371154711777
21,20,lipstick,congruent,✅,0.9786002922451846
21,20,song,congruent,✅,0.965121320282913
21,20,lipstick,incongruent,✅,0.01472951710240888
21,20,song,incongruent,✅,0.09343405655978684
21,21,fought,congruent,❌,0.23870795270758102
21,21,sang,congruent,✅,0.9813107593753189
21,21,fought,incongruent,✅,0.09432626235719967
21,21,sang,incongruent,✅,0.0023058162409327412
21,22,skeptical,congruent,✅,0.5089941258144929
21,22,reassured,congruent,❌,0.3486894007688457
21,22,skeptical,incongruent,✅,0.15642637091855843
21,22,reassured,incongruent,✅,0.2054179569890496
21,23,graduation,congruent,✅,0.9972088318027574
21,23,operation,congruent,✅,0.9825595514703188
21,23,graduation,incongruent,✅,0.10941633170623316
21,23,operation,incongruent,✅,0.024628783826682196
21,24,bride,congruent,✅,0.9953619541270612
21,24,aftermath,congruent,✅,0.9985521830560385
21,24,bride,incongruent,✅,0.012504555795911485
21,24,aftermath,incongruent,✅,0.0028662455391661166
21,25,teacher,congruent,✅,0.9445096841774719
21,25,daughter,congruent,✅,0.9868244416780035
21,25,teacher,incongruent,✅,0.07156819702043662
21,25,daughter,incongruent,✅,0.02643743343002032
21,26,roommate,congruent,✅,0.9595246865151963
21,26,grandma,congruent,✅,0.970366489552747
21,26,roommate,incongruent,✅,0.0031943587133501363
21,26,grandma,incongruent,✅,0.020407138897176876
21,27,brother,congruent,✅,0.7360452581489584
21,27,mother,congruent,✅,0.9514727024101771
21,27,brother,incongruent,✅,0.44443429841640253
21,27,mother,incongruent,✅,0.4242694865336727
21,28,preschool,congruent,✅,0.6579185649439032
21,28,prison,congruent,✅,0.9329626557474796
21,28,preschool,incongruent,✅,0.0004427904226478736
21,28,prison,incongruent,✅,0.0023441503223234675
21,29,hopeful,congruent,✅,0.8460358762502962
21,29,hopeless,congruent,✅,0.9900862397517605
21,29,hopeful,incongruent,✅,0.27195853070815923
21,29,hopeless,incongruent,✅,0.32571694624643444
21,3,marathon,congruent,✅,0.9799883899117167
21,3,exam,congruent,✅,0.9524490404953866
21,3,marathon,incongruent,✅,0.010994431345636633
21,3,exam,incongruent,✅,0.05113844399733836
21,30,appalled,congruent,✅,0.9395349107805165
21,30,overjoyed,congruent,✅,0.8660016937711964
21,30,appalled,incongruent,✅,0.008059288209958302
21,30,overjoyed,incongruent,✅,0.44267336955207254
21,31,reprimand,congruent,✅,0.7970778682293375
21,31,encouragement,congruent,✅,0.9689180509323452
21,31,reprimand,incongruent,✅,0.010260120598093437
21,31,encouragement,incongruent,✅,0.03656175567463514
21,32,angrily,congruent,✅,0.9842292408048631
21,32,cordially,congruent,✅,0.972281308217724
21,32,angrily,incongruent,✅,0.002361220865020035
21,32,cordially,incongruent,✅,0.0055735895004220045
21,33,accusatory,congruent,✅,0.9848405717376327
21,33,flirtatious,congruent,✅,0.9084065334641974
21,33,accusatory,incongruent,✅,0.4404981173696721
21,33,flirtatious,incongruent,✅,0.08604033577774761
21,34,disapprovingly,congruent,✅,0.9283269193899033
21,34,lovingly,congruent,✅,0.8348377713680245
21,34,disapprovingly,incongruent,✅,0.07927161619271374
21,34,lovingly,incongruent,✅,0.10242632694619835
21,35,playful,congruent,✅,0.7386478170791223
21,35,distant,congruent,❌,0.08445727263818543
21,35,playful,incongruent,✅,0.11553789743430376
21,35,distant,incongruent,✅,0.010915560866352175
21,36,headphones,congruent,✅,0.8504023593166082
21,36,mangoes,congruent,✅,0.9016379760194823
21,36,headphones,incongruent,✅,0.011483012974641578
21,36,mangoes,incongruent,✅,0.0021265862366614025
21,37,playroom,congruent,✅,0.9989783482526163
21,37,park,congruent,✅,0.9960335186165717
21,37,playroom,incongruent,✅,0.006954892894797804
21,37,park,incongruent,✅,0.022662894205225787
21,38,bedroom,congruent,✅,0.9929816517047977
21,38,backyard,congruent,✅,0.9925454640227531
21,38,bedroom,incongruent,✅,0.0046341069101162756
21,38,backyard,incongruent,✅,0.0008041191869268154
21,39,solemnly,congruent,✅,0.8836804181355316
21,39,excitedly,congruent,✅,0.5381112789908842
21,39,solemnly,incongruent,✅,0.15011567321547786
21,39,excitedly,incongruent,✅,0.06291225326483456
21,4,menu,congruent,✅,0.7016634658340365
21,4,prescription,congruent,✅,0.9848091043863526
21,4,menu,incongruent,✅,0.0252689177790518
21,4,prescription,incongruent,✅,0.00629772381331943
21,40,car,congruent,✅,0.6255889750024224
21,40,sock,congruent,✅,0.9085999300091127
21,40,car,incongruent,✅,0.055027022296400455
21,40,sock,incongruent,✅,0.01782478687634012
21,41,overdressed,congruent,✅,0.9327962960377776
21,41,naked,congruent,✅,0.9119005900981318
21,41,overdressed,incongruent,✅,0.014473752647763587
21,41,naked,incongruent,✅,0.041419747809635796
21,42,shy,congruent,✅,0.958586474288253
21,42,lively,congruent,✅,0.9977771729050149
21,42,shy,incongruent,✅,0.17508978223354166
21,42,lively,incongruent,✅,0.3181151667302356
21,43,offended,congruent,✅,0.9109213875461515
21,43,flattered,congruent,✅,0.9502019571254675
21,43,offended,incongruent,✅,0.15596636314265386
21,43,flattered,incongruent,✅,0.431933707666692
21,44,grandkid,congruent,✅,0.9965672940616017
21,44,cellmate,congruent,✅,0.9771784344690317
21,44,grandkid,incongruent,✅,0.005288455167913676
21,44,cellmate,incongruent,✅,0.019635678013472685
21,45,promoted,congruent,✅,0.9953761304945262
21,45,fired,congruent,✅,0.974495213645411
21,45,promoted,incongruent,❌,0.8700559147799688
21,45,fired,incongruent,❌,0.8418684018167587
21,46,shooting,congruent,❌,0.2820952984846409
21,46,celebration,congruent,✅,0.6629775913184648
21,46,shooting,incongruent,✅,0.01404413726419996
21,46,celebration,incongruent,✅,0.1134148099486511
21,47,crayon,congruent,✅,0.8787446983054211
21,47,beer,congruent,✅,0.9958296984488044
21,47,crayon,incongruent,✅,0.0002461702293092194
21,47,beer,incongruent,✅,0.000727376956266313
21,48,waiter,congruent,✅,0.8155874085357018
21,48,taxi,congruent,✅,0.8645187450775976
21,48,waiter,incongruent,✅,0.036405286869607575
21,48,taxi,incongruent,✅,0.015009909563791632
21,49,parents,congruent,✅,0.9624510187503756
21,49,keys,congruent,✅,0.9902081557514807
21,49,parents,incongruent,✅,0.22749266237161736
21,49,keys,incongruent,✅,0.22866272283182149
21,5,distress,congruent,✅,0.990882713001351
21,5,tranquility,congruent,✅,0.9613089770944819
21,5,distress,incongruent,✅,7.582108373449264e-05
21,5,tranquility,incongruent,❌,0.6501537867319882
21,50,sofa,congruent,✅,0.9915210260598999
21,50,sky,congruent,✅,0.9792213826346253
21,50,sofa,incongruent,✅,0.4004631050381062
21,50,sky,incongruent,✅,0.0030180058169576446
21,51,obesity,congruent,✅,0.6460818096448043
21,51,homework,congruent,✅,0.9858429191212646
21,51,obesity,incongruent,✅,0.0020836859725519075
21,51,homework,incongruent,✅,0.05078711402105471
21,52,quiz,congruent,✅,0.9801754201194087
21,52,commute,congruent,✅,0.9985500293305012
21,52,quiz,incongruent,✅,0.18960572418760901
21,52,commute,incongruent,✅,0.002113806898326375
21,53,migraine,congruent,✅,0.99706038944545
21,53,excitement,congruent,✅,0.9860868299988279
21,53,migraine,incongruent,✅,0.0065171704078090175
21,53,excitement,incongruent,✅,0.15186012006755728
21,54,niece,congruent,✅,0.8957188201284578
21,54,husband,congruent,✅,0.9705881938636917
21,54,niece,incongruent,✅,0.47454885107646566
21,54,husband,incongruent,✅,0.34761282830728196
21,55,film,congruent,✅,0.9919620633657298
21,55,sunrise,congruent,✅,0.6819861881303754
21,55,film,incongruent,✅,0.001774625450566936
21,55,sunrise,incongruent,✅,0.03275977310221823
21,56,lecture,congruent,✅,0.9923545889519799
21,56,banquet,congruent,✅,0.9597262846011974
21,56,lecture,incongruent,✅,0.004335672225860887
21,56,banquet,incongruent,✅,0.0025203731929097344
21,57,drink,congruent,✅,0.9988045086434597
21,57,textbook,congruent,✅,0.9760055821736604
21,57,drink,incongruent,✅,0.012875845002089617
21,57,textbook,incongruent,✅,0.040425777649644216
21,58,pool,congruent,✅,0.9996612434152158
21,58,snow,congruent,✅,0.7782285874645404
21,58,pool,incongruent,✅,0.0006867634335606439
21,58,snow,incongruent,✅,0.04097486295733914
21,59,passport,congruent,✅,0.9670597204685885
21,59,plushy,congruent,✅,0.9918370051746265
21,59,passport,incongruent,✅,0.006380238378006889
21,59,plushy,incongruent,✅,0.02235828602824622
21,6,patients,congruent,✅,0.9911380180221843
21,6,students,congruent,✅,0.9939515565325512
21,6,patients,incongruent,✅,0.011441926243061682
21,6,students,incongruent,✅,0.004760295531012304
21,60,sister,congruent,✅,0.9541705903953777
21,60,father,congruent,✅,0.9574792074941602
21,60,sister,incongruent,✅,0.03634644143314195
21,60,father,incongruent,✅,0.28478442929589465
21,61,game,congruent,✅,0.9974534255775914
21,61,sunset,congruent,✅,0.9969814386509137
21,61,game,incongruent,✅,0.008277377100939513
21,61,sunset,incongruent,✅,0.05823508262668962
21,62,holidays,congruent,✅,0.9863516690064453
21,62,funeral,congruent,✅,0.991669217071917
21,62,holidays,incongruent,✅,0.017097718292591713
21,62,funeral,incongruent,❌,0.7431290936048308
21,63,grades,congruent,✅,0.9918118216918898
21,63,affair,congruent,✅,0.8433909749261449
21,63,grades,incongruent,✅,0.025831881244280857
21,63,affair,incongruent,✅,0.2614356060150951
21,64,arrest,congruent,✅,0.6574410801924122
21,64,stroke,congruent,❌,0.19232500475242795
21,64,arrest,incongruent,✅,0.03454992578375367
21,64,stroke,incongruent,✅,0.029968819588851395
21,65,pacifier,congruent,✅,0.8931502901606906
21,65,coffee,congruent,✅,0.9983465230265206
21,65,pacifier,incongruent,✅,0.034044507475308634
21,65,coffee,incongruent,✅,0.002566463033716995
21,66,sweets,congruent,✅,0.9856678615595298
21,66,sentencing,congruent,✅,0.9821362760152722
21,66,sweets,incongruent,✅,0.0023407671794610967
21,66,sentencing,incongruent,✅,0.003507985553709637
21,67,nap,congruent,✅,0.9989904421332209
21,67,selfie,congruent,✅,0.9981198890582419
21,67,nap,incongruent,✅,0.011301438280887843
21,67,selfie,incongruent,✅,0.001615819751952363
21,68,diaper,congruent,✅,0.9975456237819381
21,68,tire,congruent,✅,0.9896692919099326
21,68,diaper,incongruent,✅,0.0016664118588326647
21,68,tire,incongruent,✅,0.006131357323854107
21,69,chemotherapy,congruent,✅,0.9727407438929607
21,69,golf,congruent,✅,0.9960168770969414
21,69,chemotherapy,incongruent,✅,0.011021106424295869
21,69,golf,incongruent,✅,0.05591790339613474
21,7,consensus,congruent,✅,0.9479957487225049
21,7,deadlock,congruent,✅,0.8355381941554993
21,7,consensus,incongruent,✅,0.2990209564554187
21,7,deadlock,incongruent,❌,0.6864536038354857
21,70,thunder,congruent,✅,0.9956204846597958
21,70,lullaby,congruent,✅,0.9710527407714429
21,70,thunder,incongruent,✅,0.11534172006547319
21,70,lullaby,incongruent,✅,0.05618635216115401
21,71,pajamas,congruent,✅,0.9747187237392964
21,71,uniform,congruent,✅,0.9832319502905408
21,71,pajamas,incongruent,✅,0.08974513951613546
21,71,uniform,incongruent,✅,0.0013323447439152975
21,72,gown,congruent,✅,0.9980198012938338
21,72,sweats,congruent,✅,0.986276573053621
21,72,gown,incongruent,✅,0.0024740256545871505
21,72,sweats,incongruent,✅,0.17101216794665564
21,73,deadline,congruent,✅,0.9088501797364829
21,73,bed,congruent,✅,0.9777438459310253
21,73,deadline,incongruent,✅,0.003971609956472866
21,73,bed,incongruent,✅,0.03255769536027284
21,74,kindergarten,congruent,✅,0.9237580557726004
21,74,jail,congruent,✅,0.9479013568268215
21,74,kindergarten,incongruent,✅,0.07947326736277985
21,74,jail,incongruent,❌,0.8717338036467331
21,75,interrogated,congruent,✅,0.9940636558210774
21,75,tickled,congruent,✅,0.9595661652344676
21,75,interrogated,incongruent,✅,0.048314207475754566
21,75,tickled,incongruent,✅,0.0015267359353906098
21,76,sandcastle,congruent,✅,0.9980988124140328
21,76,snowman,congruent,✅,0.9986044116229549
21,76,sandcastle,incongruent,✅,0.24617168061480973
21,76,snowman,incongruent,✅,0.01777429608485345
21,77,music,congruent,✅,0.9991401066417367
21,77,pizza,congruent,✅,0.9986948940357464
21,77,music,incongruent,✅,0.000992897480036462
21,77,pizza,incongruent,✅,0.006797178092909771
21,78,playoffs,congruent,✅,0.9887114476615275
21,78,cartoon,congruent,✅,0.998956081686072
21,78,playoffs,incongruent,✅,0.0012325595968063932
21,78,cartoon,incongruent,✅,0.06757706487413168
21,79,alcoholism,congruent,✅,0.9922074813030947
21,79,academics,congruent,✅,0.9806679744770391
21,79,alcoholism,incongruent,✅,0.018524430361250885
21,79,academics,incongruent,✅,0.021810147870176516
21,8,engagement,congruent,✅,0.7159703861571465
21,8,cancer,congruent,✅,0.6006704553049361
21,8,engagement,incongruent,✅,0.16841848151721928
21,8,cancer,incongruent,✅,0.033771290985902175
21,9,terminal,congruent,✅,0.9980559518718086
21,9,classroom,congruent,✅,0.9834789888562515
21,9,terminal,incongruent,✅,0.009967262218645802
21,9,classroom,incongruent,✅,0.22265588157654573
22,0,library,congruent,✅,0.9665439605692184
22,0,refrigerator,congruent,✅,0.9560195021671479
22,0,library,incongruent,✅,0.030115469732839847
22,0,refrigerator,incongruent,✅,0.010176697930890464
22,1,disappointment,congruent,✅,0.8165105343069988
22,1,delight,congruent,✅,0.9041451232123183
22,1,disappointment,incongruent,✅,0.0011720865366620277
22,1,delight,incongruent,✅,0.0859281597973069
22,10,cash,congruent,✅,0.989998763790541
22,10,groceries,congruent,✅,0.9590689032591946
22,10,cash,incongruent,✅,0.3982249892899528
22,10,groceries,incongruent,✅,0.05547738972235432
22,11,lonely,congruent,✅,0.9610375214795811
22,11,confident,congruent,✅,0.7887981479216257
22,11,lonely,incongruent,✅,0.011598094431540655
22,11,confident,incongruent,✅,0.2790944780125716
22,12,joy,congruent,✅,0.9975603624316957
22,12,outrage,congruent,✅,0.6324209107137109
22,12,joy,incongruent,✅,0.008356931433118624
22,12,outrage,incongruent,✅,0.48037727233969607
22,13,traffic,congruent,✅,0.9886580192350098
22,13,snowstorm,congruent,✅,0.9840243366607108
22,13,traffic,incongruent,✅,0.14025670208806937
22,13,snowstorm,incongruent,✅,0.05874680301056218
22,14,laughter,congruent,✅,0.9969878574258011
22,14,frustration,congruent,✅,0.9985207473766371
22,14,laughter,incongruent,❌,0.61538043555292
22,14,frustration,incongruent,✅,0.1610433834938693
22,15,calculator,congruent,✅,0.8963654872386618
22,15,instrument,congruent,✅,0.802000977811519
22,15,calculator,incongruent,✅,0.25870456448019447
22,15,instrument,incongruent,❌,0.7401301164154288
22,16,orchestra,congruent,✅,0.9794742269268376
22,16,racers,congruent,✅,0.9599439544534626
22,16,orchestra,incongruent,✅,0.04817566172231797
22,16,racers,incongruent,✅,0.0040643712945694676
22,17,retirement,congruent,✅,0.9184372980781472
22,17,playdate,congruent,✅,0.9355509760484286
22,17,retirement,incongruent,✅,0.033054426648456085
22,17,playdate,incongruent,✅,0.000951110536721331
22,18,relieved,congruent,❌,0.3763731099481973
22,18,depressed,congruent,✅,0.5949225871104667
22,18,relieved,incongruent,✅,0.01126207375072595
22,18,depressed,incongruent,✅,0.21589766578210404
22,19,friends,congruent,❌,0.22949851437186852
22,19,weight,congruent,✅,0.9231011367348974
22,19,friends,incongruent,✅,0.1995157511047243
22,19,weight,incongruent,✅,0.01652179151007961
22,2,overcoat,congruent,✅,0.849617570113699
22,2,sandals,congruent,✅,0.7556216973705802
22,2,overcoat,incongruent,✅,0.0009543001931454515
22,2,sandals,incongruent,✅,0.001876939057956904
22,20,lipstick,congruent,✅,0.9774657469385682
22,20,song,congruent,✅,0.9495768070489673
22,20,lipstick,incongruent,✅,0.006465596403138877
22,20,song,incongruent,✅,0.08584325467714224
22,21,fought,congruent,❌,0.27665996229486195
22,21,sang,congruent,✅,0.9889517283066903
22,21,fought,incongruent,✅,0.07991216667146347
22,21,sang,incongruent,✅,0.004660711708353399
22,22,skeptical,congruent,❌,0.45184492911333424
22,22,reassured,congruent,❌,0.40864329045984055
22,22,skeptical,incongruent,✅,0.2468133745057793
22,22,reassured,incongruent,✅,0.18044036100881944
22,23,graduation,congruent,✅,0.9977172812609558
22,23,operation,congruent,✅,0.9858685255020606
22,23,graduation,incongruent,✅,0.17769187219002266
22,23,operation,incongruent,✅,0.06948120169810564
22,24,bride,congruent,✅,0.9892047303084237
22,24,aftermath,congruent,✅,0.9978669202591979
22,24,bride,incongruent,✅,0.007696354360847166
22,24,aftermath,incongruent,✅,0.0024924976774303143
22,25,teacher,congruent,✅,0.971171210294429
22,25,daughter,congruent,✅,0.9759992087874884
22,25,teacher,incongruent,✅,0.04933963808645355
22,25,daughter,incongruent,✅,0.020268179475237763
22,26,roommate,congruent,✅,0.957933664270964
22,26,grandma,congruent,✅,0.9785746808191745
22,26,roommate,incongruent,✅,0.003365345772163729
22,26,grandma,incongruent,✅,0.017720946984616782
22,27,brother,congruent,✅,0.6697840010887879
22,27,mother,congruent,✅,0.9590101439537371
22,27,brother,incongruent,✅,0.3631891202078605
22,27,mother,incongruent,❌,0.5268081084376335
22,28,preschool,congruent,❌,0.46034986608557116
22,28,prison,congruent,✅,0.8917150349907446
22,28,preschool,incongruent,✅,0.00038152554097898477
22,28,prison,incongruent,✅,0.0012407349186155884
22,29,hopeful,congruent,✅,0.9036190062192438
22,29,hopeless,congruent,✅,0.9881537554783252
22,29,hopeful,incongruent,✅,0.36828975385353796
22,29,hopeless,incongruent,❌,0.5036642528804852
22,3,marathon,congruent,✅,0.9410121895383622
22,3,exam,congruent,✅,0.9476142238770763
22,3,marathon,incongruent,✅,0.00954227633636247
22,3,exam,incongruent,✅,0.04792841491538623
22,30,appalled,congruent,✅,0.8648762435160915
22,30,overjoyed,congruent,✅,0.8440948066038628
22,30,appalled,incongruent,✅,0.005496304777356481
22,30,overjoyed,incongruent,✅,0.2830670917941264
22,31,reprimand,congruent,✅,0.861318214951366
22,31,encouragement,congruent,✅,0.9842907196480556
22,31,reprimand,incongruent,✅,0.01867587060216223
22,31,encouragement,incongruent,✅,0.08112423231878663
22,32,angrily,congruent,✅,0.9817166446488169
22,32,cordially,congruent,✅,0.9634557233651025
22,32,angrily,incongruent,✅,0.004803677098141882
22,32,cordially,incongruent,✅,0.0058598722881515065
22,33,accusatory,congruent,✅,0.9734052955915866
22,33,flirtatious,congruent,✅,0.9100294555747128
22,33,accusatory,incongruent,✅,0.44142127464581826
22,33,flirtatious,incongruent,✅,0.09671951554058705
22,34,disapprovingly,congruent,✅,0.9208399963999895
22,34,lovingly,congruent,✅,0.8943257799622112
22,34,disapprovingly,incongruent,✅,0.13194045897840703
22,34,lovingly,incongruent,✅,0.15116196105156798
22,35,playful,congruent,✅,0.6327697795112598
22,35,distant,congruent,❌,0.0759440861316028
22,35,playful,incongruent,✅,0.08918141539770204
22,35,distant,incongruent,✅,0.005828156474196603
22,36,headphones,congruent,✅,0.7632953256617424
22,36,mangoes,congruent,✅,0.8058850308005165
22,36,headphones,incongruent,✅,0.03481827990470495
22,36,mangoes,incongruent,✅,0.0018898561838371001
22,37,playroom,congruent,✅,0.9985718269082827
22,37,park,congruent,✅,0.9950775037707523
22,37,playroom,incongruent,✅,0.011011849348915834
22,37,park,incongruent,✅,0.018673597201795282
22,38,bedroom,congruent,✅,0.9937592571043216
22,38,backyard,congruent,✅,0.9947927923985088
22,38,bedroom,incongruent,✅,0.009297543701796486
22,38,backyard,incongruent,✅,0.003927621112325478
22,39,solemnly,congruent,✅,0.9086519301535431
22,39,excitedly,congruent,✅,0.5339324399329197
22,39,solemnly,incongruent,✅,0.1808458878501085
22,39,excitedly,incongruent,✅,0.09086295926407151
22,4,menu,congruent,✅,0.7015026575276877
22,4,prescription,congruent,✅,0.9810530009525331
22,4,menu,incongruent,✅,0.0441611781879558
22,4,prescription,incongruent,✅,0.006324656143660791
22,40,car,congruent,✅,0.6400638655659698
22,40,sock,congruent,✅,0.8558780625802134
22,40,car,incongruent,✅,0.05617636997558164
22,40,sock,incongruent,✅,0.010317548928683593
22,41,overdressed,congruent,✅,0.9756307896302405
22,41,naked,congruent,✅,0.8310789037906167
22,41,overdressed,incongruent,✅,0.006279829404726242
22,41,naked,incongruent,✅,0.06059127901492319
22,42,shy,congruent,✅,0.9265533862896657
22,42,lively,congruent,✅,0.9979322353893905
22,42,shy,incongruent,✅,0.32215587093264225
22,42,lively,incongruent,✅,0.245457529267571
22,43,offended,congruent,✅,0.8879048267590514
22,43,flattered,congruent,✅,0.9058208216129433
22,43,offended,incongruent,✅,0.08245978354184702
22,43,flattered,incongruent,✅,0.43373443525727734
22,44,grandkid,congruent,✅,0.9950451793502709
22,44,cellmate,congruent,✅,0.9843587532778187
22,44,grandkid,incongruent,✅,0.006686954493663893
22,44,cellmate,incongruent,✅,0.03370128424289439
22,45,promoted,congruent,✅,0.9933910539898648
22,45,fired,congruent,✅,0.9680455482737739
22,45,promoted,incongruent,❌,0.8536451332724152
22,45,fired,incongruent,❌,0.7661521758497738
22,46,shooting,congruent,❌,0.36164920612833285
22,46,celebration,congruent,✅,0.6973113455596921
22,46,shooting,incongruent,✅,0.0238650533195766
22,46,celebration,incongruent,✅,0.13605403773861185
22,47,crayon,congruent,✅,0.9460551855281506
22,47,beer,congruent,✅,0.9951269154658354
22,47,crayon,incongruent,✅,0.000603895965981436
22,47,beer,incongruent,✅,0.0008336441397125522
22,48,waiter,congruent,✅,0.8305638366431825
22,48,taxi,congruent,✅,0.9359635812702773
22,48,waiter,incongruent,✅,0.07794254558610136
22,48,taxi,incongruent,✅,0.01016984173306002
22,49,parents,congruent,✅,0.9754169548840275
22,49,keys,congruent,✅,0.9825562865173362
22,49,parents,incongruent,✅,0.2939194155901103
22,49,keys,incongruent,✅,0.37874272465628234
22,5,distress,congruent,✅,0.9910003736582371
22,5,tranquility,congruent,✅,0.9305365393820133
22,5,distress,incongruent,✅,0.0004477171131092411
22,5,tranquility,incongruent,❌,0.6515838659995267
22,50,sofa,congruent,✅,0.9843266231082007
22,50,sky,congruent,✅,0.9813775536243103
22,50,sofa,incongruent,✅,0.39204460847126066
22,50,sky,incongruent,✅,0.006071381844572012
22,51,obesity,congruent,✅,0.7230241662201758
22,51,homework,congruent,✅,0.9769492822782211
22,51,obesity,incongruent,✅,0.0022907178525815547
22,51,homework,incongruent,✅,0.07127525192747848
22,52,quiz,congruent,✅,0.9895364647482751
22,52,commute,congruent,✅,0.9987169877188821
22,52,quiz,incongruent,✅,0.2560274077611454
22,52,commute,incongruent,✅,0.002357704436489164
22,53,migraine,congruent,✅,0.9971577608410579
22,53,excitement,congruent,✅,0.9812421763767487
22,53,migraine,incongruent,✅,0.00600503553511703
22,53,excitement,incongruent,✅,0.22016129864391346
22,54,niece,congruent,✅,0.8833222923377766
22,54,husband,congruent,✅,0.9528518126415905
22,54,niece,incongruent,✅,0.42629417137372316
22,54,husband,incongruent,✅,0.35752883537297775
22,55,film,congruent,✅,0.9817817566004365
22,55,sunrise,congruent,❌,0.4670205596430319
22,55,film,incongruent,✅,0.0008966512995154672
22,55,sunrise,incongruent,✅,0.04324548831339585
22,56,lecture,congruent,✅,0.9918264639389764
22,56,banquet,congruent,✅,0.9550437807531712
22,56,lecture,incongruent,✅,0.006610724204660334
22,56,banquet,incongruent,✅,0.0014378599987339806
22,57,drink,congruent,✅,0.9982425125574057
22,57,textbook,congruent,✅,0.9481846225873543
22,57,drink,incongruent,✅,0.007579444616744626
22,57,textbook,incongruent,✅,0.02089907411997739
22,58,pool,congruent,✅,0.9995841193722437
22,58,snow,congruent,✅,0.6973513650996067
22,58,pool,incongruent,✅,0.0008728474958971679
22,58,snow,incongruent,✅,0.06281426333293426
22,59,passport,congruent,✅,0.962764682967529
22,59,plushy,congruent,✅,0.9820538927902583
22,59,passport,incongruent,✅,0.005598488996519501
22,59,plushy,incongruent,✅,0.04420028354355386
22,6,patients,congruent,✅,0.9894608268101662
22,6,students,congruent,✅,0.9953189447355557
22,6,patients,incongruent,✅,0.013989921362285046
22,6,students,incongruent,✅,0.0034904180026610505
22,60,sister,congruent,✅,0.9745446601917542
22,60,father,congruent,✅,0.9607063037987477
22,60,sister,incongruent,✅,0.0514786733624938
22,60,father,incongruent,✅,0.22028485604955442
22,61,game,congruent,✅,0.9972768481206391
22,61,sunset,congruent,✅,0.9951083974449458
22,61,game,incongruent,✅,0.013117561411489086
22,61,sunset,incongruent,✅,0.0637840100128513
22,62,holidays,congruent,✅,0.9877353226196267
22,62,funeral,congruent,✅,0.9891896665830492
22,62,holidays,incongruent,✅,0.01267632453814289
22,62,funeral,incongruent,❌,0.7489156752378978
22,63,grades,congruent,✅,0.9781522764071306
22,63,affair,congruent,✅,0.8772047271273821
22,63,grades,incongruent,✅,0.07086847250651682
22,63,affair,incongruent,✅,0.13781005104370733
22,64,arrest,congruent,✅,0.7709290636665236
22,64,stroke,congruent,❌,0.313030568483474
22,64,arrest,incongruent,✅,0.05911305274713089
22,64,stroke,incongruent,✅,0.08015030413212741
22,65,pacifier,congruent,✅,0.7236616852248441
22,65,coffee,congruent,✅,0.997120893383239
22,65,pacifier,incongruent,✅,0.06749477026966222
22,65,coffee,incongruent,✅,0.001744045214330843
22,66,sweets,congruent,✅,0.9864037414541831
22,66,sentencing,congruent,✅,0.9800353078649565
22,66,sweets,incongruent,✅,0.0016098149279611552
22,66,sentencing,incongruent,✅,0.0022874816940077025
22,67,nap,congruent,✅,0.9985622704771345
22,67,selfie,congruent,✅,0.9976218134134677
22,67,nap,incongruent,✅,0.016724418571085756
22,67,selfie,incongruent,✅,0.0017401096494739235
22,68,diaper,congruent,✅,0.9929128106410792
22,68,tire,congruent,✅,0.9896151214545889
22,68,diaper,incongruent,✅,0.0017668283699980758
22,68,tire,incongruent,✅,0.003076335362203954
22,69,chemotherapy,congruent,✅,0.9654390954844888
22,69,golf,congruent,✅,0.9918747001371159
22,69,chemotherapy,incongruent,✅,0.011337538598700823
22,69,golf,incongruent,✅,0.07395677391724265
22,7,consensus,congruent,✅,0.9408711614946536
22,7,deadlock,congruent,✅,0.831265704526761
22,7,consensus,incongruent,✅,0.3304629085913039
22,7,deadlock,incongruent,❌,0.6483553623761412
22,70,thunder,congruent,✅,0.9968485355707618
22,70,lullaby,congruent,✅,0.958217054472214
22,70,thunder,incongruent,✅,0.10107981103041658
22,70,lullaby,incongruent,✅,0.061836669806160684
22,71,pajamas,congruent,✅,0.9777063753427245
22,71,uniform,congruent,✅,0.9908062746204412
22,71,pajamas,incongruent,✅,0.18629040767947647
22,71,uniform,incongruent,✅,0.004918106575559689
22,72,gown,congruent,✅,0.9977479230571319
22,72,sweats,congruent,✅,0.9929251212730816
22,72,gown,incongruent,✅,0.012305016491189166
22,72,sweats,incongruent,✅,0.11399806923577736
22,73,deadline,congruent,✅,0.8577314720532615
22,73,bed,congruent,✅,0.9686318665537864
22,73,deadline,incongruent,✅,0.007087759381741014
22,73,bed,incongruent,✅,0.03869892439973936
22,74,kindergarten,congruent,✅,0.9457767451243281
22,74,jail,congruent,✅,0.9645088788437289
22,74,kindergarten,incongruent,✅,0.10206497702360182
22,74,jail,incongruent,❌,0.9148712894782058
22,75,interrogated,congruent,✅,0.9876302317247905
22,75,tickled,congruent,✅,0.9836143847391233
22,75,interrogated,incongruent,✅,0.1678469824596992
22,75,tickled,incongruent,✅,0.001416393573173099
22,76,sandcastle,congruent,✅,0.9957204299154546
22,76,snowman,congruent,✅,0.9972694061368791
22,76,sandcastle,incongruent,✅,0.263220508172327
22,76,snowman,incongruent,✅,0.18128390268184466
22,77,music,congruent,✅,0.9993727546690081
22,77,pizza,congruent,✅,0.9979565045857041
22,77,music,incongruent,✅,0.002023298466606377
22,77,pizza,incongruent,✅,0.0030484271758000493
22,78,playoffs,congruent,✅,0.9808303955434686
22,78,cartoon,congruent,✅,0.9993145998577643
22,78,playoffs,incongruent,✅,0.0042147272565232225
22,78,cartoon,incongruent,✅,0.07776358654980915
22,79,alcoholism,congruent,✅,0.9762554074551355
22,79,academics,congruent,✅,0.9725406969151937
22,79,alcoholism,incongruent,✅,0.03647524613121563
22,79,academics,incongruent,✅,0.038297766070513904
22,8,engagement,congruent,✅,0.7472621137148971
22,8,cancer,congruent,✅,0.5604512241030662
22,8,engagement,incongruent,✅,0.13279927750072093
22,8,cancer,incongruent,✅,0.06672647705322445
22,9,terminal,congruent,✅,0.9954401494541023
22,9,classroom,congruent,✅,0.9724159857800666
22,9,terminal,incongruent,✅,0.004722370141723965
22,9,classroom,incongruent,✅,0.16192789661858228
23,0,library,congruent,✅,0.9486203833700952
23,0,refrigerator,congruent,✅,0.9375850972125621
23,0,library,incongruent,✅,0.032849347903197906
23,0,refrigerator,incongruent,✅,0.016194119580744747
23,1,disappointment,congruent,✅,0.7177481301972509
23,1,delight,congruent,✅,0.8966158794743698
23,1,disappointment,incongruent,✅,0.001824404470095542
23,1,delight,incongruent,✅,0.07031462203693103
23,10,cash,congruent,✅,0.992555580754698
23,10,groceries,congruent,✅,0.9384391692794513
23,10,cash,incongruent,✅,0.3147319425748092
23,10,groceries,incongruent,✅,0.0863532077494303
23,11,lonely,congruent,✅,0.9692171634783189
23,11,confident,congruent,✅,0.7379199143481829
23,11,lonely,incongruent,✅,0.014237118563128318
23,11,confident,incongruent,✅,0.4039214908296706
23,12,joy,congruent,✅,0.9968892016659551
23,12,outrage,congruent,✅,0.6238887917500611
23,12,joy,incongruent,✅,0.009532399835832001
23,12,outrage,incongruent,✅,0.4358728056350015
23,13,traffic,congruent,✅,0.9923674346600594
23,13,snowstorm,congruent,✅,0.9845529140727406
23,13,traffic,incongruent,✅,0.1453113824976729
23,13,snowstorm,incongruent,✅,0.10588937084595253
23,14,laughter,congruent,✅,0.9965979576831953
23,14,frustration,congruent,✅,0.9982008995734695
23,14,laughter,incongruent,❌,0.6963825500833605
23,14,frustration,incongruent,✅,0.17592520352529636
23,15,calculator,congruent,✅,0.865080579442534
23,15,instrument,congruent,✅,0.810955688922083
23,15,calculator,incongruent,✅,0.22708854864539238
23,15,instrument,incongruent,❌,0.6865563684082582
23,16,orchestra,congruent,✅,0.9616529502398302
23,16,racers,congruent,✅,0.9613000969199642
23,16,orchestra,incongruent,✅,0.06784652636366491
23,16,racers,incongruent,✅,0.0022534913424135513
23,17,retirement,congruent,✅,0.8310873479356631
23,17,playdate,congruent,✅,0.9488460749840095
23,17,retirement,incongruent,✅,0.018114264528577756
23,17,playdate,incongruent,✅,0.0009017193346928336
23,18,relieved,congruent,✅,0.5065295639933566
23,18,depressed,congruent,✅,0.6575257935821818
23,18,relieved,incongruent,✅,0.02188078615557561
23,18,depressed,incongruent,✅,0.29606230658730737
23,19,friends,congruent,❌,0.32452924126231225
23,19,weight,congruent,✅,0.8392748821613495
23,19,friends,incongruent,✅,0.22256474299754697
23,19,weight,incongruent,✅,0.029922734900533616
23,2,overcoat,congruent,✅,0.8969283110372203
23,2,sandals,congruent,✅,0.5217463325568187
23,2,overcoat,incongruent,✅,0.0006693697493419181
23,2,sandals,incongruent,✅,0.0028621458522160924
23,20,lipstick,congruent,✅,0.9707393232534077
23,20,song,congruent,✅,0.9755483735204861
23,20,lipstick,incongruent,✅,0.005939764492926644
23,20,song,incongruent,✅,0.06723274252925071
23,21,fought,congruent,❌,0.34730729066523086
23,21,sang,congruent,✅,0.992889901618567
23,21,fought,incongruent,✅,0.04221140949905046
23,21,sang,incongruent,✅,0.009433641377651455
23,22,skeptical,congruent,❌,0.4514928172881091
23,22,reassured,congruent,❌,0.39913084910269875
23,22,skeptical,incongruent,✅,0.2617028478477848
23,22,reassured,incongruent,✅,0.21336998883814687
23,23,graduation,congruent,✅,0.9988700324522042
23,23,operation,congruent,✅,0.9931383310309481
23,23,graduation,incongruent,✅,0.17215064335663904
23,23,operation,incongruent,✅,0.14513556101832134
23,24,bride,congruent,✅,0.9852886796084875
23,24,aftermath,congruent,✅,0.998000698489617
23,24,bride,incongruent,✅,0.01591007961781676
23,24,aftermath,incongruent,✅,0.0020773097412804375
23,25,teacher,congruent,✅,0.9747380204969334
23,25,daughter,congruent,✅,0.9543626728340914
23,25,teacher,incongruent,✅,0.08239246400551867
23,25,daughter,incongruent,✅,0.022227359868355827
23,26,roommate,congruent,✅,0.9736208549359109
23,26,grandma,congruent,✅,0.9879926799702862
23,26,roommate,incongruent,✅,0.010420782355575342
23,26,grandma,incongruent,✅,0.05048859760628714
23,27,brother,congruent,✅,0.6954359541447925
23,27,mother,congruent,✅,0.972676527519238
23,27,brother,incongruent,✅,0.4246755914028564
23,27,mother,incongruent,✅,0.4289751101977963
23,28,preschool,congruent,❌,0.4386869640839551
23,28,prison,congruent,✅,0.8825970006118156
23,28,preschool,incongruent,✅,0.0002642540067321325
23,28,prison,incongruent,✅,0.0016366998975944457
23,29,hopeful,congruent,✅,0.8623448957886143
23,29,hopeless,congruent,✅,0.9685762155334836
23,29,hopeful,incongruent,✅,0.3530489521209692
23,29,hopeless,incongruent,✅,0.4359357058142839
23,3,marathon,congruent,✅,0.9608416909919552
23,3,exam,congruent,✅,0.9430189669258193
23,3,marathon,incongruent,✅,0.009610657878750184
23,3,exam,incongruent,✅,0.0494798614004029
23,30,appalled,congruent,✅,0.9276968626354949
23,30,overjoyed,congruent,✅,0.9184967461064671
23,30,appalled,incongruent,✅,0.009788173590969711
23,30,overjoyed,incongruent,✅,0.4691088087819151
23,31,reprimand,congruent,✅,0.7331494640102999
23,31,encouragement,congruent,✅,0.9547709719829716
23,31,reprimand,incongruent,✅,0.012960890435797737
23,31,encouragement,incongruent,✅,0.0380897792230688
23,32,angrily,congruent,✅,0.9865989883556127
23,32,cordially,congruent,✅,0.9776007198900594
23,32,angrily,incongruent,✅,0.009200408732366255
23,32,cordially,incongruent,✅,0.011836897871741811
23,33,accusatory,congruent,✅,0.9726814443028132
23,33,flirtatious,congruent,✅,0.8786118026293466
23,33,accusatory,incongruent,✅,0.4398832728724529
23,33,flirtatious,incongruent,✅,0.136681290388359
23,34,disapprovingly,congruent,✅,0.8866281481656627
23,34,lovingly,congruent,✅,0.8736485681076346
23,34,disapprovingly,incongruent,✅,0.16349622341992665
23,34,lovingly,incongruent,✅,0.07939039422683321
23,35,playful,congruent,✅,0.5592435964511864
23,35,distant,congruent,❌,0.11590908893852887
23,35,playful,incongruent,✅,0.1014513047946464
23,35,distant,incongruent,✅,0.008132730057616363
23,36,headphones,congruent,✅,0.8561267260741257
23,36,mangoes,congruent,✅,0.8028887508912859
23,36,headphones,incongruent,✅,0.015657669433258872
23,36,mangoes,incongruent,✅,0.0032953831820523236
23,37,playroom,congruent,✅,0.9968973056525195
23,37,park,congruent,✅,0.996308091185061
23,37,playroom,incongruent,✅,0.025671892238141227
23,37,park,incongruent,✅,0.02423058972256957
23,38,bedroom,congruent,✅,0.9922233521380431
23,38,backyard,congruent,✅,0.9913080004957304
23,38,bedroom,incongruent,✅,0.010908445309671725
23,38,backyard,incongruent,✅,0.0039361591421616425
23,39,solemnly,congruent,✅,0.8978284956321981
23,39,excitedly,congruent,✅,0.601969075017761
23,39,solemnly,incongruent,✅,0.2905999092553495
23,39,excitedly,incongruent,✅,0.10577599349413101
23,4,menu,congruent,✅,0.5719673830469271
23,4,prescription,congruent,✅,0.985140076325919
23,4,menu,incongruent,✅,0.1036110086162373
23,4,prescription,incongruent,✅,0.005874573384656275
23,40,car,congruent,✅,0.6866937986356001
23,40,sock,congruent,✅,0.8150929655211145
23,40,car,incongruent,✅,0.048726457282846435
23,40,sock,incongruent,✅,0.012467436339408696
23,41,overdressed,congruent,✅,0.9720667032267192
23,41,naked,congruent,✅,0.8326607111081139
23,41,overdressed,incongruent,✅,0.004556279894992364
23,41,naked,incongruent,✅,0.041519169473556106
23,42,shy,congruent,✅,0.9255503883909656
23,42,lively,congruent,✅,0.9981992840877832
23,42,shy,incongruent,❌,0.5530560754072095
23,42,lively,incongruent,✅,0.28157826625180915
23,43,offended,congruent,✅,0.8871503925970358
23,43,flattered,congruent,✅,0.9054706843597314
23,43,offended,incongruent,✅,0.09863691089819643
23,43,flattered,incongruent,✅,0.43062587211729675
23,44,grandkid,congruent,✅,0.9900163619006412
23,44,cellmate,congruent,✅,0.9778299438749128
23,44,grandkid,incongruent,✅,0.0162794224940473
23,44,cellmate,incongruent,✅,0.046303546251141366
23,45,promoted,congruent,✅,0.9929333313210656
23,45,fired,congruent,✅,0.9556445797268412
23,45,promoted,incongruent,❌,0.7864936120756514
23,45,fired,incongruent,❌,0.7774456177943802
23,46,shooting,congruent,❌,0.22827647692567704
23,46,celebration,congruent,✅,0.6564427353081728
23,46,shooting,incongruent,✅,0.021464585137689673
23,46,celebration,incongruent,✅,0.08131083460813505
23,47,crayon,congruent,✅,0.9760748518817652
23,47,beer,congruent,✅,0.9967961168514432
23,47,crayon,incongruent,✅,0.0005803296796590274
23,47,beer,incongruent,✅,0.0008737601816669675
23,48,waiter,congruent,✅,0.8052534207543546
23,48,taxi,congruent,✅,0.9391373786350814
23,48,waiter,incongruent,✅,0.08035753625962705
23,48,taxi,incongruent,✅,0.01260441212583749
23,49,parents,congruent,✅,0.9711064860007192
23,49,keys,congruent,✅,0.9885145094727671
23,49,parents,incongruent,✅,0.2437181976325672
23,49,keys,incongruent,✅,0.24576435223699789
23,5,distress,congruent,✅,0.9945250457792981
23,5,tranquility,congruent,✅,0.9380045450142942
23,5,distress,incongruent,✅,0.0012282995124762107
23,5,tranquility,incongruent,❌,0.7028889152532067
23,50,sofa,congruent,✅,0.9895152272601246
23,50,sky,congruent,✅,0.9885362587452959
23,50,sofa,incongruent,❌,0.5043416661930082
23,50,sky,incongruent,✅,0.016849705129726927
23,51,obesity,congruent,✅,0.7858852482764833
23,51,homework,congruent,✅,0.9826301815694964
23,51,obesity,incongruent,✅,0.0031266669377831994
23,51,homework,incongruent,✅,0.07212019475528758
23,52,quiz,congruent,✅,0.9909603022630636
23,52,commute,congruent,✅,0.9969345658421498
23,52,quiz,incongruent,✅,0.15143980495149068
23,52,commute,incongruent,✅,0.0025456654393192202
23,53,migraine,congruent,✅,0.9926978610201286
23,53,excitement,congruent,✅,0.9817981001384257
23,53,migraine,incongruent,✅,0.007538092737404346
23,53,excitement,incongruent,✅,0.13899883957075698
23,54,niece,congruent,✅,0.9220702130351117
23,54,husband,congruent,✅,0.941237748033097
23,54,niece,incongruent,✅,0.3081939912903322
23,54,husband,incongruent,✅,0.37056142820033316
23,55,film,congruent,✅,0.9846414421874069
23,55,sunrise,congruent,❌,0.4044847686721296
23,55,film,incongruent,✅,0.0007440491640505444
23,55,sunrise,incongruent,✅,0.04687309824451636
23,56,lecture,congruent,✅,0.9918498827398105
23,56,banquet,congruent,✅,0.9641917275279204
23,56,lecture,incongruent,✅,0.008849363946596932
23,56,banquet,incongruent,✅,0.0018302252362590694
23,57,drink,congruent,✅,0.9971063553043226
23,57,textbook,congruent,✅,0.9081701344204255
23,57,drink,incongruent,✅,0.005060960584076154
23,57,textbook,incongruent,✅,0.009976836582941347
23,58,pool,congruent,✅,0.9994766518929108
23,58,snow,congruent,✅,0.6519074830176611
23,58,pool,incongruent,✅,0.0007041210975375004
23,58,snow,incongruent,✅,0.05592375797072319
23,59,passport,congruent,✅,0.9620755826212722
23,59,plushy,congruent,✅,0.9860585484342045
23,59,passport,incongruent,✅,0.007814277270398262
23,59,plushy,incongruent,✅,0.062138486658125505
23,6,patients,congruent,✅,0.9740257581118116
23,6,students,congruent,✅,0.991680285026467
23,6,patients,incongruent,✅,0.010559960593251604
23,6,students,incongruent,✅,0.00167353331696286
23,60,sister,congruent,✅,0.9442320584518945
23,60,father,congruent,✅,0.9584290672140249
23,60,sister,incongruent,✅,0.07150332141983448
23,60,father,incongruent,✅,0.23574804829424
23,61,game,congruent,✅,0.9972047946871336
23,61,sunset,congruent,✅,0.9938565214427687
23,61,game,incongruent,✅,0.014548352042131072
23,61,sunset,incongruent,✅,0.04114021202860333
23,62,holidays,congruent,✅,0.9673491017589012
23,62,funeral,congruent,✅,0.9731373056312006
23,62,holidays,incongruent,✅,0.0033965907216837363
23,62,funeral,incongruent,❌,0.6513819209897507
23,63,grades,congruent,✅,0.9802145446863594
23,63,affair,congruent,✅,0.8497125098007972
23,63,grades,incongruent,✅,0.06380932530577614
23,63,affair,incongruent,✅,0.12725345770364196
23,64,arrest,congruent,✅,0.8171851471544272
23,64,stroke,congruent,✅,0.5324870927556854
23,64,arrest,incongruent,✅,0.09414272377603601
23,64,stroke,incongruent,✅,0.18942413690338764
23,65,pacifier,congruent,✅,0.8130763152439755
23,65,coffee,congruent,✅,0.9956992273549861
23,65,pacifier,incongruent,✅,0.08050731337642889
23,65,coffee,incongruent,✅,0.006304695828280874
23,66,sweets,congruent,✅,0.9905312981555745
23,66,sentencing,congruent,✅,0.984494500606936
23,66,sweets,incongruent,✅,0.0008123153257197077
23,66,sentencing,incongruent,✅,0.004718596233826763
23,67,nap,congruent,✅,0.9978167761999849
23,67,selfie,congruent,✅,0.9970370508559613
23,67,nap,incongruent,✅,0.011694935962599864
23,67,selfie,incongruent,✅,0.0014203208988982396
23,68,diaper,congruent,✅,0.9955381968081776
23,68,tire,congruent,✅,0.9948760278541141
23,68,diaper,incongruent,✅,0.0022471349672490886
23,68,tire,incongruent,✅,0.003602829748872939
23,69,chemotherapy,congruent,✅,0.9701593426947698
23,69,golf,congruent,✅,0.9947744523577702
23,69,chemotherapy,incongruent,✅,0.011226557634733644
23,69,golf,incongruent,✅,0.10317867004573752
23,7,consensus,congruent,✅,0.9423912371677997
23,7,deadlock,congruent,✅,0.795998104589935
23,7,consensus,incongruent,✅,0.3015650678175161
23,7,deadlock,incongruent,❌,0.7306029000011223
23,70,thunder,congruent,✅,0.9963572155024011
23,70,lullaby,congruent,✅,0.9342102385482419
23,70,thunder,incongruent,✅,0.07652775644925379
23,70,lullaby,incongruent,✅,0.08585022906463252
23,71,pajamas,congruent,✅,0.9826197202334163
23,71,uniform,congruent,✅,0.9900788281325333
23,71,pajamas,incongruent,✅,0.24550629615013053
23,71,uniform,incongruent,✅,0.012114643003818598
23,72,gown,congruent,✅,0.993549550661855
23,72,sweats,congruent,✅,0.9868102560172001
23,72,gown,incongruent,✅,0.005337753732581751
23,72,sweats,incongruent,✅,0.09485778496998422
23,73,deadline,congruent,✅,0.7904467473614418
23,73,bed,congruent,✅,0.9573544589806946
23,73,deadline,incongruent,✅,0.009894731964858643
23,73,bed,incongruent,✅,0.03253561197195089
23,74,kindergarten,congruent,✅,0.9625873466628997
23,74,jail,congruent,✅,0.9387661628975341
23,74,kindergarten,incongruent,✅,0.07048442824122256
23,74,jail,incongruent,❌,0.857335907070764
23,75,interrogated,congruent,✅,0.9884333581037614
23,75,tickled,congruent,✅,0.9795114232653965
23,75,interrogated,incongruent,✅,0.21764353003918602
23,75,tickled,incongruent,✅,0.0038384521848501864
23,76,sandcastle,congruent,✅,0.99528691728694
23,76,snowman,congruent,✅,0.9981197892863568
23,76,sandcastle,incongruent,✅,0.19835738225827293
23,76,snowman,incongruent,✅,0.1974104904907152
23,77,music,congruent,✅,0.9992897570298971
23,77,pizza,congruent,✅,0.9983248518245071
23,77,music,incongruent,✅,0.0033347697235267164
23,77,pizza,incongruent,✅,0.0010399296059784573
23,78,playoffs,congruent,✅,0.9760224366662001
23,78,cartoon,congruent,✅,0.9992959215827971
23,78,playoffs,incongruent,✅,0.0022319138141332373
23,78,cartoon,incongruent,✅,0.04804457610092274
23,79,alcoholism,congruent,✅,0.9848562611250344
23,79,academics,congruent,✅,0.9641516284401531
23,79,alcoholism,incongruent,✅,0.027660343509947862
23,79,academics,incongruent,✅,0.03359870651957049
23,8,engagement,congruent,✅,0.6257078212495213
23,8,cancer,congruent,✅,0.5433617902304216
23,8,engagement,incongruent,✅,0.1163283765863878
23,8,cancer,incongruent,✅,0.06431518027144313
23,9,terminal,congruent,✅,0.9940254507917037
23,9,classroom,congruent,✅,0.9719338288539616
23,9,terminal,incongruent,✅,0.007468519329134155
23,9,classroom,incongruent,✅,0.17900809163865752
24,0,library,congruent,✅,0.9612936665787077
24,0,refrigerator,congruent,✅,0.9053233820582827
24,0,library,incongruent,✅,0.030866884074823332
24,0,refrigerator,incongruent,✅,0.009682110647477316
24,1,disappointment,congruent,✅,0.6818272125675996
24,1,delight,congruent,✅,0.8814615547975533
24,1,disappointment,incongruent,✅,0.00358646410403262
24,1,delight,incongruent,✅,0.06604905643820932
24,10,cash,congruent,✅,0.994048714596303
24,10,groceries,congruent,✅,0.9054999312742407
24,10,cash,incongruent,✅,0.2645916695643108
24,10,groceries,incongruent,✅,0.1332256072028102
24,11,lonely,congruent,✅,0.9704805777375719
24,11,confident,congruent,✅,0.846779723989284
24,11,lonely,incongruent,✅,0.03164400161032924
24,11,confident,incongruent,✅,0.47108550784052544
24,12,joy,congruent,✅,0.9957846657225121
24,12,outrage,congruent,✅,0.5048432446833725
24,12,joy,incongruent,✅,0.007009303117209421
24,12,outrage,incongruent,✅,0.4100279537266006
24,13,traffic,congruent,✅,0.9873293106150719
24,13,snowstorm,congruent,✅,0.9857569554930962
24,13,traffic,incongruent,✅,0.23712532288038365
24,13,snowstorm,incongruent,✅,0.1078624636215399
24,14,laughter,congruent,✅,0.9952150225251924
24,14,frustration,congruent,✅,0.9972629931807935
24,14,laughter,incongruent,❌,0.5922350313918976
24,14,frustration,incongruent,✅,0.12602352213656728
24,15,calculator,congruent,✅,0.8550091491004032
24,15,instrument,congruent,✅,0.8474076638082827
24,15,calculator,incongruent,✅,0.25698256118511864
24,15,instrument,incongruent,❌,0.704043346640202
24,16,orchestra,congruent,✅,0.9774016336065872
24,16,racers,congruent,✅,0.9653664653251869
24,16,orchestra,incongruent,✅,0.07112671089488737
24,16,racers,incongruent,✅,0.0013573089253634705
24,17,retirement,congruent,✅,0.8592733272157218
24,17,playdate,congruent,✅,0.9079738452843678
24,17,retirement,incongruent,✅,0.009024001503495959
24,17,playdate,incongruent,✅,0.0013824674105444598
24,18,relieved,congruent,✅,0.6359026001060398
24,18,depressed,congruent,✅,0.6869519262029602
24,18,relieved,incongruent,✅,0.04453828391421648
24,18,depressed,incongruent,✅,0.356331442821092
24,19,friends,congruent,❌,0.4104639552823492
24,19,weight,congruent,✅,0.8412891166843055
24,19,friends,incongruent,✅,0.21024992212752452
24,19,weight,incongruent,✅,0.046282174729967485
24,2,overcoat,congruent,✅,0.8588264810748925
24,2,sandals,congruent,✅,0.5022590855187145
24,2,overcoat,incongruent,✅,0.000783218827293677
24,2,sandals,incongruent,✅,0.0023086239804852903
24,20,lipstick,congruent,✅,0.9634323382973116
24,20,song,congruent,✅,0.974045179428148
24,20,lipstick,incongruent,✅,0.004786980208719517
24,20,song,incongruent,✅,0.04696469994533899
24,21,fought,congruent,❌,0.36871442193753423
24,21,sang,congruent,✅,0.9861750773601398
24,21,fought,incongruent,✅,0.028472309392716406
24,21,sang,incongruent,✅,0.0065627286949628575
24,22,skeptical,congruent,❌,0.4230143118102521
24,22,reassured,congruent,❌,0.36092487200495704
24,22,skeptical,incongruent,✅,0.20635786884746138
24,22,reassured,incongruent,✅,0.18175014222456706
24,23,graduation,congruent,✅,0.9986418018735918
24,23,operation,congruent,✅,0.989441251141965
24,23,graduation,incongruent,✅,0.047341581723936786
24,23,operation,incongruent,✅,0.12268502493827012
24,24,bride,congruent,✅,0.9899914333524268
24,24,aftermath,congruent,✅,0.9975562862990097
24,24,bride,incongruent,✅,0.033973056778435
24,24,aftermath,incongruent,✅,0.0006570215332015612
24,25,teacher,congruent,✅,0.977381263536934
24,25,daughter,congruent,✅,0.9502314494684723
24,25,teacher,incongruent,✅,0.06358421573764231
24,25,daughter,incongruent,✅,0.010444235449129579
24,26,roommate,congruent,✅,0.9782171988602426
24,26,grandma,congruent,✅,0.9780458915860127
24,26,roommate,incongruent,✅,0.010162950124443003
24,26,grandma,incongruent,✅,0.06013262098863187
24,27,brother,congruent,✅,0.8029648242227098
24,27,mother,congruent,✅,0.9796670660125076
24,27,brother,incongruent,✅,0.4281314753115878
24,27,mother,incongruent,✅,0.4102989954687824
24,28,preschool,congruent,❌,0.42027559064043574
24,28,prison,congruent,✅,0.8764734625422653
24,28,preschool,incongruent,✅,0.0002415940388409234
24,28,prison,incongruent,✅,0.0015816071276805465
24,29,hopeful,congruent,✅,0.7739238401134638
24,29,hopeless,congruent,✅,0.9452785356872235
24,29,hopeful,incongruent,✅,0.30967334498646243
24,29,hopeless,incongruent,✅,0.2642923221021793
24,3,marathon,congruent,✅,0.9690828608554658
24,3,exam,congruent,✅,0.9668176730080513
24,3,marathon,incongruent,✅,0.008887052743894515
24,3,exam,incongruent,✅,0.062388890160099165
24,30,appalled,congruent,✅,0.9484439091416486
24,30,overjoyed,congruent,✅,0.961943372671698
24,30,appalled,incongruent,✅,0.029927283265771026
24,30,overjoyed,incongruent,❌,0.6102755132414382
24,31,reprimand,congruent,✅,0.8629230900646608
24,31,encouragement,congruent,✅,0.9732450861124948
24,31,reprimand,incongruent,✅,0.035301605729796515
24,31,encouragement,incongruent,✅,0.08752327108759511
24,32,angrily,congruent,✅,0.9873024181654333
24,32,cordially,congruent,✅,0.9707018276083038
24,32,angrily,incongruent,✅,0.00987499599401108
24,32,cordially,incongruent,✅,0.012972348518408363
24,33,accusatory,congruent,✅,0.9594464469919205
24,33,flirtatious,congruent,✅,0.8745677692883823
24,33,accusatory,incongruent,✅,0.40459913189412033
24,33,flirtatious,incongruent,✅,0.1296323706358558
24,34,disapprovingly,congruent,✅,0.8758907175212993
24,34,lovingly,congruent,✅,0.8193202778056797
24,34,disapprovingly,incongruent,✅,0.1290233509438106
24,34,lovingly,incongruent,✅,0.09200810469062992
24,35,playful,congruent,✅,0.6041002529030581
24,35,distant,congruent,❌,0.18299037543295882
24,35,playful,incongruent,✅,0.13837678960539895
24,35,distant,incongruent,✅,0.015245267711866475
24,36,headphones,congruent,✅,0.7931560599764169
24,36,mangoes,congruent,✅,0.6502018672576084
24,36,headphones,incongruent,✅,0.009956259612672557
24,36,mangoes,incongruent,✅,0.0024646769127744223
24,37,playroom,congruent,✅,0.9969666638220912
24,37,park,congruent,✅,0.9973213082791846
24,37,playroom,incongruent,✅,0.0414769138004081
24,37,park,incongruent,✅,0.01938626709440972
24,38,bedroom,congruent,✅,0.9907159325997101
24,38,backyard,congruent,✅,0.9880589108950526
24,38,bedroom,incongruent,✅,0.010408856480262386
24,38,backyard,incongruent,✅,0.0021407448872811834
24,39,solemnly,congruent,✅,0.9210310091654299
24,39,excitedly,congruent,✅,0.6638682265670622
24,39,solemnly,incongruent,✅,0.35308257954360833
24,39,excitedly,incongruent,✅,0.17416726195338228
24,4,menu,congruent,✅,0.7620137049339222
24,4,prescription,congruent,✅,0.9863563231842148
24,4,menu,incongruent,✅,0.10344308643215391
24,4,prescription,incongruent,✅,0.013883184021824497
24,40,car,congruent,✅,0.6567148913081112
24,40,sock,congruent,✅,0.7653701739727906
24,40,car,incongruent,✅,0.06547695081307749
24,40,sock,incongruent,✅,0.008811020040070785
24,41,overdressed,congruent,✅,0.9647623239928727
24,41,naked,congruent,✅,0.8243476871424141
24,41,overdressed,incongruent,✅,0.003043154386573143
24,41,naked,incongruent,✅,0.019447847518594328
24,42,shy,congruent,✅,0.9330721702017513
24,42,lively,congruent,✅,0.9986366485353886
24,42,shy,incongruent,❌,0.6520367458382602
24,42,lively,incongruent,✅,0.26480842338577176
24,43,offended,congruent,✅,0.9409266440540073
24,43,flattered,congruent,✅,0.8820769369140942
24,43,offended,incongruent,✅,0.08595904516663724
24,43,flattered,incongruent,❌,0.5219572477342361
24,44,grandkid,congruent,✅,0.9898235085054095
24,44,cellmate,congruent,✅,0.9833214269479187
24,44,grandkid,incongruent,✅,0.011718661864687032
24,44,cellmate,incongruent,✅,0.04854687387302024
24,45,promoted,congruent,✅,0.9919370632046646
24,45,fired,congruent,✅,0.9346148304248353
24,45,promoted,incongruent,❌,0.5784623144917089
24,45,fired,incongruent,❌,0.7757258731444455
24,46,shooting,congruent,❌,0.1553302203222518
24,46,celebration,congruent,✅,0.5813645779432968
24,46,shooting,incongruent,✅,0.016773525720058653
24,46,celebration,incongruent,✅,0.0540296507952619
24,47,crayon,congruent,✅,0.9740801399725094
24,47,beer,congruent,✅,0.9955365255121197
24,47,crayon,incongruent,✅,0.000712642473008989
24,47,beer,incongruent,✅,0.0007879534892600944
24,48,waiter,congruent,✅,0.8587762514878541
24,48,taxi,congruent,✅,0.9252401878870916
24,48,waiter,incongruent,✅,0.09652496239874203
24,48,taxi,incongruent,✅,0.0204362828218841
24,49,parents,congruent,✅,0.9856123013144533
24,49,keys,congruent,✅,0.9903145300174654
24,49,parents,incongruent,✅,0.2394631103020005
24,49,keys,incongruent,✅,0.3820760277989492
24,5,distress,congruent,✅,0.9936734494227996
24,5,tranquility,congruent,✅,0.9228906411814713
24,5,distress,incongruent,✅,0.0016558252157797197
24,5,tranquility,incongruent,❌,0.6488472094555168
24,50,sofa,congruent,✅,0.9863100812274216
24,50,sky,congruent,✅,0.9827358910239375
24,50,sofa,incongruent,✅,0.3744603717661057
24,50,sky,incongruent,✅,0.020146922944651886
24,51,obesity,congruent,✅,0.7442059129658308
24,51,homework,congruent,✅,0.9793638866845745
24,51,obesity,incongruent,✅,0.0018930364502113836
24,51,homework,incongruent,✅,0.06025401779742283
24,52,quiz,congruent,✅,0.9944728749439337
24,52,commute,congruent,✅,0.9978997758291138
24,52,quiz,incongruent,✅,0.10016801475811454
24,52,commute,incongruent,✅,0.001543045932951963
24,53,migraine,congruent,✅,0.989949251422469
24,53,excitement,congruent,✅,0.95836102225205
24,53,migraine,incongruent,✅,0.0034208869979815057
24,53,excitement,incongruent,✅,0.1167478151794851
24,54,niece,congruent,✅,0.9554080605766014
24,54,husband,congruent,✅,0.955982754537143
24,54,niece,incongruent,✅,0.18578055609082111
24,54,husband,incongruent,✅,0.4631526979202328
24,55,film,congruent,✅,0.9943635996803659
24,55,sunrise,congruent,✅,0.5358294536211312
24,55,film,incongruent,✅,0.001472516162333792
24,55,sunrise,incongruent,✅,0.04794491062331014
24,56,lecture,congruent,✅,0.9950228238534498
24,56,banquet,congruent,✅,0.9723858006572287
24,56,lecture,incongruent,✅,0.012360377722975616
24,56,banquet,incongruent,✅,0.00340121372860505
24,57,drink,congruent,✅,0.9954166684139149
24,57,textbook,congruent,✅,0.9242396912841286
24,57,drink,incongruent,✅,0.005090279624026884
24,57,textbook,incongruent,✅,0.008803601451274397
24,58,pool,congruent,✅,0.9992656864957065
24,58,snow,congruent,✅,0.7920255805826064
24,58,pool,incongruent,✅,0.0006862454643988996
24,58,snow,incongruent,✅,0.07446863480436294
24,59,passport,congruent,✅,0.9805178003947638
24,59,plushy,congruent,✅,0.9845627463503153
24,59,passport,incongruent,✅,0.008109531125843549
24,59,plushy,incongruent,✅,0.08989451464893529
24,6,patients,congruent,✅,0.9769207404161063
24,6,students,congruent,✅,0.9900271800809786
24,6,patients,incongruent,✅,0.008975534842168443
24,6,students,incongruent,✅,0.00040315911836705985
24,60,sister,congruent,✅,0.9150123838276595
24,60,father,congruent,✅,0.9469377386476644
24,60,sister,incongruent,✅,0.0649149037891017
24,60,father,incongruent,✅,0.1271001436158071
24,61,game,congruent,✅,0.9973799616204223
24,61,sunset,congruent,✅,0.9903115713465205
24,61,game,incongruent,✅,0.011293001077924632
24,61,sunset,incongruent,✅,0.02512045009786582
24,62,holidays,congruent,✅,0.9467955885517211
24,62,funeral,congruent,✅,0.9776404772958199
24,62,holidays,incongruent,✅,0.003463570591090648
24,62,funeral,incongruent,❌,0.5293814626698137
24,63,grades,congruent,✅,0.9879552315669367
24,63,affair,congruent,✅,0.9075985755616847
24,63,grades,incongruent,✅,0.11605002390407919
24,63,affair,incongruent,✅,0.10045898564559075
24,64,arrest,congruent,✅,0.9327753226631577
24,64,stroke,congruent,✅,0.5964289301851304
24,64,arrest,incongruent,✅,0.1178687852148276
24,64,stroke,incongruent,✅,0.2253832132473492
24,65,pacifier,congruent,✅,0.7723388587998474
24,65,coffee,congruent,✅,0.9964336426382796
24,65,pacifier,incongruent,✅,0.09967128360729506
24,65,coffee,incongruent,✅,0.0035320506285457507
24,66,sweets,congruent,✅,0.9921614328548876
24,66,sentencing,congruent,✅,0.9928777063227311
24,66,sweets,incongruent,✅,0.00027643831593133345
24,66,sentencing,incongruent,✅,0.006418358163684654
24,67,nap,congruent,✅,0.9982058983892771
24,67,selfie,congruent,✅,0.9974878628227652
24,67,nap,incongruent,✅,0.014784358837290556
24,67,selfie,incongruent,✅,0.001718005220438312
24,68,diaper,congruent,✅,0.9972668582516944
24,68,tire,congruent,✅,0.9973286018932931
24,68,diaper,incongruent,✅,0.003547130138644507
24,68,tire,incongruent,✅,0.0010333221953531988
24,69,chemotherapy,congruent,✅,0.9704478724590485
24,69,golf,congruent,✅,0.9916559796411953
24,69,chemotherapy,incongruent,✅,0.01062977788510469
24,69,golf,incongruent,✅,0.12408769154153698
24,7,consensus,congruent,✅,0.9121204067811727
24,7,deadlock,congruent,✅,0.7624006778997728
24,7,consensus,incongruent,✅,0.2593049077446372
24,7,deadlock,incongruent,❌,0.6097819882254483
24,70,thunder,congruent,✅,0.9977842348531525
24,70,lullaby,congruent,✅,0.9711189112611187
24,70,thunder,incongruent,✅,0.2343149465663278
24,70,lullaby,incongruent,✅,0.0570350389205684
24,71,pajamas,congruent,✅,0.9732985500387606
24,71,uniform,congruent,✅,0.9887145284918648
24,71,pajamas,incongruent,✅,0.09525131995437926
24,71,uniform,incongruent,✅,0.014146051338178992
24,72,gown,congruent,✅,0.9920775509803366
24,72,sweats,congruent,✅,0.9879570731652132
24,72,gown,incongruent,✅,0.004062700451556747
24,72,sweats,incongruent,✅,0.18584153343302706
24,73,deadline,congruent,✅,0.7645353137165464
24,73,bed,congruent,✅,0.9610559550650116
24,73,deadline,incongruent,✅,0.005973499330016344
24,73,bed,incongruent,✅,0.01627048446656666
24,74,kindergarten,congruent,✅,0.9700169540965679
24,74,jail,congruent,✅,0.9574827676295066
24,74,kindergarten,incongruent,✅,0.038221184202177114
24,74,jail,incongruent,❌,0.8250264140817205
24,75,interrogated,congruent,✅,0.9934727319213109
24,75,tickled,congruent,✅,0.961984715219397
24,75,interrogated,incongruent,✅,0.17327286016575083
24,75,tickled,incongruent,✅,0.002285873780014957
24,76,sandcastle,congruent,✅,0.9808296968744914
24,76,snowman,congruent,✅,0.997989507044507
24,76,sandcastle,incongruent,✅,0.2806013933410681
24,76,snowman,incongruent,✅,0.15982702223808098
24,77,music,congruent,✅,0.9985553722207723
24,77,pizza,congruent,✅,0.9988118847210044
24,77,music,incongruent,✅,0.0020951493074607553
24,77,pizza,incongruent,✅,0.00032647551557931303
24,78,playoffs,congruent,✅,0.9812399416965726
24,78,cartoon,congruent,✅,0.9991718178824808
24,78,playoffs,incongruent,✅,0.001511232764709157
24,78,cartoon,incongruent,✅,0.052235262817671595
24,79,alcoholism,congruent,✅,0.9907314868798582
24,79,academics,congruent,✅,0.9776231619333717
24,79,alcoholism,incongruent,✅,0.02991146227225069
24,79,academics,incongruent,✅,0.059917533875203495
24,8,engagement,congruent,✅,0.7120408463538698
24,8,cancer,congruent,✅,0.5216529312232739
24,8,engagement,incongruent,✅,0.13382224581237664
24,8,cancer,incongruent,✅,0.10464859929291133
24,9,terminal,congruent,✅,0.9958264120574511
24,9,classroom,congruent,✅,0.9735173849635638
24,9,terminal,incongruent,✅,0.007421010487046733
24,9,classroom,incongruent,✅,0.14342700263429803
25,0,library,congruent,✅,0.964000658866344
25,0,refrigerator,congruent,✅,0.784496154266907
25,0,library,incongruent,✅,0.010891683885196903
25,0,refrigerator,incongruent,✅,0.006777014719938648
25,1,disappointment,congruent,✅,0.9589182554579113
25,1,delight,congruent,✅,0.9761191303306891
25,1,disappointment,incongruent,✅,0.005444605077979075
25,1,delight,incongruent,✅,0.021081550613668086
25,10,cash,congruent,✅,0.9906724387101976
25,10,groceries,congruent,✅,0.9590186238177517
25,10,cash,incongruent,❌,0.5790173065628256
25,10,groceries,incongruent,✅,0.06469070757408446
25,11,lonely,congruent,✅,0.9690607570331822
25,11,confident,congruent,✅,0.9329107738496552
25,11,lonely,incongruent,✅,0.01599507033733019
25,11,confident,incongruent,✅,0.21532842468638771
25,12,joy,congruent,✅,0.9971092942705749
25,12,outrage,congruent,✅,0.9057466434548483
25,12,joy,incongruent,✅,0.03347415003258379
25,12,outrage,incongruent,❌,0.7582425878198732
25,13,traffic,congruent,✅,0.9938459624837684
25,13,snowstorm,congruent,✅,0.9955600107680392
25,13,traffic,incongruent,✅,0.31761940799939004
25,13,snowstorm,incongruent,✅,0.09896090648457219
25,14,laughter,congruent,✅,0.9939818900058996
25,14,frustration,congruent,✅,0.9956928857062993
25,14,laughter,incongruent,✅,0.07418733169067088
25,14,frustration,incongruent,✅,0.012625187951011899
25,15,calculator,congruent,✅,0.8401483861506931
25,15,instrument,congruent,✅,0.9293347419558323
25,15,calculator,incongruent,✅,0.2314384115840038
25,15,instrument,incongruent,❌,0.8459454069933454
25,16,orchestra,congruent,✅,0.9875174616716885
25,16,racers,congruent,✅,0.967648505795783
25,16,orchestra,incongruent,✅,0.05811035644861547
25,16,racers,incongruent,✅,0.0009237220045593676
25,17,retirement,congruent,✅,0.9475474672496531
25,17,playdate,congruent,✅,0.9256746515925168
25,17,retirement,incongruent,✅,0.004219720949095004
25,17,playdate,incongruent,✅,0.006197159819776679
25,18,relieved,congruent,✅,0.6001368861473548
25,18,depressed,congruent,✅,0.920594120036899
25,18,relieved,incongruent,✅,0.0045195929024829
25,18,depressed,incongruent,✅,0.09634518002704422
25,19,friends,congruent,❌,0.3346134566333728
25,19,weight,congruent,✅,0.9288032331215704
25,19,friends,incongruent,✅,0.4279201204712316
25,19,weight,incongruent,✅,0.04677125051168137
25,2,overcoat,congruent,✅,0.931355371591448
25,2,sandals,congruent,✅,0.5124774982473483
25,2,overcoat,incongruent,✅,0.0005132885870015482
25,2,sandals,incongruent,✅,0.0006579779284968763
25,20,lipstick,congruent,✅,0.8936636952979632
25,20,song,congruent,✅,0.973136508250892
25,20,lipstick,incongruent,✅,0.004500297103284844
25,20,song,incongruent,✅,0.053970922689488894
25,21,fought,congruent,✅,0.6179100260235753
25,21,sang,congruent,✅,0.9903825264899685
25,21,fought,incongruent,✅,0.11207173089718749
25,21,sang,incongruent,✅,0.0013119369286092447
25,22,skeptical,congruent,✅,0.7278725589203701
25,22,reassured,congruent,✅,0.7443956574888234
25,22,skeptical,incongruent,✅,0.16462599055125912
25,22,reassured,incongruent,✅,0.08692574761772391
25,23,graduation,congruent,✅,0.9979810017141084
25,23,operation,congruent,✅,0.9597096358336296
25,23,graduation,incongruent,✅,0.031234386353773933
25,23,operation,incongruent,✅,0.1328830991625979
25,24,bride,congruent,✅,0.9878386323689554
25,24,aftermath,congruent,✅,0.9971160333609707
25,24,bride,incongruent,✅,0.05184980384008042
25,24,aftermath,incongruent,✅,0.0008869979289756733
25,25,teacher,congruent,✅,0.9856481734634823
25,25,daughter,congruent,✅,0.9110941827771282
25,25,teacher,incongruent,✅,0.03652715262190051
25,25,daughter,incongruent,✅,0.0073872440684884496
25,26,roommate,congruent,✅,0.9914117121761356
25,26,grandma,congruent,✅,0.9953242585874826
25,26,roommate,incongruent,✅,0.01615072611426224
25,26,grandma,incongruent,✅,0.06648930513320847
25,27,brother,congruent,✅,0.9371453490940646
25,27,mother,congruent,✅,0.9848224276699508
25,27,brother,incongruent,✅,0.4130827428028362
25,27,mother,incongruent,✅,0.2741081748342235
25,28,preschool,congruent,✅,0.7213154550553692
25,28,prison,congruent,✅,0.970236115836122
25,28,preschool,incongruent,✅,0.0010430495301074455
25,28,prison,incongruent,✅,0.012241510057133823
25,29,hopeful,congruent,✅,0.8951620068712272
25,29,hopeless,congruent,✅,0.9718281876386511
25,29,hopeful,incongruent,✅,0.18584351554709044
25,29,hopeless,incongruent,✅,0.07851061398156539
25,3,marathon,congruent,✅,0.8961877225146964
25,3,exam,congruent,✅,0.9767821649980213
25,3,marathon,incongruent,✅,0.017215006313086024
25,3,exam,incongruent,✅,0.025095180632872176
25,30,appalled,congruent,✅,0.9746826214262393
25,30,overjoyed,congruent,✅,0.9778596388455766
25,30,appalled,incongruent,✅,0.02258446776619486
25,30,overjoyed,incongruent,✅,0.2621777663131966
25,31,reprimand,congruent,✅,0.9493857984959714
25,31,encouragement,congruent,✅,0.9812523513487855
25,31,reprimand,incongruent,✅,0.039813064731974594
25,31,encouragement,incongruent,✅,0.03259827453383722
25,32,angrily,congruent,✅,0.994441540642067
25,32,cordially,congruent,✅,0.9754434596897336
25,32,angrily,incongruent,✅,0.0017914108534723419
25,32,cordially,incongruent,✅,0.003573266069069199
25,33,accusatory,congruent,✅,0.9898306805898902
25,33,flirtatious,congruent,✅,0.9117014419459301
25,33,accusatory,incongruent,✅,0.15826873323227594
25,33,flirtatious,incongruent,✅,0.12314217519818324
25,34,disapprovingly,congruent,✅,0.9610675342119169
25,34,lovingly,congruent,✅,0.9079169315468716
25,34,disapprovingly,incongruent,✅,0.0035384723133083987
25,34,lovingly,incongruent,✅,0.038375683461909
25,35,playful,congruent,✅,0.9312285893432025
25,35,distant,congruent,✅,0.5256271069018474
25,35,playful,incongruent,✅,0.14394554651632907
25,35,distant,incongruent,✅,0.008173344729953161
25,36,headphones,congruent,✅,0.8478924496725241
25,36,mangoes,congruent,✅,0.8339185190027053
25,36,headphones,incongruent,✅,0.008625401221349284
25,36,mangoes,incongruent,✅,0.0059029423489266155
25,37,playroom,congruent,✅,0.9950988334763496
25,37,park,congruent,✅,0.9950295353828775
25,37,playroom,incongruent,✅,0.028034291743716102
25,37,park,incongruent,✅,0.007589400698479619
25,38,bedroom,congruent,✅,0.9840001839621304
25,38,backyard,congruent,✅,0.9889427652748018
25,38,bedroom,incongruent,✅,0.011523802386892051
25,38,backyard,incongruent,✅,0.001017020103741166
25,39,solemnly,congruent,✅,0.9598696727737477
25,39,excitedly,congruent,✅,0.6113577861283558
25,39,solemnly,incongruent,✅,0.061552047779750506
25,39,excitedly,incongruent,✅,0.01398783868327567
25,4,menu,congruent,✅,0.7059416967101586
25,4,prescription,congruent,✅,0.9856928949656223
25,4,menu,incongruent,✅,0.06335462415044815
25,4,prescription,incongruent,✅,0.0155852388498486
25,40,car,congruent,✅,0.7231566239094995
25,40,sock,congruent,✅,0.7127533677401153
25,40,car,incongruent,✅,0.08526462025208789
25,40,sock,incongruent,✅,0.022229065981401213
25,41,overdressed,congruent,✅,0.993840704359527
25,41,naked,congruent,✅,0.8936690462958481
25,41,overdressed,incongruent,✅,0.012365574275216512
25,41,naked,incongruent,✅,0.004125703544013803
25,42,shy,congruent,✅,0.9600381006864709
25,42,lively,congruent,✅,0.9976268193545387
25,42,shy,incongruent,✅,0.05461656213240284
25,42,lively,incongruent,✅,0.11197964306408355
25,43,offended,congruent,✅,0.8971848269413799
25,43,flattered,congruent,✅,0.9705632374276009
25,43,offended,incongruent,✅,0.027553320625501913
25,43,flattered,incongruent,✅,0.03329111339209253
25,44,grandkid,congruent,✅,0.983176285511955
25,44,cellmate,congruent,✅,0.9920813965203519
25,44,grandkid,incongruent,✅,0.003979981496636641
25,44,cellmate,incongruent,✅,0.009333704931687017
25,45,promoted,congruent,✅,0.9956605932804239
25,45,fired,congruent,✅,0.9722378831898794
25,45,promoted,incongruent,✅,0.3343682654607518
25,45,fired,incongruent,❌,0.7305174640149963
25,46,shooting,congruent,❌,0.1528152908927792
25,46,celebration,congruent,✅,0.7851423207690186
25,46,shooting,incongruent,✅,0.01855113629742148
25,46,celebration,incongruent,✅,0.016879630372700207
25,47,crayon,congruent,✅,0.86360193131937
25,47,beer,congruent,✅,0.9892049958818678
25,47,crayon,incongruent,✅,0.001549938900182269
25,47,beer,incongruent,✅,0.0005505788236544326
25,48,waiter,congruent,✅,0.8820802619245183
25,48,taxi,congruent,✅,0.9263655496119122
25,48,waiter,incongruent,✅,0.08678549959405706
25,48,taxi,incongruent,✅,0.03714960278339832
25,49,parents,congruent,✅,0.9898978239861601
25,49,keys,congruent,✅,0.9926574972212296
25,49,parents,incongruent,✅,0.34535909813313154
25,49,keys,incongruent,✅,0.35111219441991476
25,5,distress,congruent,✅,0.9838153532628726
25,5,tranquility,congruent,✅,0.9801692241549272
25,5,distress,incongruent,✅,0.0025081484893202874
25,5,tranquility,incongruent,✅,0.18737089827520795
25,50,sofa,congruent,✅,0.9916074638067182
25,50,sky,congruent,✅,0.9837314088397381
25,50,sofa,incongruent,✅,0.11972572462950659
25,50,sky,incongruent,✅,0.0449983527049401
25,51,obesity,congruent,✅,0.7135924032145888
25,51,homework,congruent,✅,0.9861018777544923
25,51,obesity,incongruent,✅,0.002171101572229363
25,51,homework,incongruent,✅,0.01973728145191607
25,52,quiz,congruent,✅,0.9969434829131576
25,52,commute,congruent,✅,0.997047575814323
25,52,quiz,incongruent,✅,0.08136105558652919
25,52,commute,incongruent,✅,0.0034133835186489175
25,53,migraine,congruent,✅,0.9958960624545324
25,53,excitement,congruent,✅,0.9865878439194586
25,53,migraine,incongruent,✅,0.001208359919747182
25,53,excitement,incongruent,✅,0.15015392009149175
25,54,niece,congruent,✅,0.9643372776870085
25,54,husband,congruent,✅,0.9057326534245903
25,54,niece,incongruent,✅,0.015337736719877782
25,54,husband,incongruent,❌,0.5805664815516615
25,55,film,congruent,✅,0.9989073065507651
25,55,sunrise,congruent,❌,0.21583235847050064
25,55,film,incongruent,✅,0.0005468131931353746
25,55,sunrise,incongruent,✅,0.021869424736701275
25,56,lecture,congruent,✅,0.9937012587681404
25,56,banquet,congruent,✅,0.958485415714118
25,56,lecture,incongruent,✅,0.012783898243672761
25,56,banquet,incongruent,✅,0.003050377094246676
25,57,drink,congruent,✅,0.9930192231121141
25,57,textbook,congruent,✅,0.9407321141392928
25,57,drink,incongruent,✅,0.004688828699514056
25,57,textbook,incongruent,✅,0.010745514213496198
25,58,pool,congruent,✅,0.9992279621415889
25,58,snow,congruent,✅,0.8171322364744388
25,58,pool,incongruent,✅,0.00014726206647572683
25,58,snow,incongruent,✅,0.013591811367205704
25,59,passport,congruent,✅,0.9689854694337665
25,59,plushy,congruent,✅,0.980541700590381
25,59,passport,incongruent,✅,0.01121553095629662
25,59,plushy,incongruent,✅,0.032702269008189275
25,6,patients,congruent,✅,0.9791025859048867
25,6,students,congruent,✅,0.9958106585391199
25,6,patients,incongruent,✅,0.011880830798924885
25,6,students,incongruent,✅,0.00010365727255298939
25,60,sister,congruent,✅,0.9912074903834754
25,60,father,congruent,✅,0.9531318145217611
25,60,sister,incongruent,✅,0.020440608010132037
25,60,father,incongruent,✅,0.05931213112932261
25,61,game,congruent,✅,0.998052550429501
25,61,sunset,congruent,✅,0.986872644165432
25,61,game,incongruent,✅,0.009928423161064707
25,61,sunset,incongruent,✅,0.019347159066128914
25,62,holidays,congruent,✅,0.9528287686920979
25,62,funeral,congruent,✅,0.9951809162855018
25,62,holidays,incongruent,✅,0.009896044371522743
25,62,funeral,incongruent,✅,0.3652044216094985
25,63,grades,congruent,✅,0.9777205592156856
25,63,affair,congruent,✅,0.9739801386792749
25,63,grades,incongruent,✅,0.2668555292403483
25,63,affair,incongruent,✅,0.034634051851547346
25,64,arrest,congruent,✅,0.9446704988768776
25,64,stroke,congruent,✅,0.6430908413996476
25,64,arrest,incongruent,✅,0.14224886884999735
25,64,stroke,incongruent,✅,0.16171255126846176
25,65,pacifier,congruent,✅,0.853732375605698
25,65,coffee,congruent,✅,0.9936295820542107
25,65,pacifier,incongruent,✅,0.2202992687180016
25,65,coffee,incongruent,✅,0.002431067106832586
25,66,sweets,congruent,✅,0.9960950740137595
25,66,sentencing,congruent,✅,0.9958717298601296
25,66,sweets,incongruent,✅,0.00024214184782594942
25,66,sentencing,incongruent,✅,0.00415860195566643
25,67,nap,congruent,✅,0.9980508968091819
25,67,selfie,congruent,✅,0.9989358718958092
25,67,nap,incongruent,✅,0.014976354911475248
25,67,selfie,incongruent,✅,0.000759230660701018
25,68,diaper,congruent,✅,0.9967258555539357
25,68,tire,congruent,✅,0.9990446678016747
25,68,diaper,incongruent,✅,0.0050172509053756495
25,68,tire,incongruent,✅,0.000521751762127097
25,69,chemotherapy,congruent,✅,0.9821889317599208
25,69,golf,congruent,✅,0.9876714921538937
25,69,chemotherapy,incongruent,✅,0.009951267522686607
25,69,golf,incongruent,✅,0.07589542056421279
25,7,consensus,congruent,✅,0.937108767564446
25,7,deadlock,congruent,✅,0.8903563519840763
25,7,consensus,incongruent,✅,0.1590895918940641
25,7,deadlock,incongruent,✅,0.35694474592403946
25,70,thunder,congruent,✅,0.99821341127688
25,70,lullaby,congruent,✅,0.9826607676407068
25,70,thunder,incongruent,✅,0.12810085445742087
25,70,lullaby,incongruent,✅,0.01932474536663379
25,71,pajamas,congruent,✅,0.9806199758160352
25,71,uniform,congruent,✅,0.9932141016137541
25,71,pajamas,incongruent,✅,0.07839916783240504
25,71,uniform,incongruent,✅,0.027592883567042148
25,72,gown,congruent,✅,0.9907292500996469
25,72,sweats,congruent,✅,0.995866996784909
25,72,gown,incongruent,✅,0.012455390768237875
25,72,sweats,incongruent,✅,0.23113017618973783
25,73,deadline,congruent,✅,0.8287381643536643
25,73,bed,congruent,✅,0.9279148412993413
25,73,deadline,incongruent,✅,0.0016428564496087552
25,73,bed,incongruent,✅,0.01742146899196016
25,74,kindergarten,congruent,✅,0.9596452011119915
25,74,jail,congruent,✅,0.9503937206978159
25,74,kindergarten,incongruent,✅,0.07944104967628675
25,74,jail,incongruent,❌,0.7713932077364443
25,75,interrogated,congruent,✅,0.9933175166481618
25,75,tickled,congruent,✅,0.9772490096918426
25,75,interrogated,incongruent,✅,0.07810293373706871
25,75,tickled,incongruent,✅,0.001456688718237396
25,76,sandcastle,congruent,✅,0.9900446613508621
25,76,snowman,congruent,✅,0.9989160445065374
25,76,sandcastle,incongruent,✅,0.10736025248583643
25,76,snowman,incongruent,✅,0.49246634434400827
25,77,music,congruent,✅,0.9991562986445777
25,77,pizza,congruent,✅,0.9985105131427494
25,77,music,incongruent,✅,0.0013548481768958088
25,77,pizza,incongruent,✅,0.000806503146409926
25,78,playoffs,congruent,✅,0.967506218024873
25,78,cartoon,congruent,✅,0.999162942005087
25,78,playoffs,incongruent,✅,0.010609799715549829
25,78,cartoon,incongruent,✅,0.0472963370392456
25,79,alcoholism,congruent,✅,0.9639595812787107
25,79,academics,congruent,✅,0.9882770967054483
25,79,alcoholism,incongruent,✅,0.04284974049675972
25,79,academics,incongruent,✅,0.017596848806234376
25,8,engagement,congruent,✅,0.6803868875166604
25,8,cancer,congruent,❌,0.459939037204314
25,8,engagement,incongruent,✅,0.16655033948970127
25,8,cancer,incongruent,✅,0.1566003824968515
25,9,terminal,congruent,✅,0.9941500639489509
25,9,classroom,congruent,✅,0.9803186856108691
25,9,terminal,incongruent,✅,0.007511159984493778
25,9,classroom,incongruent,✅,0.11809016617309753
26,0,library,congruent,✅,0.9824454013115705
26,0,refrigerator,congruent,✅,0.8084739830088078
26,0,library,incongruent,✅,0.005770246352720619
26,0,refrigerator,incongruent,✅,0.010846534915284613
26,1,disappointment,congruent,✅,0.9609442673835702
26,1,delight,congruent,✅,0.9822448966564684
26,1,disappointment,incongruent,✅,0.011550683054643494
26,1,delight,incongruent,✅,0.006471932241626862
26,10,cash,congruent,✅,0.9935191896761866
26,10,groceries,congruent,✅,0.9537810823097284
26,10,cash,incongruent,✅,0.47493312657768444
26,10,groceries,incongruent,✅,0.10460406146084679
26,11,lonely,congruent,✅,0.9709959119010408
26,11,confident,congruent,✅,0.9523955622069535
26,11,lonely,incongruent,✅,0.008743977335971072
26,11,confident,incongruent,✅,0.09754874896691426
26,12,joy,congruent,✅,0.994885094450523
26,12,outrage,congruent,✅,0.9140062500134155
26,12,joy,incongruent,✅,0.01332881233720924
26,12,outrage,incongruent,❌,0.7756672039667629
26,13,traffic,congruent,✅,0.9970697674390723
26,13,snowstorm,congruent,✅,0.9947286904305549
26,13,traffic,incongruent,✅,0.17665109644630445
26,13,snowstorm,incongruent,✅,0.2857336922227551
26,14,laughter,congruent,✅,0.9977229407188298
26,14,frustration,congruent,✅,0.9978450307627589
26,14,laughter,incongruent,✅,0.007635837649749496
26,14,frustration,incongruent,✅,0.0818019181884853
26,15,calculator,congruent,✅,0.928980441869091
26,15,instrument,congruent,✅,0.9800383249375736
26,15,calculator,incongruent,✅,0.4017066287165265
26,15,instrument,incongruent,❌,0.9090704933082285
26,16,orchestra,congruent,✅,0.9910117882795949
26,16,racers,congruent,✅,0.9898719650341542
26,16,orchestra,incongruent,✅,0.046636096319073214
26,16,racers,incongruent,✅,0.001452591211524864
26,17,retirement,congruent,✅,0.8636006438022854
26,17,playdate,congruent,✅,0.9700222583401708
26,17,retirement,incongruent,✅,0.011389821900843354
26,17,playdate,incongruent,✅,0.0013217018138664805
26,18,relieved,congruent,✅,0.6887290334932938
26,18,depressed,congruent,✅,0.9275391176395168
26,18,relieved,incongruent,✅,0.006041054344017074
26,18,depressed,incongruent,✅,0.1995376331430085
26,19,friends,congruent,❌,0.37013129577125325
26,19,weight,congruent,✅,0.9385015712785104
26,19,friends,incongruent,✅,0.47660868248432126
26,19,weight,incongruent,✅,0.035868600008639916
26,2,overcoat,congruent,✅,0.9349070390486464
26,2,sandals,congruent,❌,0.38235982194745216
26,2,overcoat,incongruent,✅,0.00021624103170072578
26,2,sandals,incongruent,✅,0.0003221295410166826
26,20,lipstick,congruent,✅,0.8422142682957974
26,20,song,congruent,✅,0.9589668978086894
26,20,lipstick,incongruent,✅,0.01450176702809636
26,20,song,incongruent,✅,0.022849719567772833
26,21,fought,congruent,✅,0.9210871521377793
26,21,sang,congruent,✅,0.97842607558262
26,21,fought,incongruent,✅,0.12296870996126316
26,21,sang,incongruent,✅,0.0003394323960000878
26,22,skeptical,congruent,✅,0.7214715935781797
26,22,reassured,congruent,✅,0.796251033607173
26,22,skeptical,incongruent,✅,0.1780001092686
26,22,reassured,incongruent,✅,0.19345863612694303
26,23,graduation,congruent,✅,0.9985252675587374
26,23,operation,congruent,✅,0.9861516274656575
26,23,graduation,incongruent,✅,0.0009842558080871671
26,23,operation,incongruent,✅,0.13416100081243626
26,24,bride,congruent,✅,0.9904453753822406
26,24,aftermath,congruent,✅,0.998768393794176
26,24,bride,incongruent,✅,0.05396401082646353
26,24,aftermath,incongruent,✅,0.004324828904112564
26,25,teacher,congruent,✅,0.9943575244799929
26,25,daughter,congruent,✅,0.9658384409657893
26,25,teacher,incongruent,✅,0.1391311284333628
26,25,daughter,incongruent,✅,0.01582853242761851
26,26,roommate,congruent,✅,0.985254573985959
26,26,grandma,congruent,✅,0.9933783765002558
26,26,roommate,incongruent,✅,0.0072636295743144395
26,26,grandma,incongruent,✅,0.022372809881488296
26,27,brother,congruent,✅,0.9631260189200073
26,27,mother,congruent,✅,0.9876283442162422
26,27,brother,incongruent,✅,0.11551411038417801
26,27,mother,incongruent,✅,0.13654899110386745
26,28,preschool,congruent,✅,0.8511241474958127
26,28,prison,congruent,✅,0.9872000926536868
26,28,preschool,incongruent,✅,0.0007525569373004503
26,28,prison,incongruent,✅,0.03185196340278169
26,29,hopeful,congruent,✅,0.9115956607962451
26,29,hopeless,congruent,✅,0.9868860081924633
26,29,hopeful,incongruent,✅,0.16854093102859524
26,29,hopeless,incongruent,✅,0.03408820995748812
26,3,marathon,congruent,✅,0.9269555992574986
26,3,exam,congruent,✅,0.9953273055583315
26,3,marathon,incongruent,✅,0.03500621943684696
26,3,exam,incongruent,✅,0.008645063585413924
26,30,appalled,congruent,✅,0.9746435030840856
26,30,overjoyed,congruent,✅,0.9657774397659947
26,30,appalled,incongruent,✅,0.012270658913324368
26,30,overjoyed,incongruent,✅,0.09044164749907943
26,31,reprimand,congruent,✅,0.988333373840062
26,31,encouragement,congruent,✅,0.9881528700603963
26,31,reprimand,incongruent,✅,0.031935777813153564
26,31,encouragement,incongruent,✅,0.061381553344980876
26,32,angrily,congruent,✅,0.9980231916823458
26,32,cordially,congruent,✅,0.9967150529960288
26,32,angrily,incongruent,✅,0.0020593730359806106
26,32,cordially,incongruent,✅,0.0034257824544741524
26,33,accusatory,congruent,✅,0.9886544111986413
26,33,flirtatious,congruent,✅,0.9566729345816019
26,33,accusatory,incongruent,✅,0.19288312334464627
26,33,flirtatious,incongruent,✅,0.15263729560030823
26,34,disapprovingly,congruent,✅,0.9647621665299712
26,34,lovingly,congruent,✅,0.8905865377633803
26,34,disapprovingly,incongruent,✅,0.0007782993897376266
26,34,lovingly,incongruent,✅,0.023177525061246693
26,35,playful,congruent,✅,0.964187837849568
26,35,distant,congruent,✅,0.5610194724934353
26,35,playful,incongruent,✅,0.15406088061947007
26,35,distant,incongruent,✅,0.004650787202211664
26,36,headphones,congruent,✅,0.9022664593717153
26,36,mangoes,congruent,✅,0.9010791550123828
26,36,headphones,incongruent,✅,0.005329799655185706
26,36,mangoes,incongruent,✅,0.011838859084985283
26,37,playroom,congruent,✅,0.9965875748792405
26,37,park,congruent,✅,0.989728910128973
26,37,playroom,incongruent,✅,0.01098814992137532
26,37,park,incongruent,✅,0.006236012471890381
26,38,bedroom,congruent,✅,0.9902004675926219
26,38,backyard,congruent,✅,0.9921292889324034
26,38,bedroom,incongruent,✅,0.034200043540432434
26,38,backyard,incongruent,✅,0.004641395329110993
26,39,solemnly,congruent,✅,0.9645240462103585
26,39,excitedly,congruent,✅,0.7756876014093768
26,39,solemnly,incongruent,✅,0.06502820768134329
26,39,excitedly,incongruent,✅,0.01143440858537732
26,4,menu,congruent,✅,0.9072396308185656
26,4,prescription,congruent,✅,0.986209571773893
26,4,menu,incongruent,✅,0.02754877367816839
26,4,prescription,incongruent,✅,0.02963853273566626
26,40,car,congruent,✅,0.7503418117359804
26,40,sock,congruent,✅,0.903545407128023
26,40,car,incongruent,✅,0.1695643030235215
26,40,sock,incongruent,✅,0.04499293487802621
26,41,overdressed,congruent,✅,0.9954635406702362
26,41,naked,congruent,✅,0.8337535427514456
26,41,overdressed,incongruent,✅,0.01249537648025405
26,41,naked,incongruent,✅,0.01983743288199986
26,42,shy,congruent,✅,0.9813435375888485
26,42,lively,congruent,✅,0.9928289254389635
26,42,shy,incongruent,✅,0.006576368559502385
26,42,lively,incongruent,✅,0.13504308714905727
26,43,offended,congruent,✅,0.9539202375857317
26,43,flattered,congruent,✅,0.9551255421075996
26,43,offended,incongruent,✅,0.004178587607113292
26,43,flattered,incongruent,✅,0.05837783960165218
26,44,grandkid,congruent,✅,0.9862285787334834
26,44,cellmate,congruent,✅,0.9862844843391095
26,44,grandkid,incongruent,✅,0.0017439109994152923
26,44,cellmate,incongruent,✅,0.002148306431324589
26,45,promoted,congruent,✅,0.998968408873909
26,45,fired,congruent,✅,0.9878544853077712
26,45,promoted,incongruent,✅,0.07064951637036891
26,45,fired,incongruent,❌,0.7582867301258585
26,46,shooting,congruent,❌,0.08555059925679483
26,46,celebration,congruent,✅,0.7066245288607018
26,46,shooting,incongruent,✅,0.013762111275017813
26,46,celebration,incongruent,✅,0.0019141106661171253
26,47,crayon,congruent,✅,0.8933682770034395
26,47,beer,congruent,✅,0.9926833920374475
26,47,crayon,incongruent,✅,0.0018009772822861836
26,47,beer,incongruent,✅,0.0005810476224369441
26,48,waiter,congruent,✅,0.9382827827296367
26,48,taxi,congruent,✅,0.8910893840726766
26,48,waiter,incongruent,✅,0.05798522004325875
26,48,taxi,incongruent,✅,0.05660718862117832
26,49,parents,congruent,✅,0.9927912227331848
26,49,keys,congruent,✅,0.9950725935896217
26,49,parents,incongruent,✅,0.1858453366561927
26,49,keys,incongruent,✅,0.13852051206969346
26,5,distress,congruent,✅,0.9968480044946856
26,5,tranquility,congruent,✅,0.9824183541676066
26,5,distress,incongruent,✅,0.0031423514661620363
26,5,tranquility,incongruent,✅,0.25587286094407846
26,50,sofa,congruent,✅,0.9926323908169637
26,50,sky,congruent,✅,0.9970882920548457
26,50,sofa,incongruent,✅,0.07062840267062397
26,50,sky,incongruent,✅,0.04068202636732298
26,51,obesity,congruent,✅,0.7879920055251879
26,51,homework,congruent,✅,0.9932500590729285
26,51,obesity,incongruent,✅,0.0010404095917516377
26,51,homework,incongruent,✅,0.016172841545093745
26,52,quiz,congruent,✅,0.9972419572329063
26,52,commute,congruent,✅,0.9962190839053398
26,52,quiz,incongruent,✅,0.004870027495144191
26,52,commute,incongruent,✅,0.003372723072917311
26,53,migraine,congruent,✅,0.998541481865135
26,53,excitement,congruent,✅,0.9893832752942423
26,53,migraine,incongruent,✅,0.0011464153033909396
26,53,excitement,incongruent,✅,0.04454368991575524
26,54,niece,congruent,✅,0.9810316917120231
26,54,husband,congruent,✅,0.9834704864085
26,54,niece,incongruent,✅,0.12849359415798098
26,54,husband,incongruent,✅,0.3444064961339627
26,55,film,congruent,✅,0.9993645679842019
26,55,sunrise,congruent,❌,0.39595371717876626
26,55,film,incongruent,✅,0.0012241620533126752
26,55,sunrise,incongruent,✅,0.00294588553441759
26,56,lecture,congruent,✅,0.9931397532488061
26,56,banquet,congruent,✅,0.9380049580584549
26,56,lecture,incongruent,✅,0.009428879289556432
26,56,banquet,incongruent,✅,0.0017221296105075176
26,57,drink,congruent,✅,0.9929399592091191
26,57,textbook,congruent,✅,0.9603719996113625
26,57,drink,incongruent,✅,0.00510097868767294
26,57,textbook,incongruent,✅,0.003499801363202579
26,58,pool,congruent,✅,0.9994743623388979
26,58,snow,congruent,✅,0.7985789721048719
26,58,pool,incongruent,✅,5.2124438382071554e-05
26,58,snow,incongruent,✅,0.006703514436754399
26,59,passport,congruent,✅,0.9657290471109177
26,59,plushy,congruent,✅,0.9820029558368722
26,59,passport,incongruent,✅,0.021888484027487935
26,59,plushy,incongruent,✅,0.003287307082543091
26,6,patients,congruent,✅,0.9877449440083114
26,6,students,congruent,✅,0.9966540173364687
26,6,patients,incongruent,✅,0.020873272360282413
26,6,students,incongruent,✅,0.004240193111355454
26,60,sister,congruent,✅,0.9906354860354168
26,60,father,congruent,✅,0.963649713197162
26,60,sister,incongruent,✅,0.007021955185929942
26,60,father,incongruent,✅,0.022485509453173118
26,61,game,congruent,✅,0.998232916666747
26,61,sunset,congruent,✅,0.9966794330503999
26,61,game,incongruent,✅,0.014509754103048144
26,61,sunset,incongruent,✅,0.007620464239267361
26,62,holidays,congruent,✅,0.9327295110606845
26,62,funeral,congruent,✅,0.9984762076799409
26,62,holidays,incongruent,✅,0.003241018242280188
26,62,funeral,incongruent,✅,0.24805342483227116
26,63,grades,congruent,✅,0.9924255865547068
26,63,affair,congruent,✅,0.9805592467745181
26,63,grades,incongruent,✅,0.08967147466617775
26,63,affair,incongruent,✅,0.02623725108804775
26,64,arrest,congruent,✅,0.9721705614258954
26,64,stroke,congruent,✅,0.5634635200883603
26,64,arrest,incongruent,✅,0.1846919865690583
26,64,stroke,incongruent,✅,0.1747205637522244
26,65,pacifier,congruent,✅,0.8423258437283603
26,65,coffee,congruent,✅,0.9900143349175822
26,65,pacifier,incongruent,✅,0.14598264729751553
26,65,coffee,incongruent,✅,0.0027035668844324475
26,66,sweets,congruent,✅,0.9956898580209896
26,66,sentencing,congruent,✅,0.9979525405680204
26,66,sweets,incongruent,✅,0.0008541340064332043
26,66,sentencing,incongruent,✅,0.001498828510441359
26,67,nap,congruent,✅,0.9989924403005136
26,67,selfie,congruent,✅,0.9993545127670415
26,67,nap,incongruent,✅,0.002373999964921927
26,67,selfie,incongruent,✅,0.0005693671537768815
26,68,diaper,congruent,✅,0.9889100783382274
26,68,tire,congruent,✅,0.9987960966338195
26,68,diaper,incongruent,✅,0.000328304610960283
26,68,tire,incongruent,✅,0.00011511402738775726
26,69,chemotherapy,congruent,✅,0.9896847694083666
26,69,golf,congruent,✅,0.996051806065465
26,69,chemotherapy,incongruent,✅,0.002413782862042589
26,69,golf,incongruent,✅,0.019592079218567184
26,7,consensus,congruent,✅,0.9778686505109336
26,7,deadlock,congruent,✅,0.9317941593802337
26,7,consensus,incongruent,✅,0.06712094246371825
26,7,deadlock,incongruent,✅,0.3483687334710179
26,70,thunder,congruent,✅,0.9931066082571841
26,70,lullaby,congruent,✅,0.9455682423571481
26,70,thunder,incongruent,✅,0.13324023795959183
26,70,lullaby,incongruent,✅,0.040909037475470575
26,71,pajamas,congruent,✅,0.9850200102693323
26,71,uniform,congruent,✅,0.9932139211471711
26,71,pajamas,incongruent,✅,0.0027270264118411857
26,71,uniform,incongruent,✅,0.060798621566548514
26,72,gown,congruent,✅,0.9935754155160232
26,72,sweats,congruent,✅,0.9957010923306376
26,72,gown,incongruent,✅,0.005826991247945181
26,72,sweats,incongruent,✅,0.3248949831930787
26,73,deadline,congruent,✅,0.9311357106970183
26,73,bed,congruent,✅,0.9334072558109826
26,73,deadline,incongruent,✅,0.0018075141916442238
26,73,bed,incongruent,✅,0.020157274329875054
26,74,kindergarten,congruent,✅,0.9419861963271371
26,74,jail,congruent,✅,0.899157400789731
26,74,kindergarten,incongruent,✅,0.08668443465361614
26,74,jail,incongruent,✅,0.4365264199002264
26,75,interrogated,congruent,✅,0.9925710075120802
26,75,tickled,congruent,✅,0.9790858657392264
26,75,interrogated,incongruent,✅,0.03580164436517721
26,75,tickled,incongruent,✅,0.000648472070512025
26,76,sandcastle,congruent,✅,0.9973028480259334
26,76,snowman,congruent,✅,0.9991977474937439
26,76,sandcastle,incongruent,✅,0.21554363028927406
26,76,snowman,incongruent,❌,0.505880421785109
26,77,music,congruent,✅,0.9982410445847512
26,77,pizza,congruent,✅,0.9976908963954461
26,77,music,incongruent,✅,0.0004940593625564737
26,77,pizza,incongruent,✅,0.0006913023268980584
26,78,playoffs,congruent,✅,0.9770636004785783
26,78,cartoon,congruent,✅,0.9990797842273299
26,78,playoffs,incongruent,✅,0.012390417376730087
26,78,cartoon,incongruent,✅,0.03291422159652335
26,79,alcoholism,congruent,✅,0.9876419130171734
26,79,academics,congruent,✅,0.9773030249973296
26,79,alcoholism,incongruent,✅,0.02889284589077295
26,79,academics,incongruent,✅,0.009395030185752962
26,8,engagement,congruent,✅,0.8799613358518379
26,8,cancer,congruent,❌,0.2527348185859632
26,8,engagement,incongruent,✅,0.29239858190580387
26,8,cancer,incongruent,✅,0.03117810840145149
26,9,terminal,congruent,✅,0.9979612446731563
26,9,classroom,congruent,✅,0.9908097339375738
26,9,terminal,incongruent,✅,0.013313900142314802
26,9,classroom,incongruent,✅,0.09156765722178832
27,0,library,congruent,✅,0.9720550823741965
27,0,refrigerator,congruent,✅,0.768924089371127
27,0,library,incongruent,✅,0.004528375835711671
27,0,refrigerator,incongruent,✅,0.0067726856566240655
27,1,disappointment,congruent,✅,0.9744506126816421
27,1,delight,congruent,✅,0.9537699345598347
27,1,disappointment,incongruent,✅,0.0255917465697462
27,1,delight,incongruent,✅,0.015246175796613245
27,10,cash,congruent,✅,0.9886194762349115
27,10,groceries,congruent,✅,0.9063751917084212
27,10,cash,incongruent,✅,0.2642614494520877
27,10,groceries,incongruent,✅,0.028733172268453597
27,11,lonely,congruent,✅,0.9581959148483504
27,11,confident,congruent,✅,0.96474481040081
27,11,lonely,incongruent,✅,0.008778295040664236
27,11,confident,incongruent,✅,0.09968086939580398
27,12,joy,congruent,✅,0.9923477871434445
27,12,outrage,congruent,✅,0.8162285103401911
27,12,joy,incongruent,✅,0.008935870265489877
27,12,outrage,incongruent,❌,0.6878846806129161
27,13,traffic,congruent,✅,0.9961369799202643
27,13,snowstorm,congruent,✅,0.9868304759658073
27,13,traffic,incongruent,✅,0.25191051065564407
27,13,snowstorm,incongruent,✅,0.37577970839055996
27,14,laughter,congruent,✅,0.9976581547086871
27,14,frustration,congruent,✅,0.9964564657075768
27,14,laughter,incongruent,✅,0.016440203154098564
27,14,frustration,incongruent,✅,0.16804935991810088
27,15,calculator,congruent,✅,0.9621932904119451
27,15,instrument,congruent,✅,0.9842269003503196
27,15,calculator,incongruent,✅,0.4616437902770924
27,15,instrument,incongruent,❌,0.8992242128018714
27,16,orchestra,congruent,✅,0.9895261250907624
27,16,racers,congruent,✅,0.9930489390140277
27,16,orchestra,incongruent,✅,0.05974207950552019
27,16,racers,incongruent,✅,0.0007451591132501556
27,17,retirement,congruent,✅,0.8245123507610982
27,17,playdate,congruent,✅,0.9799379285909354
27,17,retirement,incongruent,✅,0.014469150006970277
27,17,playdate,incongruent,✅,0.0022142809611469315
27,18,relieved,congruent,✅,0.8583417160775997
27,18,depressed,congruent,✅,0.9064314141657254
27,18,relieved,incongruent,✅,0.013196472542936787
27,18,depressed,incongruent,✅,0.4306799033333893
27,19,friends,congruent,❌,0.28009818453707175
27,19,weight,congruent,✅,0.8740884346671899
27,19,friends,incongruent,✅,0.4125754444182074
27,19,weight,incongruent,✅,0.030040965154815014
27,2,overcoat,congruent,✅,0.87765363049885
27,2,sandals,congruent,❌,0.33416102251122387
27,2,overcoat,incongruent,✅,0.0004862191700879663
27,2,sandals,incongruent,✅,0.0005279206193295226
27,20,lipstick,congruent,✅,0.897632026998098
27,20,song,congruent,✅,0.9310472281584036
27,20,lipstick,incongruent,✅,0.009297042588254832
27,20,song,incongruent,✅,0.047555859848344116
27,21,fought,congruent,✅,0.9067592994070677
27,21,sang,congruent,✅,0.9739555055001532
27,21,fought,incongruent,✅,0.034285049174341914
27,21,sang,incongruent,✅,0.00048431572006636144
27,22,skeptical,congruent,✅,0.649735956729006
27,22,reassured,congruent,✅,0.8266911716115944
27,22,skeptical,incongruent,✅,0.2979609554878828
27,22,reassured,incongruent,✅,0.18258516596370572
27,23,graduation,congruent,✅,0.9980179280485131
27,23,operation,congruent,✅,0.9789107207214993
27,23,graduation,incongruent,✅,0.005070590198717232
27,23,operation,incongruent,✅,0.13768199408625442
27,24,bride,congruent,✅,0.9792269102320209
27,24,aftermath,congruent,✅,0.9991910265323273
27,24,bride,incongruent,✅,0.12984004927148682
27,24,aftermath,incongruent,✅,0.00621987403700212
27,25,teacher,congruent,✅,0.9938953350495034
27,25,daughter,congruent,✅,0.9699439222811502
27,25,teacher,incongruent,✅,0.2594125583586247
27,25,daughter,incongruent,✅,0.014118201497256639
27,26,roommate,congruent,✅,0.9749934623202707
27,26,grandma,congruent,✅,0.9884434431047593
27,26,roommate,incongruent,✅,0.007342237258694223
27,26,grandma,incongruent,✅,0.03454810146082106
27,27,brother,congruent,✅,0.9664443826241434
27,27,mother,congruent,✅,0.988338433297258
27,27,brother,incongruent,✅,0.0809588233485574
27,27,mother,incongruent,✅,0.06264220860916622
27,28,preschool,congruent,✅,0.8448285119610841
27,28,prison,congruent,✅,0.9848533480698635
27,28,preschool,incongruent,✅,0.0011476094471436567
27,28,prison,incongruent,✅,0.024435359927777605
27,29,hopeful,congruent,✅,0.8641628415802632
27,29,hopeless,congruent,✅,0.9879821889917908
27,29,hopeful,incongruent,✅,0.08558860221647843
27,29,hopeless,incongruent,✅,0.025029971097463112
27,3,marathon,congruent,✅,0.8934550559991872
27,3,exam,congruent,✅,0.9913140376627233
27,3,marathon,incongruent,✅,0.02792180206518062
27,3,exam,incongruent,✅,0.010586339410244444
27,30,appalled,congruent,✅,0.9744720283371686
27,30,overjoyed,congruent,✅,0.9703618864441863
27,30,appalled,incongruent,✅,0.037268671456007596
27,30,overjoyed,incongruent,✅,0.1353649794625307
27,31,reprimand,congruent,✅,0.9813883413627157
27,31,encouragement,congruent,✅,0.9861871629344057
27,31,reprimand,incongruent,✅,0.018241604289790655
27,31,encouragement,incongruent,✅,0.1332511037734106
27,32,angrily,congruent,✅,0.9963808594998972
27,32,cordially,congruent,✅,0.9934915600183682
27,32,angrily,incongruent,✅,0.0039011519740082892
27,32,cordially,incongruent,✅,0.0032316506022908326
27,33,accusatory,congruent,✅,0.9829899902339587
27,33,flirtatious,congruent,✅,0.9626804411723332
27,33,accusatory,incongruent,✅,0.2314922815228703
27,33,flirtatious,incongruent,✅,0.21077413005294393
27,34,disapprovingly,congruent,✅,0.9707802660792326
27,34,lovingly,congruent,✅,0.7717357617034452
27,34,disapprovingly,incongruent,✅,0.0010241905615422484
27,34,lovingly,incongruent,✅,0.0351124742033815
27,35,playful,congruent,✅,0.9642968974075838
27,35,distant,congruent,✅,0.5699668116251256
27,35,playful,incongruent,✅,0.12009003368856686
27,35,distant,incongruent,✅,0.0078298022079221
27,36,headphones,congruent,✅,0.8883383419379485
27,36,mangoes,congruent,✅,0.9239497812432674
27,36,headphones,incongruent,✅,0.0038165622891960377
27,36,mangoes,incongruent,✅,0.02164299890996746
27,37,playroom,congruent,✅,0.9983951121796952
27,37,park,congruent,✅,0.9921221262899262
27,37,playroom,incongruent,✅,0.004916740520526633
27,37,park,incongruent,✅,0.015277034753027476
27,38,bedroom,congruent,✅,0.9922889061854145
27,38,backyard,congruent,✅,0.9966004360062081
27,38,bedroom,incongruent,✅,0.033167006576841795
27,38,backyard,incongruent,✅,0.0029874623796024577
27,39,solemnly,congruent,✅,0.9123949644545898
27,39,excitedly,congruent,✅,0.833366068602222
27,39,solemnly,incongruent,✅,0.09890429874455693
27,39,excitedly,incongruent,✅,0.01528368157723673
27,4,menu,congruent,✅,0.8807222141017063
27,4,prescription,congruent,✅,0.9865796565354868
27,4,menu,incongruent,✅,0.06547392471840063
27,4,prescription,incongruent,✅,0.031104761693356665
27,40,car,congruent,✅,0.5753426189470358
27,40,sock,congruent,✅,0.7691613885370718
27,40,car,incongruent,✅,0.06780296018425841
27,40,sock,incongruent,✅,0.02779995382331362
27,41,overdressed,congruent,✅,0.9958123600455356
27,41,naked,congruent,✅,0.8557071307820397
27,41,overdressed,incongruent,✅,0.006562187532234971
27,41,naked,incongruent,✅,0.018546389199743146
27,42,shy,congruent,✅,0.9572960480713621
27,42,lively,congruent,✅,0.9871998250673442
27,42,shy,incongruent,✅,0.004698443126383191
27,42,lively,incongruent,✅,0.07671938468296817
27,43,offended,congruent,✅,0.9402810405735801
27,43,flattered,congruent,✅,0.9090299908495693
27,43,offended,incongruent,✅,0.006752110783238743
27,43,flattered,incongruent,✅,0.0652134751549248
27,44,grandkid,congruent,✅,0.9897286503558695
27,44,cellmate,congruent,✅,0.9885027743843133
27,44,grandkid,incongruent,✅,0.002135435749170577
27,44,cellmate,incongruent,✅,0.0015844285401678032
27,45,promoted,congruent,✅,0.9989868129381145
27,45,fired,congruent,✅,0.9842026930116723
27,45,promoted,incongruent,✅,0.04287257737458578
27,45,fired,incongruent,❌,0.7425206296729624
27,46,shooting,congruent,❌,0.0953113651081774
27,46,celebration,congruent,✅,0.7097257817062016
27,46,shooting,incongruent,✅,0.0112476723667541
27,46,celebration,incongruent,✅,0.004275570289187046
27,47,crayon,congruent,✅,0.9328903756164513
27,47,beer,congruent,✅,0.9934171151187562
27,47,crayon,incongruent,✅,0.001323659567238613
27,47,beer,incongruent,✅,0.0007313688586282546
27,48,waiter,congruent,✅,0.9592049959759591
27,48,taxi,congruent,✅,0.8906366947407017
27,48,waiter,incongruent,✅,0.0914091685482065
27,48,taxi,incongruent,✅,0.033773313993600014
27,49,parents,congruent,✅,0.9970680121154545
27,49,keys,congruent,✅,0.9974425227795397
27,49,parents,incongruent,✅,0.2074764041548455
27,49,keys,incongruent,✅,0.23173473933060407
27,5,distress,congruent,✅,0.9982428627056248
27,5,tranquility,congruent,✅,0.9754619204843117
27,5,distress,incongruent,✅,0.0011826836127931948
27,5,tranquility,incongruent,✅,0.35895719477471366
27,50,sofa,congruent,✅,0.9891960839330609
27,50,sky,congruent,✅,0.9982640375771892
27,50,sofa,incongruent,✅,0.03799569461871805
27,50,sky,incongruent,✅,0.031051557137986387
27,51,obesity,congruent,✅,0.809990189044204
27,51,homework,congruent,✅,0.989532895381433
27,51,obesity,incongruent,✅,0.0011815479572124528
27,51,homework,incongruent,✅,0.02225420413340563
27,52,quiz,congruent,✅,0.998450446626133
27,52,commute,congruent,✅,0.9964921354151943
27,52,quiz,incongruent,✅,0.004887375470959214
27,52,commute,incongruent,✅,0.0042362695404981115
27,53,migraine,congruent,✅,0.9975458271459118
27,53,excitement,congruent,✅,0.9883931379510326
27,53,migraine,incongruent,✅,0.0009224272642929998
27,53,excitement,incongruent,✅,0.030579859257410157
27,54,niece,congruent,✅,0.9708595108550447
27,54,husband,congruent,✅,0.9606357491857507
27,54,niece,incongruent,✅,0.19588742239544968
27,54,husband,incongruent,✅,0.14828663514111853
27,55,film,congruent,✅,0.9987207563526824
27,55,sunrise,congruent,✅,0.5926137670732567
27,55,film,incongruent,✅,0.001391417069802775
27,55,sunrise,incongruent,✅,0.0037398688426545524
27,56,lecture,congruent,✅,0.9958460146272021
27,56,banquet,congruent,✅,0.8810296143690133
27,56,lecture,incongruent,✅,0.0036644269414518723
27,56,banquet,incongruent,✅,0.001224789875911809
27,57,drink,congruent,✅,0.9926914953936403
27,57,textbook,congruent,✅,0.9626760319618749
27,57,drink,incongruent,✅,0.008180582000730083
27,57,textbook,incongruent,✅,0.0016780006971292992
27,58,pool,congruent,✅,0.9995160595843421
27,58,snow,congruent,✅,0.8546406607946696
27,58,pool,incongruent,✅,0.00010050420734717159
27,58,snow,incongruent,✅,0.0067749064718222105
27,59,passport,congruent,✅,0.8708067045276009
27,59,plushy,congruent,✅,0.990409861650455
27,59,passport,incongruent,✅,0.02719600456234556
27,59,plushy,incongruent,✅,0.006780610065517004
27,6,patients,congruent,✅,0.9817657309959038
27,6,students,congruent,✅,0.9971208781427897
27,6,patients,incongruent,✅,0.08188453151527955
27,6,students,incongruent,✅,0.008569941424045891
27,60,sister,congruent,✅,0.9951127529691138
27,60,father,congruent,✅,0.9565401112709501
27,60,sister,incongruent,✅,0.005939639818727771
27,60,father,incongruent,✅,0.03802952949274368
27,61,game,congruent,✅,0.998447964420718
27,61,sunset,congruent,✅,0.9970056347678997
27,61,game,incongruent,✅,0.012379235522861243
27,61,sunset,incongruent,✅,0.004790370133726708
27,62,holidays,congruent,✅,0.9220285644028047
27,62,funeral,congruent,✅,0.9976411404470001
27,62,holidays,incongruent,✅,0.0029511797053634404
27,62,funeral,incongruent,✅,0.22223543920604477
27,63,grades,congruent,✅,0.9963919448604869
27,63,affair,congruent,✅,0.972741501987318
27,63,grades,incongruent,✅,0.05940708324256495
27,63,affair,incongruent,✅,0.012157786917478887
27,64,arrest,congruent,✅,0.9677907708608238
27,64,stroke,congruent,✅,0.6587588113003316
27,64,arrest,incongruent,✅,0.17378644793172565
27,64,stroke,incongruent,✅,0.2233255117907983
27,65,pacifier,congruent,✅,0.89295636718891
27,65,coffee,congruent,✅,0.9897185707270992
27,65,pacifier,incongruent,✅,0.14868656133932948
27,65,coffee,incongruent,✅,0.005352877779297891
27,66,sweets,congruent,✅,0.9967740458248933
27,66,sentencing,congruent,✅,0.9976975305467927
27,66,sweets,incongruent,✅,0.0011600119833654098
27,66,sentencing,incongruent,✅,0.002123257890268586
27,67,nap,congruent,✅,0.9992172357609312
27,67,selfie,congruent,✅,0.9989384329297019
27,67,nap,incongruent,✅,0.0033683330580459546
27,67,selfie,incongruent,✅,0.0008058613500047277
27,68,diaper,congruent,✅,0.9898803234100094
27,68,tire,congruent,✅,0.9990073077819418
27,68,diaper,incongruent,✅,0.0004824368109607431
27,68,tire,incongruent,✅,7.575096552678455e-05
27,69,chemotherapy,congruent,✅,0.9902492923772866
27,69,golf,congruent,✅,0.9895506416599517
27,69,chemotherapy,incongruent,✅,0.0029947668750322388
27,69,golf,incongruent,✅,0.026908286744009746
27,7,consensus,congruent,✅,0.9704732216604197
27,7,deadlock,congruent,✅,0.976845765211474
27,7,consensus,incongruent,✅,0.15687600916597463
27,7,deadlock,incongruent,✅,0.1466214578250668
27,70,thunder,congruent,✅,0.9944987254651095
27,70,lullaby,congruent,✅,0.9792062180597044
27,70,thunder,incongruent,✅,0.2598616178804494
27,70,lullaby,incongruent,✅,0.07058219413002727
27,71,pajamas,congruent,✅,0.9861961520015312
27,71,uniform,congruent,✅,0.98102074299728
27,71,pajamas,incongruent,✅,0.003913805204748816
27,71,uniform,incongruent,✅,0.018148715589101572
27,72,gown,congruent,✅,0.9930264923391485
27,72,sweats,congruent,✅,0.9984943144918503
27,72,gown,incongruent,✅,0.010444789329436108
27,72,sweats,incongruent,✅,0.2575274243837525
27,73,deadline,congruent,✅,0.90625246570652
27,73,bed,congruent,✅,0.9810331977158465
27,73,deadline,incongruent,✅,0.001816638991412245
27,73,bed,incongruent,✅,0.019001406211822374
27,74,kindergarten,congruent,✅,0.9493376622595046
27,74,jail,congruent,✅,0.9760575438123648
27,74,kindergarten,incongruent,✅,0.05802355681866006
27,74,jail,incongruent,✅,0.4738500171744316
27,75,interrogated,congruent,✅,0.9861403622100421
27,75,tickled,congruent,✅,0.97182922846734
27,75,interrogated,incongruent,✅,0.02156455779591628
27,75,tickled,incongruent,✅,0.0014441381161937469
27,76,sandcastle,congruent,✅,0.9970244452043661
27,76,snowman,congruent,✅,0.9993179018571008
27,76,sandcastle,incongruent,✅,0.06130764125466862
27,76,snowman,incongruent,✅,0.34188667951591895
27,77,music,congruent,✅,0.9986598463966465
27,77,pizza,congruent,✅,0.9984425463414005
27,77,music,incongruent,✅,0.0006149991583511915
27,77,pizza,incongruent,✅,0.00074502283883499
27,78,playoffs,congruent,✅,0.9590304428036299
27,78,cartoon,congruent,✅,0.9988588509147747
27,78,playoffs,incongruent,✅,0.007748532720474789
27,78,cartoon,incongruent,✅,0.03658600602727244
27,79,alcoholism,congruent,✅,0.9792425246990163
27,79,academics,congruent,✅,0.9793537219192396
27,79,alcoholism,incongruent,✅,0.03267599154420366
27,79,academics,incongruent,✅,0.02182988876218627
27,8,engagement,congruent,✅,0.8603746127338079
27,8,cancer,congruent,❌,0.1735063567414302
27,8,engagement,incongruent,✅,0.25114687852677015
27,8,cancer,incongruent,✅,0.04211846598997622
27,9,terminal,congruent,✅,0.9919795634949685
27,9,classroom,congruent,✅,0.9829489576728754
27,9,terminal,incongruent,✅,0.008370278529627632
27,9,classroom,incongruent,✅,0.03957690272828058
28,0,library,congruent,✅,0.9646598010395127
28,0,refrigerator,congruent,✅,0.8576351120511843
28,0,library,incongruent,✅,0.019743082016042537
28,0,refrigerator,incongruent,✅,0.0059096530032521485
28,1,disappointment,congruent,✅,0.9591924253164124
28,1,delight,congruent,✅,0.9237111034445149
28,1,disappointment,incongruent,✅,0.034883046869433915
28,1,delight,incongruent,✅,0.04327761320131707
28,10,cash,congruent,✅,0.9944830860967704
28,10,groceries,congruent,✅,0.9501236364831156
28,10,cash,incongruent,✅,0.3491527175693171
28,10,groceries,incongruent,✅,0.030594175514006366
28,11,lonely,congruent,✅,0.9518639311349113
28,11,confident,congruent,✅,0.9640424621675425
28,11,lonely,incongruent,✅,0.022117022220183247
28,11,confident,incongruent,✅,0.143843760944502
28,12,joy,congruent,✅,0.9927536586387832
28,12,outrage,congruent,✅,0.7961701676391219
28,12,joy,incongruent,✅,0.009217782690049754
28,12,outrage,incongruent,❌,0.7878564809493738
28,13,traffic,congruent,✅,0.9965998750067322
28,13,snowstorm,congruent,✅,0.9904243270285986
28,13,traffic,incongruent,✅,0.2972867565720113
28,13,snowstorm,incongruent,✅,0.49597499604602935
28,14,laughter,congruent,✅,0.9965502101651313
28,14,frustration,congruent,✅,0.9962201660614001
28,14,laughter,incongruent,✅,0.046813729157240414
28,14,frustration,incongruent,✅,0.1968952967895603
28,15,calculator,congruent,✅,0.9591776244762802
28,15,instrument,congruent,✅,0.9522151120156164
28,15,calculator,incongruent,✅,0.3610908756494784
28,15,instrument,incongruent,❌,0.8500076091481844
28,16,orchestra,congruent,✅,0.9790915815608182
28,16,racers,congruent,✅,0.9899460663466716
28,16,orchestra,incongruent,✅,0.059091477578282585
28,16,racers,incongruent,✅,0.0020875179208442677
28,17,retirement,congruent,✅,0.8368807656752673
28,17,playdate,congruent,✅,0.9732956473647171
28,17,retirement,incongruent,✅,0.017601824379319828
28,17,playdate,incongruent,✅,0.004583491245047515
28,18,relieved,congruent,✅,0.8282558195415279
28,18,depressed,congruent,✅,0.9463332876617525
28,18,relieved,incongruent,✅,0.014430302420731601
28,18,depressed,incongruent,✅,0.436801397696838
28,19,friends,congruent,❌,0.23790850359900684
28,19,weight,congruent,✅,0.8663223523925745
28,19,friends,incongruent,✅,0.4227853545487221
28,19,weight,incongruent,✅,0.024403987212084217
28,2,overcoat,congruent,✅,0.8875003229869729
28,2,sandals,congruent,❌,0.3837373414085842
28,2,overcoat,incongruent,✅,0.0009492352333439386
28,2,sandals,incongruent,✅,0.00047198954818092223
28,20,lipstick,congruent,✅,0.8813622030091535
28,20,song,congruent,✅,0.962067207992424
28,20,lipstick,incongruent,✅,0.01908824288098428
28,20,song,incongruent,✅,0.06571626402024354
28,21,fought,congruent,✅,0.9016938535661816
28,21,sang,congruent,✅,0.9708796773215316
28,21,fought,incongruent,✅,0.03284461053346033
28,21,sang,incongruent,✅,0.0006335287503587517
28,22,skeptical,congruent,❌,0.4790160216319631
28,22,reassured,congruent,✅,0.7461048498723046
28,22,skeptical,incongruent,✅,0.2720063403283491
28,22,reassured,incongruent,✅,0.129090869324229
28,23,graduation,congruent,✅,0.9969320485298269
28,23,operation,congruent,✅,0.9720422117798685
28,23,graduation,incongruent,✅,0.00627576991921783
28,23,operation,incongruent,✅,0.09611460721021796
28,24,bride,congruent,✅,0.9109419266017569
28,24,aftermath,congruent,✅,0.9985371687868703
28,24,bride,incongruent,✅,0.1878574374137441
28,24,aftermath,incongruent,✅,0.0034115838642691096
28,25,teacher,congruent,✅,0.9919035936865807
28,25,daughter,congruent,✅,0.9734140799426289
28,25,teacher,incongruent,✅,0.38000897490287305
28,25,daughter,incongruent,✅,0.014811179564516238
28,26,roommate,congruent,✅,0.9729463200481439
28,26,grandma,congruent,✅,0.9877078838253556
28,26,roommate,incongruent,✅,0.008892301468627087
28,26,grandma,incongruent,✅,0.047736929300004366
28,27,brother,congruent,✅,0.9465223571435077
28,27,mother,congruent,✅,0.9776974894471405
28,27,brother,incongruent,✅,0.052864531750786856
28,27,mother,incongruent,✅,0.03220699560379769
28,28,preschool,congruent,✅,0.8305965804288282
28,28,prison,congruent,✅,0.9868957689766718
28,28,preschool,incongruent,✅,0.00152072846697368
28,28,prison,incongruent,✅,0.03295356567299475
28,29,hopeful,congruent,✅,0.8495003011853665
28,29,hopeless,congruent,✅,0.9872676144116123
28,29,hopeful,incongruent,✅,0.11089077229410584
28,29,hopeless,incongruent,✅,0.0371742091030437
28,3,marathon,congruent,✅,0.8536737093487654
28,3,exam,congruent,✅,0.9874405415029133
28,3,marathon,incongruent,✅,0.0525885516413821
28,3,exam,incongruent,✅,0.020519554240842824
28,30,appalled,congruent,✅,0.9552018055707776
28,30,overjoyed,congruent,✅,0.9273529757426933
28,30,appalled,incongruent,✅,0.014475538546424357
28,30,overjoyed,incongruent,✅,0.09329133073213308
28,31,reprimand,congruent,✅,0.9641207596503446
28,31,encouragement,congruent,✅,0.9673502546946732
28,31,reprimand,incongruent,✅,0.01056014471848217
28,31,encouragement,incongruent,✅,0.082370615259039
28,32,angrily,congruent,✅,0.9959722344386733
28,32,cordially,congruent,✅,0.9905868615189081
28,32,angrily,incongruent,✅,0.0073538583501268386
28,32,cordially,incongruent,✅,0.003514976813926998
28,33,accusatory,congruent,✅,0.9766383171621561
28,33,flirtatious,congruent,✅,0.9361444418971555
28,33,accusatory,incongruent,✅,0.20694308046772283
28,33,flirtatious,incongruent,✅,0.23815554166503575
28,34,disapprovingly,congruent,✅,0.9633398554021728
28,34,lovingly,congruent,✅,0.7539278537087376
28,34,disapprovingly,incongruent,✅,0.0023491445890924238
28,34,lovingly,incongruent,✅,0.03807730444988275
28,35,playful,congruent,✅,0.9262262524953495
28,35,distant,congruent,❌,0.38878209010167514
28,35,playful,incongruent,✅,0.09669781053728899
28,35,distant,incongruent,✅,0.01301088328862346
28,36,headphones,congruent,✅,0.8463904236631372
28,36,mangoes,congruent,✅,0.8484568815733303
28,36,headphones,incongruent,✅,0.004687697397269522
28,36,mangoes,incongruent,✅,0.024829747691663753
28,37,playroom,congruent,✅,0.9974114571468604
28,37,park,congruent,✅,0.9943243305297256
28,37,playroom,incongruent,✅,0.004601470462589806
28,37,park,incongruent,✅,0.013648349071093826
28,38,bedroom,congruent,✅,0.9907488901154843
28,38,backyard,congruent,✅,0.9931513237630867
28,38,bedroom,incongruent,✅,0.014315442205396333
28,38,backyard,incongruent,✅,0.0017372671219652912
28,39,solemnly,congruent,✅,0.9197089830849101
28,39,excitedly,congruent,✅,0.8808951575151692
28,39,solemnly,incongruent,✅,0.1038495753862012
28,39,excitedly,incongruent,✅,0.02761896792228606
28,4,menu,congruent,✅,0.7809103841781894
28,4,prescription,congruent,✅,0.969162195664031
28,4,menu,incongruent,✅,0.07492520978916588
28,4,prescription,incongruent,✅,0.030019676683942037
28,40,car,congruent,❌,0.3836305677020139
28,40,sock,congruent,✅,0.8357258841879057
28,40,car,incongruent,✅,0.05217874038988758
28,40,sock,incongruent,✅,0.01838273816695569
28,41,overdressed,congruent,✅,0.9952119297273567
28,41,naked,congruent,✅,0.79814019076323
28,41,overdressed,incongruent,✅,0.006655233554950995
28,41,naked,incongruent,✅,0.0155619630815665
28,42,shy,congruent,✅,0.951009325563588
28,42,lively,congruent,✅,0.9876483068339484
28,42,shy,incongruent,✅,0.014118775171463966
28,42,lively,incongruent,✅,0.10850303286767132
28,43,offended,congruent,✅,0.9332204101450896
28,43,flattered,congruent,✅,0.8860275123147731
28,43,offended,incongruent,✅,0.018876554469719965
28,43,flattered,incongruent,✅,0.11494960925728737
28,44,grandkid,congruent,✅,0.9951181257376287
28,44,cellmate,congruent,✅,0.9899271769155561
28,44,grandkid,incongruent,✅,0.003667791882249934
28,44,cellmate,incongruent,✅,0.004332159682421147
28,45,promoted,congruent,✅,0.9987615518896379
28,45,fired,congruent,✅,0.9851654635413577
28,45,promoted,incongruent,✅,0.10279519327732752
28,45,fired,incongruent,❌,0.7464417890095087
28,46,shooting,congruent,❌,0.1363610355290973
28,46,celebration,congruent,✅,0.7773823277433227
28,46,shooting,incongruent,✅,0.019529442263262232
28,46,celebration,incongruent,✅,0.010455870605909301
28,47,crayon,congruent,✅,0.9214019916819328
28,47,beer,congruent,✅,0.9955644454159812
28,47,crayon,incongruent,✅,0.0018406583989706478
28,47,beer,incongruent,✅,0.0010796409737435406
28,48,waiter,congruent,✅,0.9385677920894148
28,48,taxi,congruent,✅,0.8928590791642855
28,48,waiter,incongruent,✅,0.1220455506949836
28,48,taxi,incongruent,✅,0.041063389945885535
28,49,parents,congruent,✅,0.9971009665685018
28,49,keys,congruent,✅,0.9954910430851049
28,49,parents,incongruent,✅,0.321204289939079
28,49,keys,incongruent,✅,0.1961305914374735
28,5,distress,congruent,✅,0.9971971895981083
28,5,tranquility,congruent,✅,0.974465913462125
28,5,distress,incongruent,✅,0.0016042238905957479
28,5,tranquility,incongruent,✅,0.36012444910196106
28,50,sofa,congruent,✅,0.9879819575042078
28,50,sky,congruent,✅,0.9963830219650575
28,50,sofa,incongruent,✅,0.029906989761134508
28,50,sky,incongruent,✅,0.03747697360940569
28,51,obesity,congruent,✅,0.7276142753737598
28,51,homework,congruent,✅,0.9893310343300104
28,51,obesity,incongruent,✅,0.0020563357561496115
28,51,homework,incongruent,✅,0.024400955199129833
28,52,quiz,congruent,✅,0.9976841457780692
28,52,commute,congruent,✅,0.9947042582267309
28,52,quiz,incongruent,✅,0.0025785660273402156
28,52,commute,incongruent,✅,0.010971753666632014
28,53,migraine,congruent,✅,0.9987250934159368
28,53,excitement,congruent,✅,0.9838691542090839
28,53,migraine,incongruent,✅,0.0006814269259092603
28,53,excitement,incongruent,✅,0.08879271480584895
28,54,niece,congruent,✅,0.9624057485946376
28,54,husband,congruent,✅,0.9527001845170149
28,54,niece,incongruent,✅,0.16441983793965517
28,54,husband,incongruent,✅,0.1939621701150777
28,55,film,congruent,✅,0.9987864355091818
28,55,sunrise,congruent,✅,0.660836300382764
28,55,film,incongruent,✅,0.004457153234010727
28,55,sunrise,incongruent,✅,0.009478868294787574
28,56,lecture,congruent,✅,0.9940633121428087
28,56,banquet,congruent,✅,0.9381891645903759
28,56,lecture,incongruent,✅,0.00529085424327579
28,56,banquet,incongruent,✅,0.0025208065103028443
28,57,drink,congruent,✅,0.9905412634393789
28,57,textbook,congruent,✅,0.9564015606554601
28,57,drink,incongruent,✅,0.009906689518885273
28,57,textbook,incongruent,✅,0.0018771590592807112
28,58,pool,congruent,✅,0.9991248446331594
28,58,snow,congruent,✅,0.849583542334348
28,58,pool,incongruent,✅,0.00014862274141160122
28,58,snow,incongruent,✅,0.007432276405435835
28,59,passport,congruent,✅,0.9444406336287214
28,59,plushy,congruent,✅,0.9955599758977679
28,59,passport,incongruent,✅,0.060653689058233054
28,59,plushy,incongruent,✅,0.017035834943624904
28,6,patients,congruent,✅,0.9861446643719126
28,6,students,congruent,✅,0.9966897680760127
28,6,patients,incongruent,✅,0.11291522104682143
28,6,students,incongruent,✅,0.011735089887018964
28,60,sister,congruent,✅,0.9928168581268975
28,60,father,congruent,✅,0.9609581546850208
28,60,sister,incongruent,✅,0.014292585800258592
28,60,father,incongruent,✅,0.05839973093865194
28,61,game,congruent,✅,0.9970965882515187
28,61,sunset,congruent,✅,0.9968243901213677
28,61,game,incongruent,✅,0.019457383147797845
28,61,sunset,incongruent,✅,0.013622970429055931
28,62,holidays,congruent,✅,0.9136614962674877
28,62,funeral,congruent,✅,0.9951086149804738
28,62,holidays,incongruent,✅,0.004638821884589835
28,62,funeral,incongruent,✅,0.38520568357219487
28,63,grades,congruent,✅,0.990898393607004
28,63,affair,congruent,✅,0.9772705364664219
28,63,grades,incongruent,✅,0.12702568280225357
28,63,affair,incongruent,✅,0.013255293638064986
28,64,arrest,congruent,✅,0.9479215484968304
28,64,stroke,congruent,✅,0.6419963823828109
28,64,arrest,incongruent,✅,0.19381054437571918
28,64,stroke,incongruent,✅,0.31622771130159905
28,65,pacifier,congruent,✅,0.8971465361596669
28,65,coffee,congruent,✅,0.9676954288609874
28,65,pacifier,incongruent,✅,0.053038385599223664
28,65,coffee,incongruent,✅,0.005829239930435938
28,66,sweets,congruent,✅,0.9963674227868774
28,66,sentencing,congruent,✅,0.9947081335453923
28,66,sweets,incongruent,✅,0.0007991747868537425
28,66,sentencing,incongruent,✅,0.003342151134120179
28,67,nap,congruent,✅,0.9985800580908546
28,67,selfie,congruent,✅,0.9993494220559033
28,67,nap,incongruent,✅,0.009916217125331389
28,67,selfie,incongruent,✅,0.0004880447621665245
28,68,diaper,congruent,✅,0.9944777665394329
28,68,tire,congruent,✅,0.9994379002856613
28,68,diaper,incongruent,✅,0.0005709959659128611
28,68,tire,incongruent,✅,9.687831549389528e-05
28,69,chemotherapy,congruent,✅,0.9832037035649958
28,69,golf,congruent,✅,0.9930557696372293
28,69,chemotherapy,incongruent,✅,0.003535336469551541
28,69,golf,incongruent,✅,0.019301407071781577
28,7,consensus,congruent,✅,0.9721644278660087
28,7,deadlock,congruent,✅,0.9707905073174883
28,7,consensus,incongruent,✅,0.2121569944695926
28,7,deadlock,incongruent,✅,0.12114466033935144
28,70,thunder,congruent,✅,0.9881995293924203
28,70,lullaby,congruent,✅,0.9613547985826572
28,70,thunder,incongruent,✅,0.22592406748350286
28,70,lullaby,incongruent,✅,0.030592675017063902
28,71,pajamas,congruent,✅,0.9856746893359298
28,71,uniform,congruent,✅,0.9826244315974326
28,71,pajamas,incongruent,✅,0.0037173953073403303
28,71,uniform,incongruent,✅,0.025690471069360572
28,72,gown,congruent,✅,0.9946748460090472
28,72,sweats,congruent,✅,0.9978440742811739
28,72,gown,incongruent,✅,0.008892930615939345
28,72,sweats,incongruent,✅,0.2912981988469884
28,73,deadline,congruent,✅,0.8577020191426777
28,73,bed,congruent,✅,0.974639720091054
28,73,deadline,incongruent,✅,0.0015488191322164944
28,73,bed,incongruent,✅,0.0338462255334145
28,74,kindergarten,congruent,✅,0.9241318423632411
28,74,jail,congruent,✅,0.9422273689898281
28,74,kindergarten,incongruent,✅,0.03358678119067701
28,74,jail,incongruent,✅,0.4876133748405434
28,75,interrogated,congruent,✅,0.9876491596054914
28,75,tickled,congruent,✅,0.9676848672905433
28,75,interrogated,incongruent,✅,0.015833948491167482
28,75,tickled,incongruent,✅,0.0023440947263466917
28,76,sandcastle,congruent,✅,0.9979656617086372
28,76,snowman,congruent,✅,0.9996104403225219
28,76,sandcastle,incongruent,✅,0.09406527623057534
28,76,snowman,incongruent,✅,0.16022389599122008
28,77,music,congruent,✅,0.9989896950028914
28,77,pizza,congruent,✅,0.998155030083045
28,77,music,incongruent,✅,0.00048811694606439065
28,77,pizza,incongruent,✅,0.00040999789751828777
28,78,playoffs,congruent,✅,0.9371718356697882
28,78,cartoon,congruent,✅,0.99869734886114
28,78,playoffs,incongruent,✅,0.00924563979393666
28,78,cartoon,incongruent,✅,0.03807605112133973
28,79,alcoholism,congruent,✅,0.989477650547922
28,79,academics,congruent,✅,0.9804985893338688
28,79,alcoholism,incongruent,✅,0.034806573946253645
28,79,academics,incongruent,✅,0.04549004727067427
28,8,engagement,congruent,✅,0.7892246353947646
28,8,cancer,congruent,❌,0.22670767133238845
28,8,engagement,incongruent,✅,0.15781309961146553
28,8,cancer,incongruent,✅,0.06895411741584716
28,9,terminal,congruent,✅,0.9912630259715709
28,9,classroom,congruent,✅,0.9829325456689243
28,9,terminal,incongruent,✅,0.019366878943523368
28,9,classroom,incongruent,✅,0.09074935637528421
29,0,library,congruent,✅,0.8935825555861633
29,0,refrigerator,congruent,✅,0.8946804161181047
29,0,library,incongruent,✅,0.026252389265902936
29,0,refrigerator,incongruent,✅,0.011044676897840446
29,1,disappointment,congruent,✅,0.9357315010157788
29,1,delight,congruent,✅,0.9588201224821705
29,1,disappointment,incongruent,✅,0.0674436493116538
29,1,delight,incongruent,✅,0.03803463746613711
29,10,cash,congruent,✅,0.9948377297889526
29,10,groceries,congruent,✅,0.9744733415677305
29,10,cash,incongruent,✅,0.315967569000911
29,10,groceries,incongruent,✅,0.03319224851836477
29,11,lonely,congruent,✅,0.9563189369547239
29,11,confident,congruent,✅,0.9784962369276535
29,11,lonely,incongruent,✅,0.05974053395452978
29,11,confident,incongruent,✅,0.1795609766729066
29,12,joy,congruent,✅,0.9949222097916836
29,12,outrage,congruent,✅,0.7617917969440923
29,12,joy,incongruent,✅,0.008239518077239173
29,12,outrage,incongruent,❌,0.837309078126062
29,13,traffic,congruent,✅,0.9961120474239159
29,13,snowstorm,congruent,✅,0.9939221456190126
29,13,traffic,incongruent,❌,0.5819644611026343
29,13,snowstorm,incongruent,❌,0.6928684923348964
29,14,laughter,congruent,✅,0.9951207789851182
29,14,frustration,congruent,✅,0.9937559513840213
29,14,laughter,incongruent,✅,0.03662144661797435
29,14,frustration,incongruent,✅,0.13469431559034145
29,15,calculator,congruent,✅,0.9422502394252348
29,15,instrument,congruent,✅,0.9586277388385505
29,15,calculator,incongruent,✅,0.4223101574995632
29,15,instrument,incongruent,❌,0.8339623017151557
29,16,orchestra,congruent,✅,0.9340151567310042
29,16,racers,congruent,✅,0.9903035486997903
29,16,orchestra,incongruent,✅,0.056614649815269126
29,16,racers,incongruent,✅,0.0010915185269317143
29,17,retirement,congruent,✅,0.8366425737432286
29,17,playdate,congruent,✅,0.9791968275379955
29,17,retirement,incongruent,✅,0.026780126213695767
29,17,playdate,incongruent,✅,0.0034047560015945475
29,18,relieved,congruent,✅,0.8124786053882276
29,18,depressed,congruent,✅,0.8682872185490301
29,18,relieved,incongruent,✅,0.008880773709286268
29,18,depressed,incongruent,✅,0.3638298346067348
29,19,friends,congruent,❌,0.24170257620197338
29,19,weight,congruent,✅,0.857452125984042
29,19,friends,incongruent,❌,0.5341313985747791
29,19,weight,incongruent,✅,0.030977397723928123
29,2,overcoat,congruent,✅,0.9077398923859751
29,2,sandals,congruent,❌,0.37593020963141754
29,2,overcoat,incongruent,✅,0.0023600705079113134
29,2,sandals,incongruent,✅,0.0005608441880727134
29,20,lipstick,congruent,✅,0.8793454852844085
29,20,song,congruent,✅,0.9297656454639728
29,20,lipstick,incongruent,✅,0.012655984323672933
29,20,song,incongruent,✅,0.047469063924927744
29,21,fought,congruent,✅,0.9646435614301999
29,21,sang,congruent,✅,0.9815426451319222
29,21,fought,incongruent,✅,0.033061675452105456
29,21,sang,incongruent,✅,0.0004905743246225325
29,22,skeptical,congruent,❌,0.46990573391812196
29,22,reassured,congruent,✅,0.6785051984657542
29,22,skeptical,incongruent,✅,0.24681455986663167
29,22,reassured,incongruent,✅,0.09884316511426885
29,23,graduation,congruent,✅,0.9979959146338642
29,23,operation,congruent,✅,0.9675076447708519
29,23,graduation,incongruent,✅,0.012974619406530661
29,23,operation,incongruent,✅,0.08894463478680702
29,24,bride,congruent,✅,0.9284371351616547
29,24,aftermath,congruent,✅,0.9984948287935055
29,24,bride,incongruent,✅,0.15732947678645082
29,24,aftermath,incongruent,✅,0.003049191984937871
29,25,teacher,congruent,✅,0.9926821356818011
29,25,daughter,congruent,✅,0.9816501145820928
29,25,teacher,incongruent,❌,0.5809137326104795
29,25,daughter,incongruent,✅,0.014265258198252844
29,26,roommate,congruent,✅,0.9769905717793315
29,26,grandma,congruent,✅,0.9877129419567648
29,26,roommate,incongruent,✅,0.014388561668178505
29,26,grandma,incongruent,✅,0.06059685480437516
29,27,brother,congruent,✅,0.9485984209388518
29,27,mother,congruent,✅,0.9802433677369158
29,27,brother,incongruent,✅,0.0365415626251582
29,27,mother,incongruent,✅,0.027808047466240965
29,28,preschool,congruent,✅,0.8740668263433395
29,28,prison,congruent,✅,0.986899612947264
29,28,preschool,incongruent,✅,0.0006544844727941853
29,28,prison,incongruent,✅,0.04450583920282584
29,29,hopeful,congruent,✅,0.7520902850083053
29,29,hopeless,congruent,✅,0.9908943196458071
29,29,hopeful,incongruent,✅,0.04901591193878566
29,29,hopeless,incongruent,✅,0.020814602295815388
29,3,marathon,congruent,✅,0.8743155481871216
29,3,exam,congruent,✅,0.9859237338956232
29,3,marathon,incongruent,✅,0.08435879018665118
29,3,exam,incongruent,✅,0.048195908412882474
29,30,appalled,congruent,✅,0.9518854432959435
29,30,overjoyed,congruent,✅,0.9254592324959221
29,30,appalled,incongruent,✅,0.004778345488400162
29,30,overjoyed,incongruent,✅,0.06245018941390634
29,31,reprimand,congruent,✅,0.9435814876219853
29,31,encouragement,congruent,✅,0.9617427328910315
29,31,reprimand,incongruent,✅,0.0072052608050563295
29,31,encouragement,incongruent,✅,0.0305419580291287
29,32,angrily,congruent,✅,0.9956523635597748
29,32,cordially,congruent,✅,0.9870575800707537
29,32,angrily,incongruent,✅,0.009133682025359652
29,32,cordially,incongruent,✅,0.014692834978545089
29,33,accusatory,congruent,✅,0.9823679913996215
29,33,flirtatious,congruent,✅,0.9597900928832834
29,33,accusatory,incongruent,✅,0.24203210311850287
29,33,flirtatious,incongruent,✅,0.2978545060921731
29,34,disapprovingly,congruent,✅,0.9593508133478496
29,34,lovingly,congruent,✅,0.8092506858699604
29,34,disapprovingly,incongruent,✅,0.0029069321088506725
29,34,lovingly,incongruent,✅,0.02957876945224464
29,35,playful,congruent,✅,0.900284896398861
29,35,distant,congruent,❌,0.49302238469379145
29,35,playful,incongruent,✅,0.20713771269500006
29,35,distant,incongruent,✅,0.019830545712698624
29,36,headphones,congruent,✅,0.8584790794003082
29,36,mangoes,congruent,✅,0.8328645601560486
29,36,headphones,incongruent,✅,0.004817678165040217
29,36,mangoes,incongruent,✅,0.046181294993043596
29,37,playroom,congruent,✅,0.9976436507911727
29,37,park,congruent,✅,0.9943816778547125
29,37,playroom,incongruent,✅,0.0019538591716631287
29,37,park,incongruent,✅,0.016490288335543796
29,38,bedroom,congruent,✅,0.9906677687552982
29,38,backyard,congruent,✅,0.9886618340830899
29,38,bedroom,incongruent,✅,0.004273994903000799
29,38,backyard,incongruent,✅,0.0003135095652079428
29,39,solemnly,congruent,✅,0.947973270615083
29,39,excitedly,congruent,✅,0.8993732669354747
29,39,solemnly,incongruent,✅,0.1303429557457752
29,39,excitedly,incongruent,✅,0.048657695001098886
29,4,menu,congruent,✅,0.7166903734107726
29,4,prescription,congruent,✅,0.9593891131934577
29,4,menu,incongruent,✅,0.07594193238414362
29,4,prescription,incongruent,✅,0.03330218098046992
29,40,car,congruent,❌,0.41912865768975205
29,40,sock,congruent,✅,0.7858235148294996
29,40,car,incongruent,✅,0.056582145439256284
29,40,sock,incongruent,✅,0.021456705690231368
29,41,overdressed,congruent,✅,0.9940028965025017
29,41,naked,congruent,✅,0.6492403832305645
29,41,overdressed,incongruent,✅,0.0011774417661875535
29,41,naked,incongruent,✅,0.014893499483144973
29,42,shy,congruent,✅,0.959756976840711
29,42,lively,congruent,✅,0.9866708535286978
29,42,shy,incongruent,✅,0.01750909730259497
29,42,lively,incongruent,✅,0.14511813447905247
29,43,offended,congruent,✅,0.9035557884382325
29,43,flattered,congruent,✅,0.8384196835996072
29,43,offended,incongruent,✅,0.026830495766031155
29,43,flattered,incongruent,✅,0.1275692614380276
29,44,grandkid,congruent,✅,0.995981139675909
29,44,cellmate,congruent,✅,0.9914793213217522
29,44,grandkid,incongruent,✅,0.010427406278794188
29,44,cellmate,incongruent,✅,0.006429686591951199
29,45,promoted,congruent,✅,0.9992410596126995
29,45,fired,congruent,✅,0.991788327780304
29,45,promoted,incongruent,✅,0.24943741331136995
29,45,fired,incongruent,❌,0.8339082122771024
29,46,shooting,congruent,❌,0.0845892276993945
29,46,celebration,congruent,✅,0.6571194855397541
29,46,shooting,incongruent,✅,0.017941700570926363
29,46,celebration,incongruent,✅,0.011666221099428569
29,47,crayon,congruent,✅,0.9408785802120604
29,47,beer,congruent,✅,0.9938161526971231
29,47,crayon,incongruent,✅,0.0016882223964367487
29,47,beer,incongruent,✅,0.0008774151795306853
29,48,waiter,congruent,✅,0.9173363937155126
29,48,taxi,congruent,✅,0.8820942830997208
29,48,waiter,incongruent,✅,0.13023280318366595
29,48,taxi,incongruent,✅,0.01486616228561263
29,49,parents,congruent,✅,0.9980574122626256
29,49,keys,congruent,✅,0.9936617237166506
29,49,parents,incongruent,✅,0.2840833294620472
29,49,keys,incongruent,✅,0.14794121752225253
29,5,distress,congruent,✅,0.9965903574031404
29,5,tranquility,congruent,✅,0.9848620211196224
29,5,distress,incongruent,✅,0.0020166361463113663
29,5,tranquility,incongruent,✅,0.2373697065395461
29,50,sofa,congruent,✅,0.9946522055742296
29,50,sky,congruent,✅,0.9981456207140119
29,50,sofa,incongruent,✅,0.032309886107256075
29,50,sky,incongruent,✅,0.042881668244988735
29,51,obesity,congruent,✅,0.6047531658156174
29,51,homework,congruent,✅,0.9798586163860542
29,51,obesity,incongruent,✅,0.0019022701760550585
29,51,homework,incongruent,✅,0.024573837192882936
29,52,quiz,congruent,✅,0.997018204731543
29,52,commute,congruent,✅,0.9940966181547601
29,52,quiz,incongruent,✅,0.004507268011524151
29,52,commute,incongruent,✅,0.0136278020208702
29,53,migraine,congruent,✅,0.9981597592339533
29,53,excitement,congruent,✅,0.9829418334219713
29,53,migraine,incongruent,✅,0.0011288906131681096
29,53,excitement,incongruent,✅,0.10658909771501275
29,54,niece,congruent,✅,0.8966861343344672
29,54,husband,congruent,✅,0.9359651690348983
29,54,niece,incongruent,✅,0.10580142271526216
29,54,husband,incongruent,✅,0.07623733508924566
29,55,film,congruent,✅,0.998503265897074
29,55,sunrise,congruent,✅,0.7513494494913686
29,55,film,incongruent,✅,0.012558111246141418
29,55,sunrise,incongruent,✅,0.010722156462830121
29,56,lecture,congruent,✅,0.9937831683776616
29,56,banquet,congruent,✅,0.9333249684852029
29,56,lecture,incongruent,✅,0.0030947346067516516
29,56,banquet,incongruent,✅,0.002270391236136063
29,57,drink,congruent,✅,0.9883954356419327
29,57,textbook,congruent,✅,0.9515424665520497
29,57,drink,incongruent,✅,0.007065278396903104
29,57,textbook,incongruent,✅,0.0012187235511795004
29,58,pool,congruent,✅,0.9991005354313143
29,58,snow,congruent,✅,0.9105522156921172
29,58,pool,incongruent,✅,0.0002370498170768796
29,58,snow,incongruent,✅,0.008672343375454998
29,59,passport,congruent,✅,0.9623207466216234
29,59,plushy,congruent,✅,0.9945975379223941
29,59,passport,incongruent,✅,0.05559704584014322
29,59,plushy,incongruent,✅,0.05177344806613564
29,6,patients,congruent,✅,0.9912199049662724
29,6,students,congruent,✅,0.9971183097428445
29,6,patients,incongruent,✅,0.1126931851247659
29,6,students,incongruent,✅,0.020583100500856308
29,60,sister,congruent,✅,0.9912002681649175
29,60,father,congruent,✅,0.9547719157950094
29,60,sister,incongruent,✅,0.03697376625307333
29,60,father,incongruent,✅,0.04256602384823674
29,61,game,congruent,✅,0.9981986092324889
29,61,sunset,congruent,✅,0.996598281918823
29,61,game,incongruent,✅,0.014337314292865133
29,61,sunset,incongruent,✅,0.01487080075621836
29,62,holidays,congruent,✅,0.8719197787960729
29,62,funeral,congruent,✅,0.9939239466798576
29,62,holidays,incongruent,✅,0.006140441906263623
29,62,funeral,incongruent,✅,0.3286151438016011
29,63,grades,congruent,✅,0.991678935548472
29,63,affair,congruent,✅,0.9837263344929033
29,63,grades,incongruent,✅,0.1997001674380496
29,63,affair,incongruent,✅,0.018518010769126448
29,64,arrest,congruent,✅,0.9479496393917377
29,64,stroke,congruent,✅,0.635409480674826
29,64,arrest,incongruent,✅,0.21429727324952405
29,64,stroke,incongruent,✅,0.3840611284031586
29,65,pacifier,congruent,✅,0.9195064737814529
29,65,coffee,congruent,✅,0.9728831926207606
29,65,pacifier,incongruent,✅,0.05703410782296021
29,65,coffee,incongruent,✅,0.01182616354945962
29,66,sweets,congruent,✅,0.9980608717554619
29,66,sentencing,congruent,✅,0.9949425093873727
29,66,sweets,incongruent,✅,0.001081950781369585
29,66,sentencing,incongruent,✅,0.007321152648372675
29,67,nap,congruent,✅,0.9971857176725828
29,67,selfie,congruent,✅,0.9994973604744698
29,67,nap,incongruent,✅,0.0054540064441125045
29,67,selfie,incongruent,✅,0.0003477679715855669
29,68,diaper,congruent,✅,0.9803840780169815
29,68,tire,congruent,✅,0.9988603048027959
29,68,diaper,incongruent,✅,0.0006554816318056211
29,68,tire,incongruent,✅,3.410062383589909e-05
29,69,chemotherapy,congruent,✅,0.9774007002656644
29,69,golf,congruent,✅,0.9916391949500691
29,69,chemotherapy,incongruent,✅,0.003987146499173382
29,69,golf,incongruent,✅,0.017772269776884463
29,7,consensus,congruent,✅,0.9779664044668219
29,7,deadlock,congruent,✅,0.9715081616804168
29,7,consensus,incongruent,✅,0.13789812415178718
29,7,deadlock,incongruent,✅,0.0128678164321764
29,70,thunder,congruent,✅,0.9824005215542703
29,70,lullaby,congruent,✅,0.9728484469360059
29,70,thunder,incongruent,✅,0.3671849797006178
29,70,lullaby,incongruent,✅,0.04515507931765291
29,71,pajamas,congruent,✅,0.9794543613011278
29,71,uniform,congruent,✅,0.9688896294454101
29,71,pajamas,incongruent,✅,0.00146847818097164
29,71,uniform,incongruent,✅,0.0321134635796701
29,72,gown,congruent,✅,0.9923376691382746
29,72,sweats,congruent,✅,0.9988558340571634
29,72,gown,incongruent,✅,0.007025538260153196
29,72,sweats,incongruent,✅,0.20890650144541315
29,73,deadline,congruent,✅,0.9148493685433945
29,73,bed,congruent,✅,0.9816071227921891
29,73,deadline,incongruent,✅,0.001769848467084683
29,73,bed,incongruent,✅,0.053860333695706974
29,74,kindergarten,congruent,✅,0.907491896899576
29,74,jail,congruent,✅,0.8779824216148637
29,74,kindergarten,incongruent,✅,0.06648973955251297
29,74,jail,incongruent,❌,0.5715055487718899
29,75,interrogated,congruent,✅,0.9938687954864079
29,75,tickled,congruent,✅,0.9915122742397271
29,75,interrogated,incongruent,✅,0.011179045146498971
29,75,tickled,incongruent,✅,0.002758597442709983
29,76,sandcastle,congruent,✅,0.9961129285373856
29,76,snowman,congruent,✅,0.9994806465835475
29,76,sandcastle,incongruent,✅,0.052844465808446546
29,76,snowman,incongruent,✅,0.10644569273732302
29,77,music,congruent,✅,0.9992131990586128
29,77,pizza,congruent,✅,0.9980492925783937
29,77,music,incongruent,✅,0.0004487137524498103
29,77,pizza,incongruent,✅,0.00022295351829635323
29,78,playoffs,congruent,✅,0.9151010472182857
29,78,cartoon,congruent,✅,0.9986737595808657
29,78,playoffs,incongruent,✅,0.004268271741625035
29,78,cartoon,incongruent,✅,0.03863573841944992
29,79,alcoholism,congruent,✅,0.9884921046642495
29,79,academics,congruent,✅,0.9760660155794412
29,79,alcoholism,incongruent,✅,0.028436699643061412
29,79,academics,incongruent,✅,0.08884028091989839
29,8,engagement,congruent,✅,0.7531847191999054
29,8,cancer,congruent,❌,0.22894441786071212
29,8,engagement,incongruent,✅,0.11247261493775558
29,8,cancer,incongruent,✅,0.06802623178117245
29,9,terminal,congruent,✅,0.9866657384653355
29,9,classroom,congruent,✅,0.983523716414022
29,9,terminal,incongruent,✅,0.03162002943462845
29,9,classroom,incongruent,✅,0.1568018298917117
30,0,library,congruent,✅,0.7819076598810404
30,0,refrigerator,congruent,✅,0.9329643854704691
30,0,library,incongruent,✅,0.035959012310539745
30,0,refrigerator,incongruent,✅,0.014981315867946914
30,1,disappointment,congruent,✅,0.9279689413044088
30,1,delight,congruent,✅,0.9113574201268185
30,1,disappointment,incongruent,✅,0.05868597116202186
30,1,delight,incongruent,✅,0.038370837530256365
30,10,cash,congruent,✅,0.9955454661666023
30,10,groceries,congruent,✅,0.9834150308664664
30,10,cash,incongruent,✅,0.4108379588329909
30,10,groceries,incongruent,✅,0.04989731648450498
30,11,lonely,congruent,✅,0.943324032219098
30,11,confident,congruent,✅,0.9632196830879485
30,11,lonely,incongruent,✅,0.0798952369934935
30,11,confident,incongruent,✅,0.20430128832339808
30,12,joy,congruent,✅,0.9911024199582442
30,12,outrage,congruent,✅,0.7264385215789373
30,12,joy,incongruent,✅,0.011510045571902282
30,12,outrage,incongruent,❌,0.8299139110368476
30,13,traffic,congruent,✅,0.9958835730329905
30,13,snowstorm,congruent,✅,0.9920965760995551
30,13,traffic,incongruent,❌,0.5865987493639795
30,13,snowstorm,incongruent,❌,0.6344939871181903
30,14,laughter,congruent,✅,0.9955025226042153
30,14,frustration,congruent,✅,0.992369511421834
30,14,laughter,incongruent,✅,0.07982902555969448
30,14,frustration,incongruent,✅,0.18010685632843057
30,15,calculator,congruent,✅,0.9444470662344516
30,15,instrument,congruent,✅,0.9364902910856358
30,15,calculator,incongruent,✅,0.46190985463316414
30,15,instrument,incongruent,❌,0.8226439461620975
30,16,orchestra,congruent,✅,0.8954038778969717
30,16,racers,congruent,✅,0.9830236617220633
30,16,orchestra,incongruent,✅,0.0410173421787784
30,16,racers,incongruent,✅,0.001267198206872582
30,17,retirement,congruent,✅,0.8788417262901347
30,17,playdate,congruent,✅,0.9810940969171273
30,17,retirement,incongruent,✅,0.04104524718612174
30,17,playdate,incongruent,✅,0.005875413172128066
30,18,relieved,congruent,✅,0.7707536295741776
30,18,depressed,congruent,✅,0.7786563105954083
30,18,relieved,incongruent,✅,0.006270758687028836
30,18,depressed,incongruent,✅,0.356662414416767
30,19,friends,congruent,❌,0.2795842289361459
30,19,weight,congruent,✅,0.8619282762702426
30,19,friends,incongruent,✅,0.4911150415800615
30,19,weight,incongruent,✅,0.034961684312829984
30,2,overcoat,congruent,✅,0.8861509936115615
30,2,sandals,congruent,❌,0.31538361535193177
30,2,overcoat,incongruent,✅,0.002442368888587884
30,2,sandals,incongruent,✅,0.0007888548059967111
30,20,lipstick,congruent,✅,0.7942724410908943
30,20,song,congruent,✅,0.9371221704668886
30,20,lipstick,incongruent,✅,0.02530925184142709
30,20,song,incongruent,✅,0.031085384948412297
30,21,fought,congruent,✅,0.9593683001095291
30,21,sang,congruent,✅,0.9863461725905368
30,21,fought,incongruent,✅,0.05819734634721816
30,21,sang,incongruent,✅,0.0008449822195120745
30,22,skeptical,congruent,❌,0.48334652561106833
30,22,reassured,congruent,✅,0.5863900847235659
30,22,skeptical,incongruent,✅,0.2126688808464299
30,22,reassured,incongruent,✅,0.12612838523657827
30,23,graduation,congruent,✅,0.9968005543424406
30,23,operation,congruent,✅,0.9615456106104374
30,23,graduation,incongruent,✅,0.012925372499996608
30,23,operation,incongruent,✅,0.09600726995321056
30,24,bride,congruent,✅,0.9180222567671744
30,24,aftermath,congruent,✅,0.9971052554926743
30,24,bride,incongruent,✅,0.15215084586315067
30,24,aftermath,incongruent,✅,0.004053604709089292
30,25,teacher,congruent,✅,0.9899885958289281
30,25,daughter,congruent,✅,0.9716191086677196
30,25,teacher,incongruent,✅,0.4711678556546809
30,25,daughter,incongruent,✅,0.013680097307014501
30,26,roommate,congruent,✅,0.9656825580034675
30,26,grandma,congruent,✅,0.988037642618957
30,26,roommate,incongruent,✅,0.024061162900850766
30,26,grandma,incongruent,✅,0.06692343582355885
30,27,brother,congruent,✅,0.9189153816087835
30,27,mother,congruent,✅,0.9735584890145391
30,27,brother,incongruent,✅,0.035373283037159094
30,27,mother,incongruent,✅,0.02435263352989437
30,28,preschool,congruent,✅,0.826629367627573
30,28,prison,congruent,✅,0.9839767920018224
30,28,preschool,incongruent,✅,0.0007292290408595183
30,28,prison,incongruent,✅,0.035829687227827645
30,29,hopeful,congruent,✅,0.819709672705314
30,29,hopeless,congruent,✅,0.9902984553028015
30,29,hopeful,incongruent,✅,0.052403502823079574
30,29,hopeless,incongruent,✅,0.030909426416704373
30,3,marathon,congruent,✅,0.8141008219582825
30,3,exam,congruent,✅,0.9709459772702722
30,3,marathon,incongruent,✅,0.07586213319522439
30,3,exam,incongruent,✅,0.039551472215172905
30,30,appalled,congruent,✅,0.9646114927073428
30,30,overjoyed,congruent,✅,0.9527901718874381
30,30,appalled,incongruent,✅,0.006037225230974369
30,30,overjoyed,incongruent,✅,0.12869114485737218
30,31,reprimand,congruent,✅,0.9190969700121104
30,31,encouragement,congruent,✅,0.9393987367170075
30,31,reprimand,incongruent,✅,0.010527605528485815
30,31,encouragement,incongruent,✅,0.021517962266506013
30,32,angrily,congruent,✅,0.9963559116801712
30,32,cordially,congruent,✅,0.990282708812713
30,32,angrily,incongruent,✅,0.016505973891540283
30,32,cordially,incongruent,✅,0.02391644219264561
30,33,accusatory,congruent,✅,0.9896037073134605
30,33,flirtatious,congruent,✅,0.9692957182177219
30,33,accusatory,incongruent,✅,0.267885657398584
30,33,flirtatious,incongruent,❌,0.5318669336673781
30,34,disapprovingly,congruent,✅,0.937287294853736
30,34,lovingly,congruent,✅,0.7353363357908678
30,34,disapprovingly,incongruent,✅,0.0037438912174236937
30,34,lovingly,incongruent,✅,0.0281435818372307
30,35,playful,congruent,✅,0.8839054168516886
30,35,distant,congruent,❌,0.4606245913381745
30,35,playful,incongruent,✅,0.2608637556319711
30,35,distant,incongruent,✅,0.033121973821800973
30,36,headphones,congruent,✅,0.8312521185352599
30,36,mangoes,congruent,✅,0.8485010148500358
30,36,headphones,incongruent,✅,0.006672920975492761
30,36,mangoes,incongruent,✅,0.042189651839000794
30,37,playroom,congruent,✅,0.9966885830010677
30,37,park,congruent,✅,0.9885868665127121
30,37,playroom,incongruent,✅,0.0010471501817972658
30,37,park,incongruent,✅,0.017721374148222346
30,38,bedroom,congruent,✅,0.9913365364874541
30,38,backyard,congruent,✅,0.985085847537419
30,38,bedroom,incongruent,✅,0.006349165203289221
30,38,backyard,incongruent,✅,0.00024850092974562686
30,39,solemnly,congruent,✅,0.9055744557185248
30,39,excitedly,congruent,✅,0.8629550055590154
30,39,solemnly,incongruent,✅,0.1282001199216586
30,39,excitedly,incongruent,✅,0.03532405565783438
30,4,menu,congruent,✅,0.6344245817092287
30,4,prescription,congruent,✅,0.934159627554605
30,4,menu,incongruent,✅,0.07839521182600516
30,4,prescription,incongruent,✅,0.03561273475294029
30,40,car,congruent,❌,0.4814808378386821
30,40,sock,congruent,✅,0.6669795500841957
30,40,car,incongruent,✅,0.03130525566444329
30,40,sock,incongruent,✅,0.040518818935092724
30,41,overdressed,congruent,✅,0.9830580018177375
30,41,naked,congruent,❌,0.4170343387908743
30,41,overdressed,incongruent,✅,0.0007755291616902376
30,41,naked,incongruent,✅,0.010095123525350115
30,42,shy,congruent,✅,0.9597631216690931
30,42,lively,congruent,✅,0.9724717360079136
30,42,shy,incongruent,✅,0.008394939930217664
30,42,lively,incongruent,✅,0.19381841440213426
30,43,offended,congruent,✅,0.8562488418704108
30,43,flattered,congruent,✅,0.7652647788330214
30,43,offended,incongruent,✅,0.025666871839819964
30,43,flattered,incongruent,✅,0.1088760175264438
30,44,grandkid,congruent,✅,0.9910404729825939
30,44,cellmate,congruent,✅,0.9919497915044014
30,44,grandkid,incongruent,✅,0.014038231081403238
30,44,cellmate,incongruent,✅,0.00652644612670248
30,45,promoted,congruent,✅,0.999428042231638
30,45,fired,congruent,✅,0.990094939212951
30,45,promoted,incongruent,✅,0.21895758098055224
30,45,fired,incongruent,❌,0.8495822593204302
30,46,shooting,congruent,❌,0.05742774634951169
30,46,celebration,congruent,✅,0.5111911167386085
30,46,shooting,incongruent,✅,0.012312767757060973
30,46,celebration,incongruent,✅,0.014097526446872979
30,47,crayon,congruent,✅,0.9359106418582518
30,47,beer,congruent,✅,0.9907048986511531
30,47,crayon,incongruent,✅,0.002343371261063756
30,47,beer,incongruent,✅,0.001547363256929583
30,48,waiter,congruent,✅,0.9211064817217729
30,48,taxi,congruent,✅,0.8623151541094275
30,48,waiter,incongruent,✅,0.1294948073886218
30,48,taxi,incongruent,✅,0.021352048751949706
30,49,parents,congruent,✅,0.9971951779635332
30,49,keys,congruent,✅,0.9932496326182467
30,49,parents,incongruent,✅,0.3713671134215761
30,49,keys,incongruent,✅,0.12081466198300066
30,5,distress,congruent,✅,0.9931628704484843
30,5,tranquility,congruent,✅,0.9771046887737773
30,5,distress,incongruent,✅,0.0025089735960696718
30,5,tranquility,incongruent,✅,0.21329116622681776
30,50,sofa,congruent,✅,0.9946494015242778
30,50,sky,congruent,✅,0.9979905899146659
30,50,sofa,incongruent,✅,0.025696876224278662
30,50,sky,incongruent,✅,0.03331140985500908
30,51,obesity,congruent,✅,0.5097656129376004
30,51,homework,congruent,✅,0.9618747722069737
30,51,obesity,incongruent,✅,0.0019098895946738663
30,51,homework,incongruent,✅,0.025947449167162514
30,52,quiz,congruent,✅,0.9950768221233512
30,52,commute,congruent,✅,0.9923462126520564
30,52,quiz,incongruent,✅,0.007023146447081069
30,52,commute,incongruent,✅,0.01720443740490384
30,53,migraine,congruent,✅,0.9974582048077326
30,53,excitement,congruent,✅,0.9827581639451857
30,53,migraine,incongruent,✅,0.0035214190775351285
30,53,excitement,incongruent,✅,0.16707143141555164
30,54,niece,congruent,✅,0.8976003975771446
30,54,husband,congruent,✅,0.9517614464727091
30,54,niece,incongruent,✅,0.15470241195510084
30,54,husband,incongruent,✅,0.09027645736787028
30,55,film,congruent,✅,0.9975201010988591
30,55,sunrise,congruent,✅,0.8757641193601178
30,55,film,incongruent,✅,0.017391743616213505
30,55,sunrise,incongruent,✅,0.00959833248003391
30,56,lecture,congruent,✅,0.9901986105245607
30,56,banquet,congruent,✅,0.923793834329917
30,56,lecture,incongruent,✅,0.004640978841783722
30,56,banquet,incongruent,✅,0.002688759555461312
30,57,drink,congruent,✅,0.9824915954471592
30,57,textbook,congruent,✅,0.9569332326140105
30,57,drink,incongruent,✅,0.009916351283317843
30,57,textbook,incongruent,✅,0.0018092761276642666
30,58,pool,congruent,✅,0.9993056226287836
30,58,snow,congruent,✅,0.9263327958283921
30,58,pool,incongruent,✅,0.00031237179828569377
30,58,snow,incongruent,✅,0.017141030997221945
30,59,passport,congruent,✅,0.9789162152197138
30,59,plushy,congruent,✅,0.989465406640152
30,59,passport,incongruent,✅,0.0671569222154244
30,59,plushy,incongruent,✅,0.0905773560187867
30,6,patients,congruent,✅,0.9915589449986437
30,6,students,congruent,✅,0.9954506745838636
30,6,patients,incongruent,✅,0.16246401768351987
30,6,students,incongruent,✅,0.041842549767062844
30,60,sister,congruent,✅,0.9901847796568019
30,60,father,congruent,✅,0.9274490681166824
30,60,sister,incongruent,✅,0.030700203633306944
30,60,father,incongruent,✅,0.054913742335107575
30,61,game,congruent,✅,0.995432613495516
30,61,sunset,congruent,✅,0.9981277414010911
30,61,game,incongruent,✅,0.01913079424822132
30,61,sunset,incongruent,✅,0.012761563996579423
30,62,holidays,congruent,✅,0.8364268887655408
30,62,funeral,congruent,✅,0.995127806685342
30,62,holidays,incongruent,✅,0.009855903051754447
30,62,funeral,incongruent,✅,0.3309431381960163
30,63,grades,congruent,✅,0.9920611958345229
30,63,affair,congruent,✅,0.9867355109733846
30,63,grades,incongruent,✅,0.2424390131027465
30,63,affair,incongruent,✅,0.033101042334761625
30,64,arrest,congruent,✅,0.9605912497604288
30,64,stroke,congruent,✅,0.7189244796744407
30,64,arrest,incongruent,✅,0.34480542745233944
30,64,stroke,incongruent,✅,0.4647306909295055
30,65,pacifier,congruent,✅,0.9170848947045059
30,65,coffee,congruent,✅,0.9596463535841779
30,65,pacifier,incongruent,✅,0.07793672847081154
30,65,coffee,incongruent,✅,0.010525375300718336
30,66,sweets,congruent,✅,0.9967408400763309
30,66,sentencing,congruent,✅,0.9957642390935161
30,66,sweets,incongruent,✅,0.0012899026316559423
30,66,sentencing,incongruent,✅,0.010355220135310197
30,67,nap,congruent,✅,0.995952118032472
30,67,selfie,congruent,✅,0.9993615285478574
30,67,nap,incongruent,✅,0.005889568469877663
30,67,selfie,incongruent,✅,0.0004255150922351979
30,68,diaper,congruent,✅,0.9807564614680397
30,68,tire,congruent,✅,0.9986631104333614
30,68,diaper,incongruent,✅,0.0007646233612350904
30,68,tire,incongruent,✅,4.139955313039883e-05
30,69,chemotherapy,congruent,✅,0.9817036124602759
30,69,golf,congruent,✅,0.9870888293140394
30,69,chemotherapy,incongruent,✅,0.006358758791558591
30,69,golf,incongruent,✅,0.03078136885642549
30,7,consensus,congruent,✅,0.9816739636793397
30,7,deadlock,congruent,✅,0.9596028942466878
30,7,consensus,incongruent,✅,0.12083210171053776
30,7,deadlock,incongruent,✅,0.03509621706596183
30,70,thunder,congruent,✅,0.9770677537704395
30,70,lullaby,congruent,✅,0.9352617297793414
30,70,thunder,incongruent,✅,0.22259551851334675
30,70,lullaby,incongruent,✅,0.047057494224927145
30,71,pajamas,congruent,✅,0.981362530460063
30,71,uniform,congruent,✅,0.9634308486516698
30,71,pajamas,incongruent,✅,0.0016777886783625796
30,71,uniform,incongruent,✅,0.03540836293421498
30,72,gown,congruent,✅,0.9888468980026907
30,72,sweats,congruent,✅,0.9988903446530955
30,72,gown,incongruent,✅,0.006066374901860819
30,72,sweats,incongruent,✅,0.2414068152634663
30,73,deadline,congruent,✅,0.8880324590598762
30,73,bed,congruent,✅,0.9835221904276404
30,73,deadline,incongruent,✅,0.001398857992328213
30,73,bed,incongruent,✅,0.0710213939277174
30,74,kindergarten,congruent,✅,0.9200557005575971
30,74,jail,congruent,✅,0.8315519053236914
30,74,kindergarten,incongruent,✅,0.05700650762188843
30,74,jail,incongruent,❌,0.5567604534532761
30,75,interrogated,congruent,✅,0.994345901142007
30,75,tickled,congruent,✅,0.9952297763409256
30,75,interrogated,incongruent,✅,0.014365702530649128
30,75,tickled,incongruent,✅,0.012949620576762275
30,76,sandcastle,congruent,✅,0.9981363527995599
30,76,snowman,congruent,✅,0.9993907276568872
30,76,sandcastle,incongruent,✅,0.052917448578704555
30,76,snowman,incongruent,✅,0.1320745177402944
30,77,music,congruent,✅,0.9987122460581018
30,77,pizza,congruent,✅,0.9982154188533232
30,77,music,incongruent,✅,0.0005072128729998
30,77,pizza,incongruent,✅,0.00032758185887780326
30,78,playoffs,congruent,✅,0.8848500007982438
30,78,cartoon,congruent,✅,0.9984202866928348
30,78,playoffs,incongruent,✅,0.005681678616620157
30,78,cartoon,incongruent,✅,0.050108729538990364
30,79,alcoholism,congruent,✅,0.9879368737348115
30,79,academics,congruent,✅,0.9578108910275196
30,79,alcoholism,incongruent,✅,0.02459324800174233
30,79,academics,incongruent,✅,0.10203009588685971
30,8,engagement,congruent,✅,0.7260808708442782
30,8,cancer,congruent,❌,0.14353073240205774
30,8,engagement,incongruent,✅,0.08485730806670229
30,8,cancer,incongruent,✅,0.0664215558434338
30,9,terminal,congruent,✅,0.9770020246401454
30,9,classroom,congruent,✅,0.9850585505335836
30,9,terminal,incongruent,✅,0.0646337888525496
30,9,classroom,incongruent,✅,0.23799806475679208
31,0,library,congruent,✅,0.6832632016655692
31,0,refrigerator,congruent,✅,0.9435808270080068
31,0,library,incongruent,✅,0.05484669926593359
31,0,refrigerator,incongruent,✅,0.014244684193395514
31,1,disappointment,congruent,✅,0.9056866775103587
31,1,delight,congruent,✅,0.8673625750935727
31,1,disappointment,incongruent,✅,0.045429997325589055
31,1,delight,incongruent,✅,0.03149249109587245
31,10,cash,congruent,✅,0.9978723994538293
31,10,groceries,congruent,✅,0.987462271470795
31,10,cash,incongruent,✅,0.43168114993263257
31,10,groceries,incongruent,✅,0.062011793019914926
31,11,lonely,congruent,✅,0.9529996933648093
31,11,confident,congruent,✅,0.9634583449730425
31,11,lonely,incongruent,✅,0.09968605592459065
31,11,confident,incongruent,✅,0.3571740478399274
31,12,joy,congruent,✅,0.992413543913691
31,12,outrage,congruent,✅,0.7149617955254409
31,12,joy,incongruent,✅,0.01302674602684269
31,12,outrage,incongruent,❌,0.871640124961534
31,13,traffic,congruent,✅,0.9951940518732949
31,13,snowstorm,congruent,✅,0.987819094685463
31,13,traffic,incongruent,✅,0.3661383172814565
31,13,snowstorm,incongruent,❌,0.6592999928245702
31,14,laughter,congruent,✅,0.9891721605089143
31,14,frustration,congruent,✅,0.9871994901562784
31,14,laughter,incongruent,✅,0.07458626061753036
31,14,frustration,incongruent,✅,0.16150790677606255
31,15,calculator,congruent,✅,0.9258704928773972
31,15,instrument,congruent,✅,0.9128787710459063
31,15,calculator,incongruent,❌,0.5127103746249159
31,15,instrument,incongruent,❌,0.843456229035985
31,16,orchestra,congruent,✅,0.8580189662790249
31,16,racers,congruent,✅,0.9799032684256891
31,16,orchestra,incongruent,✅,0.051934420355537865
31,16,racers,incongruent,✅,0.0021033852667308984
31,17,retirement,congruent,✅,0.8400593509136202
31,17,playdate,congruent,✅,0.9763718992720027
31,17,retirement,incongruent,✅,0.046942409766141634
31,17,playdate,incongruent,✅,0.006122975778450829
31,18,relieved,congruent,✅,0.7931060319904784
31,18,depressed,congruent,✅,0.7082781266890786
31,18,relieved,incongruent,✅,0.007171678716394121
31,18,depressed,incongruent,✅,0.4200435491841314
31,19,friends,congruent,❌,0.32510965514393475
31,19,weight,congruent,✅,0.8609012098854832
31,19,friends,incongruent,❌,0.5237566412312668
31,19,weight,incongruent,✅,0.03991074368795327
31,2,overcoat,congruent,✅,0.8463802069691614
31,2,sandals,congruent,❌,0.36678028674698954
31,2,overcoat,incongruent,✅,0.0036973222672931627
31,2,sandals,incongruent,✅,0.0015131249125374768
31,20,lipstick,congruent,✅,0.7777598161762914
31,20,song,congruent,✅,0.948776386761077
31,20,lipstick,incongruent,✅,0.061525126676473224
31,20,song,incongruent,✅,0.044971765872724334
31,21,fought,congruent,✅,0.9382320103035034
31,21,sang,congruent,✅,0.968428292071149
31,21,fought,incongruent,✅,0.03059252234139222
31,21,sang,incongruent,✅,0.000524817103921965
31,22,skeptical,congruent,✅,0.5500841645686091
31,22,reassured,congruent,✅,0.60537661679109
31,22,skeptical,incongruent,✅,0.2610133401941971
31,22,reassured,incongruent,✅,0.16886287940968106
31,23,graduation,congruent,✅,0.9950742266941138
31,23,operation,congruent,✅,0.9481846045313641
31,23,graduation,incongruent,✅,0.012598583948490038
31,23,operation,incongruent,✅,0.08088478752068752
31,24,bride,congruent,✅,0.9151472071911647
31,24,aftermath,congruent,✅,0.9965316223375454
31,24,bride,incongruent,✅,0.21945150795632004
31,24,aftermath,incongruent,✅,0.0037346639899011646
31,25,teacher,congruent,✅,0.9917140167311261
31,25,daughter,congruent,✅,0.9710089226417099
31,25,teacher,incongruent,✅,0.4858709641275136
31,25,daughter,incongruent,✅,0.02136291541228358
31,26,roommate,congruent,✅,0.9391648773051117
31,26,grandma,congruent,✅,0.9882450798055923
31,26,roommate,incongruent,✅,0.036766995125049086
31,26,grandma,incongruent,✅,0.05083535366461143
31,27,brother,congruent,✅,0.8933995065191969
31,27,mother,congruent,✅,0.9732852187099117
31,27,brother,incongruent,✅,0.030993770707953314
31,27,mother,incongruent,✅,0.0151789012120317
31,28,preschool,congruent,✅,0.8545003614003615
31,28,prison,congruent,✅,0.9820228583688387
31,28,preschool,incongruent,✅,0.002517771864204969
31,28,prison,incongruent,✅,0.05513297579869356
31,29,hopeful,congruent,✅,0.6458506811549641
31,29,hopeless,congruent,✅,0.9856064239169205
31,29,hopeful,incongruent,✅,0.04404884692209013
31,29,hopeless,incongruent,✅,0.018189528834638004
31,3,marathon,congruent,✅,0.8233831284391795
31,3,exam,congruent,✅,0.953585651058124
31,3,marathon,incongruent,✅,0.06068454768641061
31,3,exam,incongruent,✅,0.04250366575488283
31,30,appalled,congruent,✅,0.9610275898035157
31,30,overjoyed,congruent,✅,0.9484468740125233
31,30,appalled,incongruent,✅,0.010054251748150687
31,30,overjoyed,incongruent,✅,0.1820300116621077
31,31,reprimand,congruent,✅,0.8946674011803336
31,31,encouragement,congruent,✅,0.9529214664306699
31,31,reprimand,incongruent,✅,0.023614992880413754
31,31,encouragement,incongruent,✅,0.0218250447331468
31,32,angrily,congruent,✅,0.9964947578079544
31,32,cordially,congruent,✅,0.9916405256354384
31,32,angrily,incongruent,✅,0.034815057149988955
31,32,cordially,incongruent,✅,0.0318714262909753
31,33,accusatory,congruent,✅,0.9882910037102051
31,33,flirtatious,congruent,✅,0.9438198722967149
31,33,accusatory,incongruent,✅,0.13890688221542377
31,33,flirtatious,incongruent,❌,0.5305863703403231
31,34,disapprovingly,congruent,✅,0.9410060498432172
31,34,lovingly,congruent,✅,0.6998353898370387
31,34,disapprovingly,incongruent,✅,0.005249641579745221
31,34,lovingly,incongruent,✅,0.04311174659150449
31,35,playful,congruent,✅,0.9095142942982335
31,35,distant,congruent,❌,0.4712327891625564
31,35,playful,incongruent,✅,0.3105726982757584
31,35,distant,incongruent,✅,0.07173879867803214
31,36,headphones,congruent,✅,0.8415173605963315
31,36,mangoes,congruent,✅,0.8090670266596849
31,36,headphones,incongruent,✅,0.017930533585988163
31,36,mangoes,incongruent,✅,0.05999132865993035
31,37,playroom,congruent,✅,0.9949138323725749
31,37,park,congruent,✅,0.9839314180937555
31,37,playroom,incongruent,✅,0.0007421252089678987
31,37,park,incongruent,✅,0.021024658093218438
31,38,bedroom,congruent,✅,0.99110395589478
31,38,backyard,congruent,✅,0.9807473246159197
31,38,bedroom,incongruent,✅,0.007949354469935664
31,38,backyard,incongruent,✅,0.00037231318445404057
31,39,solemnly,congruent,✅,0.8852271942347821
31,39,excitedly,congruent,✅,0.8178117611755533
31,39,solemnly,incongruent,✅,0.10583884477947615
31,39,excitedly,incongruent,✅,0.036676268818789125
31,4,menu,congruent,✅,0.626999569868832
31,4,prescription,congruent,✅,0.8890126817459688
31,4,menu,incongruent,✅,0.05246446862550149
31,4,prescription,incongruent,✅,0.04062203013494885
31,40,car,congruent,❌,0.36269967846905365
31,40,sock,congruent,✅,0.5915959722503772
31,40,car,incongruent,✅,0.023690251983834502
31,40,sock,incongruent,✅,0.03364910556468633
31,41,overdressed,congruent,✅,0.9754134120051016
31,41,naked,congruent,❌,0.3819344915766558
31,41,overdressed,incongruent,✅,0.0016810799719490252
31,41,naked,incongruent,✅,0.019351905540438526
31,42,shy,congruent,✅,0.9343438863993095
31,42,lively,congruent,✅,0.96925819703762
31,42,shy,incongruent,✅,0.008498052568803873
31,42,lively,incongruent,✅,0.14761122459814432
31,43,offended,congruent,✅,0.9081186039883623
31,43,flattered,congruent,✅,0.7604100431606852
31,43,offended,incongruent,✅,0.028704214051341888
31,43,flattered,incongruent,✅,0.24590958021451895
31,44,grandkid,congruent,✅,0.9915104735027712
31,44,cellmate,congruent,✅,0.9936112480730127
31,44,grandkid,incongruent,✅,0.020890381160641756
31,44,cellmate,incongruent,✅,0.013205526813003392
31,45,promoted,congruent,✅,0.9994313297533084
31,45,fired,congruent,✅,0.99481395708761
31,45,promoted,incongruent,✅,0.3014114895166375
31,45,fired,incongruent,❌,0.9077153627972306
31,46,shooting,congruent,❌,0.08540971083121604
31,46,celebration,congruent,✅,0.5776287620100465
31,46,shooting,incongruent,✅,0.02213294182226777
31,46,celebration,incongruent,✅,0.024134319511297117
31,47,crayon,congruent,✅,0.9119938954692177
31,47,beer,congruent,✅,0.9841717733841892
31,47,crayon,incongruent,✅,0.00190815327638403
31,47,beer,incongruent,✅,0.0016565071825673729
31,48,waiter,congruent,✅,0.9383315377312802
31,48,taxi,congruent,✅,0.8584028700473628
31,48,waiter,incongruent,✅,0.13396872874458515
31,48,taxi,incongruent,✅,0.02616298871214469
31,49,parents,congruent,✅,0.9974838356067984
31,49,keys,congruent,✅,0.9940919676838434
31,49,parents,incongruent,❌,0.5048262307807025
31,49,keys,incongruent,✅,0.11035642987179506
31,5,distress,congruent,✅,0.9898500595883749
31,5,tranquility,congruent,✅,0.9678645190834329
31,5,distress,incongruent,✅,0.002535480008332632
31,5,tranquility,incongruent,✅,0.2313810279844874
31,50,sofa,congruent,✅,0.9951437707156671
31,50,sky,congruent,✅,0.9981570217486718
31,50,sofa,incongruent,✅,0.02940912325983836
31,50,sky,incongruent,✅,0.04230844254099096
31,51,obesity,congruent,❌,0.3804776296356332
31,51,homework,congruent,✅,0.9513794427975292
31,51,obesity,incongruent,✅,0.0027604168024991634
31,51,homework,incongruent,✅,0.01513954571779604
31,52,quiz,congruent,✅,0.9935628276040944
31,52,commute,congruent,✅,0.9946432890849621
31,52,quiz,incongruent,✅,0.00876838670207706
31,52,commute,incongruent,✅,0.024614836297210323
31,53,migraine,congruent,✅,0.9982793604786449
31,53,excitement,congruent,✅,0.9852549910410632
31,53,migraine,incongruent,✅,0.005411926040838652
31,53,excitement,incongruent,✅,0.35623663461712407
31,54,niece,congruent,✅,0.8319096211254822
31,54,husband,congruent,✅,0.9583816257164399
31,54,niece,incongruent,✅,0.2821517115962076
31,54,husband,incongruent,✅,0.07875319371819041
31,55,film,congruent,✅,0.9971839461010407
31,55,sunrise,congruent,✅,0.8965843115627985
31,55,film,incongruent,✅,0.026652453951724314
31,55,sunrise,incongruent,✅,0.010785080827773831
31,56,lecture,congruent,✅,0.9879230122029264
31,56,banquet,congruent,✅,0.9227924303864429
31,56,lecture,incongruent,✅,0.006714623038517355
31,56,banquet,incongruent,✅,0.004645285461477068
31,57,drink,congruent,✅,0.9764289417388184
31,57,textbook,congruent,✅,0.9614125136487128
31,57,drink,incongruent,✅,0.014950059373755835
31,57,textbook,incongruent,✅,0.0015439438320637737
31,58,pool,congruent,✅,0.9988290950282973
31,58,snow,congruent,✅,0.9541715562484351
31,58,pool,incongruent,✅,0.000538725605994848
31,58,snow,incongruent,✅,0.02613077715813409
31,59,passport,congruent,✅,0.9760087260549593
31,59,plushy,congruent,✅,0.9796852078068805
31,59,passport,incongruent,✅,0.03205928592100719
31,59,plushy,incongruent,✅,0.10010943124692959
31,6,patients,congruent,✅,0.9898518780310368
31,6,students,congruent,✅,0.9964103600454396
31,6,patients,incongruent,✅,0.28026437206913457
31,6,students,incongruent,✅,0.07821975603147957
31,60,sister,congruent,✅,0.989806907878905
31,60,father,congruent,✅,0.9157393875766363
31,60,sister,incongruent,✅,0.03223273225788044
31,60,father,incongruent,✅,0.05662518944967555
31,61,game,congruent,✅,0.9907320675048985
31,61,sunset,congruent,✅,0.9971287131975405
31,61,game,incongruent,✅,0.021155005469867327
31,61,sunset,incongruent,✅,0.00915747106091983
31,62,holidays,congruent,✅,0.9015875401792801
31,62,funeral,congruent,✅,0.991169722646165
31,62,holidays,incongruent,✅,0.01592330092885418
31,62,funeral,incongruent,❌,0.5049540748662933
31,63,grades,congruent,✅,0.987687813773655
31,63,affair,congruent,✅,0.9814491544398328
31,63,grades,incongruent,✅,0.2507321562700271
31,63,affair,incongruent,✅,0.03391880679377216
31,64,arrest,congruent,✅,0.9421307233458164
31,64,stroke,congruent,✅,0.6860466025507259
31,64,arrest,incongruent,✅,0.2830557734664374
31,64,stroke,incongruent,✅,0.47182513337129806
31,65,pacifier,congruent,✅,0.8808045883079144
31,65,coffee,congruent,✅,0.9598462814685862
31,65,pacifier,incongruent,✅,0.06982868577938078
31,65,coffee,incongruent,✅,0.008567063714870577
31,66,sweets,congruent,✅,0.9958792225962612
31,66,sentencing,congruent,✅,0.9939264630472023
31,66,sweets,incongruent,✅,0.0022423691918060035
31,66,sentencing,incongruent,✅,0.014442591779659113
31,67,nap,congruent,✅,0.9951499100818407
31,67,selfie,congruent,✅,0.9991443879907631
31,67,nap,incongruent,✅,0.00836467983035695
31,67,selfie,incongruent,✅,0.00021089998718871742
31,68,diaper,congruent,✅,0.9803740205202702
31,68,tire,congruent,✅,0.9985112874742068
31,68,diaper,incongruent,✅,0.0007280835990098743
31,68,tire,incongruent,✅,4.650090998289865e-05
31,69,chemotherapy,congruent,✅,0.9806972426641875
31,69,golf,congruent,✅,0.9833552474518684
31,69,chemotherapy,incongruent,✅,0.005079339704283168
31,69,golf,incongruent,✅,0.041113576722958185
31,7,consensus,congruent,✅,0.9660005611334274
31,7,deadlock,congruent,✅,0.9515355363527276
31,7,consensus,incongruent,✅,0.13062519300488537
31,7,deadlock,incongruent,✅,0.03293282546274697
31,70,thunder,congruent,✅,0.9826175975421366
31,70,lullaby,congruent,✅,0.8384571276484803
31,70,thunder,incongruent,✅,0.18493896131177906
31,70,lullaby,incongruent,✅,0.0858825484396009
31,71,pajamas,congruent,✅,0.9836568982986288
31,71,uniform,congruent,✅,0.9461728518795516
31,71,pajamas,incongruent,✅,0.0011560599530167888
31,71,uniform,incongruent,✅,0.01628304017449834
31,72,gown,congruent,✅,0.9940638732498981
31,72,sweats,congruent,✅,0.9983546084586467
31,72,gown,incongruent,✅,0.009480468979627944
31,72,sweats,incongruent,✅,0.38765416283526277
31,73,deadline,congruent,✅,0.8571153815851247
31,73,bed,congruent,✅,0.9658833333550996
31,73,deadline,incongruent,✅,0.0016458446242456732
31,73,bed,incongruent,✅,0.06000345219710568
31,74,kindergarten,congruent,✅,0.9017310096422491
31,74,jail,congruent,✅,0.6938800259260292
31,74,kindergarten,incongruent,✅,0.06550202104408769
31,74,jail,incongruent,✅,0.4293321438434012
31,75,interrogated,congruent,✅,0.9954824582508955
31,75,tickled,congruent,✅,0.9930546895126656
31,75,interrogated,incongruent,✅,0.014100734806121215
31,75,tickled,incongruent,✅,0.028291495661572227
31,76,sandcastle,congruent,✅,0.9982005173718914
31,76,snowman,congruent,✅,0.9992203975229973
31,76,sandcastle,incongruent,✅,0.02608287443992325
31,76,snowman,incongruent,✅,0.030095835133185665
31,77,music,congruent,✅,0.9992229949913848
31,77,pizza,congruent,✅,0.9972369285173114
31,77,music,incongruent,✅,0.0007704404806431725
31,77,pizza,incongruent,✅,0.0005076497528241107
31,78,playoffs,congruent,✅,0.8549156050392607
31,78,cartoon,congruent,✅,0.9983579279277012
31,78,playoffs,incongruent,✅,0.013300697326376293
31,78,cartoon,incongruent,✅,0.04634015180184411
31,79,alcoholism,congruent,✅,0.9910517986062605
31,79,academics,congruent,✅,0.9628451355331721
31,79,alcoholism,incongruent,✅,0.04063021213882355
31,79,academics,incongruent,✅,0.15955867896440615
31,8,engagement,congruent,✅,0.6776550129343679
31,8,cancer,congruent,❌,0.15168113696463728
31,8,engagement,incongruent,✅,0.09149958830122212
31,8,cancer,incongruent,✅,0.06690155087338352
31,9,terminal,congruent,✅,0.9733240171574915
31,9,classroom,congruent,✅,0.9855951686324854
31,9,terminal,incongruent,✅,0.09679340830466902
31,9,classroom,incongruent,✅,0.2869083329292058
32,0,library,congruent,✅,0.709326427273676
32,0,refrigerator,congruent,✅,0.9062749952921924
32,0,library,incongruent,✅,0.06082333113620048
32,0,refrigerator,incongruent,✅,0.028437852617926602
32,1,disappointment,congruent,✅,0.8804970944579437
32,1,delight,congruent,✅,0.8618409160503002
32,1,disappointment,incongruent,✅,0.06249545469025698
32,1,delight,incongruent,✅,0.036747719757812575
32,10,cash,congruent,✅,0.9978125374861456
32,10,groceries,congruent,✅,0.9880648608641198
32,10,cash,incongruent,✅,0.44735747810601817
32,10,groceries,incongruent,✅,0.09848372529493772
32,11,lonely,congruent,✅,0.9465044346572211
32,11,confident,congruent,✅,0.9700346214227693
32,11,lonely,incongruent,✅,0.1487453004061433
32,11,confident,incongruent,✅,0.35642996090625934
32,12,joy,congruent,✅,0.9880881488108504
32,12,outrage,congruent,✅,0.6624890460498231
32,12,joy,incongruent,✅,0.015360175755540257
32,12,outrage,incongruent,❌,0.8087012736837975
32,13,traffic,congruent,✅,0.996389969353373
32,13,snowstorm,congruent,✅,0.9882606111382986
32,13,traffic,incongruent,✅,0.39901518063246977
32,13,snowstorm,incongruent,❌,0.7215130779889328
32,14,laughter,congruent,✅,0.9875854163370813
32,14,frustration,congruent,✅,0.9868303055008745
32,14,laughter,incongruent,✅,0.11189837870402645
32,14,frustration,incongruent,✅,0.29462320239344975
32,15,calculator,congruent,✅,0.858075946730347
32,15,instrument,congruent,✅,0.883157721287227
32,15,calculator,incongruent,✅,0.42282808569819913
32,15,instrument,incongruent,❌,0.7833707771261598
32,16,orchestra,congruent,✅,0.9190914413173757
32,16,racers,congruent,✅,0.9861003309923919
32,16,orchestra,incongruent,✅,0.08292682110117851
32,16,racers,incongruent,✅,0.005692010313218874
32,17,retirement,congruent,✅,0.8419170272229335
32,17,playdate,congruent,✅,0.9570749219633041
32,17,retirement,incongruent,✅,0.04132399640978082
32,17,playdate,incongruent,✅,0.013290549786321609
32,18,relieved,congruent,✅,0.7333105826583568
32,18,depressed,congruent,✅,0.7030876683478889
32,18,relieved,incongruent,✅,0.006911721899330361
32,18,depressed,incongruent,✅,0.3801959435554148
32,19,friends,congruent,❌,0.34777645310695293
32,19,weight,congruent,✅,0.8324529373802247
32,19,friends,incongruent,✅,0.4943692655468137
32,19,weight,incongruent,✅,0.04231080338541768
32,2,overcoat,congruent,✅,0.8174459396889826
32,2,sandals,congruent,❌,0.35077849533753686
32,2,overcoat,incongruent,✅,0.003983634088545753
32,2,sandals,incongruent,✅,0.0022619904076289113
32,20,lipstick,congruent,✅,0.7707565542496224
32,20,song,congruent,✅,0.9328143860367536
32,20,lipstick,incongruent,✅,0.08441577012182026
32,20,song,incongruent,✅,0.03760018784354214
32,21,fought,congruent,✅,0.9429942232614391
32,21,sang,congruent,✅,0.9410361253747015
32,21,fought,incongruent,✅,0.052811846481024424
32,21,sang,incongruent,✅,0.0011326761878460588
32,22,skeptical,congruent,✅,0.5371209282232423
32,22,reassured,congruent,❌,0.45803558497149044
32,22,skeptical,incongruent,✅,0.18997087028803458
32,22,reassured,incongruent,✅,0.17050608595263508
32,23,graduation,congruent,✅,0.9953582352469563
32,23,operation,congruent,✅,0.9247094388497122
32,23,graduation,incongruent,✅,0.01446763796242796
32,23,operation,incongruent,✅,0.12220277410100172
32,24,bride,congruent,✅,0.8622294536732281
32,24,aftermath,congruent,✅,0.9934866543747926
32,24,bride,incongruent,✅,0.20360053088340524
32,24,aftermath,incongruent,✅,0.003720365701551891
32,25,teacher,congruent,✅,0.9885052765988055
32,25,daughter,congruent,✅,0.9739411383207641
32,25,teacher,incongruent,❌,0.5672369344856689
32,25,daughter,incongruent,✅,0.025134438576751423
32,26,roommate,congruent,✅,0.9333304943675612
32,26,grandma,congruent,✅,0.9755972443916551
32,26,roommate,incongruent,✅,0.05477990143694365
32,26,grandma,incongruent,✅,0.05646223519450988
32,27,brother,congruent,✅,0.8786588779947434
32,27,mother,congruent,✅,0.9510170753115543
32,27,brother,incongruent,✅,0.0257781456653743
32,27,mother,incongruent,✅,0.013386589690764672
32,28,preschool,congruent,✅,0.8576604836165079
32,28,prison,congruent,✅,0.9730416471253464
32,28,preschool,incongruent,✅,0.004120685601828293
32,28,prison,incongruent,✅,0.07795624629181272
32,29,hopeful,congruent,✅,0.5910696088076953
32,29,hopeless,congruent,✅,0.9846481732120652
32,29,hopeful,incongruent,✅,0.053645810439597486
32,29,hopeless,incongruent,✅,0.014044129959129516
32,3,marathon,congruent,✅,0.8142262859222512
32,3,exam,congruent,✅,0.9502998766460858
32,3,marathon,incongruent,✅,0.07545972407956363
32,3,exam,incongruent,✅,0.04821990127683644
32,30,appalled,congruent,✅,0.9533528931886097
32,30,overjoyed,congruent,✅,0.9352634703832058
32,30,appalled,incongruent,✅,0.015273058582185048
32,30,overjoyed,incongruent,✅,0.20155186312815607
32,31,reprimand,congruent,✅,0.8908016116954498
32,31,encouragement,congruent,✅,0.9532845837361495
32,31,reprimand,incongruent,✅,0.033053646479120506
32,31,encouragement,incongruent,✅,0.027557023092160318
32,32,angrily,congruent,✅,0.9940320453772182
32,32,cordially,congruent,✅,0.9839007773475379
32,32,angrily,incongruent,✅,0.03429901170565236
32,32,cordially,incongruent,✅,0.029739892127597554
32,33,accusatory,congruent,✅,0.9878952936308066
32,33,flirtatious,congruent,✅,0.9405041716480328
32,33,accusatory,incongruent,✅,0.13292494027437915
32,33,flirtatious,incongruent,❌,0.5447291657988375
32,34,disapprovingly,congruent,✅,0.9506062455103093
32,34,lovingly,congruent,✅,0.7003500319053514
32,34,disapprovingly,incongruent,✅,0.008146805179443174
32,34,lovingly,incongruent,✅,0.060472143844138716
32,35,playful,congruent,✅,0.872114415089103
32,35,distant,congruent,❌,0.2834502247413668
32,35,playful,incongruent,✅,0.18193878668592517
32,35,distant,incongruent,✅,0.06717102168885011
32,36,headphones,congruent,✅,0.8403280801482389
32,36,mangoes,congruent,✅,0.8729634951892801
32,36,headphones,incongruent,✅,0.04895764941733785
32,36,mangoes,incongruent,✅,0.08076216948443891
32,37,playroom,congruent,✅,0.9931015529956789
32,37,park,congruent,✅,0.9812755100591283
32,37,playroom,incongruent,✅,0.0008435336415638161
32,37,park,incongruent,✅,0.027598583763801494
32,38,bedroom,congruent,✅,0.9896087871156206
32,38,backyard,congruent,✅,0.9717690491557875
32,38,bedroom,incongruent,✅,0.006509984428847292
32,38,backyard,incongruent,✅,0.00036596843178259594
32,39,solemnly,congruent,✅,0.9305934485638281
32,39,excitedly,congruent,✅,0.8139770773892309
32,39,solemnly,incongruent,✅,0.15516649962895857
32,39,excitedly,incongruent,✅,0.060935940660032446
32,4,menu,congruent,✅,0.6615158393843495
32,4,prescription,congruent,✅,0.8654162793101216
32,4,menu,incongruent,✅,0.0800274491408324
32,4,prescription,incongruent,✅,0.06484713920514075
32,40,car,congruent,❌,0.20947093294583474
32,40,sock,congruent,✅,0.6428443109833899
32,40,car,incongruent,✅,0.025703589330324197
32,40,sock,incongruent,✅,0.020915512007834463
32,41,overdressed,congruent,✅,0.9375094855650069
32,41,naked,congruent,❌,0.25901850254474
32,41,overdressed,incongruent,✅,0.001956231589348941
32,41,naked,incongruent,✅,0.012991400137148548
32,42,shy,congruent,✅,0.9540829328388767
32,42,lively,congruent,✅,0.9700559219847565
32,42,shy,incongruent,✅,0.009796853140603986
32,42,lively,incongruent,✅,0.19482181158664186
32,43,offended,congruent,✅,0.9304207954353704
32,43,flattered,congruent,✅,0.7423536443549148
32,43,offended,incongruent,✅,0.03137981523691036
32,43,flattered,incongruent,✅,0.31127613627407197
32,44,grandkid,congruent,✅,0.9882227718024159
32,44,cellmate,congruent,✅,0.989119059649832
32,44,grandkid,incongruent,✅,0.023015519852889542
32,44,cellmate,incongruent,✅,0.018418597482241082
32,45,promoted,congruent,✅,0.9990889057702101
32,45,fired,congruent,✅,0.9896749374411475
32,45,promoted,incongruent,✅,0.24377702491615874
32,45,fired,incongruent,❌,0.9007884113606427
32,46,shooting,congruent,❌,0.07489406688151462
32,46,celebration,congruent,✅,0.6928084681710731
32,46,shooting,incongruent,✅,0.03552572182140199
32,46,celebration,incongruent,✅,0.0363327885408325
32,47,crayon,congruent,✅,0.8678884840884277
32,47,beer,congruent,✅,0.9722726587674425
32,47,crayon,incongruent,✅,0.0017419524182010974
32,47,beer,incongruent,✅,0.0022471651364913813
32,48,waiter,congruent,✅,0.9405560506055409
32,48,taxi,congruent,✅,0.8704762994553819
32,48,waiter,incongruent,✅,0.23615556971247684
32,48,taxi,incongruent,✅,0.032941876070473844
32,49,parents,congruent,✅,0.9975931840131503
32,49,keys,congruent,✅,0.9933209139922251
32,49,parents,incongruent,❌,0.5926061793562143
32,49,keys,incongruent,✅,0.12645569634432668
32,5,distress,congruent,✅,0.9862385407794072
32,5,tranquility,congruent,✅,0.9675477498842344
32,5,distress,incongruent,✅,0.002699204140097915
32,5,tranquility,incongruent,✅,0.2623145175144898
32,50,sofa,congruent,✅,0.9912953056324934
32,50,sky,congruent,✅,0.996965816826838
32,50,sofa,incongruent,✅,0.016285905797083052
32,50,sky,incongruent,✅,0.031082903966506373
32,51,obesity,congruent,❌,0.2872328705043783
32,51,homework,congruent,✅,0.9457790990520283
32,51,obesity,incongruent,✅,0.004273431824833789
32,51,homework,incongruent,✅,0.014979370736914382
32,52,quiz,congruent,✅,0.9904972068369218
32,52,commute,congruent,✅,0.9947701769500966
32,52,quiz,incongruent,✅,0.012936815020924556
32,52,commute,incongruent,✅,0.03097843323207642
32,53,migraine,congruent,✅,0.9978841606044221
32,53,excitement,congruent,✅,0.9884655139966673
32,53,migraine,incongruent,✅,0.008116645895193526
32,53,excitement,incongruent,✅,0.4655374973527747
32,54,niece,congruent,✅,0.7813944747749606
32,54,husband,congruent,✅,0.9585027175419341
32,54,niece,incongruent,✅,0.26809830269754653
32,54,husband,incongruent,✅,0.08457200030928372
32,55,film,congruent,✅,0.9927290038333715
32,55,sunrise,congruent,✅,0.9114483390266602
32,55,film,incongruent,✅,0.03589645146806313
32,55,sunrise,incongruent,✅,0.010299937976022999
32,56,lecture,congruent,✅,0.985319877616283
32,56,banquet,congruent,✅,0.9182196976813938
32,56,lecture,incongruent,✅,0.009417596634976851
32,56,banquet,incongruent,✅,0.006140709365924249
32,57,drink,congruent,✅,0.9658244953213712
32,57,textbook,congruent,✅,0.9713772774127665
32,57,drink,incongruent,✅,0.023010690026229574
32,57,textbook,incongruent,✅,0.002572986443727082
32,58,pool,congruent,✅,0.9988049725283995
32,58,snow,congruent,✅,0.9704331288159561
32,58,pool,incongruent,✅,0.001421762300499579
32,58,snow,incongruent,✅,0.07459954753276493
32,59,passport,congruent,✅,0.9679986177236254
32,59,plushy,congruent,✅,0.9784956651739487
32,59,passport,incongruent,✅,0.062198285669868354
32,59,plushy,incongruent,✅,0.11373435034566362
32,6,patients,congruent,✅,0.9865222841663716
32,6,students,congruent,✅,0.9955954088897896
32,6,patients,incongruent,✅,0.3226303333641068
32,6,students,incongruent,✅,0.12329916155083648
32,60,sister,congruent,✅,0.9910933492611568
32,60,father,congruent,✅,0.9133782739086764
32,60,sister,incongruent,✅,0.030590168348474996
32,60,father,incongruent,✅,0.1260576140888345
32,61,game,congruent,✅,0.9836560785219666
32,61,sunset,congruent,✅,0.9946221011836488
32,61,game,incongruent,✅,0.019899468554244456
32,61,sunset,incongruent,✅,0.007208356050642065
32,62,holidays,congruent,✅,0.8879464506486902
32,62,funeral,congruent,✅,0.9875761208776139
32,62,holidays,incongruent,✅,0.017329659223305437
32,62,funeral,incongruent,❌,0.5198550167134923
32,63,grades,congruent,✅,0.986112207109946
32,63,affair,congruent,✅,0.9872022306983538
32,63,grades,incongruent,✅,0.37773777316582147
32,63,affair,incongruent,✅,0.05636354384467998
32,64,arrest,congruent,✅,0.9601301755323355
32,64,stroke,congruent,✅,0.6280394581117913
32,64,arrest,incongruent,✅,0.2465522939342774
32,64,stroke,incongruent,❌,0.6052356551235429
32,65,pacifier,congruent,✅,0.9108480699546062
32,65,coffee,congruent,✅,0.9463025073539904
32,65,pacifier,incongruent,✅,0.08723749649327786
32,65,coffee,incongruent,✅,0.017131592828083415
32,66,sweets,congruent,✅,0.9961825429316803
32,66,sentencing,congruent,✅,0.9941238989516983
32,66,sweets,incongruent,✅,0.004061205875447796
32,66,sentencing,incongruent,✅,0.018884902219256025
32,67,nap,congruent,✅,0.9905447911146059
32,67,selfie,congruent,✅,0.9989042732941151
32,67,nap,incongruent,✅,0.011413484314395239
32,67,selfie,incongruent,✅,0.0001669182289991442
32,68,diaper,congruent,✅,0.9598061372719706
32,68,tire,congruent,✅,0.9973061533056832
32,68,diaper,incongruent,✅,0.0008509376593179541
32,68,tire,incongruent,✅,6.883174081195944e-05
32,69,chemotherapy,congruent,✅,0.9757581953085672
32,69,golf,congruent,✅,0.9730342029761252
32,69,chemotherapy,incongruent,✅,0.0052917410127199
32,69,golf,incongruent,✅,0.055668108743517894
32,7,consensus,congruent,✅,0.9395685769515263
32,7,deadlock,congruent,✅,0.9502939289810713
32,7,consensus,incongruent,✅,0.15948535542297393
32,7,deadlock,incongruent,✅,0.04590291369077115
32,70,thunder,congruent,✅,0.971943399038128
32,70,lullaby,congruent,✅,0.7603572209664733
32,70,thunder,incongruent,✅,0.13568405419572743
32,70,lullaby,incongruent,✅,0.08585512604511585
32,71,pajamas,congruent,✅,0.9839051168075637
32,71,uniform,congruent,✅,0.9110380522545329
32,71,pajamas,incongruent,✅,0.001290356167664316
32,71,uniform,incongruent,✅,0.037356375198336525
32,72,gown,congruent,✅,0.9924786183673449
32,72,sweats,congruent,✅,0.9961347792011065
32,72,gown,incongruent,✅,0.010762441721788862
32,72,sweats,incongruent,✅,0.3458307343306893
32,73,deadline,congruent,✅,0.8679963658823373
32,73,bed,congruent,✅,0.9628721390101177
32,73,deadline,incongruent,✅,0.004480750896018336
32,73,bed,incongruent,✅,0.08325401379065148
32,74,kindergarten,congruent,✅,0.834553253828728
32,74,jail,congruent,❌,0.4907543255924725
32,74,kindergarten,incongruent,✅,0.04084190820245666
32,74,jail,incongruent,✅,0.2950874877237523
32,75,interrogated,congruent,✅,0.993566229724452
32,75,tickled,congruent,✅,0.9889753021527801
32,75,interrogated,incongruent,✅,0.018075986988661356
32,75,tickled,incongruent,✅,0.02483799755111086
32,76,sandcastle,congruent,✅,0.9971742040640885
32,76,snowman,congruent,✅,0.9986235217758016
32,76,sandcastle,incongruent,✅,0.037414781906604126
32,76,snowman,incongruent,✅,0.01664966848169573
32,77,music,congruent,✅,0.9993504957981213
32,77,pizza,congruent,✅,0.997197977924437
32,77,music,incongruent,✅,0.0011875063714263552
32,77,pizza,incongruent,✅,0.000720732951843869
32,78,playoffs,congruent,✅,0.8043320513879555
32,78,cartoon,congruent,✅,0.9962895094362707
32,78,playoffs,incongruent,✅,0.011807117260812384
32,78,cartoon,incongruent,✅,0.042291856343463705
32,79,alcoholism,congruent,✅,0.9843234730460758
32,79,academics,congruent,✅,0.9662680079116872
32,79,alcoholism,incongruent,✅,0.05532017433850097
32,79,academics,incongruent,✅,0.1367269220102681
32,8,engagement,congruent,✅,0.5679937292469802
32,8,cancer,congruent,❌,0.15525358193319724
32,8,engagement,incongruent,✅,0.09295079165640246
32,8,cancer,incongruent,✅,0.05494971378931976
32,9,terminal,congruent,✅,0.9756364258043109
32,9,classroom,congruent,✅,0.9930934005264495
32,9,terminal,incongruent,✅,0.18424640442539403
32,9,classroom,incongruent,✅,0.32938154698849786
33,0,library,congruent,✅,0.6557714571139822
33,0,refrigerator,congruent,✅,0.8854123548173031
33,0,library,incongruent,✅,0.06864222744656309
33,0,refrigerator,incongruent,✅,0.02049452600752466
33,1,disappointment,congruent,✅,0.8984647141447498
33,1,delight,congruent,✅,0.832018110548178
33,1,disappointment,incongruent,✅,0.0815908217720776
33,1,delight,incongruent,✅,0.055439424363902604
33,10,cash,congruent,✅,0.9980925121584086
33,10,groceries,congruent,✅,0.9923132032183486
33,10,cash,incongruent,❌,0.5172750651377387
33,10,groceries,incongruent,✅,0.1132813281997431
33,11,lonely,congruent,✅,0.909778545724441
33,11,confident,congruent,✅,0.950716943375989
33,11,lonely,incongruent,✅,0.1309715011440859
33,11,confident,incongruent,✅,0.29435392942049887
33,12,joy,congruent,✅,0.9892152026695686
33,12,outrage,congruent,✅,0.5535667503057166
33,12,joy,incongruent,✅,0.016739207641530425
33,12,outrage,incongruent,❌,0.8412890273978014
33,13,traffic,congruent,✅,0.9884455658011974
33,13,snowstorm,congruent,✅,0.9705792219278567
33,13,traffic,incongruent,✅,0.35039456645235983
33,13,snowstorm,incongruent,✅,0.4789230697421394
33,14,laughter,congruent,✅,0.987730740415639
33,14,frustration,congruent,✅,0.9798158336345411
33,14,laughter,incongruent,✅,0.13033293363228365
33,14,frustration,incongruent,✅,0.3502034450025016
33,15,calculator,congruent,✅,0.7080558331447276
33,15,instrument,congruent,✅,0.7559514345777065
33,15,calculator,incongruent,✅,0.2730514793013925
33,15,instrument,incongruent,❌,0.6559059963523094
33,16,orchestra,congruent,✅,0.86565053643915
33,16,racers,congruent,✅,0.9795697691752003
33,16,orchestra,incongruent,✅,0.08259059864949653
33,16,racers,incongruent,✅,0.006163758288186769
33,17,retirement,congruent,✅,0.8618670405500576
33,17,playdate,congruent,✅,0.9658853389327535
33,17,retirement,incongruent,✅,0.0596474166324285
33,17,playdate,incongruent,✅,0.01951417596356905
33,18,relieved,congruent,✅,0.5750951686779936
33,18,depressed,congruent,✅,0.7285454030511486
33,18,relieved,incongruent,✅,0.011971595754496626
33,18,depressed,incongruent,✅,0.23736577314045704
33,19,friends,congruent,✅,0.5501274328794618
33,19,weight,congruent,✅,0.8106328210819718
33,19,friends,incongruent,❌,0.5617461687645802
33,19,weight,incongruent,✅,0.09093046216474691
33,2,overcoat,congruent,✅,0.8908598813967616
33,2,sandals,congruent,❌,0.42780163769510166
33,2,overcoat,incongruent,✅,0.007681375847399836
33,2,sandals,incongruent,✅,0.006692689386007402
33,20,lipstick,congruent,✅,0.7560159915269008
33,20,song,congruent,✅,0.9055017850832608
33,20,lipstick,incongruent,✅,0.07307331353866318
33,20,song,incongruent,✅,0.04977637278238068
33,21,fought,congruent,✅,0.9207357006818252
33,21,sang,congruent,✅,0.9789790847319593
33,21,fought,incongruent,✅,0.08600968536203024
33,21,sang,incongruent,✅,0.002366207711195919
33,22,skeptical,congruent,✅,0.5494699011415385
33,22,reassured,congruent,❌,0.33408155585733335
33,22,skeptical,incongruent,✅,0.12197193048790858
33,22,reassured,incongruent,✅,0.19862295860342324
33,23,graduation,congruent,✅,0.9940281098352897
33,23,operation,congruent,✅,0.9297081853422403
33,23,graduation,incongruent,✅,0.019154740955549473
33,23,operation,incongruent,✅,0.11441798666673116
33,24,bride,congruent,✅,0.850816887748092
33,24,aftermath,congruent,✅,0.9942827916315155
33,24,bride,incongruent,✅,0.37363204902062175
33,24,aftermath,incongruent,✅,0.008714874129210933
33,25,teacher,congruent,✅,0.9684493294395801
33,25,daughter,congruent,✅,0.9662018224066757
33,25,teacher,incongruent,✅,0.49128447370951667
33,25,daughter,incongruent,✅,0.018466068479878896
33,26,roommate,congruent,✅,0.9301770000196334
33,26,grandma,congruent,✅,0.9718311254438127
33,26,roommate,incongruent,✅,0.08732732348457696
33,26,grandma,incongruent,✅,0.06962909366067015
33,27,brother,congruent,✅,0.9052835785291731
33,27,mother,congruent,✅,0.9503196891004836
33,27,brother,incongruent,✅,0.03230742077890658
33,27,mother,incongruent,✅,0.013332931960419488
33,28,preschool,congruent,✅,0.8599887252230772
33,28,prison,congruent,✅,0.9543641616464643
33,28,preschool,incongruent,✅,0.005650337687680965
33,28,prison,incongruent,✅,0.06382158275882348
33,29,hopeful,congruent,✅,0.6075117728211942
33,29,hopeless,congruent,✅,0.9876277242471505
33,29,hopeful,incongruent,✅,0.10526571952295438
33,29,hopeless,incongruent,✅,0.014710355704888335
33,3,marathon,congruent,✅,0.7340621829264196
33,3,exam,congruent,✅,0.9368358592095012
33,3,marathon,incongruent,✅,0.1008366436768794
33,3,exam,incongruent,✅,0.042995268335712676
33,30,appalled,congruent,✅,0.9715743222038603
33,30,overjoyed,congruent,✅,0.9454207798823482
33,30,appalled,incongruent,✅,0.03176776133981387
33,30,overjoyed,incongruent,✅,0.37990339606316104
33,31,reprimand,congruent,✅,0.8909180025925385
33,31,encouragement,congruent,✅,0.9278032524151439
33,31,reprimand,incongruent,✅,0.028959562770080834
33,31,encouragement,incongruent,✅,0.04715056711864663
33,32,angrily,congruent,✅,0.9908553316323654
33,32,cordially,congruent,✅,0.9789693125806899
33,32,angrily,incongruent,✅,0.03837842539590704
33,32,cordially,incongruent,✅,0.03542757326549347
33,33,accusatory,congruent,✅,0.9901447383014766
33,33,flirtatious,congruent,✅,0.9547403454982484
33,33,accusatory,incongruent,✅,0.19265154052536998
33,33,flirtatious,incongruent,❌,0.6266895895448227
33,34,disapprovingly,congruent,✅,0.961973105889122
33,34,lovingly,congruent,✅,0.7782543763156369
33,34,disapprovingly,incongruent,✅,0.02251797287531067
33,34,lovingly,incongruent,✅,0.10364440484550667
33,35,playful,congruent,✅,0.8353576130879281
33,35,distant,congruent,❌,0.26893797151105187
33,35,playful,incongruent,✅,0.185836543825752
33,35,distant,incongruent,✅,0.06442691685739722
33,36,headphones,congruent,✅,0.7548826006613265
33,36,mangoes,congruent,✅,0.7439309809579254
33,36,headphones,incongruent,✅,0.027657419278871564
33,36,mangoes,incongruent,✅,0.08137415213068347
33,37,playroom,congruent,✅,0.9950998072756686
33,37,park,congruent,✅,0.9784927273657679
33,37,playroom,incongruent,✅,0.001378092352386845
33,37,park,incongruent,✅,0.05044018471679509
33,38,bedroom,congruent,✅,0.9877861397075298
33,38,backyard,congruent,✅,0.9638502722023422
33,38,bedroom,incongruent,✅,0.00692316004126449
33,38,backyard,incongruent,✅,0.0002799061351265134
33,39,solemnly,congruent,✅,0.9199715575267032
33,39,excitedly,congruent,✅,0.8782363173209173
33,39,solemnly,incongruent,✅,0.2537455642951986
33,39,excitedly,incongruent,✅,0.06485623856807005
33,4,menu,congruent,❌,0.4742544789842477
33,4,prescription,congruent,✅,0.8121519741585801
33,4,menu,incongruent,✅,0.06627453411141883
33,4,prescription,incongruent,✅,0.05606951569816253
33,40,car,congruent,❌,0.29646925278146136
33,40,sock,congruent,✅,0.7083345365367733
33,40,car,incongruent,✅,0.030717864269059137
33,40,sock,incongruent,✅,0.05158585260728035
33,41,overdressed,congruent,✅,0.9309798716867956
33,41,naked,congruent,❌,0.2876114027271898
33,41,overdressed,incongruent,✅,0.0024039473263868325
33,41,naked,incongruent,✅,0.02463501494677164
33,42,shy,congruent,✅,0.9460592796051057
33,42,lively,congruent,✅,0.9568963499975144
33,42,shy,incongruent,✅,0.010839423107762137
33,42,lively,incongruent,✅,0.18708614246434868
33,43,offended,congruent,✅,0.9069930534318332
33,43,flattered,congruent,✅,0.5369599274664166
33,43,offended,incongruent,✅,0.01761002052704398
33,43,flattered,incongruent,✅,0.2682524929800876
33,44,grandkid,congruent,✅,0.975163124430946
33,44,cellmate,congruent,✅,0.9818750003299204
33,44,grandkid,incongruent,✅,0.023096073957479094
33,44,cellmate,incongruent,✅,0.022344572268333272
33,45,promoted,congruent,✅,0.9982925971271086
33,45,fired,congruent,✅,0.9814985159421377
33,45,promoted,incongruent,✅,0.13681792921932065
33,45,fired,incongruent,❌,0.8729178197302502
33,46,shooting,congruent,❌,0.14278458058118781
33,46,celebration,congruent,✅,0.6742648231588931
33,46,shooting,incongruent,✅,0.04611531050168433
33,46,celebration,incongruent,✅,0.03355424741406259
33,47,crayon,congruent,✅,0.8657016453369756
33,47,beer,congruent,✅,0.9698006702235881
33,47,crayon,incongruent,✅,0.001506269911144
33,47,beer,incongruent,✅,0.0036249757546020877
33,48,waiter,congruent,✅,0.9352573934380587
33,48,taxi,congruent,✅,0.8302939996600188
33,48,waiter,incongruent,✅,0.18305306078075342
33,48,taxi,incongruent,✅,0.05743162013950514
33,49,parents,congruent,✅,0.998011898015045
33,49,keys,congruent,✅,0.991755764757759
33,49,parents,incongruent,❌,0.6509475108974256
33,49,keys,incongruent,✅,0.12628062429122883
33,5,distress,congruent,✅,0.9690029420127714
33,5,tranquility,congruent,✅,0.961125900581979
33,5,distress,incongruent,✅,0.0024815841383580757
33,5,tranquility,incongruent,✅,0.21079761472586228
33,50,sofa,congruent,✅,0.9921812829956929
33,50,sky,congruent,✅,0.9978345608118594
33,50,sofa,incongruent,✅,0.0268352794817101
33,50,sky,incongruent,✅,0.040566855690122854
33,51,obesity,congruent,❌,0.36130418315442975
33,51,homework,congruent,✅,0.9461932501323418
33,51,obesity,incongruent,✅,0.006731081615126092
33,51,homework,incongruent,✅,0.029022216813518492
33,52,quiz,congruent,✅,0.9890724327517983
33,52,commute,congruent,✅,0.9970028382879857
33,52,quiz,incongruent,✅,0.02881256849860966
33,52,commute,incongruent,✅,0.05827311114960609
33,53,migraine,congruent,✅,0.997747454209152
33,53,excitement,congruent,✅,0.988171019555805
33,53,migraine,incongruent,✅,0.009963634109109585
33,53,excitement,incongruent,❌,0.5928836995486968
33,54,niece,congruent,✅,0.7422208416218273
33,54,husband,congruent,✅,0.9169072385525223
33,54,niece,incongruent,✅,0.19993029980172197
33,54,husband,incongruent,✅,0.09747995448548677
33,55,film,congruent,✅,0.991983426978114
33,55,sunrise,congruent,✅,0.8741201354863691
33,55,film,incongruent,✅,0.03932853784346454
33,55,sunrise,incongruent,✅,0.016775625838795962
33,56,lecture,congruent,✅,0.9822282384533821
33,56,banquet,congruent,✅,0.8662439244808772
33,56,lecture,incongruent,✅,0.009286116874946175
33,56,banquet,incongruent,✅,0.007516759518228314
33,57,drink,congruent,✅,0.9682733992639084
33,57,textbook,congruent,✅,0.9667940309845693
33,57,drink,incongruent,✅,0.027229291426700396
33,57,textbook,incongruent,✅,0.0024889223135773886
33,58,pool,congruent,✅,0.998036549838012
33,58,snow,congruent,✅,0.9715609700641903
33,58,pool,incongruent,✅,0.0026742401509438816
33,58,snow,incongruent,✅,0.08935730338703482
33,59,passport,congruent,✅,0.9618233110441472
33,59,plushy,congruent,✅,0.9811272459731004
33,59,passport,incongruent,✅,0.08160269297176999
33,59,plushy,incongruent,✅,0.14096716820187694
33,6,patients,congruent,✅,0.9823993404540561
33,6,students,congruent,✅,0.993890150512184
33,6,patients,incongruent,✅,0.35848333350779205
33,6,students,incongruent,✅,0.167444089831245
33,60,sister,congruent,✅,0.988243337844102
33,60,father,congruent,✅,0.9411610509949481
33,60,sister,incongruent,✅,0.04277468353032909
33,60,father,incongruent,✅,0.15348399536799942
33,61,game,congruent,✅,0.9843969325866145
33,61,sunset,congruent,✅,0.9911540517161709
33,61,game,incongruent,✅,0.017898687539453194
33,61,sunset,incongruent,✅,0.012721457059189898
33,62,holidays,congruent,✅,0.883642087925924
33,62,funeral,congruent,✅,0.9784277874340891
33,62,holidays,incongruent,✅,0.01848151230632914
33,62,funeral,incongruent,✅,0.3939742057959041
33,63,grades,congruent,✅,0.971719900140743
33,63,affair,congruent,✅,0.9863799067906829
33,63,grades,incongruent,✅,0.4648011239210661
33,63,affair,incongruent,✅,0.05297574502362807
33,64,arrest,congruent,✅,0.95003823182809
33,64,stroke,congruent,✅,0.6398838261642317
33,64,arrest,incongruent,✅,0.2774145033555009
33,64,stroke,incongruent,❌,0.5491651134225178
33,65,pacifier,congruent,✅,0.8865700421655518
33,65,coffee,congruent,✅,0.9540759217513838
33,65,pacifier,incongruent,✅,0.1646748897468025
33,65,coffee,incongruent,✅,0.009215396774549087
33,66,sweets,congruent,✅,0.9965553700518771
33,66,sentencing,congruent,✅,0.9913644566309594
33,66,sweets,incongruent,✅,0.00462640890099642
33,66,sentencing,incongruent,✅,0.02476079472109466
33,67,nap,congruent,✅,0.9888463626531949
33,67,selfie,congruent,✅,0.9991198853756234
33,67,nap,incongruent,✅,0.017093981926769263
33,67,selfie,incongruent,✅,0.0003355080915505394
33,68,diaper,congruent,✅,0.9484351615239691
33,68,tire,congruent,✅,0.9954177862139997
33,68,diaper,incongruent,✅,0.0014964188148657385
33,68,tire,incongruent,✅,0.00012903834766161317
33,69,chemotherapy,congruent,✅,0.9585165259647462
33,69,golf,congruent,✅,0.9507380260110172
33,69,chemotherapy,incongruent,✅,0.006804710462798422
33,69,golf,incongruent,✅,0.04207568772003352
33,7,consensus,congruent,✅,0.9611052726075828
33,7,deadlock,congruent,✅,0.9574888724914455
33,7,consensus,incongruent,✅,0.2251846307281852
33,7,deadlock,incongruent,✅,0.1020053324915292
33,70,thunder,congruent,✅,0.9592770903353218
33,70,lullaby,congruent,✅,0.7945698002956836
33,70,thunder,incongruent,✅,0.14053158412335007
33,70,lullaby,incongruent,✅,0.10469089003034829
33,71,pajamas,congruent,✅,0.9912431034663574
33,71,uniform,congruent,✅,0.9290048676978196
33,71,pajamas,incongruent,✅,0.003155480441183698
33,71,uniform,incongruent,✅,0.04411223530127399
33,72,gown,congruent,✅,0.9857681731081812
33,72,sweats,congruent,✅,0.9957636242402613
33,72,gown,incongruent,✅,0.012967274750155374
33,72,sweats,incongruent,✅,0.3101578611152947
33,73,deadline,congruent,✅,0.8651778961662395
33,73,bed,congruent,✅,0.9516531121402374
33,73,deadline,incongruent,✅,0.00544129547157737
33,73,bed,incongruent,✅,0.11807393021948888
33,74,kindergarten,congruent,✅,0.8420786432450119
33,74,jail,congruent,❌,0.4500507563078237
33,74,kindergarten,incongruent,✅,0.03796163776691055
33,74,jail,incongruent,✅,0.301828975299406
33,75,interrogated,congruent,✅,0.995608955080977
33,75,tickled,congruent,✅,0.9888342380035053
33,75,interrogated,incongruent,✅,0.037590380177771464
33,75,tickled,incongruent,✅,0.04291104649306367
33,76,sandcastle,congruent,✅,0.9957281353617189
33,76,snowman,congruent,✅,0.9983532355598161
33,76,sandcastle,incongruent,✅,0.016190865864848195
33,76,snowman,incongruent,✅,0.011230103673405172
33,77,music,congruent,✅,0.999189095989893
33,77,pizza,congruent,✅,0.9972900382456926
33,77,music,incongruent,✅,0.002493694599852273
33,77,pizza,incongruent,✅,0.000955953361517017
33,78,playoffs,congruent,✅,0.7875070977487929
33,78,cartoon,congruent,✅,0.9922402442030919
33,78,playoffs,incongruent,✅,0.01227996710169478
33,78,cartoon,incongruent,✅,0.04817684784063288
33,79,alcoholism,congruent,✅,0.9756133506256713
33,79,academics,congruent,✅,0.9382983090697729
33,79,alcoholism,incongruent,✅,0.04702542668022491
33,79,academics,incongruent,✅,0.15876865920906066
33,8,engagement,congruent,✅,0.6039279942748987
33,8,cancer,congruent,❌,0.18226856733807587
33,8,engagement,incongruent,✅,0.09526721091811603
33,8,cancer,incongruent,✅,0.06803412218041757
33,9,terminal,congruent,✅,0.963892318810895
33,9,classroom,congruent,✅,0.9900374723153865
33,9,terminal,incongruent,✅,0.20871205549427113
33,9,classroom,incongruent,✅,0.4558983423740018
34,0,library,congruent,✅,0.647056428307352
34,0,refrigerator,congruent,✅,0.8419238931554985
34,0,library,incongruent,✅,0.06682874746934786
34,0,refrigerator,incongruent,✅,0.04228501916800462
34,1,disappointment,congruent,✅,0.8551321290066743
34,1,delight,congruent,✅,0.8287702176182169
34,1,disappointment,incongruent,✅,0.09137211377888269
34,1,delight,incongruent,✅,0.05215003274657636
34,10,cash,congruent,✅,0.9970787228525491
34,10,groceries,congruent,✅,0.9924376772386895
34,10,cash,incongruent,❌,0.5090705485251595
34,10,groceries,incongruent,✅,0.15414467844971017
34,11,lonely,congruent,✅,0.9495731918348415
34,11,confident,congruent,✅,0.9583056831782147
34,11,lonely,incongruent,✅,0.1675628536382245
34,11,confident,incongruent,✅,0.4753095718693031
34,12,joy,congruent,✅,0.9888592007989866
34,12,outrage,congruent,✅,0.5800941429020906
34,12,joy,incongruent,✅,0.026498696593653056
34,12,outrage,incongruent,❌,0.8596502393939368
34,13,traffic,congruent,✅,0.9941622352593975
34,13,snowstorm,congruent,✅,0.9753225034143106
34,13,traffic,incongruent,✅,0.4555949630338025
34,13,snowstorm,incongruent,❌,0.669398206056666
34,14,laughter,congruent,✅,0.9828287141697327
34,14,frustration,congruent,✅,0.9780375751860381
34,14,laughter,incongruent,✅,0.16070975982298596
34,14,frustration,incongruent,✅,0.3600395785501824
34,15,calculator,congruent,✅,0.7364262957541842
34,15,instrument,congruent,✅,0.7032546279841718
34,15,calculator,incongruent,✅,0.20705756337276435
34,15,instrument,incongruent,❌,0.7002777917630323
34,16,orchestra,congruent,✅,0.8199290745354494
34,16,racers,congruent,✅,0.9619755432987536
34,16,orchestra,incongruent,✅,0.07635407600544401
34,16,racers,incongruent,✅,0.007757799379223986
34,17,retirement,congruent,✅,0.9297071262800153
34,17,playdate,congruent,✅,0.9693727774560145
34,17,retirement,incongruent,✅,0.07972250263362309
34,17,playdate,incongruent,✅,0.045695030755016006
34,18,relieved,congruent,✅,0.6250951034928589
34,18,depressed,congruent,✅,0.7647766834427129
34,18,relieved,incongruent,✅,0.01886705117775913
34,18,depressed,incongruent,✅,0.29628145451359994
34,19,friends,congruent,✅,0.5339346938794973
34,19,weight,congruent,✅,0.7251219604636981
34,19,friends,incongruent,✅,0.4908035166141836
34,19,weight,incongruent,✅,0.09343472597125681
34,2,overcoat,congruent,✅,0.9059100766360536
34,2,sandals,congruent,❌,0.4045122068628975
34,2,overcoat,incongruent,✅,0.006332882867554274
34,2,sandals,incongruent,✅,0.010046514878912057
34,20,lipstick,congruent,✅,0.8245408409562874
34,20,song,congruent,✅,0.8926668869035944
34,20,lipstick,incongruent,✅,0.06849948600205086
34,20,song,incongruent,✅,0.10286326770656258
34,21,fought,congruent,✅,0.9211813920537295
34,21,sang,congruent,✅,0.9644704539179
34,21,fought,incongruent,✅,0.05119603348223472
34,21,sang,incongruent,✅,0.004471359956668441
34,22,skeptical,congruent,✅,0.520056702906141
34,22,reassured,congruent,❌,0.3864022725562301
34,22,skeptical,incongruent,✅,0.15434629414125745
34,22,reassured,incongruent,✅,0.19436654918561086
34,23,graduation,congruent,✅,0.9910305418426132
34,23,operation,congruent,✅,0.9411171199987134
34,23,graduation,incongruent,✅,0.04123237883898245
34,23,operation,incongruent,✅,0.10494679187467594
34,24,bride,congruent,✅,0.7720670826061191
34,24,aftermath,congruent,✅,0.9924154857340062
34,24,bride,incongruent,✅,0.39051464915061296
34,24,aftermath,incongruent,✅,0.004698360339628734
34,25,teacher,congruent,✅,0.9684964842060766
34,25,daughter,congruent,✅,0.9546541742807383
34,25,teacher,incongruent,✅,0.44365139226737743
34,25,daughter,incongruent,✅,0.02366984013568357
34,26,roommate,congruent,✅,0.9129824362242152
34,26,grandma,congruent,✅,0.9570994861519297
34,26,roommate,incongruent,✅,0.11873385182783007
34,26,grandma,incongruent,✅,0.045200420676289474
34,27,brother,congruent,✅,0.9330950971568936
34,27,mother,congruent,✅,0.9539314309115549
34,27,brother,incongruent,✅,0.04996518977085352
34,27,mother,incongruent,✅,0.016827033707455544
34,28,preschool,congruent,✅,0.8262053517229152
34,28,prison,congruent,✅,0.9525418385754133
34,28,preschool,incongruent,✅,0.0071539661686705665
34,28,prison,incongruent,✅,0.08020239190378174
34,29,hopeful,congruent,❌,0.48239400416193656
34,29,hopeless,congruent,✅,0.9798938159887681
34,29,hopeful,incongruent,✅,0.08844383856658321
34,29,hopeless,incongruent,✅,0.011526751205754719
34,3,marathon,congruent,✅,0.724397526288775
34,3,exam,congruent,✅,0.9166091189102682
34,3,marathon,incongruent,✅,0.13404399318340085
34,3,exam,incongruent,✅,0.045763498117301515
34,30,appalled,congruent,✅,0.9636411912799127
34,30,overjoyed,congruent,✅,0.9509322865667575
34,30,appalled,incongruent,✅,0.05352469208467645
34,30,overjoyed,incongruent,✅,0.37786557665649523
34,31,reprimand,congruent,✅,0.8832143844961253
34,31,encouragement,congruent,✅,0.8969957040798057
34,31,reprimand,incongruent,✅,0.02752790338511211
34,31,encouragement,incongruent,✅,0.05009026493216855
34,32,angrily,congruent,✅,0.9856084070424278
34,32,cordially,congruent,✅,0.9827618362060818
34,32,angrily,incongruent,✅,0.0743247080662957
34,32,cordially,incongruent,✅,0.045747294146075375
34,33,accusatory,congruent,✅,0.9902860354649481
34,33,flirtatious,congruent,✅,0.9556015666856403
34,33,accusatory,incongruent,✅,0.23082686936809546
34,33,flirtatious,incongruent,❌,0.6470170995468215
34,34,disapprovingly,congruent,✅,0.9335731614886403
34,34,lovingly,congruent,✅,0.5940813588302337
34,34,disapprovingly,incongruent,✅,0.013680803688770327
34,34,lovingly,incongruent,✅,0.07443116331444342
34,35,playful,congruent,✅,0.8644019470689477
34,35,distant,congruent,❌,0.43974102821440086
34,35,playful,incongruent,✅,0.3336837796737447
34,35,distant,incongruent,✅,0.13488918747288806
34,36,headphones,congruent,✅,0.6816240948377787
34,36,mangoes,congruent,✅,0.7179299193855937
34,36,headphones,incongruent,✅,0.027809064293973288
34,36,mangoes,incongruent,✅,0.06794675489067803
34,37,playroom,congruent,✅,0.9931694923921709
34,37,park,congruent,✅,0.9759656596558506
34,37,playroom,incongruent,✅,0.0019305629186328079
34,37,park,incongruent,✅,0.054742645634641436
34,38,bedroom,congruent,✅,0.983264617283663
34,38,backyard,congruent,✅,0.955313528996459
34,38,bedroom,incongruent,✅,0.007636944716383481
34,38,backyard,incongruent,✅,0.00025861431843007566
34,39,solemnly,congruent,✅,0.9435999765411283
34,39,excitedly,congruent,✅,0.9408098469219401
34,39,solemnly,incongruent,✅,0.4315380309501342
34,39,excitedly,incongruent,✅,0.12606346257455123
34,4,menu,congruent,❌,0.3988355464640938
34,4,prescription,congruent,✅,0.7614904195913399
34,4,menu,incongruent,✅,0.07922064296029784
34,4,prescription,incongruent,✅,0.049210890643754564
34,40,car,congruent,❌,0.3919907308935133
34,40,sock,congruent,✅,0.8104447249069412
34,40,car,incongruent,✅,0.05735847563730834
34,40,sock,incongruent,✅,0.07070363628691327
34,41,overdressed,congruent,✅,0.8701362461756005
34,41,naked,congruent,❌,0.28253115925808603
34,41,overdressed,incongruent,✅,0.0026949797916747007
34,41,naked,incongruent,✅,0.03384486827274602
34,42,shy,congruent,✅,0.915618896462956
34,42,lively,congruent,✅,0.9435961167981072
34,42,shy,incongruent,✅,0.009088843360161048
34,42,lively,incongruent,✅,0.12111600554184604
34,43,offended,congruent,✅,0.8833217171691345
34,43,flattered,congruent,❌,0.49898052196195863
34,43,offended,incongruent,✅,0.015405152935537582
34,43,flattered,incongruent,✅,0.2639478692562624
34,44,grandkid,congruent,✅,0.9679738968855522
34,44,cellmate,congruent,✅,0.9871818946824472
34,44,grandkid,incongruent,✅,0.06296769485450492
34,44,cellmate,incongruent,✅,0.027723221201074164
34,45,promoted,congruent,✅,0.9973518964249459
34,45,fired,congruent,✅,0.9720037173285391
34,45,promoted,incongruent,✅,0.11317437662002333
34,45,fired,incongruent,❌,0.8660702124716906
34,46,shooting,congruent,❌,0.11812138209091272
34,46,celebration,congruent,❌,0.44842133371904563
34,46,shooting,incongruent,✅,0.020212382174932566
34,46,celebration,incongruent,✅,0.016040237553489017
34,47,crayon,congruent,✅,0.828029227046433
34,47,beer,congruent,✅,0.9817789730059939
34,47,crayon,incongruent,✅,0.0016801638235234896
34,47,beer,incongruent,✅,0.005945277468047289
34,48,waiter,congruent,✅,0.9602949415635751
34,48,taxi,congruent,✅,0.8479186961664861
34,48,waiter,incongruent,✅,0.2239420037656509
34,48,taxi,incongruent,✅,0.09303125510372064
34,49,parents,congruent,✅,0.9978089384758083
34,49,keys,congruent,✅,0.986706428122684
34,49,parents,incongruent,❌,0.6818359648408255
34,49,keys,incongruent,✅,0.13307690296500255
34,5,distress,congruent,✅,0.9513136325151943
34,5,tranquility,congruent,✅,0.9568576513794291
34,5,distress,incongruent,✅,0.004033870443313149
34,5,tranquility,incongruent,✅,0.20035636839515422
34,50,sofa,congruent,✅,0.9927775336249838
34,50,sky,congruent,✅,0.9968140617498222
34,50,sofa,incongruent,✅,0.031700304169686
34,50,sky,incongruent,✅,0.05063505860273684
34,51,obesity,congruent,❌,0.4407202061242606
34,51,homework,congruent,✅,0.9012102276000372
34,51,obesity,incongruent,✅,0.006280729612415521
34,51,homework,incongruent,✅,0.0427109524509459
34,52,quiz,congruent,✅,0.9836242951729159
34,52,commute,congruent,✅,0.9944084154051708
34,52,quiz,incongruent,✅,0.022935179529445623
34,52,commute,incongruent,✅,0.09213608902341609
34,53,migraine,congruent,✅,0.9980483209450864
34,53,excitement,congruent,✅,0.9820720481099584
34,53,migraine,incongruent,✅,0.011002117841109625
34,53,excitement,incongruent,❌,0.775073573132451
34,54,niece,congruent,✅,0.7620331172077033
34,54,husband,congruent,✅,0.9345966076527793
34,54,niece,incongruent,✅,0.31140051314587724
34,54,husband,incongruent,✅,0.15631714734372312
34,55,film,congruent,✅,0.9875535539149284
34,55,sunrise,congruent,✅,0.8035705520232597
34,55,film,incongruent,✅,0.05203673780267251
34,55,sunrise,incongruent,✅,0.018776517533396844
34,56,lecture,congruent,✅,0.9664797765743087
34,56,banquet,congruent,✅,0.8492361131973323
34,56,lecture,incongruent,✅,0.007869968240251757
34,56,banquet,incongruent,✅,0.008821450079033424
34,57,drink,congruent,✅,0.9844249258537228
34,57,textbook,congruent,✅,0.9695634162946943
34,57,drink,incongruent,✅,0.032252989989947654
34,57,textbook,incongruent,✅,0.0059289917129483425
34,58,pool,congruent,✅,0.9972348857270297
34,58,snow,congruent,✅,0.9614168879792634
34,58,pool,incongruent,✅,0.003624233536826635
34,58,snow,incongruent,✅,0.12727493165591575
34,59,passport,congruent,✅,0.9305570851976902
34,59,plushy,congruent,✅,0.9746489093338264
34,59,passport,incongruent,✅,0.04380375598307831
34,59,plushy,incongruent,✅,0.08394584302751891
34,6,patients,congruent,✅,0.9872201260750297
34,6,students,congruent,✅,0.994374227551741
34,6,patients,incongruent,❌,0.5199029487190113
34,6,students,incongruent,✅,0.29540170770831115
34,60,sister,congruent,✅,0.9760468080449202
34,60,father,congruent,✅,0.9199234383031166
34,60,sister,incongruent,✅,0.047807368456309174
34,60,father,incongruent,✅,0.11936991181063981
34,61,game,congruent,✅,0.9818388727142103
34,61,sunset,congruent,✅,0.9871812054587084
34,61,game,incongruent,✅,0.018013275039687845
34,61,sunset,incongruent,✅,0.013986479095895782
34,62,holidays,congruent,✅,0.8773211077133333
34,62,funeral,congruent,✅,0.9783131078727817
34,62,holidays,incongruent,✅,0.032952287901316046
34,62,funeral,incongruent,✅,0.396391652127145
34,63,grades,congruent,✅,0.953557772820157
34,63,affair,congruent,✅,0.9846715840707005
34,63,grades,incongruent,❌,0.5566714995456897
34,63,affair,incongruent,✅,0.06558906568586877
34,64,arrest,congruent,✅,0.9433846912548889
34,64,stroke,congruent,✅,0.5384984888238213
34,64,arrest,incongruent,✅,0.2032687262659535
34,64,stroke,incongruent,❌,0.5618527092533758
34,65,pacifier,congruent,✅,0.822233686610193
34,65,coffee,congruent,✅,0.9042486826407071
34,65,pacifier,incongruent,✅,0.12474354399343457
34,65,coffee,incongruent,✅,0.004928708925227334
34,66,sweets,congruent,✅,0.9967412439258885
34,66,sentencing,congruent,✅,0.9815323130137579
34,66,sweets,incongruent,✅,0.005081170744341829
34,66,sentencing,incongruent,✅,0.034441616810960266
34,67,nap,congruent,✅,0.9865070704031434
34,67,selfie,congruent,✅,0.9976678792365513
34,67,nap,incongruent,✅,0.008312095451372997
34,67,selfie,incongruent,✅,0.0005253491443517485
34,68,diaper,congruent,✅,0.9030817573855768
34,68,tire,congruent,✅,0.9935105152822798
34,68,diaper,incongruent,✅,0.001649844488629869
34,68,tire,incongruent,✅,0.00021304667665533733
34,69,chemotherapy,congruent,✅,0.9515139254638052
34,69,golf,congruent,✅,0.9444573593246127
34,69,chemotherapy,incongruent,✅,0.013904668035672252
34,69,golf,incongruent,✅,0.056922911655802884
34,7,consensus,congruent,✅,0.9652434501803581
34,7,deadlock,congruent,✅,0.9467702994831019
34,7,consensus,incongruent,✅,0.2575221097501333
34,7,deadlock,incongruent,✅,0.20917729253534664
34,70,thunder,congruent,✅,0.9277481378978618
34,70,lullaby,congruent,✅,0.8837531225386296
34,70,thunder,incongruent,✅,0.3176408608444824
34,70,lullaby,incongruent,✅,0.09229196857823752
34,71,pajamas,congruent,✅,0.9859343082737707
34,71,uniform,congruent,✅,0.9018272343672561
34,71,pajamas,incongruent,✅,0.004896094661501594
34,71,uniform,incongruent,✅,0.03302726283280228
34,72,gown,congruent,✅,0.9856157750416212
34,72,sweats,congruent,✅,0.9958202322562301
34,72,gown,incongruent,✅,0.018944882264557476
34,72,sweats,incongruent,✅,0.2962154897392205
34,73,deadline,congruent,✅,0.8950973136965976
34,73,bed,congruent,✅,0.9518580937114338
34,73,deadline,incongruent,✅,0.008368318488624666
34,73,bed,incongruent,✅,0.1860521033887081
34,74,kindergarten,congruent,✅,0.8703550366114107
34,74,jail,congruent,❌,0.42634894059989153
34,74,kindergarten,incongruent,✅,0.03491425157504736
34,74,jail,incongruent,✅,0.33955449123501813
34,75,interrogated,congruent,✅,0.9933916099252119
34,75,tickled,congruent,✅,0.9946681782353929
34,75,interrogated,incongruent,✅,0.06451444851620296
34,75,tickled,incongruent,✅,0.04875387494751489
34,76,sandcastle,congruent,✅,0.9916544896495321
34,76,snowman,congruent,✅,0.9978124958561557
34,76,sandcastle,incongruent,✅,0.01756458785214846
34,76,snowman,incongruent,✅,0.006106181594238313
34,77,music,congruent,✅,0.9987673433005448
34,77,pizza,congruent,✅,0.9981908936743982
34,77,music,incongruent,✅,0.0038674347572538875
34,77,pizza,incongruent,✅,0.0019299499108801788
34,78,playoffs,congruent,✅,0.8158074446376187
34,78,cartoon,congruent,✅,0.9897205600196517
34,78,playoffs,incongruent,✅,0.019195005485969783
34,78,cartoon,incongruent,✅,0.07060885665887036
34,79,alcoholism,congruent,✅,0.9570967273405807
34,79,academics,congruent,✅,0.9013799786331326
34,79,alcoholism,incongruent,✅,0.04487982664982504
34,79,academics,incongruent,✅,0.12476721289630949
34,8,engagement,congruent,✅,0.7914374847556527
34,8,cancer,congruent,❌,0.2537957624257503
34,8,engagement,incongruent,✅,0.11276421090166712
34,8,cancer,incongruent,✅,0.17253104226191515
34,9,terminal,congruent,✅,0.9432022669781197
34,9,classroom,congruent,✅,0.9881242468370621
34,9,terminal,incongruent,✅,0.23201164086763998
34,9,classroom,incongruent,✅,0.4441830142579636
35,0,library,congruent,✅,0.7263601061797974
35,0,refrigerator,congruent,✅,0.8176520272617115
35,0,library,incongruent,✅,0.1576555893126905
35,0,refrigerator,incongruent,✅,0.07733211327849791
35,1,disappointment,congruent,✅,0.8665054080205815
35,1,delight,congruent,✅,0.8440335854795752
35,1,disappointment,incongruent,✅,0.1042823579735772
35,1,delight,incongruent,✅,0.08697960145900552
35,10,cash,congruent,✅,0.9976230682829611
35,10,groceries,congruent,✅,0.9930606945961867
35,10,cash,incongruent,❌,0.5465989507677897
35,10,groceries,incongruent,✅,0.4033441599789918
35,11,lonely,congruent,✅,0.9389408355296528
35,11,confident,congruent,✅,0.9573821849908339
35,11,lonely,incongruent,✅,0.20217305883048778
35,11,confident,incongruent,✅,0.4659241615354844
35,12,joy,congruent,✅,0.9840224220283189
35,12,outrage,congruent,✅,0.6204278337246145
35,12,joy,incongruent,✅,0.04438087173827871
35,12,outrage,incongruent,❌,0.8419124839633257
35,13,traffic,congruent,✅,0.9911882238380852
35,13,snowstorm,congruent,✅,0.9509254676573483
35,13,traffic,incongruent,✅,0.4663723435259871
35,13,snowstorm,incongruent,❌,0.5384621710972164
35,14,laughter,congruent,✅,0.9719494673995884
35,14,frustration,congruent,✅,0.960730429692483
35,14,laughter,incongruent,✅,0.16845416998037482
35,14,frustration,incongruent,✅,0.3182298783121692
35,15,calculator,congruent,✅,0.7056429089843949
35,15,instrument,congruent,✅,0.7562169568661743
35,15,calculator,incongruent,✅,0.34984502141951185
35,15,instrument,incongruent,❌,0.7194858751661353
35,16,orchestra,congruent,✅,0.7214152044761201
35,16,racers,congruent,✅,0.9454540168140484
35,16,orchestra,incongruent,✅,0.09823498686379682
35,16,racers,incongruent,✅,0.010310286187176866
35,17,retirement,congruent,✅,0.9411628640574974
35,17,playdate,congruent,✅,0.9572343963401578
35,17,retirement,incongruent,✅,0.03445928302433655
35,17,playdate,incongruent,✅,0.09466334696187124
35,18,relieved,congruent,✅,0.6957613875640056
35,18,depressed,congruent,✅,0.7764341066291366
35,18,relieved,incongruent,✅,0.02862552072035726
35,18,depressed,incongruent,✅,0.4079055109834223
35,19,friends,congruent,✅,0.5884478768026625
35,19,weight,congruent,✅,0.7534111134197607
35,19,friends,incongruent,❌,0.5675789344550327
35,19,weight,incongruent,✅,0.11716044116221522
35,2,overcoat,congruent,✅,0.8965273494559944
35,2,sandals,congruent,✅,0.6544966661703499
35,2,overcoat,incongruent,✅,0.013939974799571354
35,2,sandals,incongruent,✅,0.018593426684261623
35,20,lipstick,congruent,✅,0.8484691219779523
35,20,song,congruent,✅,0.815915426429625
35,20,lipstick,incongruent,✅,0.08928478265642877
35,20,song,incongruent,✅,0.23803564950548345
35,21,fought,congruent,✅,0.9358860110495402
35,21,sang,congruent,✅,0.939929815991264
35,21,fought,incongruent,✅,0.060539812087302566
35,21,sang,incongruent,✅,0.010751279591768394
35,22,skeptical,congruent,✅,0.5278147735399349
35,22,reassured,congruent,❌,0.4893605165674617
35,22,skeptical,incongruent,✅,0.2466073362269221
35,22,reassured,incongruent,✅,0.19385118350246974
35,23,graduation,congruent,✅,0.9942047658545662
35,23,operation,congruent,✅,0.922295992066748
35,23,graduation,incongruent,✅,0.0603207653053974
35,23,operation,incongruent,✅,0.2295823870891432
35,24,bride,congruent,✅,0.8724503644614342
35,24,aftermath,congruent,✅,0.9849052270956533
35,24,bride,incongruent,✅,0.2833095118269914
35,24,aftermath,incongruent,✅,0.00909799035163123
35,25,teacher,congruent,✅,0.9770112755525494
35,25,daughter,congruent,✅,0.9363816562266012
35,25,teacher,incongruent,✅,0.42706518765715296
35,25,daughter,incongruent,✅,0.03873846443463838
35,26,roommate,congruent,✅,0.884545400459668
35,26,grandma,congruent,✅,0.919737755281252
35,26,roommate,incongruent,✅,0.10882165613423267
35,26,grandma,incongruent,✅,0.0426012402893345
35,27,brother,congruent,✅,0.9409432322282915
35,27,mother,congruent,✅,0.9430643219318179
35,27,brother,incongruent,✅,0.054452482513162925
35,27,mother,incongruent,✅,0.012913097979802845
35,28,preschool,congruent,✅,0.7254208875139825
35,28,prison,congruent,✅,0.941425001273112
35,28,preschool,incongruent,✅,0.01018931655028852
35,28,prison,incongruent,✅,0.07570405466003244
35,29,hopeful,congruent,❌,0.3394014781229244
35,29,hopeless,congruent,✅,0.971433602061101
35,29,hopeful,incongruent,✅,0.09842630502618406
35,29,hopeless,incongruent,✅,0.00812117403813135
35,3,marathon,congruent,✅,0.6980594506433825
35,3,exam,congruent,✅,0.9105454036074337
35,3,marathon,incongruent,✅,0.19607285953208214
35,3,exam,incongruent,✅,0.0699857530902327
35,30,appalled,congruent,✅,0.9403529920884933
35,30,overjoyed,congruent,✅,0.9462319643017835
35,30,appalled,incongruent,✅,0.06473771426077204
35,30,overjoyed,incongruent,✅,0.303062454205525
35,31,reprimand,congruent,✅,0.8474399684760549
35,31,encouragement,congruent,✅,0.9031228119891502
35,31,reprimand,incongruent,✅,0.04085242975896256
35,31,encouragement,incongruent,✅,0.04433392973942673
35,32,angrily,congruent,✅,0.976065378650215
35,32,cordially,congruent,✅,0.9798037510039349
35,32,angrily,incongruent,✅,0.09867537777134985
35,32,cordially,incongruent,✅,0.05367229514348541
35,33,accusatory,congruent,✅,0.9881649761581991
35,33,flirtatious,congruent,✅,0.947108339727629
35,33,accusatory,incongruent,✅,0.2110688859628095
35,33,flirtatious,incongruent,❌,0.696521100770996
35,34,disapprovingly,congruent,✅,0.9089520208592041
35,34,lovingly,congruent,✅,0.6350406164805523
35,34,disapprovingly,incongruent,✅,0.01867482614732063
35,34,lovingly,incongruent,✅,0.06875946920645933
35,35,playful,congruent,✅,0.8504942321959611
35,35,distant,congruent,❌,0.4190825837477075
35,35,playful,incongruent,✅,0.3500537294333609
35,35,distant,incongruent,✅,0.13875018207380754
35,36,headphones,congruent,✅,0.6473344346075858
35,36,mangoes,congruent,✅,0.5744513477936287
35,36,headphones,incongruent,✅,0.03088546762642474
35,36,mangoes,incongruent,✅,0.08080576619867008
35,37,playroom,congruent,✅,0.9865994349353567
35,37,park,congruent,✅,0.9677437104146979
35,37,playroom,incongruent,✅,0.0027391693103539453
35,37,park,incongruent,✅,0.06297848867301842
35,38,bedroom,congruent,✅,0.983658465184058
35,38,backyard,congruent,✅,0.9592523159780844
35,38,bedroom,incongruent,✅,0.02114406860936667
35,38,backyard,incongruent,✅,0.0005750417292085978
35,39,solemnly,congruent,✅,0.9529193654372388
35,39,excitedly,congruent,✅,0.9686662834909809
35,39,solemnly,incongruent,❌,0.6202790560360191
35,39,excitedly,incongruent,✅,0.2520658573251355
35,4,menu,congruent,❌,0.30555930352202426
35,4,prescription,congruent,✅,0.7281986148215734
35,4,menu,incongruent,✅,0.09270141352915207
35,4,prescription,incongruent,✅,0.0339270496908759
35,40,car,congruent,❌,0.245715581488775
35,40,sock,congruent,✅,0.8159861253275205
35,40,car,incongruent,✅,0.049720658189180963
35,40,sock,incongruent,✅,0.06742466245925187
35,41,overdressed,congruent,✅,0.8708254962839661
35,41,naked,congruent,❌,0.3534900485040225
35,41,overdressed,incongruent,✅,0.0039603242996328015
35,41,naked,incongruent,✅,0.04956103136184589
35,42,shy,congruent,✅,0.8369209836062691
35,42,lively,congruent,✅,0.908231115967473
35,42,shy,incongruent,✅,0.008823737755977112
35,42,lively,incongruent,✅,0.09361609677511341
35,43,offended,congruent,✅,0.933367548251912
35,43,flattered,congruent,✅,0.5838076261896674
35,43,offended,incongruent,✅,0.022980195209540928
35,43,flattered,incongruent,✅,0.44917919139922696
35,44,grandkid,congruent,✅,0.9511175601995936
35,44,cellmate,congruent,✅,0.9821512944116307
35,44,grandkid,incongruent,✅,0.08345129950332417
35,44,cellmate,incongruent,✅,0.04070747884479282
35,45,promoted,congruent,✅,0.9966830310826819
35,45,fired,congruent,✅,0.9528701881615995
35,45,promoted,incongruent,✅,0.09311774464421693
35,45,fired,incongruent,❌,0.8123852596776223
35,46,shooting,congruent,❌,0.1675101846255355
35,46,celebration,congruent,❌,0.3587372500925393
35,46,shooting,incongruent,✅,0.01589503376447152
35,46,celebration,incongruent,✅,0.006851206565996825
35,47,crayon,congruent,✅,0.6745785437947721
35,47,beer,congruent,✅,0.9690633200490557
35,47,crayon,incongruent,✅,0.0021061420193914738
35,47,beer,incongruent,✅,0.004262356981443462
35,48,waiter,congruent,✅,0.9666322604661282
35,48,taxi,congruent,✅,0.8499273401427654
35,48,waiter,incongruent,✅,0.2704439813608935
35,48,taxi,incongruent,✅,0.23987988106652855
35,49,parents,congruent,✅,0.9970984865887695
35,49,keys,congruent,✅,0.9897615759092362
35,49,parents,incongruent,❌,0.787359169373135
35,49,keys,incongruent,✅,0.09376385142851312
35,5,distress,congruent,✅,0.9491577577123794
35,5,tranquility,congruent,✅,0.9511267068079642
35,5,distress,incongruent,✅,0.005794052578091619
35,5,tranquility,incongruent,✅,0.21868940550904464
35,50,sofa,congruent,✅,0.9905672748204243
35,50,sky,congruent,✅,0.9930911043855062
35,50,sofa,incongruent,✅,0.02097057293871754
35,50,sky,incongruent,✅,0.06915367859342178
35,51,obesity,congruent,❌,0.2879367916218142
35,51,homework,congruent,✅,0.9005786699524123
35,51,obesity,incongruent,✅,0.010143117150735754
35,51,homework,incongruent,✅,0.024481276225153167
35,52,quiz,congruent,✅,0.9841175577276403
35,52,commute,congruent,✅,0.9933512597742051
35,52,quiz,incongruent,✅,0.03134635432514036
35,52,commute,incongruent,✅,0.11635746812460598
35,53,migraine,congruent,✅,0.9975050214838399
35,53,excitement,congruent,✅,0.98069101319077
35,53,migraine,incongruent,✅,0.025734580652548467
35,53,excitement,incongruent,❌,0.7527243760308321
35,54,niece,congruent,✅,0.8083349834710857
35,54,husband,congruent,✅,0.9587412060419279
35,54,niece,incongruent,✅,0.3777115359352061
35,54,husband,incongruent,✅,0.2394952994780291
35,55,film,congruent,✅,0.9829360752818933
35,55,sunrise,congruent,✅,0.7186432585920679
35,55,film,incongruent,✅,0.051082117133625524
35,55,sunrise,incongruent,✅,0.013945672998648616
35,56,lecture,congruent,✅,0.9562054518063836
35,56,banquet,congruent,✅,0.8026480240047043
35,56,lecture,incongruent,✅,0.011551034386916272
35,56,banquet,incongruent,✅,0.01568295456844519
35,57,drink,congruent,✅,0.9851945124294689
35,57,textbook,congruent,✅,0.9719986204665725
35,57,drink,incongruent,✅,0.025728271883777475
35,57,textbook,incongruent,✅,0.006622176284027235
35,58,pool,congruent,✅,0.9957625192507058
35,58,snow,congruent,✅,0.964335550164012
35,58,pool,incongruent,✅,0.00675185479912922
35,58,snow,incongruent,✅,0.14537413082694467
35,59,passport,congruent,✅,0.9041315040477855
35,59,plushy,congruent,✅,0.971303746407802
35,59,passport,incongruent,✅,0.10210383867842121
35,59,plushy,incongruent,✅,0.1065878996839824
35,6,patients,congruent,✅,0.97919357717722
35,6,students,congruent,✅,0.9932666661077529
35,6,patients,incongruent,❌,0.6041347986638943
35,6,students,incongruent,✅,0.3553069793444219
35,60,sister,congruent,✅,0.9687552457028012
35,60,father,congruent,✅,0.8789611913904989
35,60,sister,incongruent,✅,0.05482675926839498
35,60,father,incongruent,✅,0.1005062737900671
35,61,game,congruent,✅,0.9840713090026676
35,61,sunset,congruent,✅,0.9842429536890128
35,61,game,incongruent,✅,0.028368038279121547
35,61,sunset,incongruent,✅,0.010140586468202739
35,62,holidays,congruent,✅,0.9081082860644073
35,62,funeral,congruent,✅,0.973920374835797
35,62,holidays,incongruent,✅,0.060409444020051044
35,62,funeral,incongruent,✅,0.4955921451115188
35,63,grades,congruent,✅,0.9443806386939715
35,63,affair,congruent,✅,0.9846959146115978
35,63,grades,incongruent,❌,0.5639077158794225
35,63,affair,incongruent,✅,0.046044807918473984
35,64,arrest,congruent,✅,0.9305697567205572
35,64,stroke,congruent,✅,0.5049703714834505
35,64,arrest,incongruent,✅,0.190391748089404
35,64,stroke,incongruent,❌,0.5718122921634364
35,65,pacifier,congruent,✅,0.7038425275452244
35,65,coffee,congruent,✅,0.8354957738291575
35,65,pacifier,incongruent,✅,0.0990762575233299
35,65,coffee,incongruent,✅,0.007223351001811269
35,66,sweets,congruent,✅,0.9929587685916248
35,66,sentencing,congruent,✅,0.9764598215085569
35,66,sweets,incongruent,✅,0.007435748302394644
35,66,sentencing,incongruent,✅,0.02774546950005207
35,67,nap,congruent,✅,0.9884242363098545
35,67,selfie,congruent,✅,0.9966572988143919
35,67,nap,incongruent,✅,0.01257293647763162
35,67,selfie,incongruent,✅,0.0008115588811397984
35,68,diaper,congruent,✅,0.8792541859194085
35,68,tire,congruent,✅,0.9926541662742782
35,68,diaper,incongruent,✅,0.002123349345628092
35,68,tire,incongruent,✅,0.0002760532824625637
35,69,chemotherapy,congruent,✅,0.9402857663987001
35,69,golf,congruent,✅,0.9072574522667136
35,69,chemotherapy,incongruent,✅,0.012264032470066879
35,69,golf,incongruent,✅,0.07525867595744797
35,7,consensus,congruent,✅,0.9851992868625541
35,7,deadlock,congruent,✅,0.958653845425938
35,7,consensus,incongruent,✅,0.4258688062911078
35,7,deadlock,incongruent,✅,0.4433829559833565
35,70,thunder,congruent,✅,0.8158989136057547
35,70,lullaby,congruent,✅,0.9193101754856701
35,70,thunder,incongruent,✅,0.4863857702213895
35,70,lullaby,incongruent,✅,0.08578286468771185
35,71,pajamas,congruent,✅,0.99169537187929
35,71,uniform,congruent,✅,0.8866272056574787
35,71,pajamas,incongruent,✅,0.00828601923603295
35,71,uniform,incongruent,✅,0.0705786303810663
35,72,gown,congruent,✅,0.9810067198229012
35,72,sweats,congruent,✅,0.9905962868427926
35,72,gown,incongruent,✅,0.015581137649249094
35,72,sweats,incongruent,✅,0.21589752403509394
35,73,deadline,congruent,✅,0.8508391042374901
35,73,bed,congruent,✅,0.9304403007424632
35,73,deadline,incongruent,✅,0.015888550375908105
35,73,bed,incongruent,✅,0.14082915246623004
35,74,kindergarten,congruent,✅,0.9053571850551114
35,74,jail,congruent,✅,0.5421899832569697
35,74,kindergarten,incongruent,✅,0.04141188525675975
35,74,jail,incongruent,✅,0.4173787955657694
35,75,interrogated,congruent,✅,0.9933349669560738
35,75,tickled,congruent,✅,0.9951869605867111
35,75,interrogated,incongruent,✅,0.13368537695673308
35,75,tickled,incongruent,✅,0.14827244834400669
35,76,sandcastle,congruent,✅,0.9943341868649389
35,76,snowman,congruent,✅,0.9967672580486112
35,76,sandcastle,incongruent,✅,0.036348504295385796
35,76,snowman,incongruent,✅,0.020764549336949874
35,77,music,congruent,✅,0.9986112674461713
35,77,pizza,congruent,✅,0.9992668427669724
35,77,music,incongruent,✅,0.01346675668185898
35,77,pizza,incongruent,✅,0.002600872251366294
35,78,playoffs,congruent,✅,0.6933087017882715
35,78,cartoon,congruent,✅,0.9861442225260832
35,78,playoffs,incongruent,✅,0.0211229652021636
35,78,cartoon,incongruent,✅,0.04966610318946782
35,79,alcoholism,congruent,✅,0.9688527913846037
35,79,academics,congruent,✅,0.9322369270315256
35,79,alcoholism,incongruent,✅,0.06903482852070371
35,79,academics,incongruent,✅,0.22425952552639883
35,8,engagement,congruent,✅,0.6345077500174511
35,8,cancer,congruent,❌,0.17948363530635533
35,8,engagement,incongruent,✅,0.07765775002226397
35,8,cancer,incongruent,✅,0.09388588801955623
35,9,terminal,congruent,✅,0.8997090214056741
35,9,classroom,congruent,✅,0.9840312681127197
35,9,terminal,incongruent,✅,0.2559476720586915
35,9,classroom,incongruent,✅,0.4458318071581754
36,0,library,congruent,✅,0.6038578052260284
36,0,refrigerator,congruent,✅,0.7373295551023545
36,0,library,incongruent,✅,0.1226922299187041
36,0,refrigerator,incongruent,✅,0.09887494122070757
36,1,disappointment,congruent,✅,0.799388261594994
36,1,delight,congruent,✅,0.7105862684376353
36,1,disappointment,incongruent,✅,0.06046105260303739
36,1,delight,incongruent,✅,0.0685615807324123
36,10,cash,congruent,✅,0.9969433104580877
36,10,groceries,congruent,✅,0.9921780939142396
36,10,cash,incongruent,❌,0.5052546995504736
36,10,groceries,incongruent,✅,0.40308623640173596
36,11,lonely,congruent,✅,0.9551919250435905
36,11,confident,congruent,✅,0.9536213715587966
36,11,lonely,incongruent,✅,0.258253948046468
36,11,confident,incongruent,❌,0.56028743847421
36,12,joy,congruent,✅,0.9810304803515406
36,12,outrage,congruent,✅,0.6048313851774244
36,12,joy,incongruent,✅,0.053933527352655865
36,12,outrage,incongruent,❌,0.8302204441256145
36,13,traffic,congruent,✅,0.9858446455781104
36,13,snowstorm,congruent,✅,0.9457782727470101
36,13,traffic,incongruent,✅,0.42610519172383426
36,13,snowstorm,incongruent,❌,0.5347184678674078
36,14,laughter,congruent,✅,0.9814427812108595
36,14,frustration,congruent,✅,0.9601988722556285
36,14,laughter,incongruent,✅,0.2078707769974144
36,14,frustration,incongruent,✅,0.4448416369292691
36,15,calculator,congruent,✅,0.6482740834095256
36,15,instrument,congruent,✅,0.6423987002969082
36,15,calculator,incongruent,✅,0.3192585096948352
36,15,instrument,incongruent,❌,0.6797772093440875
36,16,orchestra,congruent,✅,0.836826817810081
36,16,racers,congruent,✅,0.938736122851274
36,16,orchestra,incongruent,✅,0.1348031235285889
36,16,racers,incongruent,✅,0.02007087273083101
36,17,retirement,congruent,✅,0.9279061740002922
36,17,playdate,congruent,✅,0.9736615634748692
36,17,retirement,incongruent,✅,0.07661184011461082
36,17,playdate,incongruent,✅,0.11422116207832972
36,18,relieved,congruent,✅,0.694607143341363
36,18,depressed,congruent,✅,0.8336500107685415
36,18,relieved,incongruent,✅,0.04311274152575337
36,18,depressed,incongruent,✅,0.4547805949343393
36,19,friends,congruent,❌,0.40625447126059355
36,19,weight,congruent,✅,0.7623179657500353
36,19,friends,incongruent,❌,0.6947838525360052
36,19,weight,incongruent,✅,0.06264685140567988
36,2,overcoat,congruent,✅,0.8266815606912934
36,2,sandals,congruent,✅,0.5898996973689418
36,2,overcoat,incongruent,✅,0.015253983679459454
36,2,sandals,incongruent,✅,0.018027111444610493
36,20,lipstick,congruent,✅,0.9036903900539434
36,20,song,congruent,✅,0.9122797103625983
36,20,lipstick,incongruent,✅,0.2632251194462617
36,20,song,incongruent,✅,0.3704367279851488
36,21,fought,congruent,✅,0.942519582370298
36,21,sang,congruent,✅,0.8727524753612435
36,21,fought,incongruent,✅,0.048530367644283735
36,21,sang,incongruent,✅,0.012994375584923513
36,22,skeptical,congruent,❌,0.4391896599053481
36,22,reassured,congruent,❌,0.4762493415388158
36,22,skeptical,incongruent,✅,0.2376025441014155
36,22,reassured,incongruent,✅,0.1483475100094011
36,23,graduation,congruent,✅,0.9929361553083685
36,23,operation,congruent,✅,0.9106776475863666
36,23,graduation,incongruent,✅,0.06064551964109137
36,23,operation,incongruent,✅,0.23541636478841582
36,24,bride,congruent,✅,0.8936551610575565
36,24,aftermath,congruent,✅,0.9750845160963958
36,24,bride,incongruent,✅,0.2599241425444676
36,24,aftermath,incongruent,✅,0.022505972678014255
36,25,teacher,congruent,✅,0.9661883117049117
36,25,daughter,congruent,✅,0.9057840629331048
36,25,teacher,incongruent,✅,0.37474814759701963
36,25,daughter,incongruent,✅,0.03979270463773627
36,26,roommate,congruent,✅,0.8721297721474692
36,26,grandma,congruent,✅,0.9255895089100145
36,26,roommate,incongruent,✅,0.16984157142937792
36,26,grandma,incongruent,✅,0.055289927570881046
36,27,brother,congruent,✅,0.9446015501036057
36,27,mother,congruent,✅,0.9571988584742591
36,27,brother,incongruent,✅,0.09002975610494686
36,27,mother,incongruent,✅,0.0163250552249957
36,28,preschool,congruent,✅,0.7684462970467372
36,28,prison,congruent,✅,0.9267946477422441
36,28,preschool,incongruent,✅,0.013692584936905281
36,28,prison,incongruent,✅,0.1123256990799646
36,29,hopeful,congruent,❌,0.46314563558168714
36,29,hopeless,congruent,✅,0.9633978135273523
36,29,hopeful,incongruent,✅,0.08975786936142163
36,29,hopeless,incongruent,✅,0.01677916866882855
36,3,marathon,congruent,✅,0.806421934582733
36,3,exam,congruent,✅,0.9256626845839181
36,3,marathon,incongruent,✅,0.28651345106337367
36,3,exam,incongruent,✅,0.12809113507258313
36,30,appalled,congruent,✅,0.9300991692835705
36,30,overjoyed,congruent,✅,0.9253252288975816
36,30,appalled,incongruent,✅,0.06422888143267004
36,30,overjoyed,incongruent,✅,0.3171659611999757
36,31,reprimand,congruent,✅,0.8838553566891098
36,31,encouragement,congruent,✅,0.8949317320458107
36,31,reprimand,incongruent,✅,0.057393716908328535
36,31,encouragement,incongruent,✅,0.06995779336241825
36,32,angrily,congruent,✅,0.9698214589952296
36,32,cordially,congruent,✅,0.9646179254705582
36,32,angrily,incongruent,✅,0.08103688736401064
36,32,cordially,incongruent,✅,0.05139374601439288
36,33,accusatory,congruent,✅,0.9847876091704898
36,33,flirtatious,congruent,✅,0.9428197847799742
36,33,accusatory,incongruent,✅,0.22155653079974322
36,33,flirtatious,incongruent,❌,0.6772151199749722
36,34,disapprovingly,congruent,✅,0.8375698368135108
36,34,lovingly,congruent,✅,0.5307382752706158
36,34,disapprovingly,incongruent,✅,0.01700902441128241
36,34,lovingly,incongruent,✅,0.042671679498523095
36,35,playful,congruent,✅,0.8663982797054891
36,35,distant,congruent,❌,0.4476705642284014
36,35,playful,incongruent,✅,0.3731322956264455
36,35,distant,incongruent,✅,0.16746912503270703
36,36,headphones,congruent,✅,0.6872917551120769
36,36,mangoes,congruent,✅,0.621871797495828
36,36,headphones,incongruent,✅,0.05304809125164458
36,36,mangoes,incongruent,✅,0.10620314964644569
36,37,playroom,congruent,✅,0.9823869386587145
36,37,park,congruent,✅,0.9657803332737791
36,37,playroom,incongruent,✅,0.002871746932086106
36,37,park,incongruent,✅,0.07205056389018806
36,38,bedroom,congruent,✅,0.977757664747033
36,38,backyard,congruent,✅,0.9378877830557487
36,38,bedroom,incongruent,✅,0.019101269640604126
36,38,backyard,incongruent,✅,0.0005843638943553368
36,39,solemnly,congruent,✅,0.9217011987144761
36,39,excitedly,congruent,✅,0.9613887990046046
36,39,solemnly,incongruent,❌,0.5700806125131804
36,39,excitedly,incongruent,✅,0.204770378926601
36,4,menu,congruent,❌,0.4915505228415829
36,4,prescription,congruent,✅,0.7657141354925809
36,4,menu,incongruent,✅,0.12521047095171456
36,4,prescription,incongruent,✅,0.07901892906260514
36,40,car,congruent,❌,0.3209810289327571
36,40,sock,congruent,✅,0.743909123807693
36,40,car,incongruent,✅,0.04414181928565791
36,40,sock,incongruent,✅,0.053507381123718965
36,41,overdressed,congruent,✅,0.7991021392522007
36,41,naked,congruent,❌,0.2165310021310963
36,41,overdressed,incongruent,✅,0.002310951980841226
36,41,naked,incongruent,✅,0.04025766778883674
36,42,shy,congruent,✅,0.7674000708586545
36,42,lively,congruent,✅,0.8909059821439685
36,42,shy,incongruent,✅,0.006582154083470541
36,42,lively,incongruent,✅,0.06861914132590169
36,43,offended,congruent,✅,0.946330942276867
36,43,flattered,congruent,✅,0.60271902458416
36,43,offended,incongruent,✅,0.026226515265345657
36,43,flattered,incongruent,❌,0.5060790688372588
36,44,grandkid,congruent,✅,0.9105363205234915
36,44,cellmate,congruent,✅,0.9794091795408166
36,44,grandkid,incongruent,✅,0.09314675015214184
36,44,cellmate,incongruent,✅,0.023211304204329243
36,45,promoted,congruent,✅,0.9953368356082877
36,45,fired,congruent,✅,0.928296150417232
36,45,promoted,incongruent,✅,0.07443986951793158
36,45,fired,incongruent,❌,0.8049215052640168
36,46,shooting,congruent,❌,0.1374155900481611
36,46,celebration,congruent,❌,0.32388596753897053
36,46,shooting,incongruent,✅,0.014133907548983296
36,46,celebration,incongruent,✅,0.013850257440993335
36,47,crayon,congruent,✅,0.6091765602046755
36,47,beer,congruent,✅,0.9467100476427681
36,47,crayon,incongruent,✅,0.001445930796198665
36,47,beer,incongruent,✅,0.0043741378444834755
36,48,waiter,congruent,✅,0.9637169633647344
36,48,taxi,congruent,✅,0.8304934860498252
36,48,waiter,incongruent,✅,0.3194359570278799
36,48,taxi,incongruent,✅,0.2699044213081572
36,49,parents,congruent,✅,0.9966649082260253
36,49,keys,congruent,✅,0.9882750988424762
36,49,parents,incongruent,❌,0.8256458744970119
36,49,keys,incongruent,✅,0.10823868923357186
36,5,distress,congruent,✅,0.9314214329115809
36,5,tranquility,congruent,✅,0.9265748133386154
36,5,distress,incongruent,✅,0.00523898251398485
36,5,tranquility,incongruent,✅,0.17798321860663238
36,50,sofa,congruent,✅,0.9864739419755295
36,50,sky,congruent,✅,0.9919564135298189
36,50,sofa,incongruent,✅,0.019677323128066578
36,50,sky,incongruent,✅,0.06004569505841059
36,51,obesity,congruent,❌,0.1912172031428112
36,51,homework,congruent,✅,0.839056915067933
36,51,obesity,incongruent,✅,0.009781781810215042
36,51,homework,incongruent,✅,0.018601518702999368
36,52,quiz,congruent,✅,0.9822080445132719
36,52,commute,congruent,✅,0.9885425328482452
36,52,quiz,incongruent,✅,0.031506863776974696
36,52,commute,incongruent,✅,0.12274288799675903
36,53,migraine,congruent,✅,0.9970319273273164
36,53,excitement,congruent,✅,0.9839558909315931
36,53,migraine,incongruent,✅,0.053248504879177934
36,53,excitement,incongruent,❌,0.7781982408878281
36,54,niece,congruent,✅,0.8587591851170437
36,54,husband,congruent,✅,0.9600702271169352
36,54,niece,incongruent,✅,0.3524420248467069
36,54,husband,incongruent,✅,0.35226276396397604
36,55,film,congruent,✅,0.9752419917198696
36,55,sunrise,congruent,✅,0.6255317777078675
36,55,film,incongruent,✅,0.05687340185845193
36,55,sunrise,incongruent,✅,0.02801225261732644
36,56,lecture,congruent,✅,0.9386442624378005
36,56,banquet,congruent,✅,0.630993530968559
36,56,lecture,incongruent,✅,0.00657091850286228
36,56,banquet,incongruent,✅,0.016681418712858533
36,57,drink,congruent,✅,0.9845259969202139
36,57,textbook,congruent,✅,0.9749249923598826
36,57,drink,incongruent,✅,0.03362832651102368
36,57,textbook,incongruent,✅,0.007679041776161044
36,58,pool,congruent,✅,0.9945569118276143
36,58,snow,congruent,✅,0.9651428790080492
36,58,pool,incongruent,✅,0.011121952614976715
36,58,snow,incongruent,✅,0.1742737049231653
36,59,passport,congruent,✅,0.9138043107198691
36,59,plushy,congruent,✅,0.9484577581647099
36,59,passport,incongruent,✅,0.09839203052804905
36,59,plushy,incongruent,✅,0.09410271575519127
36,6,patients,congruent,✅,0.9769902682723294
36,6,students,congruent,✅,0.9904841804383243
36,6,patients,incongruent,❌,0.5937091596734749
36,6,students,incongruent,✅,0.3736759216584368
36,60,sister,congruent,✅,0.9588517472259684
36,60,father,congruent,✅,0.8438403344593395
36,60,sister,incongruent,✅,0.05339115354178226
36,60,father,incongruent,✅,0.09910705373512799
36,61,game,congruent,✅,0.9865110099359088
36,61,sunset,congruent,✅,0.9877800868584226
36,61,game,incongruent,✅,0.05972336088948198
36,61,sunset,incongruent,✅,0.014605226327132318
36,62,holidays,congruent,✅,0.919087447555921
36,62,funeral,congruent,✅,0.9631766714767764
36,62,holidays,incongruent,✅,0.07163132754861344
36,62,funeral,incongruent,✅,0.4842982956120951
36,63,grades,congruent,✅,0.8909447466014931
36,63,affair,congruent,✅,0.9895221862575736
36,63,grades,incongruent,❌,0.6335033321223146
36,63,affair,incongruent,✅,0.04312834536344237
36,64,arrest,congruent,✅,0.9289349296109259
36,64,stroke,congruent,✅,0.5589391900548083
36,64,arrest,incongruent,✅,0.30961835631511386
36,64,stroke,incongruent,❌,0.6366453525444763
36,65,pacifier,congruent,✅,0.724301411316139
36,65,coffee,congruent,✅,0.7968253948316286
36,65,pacifier,incongruent,✅,0.10098112709766273
36,65,coffee,incongruent,✅,0.010740504691759804
36,66,sweets,congruent,✅,0.9914699453403608
36,66,sentencing,congruent,✅,0.9833003145359842
36,66,sweets,incongruent,✅,0.01242839576042465
36,66,sentencing,incongruent,✅,0.03207014049443443
36,67,nap,congruent,✅,0.9872661943581041
36,67,selfie,congruent,✅,0.996994153512882
36,67,nap,incongruent,✅,0.013466504173349676
36,67,selfie,incongruent,✅,0.001169891189846997
36,68,diaper,congruent,✅,0.9064641515095812
36,68,tire,congruent,✅,0.9921949009798583
36,68,diaper,incongruent,✅,0.003231417592740454
36,68,tire,incongruent,✅,0.0007577114937774355
36,69,chemotherapy,congruent,✅,0.9091890580843485
36,69,golf,congruent,✅,0.8910508958562414
36,69,chemotherapy,incongruent,✅,0.011169269364337932
36,69,golf,incongruent,✅,0.06868418944847764
36,7,consensus,congruent,✅,0.9766079316684857
36,7,deadlock,congruent,✅,0.9487072934245543
36,7,consensus,incongruent,✅,0.33651231669177595
36,7,deadlock,incongruent,✅,0.3914214840562637
36,70,thunder,congruent,✅,0.5931461050683684
36,70,lullaby,congruent,✅,0.8953813258492317
36,70,thunder,incongruent,✅,0.3695760820719385
36,70,lullaby,incongruent,✅,0.055727523050571506
36,71,pajamas,congruent,✅,0.9928562393943189
36,71,uniform,congruent,✅,0.9232952635357073
36,71,pajamas,incongruent,✅,0.014662030255323833
36,71,uniform,incongruent,✅,0.12014790223498209
36,72,gown,congruent,✅,0.9742665105047047
36,72,sweats,congruent,✅,0.9929965036499993
36,72,gown,incongruent,✅,0.034035641755807505
36,72,sweats,incongruent,✅,0.20218307074026448
36,73,deadline,congruent,✅,0.7909385160873645
36,73,bed,congruent,✅,0.9001373540447839
36,73,deadline,incongruent,✅,0.016785951522499436
36,73,bed,incongruent,✅,0.11035638849505665
36,74,kindergarten,congruent,✅,0.808910559546648
36,74,jail,congruent,❌,0.4923185824806473
36,74,kindergarten,incongruent,✅,0.023976463259417578
36,74,jail,incongruent,✅,0.39064542625830434
36,75,interrogated,congruent,✅,0.987186451650646
36,75,tickled,congruent,✅,0.9965384231076543
36,75,interrogated,incongruent,✅,0.162173904087839
36,75,tickled,incongruent,✅,0.13761929033865658
36,76,sandcastle,congruent,✅,0.9903126800453124
36,76,snowman,congruent,✅,0.9965664526656025
36,76,sandcastle,incongruent,✅,0.0210072343803214
36,76,snowman,incongruent,✅,0.012192873803530178
36,77,music,congruent,✅,0.9982699492666356
36,77,pizza,congruent,✅,0.9990324439133305
36,77,music,incongruent,✅,0.011593951211036981
36,77,pizza,incongruent,✅,0.004470001603549821
36,78,playoffs,congruent,✅,0.751791727499288
36,78,cartoon,congruent,✅,0.9848909019749247
36,78,playoffs,incongruent,✅,0.031293283854942365
36,78,cartoon,incongruent,✅,0.07324904091995199
36,79,alcoholism,congruent,✅,0.9627821134241864
36,79,academics,congruent,✅,0.9488707042780123
36,79,alcoholism,incongruent,✅,0.09615974230256163
36,79,academics,incongruent,✅,0.17180155834490324
36,8,engagement,congruent,✅,0.5109159898744797
36,8,cancer,congruent,❌,0.21944787376804245
36,8,engagement,incongruent,✅,0.09564320928975392
36,8,cancer,incongruent,✅,0.05939645995850376
36,9,terminal,congruent,✅,0.8847155642172507
36,9,classroom,congruent,✅,0.9903524539501354
36,9,terminal,incongruent,✅,0.3697660302118625
36,9,classroom,incongruent,✅,0.4915765897090641
37,0,library,congruent,❌,0.47422108712095357
37,0,refrigerator,congruent,✅,0.7478793489490694
37,0,library,incongruent,✅,0.13789177069632136
37,0,refrigerator,incongruent,✅,0.08568509122420111
37,1,disappointment,congruent,✅,0.7425833018524243
37,1,delight,congruent,✅,0.7228051178890059
37,1,disappointment,incongruent,✅,0.07549989708783356
37,1,delight,incongruent,✅,0.06842949406134158
37,10,cash,congruent,✅,0.9947446708041765
37,10,groceries,congruent,✅,0.9857886216928066
37,10,cash,incongruent,✅,0.4490930355609752
37,10,groceries,incongruent,✅,0.44299127023722007
37,11,lonely,congruent,✅,0.9431353287064205
37,11,confident,congruent,✅,0.9425890517228097
37,11,lonely,incongruent,✅,0.26018348162023913
37,11,confident,incongruent,✅,0.4931081475893224
37,12,joy,congruent,✅,0.9841827169969873
37,12,outrage,congruent,✅,0.7009924675155524
37,12,joy,incongruent,✅,0.1022422993264049
37,12,outrage,incongruent,❌,0.8592610346554614
37,13,traffic,congruent,✅,0.9770953736828666
37,13,snowstorm,congruent,✅,0.9491774553216683
37,13,traffic,incongruent,✅,0.4173653288605592
37,13,snowstorm,incongruent,❌,0.5190303089846071
37,14,laughter,congruent,✅,0.9736522203484046
37,14,frustration,congruent,✅,0.9598844268115604
37,14,laughter,incongruent,✅,0.2587329145491324
37,14,frustration,incongruent,✅,0.4604139322244863
37,15,calculator,congruent,✅,0.6617801978129726
37,15,instrument,congruent,✅,0.6400273533315759
37,15,calculator,incongruent,✅,0.36903923978078534
37,15,instrument,incongruent,❌,0.6651824941522128
37,16,orchestra,congruent,✅,0.6685644113884432
37,16,racers,congruent,✅,0.9533664437818841
37,16,orchestra,incongruent,✅,0.2205599311015967
37,16,racers,incongruent,✅,0.011638580693557794
37,17,retirement,congruent,✅,0.9198893764165523
37,17,playdate,congruent,✅,0.9630774678483108
37,17,retirement,incongruent,✅,0.0759798038824744
37,17,playdate,incongruent,✅,0.12423487898416943
37,18,relieved,congruent,✅,0.5365527955526651
37,18,depressed,congruent,✅,0.814444604350786
37,18,relieved,incongruent,✅,0.045344117237330214
37,18,depressed,incongruent,✅,0.30003907770614535
37,19,friends,congruent,❌,0.47496217169443555
37,19,weight,congruent,✅,0.814736481346441
37,19,friends,incongruent,❌,0.7648575043510614
37,19,weight,incongruent,✅,0.09821739600911132
37,2,overcoat,congruent,✅,0.7631192440710758
37,2,sandals,congruent,✅,0.6280793678737135
37,2,overcoat,incongruent,✅,0.03494570646417261
37,2,sandals,incongruent,✅,0.016072001618661545
37,20,lipstick,congruent,✅,0.9325023397640074
37,20,song,congruent,✅,0.9414116975251505
37,20,lipstick,incongruent,✅,0.3794308995033688
37,20,song,incongruent,❌,0.6028047769549114
37,21,fought,congruent,✅,0.9515740972408534
37,21,sang,congruent,✅,0.9044186855461528
37,21,fought,incongruent,✅,0.07652256729501158
37,21,sang,incongruent,✅,0.025441832072227073
37,22,skeptical,congruent,❌,0.3893480603658485
37,22,reassured,congruent,✅,0.5579579697766975
37,22,skeptical,incongruent,✅,0.3005715031453837
37,22,reassured,incongruent,✅,0.13619743127174466
37,23,graduation,congruent,✅,0.9857134872920947
37,23,operation,congruent,✅,0.853462423618709
37,23,graduation,incongruent,✅,0.05259310605597748
37,23,operation,incongruent,✅,0.16480806275798227
37,24,bride,congruent,✅,0.9053999983970493
37,24,aftermath,congruent,✅,0.9706262864003578
37,24,bride,incongruent,✅,0.23963734763852976
37,24,aftermath,incongruent,✅,0.019618554495517165
37,25,teacher,congruent,✅,0.9652972149397322
37,25,daughter,congruent,✅,0.8925717599659664
37,25,teacher,incongruent,✅,0.3474913003346272
37,25,daughter,incongruent,✅,0.045650806560816146
37,26,roommate,congruent,✅,0.8321771171314764
37,26,grandma,congruent,✅,0.9080366021932147
37,26,roommate,incongruent,✅,0.14846088460012644
37,26,grandma,incongruent,✅,0.07503032988160747
37,27,brother,congruent,✅,0.9348531989335439
37,27,mother,congruent,✅,0.9449989586760117
37,27,brother,incongruent,✅,0.09587500764735629
37,27,mother,incongruent,✅,0.012566830546865174
37,28,preschool,congruent,✅,0.7382479063515908
37,28,prison,congruent,✅,0.9359905744934038
37,28,preschool,incongruent,✅,0.025537874997137264
37,28,prison,incongruent,✅,0.09467428453191575
37,29,hopeful,congruent,✅,0.5273393928417812
37,29,hopeless,congruent,✅,0.9687838357686288
37,29,hopeful,incongruent,✅,0.1298726965553574
37,29,hopeless,incongruent,✅,0.025290321814351324
37,3,marathon,congruent,✅,0.8492129431089572
37,3,exam,congruent,✅,0.9265768166672508
37,3,marathon,incongruent,✅,0.3612832999357699
37,3,exam,incongruent,✅,0.21211009860944882
37,30,appalled,congruent,✅,0.8907137807199985
37,30,overjoyed,congruent,✅,0.9045693369426651
37,30,appalled,incongruent,✅,0.06434710896221775
37,30,overjoyed,incongruent,✅,0.2400000513905309
37,31,reprimand,congruent,✅,0.8261641333044368
37,31,encouragement,congruent,✅,0.8378058861589907
37,31,reprimand,incongruent,✅,0.052391774107727135
37,31,encouragement,incongruent,✅,0.05324903647890772
37,32,angrily,congruent,✅,0.9568544391409318
37,32,cordially,congruent,✅,0.9757548165284348
37,32,angrily,incongruent,✅,0.13194909916594297
37,32,cordially,incongruent,✅,0.05646549745206878
37,33,accusatory,congruent,✅,0.9805120435984404
37,33,flirtatious,congruent,✅,0.9422310374172179
37,33,accusatory,incongruent,✅,0.21421358908441115
37,33,flirtatious,incongruent,❌,0.6543703590010927
37,34,disapprovingly,congruent,✅,0.8900358607325701
37,34,lovingly,congruent,✅,0.5178184504785261
37,34,disapprovingly,incongruent,✅,0.020011895123308365
37,34,lovingly,incongruent,✅,0.09802647483919866
37,35,playful,congruent,✅,0.8885881691682017
37,35,distant,congruent,❌,0.4936641759506859
37,35,playful,incongruent,✅,0.4269951880301667
37,35,distant,incongruent,✅,0.20796731500379778
37,36,headphones,congruent,✅,0.6322104633108951
37,36,mangoes,congruent,❌,0.4882077794540944
37,36,headphones,incongruent,✅,0.04748040328132505
37,36,mangoes,incongruent,✅,0.09481268573868207
37,37,playroom,congruent,✅,0.9812474090669
37,37,park,congruent,✅,0.9634610012081969
37,37,playroom,incongruent,✅,0.0024508683190823588
37,37,park,incongruent,✅,0.09069203490873437
37,38,bedroom,congruent,✅,0.9586664105120973
37,38,backyard,congruent,✅,0.927991720002825
37,38,bedroom,incongruent,✅,0.019831259241140393
37,38,backyard,incongruent,✅,0.0004680031984940711
37,39,solemnly,congruent,✅,0.8981913693803862
37,39,excitedly,congruent,✅,0.9575937898364476
37,39,solemnly,incongruent,❌,0.6517592352091504
37,39,excitedly,incongruent,✅,0.18343938037010118
37,4,menu,congruent,❌,0.4555102464362935
37,4,prescription,congruent,✅,0.7189518415575717
37,4,menu,incongruent,✅,0.09614700200321613
37,4,prescription,incongruent,✅,0.0826356155624075
37,40,car,congruent,❌,0.38252969612173804
37,40,sock,congruent,✅,0.5512284357959291
37,40,car,incongruent,✅,0.01970357177537468
37,40,sock,incongruent,✅,0.0199070026777885
37,41,overdressed,congruent,✅,0.7445010919202092
37,41,naked,congruent,❌,0.1852433998093325
37,41,overdressed,incongruent,✅,0.0030366846292838932
37,41,naked,incongruent,✅,0.03724446966359432
37,42,shy,congruent,✅,0.8507294820539708
37,42,lively,congruent,✅,0.8705196105419511
37,42,shy,incongruent,✅,0.010413394193751918
37,42,lively,incongruent,✅,0.09574190544952589
37,43,offended,congruent,✅,0.9306696694429971
37,43,flattered,congruent,✅,0.5116169330558961
37,43,offended,incongruent,✅,0.01924278119509249
37,43,flattered,incongruent,❌,0.509045719989672
37,44,grandkid,congruent,✅,0.9213695053101892
37,44,cellmate,congruent,✅,0.9765551596524487
37,44,grandkid,incongruent,✅,0.0819572335722309
37,44,cellmate,incongruent,✅,0.034161387713006766
37,45,promoted,congruent,✅,0.9941965127970662
37,45,fired,congruent,✅,0.9406181313211488
37,45,promoted,incongruent,✅,0.10608734918954599
37,45,fired,incongruent,❌,0.785493015322249
37,46,shooting,congruent,❌,0.1666848635333722
37,46,celebration,congruent,❌,0.3510335299939124
37,46,shooting,incongruent,✅,0.01995196302668168
37,46,celebration,incongruent,✅,0.03033699858996493
37,47,crayon,congruent,✅,0.5413561365933792
37,47,beer,congruent,✅,0.9330783209412876
37,47,crayon,incongruent,✅,0.0014995700134049436
37,47,beer,incongruent,✅,0.0031933132889043624
37,48,waiter,congruent,✅,0.9574592387146219
37,48,taxi,congruent,✅,0.8347811852075017
37,48,waiter,incongruent,✅,0.37305150079456295
37,48,taxi,incongruent,✅,0.27854574139177224
37,49,parents,congruent,✅,0.9971451842421544
37,49,keys,congruent,✅,0.9897413056910305
37,49,parents,incongruent,❌,0.888152222785579
37,49,keys,incongruent,✅,0.09382079366136586
37,5,distress,congruent,✅,0.9055628797722084
37,5,tranquility,congruent,✅,0.9051558868006138
37,5,distress,incongruent,✅,0.004304284751827399
37,5,tranquility,incongruent,✅,0.1577118415806909
37,50,sofa,congruent,✅,0.9865700319739416
37,50,sky,congruent,✅,0.9929889656842759
37,50,sofa,incongruent,✅,0.02387170145607188
37,50,sky,incongruent,✅,0.08554160877299244
37,51,obesity,congruent,❌,0.140813216621028
37,51,homework,congruent,✅,0.8056541494248453
37,51,obesity,incongruent,✅,0.012707158911849105
37,51,homework,incongruent,✅,0.012154434268030393
37,52,quiz,congruent,✅,0.9773537556498131
37,52,commute,congruent,✅,0.9854636611944447
37,52,quiz,incongruent,✅,0.03451379605088331
37,52,commute,incongruent,✅,0.14177431109037272
37,53,migraine,congruent,✅,0.9974621396124709
37,53,excitement,congruent,✅,0.9809511671666781
37,53,migraine,incongruent,✅,0.05755927318236698
37,53,excitement,incongruent,❌,0.8297437926312077
37,54,niece,congruent,✅,0.8826622771736132
37,54,husband,congruent,✅,0.9538728830216362
37,54,niece,incongruent,✅,0.2713126845230393
37,54,husband,incongruent,✅,0.4157652218073533
37,55,film,congruent,✅,0.9693767041409826
37,55,sunrise,congruent,✅,0.7540878806787469
37,55,film,incongruent,✅,0.11587131654554318
37,55,sunrise,incongruent,✅,0.031160246934062084
37,56,lecture,congruent,✅,0.9288049285068449
37,56,banquet,congruent,✅,0.6539423784891769
37,56,lecture,incongruent,✅,0.009154731182163237
37,56,banquet,incongruent,✅,0.0219498888417743
37,57,drink,congruent,✅,0.9774822034233401
37,57,textbook,congruent,✅,0.969232416634818
37,57,drink,incongruent,✅,0.03198772243018262
37,57,textbook,incongruent,✅,0.006565399330632907
37,58,pool,congruent,✅,0.9933480670603543
37,58,snow,congruent,✅,0.960119974639848
37,58,pool,incongruent,✅,0.013977686118226636
37,58,snow,incongruent,✅,0.23619158129431408
37,59,passport,congruent,✅,0.8887592954092438
37,59,plushy,congruent,✅,0.955172653623415
37,59,passport,incongruent,✅,0.11047832203143772
37,59,plushy,incongruent,✅,0.07515100205354137
37,6,patients,congruent,✅,0.9761009471316265
37,6,students,congruent,✅,0.9910973629596737
37,6,patients,incongruent,❌,0.5925588419985544
37,6,students,incongruent,✅,0.42613221998209044
37,60,sister,congruent,✅,0.9505947163225235
37,60,father,congruent,✅,0.7982957253907429
37,60,sister,incongruent,✅,0.04665922681026554
37,60,father,incongruent,✅,0.08674921987815039
37,61,game,congruent,✅,0.9880623407966986
37,61,sunset,congruent,✅,0.9931858531785913
37,61,game,incongruent,✅,0.12164459011949148
37,61,sunset,incongruent,✅,0.02388767746075832
37,62,holidays,congruent,✅,0.9018931092542142
37,62,funeral,congruent,✅,0.9647588051020825
37,62,holidays,incongruent,✅,0.10294920968401437
37,62,funeral,incongruent,✅,0.4330917807164267
37,63,grades,congruent,✅,0.8866407086068013
37,63,affair,congruent,✅,0.9818170664322365
37,63,grades,incongruent,❌,0.5348189066030797
37,63,affair,incongruent,✅,0.04450489170134665
37,64,arrest,congruent,✅,0.953837745503065
37,64,stroke,congruent,✅,0.5416285349357324
37,64,arrest,incongruent,✅,0.30899544143849317
37,64,stroke,incongruent,❌,0.724767953907678
37,65,pacifier,congruent,✅,0.7733034207687768
37,65,coffee,congruent,✅,0.8510161062919595
37,65,pacifier,incongruent,✅,0.1366017930942471
37,65,coffee,incongruent,✅,0.02173937089294176
37,66,sweets,congruent,✅,0.9883171340081519
37,66,sentencing,congruent,✅,0.9761017484587724
37,66,sweets,incongruent,✅,0.01541448862411164
37,66,sentencing,incongruent,✅,0.0253603493568356
37,67,nap,congruent,✅,0.9931223201476299
37,67,selfie,congruent,✅,0.9959472550545966
37,67,nap,incongruent,✅,0.018267520642418697
37,67,selfie,incongruent,✅,0.002169927937506936
37,68,diaper,congruent,✅,0.8525707347685099
37,68,tire,congruent,✅,0.9916051801308757
37,68,diaper,incongruent,✅,0.004573438183441624
37,68,tire,incongruent,✅,0.0005747240586120445
37,69,chemotherapy,congruent,✅,0.9159436980489769
37,69,golf,congruent,✅,0.9139473121570054
37,69,chemotherapy,incongruent,✅,0.017268546121526226
37,69,golf,incongruent,✅,0.1205961759556495
37,7,consensus,congruent,✅,0.9749913654813201
37,7,deadlock,congruent,✅,0.9243639073049057
37,7,consensus,incongruent,✅,0.31135079207367783
37,7,deadlock,incongruent,✅,0.4699884239287802
37,70,thunder,congruent,✅,0.5958037997353463
37,70,lullaby,congruent,✅,0.873887773259021
37,70,thunder,incongruent,✅,0.2519452750452977
37,70,lullaby,incongruent,✅,0.060875537265771114
37,71,pajamas,congruent,✅,0.9923014715968431
37,71,uniform,congruent,✅,0.9109799170512879
37,71,pajamas,incongruent,✅,0.019091644318860176
37,71,uniform,incongruent,✅,0.19057632950760667
37,72,gown,congruent,✅,0.9687898485129862
37,72,sweats,congruent,✅,0.9916685487547039
37,72,gown,incongruent,✅,0.04905264754600891
37,72,sweats,incongruent,✅,0.23739816587696824
37,73,deadline,congruent,✅,0.8074922589651291
37,73,bed,congruent,✅,0.9381133114443365
37,73,deadline,incongruent,✅,0.02656646043218744
37,73,bed,incongruent,✅,0.14812216539635278
37,74,kindergarten,congruent,✅,0.8256584411570084
37,74,jail,congruent,❌,0.47863297374130137
37,74,kindergarten,incongruent,✅,0.018882771392199536
37,74,jail,incongruent,✅,0.47996562855487696
37,75,interrogated,congruent,✅,0.9849911096488864
37,75,tickled,congruent,✅,0.9974792429931283
37,75,interrogated,incongruent,✅,0.21570266407447777
37,75,tickled,incongruent,✅,0.1405367502951412
37,76,sandcastle,congruent,✅,0.985412580360715
37,76,snowman,congruent,✅,0.9952677185028049
37,76,sandcastle,incongruent,✅,0.025051453579657646
37,76,snowman,incongruent,✅,0.00964298674007876
37,77,music,congruent,✅,0.9983900662723567
37,77,pizza,congruent,✅,0.9991257429200324
37,77,music,incongruent,✅,0.015037148074512957
37,77,pizza,incongruent,✅,0.008255247678282602
37,78,playoffs,congruent,✅,0.7512966630846084
37,78,cartoon,congruent,✅,0.9765491143246209
37,78,playoffs,incongruent,✅,0.020593525238298632
37,78,cartoon,incongruent,✅,0.09730145646745261
37,79,alcoholism,congruent,✅,0.9621688492679077
37,79,academics,congruent,✅,0.9499760944011495
37,79,alcoholism,incongruent,✅,0.11627629945584438
37,79,academics,incongruent,✅,0.21948975857756334
37,8,engagement,congruent,❌,0.3291630642527152
37,8,cancer,congruent,❌,0.1952398934970469
37,8,engagement,incongruent,✅,0.08926004679923646
37,8,cancer,incongruent,✅,0.04145045795511973
37,9,terminal,congruent,✅,0.8754203852070441
37,9,classroom,congruent,✅,0.9883292621337507
37,9,terminal,incongruent,✅,0.4986692295381405
37,9,classroom,incongruent,✅,0.4659096051747516
38,0,library,congruent,❌,0.37969891523476423
38,0,refrigerator,congruent,✅,0.792018802608186
38,0,library,incongruent,✅,0.16540508490539998
38,0,refrigerator,incongruent,✅,0.04079101176455053
38,1,disappointment,congruent,✅,0.691644779593795
38,1,delight,congruent,✅,0.6980078692174536
38,1,disappointment,incongruent,✅,0.05909181792210044
38,1,delight,incongruent,✅,0.0630905964295468
38,10,cash,congruent,✅,0.9927454579358937
38,10,groceries,congruent,✅,0.9869905234537794
38,10,cash,incongruent,❌,0.5117608797613753
38,10,groceries,incongruent,✅,0.43188262659909116
38,11,lonely,congruent,✅,0.9532752103918052
38,11,confident,congruent,✅,0.9693285975320478
38,11,lonely,incongruent,✅,0.4846628024462874
38,11,confident,incongruent,❌,0.5163866602280305
38,12,joy,congruent,✅,0.9791792541736497
38,12,outrage,congruent,✅,0.5612302855615379
38,12,joy,incongruent,✅,0.06238823551359822
38,12,outrage,incongruent,❌,0.8403065325086646
38,13,traffic,congruent,✅,0.9807007803388367
38,13,snowstorm,congruent,✅,0.936209960782181
38,13,traffic,incongruent,✅,0.3899935097816411
38,13,snowstorm,incongruent,❌,0.5341588936547523
38,14,laughter,congruent,✅,0.979563752420481
38,14,frustration,congruent,✅,0.9587319146609314
38,14,laughter,incongruent,✅,0.30932429077655477
38,14,frustration,incongruent,❌,0.5384760824389718
38,15,calculator,congruent,✅,0.5922347779682066
38,15,instrument,congruent,❌,0.490676978738769
38,15,calculator,incongruent,✅,0.15107757133870098
38,15,instrument,incongruent,❌,0.5601073735683555
38,16,orchestra,congruent,✅,0.5077632220465302
38,16,racers,congruent,✅,0.9471435105563898
38,16,orchestra,incongruent,✅,0.2623470049828916
38,16,racers,incongruent,✅,0.008984805939710407
38,17,retirement,congruent,✅,0.8778203172401206
38,17,playdate,congruent,✅,0.946918426247723
38,17,retirement,incongruent,✅,0.05949601601006375
38,17,playdate,incongruent,✅,0.10769832384103317
38,18,relieved,congruent,✅,0.6511610160698549
38,18,depressed,congruent,✅,0.8504025552472602
38,18,relieved,incongruent,✅,0.0663367980111808
38,18,depressed,incongruent,✅,0.38606869592882026
38,19,friends,congruent,❌,0.43563365129740733
38,19,weight,congruent,✅,0.8295716848550135
38,19,friends,incongruent,❌,0.7726925848305874
38,19,weight,incongruent,✅,0.0951629263122563
38,2,overcoat,congruent,✅,0.6658376953815571
38,2,sandals,congruent,✅,0.5784107489071709
38,2,overcoat,incongruent,✅,0.02684432554198741
38,2,sandals,incongruent,✅,0.014005211629856485
38,20,lipstick,congruent,✅,0.9245481309143796
38,20,song,congruent,✅,0.9499264944202309
38,20,lipstick,incongruent,✅,0.4607753414629158
38,20,song,incongruent,❌,0.6264522972565717
38,21,fought,congruent,✅,0.9599481510564808
38,21,sang,congruent,✅,0.8636054637012155
38,21,fought,incongruent,✅,0.07106737588398364
38,21,sang,incongruent,✅,0.04864148328905095
38,22,skeptical,congruent,❌,0.390408361835754
38,22,reassured,congruent,✅,0.6961606319999606
38,22,skeptical,incongruent,✅,0.4465416416014237
38,22,reassured,incongruent,✅,0.13750333516510022
38,23,graduation,congruent,✅,0.9856390041280716
38,23,operation,congruent,✅,0.8762333618561144
38,23,graduation,incongruent,✅,0.08689908682092344
38,23,operation,incongruent,✅,0.13669120493848824
38,24,bride,congruent,✅,0.9104044645512201
38,24,aftermath,congruent,✅,0.9604836007658545
38,24,bride,incongruent,✅,0.24658130922926852
38,24,aftermath,incongruent,✅,0.02361322821094606
38,25,teacher,congruent,✅,0.9582958707935921
38,25,daughter,congruent,✅,0.8793618861291359
38,25,teacher,incongruent,✅,0.27611635684249725
38,25,daughter,incongruent,✅,0.04917878943833773
38,26,roommate,congruent,✅,0.8158466832478513
38,26,grandma,congruent,✅,0.8802284050922357
38,26,roommate,incongruent,✅,0.14893070579447396
38,26,grandma,incongruent,✅,0.06798631330847903
38,27,brother,congruent,✅,0.8866925598878634
38,27,mother,congruent,✅,0.953076727619395
38,27,brother,incongruent,✅,0.11129295685856952
38,27,mother,incongruent,✅,0.010846301653115885
38,28,preschool,congruent,✅,0.7612412888043639
38,28,prison,congruent,✅,0.9180137168951399
38,28,preschool,incongruent,✅,0.02975605152536965
38,28,prison,incongruent,✅,0.09186225048807807
38,29,hopeful,congruent,❌,0.3072188955483658
38,29,hopeless,congruent,✅,0.9497263974547467
38,29,hopeful,incongruent,✅,0.06753244890330196
38,29,hopeless,incongruent,✅,0.006875251515265977
38,3,marathon,congruent,✅,0.842559684798685
38,3,exam,congruent,✅,0.8735299555984203
38,3,marathon,incongruent,✅,0.28832092294284395
38,3,exam,incongruent,✅,0.22608397336341096
38,30,appalled,congruent,✅,0.9239265202702622
38,30,overjoyed,congruent,✅,0.9081733202341611
38,30,appalled,incongruent,✅,0.08422072105540297
38,30,overjoyed,incongruent,✅,0.3582980375241197
38,31,reprimand,congruent,✅,0.7731801837575154
38,31,encouragement,congruent,✅,0.867828094252638
38,31,reprimand,incongruent,✅,0.07445956363302104
38,31,encouragement,incongruent,✅,0.04559329926995537
38,32,angrily,congruent,✅,0.9471835902940615
38,32,cordially,congruent,✅,0.9734831758267185
38,32,angrily,incongruent,✅,0.14981970222874108
38,32,cordially,incongruent,✅,0.05956057990470714
38,33,accusatory,congruent,✅,0.9804455348276289
38,33,flirtatious,congruent,✅,0.9274289582293161
38,33,accusatory,incongruent,✅,0.17854052080099833
38,33,flirtatious,incongruent,❌,0.7089929564109201
38,34,disapprovingly,congruent,✅,0.9054442773535605
38,34,lovingly,congruent,❌,0.4857502355869811
38,34,disapprovingly,incongruent,✅,0.019585427313156094
38,34,lovingly,incongruent,✅,0.11041597265161641
38,35,playful,congruent,✅,0.8990117373528209
38,35,distant,congruent,✅,0.6039409186064737
38,35,playful,incongruent,❌,0.5497796216458737
38,35,distant,incongruent,✅,0.24687577865018406
38,36,headphones,congruent,✅,0.61037967536312
38,36,mangoes,congruent,❌,0.40082647866188986
38,36,headphones,incongruent,✅,0.0518084468998336
38,36,mangoes,incongruent,✅,0.10541142625581583
38,37,playroom,congruent,✅,0.9863414295338518
38,37,park,congruent,✅,0.9567674278992702
38,37,playroom,incongruent,✅,0.002796606819846763
38,37,park,incongruent,✅,0.10620503752593635
38,38,bedroom,congruent,✅,0.9593232942030132
38,38,backyard,congruent,✅,0.8452885015743045
38,38,bedroom,incongruent,✅,0.01820324062552378
38,38,backyard,incongruent,✅,0.00043839572310763514
38,39,solemnly,congruent,✅,0.9362646130789832
38,39,excitedly,congruent,✅,0.9679693693388058
38,39,solemnly,incongruent,❌,0.7088271239980161
38,39,excitedly,incongruent,✅,0.24700235894201555
38,4,menu,congruent,❌,0.3886504105448432
38,4,prescription,congruent,✅,0.7667952375153168
38,4,menu,incongruent,✅,0.13508596095616013
38,4,prescription,incongruent,✅,0.08381188944475625
38,40,car,congruent,❌,0.4034067246540893
38,40,sock,congruent,✅,0.6369376561363775
38,40,car,incongruent,✅,0.02695209729791118
38,40,sock,incongruent,✅,0.013527665861401741
38,41,overdressed,congruent,✅,0.7375715995342749
38,41,naked,congruent,❌,0.12763390321968532
38,41,overdressed,incongruent,✅,0.00206914911620193
38,41,naked,incongruent,✅,0.04103250485927864
38,42,shy,congruent,✅,0.8562794651686099
38,42,lively,congruent,✅,0.8812418145602002
38,42,shy,incongruent,✅,0.016469729878380704
38,42,lively,incongruent,✅,0.06835256264099694
38,43,offended,congruent,✅,0.9207019754727345
38,43,flattered,congruent,✅,0.5677533689738247
38,43,offended,incongruent,✅,0.021019518647817363
38,43,flattered,incongruent,✅,0.4692409656785138
38,44,grandkid,congruent,✅,0.921102032889776
38,44,cellmate,congruent,✅,0.9803287186733672
38,44,grandkid,incongruent,✅,0.12063115162027067
38,44,cellmate,incongruent,✅,0.033796375823363145
38,45,promoted,congruent,✅,0.9935413429835954
38,45,fired,congruent,✅,0.9658202513466609
38,45,promoted,incongruent,✅,0.26043850195509655
38,45,fired,incongruent,❌,0.7438445252290772
38,46,shooting,congruent,❌,0.26753797568182397
38,46,celebration,congruent,✅,0.5499482562384131
38,46,shooting,incongruent,✅,0.04117157112106126
38,46,celebration,incongruent,✅,0.06110783328452098
38,47,crayon,congruent,❌,0.4153156767378606
38,47,beer,congruent,✅,0.9249222191645906
38,47,crayon,incongruent,✅,0.0014556324948807387
38,47,beer,incongruent,✅,0.003653960659360838
38,48,waiter,congruent,✅,0.9585338209262775
38,48,taxi,congruent,✅,0.6880466537096986
38,48,waiter,incongruent,✅,0.2503094410368793
38,48,taxi,incongruent,✅,0.33511420809770254
38,49,parents,congruent,✅,0.9971560867809465
38,49,keys,congruent,✅,0.9941821516665726
38,49,parents,incongruent,❌,0.9183776435972263
38,49,keys,incongruent,✅,0.12863240279240962
38,5,distress,congruent,✅,0.9158378585523622
38,5,tranquility,congruent,✅,0.9235693271952153
38,5,distress,incongruent,✅,0.005792940907947407
38,5,tranquility,incongruent,✅,0.19666637120336775
38,50,sofa,congruent,✅,0.9894668892639191
38,50,sky,congruent,✅,0.9897168686674364
38,50,sofa,incongruent,✅,0.023496197424676145
38,50,sky,incongruent,✅,0.11812111640303291
38,51,obesity,congruent,❌,0.165296566360397
38,51,homework,congruent,✅,0.8702586358592749
38,51,obesity,incongruent,✅,0.0265257761073441
38,51,homework,incongruent,✅,0.011182328171115852
38,52,quiz,congruent,✅,0.9701406668786481
38,52,commute,congruent,✅,0.9900030008163346
38,52,quiz,incongruent,✅,0.06929457771077517
38,52,commute,incongruent,✅,0.09953260995017811
38,53,migraine,congruent,✅,0.9976557835531056
38,53,excitement,congruent,✅,0.9834913302730048
38,53,migraine,incongruent,✅,0.10405103491251046
38,53,excitement,incongruent,❌,0.8561554582907183
38,54,niece,congruent,✅,0.8741711299175996
38,54,husband,congruent,✅,0.9365121405646221
38,54,niece,incongruent,✅,0.26101161154970215
38,54,husband,incongruent,✅,0.42534444950289346
38,55,film,congruent,✅,0.9622239889405986
38,55,sunrise,congruent,✅,0.6967158108034438
38,55,film,incongruent,✅,0.11729386745089661
38,55,sunrise,incongruent,✅,0.0343286295447752
38,56,lecture,congruent,✅,0.9158880789444702
38,56,banquet,congruent,✅,0.657282776032694
38,56,lecture,incongruent,✅,0.012424100971194101
38,56,banquet,incongruent,✅,0.027443150190002423
38,57,drink,congruent,✅,0.9781743429383141
38,57,textbook,congruent,✅,0.9684125827494753
38,57,drink,incongruent,✅,0.041166182094302194
38,57,textbook,incongruent,✅,0.012051034349955709
38,58,pool,congruent,✅,0.9947044496882854
38,58,snow,congruent,✅,0.9583960069809901
38,58,pool,incongruent,✅,0.013672747606413724
38,58,snow,incongruent,✅,0.27293571196284805
38,59,passport,congruent,✅,0.8972818223265017
38,59,plushy,congruent,✅,0.9222579072720047
38,59,passport,incongruent,✅,0.08614337912063967
38,59,plushy,incongruent,✅,0.10162708805788506
38,6,patients,congruent,✅,0.9799167770526477
38,6,students,congruent,✅,0.9905782410855989
38,6,patients,incongruent,❌,0.6608879166505748
38,6,students,incongruent,❌,0.5477220244854718
38,60,sister,congruent,✅,0.9387280629536024
38,60,father,congruent,✅,0.7666689143303248
38,60,sister,incongruent,✅,0.046171773745640375
38,60,father,incongruent,✅,0.07306804171256343
38,61,game,congruent,✅,0.9777700774157791
38,61,sunset,congruent,✅,0.9909305329368786
38,61,game,incongruent,✅,0.11909431428709027
38,61,sunset,incongruent,✅,0.014853510448953819
38,62,holidays,congruent,✅,0.9242000968547909
38,62,funeral,congruent,✅,0.944398252673543
38,62,holidays,incongruent,✅,0.08722025577980277
38,62,funeral,incongruent,✅,0.41700463117106007
38,63,grades,congruent,✅,0.8432793859804664
38,63,affair,congruent,✅,0.9864252453973194
38,63,grades,incongruent,❌,0.6001090302723644
38,63,affair,incongruent,✅,0.050805262447963864
38,64,arrest,congruent,✅,0.9231239112263587
38,64,stroke,congruent,✅,0.555031613244849
38,64,arrest,incongruent,✅,0.329538304237042
38,64,stroke,incongruent,❌,0.6410973547785471
38,65,pacifier,congruent,✅,0.7413905831187242
38,65,coffee,congruent,✅,0.7510276807295057
38,65,pacifier,incongruent,✅,0.09086661762043438
38,65,coffee,incongruent,✅,0.02021678974245486
38,66,sweets,congruent,✅,0.9862793479860048
38,66,sentencing,congruent,✅,0.9772909151686778
38,66,sweets,incongruent,✅,0.017114892315307047
38,66,sentencing,incongruent,✅,0.035595334776361974
38,67,nap,congruent,✅,0.990411454687381
38,67,selfie,congruent,✅,0.9967054358016233
38,67,nap,incongruent,✅,0.030214952259412738
38,67,selfie,incongruent,✅,0.0023443536752148037
38,68,diaper,congruent,✅,0.9152581162160817
38,68,tire,congruent,✅,0.9867425974433046
38,68,diaper,incongruent,✅,0.0036564971762071017
38,68,tire,incongruent,✅,0.0018980847663523643
38,69,chemotherapy,congruent,✅,0.8371761465010604
38,69,golf,congruent,✅,0.8492764267977141
38,69,chemotherapy,incongruent,✅,0.008779339474820515
38,69,golf,incongruent,✅,0.0671201546488161
38,7,consensus,congruent,✅,0.9813305092039967
38,7,deadlock,congruent,✅,0.939250572983514
38,7,consensus,incongruent,✅,0.440820405817823
38,7,deadlock,incongruent,❌,0.5866081882950235
38,70,thunder,congruent,✅,0.6493190424942675
38,70,lullaby,congruent,✅,0.9117211705782289
38,70,thunder,incongruent,✅,0.3096456555565393
38,70,lullaby,incongruent,✅,0.06852020484398791
38,71,pajamas,congruent,✅,0.9897826494679263
38,71,uniform,congruent,✅,0.9085720388906305
38,71,pajamas,incongruent,✅,0.019975535927684536
38,71,uniform,incongruent,✅,0.15145426129278203
38,72,gown,congruent,✅,0.9623912036883998
38,72,sweats,congruent,✅,0.9835047374821227
38,72,gown,incongruent,✅,0.04685487797816761
38,72,sweats,incongruent,✅,0.23756246048613627
38,73,deadline,congruent,✅,0.7950561813185888
38,73,bed,congruent,✅,0.934611481505891
38,73,deadline,incongruent,✅,0.035794597554890104
38,73,bed,incongruent,✅,0.1354334555857953
38,74,kindergarten,congruent,✅,0.8641374433602237
38,74,jail,congruent,✅,0.599690615566199
38,74,kindergarten,incongruent,✅,0.034434768139941646
38,74,jail,incongruent,❌,0.5549445448022996
38,75,interrogated,congruent,✅,0.9856529373157905
38,75,tickled,congruent,✅,0.9952450355852605
38,75,interrogated,incongruent,✅,0.08579954718789368
38,75,tickled,incongruent,✅,0.20560496215541163
38,76,sandcastle,congruent,✅,0.9831401219666193
38,76,snowman,congruent,✅,0.9961832945947049
38,76,sandcastle,incongruent,✅,0.013537467847880211
38,76,snowman,incongruent,✅,0.008021497397400974
38,77,music,congruent,✅,0.9981166840369631
38,77,pizza,congruent,✅,0.9992009124530372
38,77,music,incongruent,✅,0.02050620022960283
38,77,pizza,incongruent,✅,0.010079802602131692
38,78,playoffs,congruent,✅,0.7824006086708237
38,78,cartoon,congruent,✅,0.9828730197966883
38,78,playoffs,incongruent,✅,0.03371701938529758
38,78,cartoon,incongruent,✅,0.11601852490893205
38,79,alcoholism,congruent,✅,0.9680245151879895
38,79,academics,congruent,✅,0.9500235231740242
38,79,alcoholism,incongruent,✅,0.146293587303076
38,79,academics,incongruent,✅,0.2692917322494598
38,8,engagement,congruent,❌,0.29151443225934853
38,8,cancer,congruent,❌,0.14268623917039347
38,8,engagement,incongruent,✅,0.0731493328917279
38,8,cancer,incongruent,✅,0.03766060630468848
38,9,terminal,congruent,✅,0.8658816157345504
38,9,classroom,congruent,✅,0.9866786287401413
38,9,terminal,incongruent,✅,0.34931712039955054
38,9,classroom,incongruent,❌,0.6348617630770779
39,0,library,congruent,✅,0.5045630986843613
39,0,refrigerator,congruent,✅,0.8176581558614071
39,0,library,incongruent,✅,0.20827554518467145
39,0,refrigerator,incongruent,✅,0.08200750924800633
39,1,disappointment,congruent,✅,0.726736733133796
39,1,delight,congruent,✅,0.7407487779104598
39,1,disappointment,incongruent,✅,0.08994755066449688
39,1,delight,incongruent,✅,0.07630086186283135
39,10,cash,congruent,✅,0.9904180328345012
39,10,groceries,congruent,✅,0.9803485988367903
39,10,cash,incongruent,❌,0.5207343914743432
39,10,groceries,incongruent,✅,0.31005300100242433
39,11,lonely,congruent,✅,0.9518430208610025
39,11,confident,congruent,✅,0.9623896999411502
39,11,lonely,incongruent,✅,0.4268515667104088
39,11,confident,incongruent,❌,0.5466506085298883
39,12,joy,congruent,✅,0.9771998644390079
39,12,outrage,congruent,✅,0.5522026953744583
39,12,joy,incongruent,✅,0.06277731211307562
39,12,outrage,incongruent,❌,0.8325553217896198
39,13,traffic,congruent,✅,0.9863914653112723
39,13,snowstorm,congruent,✅,0.9030498174265211
39,13,traffic,incongruent,✅,0.2665478734836527
39,13,snowstorm,incongruent,❌,0.6586264916459633
39,14,laughter,congruent,✅,0.9779209324476418
39,14,frustration,congruent,✅,0.9653789290641778
39,14,laughter,incongruent,✅,0.37210732824652326
39,14,frustration,incongruent,❌,0.5707364937727638
39,15,calculator,congruent,✅,0.5945591859014736
39,15,instrument,congruent,✅,0.6870069681112936
39,15,calculator,incongruent,✅,0.25537202157987987
39,15,instrument,incongruent,❌,0.5833711013200602
39,16,orchestra,congruent,❌,0.4572070948599876
39,16,racers,congruent,✅,0.9279065757283353
39,16,orchestra,incongruent,✅,0.23325123549767893
39,16,racers,incongruent,✅,0.008100033544825093
39,17,retirement,congruent,✅,0.9192908573138088
39,17,playdate,congruent,✅,0.9485668603437493
39,17,retirement,incongruent,✅,0.05276395382049727
39,17,playdate,incongruent,✅,0.21676149109974552
39,18,relieved,congruent,✅,0.595468719558201
39,18,depressed,congruent,✅,0.8725230359332875
39,18,relieved,incongruent,✅,0.08073172565227268
39,18,depressed,incongruent,✅,0.38565283617420654
39,19,friends,congruent,❌,0.4058056510944802
39,19,weight,congruent,✅,0.7792986080871793
39,19,friends,incongruent,❌,0.7579039007170209
39,19,weight,incongruent,✅,0.09169233214316166
39,2,overcoat,congruent,✅,0.5821937726422377
39,2,sandals,congruent,✅,0.5115681329669542
39,2,overcoat,incongruent,✅,0.0293571489141378
39,2,sandals,incongruent,✅,0.012534195218893249
39,20,lipstick,congruent,✅,0.8857323417772168
39,20,song,congruent,✅,0.9246966875763595
39,20,lipstick,incongruent,✅,0.37553229871746746
39,20,song,incongruent,❌,0.5162836657626009
39,21,fought,congruent,✅,0.9413528880303315
39,21,sang,congruent,✅,0.8073717870023329
39,21,fought,incongruent,✅,0.04179814859120668
39,21,sang,incongruent,✅,0.042484241035383445
39,22,skeptical,congruent,❌,0.3147807824458001
39,22,reassured,congruent,✅,0.551781738192262
39,22,skeptical,incongruent,✅,0.28767265507177825
39,22,reassured,incongruent,✅,0.10591318910729171
39,23,graduation,congruent,✅,0.9651450872134374
39,23,operation,congruent,✅,0.824444832094972
39,23,graduation,incongruent,✅,0.08455695446492253
39,23,operation,incongruent,✅,0.0653170623753005
39,24,bride,congruent,✅,0.9081861251830422
39,24,aftermath,congruent,✅,0.9511752272930907
39,24,bride,incongruent,✅,0.20909390571597322
39,24,aftermath,incongruent,✅,0.021935272288222375
39,25,teacher,congruent,✅,0.9709381318495671
39,25,daughter,congruent,✅,0.8885410385234778
39,25,teacher,incongruent,✅,0.29385615455566244
39,25,daughter,incongruent,✅,0.06724859779776743
39,26,roommate,congruent,✅,0.7765511548087014
39,26,grandma,congruent,✅,0.8462473173797364
39,26,roommate,incongruent,✅,0.11964241351952008
39,26,grandma,incongruent,✅,0.0733401069673084
39,27,brother,congruent,✅,0.900612182903323
39,27,mother,congruent,✅,0.9512347187522325
39,27,brother,incongruent,✅,0.12662024529002955
39,27,mother,incongruent,✅,0.01463316142821535
39,28,preschool,congruent,✅,0.7548820716041046
39,28,prison,congruent,✅,0.9117065413102483
39,28,preschool,incongruent,✅,0.033607871107759035
39,28,prison,incongruent,✅,0.10908342778083822
39,29,hopeful,congruent,❌,0.42150176713818505
39,29,hopeless,congruent,✅,0.9738066944809965
39,29,hopeful,incongruent,✅,0.15713850232254006
39,29,hopeless,incongruent,✅,0.016311545772331598
39,3,marathon,congruent,✅,0.8380975786608359
39,3,exam,congruent,✅,0.8652578477299941
39,3,marathon,incongruent,✅,0.3745793291306991
39,3,exam,incongruent,✅,0.2511952443595614
39,30,appalled,congruent,✅,0.9117270854230191
39,30,overjoyed,congruent,✅,0.898060854715942
39,30,appalled,incongruent,✅,0.08656876642537877
39,30,overjoyed,incongruent,✅,0.3698260704243179
39,31,reprimand,congruent,✅,0.7693937306286497
39,31,encouragement,congruent,✅,0.885137216808724
39,31,reprimand,incongruent,✅,0.07915363767835486
39,31,encouragement,incongruent,✅,0.050136431210675625
39,32,angrily,congruent,✅,0.956552158129386
39,32,cordially,congruent,✅,0.9793172777041727
39,32,angrily,incongruent,✅,0.21366080568526113
39,32,cordially,incongruent,✅,0.07423429541280037
39,33,accusatory,congruent,✅,0.9723167765831345
39,33,flirtatious,congruent,✅,0.8911184813703581
39,33,accusatory,incongruent,✅,0.13278723279395277
39,33,flirtatious,incongruent,❌,0.6771876146005572
39,34,disapprovingly,congruent,✅,0.8467506686701423
39,34,lovingly,congruent,✅,0.5127352266675095
39,34,disapprovingly,incongruent,✅,0.02457626652291737
39,34,lovingly,incongruent,✅,0.07384062338862467
39,35,playful,congruent,✅,0.9297604120306326
39,35,distant,congruent,✅,0.636846817150082
39,35,playful,incongruent,❌,0.5785666619105344
39,35,distant,incongruent,✅,0.3265004530952713
39,36,headphones,congruent,❌,0.46915961073700163
39,36,mangoes,congruent,❌,0.310208556169744
39,36,headphones,incongruent,✅,0.06282978033760059
39,36,mangoes,incongruent,✅,0.075605527461672
39,37,playroom,congruent,✅,0.9877077371409696
39,37,park,congruent,✅,0.962413537491083
39,37,playroom,incongruent,✅,0.0045815982112364225
39,37,park,incongruent,✅,0.11801915432327827
39,38,bedroom,congruent,✅,0.9648666052728587
39,38,backyard,congruent,✅,0.8941403501659787
39,38,bedroom,incongruent,✅,0.029128383098841547
39,38,backyard,incongruent,✅,0.00048283589975438036
39,39,solemnly,congruent,✅,0.94062871357106
39,39,excitedly,congruent,✅,0.9620938259185884
39,39,solemnly,incongruent,❌,0.7057232591435073
39,39,excitedly,incongruent,✅,0.24812468699680568
39,4,menu,congruent,❌,0.4019393272424708
39,4,prescription,congruent,✅,0.8048760881592313
39,4,menu,incongruent,✅,0.22610224570801066
39,4,prescription,incongruent,✅,0.10217528679127749
39,40,car,congruent,✅,0.5158858143868588
39,40,sock,congruent,✅,0.6665220813209906
39,40,car,incongruent,✅,0.039587622404942846
39,40,sock,incongruent,✅,0.03484938153313933
39,41,overdressed,congruent,✅,0.7948374389698851
39,41,naked,congruent,❌,0.10286956791183166
39,41,overdressed,incongruent,✅,0.0018172798500225758
39,41,naked,incongruent,✅,0.06587062582369023
39,42,shy,congruent,✅,0.8385748162858915
39,42,lively,congruent,✅,0.8564693038018838
39,42,shy,incongruent,✅,0.012450359012188
39,42,lively,incongruent,✅,0.07762535765917705
39,43,offended,congruent,✅,0.9122509045253071
39,43,flattered,congruent,✅,0.6356883453365106
39,43,offended,incongruent,✅,0.03690202512618741
39,43,flattered,incongruent,✅,0.4453545549982368
39,44,grandkid,congruent,✅,0.9479321912573834
39,44,cellmate,congruent,✅,0.9777259562637612
39,44,grandkid,incongruent,✅,0.13679185443075756
39,44,cellmate,incongruent,✅,0.06141215082678759
39,45,promoted,congruent,✅,0.9912375313493519
39,45,fired,congruent,✅,0.9549319172544605
39,45,promoted,incongruent,✅,0.215241460731799
39,45,fired,incongruent,❌,0.6698346184826712
39,46,shooting,congruent,❌,0.3153428886075105
39,46,celebration,congruent,✅,0.5539756739003532
39,46,shooting,incongruent,✅,0.03887723137606157
39,46,celebration,incongruent,✅,0.07011081142807282
39,47,crayon,congruent,❌,0.43391553531384336
39,47,beer,congruent,✅,0.9095001221794901
39,47,crayon,incongruent,✅,0.0012494716265392589
39,47,beer,incongruent,✅,0.0033872070004767286
39,48,waiter,congruent,✅,0.9415275128263683
39,48,taxi,congruent,✅,0.6313289723478366
39,48,waiter,incongruent,✅,0.24976889800715013
39,48,taxi,incongruent,✅,0.3412117010784654
39,49,parents,congruent,✅,0.9965360033325401
39,49,keys,congruent,✅,0.9912945585369245
39,49,parents,incongruent,❌,0.9119911610389078
39,49,keys,incongruent,✅,0.11011682148857532
39,5,distress,congruent,✅,0.9202127882094293
39,5,tranquility,congruent,✅,0.9242894270277746
39,5,distress,incongruent,✅,0.0070353787246484915
39,5,tranquility,incongruent,✅,0.20172783949756945
39,50,sofa,congruent,✅,0.988527729955154
39,50,sky,congruent,✅,0.9889180685187466
39,50,sofa,incongruent,✅,0.01568995363943458
39,50,sky,incongruent,✅,0.09925845629933708
39,51,obesity,congruent,❌,0.17104896825243995
39,51,homework,congruent,✅,0.8678627048111451
39,51,obesity,incongruent,✅,0.03416682789537636
39,51,homework,incongruent,✅,0.01132514962015015
39,52,quiz,congruent,✅,0.9528105759103381
39,52,commute,congruent,✅,0.9792957816880428
39,52,quiz,incongruent,✅,0.04993025024818538
39,52,commute,incongruent,✅,0.09414963925117882
39,53,migraine,congruent,✅,0.9968132801257372
39,53,excitement,congruent,✅,0.9831617927877846
39,53,migraine,incongruent,✅,0.08571352465054558
39,53,excitement,incongruent,❌,0.8422611906193374
39,54,niece,congruent,✅,0.839438486609306
39,54,husband,congruent,✅,0.9269749472731642
39,54,niece,incongruent,✅,0.2215385729292509
39,54,husband,incongruent,✅,0.3900115479014743
39,55,film,congruent,✅,0.9751391633751689
39,55,sunrise,congruent,✅,0.7780624866594182
39,55,film,incongruent,✅,0.21641067295424182
39,55,sunrise,incongruent,✅,0.09253771559078196
39,56,lecture,congruent,✅,0.9017070148135241
39,56,banquet,congruent,✅,0.6311087779469429
39,56,lecture,incongruent,✅,0.013067492346902796
39,56,banquet,incongruent,✅,0.02525605405282074
39,57,drink,congruent,✅,0.9731146019478374
39,57,textbook,congruent,✅,0.9403019711047121
39,57,drink,incongruent,✅,0.025977951204475387
39,57,textbook,incongruent,✅,0.01385957146708055
39,58,pool,congruent,✅,0.9938093577484669
39,58,snow,congruent,✅,0.9763773255077687
39,58,pool,incongruent,✅,0.031032081683955076
39,58,snow,incongruent,✅,0.29057076459103576
39,59,passport,congruent,✅,0.861265740404443
39,59,plushy,congruent,✅,0.8905876357732677
39,59,passport,incongruent,✅,0.04707961269430135
39,59,plushy,incongruent,✅,0.09163394997559948
39,6,patients,congruent,✅,0.9730974044622381
39,6,students,congruent,✅,0.9929386966047024
39,6,patients,incongruent,❌,0.7519657026601015
39,6,students,incongruent,❌,0.5260212430511175
39,60,sister,congruent,✅,0.9532314920121511
39,60,father,congruent,✅,0.8095046383679991
39,60,sister,incongruent,✅,0.05971585853972046
39,60,father,incongruent,✅,0.07892876314941409
39,61,game,congruent,✅,0.9867722864709282
39,61,sunset,congruent,✅,0.9919137931520916
39,61,game,incongruent,✅,0.12299838541211358
39,61,sunset,incongruent,✅,0.01641427727891643
39,62,holidays,congruent,✅,0.9350674298647995
39,62,funeral,congruent,✅,0.9441247409656107
39,62,holidays,incongruent,✅,0.1531454585453956
39,62,funeral,incongruent,✅,0.4171946708035917
39,63,grades,congruent,✅,0.7987883977706525
39,63,affair,congruent,✅,0.9854170280422192
39,63,grades,incongruent,❌,0.5987407949721224
39,63,affair,incongruent,✅,0.06374282667374577
39,64,arrest,congruent,✅,0.9074791747369872
39,64,stroke,congruent,✅,0.6664688735951536
39,64,arrest,incongruent,❌,0.5008398918713245
39,64,stroke,incongruent,❌,0.5788805592698862
39,65,pacifier,congruent,✅,0.7565296429063133
39,65,coffee,congruent,✅,0.8074003800489334
39,65,pacifier,incongruent,✅,0.12631791218208888
39,65,coffee,incongruent,✅,0.026207525447576978
39,66,sweets,congruent,✅,0.9758565299307608
39,66,sentencing,congruent,✅,0.980921448296145
39,66,sweets,incongruent,✅,0.02170482779799224
39,66,sentencing,incongruent,✅,0.02841329794026811
39,67,nap,congruent,✅,0.9873680226193554
39,67,selfie,congruent,✅,0.998280076396687
39,67,nap,incongruent,✅,0.036696367281556674
39,67,selfie,incongruent,✅,0.0024123760216575307
39,68,diaper,congruent,✅,0.9113698329333674
39,68,tire,congruent,✅,0.9880634612035823
39,68,diaper,incongruent,✅,0.0033873913057643145
39,68,tire,incongruent,✅,0.003055085020087663
39,69,chemotherapy,congruent,✅,0.8846030061009276
39,69,golf,congruent,✅,0.7689667400861437
39,69,chemotherapy,incongruent,✅,0.006671182824615518
39,69,golf,incongruent,✅,0.11521614442673567
39,7,consensus,congruent,✅,0.9858228532422031
39,7,deadlock,congruent,✅,0.9318964578421585
39,7,consensus,incongruent,✅,0.4779207890124572
39,7,deadlock,incongruent,❌,0.6386550009267141
39,70,thunder,congruent,✅,0.5928455624013074
39,70,lullaby,congruent,✅,0.9032098940581099
39,70,thunder,incongruent,✅,0.3290065260522282
39,70,lullaby,incongruent,✅,0.06891459615854076
39,71,pajamas,congruent,✅,0.9885365355413583
39,71,uniform,congruent,✅,0.8736803600842792
39,71,pajamas,incongruent,✅,0.01796849265676293
39,71,uniform,incongruent,✅,0.11961391642178625
39,72,gown,congruent,✅,0.9568457608966443
39,72,sweats,congruent,✅,0.9899202372509496
39,72,gown,incongruent,✅,0.12144894223507978
39,72,sweats,incongruent,✅,0.2170921502121259
39,73,deadline,congruent,✅,0.7112462251980793
39,73,bed,congruent,✅,0.9529193852416704
39,73,deadline,incongruent,✅,0.07759273979804675
39,73,bed,incongruent,✅,0.11593370750731644
39,74,kindergarten,congruent,✅,0.8159588769811292
39,74,jail,congruent,✅,0.5491390281106479
39,74,kindergarten,incongruent,✅,0.033588875965998945
39,74,jail,incongruent,✅,0.49556380649554943
39,75,interrogated,congruent,✅,0.9871549364478698
39,75,tickled,congruent,✅,0.9944904095031104
39,75,interrogated,incongruent,✅,0.08401974242376938
39,75,tickled,incongruent,✅,0.23099327402024977
39,76,sandcastle,congruent,✅,0.9769019539759057
39,76,snowman,congruent,✅,0.996649063028144
39,76,sandcastle,incongruent,✅,0.01455455044071755
39,76,snowman,incongruent,✅,0.009201112881630414
39,77,music,congruent,✅,0.997318044400881
39,77,pizza,congruent,✅,0.9988754891743779
39,77,music,incongruent,✅,0.022687488027499297
39,77,pizza,incongruent,✅,0.009950649609314171
39,78,playoffs,congruent,✅,0.7930622865112466
39,78,cartoon,congruent,✅,0.9830173871923166
39,78,playoffs,incongruent,✅,0.03822659175220681
39,78,cartoon,incongruent,✅,0.12063314301687914
39,79,alcoholism,congruent,✅,0.9663867659947588
39,79,academics,congruent,✅,0.9361272183613017
39,79,alcoholism,incongruent,✅,0.15001423193118263
39,79,academics,incongruent,✅,0.22122803815387398
39,8,engagement,congruent,❌,0.34850007608551475
39,8,cancer,congruent,❌,0.10909975020819718
39,8,engagement,incongruent,✅,0.05617516037901259
39,8,cancer,incongruent,✅,0.04301341012796608
39,9,terminal,congruent,✅,0.8177089362513397
39,9,classroom,congruent,✅,0.9730080169722418
39,9,terminal,incongruent,✅,0.25808301455505145
39,9,classroom,incongruent,❌,0.5362397436748175
40,0,library,congruent,✅,0.5298439512593235
40,0,refrigerator,congruent,✅,0.6805429313979983
40,0,library,incongruent,✅,0.192379788806374
40,0,refrigerator,incongruent,✅,0.08054454633005526
40,1,disappointment,congruent,✅,0.708977647911171
40,1,delight,congruent,✅,0.6799956580714998
40,1,disappointment,incongruent,✅,0.082094489505782
40,1,delight,incongruent,✅,0.07200931542509083
40,10,cash,congruent,✅,0.9804765885469815
40,10,groceries,congruent,✅,0.9770966715698733
40,10,cash,incongruent,❌,0.5934907682712888
40,10,groceries,incongruent,✅,0.2700216802781706
40,11,lonely,congruent,✅,0.9386691860640565
40,11,confident,congruent,✅,0.9566479925371353
40,11,lonely,incongruent,✅,0.3948726640972855
40,11,confident,incongruent,✅,0.4871205084879881
40,12,joy,congruent,✅,0.9774888246510538
40,12,outrage,congruent,❌,0.4704420520688872
40,12,joy,incongruent,✅,0.06193554883114869
40,12,outrage,incongruent,❌,0.8319912663162745
40,13,traffic,congruent,✅,0.9902568960369229
40,13,snowstorm,congruent,✅,0.868310673784965
40,13,traffic,incongruent,✅,0.21171433486462782
40,13,snowstorm,incongruent,❌,0.7048622184688375
40,14,laughter,congruent,✅,0.9760803177783249
40,14,frustration,congruent,✅,0.9661508109069278
40,14,laughter,incongruent,✅,0.41806357748463246
40,14,frustration,incongruent,❌,0.5715047551801333
40,15,calculator,congruent,✅,0.6463310537816535
40,15,instrument,congruent,✅,0.6786707570008123
40,15,calculator,incongruent,✅,0.241212278463601
40,15,instrument,incongruent,❌,0.6637493866641898
40,16,orchestra,congruent,❌,0.3935988778088561
40,16,racers,congruent,✅,0.9088487102467743
40,16,orchestra,incongruent,✅,0.2600953848167174
40,16,racers,incongruent,✅,0.006313204566589416
40,17,retirement,congruent,✅,0.9095242441884621
40,17,playdate,congruent,✅,0.939529815707482
40,17,retirement,incongruent,✅,0.05503293199319687
40,17,playdate,incongruent,✅,0.24738913257499207
40,18,relieved,congruent,✅,0.5399252784482838
40,18,depressed,congruent,✅,0.8177991444489909
40,18,relieved,incongruent,✅,0.07295498375776042
40,18,depressed,incongruent,✅,0.33382900996777387
40,19,friends,congruent,❌,0.4062720785692858
40,19,weight,congruent,✅,0.7675666941959923
40,19,friends,incongruent,❌,0.756002228620865
40,19,weight,incongruent,✅,0.09238634882452974
40,2,overcoat,congruent,✅,0.6093598009100161
40,2,sandals,congruent,❌,0.4121754967057062
40,2,overcoat,incongruent,✅,0.029797194637651982
40,2,sandals,incongruent,✅,0.01860428899343141
40,20,lipstick,congruent,✅,0.8591675408272756
40,20,song,congruent,✅,0.9438231294696284
40,20,lipstick,incongruent,❌,0.5071147597915948
40,20,song,incongruent,❌,0.5753010413580626
40,21,fought,congruent,✅,0.9277599904675898
40,21,sang,congruent,✅,0.8425309260119599
40,21,fought,incongruent,✅,0.02658048520188483
40,21,sang,incongruent,✅,0.031366242746138896
40,22,skeptical,congruent,❌,0.33346394220120196
40,22,reassured,congruent,✅,0.5406083282669589
40,22,skeptical,incongruent,✅,0.28561516866602127
40,22,reassured,incongruent,✅,0.11308077972523986
40,23,graduation,congruent,✅,0.9409126046920692
40,23,operation,congruent,✅,0.8508658976327615
40,23,graduation,incongruent,✅,0.11438042636155611
40,23,operation,incongruent,✅,0.04920777697035351
40,24,bride,congruent,✅,0.8680022410900697
40,24,aftermath,congruent,✅,0.9436259200592709
40,24,bride,incongruent,✅,0.19159699265144417
40,24,aftermath,incongruent,✅,0.014147065554510755
40,25,teacher,congruent,✅,0.9674598426350007
40,25,daughter,congruent,✅,0.8711499418354882
40,25,teacher,incongruent,✅,0.24491000915992495
40,25,daughter,incongruent,✅,0.06857619330758886
40,26,roommate,congruent,✅,0.796523480327619
40,26,grandma,congruent,✅,0.7850263412410706
40,26,roommate,incongruent,✅,0.09976497447287824
40,26,grandma,incongruent,✅,0.08125151462244447
40,27,brother,congruent,✅,0.9244402600765677
40,27,mother,congruent,✅,0.9545456767066212
40,27,brother,incongruent,✅,0.15593905504116226
40,27,mother,incongruent,✅,0.019224635467407894
40,28,preschool,congruent,✅,0.7742410604292426
40,28,prison,congruent,✅,0.9171973792946354
40,28,preschool,incongruent,✅,0.042133436539353884
40,28,prison,incongruent,✅,0.1137011235088113
40,29,hopeful,congruent,❌,0.4268478884349626
40,29,hopeless,congruent,✅,0.9653368223055424
40,29,hopeful,incongruent,✅,0.17441314417753742
40,29,hopeless,incongruent,✅,0.01594529923664613
40,3,marathon,congruent,✅,0.8201240287891903
40,3,exam,congruent,✅,0.8002878004522973
40,3,marathon,incongruent,✅,0.2751261332314055
40,3,exam,incongruent,✅,0.2471258606026406
40,30,appalled,congruent,✅,0.890467539310076
40,30,overjoyed,congruent,✅,0.9016593908064301
40,30,appalled,incongruent,✅,0.11061749058993083
40,30,overjoyed,incongruent,✅,0.3582712525824117
40,31,reprimand,congruent,✅,0.6685612313351446
40,31,encouragement,congruent,✅,0.8847295655802142
40,31,reprimand,incongruent,✅,0.08052831074992034
40,31,encouragement,incongruent,✅,0.03636718325199774
40,32,angrily,congruent,✅,0.9435885415394047
40,32,cordially,congruent,✅,0.9788669850504986
40,32,angrily,incongruent,✅,0.194392906150309
40,32,cordially,incongruent,✅,0.05900376528289882
40,33,accusatory,congruent,✅,0.9705094034666089
40,33,flirtatious,congruent,✅,0.8991429396724725
40,33,accusatory,incongruent,✅,0.12552939335374846
40,33,flirtatious,incongruent,❌,0.685383066812479
40,34,disapprovingly,congruent,✅,0.9119790424430742
40,34,lovingly,congruent,✅,0.5982440626579597
40,34,disapprovingly,incongruent,✅,0.03439348781983624
40,34,lovingly,incongruent,✅,0.13827322566886857
40,35,playful,congruent,✅,0.9493668569915404
40,35,distant,congruent,✅,0.6490831698298394
40,35,playful,incongruent,❌,0.5874613577074866
40,35,distant,incongruent,✅,0.3993732702959292
40,36,headphones,congruent,✅,0.6007891708480565
40,36,mangoes,congruent,❌,0.42532498843468197
40,36,headphones,incongruent,✅,0.10467306471253517
40,36,mangoes,incongruent,✅,0.15269718173264799
40,37,playroom,congruent,✅,0.9877112381467847
40,37,park,congruent,✅,0.9535490012774538
40,37,playroom,incongruent,✅,0.004250845649325066
40,37,park,incongruent,✅,0.14080249057924568
40,38,bedroom,congruent,✅,0.963797297096552
40,38,backyard,congruent,✅,0.9036059960511247
40,38,bedroom,incongruent,✅,0.033937389421594084
40,38,backyard,incongruent,✅,0.0006511319109617607
40,39,solemnly,congruent,✅,0.9646555163457908
40,39,excitedly,congruent,✅,0.9681556268811036
40,39,solemnly,incongruent,❌,0.7187224275636233
40,39,excitedly,incongruent,✅,0.3848630708641429
40,4,menu,congruent,❌,0.33212986613650686
40,4,prescription,congruent,✅,0.7124405571728194
40,4,menu,incongruent,✅,0.15843193238410302
40,4,prescription,incongruent,✅,0.08079229359163499
40,40,car,congruent,❌,0.4998313485603349
40,40,sock,congruent,✅,0.5230698839029874
40,40,car,incongruent,✅,0.028281822473734803
40,40,sock,incongruent,✅,0.016625347427791724
40,41,overdressed,congruent,✅,0.7458999881594329
40,41,naked,congruent,❌,0.10863259135899947
40,41,overdressed,incongruent,✅,0.0023906173752613244
40,41,naked,incongruent,✅,0.0681265701061746
40,42,shy,congruent,✅,0.8518080492806261
40,42,lively,congruent,✅,0.8448218053354926
40,42,shy,incongruent,✅,0.013323055246385333
40,42,lively,incongruent,✅,0.0921960626723388
40,43,offended,congruent,✅,0.9072777839167646
40,43,flattered,congruent,✅,0.610502953517055
40,43,offended,incongruent,✅,0.03710580725385809
40,43,flattered,incongruent,✅,0.4215852692146011
40,44,grandkid,congruent,✅,0.9579855927107528
40,44,cellmate,congruent,✅,0.9764018277600183
40,44,grandkid,incongruent,✅,0.1721833194891113
40,44,cellmate,incongruent,✅,0.07243949862398086
40,45,promoted,congruent,✅,0.990907183468777
40,45,fired,congruent,✅,0.963656095176409
40,45,promoted,incongruent,✅,0.2888159345206185
40,45,fired,incongruent,❌,0.5890445833100286
40,46,shooting,congruent,❌,0.284659881491692
40,46,celebration,congruent,✅,0.5800943801579459
40,46,shooting,incongruent,✅,0.05139085405846054
40,46,celebration,incongruent,✅,0.06513839796511142
40,47,crayon,congruent,✅,0.5037359276641525
40,47,beer,congruent,✅,0.9138582484442256
40,47,crayon,incongruent,✅,0.001087131059789503
40,47,beer,incongruent,✅,0.005944453625703515
40,48,waiter,congruent,✅,0.9255450531359368
40,48,taxi,congruent,✅,0.6852857279856046
40,48,waiter,incongruent,✅,0.2524339745346283
40,48,taxi,incongruent,✅,0.2870220972812542
40,49,parents,congruent,✅,0.9969521540773119
40,49,keys,congruent,✅,0.9874445958246549
40,49,parents,incongruent,❌,0.9147918616782471
40,49,keys,incongruent,✅,0.10116922598826937
40,5,distress,congruent,✅,0.9220346647446815
40,5,tranquility,congruent,✅,0.9189893737977034
40,5,distress,incongruent,✅,0.010304456518888724
40,5,tranquility,incongruent,✅,0.22629999959581945
40,50,sofa,congruent,✅,0.9908888840882513
40,50,sky,congruent,✅,0.9915719828194454
40,50,sofa,incongruent,✅,0.027220062847872928
40,50,sky,incongruent,✅,0.09676988450547953
40,51,obesity,congruent,❌,0.1525656436954323
40,51,homework,congruent,✅,0.8725603471352801
40,51,obesity,incongruent,✅,0.037450319219527864
40,51,homework,incongruent,✅,0.01152897558876919
40,52,quiz,congruent,✅,0.9712930638721572
40,52,commute,congruent,✅,0.9776917934662257
40,52,quiz,incongruent,✅,0.06253233133508508
40,52,commute,incongruent,✅,0.1669909208839476
40,53,migraine,congruent,✅,0.9956957651136897
40,53,excitement,congruent,✅,0.9854068626664305
40,53,migraine,incongruent,✅,0.11555611933031527
40,53,excitement,incongruent,❌,0.8141651849756196
40,54,niece,congruent,✅,0.8635416829060077
40,54,husband,congruent,✅,0.9297125738704831
40,54,niece,incongruent,✅,0.21944930890805642
40,54,husband,incongruent,✅,0.38900406109003693
40,55,film,congruent,✅,0.9713720531991981
40,55,sunrise,congruent,✅,0.8531442910097353
40,55,film,incongruent,✅,0.3250010536409502
40,55,sunrise,incongruent,✅,0.1177041178793366
40,56,lecture,congruent,✅,0.8331383709793163
40,56,banquet,congruent,✅,0.5351557643907002
40,56,lecture,incongruent,✅,0.005659898715831685
40,56,banquet,incongruent,✅,0.016855433203476638
40,57,drink,congruent,✅,0.9730383628344986
40,57,textbook,congruent,✅,0.9154241626453807
40,57,drink,incongruent,✅,0.01853985398501568
40,57,textbook,incongruent,✅,0.017350724841253468
40,58,pool,congruent,✅,0.9940489226678508
40,58,snow,congruent,✅,0.9851415655234232
40,58,pool,incongruent,✅,0.04419044707381356
40,58,snow,incongruent,✅,0.3441503787561655
40,59,passport,congruent,✅,0.8932140473624769
40,59,plushy,congruent,✅,0.8727844880443074
40,59,passport,incongruent,✅,0.032749719013696284
40,59,plushy,incongruent,✅,0.11075512976276716
40,6,patients,congruent,✅,0.9732697408334049
40,6,students,congruent,✅,0.985980332219062
40,6,patients,incongruent,❌,0.7070421381443919
40,6,students,incongruent,❌,0.5664748476537942
40,60,sister,congruent,✅,0.9452012758329407
40,60,father,congruent,✅,0.7843730084351808
40,60,sister,incongruent,✅,0.05317076293416312
40,60,father,incongruent,✅,0.06573495236036576
40,61,game,congruent,✅,0.9890176859988176
40,61,sunset,congruent,✅,0.9958701485502381
40,61,game,incongruent,✅,0.20712677569545193
40,61,sunset,incongruent,✅,0.016833435589460672
40,62,holidays,congruent,✅,0.9383660147966012
40,62,funeral,congruent,✅,0.9492581938755308
40,62,holidays,incongruent,✅,0.16378668684407188
40,62,funeral,incongruent,✅,0.37006096763654955
40,63,grades,congruent,✅,0.8311772582021685
40,63,affair,congruent,✅,0.9835795080444618
40,63,grades,incongruent,❌,0.5984813153902008
40,63,affair,incongruent,✅,0.07783296414027281
40,64,arrest,congruent,✅,0.9206911367347922
40,64,stroke,congruent,✅,0.6269798632322316
40,64,arrest,incongruent,✅,0.4548866257523984
40,64,stroke,incongruent,❌,0.6461765688436947
40,65,pacifier,congruent,✅,0.779422079260217
40,65,coffee,congruent,✅,0.8080045797601689
40,65,pacifier,incongruent,✅,0.0992597275799948
40,65,coffee,incongruent,✅,0.03611352453084268
40,66,sweets,congruent,✅,0.9677385136915305
40,66,sentencing,congruent,✅,0.978579557585214
40,66,sweets,incongruent,✅,0.024981210891080293
40,66,sentencing,incongruent,✅,0.02917723683550348
40,67,nap,congruent,✅,0.9873836519963123
40,67,selfie,congruent,✅,0.9982644730376834
40,67,nap,incongruent,✅,0.04805375420006522
40,67,selfie,incongruent,✅,0.0029862285563186782
40,68,diaper,congruent,✅,0.8891458460647025
40,68,tire,congruent,✅,0.9828211580382347
40,68,diaper,incongruent,✅,0.004002520777411724
40,68,tire,incongruent,✅,0.003082523365956197
40,69,chemotherapy,congruent,✅,0.8475942084603642
40,69,golf,congruent,✅,0.7455388807807893
40,69,chemotherapy,incongruent,✅,0.008514900767983509
40,69,golf,incongruent,✅,0.10908008277951811
40,7,consensus,congruent,✅,0.9906289626358827
40,7,deadlock,congruent,✅,0.9588158707923428
40,7,consensus,incongruent,❌,0.6214239535403855
40,7,deadlock,incongruent,❌,0.7193009591714469
40,70,thunder,congruent,✅,0.5804031614847014
40,70,lullaby,congruent,✅,0.9177210237636907
40,70,thunder,incongruent,✅,0.28234679007096625
40,70,lullaby,incongruent,✅,0.07922227998379104
40,71,pajamas,congruent,✅,0.9891435188381398
40,71,uniform,congruent,✅,0.830879697188592
40,71,pajamas,incongruent,✅,0.018183798520469956
40,71,uniform,incongruent,✅,0.08152331358816564
40,72,gown,congruent,✅,0.9489958393917617
40,72,sweats,congruent,✅,0.9910220622782996
40,72,gown,incongruent,✅,0.1329244546005556
40,72,sweats,incongruent,✅,0.2016205076251246
40,73,deadline,congruent,✅,0.7700067916218327
40,73,bed,congruent,✅,0.9516939028701925
40,73,deadline,incongruent,✅,0.09342646860896842
40,73,bed,incongruent,✅,0.14009575562354112
40,74,kindergarten,congruent,✅,0.8040886035326885
40,74,jail,congruent,✅,0.5008507883678066
40,74,kindergarten,incongruent,✅,0.027142297586913715
40,74,jail,incongruent,✅,0.46871014304707437
40,75,interrogated,congruent,✅,0.9868534241089302
40,75,tickled,congruent,✅,0.994275478146862
40,75,interrogated,incongruent,✅,0.14479124341547253
40,75,tickled,incongruent,✅,0.3274047617763943
40,76,sandcastle,congruent,✅,0.9682942566496443
40,76,snowman,congruent,✅,0.9962485974458734
40,76,sandcastle,incongruent,✅,0.016741225557518523
40,76,snowman,incongruent,✅,0.007785439871577599
40,77,music,congruent,✅,0.9968199560616087
40,77,pizza,congruent,✅,0.9987630563201235
40,77,music,incongruent,✅,0.02922290978164169
40,77,pizza,incongruent,✅,0.009254109780142796
40,78,playoffs,congruent,✅,0.7857938126745209
40,78,cartoon,congruent,✅,0.9759149009192128
40,78,playoffs,incongruent,✅,0.02327583217720037
40,78,cartoon,incongruent,✅,0.11723391579513961
40,79,alcoholism,congruent,✅,0.9757738215888786
40,79,academics,congruent,✅,0.913065297773787
40,79,alcoholism,incongruent,✅,0.13195851527974606
40,79,academics,incongruent,✅,0.2766816665978535
40,8,engagement,congruent,❌,0.3513590152584127
40,8,cancer,congruent,❌,0.08339024911584048
40,8,engagement,incongruent,✅,0.05092721675542319
40,8,cancer,incongruent,✅,0.042457401844775075
40,9,terminal,congruent,✅,0.8704727603452099
40,9,classroom,congruent,✅,0.9773939046944654
40,9,terminal,incongruent,✅,0.2998819715942335
40,9,classroom,incongruent,❌,0.5834761468871491
41,0,library,congruent,✅,0.6355352696755052
41,0,refrigerator,congruent,✅,0.5715265543280831
41,0,library,incongruent,✅,0.11306309518677235
41,0,refrigerator,incongruent,✅,0.15934151043580091
41,1,disappointment,congruent,✅,0.6892649865952954
41,1,delight,congruent,✅,0.6409856591552751
41,1,disappointment,incongruent,✅,0.07575675991110055
41,1,delight,incongruent,✅,0.07839780972064055
41,10,cash,congruent,✅,0.9708935046775528
41,10,groceries,congruent,✅,0.9823622315117205
41,10,cash,incongruent,❌,0.702659733810666
41,10,groceries,incongruent,✅,0.24176752669900237
41,11,lonely,congruent,✅,0.9081258656171438
41,11,confident,congruent,✅,0.9174848934563566
41,11,lonely,incongruent,✅,0.2587185659241421
41,11,confident,incongruent,✅,0.41808042314698
41,12,joy,congruent,✅,0.9751922811741576
41,12,outrage,congruent,✅,0.5210498781594867
41,12,joy,incongruent,✅,0.07472319206500128
41,12,outrage,incongruent,❌,0.8189689276857889
41,13,traffic,congruent,✅,0.9883398539183342
41,13,snowstorm,congruent,✅,0.8029016234275651
41,13,traffic,incongruent,✅,0.15608900584803181
41,13,snowstorm,incongruent,❌,0.7720416882978277
41,14,laughter,congruent,✅,0.9754128377197898
41,14,frustration,congruent,✅,0.9620748937179098
41,14,laughter,incongruent,✅,0.45222332095271245
41,14,frustration,incongruent,❌,0.5711836001648297
41,15,calculator,congruent,✅,0.5693836298898887
41,15,instrument,congruent,✅,0.6654252059201645
41,15,calculator,incongruent,✅,0.27428908139961194
41,15,instrument,incongruent,❌,0.5654641102379379
41,16,orchestra,congruent,❌,0.34744765624168455
41,16,racers,congruent,✅,0.8821894516005649
41,16,orchestra,incongruent,✅,0.177672851778898
41,16,racers,incongruent,✅,0.005867433642523752
41,17,retirement,congruent,✅,0.8886793856759654
41,17,playdate,congruent,✅,0.9313065216229588
41,17,retirement,incongruent,✅,0.054696327948477605
41,17,playdate,incongruent,✅,0.2180230342335948
41,18,relieved,congruent,❌,0.41841424380554804
41,18,depressed,congruent,✅,0.864704951310106
41,18,relieved,incongruent,✅,0.09280976828919454
41,18,depressed,incongruent,✅,0.24389271079536984
41,19,friends,congruent,❌,0.3495159076003446
41,19,weight,congruent,✅,0.7854649968844649
41,19,friends,incongruent,❌,0.7648807223187974
41,19,weight,incongruent,✅,0.08126772718261364
41,2,overcoat,congruent,✅,0.5278225332870301
41,2,sandals,congruent,❌,0.47197526861500977
41,2,overcoat,incongruent,✅,0.02772847627871337
41,2,sandals,incongruent,✅,0.01649421472629732
41,20,lipstick,congruent,✅,0.8137264929083788
41,20,song,congruent,✅,0.9430643635596575
41,20,lipstick,incongruent,❌,0.634629476190426
41,20,song,incongruent,❌,0.5635620141301981
41,21,fought,congruent,✅,0.9297904136181645
41,21,sang,congruent,✅,0.8095174935389328
41,21,fought,incongruent,✅,0.024818041899377453
41,21,sang,incongruent,✅,0.032391155119383994
41,22,skeptical,congruent,❌,0.4292591746466736
41,22,reassured,congruent,✅,0.5247814899515623
41,22,skeptical,incongruent,✅,0.27697075203464505
41,22,reassured,incongruent,✅,0.1637841790584069
41,23,graduation,congruent,✅,0.9258603134137481
41,23,operation,congruent,✅,0.827767032801079
41,23,graduation,incongruent,✅,0.1086941681560883
41,23,operation,incongruent,✅,0.0287628095562354
41,24,bride,congruent,✅,0.8160199117245941
41,24,aftermath,congruent,✅,0.952609777136926
41,24,bride,incongruent,✅,0.19354034693085004
41,24,aftermath,incongruent,✅,0.01098115230857406
41,25,teacher,congruent,✅,0.9610449803435209
41,25,daughter,congruent,✅,0.8536331641289989
41,25,teacher,incongruent,✅,0.2169185685882531
41,25,daughter,incongruent,✅,0.0823884733708695
41,26,roommate,congruent,✅,0.8019163072607216
41,26,grandma,congruent,✅,0.7323628386115549
41,26,roommate,incongruent,✅,0.10054391775878256
41,26,grandma,incongruent,✅,0.07179752911633715
41,27,brother,congruent,✅,0.9370137528869584
41,27,mother,congruent,✅,0.9719707150014676
41,27,brother,incongruent,✅,0.21180920511559034
41,27,mother,incongruent,✅,0.02795343425522166
41,28,preschool,congruent,✅,0.7134634347029716
41,28,prison,congruent,✅,0.8952351566931613
41,28,preschool,incongruent,✅,0.038122768277377345
41,28,prison,incongruent,✅,0.09213068380338413
41,29,hopeful,congruent,❌,0.3455716957934005
41,29,hopeless,congruent,✅,0.9524612375913906
41,29,hopeful,incongruent,✅,0.1406779355353076
41,29,hopeless,incongruent,✅,0.011813239182192925
41,3,marathon,congruent,✅,0.8425589348252491
41,3,exam,congruent,✅,0.8156704294564745
41,3,marathon,incongruent,✅,0.30383882100562204
41,3,exam,incongruent,✅,0.3697777680321422
41,30,appalled,congruent,✅,0.8531831045786356
41,30,overjoyed,congruent,✅,0.8932434897325328
41,30,appalled,incongruent,✅,0.09843553150380556
41,30,overjoyed,incongruent,✅,0.2985555279472762
41,31,reprimand,congruent,✅,0.62697909087095
41,31,encouragement,congruent,✅,0.8601994343506045
41,31,reprimand,incongruent,✅,0.07880907084476657
41,31,encouragement,incongruent,✅,0.03214477165141729
41,32,angrily,congruent,✅,0.9217801777254775
41,32,cordially,congruent,✅,0.9771730920262774
41,32,angrily,incongruent,✅,0.19067334509856101
41,32,cordially,incongruent,✅,0.05158189023124776
41,33,accusatory,congruent,✅,0.9652804792558224
41,33,flirtatious,congruent,✅,0.9102289518502351
41,33,accusatory,incongruent,✅,0.1607850385948841
41,33,flirtatious,incongruent,❌,0.6649117088017897
41,34,disapprovingly,congruent,✅,0.9019883556647912
41,34,lovingly,congruent,✅,0.5740110972493421
41,34,disapprovingly,incongruent,✅,0.032634630036179516
41,34,lovingly,incongruent,✅,0.1475583651522604
41,35,playful,congruent,✅,0.9328751783914523
41,35,distant,congruent,✅,0.6611353810015783
41,35,playful,incongruent,❌,0.5717365133596677
41,35,distant,incongruent,✅,0.36930231507778527
41,36,headphones,congruent,✅,0.6246652501430897
41,36,mangoes,congruent,❌,0.42361000467848337
41,36,headphones,incongruent,✅,0.12695714633650204
41,36,mangoes,incongruent,✅,0.15561814580540798
41,37,playroom,congruent,✅,0.988101067472084
41,37,park,congruent,✅,0.9541017244836877
41,37,playroom,incongruent,✅,0.004479185690088821
41,37,park,incongruent,✅,0.15106666935418891
41,38,bedroom,congruent,✅,0.9548068935105639
41,38,backyard,congruent,✅,0.8726507625964167
41,38,bedroom,incongruent,✅,0.026084482758076184
41,38,backyard,incongruent,✅,0.0005360648796446446
41,39,solemnly,congruent,✅,0.9780855863387085
41,39,excitedly,congruent,✅,0.984620375608846
41,39,solemnly,incongruent,❌,0.8445416698670326
41,39,excitedly,incongruent,✅,0.49023598271618135
41,4,menu,congruent,❌,0.3455301843740318
41,4,prescription,congruent,✅,0.6596774443967167
41,4,menu,incongruent,✅,0.15630550311026656
41,4,prescription,incongruent,✅,0.08892291774321263
41,40,car,congruent,❌,0.4712302878424864
41,40,sock,congruent,✅,0.6045924011582858
41,40,car,incongruent,✅,0.04281680016647397
41,40,sock,incongruent,✅,0.025810013729679573
41,41,overdressed,congruent,✅,0.7101088226011644
41,41,naked,congruent,❌,0.10635751708724868
41,41,overdressed,incongruent,✅,0.0021497373671479927
41,41,naked,incongruent,✅,0.05462546115014435
41,42,shy,congruent,✅,0.8530935279626599
41,42,lively,congruent,✅,0.9021733967731654
41,42,shy,incongruent,✅,0.024935245968446287
41,42,lively,incongruent,✅,0.09943490797283862
41,43,offended,congruent,✅,0.9039242204403721
41,43,flattered,congruent,✅,0.6640274480431256
41,43,offended,incongruent,✅,0.04982425015271016
41,43,flattered,incongruent,✅,0.4485578134407111
41,44,grandkid,congruent,✅,0.9503395045762589
41,44,cellmate,congruent,✅,0.9709985212848353
41,44,grandkid,incongruent,✅,0.1391110175918833
41,44,cellmate,incongruent,✅,0.05797412314097638
41,45,promoted,congruent,✅,0.9867780662799447
41,45,fired,congruent,✅,0.9614219277979186
41,45,promoted,incongruent,✅,0.28566780295664923
41,45,fired,incongruent,❌,0.5469571707362628
41,46,shooting,congruent,❌,0.3601548707292454
41,46,celebration,congruent,✅,0.5672719864040268
41,46,shooting,incongruent,✅,0.04848849919029582
41,46,celebration,incongruent,✅,0.10571316759826895
41,47,crayon,congruent,✅,0.5280304349912123
41,47,beer,congruent,✅,0.9171670520675111
41,47,crayon,incongruent,✅,0.001627524116767415
41,47,beer,incongruent,✅,0.009149592249146144
41,48,waiter,congruent,✅,0.9247882425950162
41,48,taxi,congruent,✅,0.6874696067300744
41,48,waiter,incongruent,✅,0.29399728481485077
41,48,taxi,incongruent,✅,0.35116190842792017
41,49,parents,congruent,✅,0.9956819509717758
41,49,keys,congruent,✅,0.9848255055499554
41,49,parents,incongruent,❌,0.8854798996315604
41,49,keys,incongruent,✅,0.11076226350221748
41,5,distress,congruent,✅,0.930799210766317
41,5,tranquility,congruent,✅,0.9368328886753763
41,5,distress,incongruent,✅,0.014089769870963333
41,5,tranquility,incongruent,✅,0.27709285881527096
41,50,sofa,congruent,✅,0.9905939813624723
41,50,sky,congruent,✅,0.9920488898754098
41,50,sofa,incongruent,✅,0.026948663393431188
41,50,sky,incongruent,✅,0.11162737240923429
41,51,obesity,congruent,❌,0.12201752362886333
41,51,homework,congruent,✅,0.8144083176168673
41,51,obesity,incongruent,✅,0.030728359393017095
41,51,homework,incongruent,✅,0.011649738651679137
41,52,quiz,congruent,✅,0.9756468354360371
41,52,commute,congruent,✅,0.9821512692912104
41,52,quiz,incongruent,✅,0.07532417831484187
41,52,commute,incongruent,✅,0.20684096034244145
41,53,migraine,congruent,✅,0.9944447665910257
41,53,excitement,congruent,✅,0.9851743095922009
41,53,migraine,incongruent,✅,0.11200941769812309
41,53,excitement,incongruent,❌,0.8021002102803501
41,54,niece,congruent,✅,0.8756935178935614
41,54,husband,congruent,✅,0.9442631349545465
41,54,niece,incongruent,✅,0.2796949076863933
41,54,husband,incongruent,✅,0.4060827672140549
41,55,film,congruent,✅,0.9779020884914578
41,55,sunrise,congruent,✅,0.8785360388618909
41,55,film,incongruent,✅,0.4459500653698664
41,55,sunrise,incongruent,✅,0.27454381459293903
41,56,lecture,congruent,✅,0.8902295845741428
41,56,banquet,congruent,✅,0.5735571724457774
41,56,lecture,incongruent,✅,0.006963432015489752
41,56,banquet,incongruent,✅,0.02340216771372117
41,57,drink,congruent,✅,0.9606829082133925
41,57,textbook,congruent,✅,0.9375355723002515
41,57,drink,incongruent,✅,0.022128067732865582
41,57,textbook,incongruent,✅,0.022825920379033384
41,58,pool,congruent,✅,0.9925161426945528
41,58,snow,congruent,✅,0.980234654375686
41,58,pool,incongruent,✅,0.05005419587263455
41,58,snow,incongruent,✅,0.2619835351760465
41,59,passport,congruent,✅,0.9184710176650338
41,59,plushy,congruent,✅,0.8461535369448221
41,59,passport,incongruent,✅,0.03182789247524408
41,59,plushy,incongruent,✅,0.13828966117013358
41,6,patients,congruent,✅,0.9606726517272599
41,6,students,congruent,✅,0.9749925786810306
41,6,patients,incongruent,❌,0.6174226587003501
41,6,students,incongruent,✅,0.4808891203868654
41,60,sister,congruent,✅,0.9215086089914692
41,60,father,congruent,✅,0.7424018151071473
41,60,sister,incongruent,✅,0.047829348993769144
41,60,father,incongruent,✅,0.05975785490237334
41,61,game,congruent,✅,0.9873578202755714
41,61,sunset,congruent,✅,0.9960451368225537
41,61,game,incongruent,✅,0.2269044398137125
41,61,sunset,incongruent,✅,0.03180764403164191
41,62,holidays,congruent,✅,0.9585363726477257
41,62,funeral,congruent,✅,0.9723240911899548
41,62,holidays,incongruent,✅,0.309261641102001
41,62,funeral,incongruent,✅,0.48943530029732973
41,63,grades,congruent,✅,0.8428718698429865
41,63,affair,congruent,✅,0.9864424851875289
41,63,grades,incongruent,❌,0.6812484296208705
41,63,affair,incongruent,✅,0.09964020573463574
41,64,arrest,congruent,✅,0.8986620850664427
41,64,stroke,congruent,✅,0.5656295582383231
41,64,arrest,incongruent,✅,0.4280235604428477
41,64,stroke,incongruent,❌,0.6179370561402915
41,65,pacifier,congruent,✅,0.7916212034251113
41,65,coffee,congruent,✅,0.7758947401096805
41,65,pacifier,incongruent,✅,0.10812328101226673
41,65,coffee,incongruent,✅,0.06099364048220261
41,66,sweets,congruent,✅,0.971171744806991
41,66,sentencing,congruent,✅,0.9718262249378485
41,66,sweets,incongruent,✅,0.03034382582472431
41,66,sentencing,incongruent,✅,0.02991481268407251
41,67,nap,congruent,✅,0.9800706544598436
41,67,selfie,congruent,✅,0.9982970607966959
41,67,nap,incongruent,✅,0.05019769219896503
41,67,selfie,incongruent,✅,0.003717600921962157
41,68,diaper,congruent,✅,0.8955149419488974
41,68,tire,congruent,✅,0.9885311397777934
41,68,diaper,incongruent,✅,0.00768923921206992
41,68,tire,incongruent,✅,0.004617584497554395
41,69,chemotherapy,congruent,✅,0.8725400933241436
41,69,golf,congruent,✅,0.7887486451881461
41,69,chemotherapy,incongruent,✅,0.016720214417415544
41,69,golf,incongruent,✅,0.1610907027519497
41,7,consensus,congruent,✅,0.9871230224545924
41,7,deadlock,congruent,✅,0.9336184664390172
41,7,consensus,incongruent,❌,0.5322753825488626
41,7,deadlock,incongruent,❌,0.6947384101731845
41,70,thunder,congruent,✅,0.594781778647401
41,70,lullaby,congruent,✅,0.8830722698306065
41,70,thunder,incongruent,✅,0.18601413593451724
41,70,lullaby,incongruent,✅,0.09391508210245932
41,71,pajamas,congruent,✅,0.9871161880969187
41,71,uniform,congruent,✅,0.8358023223248325
41,71,pajamas,incongruent,✅,0.017171735916325516
41,71,uniform,incongruent,✅,0.09316306826933636
41,72,gown,congruent,✅,0.9506317765538848
41,72,sweats,congruent,✅,0.9886791513603375
41,72,gown,incongruent,✅,0.11508476643347931
41,72,sweats,incongruent,✅,0.1791179169756517
41,73,deadline,congruent,✅,0.6981085859664126
41,73,bed,congruent,✅,0.9632635824237279
41,73,deadline,incongruent,✅,0.12836710751481145
41,73,bed,incongruent,✅,0.11626492401947175
41,74,kindergarten,congruent,✅,0.7351333280479745
41,74,jail,congruent,✅,0.5862644762838048
41,74,kindergarten,incongruent,✅,0.04431453254331585
41,74,jail,incongruent,✅,0.3706285638591804
41,75,interrogated,congruent,✅,0.9899304676928112
41,75,tickled,congruent,✅,0.9948553838204149
41,75,interrogated,incongruent,✅,0.16440757444546691
41,75,tickled,incongruent,✅,0.4388487992220848
41,76,sandcastle,congruent,✅,0.9541860636790495
41,76,snowman,congruent,✅,0.9941184281757548
41,76,sandcastle,incongruent,✅,0.013164163065236895
41,76,snowman,incongruent,✅,0.010392279642074159
41,77,music,congruent,✅,0.9968759493210484
41,77,pizza,congruent,✅,0.9975456367576764
41,77,music,incongruent,✅,0.030695400595440042
41,77,pizza,incongruent,✅,0.015296888593668994
41,78,playoffs,congruent,✅,0.8092847474114884
41,78,cartoon,congruent,✅,0.9753438498149676
41,78,playoffs,incongruent,✅,0.028711421888840873
41,78,cartoon,incongruent,✅,0.13437227024773304
41,79,alcoholism,congruent,✅,0.9793353402729492
41,79,academics,congruent,✅,0.9078805819283792
41,79,alcoholism,incongruent,✅,0.1303996919516474
41,79,academics,incongruent,✅,0.3559602934091111
41,8,engagement,congruent,❌,0.3707516001279311
41,8,cancer,congruent,❌,0.06214680402804009
41,8,engagement,incongruent,✅,0.03825779198544701
41,8,cancer,incongruent,✅,0.049857031535756026
41,9,terminal,congruent,✅,0.8889343373138776
41,9,classroom,congruent,✅,0.9850852712586925
41,9,terminal,incongruent,✅,0.3627138182610553
41,9,classroom,incongruent,❌,0.6353785581681924
42,0,library,congruent,✅,0.654067686821644
42,0,refrigerator,congruent,✅,0.5802480890634497
42,0,library,incongruent,✅,0.14074105388553224
42,0,refrigerator,incongruent,✅,0.17747309753490584
42,1,disappointment,congruent,✅,0.6295265428002721
42,1,delight,congruent,✅,0.6279069628298602
42,1,disappointment,incongruent,✅,0.06373845939876109
42,1,delight,incongruent,✅,0.07428233197980853
42,10,cash,congruent,✅,0.9616989560487373
42,10,groceries,congruent,✅,0.9828849623979553
42,10,cash,incongruent,❌,0.7281831430988984
42,10,groceries,incongruent,✅,0.28506526363481993
42,11,lonely,congruent,✅,0.8792673254723389
42,11,confident,congruent,✅,0.9005136097144198
42,11,lonely,incongruent,✅,0.24450274550682538
42,11,confident,incongruent,✅,0.36572145307081044
42,12,joy,congruent,✅,0.9734420665688552
42,12,outrage,congruent,❌,0.4599359291154897
42,12,joy,incongruent,✅,0.06946474470989787
42,12,outrage,incongruent,❌,0.8247534844877336
42,13,traffic,congruent,✅,0.990043092634393
42,13,snowstorm,congruent,✅,0.8383333580102783
42,13,traffic,incongruent,✅,0.20098389018199087
42,13,snowstorm,incongruent,❌,0.8252836768579823
42,14,laughter,congruent,✅,0.9762245832459753
42,14,frustration,congruent,✅,0.9651508602952
42,14,laughter,incongruent,✅,0.49888292048707433
42,14,frustration,incongruent,❌,0.6132501438125945
42,15,calculator,congruent,✅,0.5652452590136329
42,15,instrument,congruent,✅,0.6185403324363664
42,15,calculator,incongruent,✅,0.3062851609751238
42,15,instrument,incongruent,❌,0.5447174393084927
42,16,orchestra,congruent,❌,0.3580296849022493
42,16,racers,congruent,✅,0.8617064339230542
42,16,orchestra,incongruent,✅,0.13235052134123515
42,16,racers,incongruent,✅,0.0077226570355046695
42,17,retirement,congruent,✅,0.9087790189228161
42,17,playdate,congruent,✅,0.9298951683507363
42,17,retirement,incongruent,✅,0.0758331842491855
42,17,playdate,incongruent,✅,0.22633288013821326
42,18,relieved,congruent,❌,0.36297396690308503
42,18,depressed,congruent,✅,0.8664068954739241
42,18,relieved,incongruent,✅,0.09664462838516767
42,18,depressed,incongruent,✅,0.2133539802049913
42,19,friends,congruent,❌,0.315849917054694
42,19,weight,congruent,✅,0.829552120437309
42,19,friends,incongruent,❌,0.816287018633245
42,19,weight,incongruent,✅,0.07996355718761325
42,2,overcoat,congruent,❌,0.4319327687591262
42,2,sandals,congruent,❌,0.3716360948721559
42,2,overcoat,incongruent,✅,0.02029747082473734
42,2,sandals,incongruent,✅,0.012632837787344389
42,20,lipstick,congruent,✅,0.8076980486527414
42,20,song,congruent,✅,0.9348211237356278
42,20,lipstick,incongruent,❌,0.6594009787126766
42,20,song,incongruent,❌,0.5847828515037375
42,21,fought,congruent,✅,0.9258040716463474
42,21,sang,congruent,✅,0.8586219055697001
42,21,fought,incongruent,✅,0.024284363146533542
42,21,sang,incongruent,✅,0.0366176790832418
42,22,skeptical,congruent,❌,0.38848889825901334
42,22,reassured,congruent,✅,0.6038429113361962
42,22,skeptical,incongruent,✅,0.34979959419599416
42,22,reassured,incongruent,✅,0.14596618012813253
42,23,graduation,congruent,✅,0.9191320023421478
42,23,operation,congruent,✅,0.7836066272861012
42,23,graduation,incongruent,✅,0.13858301668082648
42,23,operation,incongruent,✅,0.01673019012029594
42,24,bride,congruent,✅,0.8463574551820091
42,24,aftermath,congruent,✅,0.9659399831360344
42,24,bride,incongruent,✅,0.2560309563406124
42,24,aftermath,incongruent,✅,0.015259704036137006
42,25,teacher,congruent,✅,0.9575008424692842
42,25,daughter,congruent,✅,0.8244036450643711
42,25,teacher,incongruent,✅,0.21425480886430615
42,25,daughter,incongruent,✅,0.09202816369309887
42,26,roommate,congruent,✅,0.7162713631042367
42,26,grandma,congruent,✅,0.7103268164876895
42,26,roommate,incongruent,✅,0.07952439307207822
42,26,grandma,incongruent,✅,0.05975833279629715
42,27,brother,congruent,✅,0.9311240331243658
42,27,mother,congruent,✅,0.9556337002966545
42,27,brother,incongruent,✅,0.14572546194199168
42,27,mother,incongruent,✅,0.025354860356302585
42,28,preschool,congruent,✅,0.7411947367232465
42,28,prison,congruent,✅,0.8987027806521527
42,28,preschool,incongruent,✅,0.0396293843752197
42,28,prison,incongruent,✅,0.1253702543920627
42,29,hopeful,congruent,❌,0.3437716535533588
42,29,hopeless,congruent,✅,0.9380219463106846
42,29,hopeful,incongruent,✅,0.12388123697041717
42,29,hopeless,incongruent,✅,0.01669067531455851
42,3,marathon,congruent,✅,0.8486891748788146
42,3,exam,congruent,✅,0.8211592454487512
42,3,marathon,incongruent,✅,0.3066722147027539
42,3,exam,incongruent,✅,0.4221955174014445
42,30,appalled,congruent,✅,0.8692019600065702
42,30,overjoyed,congruent,✅,0.8890151862903853
42,30,appalled,incongruent,✅,0.09909962282205868
42,30,overjoyed,incongruent,✅,0.3527689416910152
42,31,reprimand,congruent,✅,0.6069817055791253
42,31,encouragement,congruent,✅,0.856795441557021
42,31,reprimand,incongruent,✅,0.06967509690570088
42,31,encouragement,incongruent,✅,0.030444870716918405
42,32,angrily,congruent,✅,0.9119075149488095
42,32,cordially,congruent,✅,0.9710318019732956
42,32,angrily,incongruent,✅,0.18200557807992676
42,32,cordially,incongruent,✅,0.05921946160503968
42,33,accusatory,congruent,✅,0.9676670452896474
42,33,flirtatious,congruent,✅,0.8865441982037797
42,33,accusatory,incongruent,✅,0.1322348443404789
42,33,flirtatious,incongruent,❌,0.6925576965713971
42,34,disapprovingly,congruent,✅,0.8875425839956265
42,34,lovingly,congruent,✅,0.567806117818208
42,34,disapprovingly,incongruent,✅,0.03367290635402593
42,34,lovingly,incongruent,✅,0.15080782319837216
42,35,playful,congruent,✅,0.9235468901197258
42,35,distant,congruent,✅,0.6876076739824806
42,35,playful,incongruent,❌,0.5916764121511763
42,35,distant,incongruent,✅,0.3541945784661204
42,36,headphones,congruent,✅,0.6300842304883298
42,36,mangoes,congruent,❌,0.49198349543363673
42,36,headphones,incongruent,✅,0.1370482399486437
42,36,mangoes,incongruent,✅,0.19060466861533942
42,37,playroom,congruent,✅,0.9888082679168501
42,37,park,congruent,✅,0.9434938729969619
42,37,playroom,incongruent,✅,0.004983948029110359
42,37,park,incongruent,✅,0.14487860365739313
42,38,bedroom,congruent,✅,0.9429709314630936
42,38,backyard,congruent,✅,0.8682797796829513
42,38,bedroom,incongruent,✅,0.033075682858708114
42,38,backyard,incongruent,✅,0.0005018987741759635
42,39,solemnly,congruent,✅,0.9842491292426504
42,39,excitedly,congruent,✅,0.9829753205643206
42,39,solemnly,incongruent,❌,0.8988836517558477
42,39,excitedly,incongruent,❌,0.5709639911783858
42,4,menu,congruent,❌,0.3133483137121152
42,4,prescription,congruent,✅,0.5012510889903599
42,4,menu,incongruent,✅,0.09935305073168096
42,4,prescription,incongruent,✅,0.08042458876201503
42,40,car,congruent,✅,0.561192420933958
42,40,sock,congruent,✅,0.7355201488175096
42,40,car,incongruent,✅,0.0727925743982409
42,40,sock,incongruent,✅,0.06002019596764533
42,41,overdressed,congruent,✅,0.7449734237009604
42,41,naked,congruent,❌,0.13357311958821438
42,41,overdressed,incongruent,✅,0.0029276723166158413
42,41,naked,incongruent,✅,0.07601440887256193
42,42,shy,congruent,✅,0.8575922253265027
42,42,lively,congruent,✅,0.900628915853338
42,42,shy,incongruent,✅,0.0407658337748291
42,42,lively,incongruent,✅,0.10150501768404462
42,43,offended,congruent,✅,0.9209120584526044
42,43,flattered,congruent,✅,0.7183778136769845
42,43,offended,incongruent,✅,0.06292068643695026
42,43,flattered,incongruent,❌,0.5157953667583707
42,44,grandkid,congruent,✅,0.9401116763932493
42,44,cellmate,congruent,✅,0.9726124763448593
42,44,grandkid,incongruent,✅,0.18560497376236842
42,44,cellmate,incongruent,✅,0.06446094730777713
42,45,promoted,congruent,✅,0.9891099470912789
42,45,fired,congruent,✅,0.9669522813834284
42,45,promoted,incongruent,✅,0.33943255809395034
42,45,fired,incongruent,❌,0.6010017288802898
42,46,shooting,congruent,❌,0.28719790627594044
42,46,celebration,congruent,❌,0.47825315138516505
42,46,shooting,incongruent,✅,0.03550551717224617
42,46,celebration,incongruent,✅,0.08054615293089301
42,47,crayon,congruent,✅,0.6254358839531439
42,47,beer,congruent,✅,0.9281032184388842
42,47,crayon,incongruent,✅,0.002838927282947938
42,47,beer,incongruent,✅,0.016382782505973553
42,48,waiter,congruent,✅,0.9128628562088265
42,48,taxi,congruent,✅,0.6207120975832995
42,48,waiter,incongruent,✅,0.26390617885163326
42,48,taxi,incongruent,✅,0.36532676972458494
42,49,parents,congruent,✅,0.9953617804430879
42,49,keys,congruent,✅,0.9857578336160308
42,49,parents,incongruent,❌,0.8922098048606855
42,49,keys,incongruent,✅,0.10953145805487523
42,5,distress,congruent,✅,0.9527199104789628
42,5,tranquility,congruent,✅,0.9446216583929019
42,5,distress,incongruent,✅,0.01615400910423668
42,5,tranquility,incongruent,✅,0.39406729465420176
42,50,sofa,congruent,✅,0.9914525438992478
42,50,sky,congruent,✅,0.9954835325496227
42,50,sofa,incongruent,✅,0.05220837101678869
42,50,sky,incongruent,✅,0.14678447826318378
42,51,obesity,congruent,❌,0.11628491889537426
42,51,homework,congruent,✅,0.8037978766042655
42,51,obesity,incongruent,✅,0.03803722963409469
42,51,homework,incongruent,✅,0.012949601160750406
42,52,quiz,congruent,✅,0.9705884873637546
42,52,commute,congruent,✅,0.9808427827504355
42,52,quiz,incongruent,✅,0.083328710906433
42,52,commute,incongruent,✅,0.16833769821755604
42,53,migraine,congruent,✅,0.9943391625282646
42,53,excitement,congruent,✅,0.9846587947192441
42,53,migraine,incongruent,✅,0.15923026173037508
42,53,excitement,incongruent,❌,0.7931604204512467
42,54,niece,congruent,✅,0.8580191948740917
42,54,husband,congruent,✅,0.9308382402437076
42,54,niece,incongruent,✅,0.28791585312851337
42,54,husband,incongruent,✅,0.37666327922168935
42,55,film,congruent,✅,0.9658986500797104
42,55,sunrise,congruent,✅,0.9415477657034027
42,55,film,incongruent,❌,0.6212918905864152
42,55,sunrise,incongruent,✅,0.27897763577717777
42,56,lecture,congruent,✅,0.8831932868573589
42,56,banquet,congruent,✅,0.5887283450722938
42,56,lecture,incongruent,✅,0.011570724978112821
42,56,banquet,incongruent,✅,0.030672930341406415
42,57,drink,congruent,✅,0.9478461562159092
42,57,textbook,congruent,✅,0.945955289592128
42,57,drink,incongruent,✅,0.028696661869052186
42,57,textbook,incongruent,✅,0.03200012377501431
42,58,pool,congruent,✅,0.993295320196142
42,58,snow,congruent,✅,0.9865395328561267
42,58,pool,incongruent,✅,0.06687582435840024
42,58,snow,incongruent,✅,0.333772643833247
42,59,passport,congruent,✅,0.916999901083904
42,59,plushy,congruent,✅,0.7045150043118558
42,59,passport,incongruent,✅,0.012574991821485188
42,59,plushy,incongruent,✅,0.1638768448188774
42,6,patients,congruent,✅,0.9532492299638988
42,6,students,congruent,✅,0.9763095855977031
42,6,patients,incongruent,❌,0.6472193137623914
42,6,students,incongruent,❌,0.5281907363551772
42,60,sister,congruent,✅,0.9396635958157826
42,60,father,congruent,✅,0.8051176150916558
42,60,sister,incongruent,✅,0.07028901207803406
42,60,father,incongruent,✅,0.06511506222248062
42,61,game,congruent,✅,0.9892857769425019
42,61,sunset,congruent,✅,0.9971134127141674
42,61,game,incongruent,✅,0.3318396403338597
42,61,sunset,incongruent,✅,0.016189761582961048
42,62,holidays,congruent,✅,0.9565879507156081
42,62,funeral,congruent,✅,0.9565285688190255
42,62,holidays,incongruent,✅,0.2576736493677382
42,62,funeral,incongruent,✅,0.46930655269675553
42,63,grades,congruent,✅,0.8170462602831633
42,63,affair,congruent,✅,0.9866018690753052
42,63,grades,incongruent,❌,0.6894832706595374
42,63,affair,incongruent,✅,0.11169393257784169
42,64,arrest,congruent,✅,0.8882972266773388
42,64,stroke,congruent,✅,0.5549655603481589
42,64,arrest,incongruent,✅,0.4193481381394317
42,64,stroke,incongruent,❌,0.6286279280188891
42,65,pacifier,congruent,✅,0.7121554745646133
42,65,coffee,congruent,✅,0.7048873815236233
42,65,pacifier,incongruent,✅,0.08364826066600195
42,65,coffee,incongruent,✅,0.02989543439116806
42,66,sweets,congruent,✅,0.9588410843070813
42,66,sentencing,congruent,✅,0.9638007090489422
42,66,sweets,incongruent,✅,0.03213802791605637
42,66,sentencing,incongruent,✅,0.025886272485677393
42,67,nap,congruent,✅,0.9871075541654141
42,67,selfie,congruent,✅,0.9983316427656425
42,67,nap,incongruent,✅,0.059577945737502906
42,67,selfie,incongruent,✅,0.005239376686896251
42,68,diaper,congruent,✅,0.9018645628390507
42,68,tire,congruent,✅,0.9932425053984739
42,68,diaper,incongruent,✅,0.013845679990579625
42,68,tire,incongruent,✅,0.009772150932534564
42,69,chemotherapy,congruent,✅,0.8777332420223902
42,69,golf,congruent,✅,0.70129116560383
42,69,chemotherapy,incongruent,✅,0.011157622610100443
42,69,golf,incongruent,✅,0.18508892709491787
42,7,consensus,congruent,✅,0.9818596330881141
42,7,deadlock,congruent,✅,0.9177851229271734
42,7,consensus,incongruent,✅,0.49702480662242876
42,7,deadlock,incongruent,❌,0.628869575342908
42,70,thunder,congruent,✅,0.6156710439730384
42,70,lullaby,congruent,✅,0.8881055280985769
42,70,thunder,incongruent,✅,0.15983738352982163
42,70,lullaby,incongruent,✅,0.10809976268961011
42,71,pajamas,congruent,✅,0.9824168322339849
42,71,uniform,congruent,✅,0.8616606237640781
42,71,pajamas,incongruent,✅,0.01912877372548091
42,71,uniform,incongruent,✅,0.09596243594297575
42,72,gown,congruent,✅,0.9477173065199862
42,72,sweats,congruent,✅,0.9813785161070137
42,72,gown,incongruent,✅,0.09724795523654162
42,72,sweats,incongruent,✅,0.14983285117620632
42,73,deadline,congruent,✅,0.7796906044971673
42,73,bed,congruent,✅,0.9436148296975463
42,73,deadline,incongruent,✅,0.13573789021887553
42,73,bed,incongruent,✅,0.192906642005942
42,74,kindergarten,congruent,✅,0.6602759480776518
42,74,jail,congruent,✅,0.5107425245263248
42,74,kindergarten,incongruent,✅,0.03371471251796778
42,74,jail,incongruent,✅,0.35075299862182585
42,75,interrogated,congruent,✅,0.9887155987148045
42,75,tickled,congruent,✅,0.9962418590050497
42,75,interrogated,incongruent,✅,0.2118688103760627
42,75,tickled,incongruent,❌,0.5167267239352336
42,76,sandcastle,congruent,✅,0.9508556675164043
42,76,snowman,congruent,✅,0.9930838183639303
42,76,sandcastle,incongruent,✅,0.012688340681454958
42,76,snowman,incongruent,✅,0.009160256117363028
42,77,music,congruent,✅,0.9955782840502692
42,77,pizza,congruent,✅,0.9963288020306907
42,77,music,incongruent,✅,0.02191983119932592
42,77,pizza,incongruent,✅,0.015069920720809569
42,78,playoffs,congruent,✅,0.8589419395077528
42,78,cartoon,congruent,✅,0.966109694796498
42,78,playoffs,incongruent,✅,0.04142135396269483
42,78,cartoon,incongruent,✅,0.1871585150330251
42,79,alcoholism,congruent,✅,0.9814177773799204
42,79,academics,congruent,✅,0.9034432631152058
42,79,alcoholism,incongruent,✅,0.12911021588402216
42,79,academics,incongruent,✅,0.41265283621406723
42,8,engagement,congruent,❌,0.45080475243332085
42,8,cancer,congruent,❌,0.07045900079627007
42,8,engagement,incongruent,✅,0.047355328791382253
42,8,cancer,incongruent,✅,0.08026893150399693
42,9,terminal,congruent,✅,0.8672869272049384
42,9,classroom,congruent,✅,0.9884812430402905
42,9,terminal,incongruent,✅,0.421360040560474
42,9,classroom,incongruent,❌,0.6685384412040895
43,0,library,congruent,✅,0.5342128957025314
43,0,refrigerator,congruent,✅,0.6831956360243004
43,0,library,incongruent,✅,0.15213599899018915
43,0,refrigerator,incongruent,✅,0.22352834787522963
43,1,disappointment,congruent,✅,0.6294007125940775
43,1,delight,congruent,✅,0.5519661813468653
43,1,disappointment,incongruent,✅,0.06764755069336725
43,1,delight,incongruent,✅,0.07074909516606799
43,10,cash,congruent,✅,0.9712246099481135
43,10,groceries,congruent,✅,0.9835199722424548
43,10,cash,incongruent,❌,0.7677403223444962
43,10,groceries,incongruent,✅,0.14634508712423588
43,11,lonely,congruent,✅,0.9253111029149589
43,11,confident,congruent,✅,0.9149688031453547
43,11,lonely,incongruent,✅,0.27897959421724144
43,11,confident,incongruent,✅,0.43952258170695147
43,12,joy,congruent,✅,0.962549444748026
43,12,outrage,congruent,❌,0.36414144421225725
43,12,joy,incongruent,✅,0.06113277866822713
43,12,outrage,incongruent,❌,0.7506312722144728
43,13,traffic,congruent,✅,0.9929673009283684
43,13,snowstorm,congruent,✅,0.7542590745312046
43,13,traffic,incongruent,✅,0.1353625711169756
43,13,snowstorm,incongruent,❌,0.8504685330614378
43,14,laughter,congruent,✅,0.9749786573512181
43,14,frustration,congruent,✅,0.9600592242513104
43,14,laughter,incongruent,✅,0.4778834381745507
43,14,frustration,incongruent,❌,0.6438317770497747
43,15,calculator,congruent,✅,0.5862714268364825
43,15,instrument,congruent,✅,0.6405861623159879
43,15,calculator,incongruent,✅,0.29018696654563253
43,15,instrument,incongruent,❌,0.567387170123725
43,16,orchestra,congruent,❌,0.42790089061957326
43,16,racers,congruent,✅,0.8676992993157735
43,16,orchestra,incongruent,✅,0.14690325491971568
43,16,racers,incongruent,✅,0.011639582408903103
43,17,retirement,congruent,✅,0.882431788427303
43,17,playdate,congruent,✅,0.9380193879021843
43,17,retirement,incongruent,✅,0.08804507838865465
43,17,playdate,incongruent,✅,0.2037266739446279
43,18,relieved,congruent,❌,0.4267703635326947
43,18,depressed,congruent,✅,0.8710362216010509
43,18,relieved,incongruent,✅,0.11815390189985166
43,18,depressed,incongruent,✅,0.26143007491334286
43,19,friends,congruent,❌,0.2974541589546761
43,19,weight,congruent,✅,0.834332352150211
43,19,friends,incongruent,❌,0.8361918525982471
43,19,weight,incongruent,✅,0.07423242278358644
43,2,overcoat,congruent,❌,0.4145583476471721
43,2,sandals,congruent,❌,0.26373805866726174
43,2,overcoat,incongruent,✅,0.017962737170019307
43,2,sandals,incongruent,✅,0.016269014927756193
43,20,lipstick,congruent,✅,0.8395302219314869
43,20,song,congruent,✅,0.8872517367111598
43,20,lipstick,incongruent,✅,0.4633534057409866
43,20,song,incongruent,❌,0.6691314806073642
43,21,fought,congruent,✅,0.940206122135803
43,21,sang,congruent,✅,0.8414017938518563
43,21,fought,incongruent,✅,0.012817204942228747
43,21,sang,incongruent,✅,0.046570883186626354
43,22,skeptical,congruent,❌,0.4159784879106712
43,22,reassured,congruent,✅,0.728193337115832
43,22,skeptical,incongruent,✅,0.4861724839972896
43,22,reassured,incongruent,✅,0.17076457313270202
43,23,graduation,congruent,✅,0.9047817372080168
43,23,operation,congruent,✅,0.7795830558649725
43,23,graduation,incongruent,✅,0.15010348519047081
43,23,operation,incongruent,✅,0.018132125371700496
43,24,bride,congruent,✅,0.889635123841721
43,24,aftermath,congruent,✅,0.9699737462153389
43,24,bride,incongruent,✅,0.3038193463475724
43,24,aftermath,incongruent,✅,0.01729601238322231
43,25,teacher,congruent,✅,0.9559644788508435
43,25,daughter,congruent,✅,0.8524973227284739
43,25,teacher,incongruent,✅,0.22725950567773182
43,25,daughter,incongruent,✅,0.10632933948294059
43,26,roommate,congruent,✅,0.7033778392249843
43,26,grandma,congruent,✅,0.743213656923973
43,26,roommate,incongruent,✅,0.08021840214354524
43,26,grandma,incongruent,✅,0.061471950426347365
43,27,brother,congruent,✅,0.9416726948935582
43,27,mother,congruent,✅,0.9589417691788215
43,27,brother,incongruent,✅,0.16704945417064992
43,27,mother,incongruent,✅,0.03489724640009599
43,28,preschool,congruent,✅,0.7880761972322035
43,28,prison,congruent,✅,0.8775746188963256
43,28,preschool,incongruent,✅,0.03564846373841902
43,28,prison,incongruent,✅,0.14331201881692737
43,29,hopeful,congruent,❌,0.3110493516141315
43,29,hopeless,congruent,✅,0.8793973622135753
43,29,hopeful,incongruent,✅,0.11215987208749184
43,29,hopeless,incongruent,✅,0.009364484660099983
43,3,marathon,congruent,✅,0.8548034077557178
43,3,exam,congruent,✅,0.8085103786442309
43,3,marathon,incongruent,✅,0.3331325213532382
43,3,exam,incongruent,✅,0.40887952092619934
43,30,appalled,congruent,✅,0.9032177314823943
43,30,overjoyed,congruent,✅,0.9206561758059019
43,30,appalled,incongruent,✅,0.14193870277420575
43,30,overjoyed,incongruent,✅,0.43893821720940895
43,31,reprimand,congruent,✅,0.6323979600425519
43,31,encouragement,congruent,✅,0.8628519984269011
43,31,reprimand,incongruent,✅,0.08235498509855384
43,31,encouragement,incongruent,✅,0.035733054911194974
43,32,angrily,congruent,✅,0.9494623688099729
43,32,cordially,congruent,✅,0.9856877805864452
43,32,angrily,incongruent,✅,0.28278703921469245
43,32,cordially,incongruent,✅,0.10588133530153092
43,33,accusatory,congruent,✅,0.9655000813916886
43,33,flirtatious,congruent,✅,0.8778041437417454
43,33,accusatory,incongruent,✅,0.12690006857758687
43,33,flirtatious,incongruent,❌,0.6846236741772463
43,34,disapprovingly,congruent,✅,0.7066366003779546
43,34,lovingly,congruent,❌,0.46133351058688743
43,34,disapprovingly,incongruent,✅,0.022433753330563747
43,34,lovingly,incongruent,✅,0.048480486075095496
43,35,playful,congruent,✅,0.9134246193829589
43,35,distant,congruent,✅,0.668264120523623
43,35,playful,incongruent,❌,0.5815573000079278
43,35,distant,incongruent,✅,0.32585887197291774
43,36,headphones,congruent,✅,0.7517041974841239
43,36,mangoes,congruent,✅,0.5691820245502052
43,36,headphones,incongruent,✅,0.19898052171249728
43,36,mangoes,incongruent,✅,0.338502506507285
43,37,playroom,congruent,✅,0.9911208527262336
43,37,park,congruent,✅,0.9317497996499442
43,37,playroom,incongruent,✅,0.004881851987873816
43,37,park,incongruent,✅,0.1376753268858357
43,38,bedroom,congruent,✅,0.9575794541911352
43,38,backyard,congruent,✅,0.8638420886002998
43,38,bedroom,incongruent,✅,0.03848684906104289
43,38,backyard,incongruent,✅,0.0007498281367942541
43,39,solemnly,congruent,✅,0.986545126600948
43,39,excitedly,congruent,✅,0.9742473910530338
43,39,solemnly,incongruent,❌,0.8821760752808826
43,39,excitedly,incongruent,❌,0.6040323475537543
43,4,menu,congruent,❌,0.2886530147641553
43,4,prescription,congruent,❌,0.3136580809476761
43,4,menu,incongruent,✅,0.06005944960469412
43,4,prescription,incongruent,✅,0.07154479862081954
43,40,car,congruent,✅,0.5509301877042597
43,40,sock,congruent,✅,0.7257858734129436
43,40,car,incongruent,✅,0.05091861520302612
43,40,sock,incongruent,✅,0.03968236289216492
43,41,overdressed,congruent,✅,0.6033909416693765
43,41,naked,congruent,❌,0.07743683153323756
43,41,overdressed,incongruent,✅,0.0014969164548572422
43,41,naked,incongruent,✅,0.047023443602834405
43,42,shy,congruent,✅,0.9090299773241987
43,42,lively,congruent,✅,0.904950374750405
43,42,shy,incongruent,✅,0.06056154320863206
43,42,lively,incongruent,✅,0.1433964969612668
43,43,offended,congruent,✅,0.9187213900042771
43,43,flattered,congruent,✅,0.6022422681696582
43,43,offended,incongruent,✅,0.042187717909544786
43,43,flattered,incongruent,❌,0.5169086168396615
43,44,grandkid,congruent,✅,0.9405817974709726
43,44,cellmate,congruent,✅,0.9687493767251766
43,44,grandkid,incongruent,✅,0.2265593866782102
43,44,cellmate,incongruent,✅,0.05866165089296972
43,45,promoted,congruent,✅,0.9884231058821585
43,45,fired,congruent,✅,0.96776004166031
43,45,promoted,incongruent,✅,0.36481633616602077
43,45,fired,incongruent,❌,0.6857369974572611
43,46,shooting,congruent,❌,0.251108988493868
43,46,celebration,congruent,✅,0.6266906351795635
43,46,shooting,incongruent,✅,0.044883024212358236
43,46,celebration,incongruent,✅,0.08695452895637666
43,47,crayon,congruent,✅,0.6343295871912683
43,47,beer,congruent,✅,0.8771997175979122
43,47,crayon,incongruent,✅,0.002350031651339521
43,47,beer,incongruent,✅,0.01657494658144488
43,48,waiter,congruent,✅,0.906482712686787
43,48,taxi,congruent,✅,0.661061236557989
43,48,waiter,incongruent,✅,0.30230693639246436
43,48,taxi,incongruent,✅,0.3037514482569712
43,49,parents,congruent,✅,0.9945879955718783
43,49,keys,congruent,✅,0.986977398983718
43,49,parents,incongruent,❌,0.9014429356853575
43,49,keys,incongruent,✅,0.08265827788577612
43,5,distress,congruent,✅,0.9465274624746421
43,5,tranquility,congruent,✅,0.9352202449532154
43,5,distress,incongruent,✅,0.014120147659994017
43,5,tranquility,incongruent,✅,0.359323385679366
43,50,sofa,congruent,✅,0.9916576713695869
43,50,sky,congruent,✅,0.997067628029552
43,50,sofa,incongruent,✅,0.07644369935461569
43,50,sky,incongruent,✅,0.15153236845296678
43,51,obesity,congruent,❌,0.09287427800661148
43,51,homework,congruent,✅,0.8644941450754441
43,51,obesity,incongruent,✅,0.07152590079548063
43,51,homework,incongruent,✅,0.011688917098540511
43,52,quiz,congruent,✅,0.9816681382437885
43,52,commute,congruent,✅,0.9830330475145089
43,52,quiz,incongruent,✅,0.09659151319868929
43,52,commute,incongruent,✅,0.21867805931182907
43,53,migraine,congruent,✅,0.9915636681554874
43,53,excitement,congruent,✅,0.9865145204882148
43,53,migraine,incongruent,✅,0.21547198783268878
43,53,excitement,incongruent,❌,0.7579216410472592
43,54,niece,congruent,✅,0.839197357872401
43,54,husband,congruent,✅,0.8903832148940395
43,54,niece,incongruent,✅,0.24059282982459537
43,54,husband,incongruent,✅,0.3294007680099308
43,55,film,congruent,✅,0.9541487472130125
43,55,sunrise,congruent,✅,0.9607753599603678
43,55,film,incongruent,❌,0.674972763116573
43,55,sunrise,incongruent,✅,0.1714431402680208
43,56,lecture,congruent,✅,0.8642240545019514
43,56,banquet,congruent,✅,0.5560285096970266
43,56,lecture,incongruent,✅,0.01058080440959932
43,56,banquet,incongruent,✅,0.032470392359241894
43,57,drink,congruent,✅,0.9256140652952347
43,57,textbook,congruent,✅,0.9362857040625296
43,57,drink,incongruent,✅,0.02456571632019711
43,57,textbook,incongruent,✅,0.028678054844847266
43,58,pool,congruent,✅,0.9957439248177009
43,58,snow,congruent,✅,0.9863950226107591
43,58,pool,incongruent,✅,0.08700520687601775
43,58,snow,incongruent,✅,0.4473099150329807
43,59,passport,congruent,✅,0.8946813804253145
43,59,plushy,congruent,✅,0.587015858059997
43,59,passport,incongruent,✅,0.010944416771050682
43,59,plushy,incongruent,✅,0.12167949050726458
43,6,patients,congruent,✅,0.9538574619169191
43,6,students,congruent,✅,0.9799957795713874
43,6,patients,incongruent,❌,0.6758994483783666
43,6,students,incongruent,❌,0.5051860270297492
43,60,sister,congruent,✅,0.935776729980623
43,60,father,congruent,✅,0.7360878369567924
43,60,sister,incongruent,✅,0.06169741438814594
43,60,father,incongruent,✅,0.04722521357364966
43,61,game,congruent,✅,0.98358452937609
43,61,sunset,congruent,✅,0.9974001127691076
43,61,game,incongruent,✅,0.3970282226728227
43,61,sunset,incongruent,✅,0.006695147523721657
43,62,holidays,congruent,✅,0.9510605790919684
43,62,funeral,congruent,✅,0.9498802776077695
43,62,holidays,incongruent,✅,0.2564092397778261
43,62,funeral,incongruent,✅,0.3999638294208946
43,63,grades,congruent,✅,0.7249929980936416
43,63,affair,congruent,✅,0.9803573554031144
43,63,grades,incongruent,❌,0.6530254755051639
43,63,affair,incongruent,✅,0.08523511693197172
43,64,arrest,congruent,✅,0.9230017257919408
43,64,stroke,congruent,✅,0.5642717065438647
43,64,arrest,incongruent,✅,0.43455443713236935
43,64,stroke,incongruent,❌,0.7200686058299086
43,65,pacifier,congruent,✅,0.5654907119411479
43,65,coffee,congruent,✅,0.7929730152784564
43,65,pacifier,incongruent,✅,0.09706385713035805
43,65,coffee,incongruent,✅,0.015216798607200944
43,66,sweets,congruent,✅,0.9605898075078926
43,66,sentencing,congruent,✅,0.9642910581313406
43,66,sweets,incongruent,✅,0.037186429851960065
43,66,sentencing,incongruent,✅,0.03496921746639387
43,67,nap,congruent,✅,0.9897618509692918
43,67,selfie,congruent,✅,0.997078441695955
43,67,nap,incongruent,✅,0.06285596181803317
43,67,selfie,incongruent,✅,0.008036755111130457
43,68,diaper,congruent,✅,0.9375773739785009
43,68,tire,congruent,✅,0.9959917796259031
43,68,diaper,incongruent,✅,0.025554388727405834
43,68,tire,incongruent,✅,0.02230171062547475
43,69,chemotherapy,congruent,✅,0.825301856081252
43,69,golf,congruent,✅,0.6154921415605386
43,69,chemotherapy,incongruent,✅,0.010226848699532753
43,69,golf,incongruent,✅,0.1581411857127254
43,7,consensus,congruent,✅,0.9728671465498907
43,7,deadlock,congruent,✅,0.9027296573796024
43,7,consensus,incongruent,✅,0.47834355688674746
43,7,deadlock,incongruent,❌,0.5884973771811935
43,70,thunder,congruent,✅,0.6378221458826893
43,70,lullaby,congruent,✅,0.9032473143342817
43,70,thunder,incongruent,✅,0.2847974692116069
43,70,lullaby,incongruent,✅,0.12358123150233004
43,71,pajamas,congruent,✅,0.9838731444416925
43,71,uniform,congruent,✅,0.788184817865859
43,71,pajamas,incongruent,✅,0.011636276989168836
43,71,uniform,incongruent,✅,0.0846805052418973
43,72,gown,congruent,✅,0.9414459001627986
43,72,sweats,congruent,✅,0.9869283863084348
43,72,gown,incongruent,✅,0.13357298469616216
43,72,sweats,incongruent,✅,0.18368165215549434
43,73,deadline,congruent,✅,0.7726945794688439
43,73,bed,congruent,✅,0.8948331697697695
43,73,deadline,incongruent,✅,0.11137150992807154
43,73,bed,incongruent,✅,0.20695923811997152
43,74,kindergarten,congruent,✅,0.639830276346893
43,74,jail,congruent,✅,0.521490345399654
43,74,kindergarten,incongruent,✅,0.035829641332365596
43,74,jail,incongruent,✅,0.3555765721387571
43,75,interrogated,congruent,✅,0.9813537107529873
43,75,tickled,congruent,✅,0.9961206842952696
43,75,interrogated,incongruent,✅,0.19511468615881297
43,75,tickled,incongruent,✅,0.41628646106298106
43,76,sandcastle,congruent,✅,0.9410622844495398
43,76,snowman,congruent,✅,0.9941138327607043
43,76,sandcastle,incongruent,✅,0.01813389488098898
43,76,snowman,incongruent,✅,0.01939137967869916
43,77,music,congruent,✅,0.9952581413137972
43,77,pizza,congruent,✅,0.9914581227856248
43,77,music,incongruent,✅,0.020600865782980517
43,77,pizza,incongruent,✅,0.015677284856451076
43,78,playoffs,congruent,✅,0.8469685260523945
43,78,cartoon,congruent,✅,0.9591984650047075
43,78,playoffs,incongruent,✅,0.047407015745662764
43,78,cartoon,incongruent,✅,0.1837604278838528
43,79,alcoholism,congruent,✅,0.985635587068672
43,79,academics,congruent,✅,0.8978697705203217
43,79,alcoholism,incongruent,✅,0.14376148729953897
43,79,academics,incongruent,✅,0.4620780886984475
43,8,engagement,congruent,❌,0.39447335280699
43,8,cancer,congruent,❌,0.07550898726743017
43,8,engagement,incongruent,✅,0.0335393615680822
43,8,cancer,incongruent,✅,0.10098757832167246
43,9,terminal,congruent,✅,0.8690313276970787
43,9,classroom,congruent,✅,0.9898170628860603
43,9,terminal,incongruent,✅,0.4256152273308164
43,9,classroom,incongruent,❌,0.6915016987219188
44,0,library,congruent,✅,0.5685209347759888
44,0,refrigerator,congruent,✅,0.6900625129102546
44,0,library,incongruent,✅,0.12878915242863379
44,0,refrigerator,incongruent,✅,0.31008134305631346
44,1,disappointment,congruent,✅,0.6852800382422253
44,1,delight,congruent,✅,0.5237670042951784
44,1,disappointment,incongruent,✅,0.06651359482852338
44,1,delight,incongruent,✅,0.07458598129342893
44,10,cash,congruent,✅,0.9662136865455011
44,10,groceries,congruent,✅,0.980141414174042
44,10,cash,incongruent,❌,0.7618054815449399
44,10,groceries,incongruent,✅,0.08883347629768928
44,11,lonely,congruent,✅,0.9200443409582412
44,11,confident,congruent,✅,0.9230213202919675
44,11,lonely,incongruent,✅,0.28423258539580853
44,11,confident,incongruent,✅,0.45940405835154363
44,12,joy,congruent,✅,0.9562052641210413
44,12,outrage,congruent,❌,0.3332014474194088
44,12,joy,incongruent,✅,0.06189953998100823
44,12,outrage,incongruent,❌,0.716030425069597
44,13,traffic,congruent,✅,0.9916845341006375
44,13,snowstorm,congruent,✅,0.7528678541084958
44,13,traffic,incongruent,✅,0.1423945575789464
44,13,snowstorm,incongruent,❌,0.8490477132337291
44,14,laughter,congruent,✅,0.9787781389475054
44,14,frustration,congruent,✅,0.9661231610202375
44,14,laughter,incongruent,❌,0.5026101629624679
44,14,frustration,incongruent,❌,0.7331552368055612
44,15,calculator,congruent,✅,0.6528453615575122
44,15,instrument,congruent,✅,0.6336073881573284
44,15,calculator,incongruent,✅,0.3270954690880802
44,15,instrument,incongruent,❌,0.5602025920825059
44,16,orchestra,congruent,❌,0.26414344029648107
44,16,racers,congruent,✅,0.8575265035635674
44,16,orchestra,incongruent,✅,0.16881655858241146
44,16,racers,incongruent,✅,0.006604451572566621
44,17,retirement,congruent,✅,0.9015100124252251
44,17,playdate,congruent,✅,0.9432258599764108
44,17,retirement,incongruent,✅,0.0878119735582625
44,17,playdate,incongruent,✅,0.24209223893300985
44,18,relieved,congruent,✅,0.5217673856035903
44,18,depressed,congruent,✅,0.9172101960277981
44,18,relieved,incongruent,✅,0.15494580484548592
44,18,depressed,incongruent,✅,0.3427094342687909
44,19,friends,congruent,❌,0.3345023984011909
44,19,weight,congruent,✅,0.9012900702654012
44,19,friends,incongruent,❌,0.9085559077156418
44,19,weight,incongruent,✅,0.07895985162088312
44,2,overcoat,congruent,❌,0.4108372262500704
44,2,sandals,congruent,❌,0.21721485257795622
44,2,overcoat,incongruent,✅,0.015144635000040249
44,2,sandals,incongruent,✅,0.018008106560941345
44,20,lipstick,congruent,✅,0.87431480228633
44,20,song,congruent,✅,0.8823824807438906
44,20,lipstick,incongruent,❌,0.5596307091401514
44,20,song,incongruent,❌,0.7345552521961315
44,21,fought,congruent,✅,0.9305134148756156
44,21,sang,congruent,✅,0.8535211074530935
44,21,fought,incongruent,✅,0.012110513944507779
44,21,sang,incongruent,✅,0.04546652102724802
44,22,skeptical,congruent,❌,0.38944046537854415
44,22,reassured,congruent,✅,0.8405641258683244
44,22,skeptical,incongruent,❌,0.6190401375796885
44,22,reassured,incongruent,✅,0.16736915647654316
44,23,graduation,congruent,✅,0.9123851628563345
44,23,operation,congruent,✅,0.7474434419390444
44,23,graduation,incongruent,✅,0.1507414234176707
44,23,operation,incongruent,✅,0.012742811824384843
44,24,bride,congruent,✅,0.9059236988512307
44,24,aftermath,congruent,✅,0.9590059481874593
44,24,bride,incongruent,✅,0.2914454212584719
44,24,aftermath,incongruent,✅,0.02395384663741248
44,25,teacher,congruent,✅,0.9522314364885387
44,25,daughter,congruent,✅,0.8455571223943488
44,25,teacher,incongruent,✅,0.23094831463296894
44,25,daughter,incongruent,✅,0.09385628756223578
44,26,roommate,congruent,✅,0.6905155011224713
44,26,grandma,congruent,✅,0.6778083216790385
44,26,roommate,incongruent,✅,0.06855568438466922
44,26,grandma,incongruent,✅,0.06286617205313093
44,27,brother,congruent,✅,0.9554170243876863
44,27,mother,congruent,✅,0.9536329064264122
44,27,brother,incongruent,✅,0.18826372796577331
44,27,mother,incongruent,✅,0.05537510122539156
44,28,preschool,congruent,✅,0.7498604449990947
44,28,prison,congruent,✅,0.8581321115373225
44,28,preschool,incongruent,✅,0.03502431760250014
44,28,prison,incongruent,✅,0.12384736498059919
44,29,hopeful,congruent,❌,0.25092630337262656
44,29,hopeless,congruent,✅,0.8324569203211403
44,29,hopeful,incongruent,✅,0.09701569149231916
44,29,hopeless,incongruent,✅,0.009384738718801255
44,3,marathon,congruent,✅,0.8387320849229318
44,3,exam,congruent,✅,0.8251570939001424
44,3,marathon,incongruent,✅,0.3481062573173199
44,3,exam,incongruent,✅,0.3918909820448772
44,30,appalled,congruent,✅,0.9351052538009731
44,30,overjoyed,congruent,✅,0.9591953846564475
44,30,appalled,incongruent,✅,0.24096285660619088
44,30,overjoyed,incongruent,❌,0.527617549289269
44,31,reprimand,congruent,✅,0.560146003473184
44,31,encouragement,congruent,✅,0.8318870364132511
44,31,reprimand,incongruent,✅,0.06692421043390025
44,31,encouragement,incongruent,✅,0.032478554850558276
44,32,angrily,congruent,✅,0.948708418008572
44,32,cordially,congruent,✅,0.9892949975436032
44,32,angrily,incongruent,✅,0.3172591606232465
44,32,cordially,incongruent,✅,0.12206514156612845
44,33,accusatory,congruent,✅,0.9594122222343652
44,33,flirtatious,congruent,✅,0.846400359291905
44,33,accusatory,incongruent,✅,0.09729676392161535
44,33,flirtatious,incongruent,❌,0.6029037664035775
44,34,disapprovingly,congruent,✅,0.6504321720778231
44,34,lovingly,congruent,❌,0.3746080133411911
44,34,disapprovingly,incongruent,✅,0.015064060017004218
44,34,lovingly,incongruent,✅,0.047974907136986954
44,35,playful,congruent,✅,0.9028714288895716
44,35,distant,congruent,✅,0.7163550265829445
44,35,playful,incongruent,❌,0.6152895289226845
44,35,distant,incongruent,✅,0.3552840548062597
44,36,headphones,congruent,✅,0.6544833213519217
44,36,mangoes,congruent,✅,0.56903493307281
44,36,headphones,incongruent,✅,0.18033112618567151
44,36,mangoes,incongruent,✅,0.25541883554367345
44,37,playroom,congruent,✅,0.9895773485755467
44,37,park,congruent,✅,0.9372930548413083
44,37,playroom,incongruent,✅,0.005820239246693501
44,37,park,incongruent,✅,0.14780603816998564
44,38,bedroom,congruent,✅,0.943149436348464
44,38,backyard,congruent,✅,0.8462834428706799
44,38,bedroom,incongruent,✅,0.03994378305822885
44,38,backyard,incongruent,✅,0.0009564564400140931
44,39,solemnly,congruent,✅,0.9922775365260763
44,39,excitedly,congruent,✅,0.9796210815970027
44,39,solemnly,incongruent,❌,0.907706531135877
44,39,excitedly,incongruent,❌,0.7321943023621648
44,4,menu,congruent,❌,0.3257156093348868
44,4,prescription,congruent,❌,0.46757644297613227
44,4,menu,incongruent,✅,0.08634673922828238
44,4,prescription,incongruent,✅,0.08634885298804264
44,40,car,congruent,✅,0.5827662338321647
44,40,sock,congruent,✅,0.6966463699171047
44,40,car,incongruent,✅,0.0559107671146425
44,40,sock,incongruent,✅,0.04947157668099061
44,41,overdressed,congruent,✅,0.6750676830994793
44,41,naked,congruent,❌,0.07400169492020713
44,41,overdressed,incongruent,✅,0.0019689022811121273
44,41,naked,incongruent,✅,0.07605685428859081
44,42,shy,congruent,✅,0.8542347149564816
44,42,lively,congruent,✅,0.9157491980196636
44,42,shy,incongruent,✅,0.07758744125458258
44,42,lively,incongruent,✅,0.08332300986818576
44,43,offended,congruent,✅,0.9096471995166074
44,43,flattered,congruent,✅,0.6208666316854535
44,43,offended,incongruent,✅,0.046229055371945264
44,43,flattered,incongruent,❌,0.5034763201564935
44,44,grandkid,congruent,✅,0.9478068545795932
44,44,cellmate,congruent,✅,0.9668359449943104
44,44,grandkid,incongruent,✅,0.20848146333200027
44,44,cellmate,incongruent,✅,0.06381579254542631
44,45,promoted,congruent,✅,0.9883965047532396
44,45,fired,congruent,✅,0.9506533914440711
44,45,promoted,incongruent,✅,0.2526604357432294
44,45,fired,incongruent,❌,0.742846894584157
44,46,shooting,congruent,❌,0.18701527330398146
44,46,celebration,congruent,✅,0.6732623634407866
44,46,shooting,incongruent,✅,0.05062689033476456
44,46,celebration,incongruent,✅,0.07479764572683247
44,47,crayon,congruent,❌,0.4839222886855436
44,47,beer,congruent,✅,0.8778979557292541
44,47,crayon,incongruent,✅,0.0020442128404215
44,47,beer,incongruent,✅,0.018577048549580276
44,48,waiter,congruent,✅,0.9241640849634793
44,48,taxi,congruent,✅,0.7007126148095408
44,48,waiter,incongruent,✅,0.2927843615123851
44,48,taxi,incongruent,✅,0.2937437520687778
44,49,parents,congruent,✅,0.9933310969256393
44,49,keys,congruent,✅,0.9889687793452371
44,49,parents,incongruent,❌,0.8910651121911075
44,49,keys,incongruent,✅,0.04870733625057751
44,5,distress,congruent,✅,0.9218576525927328
44,5,tranquility,congruent,✅,0.9216092024839517
44,5,distress,incongruent,✅,0.010790771939769373
44,5,tranquility,incongruent,✅,0.29526255049275246
44,50,sofa,congruent,✅,0.9968135029012515
44,50,sky,congruent,✅,0.9982110005827133
44,50,sofa,incongruent,✅,0.10342665744819862
44,50,sky,incongruent,✅,0.30534981151251805
44,51,obesity,congruent,❌,0.0763808954650254
44,51,homework,congruent,✅,0.8724250202509806
44,51,obesity,incongruent,✅,0.08327593328223541
44,51,homework,incongruent,✅,0.011249844952352685
44,52,quiz,congruent,✅,0.9700698638987963
44,52,commute,congruent,✅,0.9848608371852485
44,52,quiz,incongruent,✅,0.08760219614276117
44,52,commute,incongruent,✅,0.166919283733326
44,53,migraine,congruent,✅,0.9948279321585137
44,53,excitement,congruent,✅,0.9879441924821576
44,53,migraine,incongruent,✅,0.19197851809438463
44,53,excitement,incongruent,❌,0.8248582603764419
44,54,niece,congruent,✅,0.7559758461567743
44,54,husband,congruent,✅,0.8512550346669231
44,54,niece,incongruent,✅,0.1845765957243719
44,54,husband,incongruent,✅,0.25828415996974724
44,55,film,congruent,✅,0.9623813347295583
44,55,sunrise,congruent,✅,0.9454645958717481
44,55,film,incongruent,❌,0.6601003936375252
44,55,sunrise,incongruent,✅,0.19222409228821818
44,56,lecture,congruent,✅,0.8742253449831393
44,56,banquet,congruent,✅,0.5497903342033152
44,56,lecture,incongruent,✅,0.010753270704316285
44,56,banquet,incongruent,✅,0.04555014346900806
44,57,drink,congruent,✅,0.8944210952808413
44,57,textbook,congruent,✅,0.9385988737186824
44,57,drink,incongruent,✅,0.01905436602001422
44,57,textbook,incongruent,✅,0.033885257353719465
44,58,pool,congruent,✅,0.9962269747085868
44,58,snow,congruent,✅,0.9833835361667361
44,58,pool,incongruent,✅,0.10829212614775172
44,58,snow,incongruent,✅,0.4283429298911484
44,59,passport,congruent,✅,0.8743177864425352
44,59,plushy,congruent,✅,0.5850855516578695
44,59,passport,incongruent,✅,0.01282055421825027
44,59,plushy,incongruent,✅,0.10332621593819659
44,6,patients,congruent,✅,0.9412573147098429
44,6,students,congruent,✅,0.9776487665730261
44,6,patients,incongruent,❌,0.6628413456696879
44,6,students,incongruent,❌,0.5584777354853705
44,60,sister,congruent,✅,0.9246243327472641
44,60,father,congruent,✅,0.6704923703466704
44,60,sister,incongruent,✅,0.04546445589872667
44,60,father,incongruent,✅,0.04128536074708947
44,61,game,congruent,✅,0.9863118399240361
44,61,sunset,congruent,✅,0.9983288181797562
44,61,game,incongruent,✅,0.4205977682666868
44,61,sunset,incongruent,✅,0.016237574779250783
44,62,holidays,congruent,✅,0.9593409037252675
44,62,funeral,congruent,✅,0.9432259579041721
44,62,holidays,incongruent,✅,0.25343531286616344
44,62,funeral,incongruent,✅,0.42764361012954943
44,63,grades,congruent,✅,0.7734619684427437
44,63,affair,congruent,✅,0.9816502188379947
44,63,grades,incongruent,❌,0.6461171276310042
44,63,affair,incongruent,✅,0.09399599400447795
44,64,arrest,congruent,✅,0.9049485207809159
44,64,stroke,congruent,✅,0.5212497514867571
44,64,arrest,incongruent,✅,0.38008534940624306
44,64,stroke,incongruent,❌,0.697512481988849
44,65,pacifier,congruent,❌,0.4169626254751636
44,65,coffee,congruent,✅,0.6977760835554843
44,65,pacifier,incongruent,✅,0.06549575372179862
44,65,coffee,incongruent,✅,0.010589126258387463
44,66,sweets,congruent,✅,0.9662901724385262
44,66,sentencing,congruent,✅,0.9759724355058853
44,66,sweets,incongruent,✅,0.04986117613018292
44,66,sentencing,incongruent,✅,0.048414845698905626
44,67,nap,congruent,✅,0.9858478300095976
44,67,selfie,congruent,✅,0.9970253203166475
44,67,nap,incongruent,✅,0.036140128501543516
44,67,selfie,incongruent,✅,0.010406419086362317
44,68,diaper,congruent,✅,0.9234296213147537
44,68,tire,congruent,✅,0.9947397807816099
44,68,diaper,incongruent,✅,0.012971491308003123
44,68,tire,incongruent,✅,0.02105923503384266
44,69,chemotherapy,congruent,✅,0.7465208425124432
44,69,golf,congruent,✅,0.5539045397722285
44,69,chemotherapy,incongruent,✅,0.011655517892587784
44,69,golf,incongruent,✅,0.12149403192766127
44,7,consensus,congruent,✅,0.9798027608874926
44,7,deadlock,congruent,✅,0.9343031264073643
44,7,consensus,incongruent,❌,0.5800322913934128
44,7,deadlock,incongruent,❌,0.6453011403823058
44,70,thunder,congruent,✅,0.609816478122486
44,70,lullaby,congruent,✅,0.9068403971829083
44,70,thunder,incongruent,✅,0.3248518284707463
44,70,lullaby,incongruent,✅,0.11497515011479682
44,71,pajamas,congruent,✅,0.985710791879489
44,71,uniform,congruent,✅,0.8547043026121826
44,71,pajamas,incongruent,✅,0.013859035843430413
44,71,uniform,incongruent,✅,0.15282225769017782
44,72,gown,congruent,✅,0.932443439976179
44,72,sweats,congruent,✅,0.9857383674331716
44,72,gown,incongruent,✅,0.15987159131704964
44,72,sweats,incongruent,✅,0.11774604256089823
44,73,deadline,congruent,✅,0.7439522693868406
44,73,bed,congruent,✅,0.9281743015136752
44,73,deadline,incongruent,✅,0.14473372422197983
44,73,bed,incongruent,✅,0.2217074573128547
44,74,kindergarten,congruent,✅,0.5499884397256295
44,74,jail,congruent,❌,0.4676186782362552
44,74,kindergarten,incongruent,✅,0.03349735708171899
44,74,jail,incongruent,✅,0.25538580386048054
44,75,interrogated,congruent,✅,0.9820846441455532
44,75,tickled,congruent,✅,0.9973284336605525
44,75,interrogated,incongruent,✅,0.2810618011962299
44,75,tickled,incongruent,❌,0.570410169949797
44,76,sandcastle,congruent,✅,0.939605089599878
44,76,snowman,congruent,✅,0.9944673442477774
44,76,sandcastle,incongruent,✅,0.02841800026914206
44,76,snowman,incongruent,✅,0.019403333530038414
44,77,music,congruent,✅,0.9943628731351719
44,77,pizza,congruent,✅,0.9868815832612405
44,77,music,incongruent,✅,0.017655540196413477
44,77,pizza,incongruent,✅,0.015915373179326724
44,78,playoffs,congruent,✅,0.860608473501956
44,78,cartoon,congruent,✅,0.9306300426957069
44,78,playoffs,incongruent,✅,0.035871165448150444
44,78,cartoon,incongruent,✅,0.19766965526722516
44,79,alcoholism,congruent,✅,0.9876477743265621
44,79,academics,congruent,✅,0.8971756847626698
44,79,alcoholism,incongruent,✅,0.15661488699411905
44,79,academics,incongruent,❌,0.503949674151065
44,8,engagement,congruent,❌,0.3523354873792212
44,8,cancer,congruent,❌,0.10804550782700056
44,8,engagement,incongruent,✅,0.046415807813096926
44,8,cancer,incongruent,✅,0.0898128255582645
44,9,terminal,congruent,✅,0.8626131091592476
44,9,classroom,congruent,✅,0.986443052273555
44,9,terminal,incongruent,✅,0.37840361624606483
44,9,classroom,incongruent,❌,0.547017985385361
45,0,library,congruent,❌,0.4574937966928977
45,0,refrigerator,congruent,✅,0.667831964440397
45,0,library,incongruent,✅,0.14784074786354542
45,0,refrigerator,incongruent,✅,0.2642153083547661
45,1,disappointment,congruent,✅,0.7171604606499563
45,1,delight,congruent,✅,0.583095987190824
45,1,disappointment,incongruent,✅,0.07606048666153337
45,1,delight,incongruent,✅,0.08342433482040515
45,10,cash,congruent,✅,0.9764059772503506
45,10,groceries,congruent,✅,0.9868480970847671
45,10,cash,incongruent,❌,0.8385611133405285
45,10,groceries,incongruent,✅,0.11851240345012316
45,11,lonely,congruent,✅,0.8754816881891841
45,11,confident,congruent,✅,0.8820523153853189
45,11,lonely,incongruent,✅,0.13915491768383745
45,11,confident,incongruent,✅,0.37274143882895
45,12,joy,congruent,✅,0.9514164009674991
45,12,outrage,congruent,❌,0.33271835150119033
45,12,joy,incongruent,✅,0.05950364795757205
45,12,outrage,incongruent,❌,0.6933563498704428
45,13,traffic,congruent,✅,0.9861012006825356
45,13,snowstorm,congruent,✅,0.7778660072806993
45,13,traffic,incongruent,✅,0.13030156691353967
45,13,snowstorm,incongruent,❌,0.8313113291939259
45,14,laughter,congruent,✅,0.9737314953591927
45,14,frustration,congruent,✅,0.9539249212357899
45,14,laughter,incongruent,✅,0.4744831932621672
45,14,frustration,incongruent,❌,0.6690425781484794
45,15,calculator,congruent,✅,0.5831553116880308
45,15,instrument,congruent,❌,0.4882591259704473
45,15,calculator,incongruent,✅,0.1786168979721123
45,15,instrument,incongruent,✅,0.4473167558486434
45,16,orchestra,congruent,❌,0.19008739714289954
45,16,racers,congruent,✅,0.867471991350354
45,16,orchestra,incongruent,✅,0.16145091633635958
45,16,racers,incongruent,✅,0.008350946073068102
45,17,retirement,congruent,✅,0.9310077266622445
45,17,playdate,congruent,✅,0.9402931429697208
45,17,retirement,incongruent,✅,0.0902182732125273
45,17,playdate,incongruent,✅,0.29232575148797785
45,18,relieved,congruent,✅,0.5313185663589423
45,18,depressed,congruent,✅,0.926984425754768
45,18,relieved,incongruent,✅,0.16063133468221538
45,18,depressed,incongruent,✅,0.34225917934486494
45,19,friends,congruent,❌,0.25814525396028803
45,19,weight,congruent,✅,0.9124389466840847
45,19,friends,incongruent,❌,0.9119474383586545
45,19,weight,incongruent,✅,0.056301196225178526
45,2,overcoat,congruent,❌,0.42709522448238096
45,2,sandals,congruent,❌,0.28811603149288395
45,2,overcoat,incongruent,✅,0.01704253204266426
45,2,sandals,incongruent,✅,0.020799216050189515
45,20,lipstick,congruent,✅,0.8902028220915744
45,20,song,congruent,✅,0.867147481281287
45,20,lipstick,incongruent,❌,0.5704342093142089
45,20,song,incongruent,❌,0.7323048228433784
45,21,fought,congruent,✅,0.9208593663609375
45,21,sang,congruent,✅,0.8620994651548489
45,21,fought,incongruent,✅,0.010090189686183457
45,21,sang,incongruent,✅,0.034813006978884245
45,22,skeptical,congruent,❌,0.38259779869210586
45,22,reassured,congruent,✅,0.8917140793162158
45,22,skeptical,incongruent,❌,0.6631381731351688
45,22,reassured,incongruent,✅,0.2006132748097258
45,23,graduation,congruent,✅,0.9413022515411908
45,23,operation,congruent,✅,0.7886879180975384
45,23,graduation,incongruent,✅,0.21149312105019172
45,23,operation,incongruent,✅,0.014938428022858071
45,24,bride,congruent,✅,0.9207572325295623
45,24,aftermath,congruent,✅,0.9660634864329438
45,24,bride,incongruent,✅,0.25649204924881563
45,24,aftermath,incongruent,✅,0.020313017494764083
45,25,teacher,congruent,✅,0.9583487780736517
45,25,daughter,congruent,✅,0.7987499480902123
45,25,teacher,incongruent,✅,0.14911136954525359
45,25,daughter,incongruent,✅,0.1417649191035621
45,26,roommate,congruent,✅,0.7366009983447441
45,26,grandma,congruent,✅,0.6110858284227341
45,26,roommate,incongruent,✅,0.06159515080873513
45,26,grandma,incongruent,✅,0.039318459344942804
45,27,brother,congruent,✅,0.9662298190529133
45,27,mother,congruent,✅,0.9617644605766361
45,27,brother,incongruent,✅,0.22709816059691273
45,27,mother,incongruent,✅,0.07165731271775291
45,28,preschool,congruent,✅,0.7600770221759928
45,28,prison,congruent,✅,0.8805766779976416
45,28,preschool,incongruent,✅,0.03251055254913254
45,28,prison,incongruent,✅,0.12940538825440245
45,29,hopeful,congruent,❌,0.26024991385090435
45,29,hopeless,congruent,✅,0.7739966680351605
45,29,hopeful,incongruent,✅,0.0708267955988951
45,29,hopeless,incongruent,✅,0.011729986582567182
45,3,marathon,congruent,✅,0.8488286349440403
45,3,exam,congruent,✅,0.8627315167362493
45,3,marathon,incongruent,✅,0.3733348957880303
45,3,exam,incongruent,✅,0.3974169512628718
45,30,appalled,congruent,✅,0.9582025154849353
45,30,overjoyed,congruent,✅,0.9755584956448992
45,30,appalled,incongruent,✅,0.40010509059263494
45,30,overjoyed,incongruent,❌,0.6263488161552502
45,31,reprimand,congruent,✅,0.5350934246956427
45,31,encouragement,congruent,✅,0.8696223823539945
45,31,reprimand,incongruent,✅,0.07712352730254235
45,31,encouragement,incongruent,✅,0.03731670297843439
45,32,angrily,congruent,✅,0.9695108230313919
45,32,cordially,congruent,✅,0.9887859226636687
45,32,angrily,incongruent,✅,0.299246903621197
45,32,cordially,incongruent,✅,0.17658599976459133
45,33,accusatory,congruent,✅,0.9586736716093022
45,33,flirtatious,congruent,✅,0.7709456987120726
45,33,accusatory,incongruent,✅,0.07348863880477283
45,33,flirtatious,incongruent,❌,0.5991459723062773
45,34,disapprovingly,congruent,✅,0.606306895877055
45,34,lovingly,congruent,❌,0.441575181878151
45,34,disapprovingly,incongruent,✅,0.014737233138665068
45,34,lovingly,incongruent,✅,0.0460152030723586
45,35,playful,congruent,✅,0.8505190405633484
45,35,distant,congruent,✅,0.7181192936067347
45,35,playful,incongruent,❌,0.6086771090635555
45,35,distant,incongruent,✅,0.2510135479550997
45,36,headphones,congruent,✅,0.7302796114581258
45,36,mangoes,congruent,✅,0.6696282080179286
45,36,headphones,incongruent,✅,0.22953870093998607
45,36,mangoes,incongruent,✅,0.35295549309928426
45,37,playroom,congruent,✅,0.9888329760755974
45,37,park,congruent,✅,0.9461044144223009
45,37,playroom,incongruent,✅,0.006359470983003974
45,37,park,incongruent,✅,0.15877946279118768
45,38,bedroom,congruent,✅,0.9514454811637006
45,38,backyard,congruent,✅,0.8591851435477392
45,38,bedroom,incongruent,✅,0.06659122813942252
45,38,backyard,incongruent,✅,0.0009725441817773652
45,39,solemnly,congruent,✅,0.9860132425285262
45,39,excitedly,congruent,✅,0.9703335635455059
45,39,solemnly,incongruent,❌,0.8891653775407158
45,39,excitedly,incongruent,❌,0.662680228649658
45,4,menu,congruent,❌,0.36898498138261865
45,4,prescription,congruent,❌,0.34055654593014173
45,4,menu,incongruent,✅,0.06983818991023352
45,4,prescription,incongruent,✅,0.08089583424743654
45,40,car,congruent,✅,0.5736871890975042
45,40,sock,congruent,✅,0.7254622732699539
45,40,car,incongruent,✅,0.04933179132825196
45,40,sock,incongruent,✅,0.07778822315038188
45,41,overdressed,congruent,✅,0.7140355717186484
45,41,naked,congruent,❌,0.03858210970568319
45,41,overdressed,incongruent,✅,0.0013915924261712765
45,41,naked,incongruent,✅,0.08455567296452293
45,42,shy,congruent,✅,0.8926972430255078
45,42,lively,congruent,✅,0.9042117334866525
45,42,shy,incongruent,✅,0.056818237823033454
45,42,lively,incongruent,✅,0.10822072217756161
45,43,offended,congruent,✅,0.9217025038000903
45,43,flattered,congruent,✅,0.6948139118386174
45,43,offended,incongruent,✅,0.06752177377805386
45,43,flattered,incongruent,❌,0.513617000330842
45,44,grandkid,congruent,✅,0.9273254477907482
45,44,cellmate,congruent,✅,0.9744792344400635
45,44,grandkid,incongruent,✅,0.18711562806043194
45,44,cellmate,incongruent,✅,0.06921293718521718
45,45,promoted,congruent,✅,0.986116361487241
45,45,fired,congruent,✅,0.9315931749375542
45,45,promoted,incongruent,✅,0.18449004819941914
45,45,fired,incongruent,❌,0.7230751914172098
45,46,shooting,congruent,❌,0.1605086661676371
45,46,celebration,congruent,✅,0.6010801232919059
45,46,shooting,incongruent,✅,0.027133598448025178
45,46,celebration,incongruent,✅,0.04768962675163452
45,47,crayon,congruent,✅,0.6369600680715096
45,47,beer,congruent,✅,0.8971401357349064
45,47,crayon,incongruent,✅,0.0032274191223076853
45,47,beer,incongruent,✅,0.01779688808713466
45,48,waiter,congruent,✅,0.8769458907490807
45,48,taxi,congruent,✅,0.7955402844944114
45,48,waiter,incongruent,✅,0.35767578082843166
45,48,taxi,incongruent,✅,0.20466956138009865
45,49,parents,congruent,✅,0.9926983606510238
45,49,keys,congruent,✅,0.99133007129578
45,49,parents,incongruent,❌,0.9080775938406686
45,49,keys,incongruent,✅,0.034136122951809705
45,5,distress,congruent,✅,0.9345095125823033
45,5,tranquility,congruent,✅,0.9502667800354884
45,5,distress,incongruent,✅,0.01590761893410503
45,5,tranquility,incongruent,✅,0.3581070529965024
45,50,sofa,congruent,✅,0.9967666807219634
45,50,sky,congruent,✅,0.9979684869007257
45,50,sofa,incongruent,✅,0.11702537667728054
45,50,sky,incongruent,✅,0.26521616043514107
45,51,obesity,congruent,❌,0.0830747127767896
45,51,homework,congruent,✅,0.8500945766589934
45,51,obesity,incongruent,✅,0.06616475274157299
45,51,homework,incongruent,✅,0.012577240322784627
45,52,quiz,congruent,✅,0.972559042727864
45,52,commute,congruent,✅,0.9870793682755802
45,52,quiz,incongruent,✅,0.11880154056758468
45,52,commute,incongruent,✅,0.20519071436470457
45,53,migraine,congruent,✅,0.9940857652395255
45,53,excitement,congruent,✅,0.9863664722536042
45,53,migraine,incongruent,✅,0.17540543999262248
45,53,excitement,incongruent,❌,0.8062080816870503
45,54,niece,congruent,✅,0.6542938867959004
45,54,husband,congruent,✅,0.7697496324114486
45,54,niece,incongruent,✅,0.13125606287180483
45,54,husband,incongruent,✅,0.1642711509836746
45,55,film,congruent,✅,0.9673604652432958
45,55,sunrise,congruent,✅,0.9602951451844186
45,55,film,incongruent,❌,0.7487869609093141
45,55,sunrise,incongruent,✅,0.3288316790442371
45,56,lecture,congruent,✅,0.7585443616230606
45,56,banquet,congruent,✅,0.5492582275636889
45,56,lecture,incongruent,✅,0.011572855262649813
45,56,banquet,incongruent,✅,0.026202487050584478
45,57,drink,congruent,✅,0.8742483673213302
45,57,textbook,congruent,✅,0.9159533937573098
45,57,drink,incongruent,✅,0.016135119135056834
45,57,textbook,incongruent,✅,0.039280757231510366
45,58,pool,congruent,✅,0.9957881331856471
45,58,snow,congruent,✅,0.9901585363624472
45,58,pool,incongruent,✅,0.12215703732514734
45,58,snow,incongruent,✅,0.44823821142050335
45,59,passport,congruent,✅,0.809715406055666
45,59,plushy,congruent,✅,0.5785818814022867
45,59,passport,incongruent,✅,0.016787420243996043
45,59,plushy,incongruent,✅,0.06856511016560897
45,6,patients,congruent,✅,0.9721970758433808
45,6,students,congruent,✅,0.9879344483979221
45,6,patients,incongruent,❌,0.7760847553306411
45,6,students,incongruent,❌,0.7641737588731876
45,60,sister,congruent,✅,0.9509002002442758
45,60,father,congruent,✅,0.7563135266713973
45,60,sister,incongruent,✅,0.07013377061071366
45,60,father,incongruent,✅,0.047730049534482476
45,61,game,congruent,✅,0.9874730554997937
45,61,sunset,congruent,✅,0.9981319624362776
45,61,game,incongruent,✅,0.4382840758536118
45,61,sunset,incongruent,✅,0.013017789644530677
45,62,holidays,congruent,✅,0.9573096102399445
45,62,funeral,congruent,✅,0.9186384917336216
45,62,holidays,incongruent,✅,0.20502011000638912
45,62,funeral,incongruent,✅,0.411473758838053
45,63,grades,congruent,✅,0.7351933647715299
45,63,affair,congruent,✅,0.9821331526249759
45,63,grades,incongruent,❌,0.6286555723003542
45,63,affair,incongruent,✅,0.07129417274552462
45,64,arrest,congruent,✅,0.8867121550089854
45,64,stroke,congruent,✅,0.553264018015569
45,64,arrest,incongruent,✅,0.4151380909302409
45,64,stroke,incongruent,❌,0.6196409824529069
45,65,pacifier,congruent,❌,0.4123176934222036
45,65,coffee,congruent,✅,0.617170876361019
45,65,pacifier,incongruent,✅,0.06585150037919382
45,65,coffee,incongruent,✅,0.008473690410077252
45,66,sweets,congruent,✅,0.9595996950974793
45,66,sentencing,congruent,✅,0.9726620420199659
45,66,sweets,incongruent,✅,0.03711373006491842
45,66,sentencing,incongruent,✅,0.053416416292008384
45,67,nap,congruent,✅,0.9844781113690202
45,67,selfie,congruent,✅,0.9976932949314877
45,67,nap,incongruent,✅,0.04428104956981871
45,67,selfie,incongruent,✅,0.0062088884271717356
45,68,diaper,congruent,✅,0.9285693991271613
45,68,tire,congruent,✅,0.9956374492013611
45,68,diaper,incongruent,✅,0.015284642849082783
45,68,tire,incongruent,✅,0.031094092615935095
45,69,chemotherapy,congruent,✅,0.679789917036084
45,69,golf,congruent,✅,0.5714417011200996
45,69,chemotherapy,incongruent,✅,0.015105718671845469
45,69,golf,incongruent,✅,0.10143643068229767
45,7,consensus,congruent,✅,0.9836924252130639
45,7,deadlock,congruent,✅,0.9524675298707888
45,7,consensus,incongruent,❌,0.6555439244111969
45,7,deadlock,incongruent,❌,0.7028219878952298
45,70,thunder,congruent,❌,0.3815237448879531
45,70,lullaby,congruent,✅,0.8874701282100855
45,70,thunder,incongruent,✅,0.3166367736890693
45,70,lullaby,incongruent,✅,0.07156438051696991
45,71,pajamas,congruent,✅,0.9824024543385419
45,71,uniform,congruent,✅,0.7895988148681904
45,71,pajamas,incongruent,✅,0.013275415817418436
45,71,uniform,incongruent,✅,0.11373981469040292
45,72,gown,congruent,✅,0.9047271909674349
45,72,sweats,congruent,✅,0.9865183026144222
45,72,gown,incongruent,✅,0.23526191170447508
45,72,sweats,incongruent,✅,0.10479306803846115
45,73,deadline,congruent,✅,0.7522247554627173
45,73,bed,congruent,✅,0.9521744271442057
45,73,deadline,incongruent,✅,0.19318144735542248
45,73,bed,incongruent,✅,0.19330752996292125
45,74,kindergarten,congruent,✅,0.5358019998153108
45,74,jail,congruent,✅,0.510542993286311
45,74,kindergarten,incongruent,✅,0.03711409010028399
45,74,jail,incongruent,✅,0.22970062194457821
45,75,interrogated,congruent,✅,0.9675253123053473
45,75,tickled,congruent,✅,0.9980296249286724
45,75,interrogated,incongruent,✅,0.24418982990980181
45,75,tickled,incongruent,✅,0.4006462411462867
45,76,sandcastle,congruent,✅,0.9205124198446379
45,76,snowman,congruent,✅,0.9934121935419298
45,76,sandcastle,incongruent,✅,0.029963643633528065
45,76,snowman,incongruent,✅,0.012627547957256739
45,77,music,congruent,✅,0.9944545503778877
45,77,pizza,congruent,✅,0.9924121586878563
45,77,music,incongruent,✅,0.026314806363033773
45,77,pizza,incongruent,✅,0.02045009574345325
45,78,playoffs,congruent,✅,0.8724553921433773
45,78,cartoon,congruent,✅,0.9272614778404543
45,78,playoffs,incongruent,✅,0.04648284521838649
45,78,cartoon,incongruent,✅,0.22375351810981559
45,79,alcoholism,congruent,✅,0.9912629708181616
45,79,academics,congruent,✅,0.8704269846074751
45,79,alcoholism,incongruent,✅,0.14834949958594273
45,79,academics,incongruent,❌,0.5476288551981561
45,8,engagement,congruent,❌,0.35539561856476715
45,8,cancer,congruent,❌,0.09107327931056225
45,8,engagement,incongruent,✅,0.03806641776306343
45,8,cancer,incongruent,✅,0.09533712380343314
45,9,terminal,congruent,✅,0.8534993372055847
45,9,classroom,congruent,✅,0.9868280148516307
45,9,terminal,incongruent,✅,0.4747723635663749
45,9,classroom,incongruent,❌,0.5274810614810432
46,0,library,congruent,❌,0.41155490893248375
46,0,refrigerator,congruent,✅,0.7660019667108178
46,0,library,incongruent,✅,0.21537715249177425
46,0,refrigerator,incongruent,✅,0.3929812425798213
46,1,disappointment,congruent,✅,0.7160458037404566
46,1,delight,congruent,❌,0.4811223024449329
46,1,disappointment,incongruent,✅,0.0694086439331686
46,1,delight,incongruent,✅,0.05702570435727147
46,10,cash,congruent,✅,0.8940879842236655
46,10,groceries,congruent,✅,0.9824224828250748
46,10,cash,incongruent,❌,0.826927300715988
46,10,groceries,incongruent,✅,0.045082618240654626
46,11,lonely,congruent,✅,0.7291109143918223
46,11,confident,congruent,✅,0.8994170970995586
46,11,lonely,incongruent,✅,0.13804309040755958
46,11,confident,incongruent,✅,0.21757727471641033
46,12,joy,congruent,✅,0.9655868194545044
46,12,outrage,congruent,❌,0.38396955014638434
46,12,joy,incongruent,✅,0.06717442148254656
46,12,outrage,incongruent,❌,0.7086311437470948
46,13,traffic,congruent,✅,0.9784741818929292
46,13,snowstorm,congruent,✅,0.6413134232032232
46,13,traffic,incongruent,✅,0.0626065920818138
46,13,snowstorm,incongruent,❌,0.7683513169614222
46,14,laughter,congruent,✅,0.9700307714338561
46,14,frustration,congruent,✅,0.9153868854904762
46,14,laughter,incongruent,✅,0.3525525107756185
46,14,frustration,incongruent,❌,0.6038664987017488
46,15,calculator,congruent,❌,0.43871118049295277
46,15,instrument,congruent,✅,0.5465624796672512
46,15,calculator,incongruent,✅,0.13342721130367788
46,15,instrument,incongruent,✅,0.279360829799707
46,16,orchestra,congruent,❌,0.33770636442794905
46,16,racers,congruent,✅,0.8957537421607693
46,16,orchestra,incongruent,✅,0.11955729516980085
46,16,racers,incongruent,✅,0.012064124776502243
46,17,retirement,congruent,✅,0.932207692389779
46,17,playdate,congruent,✅,0.9617081189518707
46,17,retirement,incongruent,✅,0.11031594812918888
46,17,playdate,incongruent,✅,0.23688598684327802
46,18,relieved,congruent,✅,0.8049178385284314
46,18,depressed,congruent,✅,0.9090480108556565
46,18,relieved,incongruent,✅,0.17333651740452263
46,18,depressed,incongruent,❌,0.697829284042175
46,19,friends,congruent,❌,0.3362427143048465
46,19,weight,congruent,✅,0.9553611614148582
46,19,friends,incongruent,❌,0.933758017288565
46,19,weight,incongruent,✅,0.06604929173813705
46,2,overcoat,congruent,✅,0.5206441104544375
46,2,sandals,congruent,❌,0.33647660129491863
46,2,overcoat,incongruent,✅,0.018690131478956304
46,2,sandals,incongruent,✅,0.02811628020301824
46,20,lipstick,congruent,✅,0.886287779189664
46,20,song,congruent,✅,0.7528214152666445
46,20,lipstick,incongruent,✅,0.4922711791612233
46,20,song,incongruent,❌,0.6874519148391941
46,21,fought,congruent,✅,0.8055845707431714
46,21,sang,congruent,✅,0.6766823887424156
46,21,fought,incongruent,✅,0.003135939769726121
46,21,sang,incongruent,✅,0.016159211944643762
46,22,skeptical,congruent,❌,0.48824343864319586
46,22,reassured,congruent,✅,0.9241177031642295
46,22,skeptical,incongruent,❌,0.722879770604769
46,22,reassured,incongruent,✅,0.28986430606249997
46,23,graduation,congruent,✅,0.9554754002628701
46,23,operation,congruent,✅,0.9095856179155188
46,23,graduation,incongruent,✅,0.27123774829332775
46,23,operation,incongruent,✅,0.02480455181834241
46,24,bride,congruent,✅,0.9421248116627057
46,24,aftermath,congruent,✅,0.975212639932502
46,24,bride,incongruent,✅,0.39350731382826604
46,24,aftermath,incongruent,✅,0.016065782555491414
46,25,teacher,congruent,✅,0.9667401773418487
46,25,daughter,congruent,✅,0.8151233521410818
46,25,teacher,incongruent,✅,0.12120222592104027
46,25,daughter,incongruent,✅,0.13090955153767844
46,26,roommate,congruent,✅,0.6268787532664333
46,26,grandma,congruent,✅,0.7587412100164993
46,26,roommate,incongruent,✅,0.08320245527176749
46,26,grandma,incongruent,✅,0.030337527853331873
46,27,brother,congruent,✅,0.9562938048551333
46,27,mother,congruent,✅,0.9466514356267997
46,27,brother,incongruent,✅,0.1460846682505796
46,27,mother,incongruent,✅,0.061242735130027155
46,28,preschool,congruent,✅,0.8740735423496456
46,28,prison,congruent,✅,0.9604479163504874
46,28,preschool,incongruent,✅,0.09899060884906759
46,28,prison,incongruent,✅,0.3652970669128911
46,29,hopeful,congruent,❌,0.30602705192186036
46,29,hopeless,congruent,✅,0.8428495246704472
46,29,hopeful,incongruent,✅,0.11361654640807886
46,29,hopeless,incongruent,✅,0.016800309003599672
46,3,marathon,congruent,✅,0.9353086758149728
46,3,exam,congruent,✅,0.8278047804692086
46,3,marathon,incongruent,✅,0.23954344228750632
46,3,exam,incongruent,✅,0.36793965896361075
46,30,appalled,congruent,✅,0.946810288729005
46,30,overjoyed,congruent,✅,0.9816690504836046
46,30,appalled,incongruent,✅,0.42637762741161067
46,30,overjoyed,incongruent,❌,0.6513436000156902
46,31,reprimand,congruent,✅,0.6269737106977737
46,31,encouragement,congruent,✅,0.9101774226466715
46,31,reprimand,incongruent,✅,0.13493462752417604
46,31,encouragement,incongruent,✅,0.08285623802188623
46,32,angrily,congruent,✅,0.9694956906060929
46,32,cordially,congruent,✅,0.9903490425941199
46,32,angrily,incongruent,✅,0.3985054639996673
46,32,cordially,incongruent,✅,0.17285401081244592
46,33,accusatory,congruent,✅,0.9519803081752921
46,33,flirtatious,congruent,✅,0.7692817026016973
46,33,accusatory,incongruent,✅,0.062064521368383245
46,33,flirtatious,incongruent,❌,0.6444616476772416
46,34,disapprovingly,congruent,✅,0.6151695156937124
46,34,lovingly,congruent,✅,0.6643855033471266
46,34,disapprovingly,incongruent,✅,0.030973413952331427
46,34,lovingly,incongruent,✅,0.04263730296410979
46,35,playful,congruent,✅,0.8718639239163376
46,35,distant,congruent,✅,0.8636069084410537
46,35,playful,incongruent,❌,0.8049668818275424
46,35,distant,incongruent,✅,0.27083039740690823
46,36,headphones,congruent,✅,0.7948759717019259
46,36,mangoes,congruent,✅,0.6317925719685259
46,36,headphones,incongruent,✅,0.18414862299784918
46,36,mangoes,incongruent,✅,0.39657277567025495
46,37,playroom,congruent,✅,0.982754098142963
46,37,park,congruent,✅,0.9232278208727585
46,37,playroom,incongruent,✅,0.0067233556590831816
46,37,park,incongruent,✅,0.07292393332461883
46,38,bedroom,congruent,✅,0.9658427061662449
46,38,backyard,congruent,✅,0.8331979452712093
46,38,bedroom,incongruent,✅,0.12384635715447233
46,38,backyard,incongruent,✅,0.0014113346939995802
46,39,solemnly,congruent,✅,0.9830169207226204
46,39,excitedly,congruent,✅,0.9607593833707557
46,39,solemnly,incongruent,❌,0.8919062611199047
46,39,excitedly,incongruent,✅,0.4264996322639489
46,4,menu,congruent,❌,0.4026896747062943
46,4,prescription,congruent,❌,0.26988427510299134
46,4,menu,incongruent,✅,0.05225837012781164
46,4,prescription,incongruent,✅,0.1313420766084164
46,40,car,congruent,❌,0.356300648292395
46,40,sock,congruent,✅,0.731172745653918
46,40,car,incongruent,✅,0.01875105137717269
46,40,sock,incongruent,✅,0.05051878871694746
46,41,overdressed,congruent,✅,0.7244101966041255
46,41,naked,congruent,❌,0.11262976242368532
46,41,overdressed,incongruent,✅,0.0029721213891073612
46,41,naked,incongruent,✅,0.10243476060856735
46,42,shy,congruent,✅,0.8012654123630694
46,42,lively,congruent,✅,0.9139835199378258
46,42,shy,incongruent,✅,0.06554612135921523
46,42,lively,incongruent,✅,0.08108745562661115
46,43,offended,congruent,✅,0.918448515076528
46,43,flattered,congruent,✅,0.6802189783269115
46,43,offended,incongruent,✅,0.07867263278065315
46,43,flattered,incongruent,✅,0.37877730146114025
46,44,grandkid,congruent,✅,0.9621780390971043
46,44,cellmate,congruent,✅,0.9639450677874676
46,44,grandkid,incongruent,✅,0.1892517532095556
46,44,cellmate,incongruent,✅,0.13229190016399253
46,45,promoted,congruent,✅,0.9804268858962428
46,45,fired,congruent,✅,0.9580357626026546
46,45,promoted,incongruent,✅,0.16012614947890355
46,45,fired,incongruent,❌,0.5875579947955013
46,46,shooting,congruent,❌,0.09056303642897998
46,46,celebration,congruent,✅,0.5378977397921156
46,46,shooting,incongruent,✅,0.018823745044067076
46,46,celebration,incongruent,✅,0.04311896324690595
46,47,crayon,congruent,❌,0.3697278248072304
46,47,beer,congruent,✅,0.8402318547409542
46,47,crayon,incongruent,✅,0.002706764389410018
46,47,beer,incongruent,✅,0.006442693235081435
46,48,waiter,congruent,✅,0.9032019526582857
46,48,taxi,congruent,✅,0.9259924862865163
46,48,waiter,incongruent,✅,0.4981641980851532
46,48,taxi,incongruent,✅,0.3239080195228936
46,49,parents,congruent,✅,0.99030293874774
46,49,keys,congruent,✅,0.9955318353972364
46,49,parents,incongruent,❌,0.9352840381557623
46,49,keys,incongruent,✅,0.03835468503865119
46,5,distress,congruent,✅,0.9665666084902336
46,5,tranquility,congruent,✅,0.9046677028287939
46,5,distress,incongruent,✅,0.011855672765873213
46,5,tranquility,incongruent,✅,0.406482226342699
46,50,sofa,congruent,✅,0.9982733502554497
46,50,sky,congruent,✅,0.9990636865085265
46,50,sofa,incongruent,✅,0.17409759493146693
46,50,sky,incongruent,✅,0.42071807638563125
46,51,obesity,congruent,❌,0.07220827352045832
46,51,homework,congruent,✅,0.8300903197726607
46,51,obesity,incongruent,✅,0.055145898984927846
46,51,homework,incongruent,✅,0.009475794432685964
46,52,quiz,congruent,✅,0.9888535891593165
46,52,commute,congruent,✅,0.9861273409696697
46,52,quiz,incongruent,✅,0.07708676505642838
46,52,commute,incongruent,✅,0.38928048445671565
46,53,migraine,congruent,✅,0.9962244994189522
46,53,excitement,congruent,✅,0.9928034615715307
46,53,migraine,incongruent,✅,0.11926468033218493
46,53,excitement,incongruent,❌,0.9003372286371565
46,54,niece,congruent,❌,0.4837874652686793
46,54,husband,congruent,✅,0.6777813002784481
46,54,niece,incongruent,✅,0.08640224322975454
46,54,husband,incongruent,✅,0.07437987542841411
46,55,film,congruent,✅,0.9636915847231237
46,55,sunrise,congruent,✅,0.9678128228811438
46,55,film,incongruent,❌,0.7589265178467911
46,55,sunrise,incongruent,✅,0.23043181778033447
46,56,lecture,congruent,✅,0.819800282899475
46,56,banquet,congruent,✅,0.5480138661173524
46,56,lecture,incongruent,✅,0.018447877856107107
46,56,banquet,incongruent,✅,0.014548437005573631
46,57,drink,congruent,✅,0.8959654518221822
46,57,textbook,congruent,✅,0.9119182505303542
46,57,drink,incongruent,✅,0.01008986807416751
46,57,textbook,incongruent,✅,0.0741119132705459
46,58,pool,congruent,✅,0.9976897385816526
46,58,snow,congruent,✅,0.9926680151139408
46,58,pool,incongruent,✅,0.14418627571953702
46,58,snow,incongruent,❌,0.679630853177314
46,59,passport,congruent,✅,0.9080933909667724
46,59,plushy,congruent,❌,0.28072883182416336
46,59,passport,incongruent,✅,0.0219908051512395
46,59,plushy,incongruent,✅,0.024845838401823347
46,6,patients,congruent,✅,0.9343669931725336
46,6,students,congruent,✅,0.9767358231331407
46,6,patients,incongruent,❌,0.6492881090815905
46,6,students,incongruent,❌,0.6460641738306993
46,60,sister,congruent,✅,0.9583404717727487
46,60,father,congruent,✅,0.7926652321560279
46,60,sister,incongruent,✅,0.04724592067340277
46,60,father,incongruent,✅,0.025788700509612947
46,61,game,congruent,✅,0.9899985979336688
46,61,sunset,congruent,✅,0.9984873344765509
46,61,game,incongruent,❌,0.5704374432929534
46,61,sunset,incongruent,✅,0.011615212719303063
46,62,holidays,congruent,✅,0.9763316885225692
46,62,funeral,congruent,✅,0.9133149466825772
46,62,holidays,incongruent,✅,0.20768426322125438
46,62,funeral,incongruent,✅,0.4612587867715748
46,63,grades,congruent,✅,0.6965399622707046
46,63,affair,congruent,✅,0.985403531456003
46,63,grades,incongruent,❌,0.5446793855523754
46,63,affair,incongruent,✅,0.027888553473465093
46,64,arrest,congruent,✅,0.9272195479207546
46,64,stroke,congruent,✅,0.5150107024791151
46,64,arrest,incongruent,✅,0.38925315067337496
46,64,stroke,incongruent,❌,0.7006960106032205
46,65,pacifier,congruent,✅,0.6518564427374134
46,65,coffee,congruent,✅,0.8008602757327603
46,65,pacifier,incongruent,✅,0.10949667056611034
46,65,coffee,incongruent,✅,0.01693445737436185
46,66,sweets,congruent,✅,0.9558121465178951
46,66,sentencing,congruent,✅,0.956468466757965
46,66,sweets,incongruent,✅,0.02039825425124998
46,66,sentencing,incongruent,✅,0.04743006939158987
46,67,nap,congruent,✅,0.9884872209761272
46,67,selfie,congruent,✅,0.9975587177181838
46,67,nap,incongruent,✅,0.059780626802332135
46,67,selfie,incongruent,✅,0.0074591135045476865
46,68,diaper,congruent,✅,0.9303442256437793
46,68,tire,congruent,✅,0.9961412818476961
46,68,diaper,incongruent,✅,0.007648452484292442
46,68,tire,incongruent,✅,0.04359224907034728
46,69,chemotherapy,congruent,✅,0.7222657438840517
46,69,golf,congruent,❌,0.24859579314309252
46,69,chemotherapy,incongruent,✅,0.006959111229061774
46,69,golf,incongruent,✅,0.08185149810242322
46,7,consensus,congruent,✅,0.9818042787974627
46,7,deadlock,congruent,✅,0.9297277029423437
46,7,consensus,incongruent,❌,0.5111577202432883
46,7,deadlock,incongruent,❌,0.719442687927727
46,70,thunder,congruent,✅,0.6031710021077534
46,70,lullaby,congruent,✅,0.8766542310743298
46,70,thunder,incongruent,✅,0.23651825488102618
46,70,lullaby,incongruent,✅,0.1070683224732748
46,71,pajamas,congruent,✅,0.9769260290804644
46,71,uniform,congruent,✅,0.7622897749385484
46,71,pajamas,incongruent,✅,0.006114869155883857
46,71,uniform,incongruent,✅,0.07761153143110387
46,72,gown,congruent,✅,0.894108205962337
46,72,sweats,congruent,✅,0.9806465308303547
46,72,gown,incongruent,✅,0.08517872132535713
46,72,sweats,incongruent,✅,0.08549620148002803
46,73,deadline,congruent,✅,0.7035783428469584
46,73,bed,congruent,✅,0.8235728839624041
46,73,deadline,incongruent,✅,0.04391218473413981
46,73,bed,incongruent,✅,0.13241282484345065
46,74,kindergarten,congruent,❌,0.39551747719667957
46,74,jail,congruent,❌,0.32298182636521805
46,74,kindergarten,incongruent,✅,0.04243198546874762
46,74,jail,incongruent,✅,0.12993812852992753
46,75,interrogated,congruent,✅,0.9586696497344218
46,75,tickled,congruent,✅,0.9972252433295715
46,75,interrogated,incongruent,✅,0.16266141703658143
46,75,tickled,incongruent,✅,0.23613423526238705
46,76,sandcastle,congruent,✅,0.9631068425845449
46,76,snowman,congruent,✅,0.9940035820961949
46,76,sandcastle,incongruent,✅,0.07026772748478122
46,76,snowman,incongruent,✅,0.017336102807672314
46,77,music,congruent,✅,0.9966040997307831
46,77,pizza,congruent,✅,0.977498192969929
46,77,music,incongruent,✅,0.016144391012792005
46,77,pizza,incongruent,✅,0.02276885207324841
46,78,playoffs,congruent,✅,0.7367441684107531
46,78,cartoon,congruent,✅,0.7966523039076014
46,78,playoffs,incongruent,✅,0.01849211310526548
46,78,cartoon,incongruent,✅,0.13969073874202378
46,79,alcoholism,congruent,✅,0.9951588293488689
46,79,academics,congruent,✅,0.9243034680541353
46,79,alcoholism,incongruent,✅,0.26194395907924967
46,79,academics,incongruent,❌,0.6794346876582957
46,8,engagement,congruent,❌,0.30824390911215094
46,8,cancer,congruent,❌,0.08673956307468807
46,8,engagement,incongruent,✅,0.031468576808925106
46,8,cancer,incongruent,✅,0.08114513808751443
46,9,terminal,congruent,✅,0.9205300097567031
46,9,classroom,congruent,✅,0.989009316779621
46,9,terminal,incongruent,❌,0.6023084853837409
46,9,classroom,incongruent,✅,0.4763108605091414
47,0,library,congruent,✅,0.5771703271498002
47,0,refrigerator,congruent,✅,0.9620323445842124
47,0,library,incongruent,✅,0.22639707358475353
47,0,refrigerator,incongruent,❌,0.7481290522512032
47,1,disappointment,congruent,✅,0.7580018366330905
47,1,delight,congruent,✅,0.585337784832127
47,1,disappointment,incongruent,✅,0.0799262175392829
47,1,delight,incongruent,✅,0.055794439711619494
47,10,cash,congruent,✅,0.9864290653105589
47,10,groceries,congruent,✅,0.9967841842884033
47,10,cash,incongruent,❌,0.9341805153916334
47,10,groceries,incongruent,✅,0.09190433489359949
47,11,lonely,congruent,✅,0.7412110783114573
47,11,confident,congruent,✅,0.9299351370187021
47,11,lonely,incongruent,✅,0.13915127647422218
47,11,confident,incongruent,✅,0.24204974303032462
47,12,joy,congruent,✅,0.928752544051151
47,12,outrage,congruent,❌,0.40578917535129677
47,12,joy,incongruent,✅,0.058528703388283386
47,12,outrage,incongruent,❌,0.6003228686958805
47,13,traffic,congruent,✅,0.8270663792071676
47,13,snowstorm,congruent,✅,0.5613520038404682
47,13,traffic,incongruent,✅,0.03718428686164367
47,13,snowstorm,incongruent,❌,0.5238378712601929
47,14,laughter,congruent,✅,0.9758100957880044
47,14,frustration,congruent,✅,0.9154018968298063
47,14,laughter,incongruent,✅,0.38643010141104595
47,14,frustration,incongruent,❌,0.5901799127712566
47,15,calculator,congruent,✅,0.5014675697592105
47,15,instrument,congruent,✅,0.5209862135306025
47,15,calculator,incongruent,✅,0.16770231174409916
47,15,instrument,incongruent,✅,0.20869386990335392
47,16,orchestra,congruent,✅,0.6037376343118643
47,16,racers,congruent,✅,0.9711211779726863
47,16,orchestra,incongruent,✅,0.38864819369239734
47,16,racers,incongruent,✅,0.03203428913642891
47,17,retirement,congruent,✅,0.9538834110047145
47,17,playdate,congruent,✅,0.9742709652267424
47,17,retirement,incongruent,✅,0.14611787989711356
47,17,playdate,incongruent,✅,0.3344056067691093
47,18,relieved,congruent,✅,0.9217184239606925
47,18,depressed,congruent,✅,0.9516801759437461
47,18,relieved,incongruent,✅,0.35284497194879505
47,18,depressed,incongruent,❌,0.8176294735224781
47,19,friends,congruent,❌,0.2479732500713913
47,19,weight,congruent,✅,0.9266858496504843
47,19,friends,incongruent,❌,0.8729521676636779
47,19,weight,incongruent,✅,0.037807860565599365
47,2,overcoat,congruent,❌,0.3551063272128598
47,2,sandals,congruent,❌,0.37946158518769796
47,2,overcoat,incongruent,✅,0.013184290386421544
47,2,sandals,incongruent,✅,0.014453738504268763
47,20,lipstick,congruent,✅,0.9240280581029887
47,20,song,congruent,✅,0.8547598276494383
47,20,lipstick,incongruent,❌,0.6296262488868877
47,20,song,incongruent,❌,0.825204951485521
47,21,fought,congruent,✅,0.8352189718548173
47,21,sang,congruent,❌,0.49591677249409094
47,21,fought,incongruent,✅,0.018818095327730922
47,21,sang,incongruent,✅,0.01860487499043225
47,22,skeptical,congruent,✅,0.7898824559334817
47,22,reassured,congruent,✅,0.9204292690293897
47,22,skeptical,incongruent,❌,0.8355930422178198
47,22,reassured,incongruent,✅,0.4511184451804008
47,23,graduation,congruent,✅,0.870200556787835
47,23,operation,congruent,✅,0.9323164617368355
47,23,graduation,incongruent,✅,0.20861920635032002
47,23,operation,incongruent,✅,0.04522249045488542
47,24,bride,congruent,✅,0.8842828809460441
47,24,aftermath,congruent,✅,0.9735506643270811
47,24,bride,incongruent,✅,0.38977348609565843
47,24,aftermath,incongruent,✅,0.013953320112239882
47,25,teacher,congruent,✅,0.9564591977701989
47,25,daughter,congruent,✅,0.8746157998669974
47,25,teacher,incongruent,✅,0.1841707137561409
47,25,daughter,incongruent,✅,0.2809490479696908
47,26,roommate,congruent,✅,0.643158272585961
47,26,grandma,congruent,✅,0.9092869937591863
47,26,roommate,incongruent,✅,0.1046513528778456
47,26,grandma,incongruent,✅,0.008077419162870298
47,27,brother,congruent,✅,0.8569082944140335
47,27,mother,congruent,✅,0.9014027062149556
47,27,brother,incongruent,✅,0.08792589204568546
47,27,mother,incongruent,✅,0.03862840292846618
47,28,preschool,congruent,✅,0.9285974118079284
47,28,prison,congruent,✅,0.9618708567743889
47,28,preschool,incongruent,✅,0.06051311679676522
47,28,prison,incongruent,✅,0.45018963734924716
47,29,hopeful,congruent,❌,0.1832448313516583
47,29,hopeless,congruent,✅,0.74008414810585
47,29,hopeful,incongruent,✅,0.03729779530955954
47,29,hopeless,incongruent,✅,0.009437525208597908
47,3,marathon,congruent,✅,0.9560961983543046
47,3,exam,congruent,✅,0.8972677628404534
47,3,marathon,incongruent,✅,0.21320326095867673
47,3,exam,incongruent,✅,0.4097738482458775
47,30,appalled,congruent,✅,0.9564596497839972
47,30,overjoyed,congruent,✅,0.9781639860484459
47,30,appalled,incongruent,❌,0.5354812106871311
47,30,overjoyed,incongruent,❌,0.7589031546616969
47,31,reprimand,congruent,✅,0.7041775564290642
47,31,encouragement,congruent,✅,0.9350173206828623
47,31,reprimand,incongruent,✅,0.1399921108226114
47,31,encouragement,incongruent,✅,0.11112541746394113
47,32,angrily,congruent,✅,0.9861127883814267
47,32,cordially,congruent,✅,0.9930017382711392
47,32,angrily,incongruent,✅,0.4982962698334542
47,32,cordially,incongruent,✅,0.1990424596242346
47,33,accusatory,congruent,✅,0.9469495029815795
47,33,flirtatious,congruent,✅,0.7408351291769337
47,33,accusatory,incongruent,✅,0.045708942240919634
47,33,flirtatious,incongruent,❌,0.5250464404225043
47,34,disapprovingly,congruent,❌,0.4809597463959868
47,34,lovingly,congruent,✅,0.7442985204816969
47,34,disapprovingly,incongruent,✅,0.04422982846818834
47,34,lovingly,incongruent,✅,0.033699048808059844
47,35,playful,congruent,✅,0.6382629890111802
47,35,distant,congruent,✅,0.8432926102949103
47,35,playful,incongruent,❌,0.7201834726242305
47,35,distant,incongruent,✅,0.11280029693421313
47,36,headphones,congruent,✅,0.9276348744358354
47,36,mangoes,congruent,✅,0.6873467960229914
47,36,headphones,incongruent,✅,0.25145198541123515
47,36,mangoes,incongruent,❌,0.5700362663126305
47,37,playroom,congruent,✅,0.9856223003976996
47,37,park,congruent,✅,0.9232172381999244
47,37,playroom,incongruent,✅,0.00639726418221134
47,37,park,incongruent,✅,0.10801351378166095
47,38,bedroom,congruent,✅,0.9708737048099243
47,38,backyard,congruent,✅,0.8682771968708702
47,38,bedroom,incongruent,✅,0.11904317316390678
47,38,backyard,incongruent,✅,0.0005628185067112044
47,39,solemnly,congruent,✅,0.903341931461928
47,39,excitedly,congruent,✅,0.9105201496534587
47,39,solemnly,incongruent,❌,0.760624583371674
47,39,excitedly,incongruent,✅,0.29291585641678886
47,4,menu,congruent,❌,0.3569905529060213
47,4,prescription,congruent,❌,0.12742792559096575
47,4,menu,incongruent,✅,0.02741024707848294
47,4,prescription,incongruent,✅,0.09149406549199203
47,40,car,congruent,✅,0.6046083501588948
47,40,sock,congruent,✅,0.869453004637548
47,40,car,incongruent,✅,0.028211356631051655
47,40,sock,incongruent,✅,0.051682167447106755
47,41,overdressed,congruent,✅,0.7550289903237059
47,41,naked,congruent,❌,0.09704798814115527
47,41,overdressed,incongruent,✅,0.007787187591058878
47,41,naked,incongruent,✅,0.06604056154063151
47,42,shy,congruent,✅,0.5477473822167175
47,42,lively,congruent,✅,0.9285754108013233
47,42,shy,incongruent,✅,0.05756741181658752
47,42,lively,incongruent,✅,0.04968007823841032
47,43,offended,congruent,✅,0.9400259499124062
47,43,flattered,congruent,✅,0.7138478929562712
47,43,offended,incongruent,✅,0.08364648562313734
47,43,flattered,incongruent,✅,0.4676111331338124
47,44,grandkid,congruent,✅,0.974475563611793
47,44,cellmate,congruent,✅,0.9608708229355531
47,44,grandkid,incongruent,✅,0.1523565134941941
47,44,cellmate,incongruent,✅,0.07885426878270398
47,45,promoted,congruent,✅,0.9965849137511074
47,45,fired,congruent,✅,0.9829572372263656
47,45,promoted,incongruent,✅,0.24302778852161594
47,45,fired,incongruent,❌,0.8494079241745806
47,46,shooting,congruent,❌,0.04178117735045624
47,46,celebration,congruent,❌,0.49679487069788414
47,46,shooting,incongruent,✅,0.00517014883426723
47,46,celebration,incongruent,✅,0.019274498981862037
47,47,crayon,congruent,❌,0.4575980450366461
47,47,beer,congruent,✅,0.8886497832319803
47,47,crayon,incongruent,✅,0.0025247995934139897
47,47,beer,incongruent,✅,0.007180415155937608
47,48,waiter,congruent,✅,0.8666224045688984
47,48,taxi,congruent,✅,0.8581264526860954
47,48,waiter,incongruent,✅,0.49655222379765146
47,48,taxi,incongruent,✅,0.22587417005571747
47,49,parents,congruent,✅,0.9755659199038034
47,49,keys,congruent,✅,0.9939779768720391
47,49,parents,incongruent,❌,0.9319786670019838
47,49,keys,incongruent,✅,0.044011960672646296
47,5,distress,congruent,✅,0.9438767211057886
47,5,tranquility,congruent,✅,0.9639217394889658
47,5,distress,incongruent,✅,0.014212026255772578
47,5,tranquility,incongruent,✅,0.41740609253321953
47,50,sofa,congruent,✅,0.9974391755649483
47,50,sky,congruent,✅,0.9965772350650456
47,50,sofa,incongruent,✅,0.11534435314628662
47,50,sky,incongruent,✅,0.3773567928576002
47,51,obesity,congruent,❌,0.10090567777070339
47,51,homework,congruent,✅,0.8697604256286497
47,51,obesity,incongruent,✅,0.04948126177563559
47,51,homework,incongruent,✅,0.013706395176988727
47,52,quiz,congruent,✅,0.9908442184047977
47,52,commute,congruent,✅,0.9730802589256242
47,52,quiz,incongruent,✅,0.053325770772940456
47,52,commute,incongruent,✅,0.32823794297640324
47,53,migraine,congruent,✅,0.9901088471228195
47,53,excitement,congruent,✅,0.9910342227460195
47,53,migraine,incongruent,✅,0.21150655668722976
47,53,excitement,incongruent,❌,0.8189188673376054
47,54,niece,congruent,✅,0.6030229674094718
47,54,husband,congruent,✅,0.7116102428301665
47,54,niece,incongruent,✅,0.14428215539566566
47,54,husband,incongruent,✅,0.17031885367119046
47,55,film,congruent,✅,0.9642142522862246
47,55,sunrise,congruent,✅,0.9664067296815603
47,55,film,incongruent,❌,0.85171634005626
47,55,sunrise,incongruent,✅,0.4460496028540492
47,56,lecture,congruent,✅,0.7570243239148013
47,56,banquet,congruent,✅,0.667252296743364
47,56,lecture,incongruent,✅,0.03001627850193664
47,56,banquet,incongruent,✅,0.01729614813342033
47,57,drink,congruent,✅,0.9429577022543496
47,57,textbook,congruent,✅,0.8996491474397605
47,57,drink,incongruent,✅,0.004474552272496796
47,57,textbook,incongruent,✅,0.1905884650905926
47,58,pool,congruent,✅,0.9984002914059539
47,58,snow,congruent,✅,0.9927441109981215
47,58,pool,incongruent,✅,0.236706493209661
47,58,snow,incongruent,❌,0.7861441002514444
47,59,passport,congruent,✅,0.9477323857560429
47,59,plushy,congruent,❌,0.2008306813208856
47,59,passport,incongruent,✅,0.02818298522279068
47,59,plushy,incongruent,✅,0.027946636724182575
47,6,patients,congruent,✅,0.9203428163278747
47,6,students,congruent,✅,0.9546693435886705
47,6,patients,incongruent,❌,0.666239205220958
47,6,students,incongruent,❌,0.6955942183028765
47,60,sister,congruent,✅,0.9550034900784478
47,60,father,congruent,✅,0.8425310382456866
47,60,sister,incongruent,✅,0.05180000467569053
47,60,father,incongruent,✅,0.04150569644427274
47,61,game,congruent,✅,0.9797238811975195
47,61,sunset,congruent,✅,0.9995112460321001
47,61,game,incongruent,❌,0.6832271395061577
47,61,sunset,incongruent,✅,0.045267693982995225
47,62,holidays,congruent,✅,0.9554806028468538
47,62,funeral,congruent,✅,0.9097776742076831
47,62,holidays,incongruent,✅,0.34684805011769004
47,62,funeral,incongruent,✅,0.3224292103016469
47,63,grades,congruent,❌,0.4258068948783523
47,63,affair,congruent,✅,0.9856571613802722
47,63,grades,incongruent,❌,0.5796419003117849
47,63,affair,incongruent,✅,0.013736164219058683
47,64,arrest,congruent,✅,0.9807606290724813
47,64,stroke,congruent,✅,0.5836788363580417
47,64,arrest,incongruent,✅,0.4729542025091948
47,64,stroke,incongruent,❌,0.897067580030687
47,65,pacifier,congruent,✅,0.7480021625452815
47,65,coffee,congruent,✅,0.617180921260763
47,65,pacifier,incongruent,✅,0.13573092031361655
47,65,coffee,incongruent,✅,0.005531259091752558
47,66,sweets,congruent,✅,0.9656434769197789
47,66,sentencing,congruent,✅,0.9725316645654275
47,66,sweets,incongruent,✅,0.01386063818294765
47,66,sentencing,incongruent,✅,0.070465120051066
47,67,nap,congruent,✅,0.9855092508675559
47,67,selfie,congruent,✅,0.9943243362927446
47,67,nap,incongruent,✅,0.04109635725254928
47,67,selfie,incongruent,✅,0.013968364900623623
47,68,diaper,congruent,✅,0.8872107442010764
47,68,tire,congruent,✅,0.9773700488375283
47,68,diaper,incongruent,✅,0.011348739428656758
47,68,tire,incongruent,✅,0.041123904839877545
47,69,chemotherapy,congruent,❌,0.45682209581855837
47,69,golf,congruent,❌,0.0880548815635038
47,69,chemotherapy,incongruent,✅,0.004022539040394316
47,69,golf,incongruent,✅,0.038458557815604984
47,7,consensus,congruent,✅,0.935209751413693
47,7,deadlock,congruent,✅,0.8603875342056712
47,7,consensus,incongruent,✅,0.280863169236649
47,7,deadlock,incongruent,✅,0.4245854652032351
47,70,thunder,congruent,✅,0.6142717335676953
47,70,lullaby,congruent,✅,0.6452204422250832
47,70,thunder,incongruent,✅,0.07395756551272221
47,70,lullaby,incongruent,✅,0.15811998061539012
47,71,pajamas,congruent,✅,0.9724419984813667
47,71,uniform,congruent,✅,0.6382782159669238
47,71,pajamas,incongruent,✅,0.0030364798486942823
47,71,uniform,incongruent,✅,0.017003485119707857
47,72,gown,congruent,✅,0.9773517322737553
47,72,sweats,congruent,✅,0.9730924098365604
47,72,gown,incongruent,✅,0.02896483094069932
47,72,sweats,incongruent,✅,0.11334698272543062
47,73,deadline,congruent,✅,0.918063468173868
47,73,bed,congruent,✅,0.8638685922710573
47,73,deadline,incongruent,✅,0.08942431585967084
47,73,bed,incongruent,✅,0.276361901623735
47,74,kindergarten,congruent,❌,0.19782458100466183
47,74,jail,congruent,❌,0.24798317802619158
47,74,kindergarten,incongruent,✅,0.02142447942595468
47,74,jail,incongruent,✅,0.04423245419600848
47,75,interrogated,congruent,✅,0.89681422788134
47,75,tickled,congruent,✅,0.9859175360036627
47,75,interrogated,incongruent,✅,0.2221368483406197
47,75,tickled,incongruent,✅,0.08803908006661901
47,76,sandcastle,congruent,✅,0.9839626467411959
47,76,snowman,congruent,✅,0.9977543287332734
47,76,sandcastle,incongruent,✅,0.07842439337602793
47,76,snowman,incongruent,✅,0.016613913921657772
47,77,music,congruent,✅,0.9969710550167775
47,77,pizza,congruent,✅,0.9739578379978763
47,77,music,incongruent,✅,0.027807838927136688
47,77,pizza,incongruent,✅,0.06602417205829819
47,78,playoffs,congruent,✅,0.880830904252953
47,78,cartoon,congruent,✅,0.525919592218233
47,78,playoffs,incongruent,✅,0.01947539752716399
47,78,cartoon,incongruent,✅,0.20516056424089635
47,79,alcoholism,congruent,✅,0.9931051468714096
47,79,academics,congruent,✅,0.9474737252193718
47,79,alcoholism,incongruent,✅,0.26749302091770966
47,79,academics,incongruent,✅,0.491859003455062
47,8,engagement,congruent,❌,0.20164387944027115
47,8,cancer,congruent,❌,0.08566910515111358
47,8,engagement,incongruent,✅,0.04005862270294679
47,8,cancer,incongruent,✅,0.03443557600056099
47,9,terminal,congruent,✅,0.904443195256119
47,9,classroom,congruent,✅,0.9861533829434199
47,9,terminal,incongruent,❌,0.710619377039628
47,9,classroom,incongruent,❌,0.7140293801794502
